scenario,analysis_segment_id,n_passages,n_agents,n_modal_edges,n_low,n_middle,n_high,p_low,p_middle,p_high,income_groups_present,H_soc,sufficient_flow,flow_ge_2,flow_ge_3,flow_ge_5,flow_ge_10,n_mode_walk,n_mode_bike,n_mode_car,n_mode_transit,modes_present,n_purpose_work,n_purpose_education,n_purpose_health,n_purpose_shopping,n_purpose_leisure,purposes_present
baseline,S_0000028,1,1,1,0,1,0,0.0,1.0,0.0,1,-0.0,False,False,False,False,False,0,0,1,0,1,0,1,0,0,0,1
baseline,S_0000029,1,1,1,0,1,0,0.0,1.0,0.0,1,-0.0,False,False,False,False,False,0,0,1,0,1,0,1,0,0,0,1
baseline,S_0000034,1,1,1,0,1,0,0.0,1.0,0.0,1,-0.0,False,False,False,False,False,0,0,1,0,1,0,1,0,0,0,1
baseline,S_0000035,1,1,1,0,1,0,0.0,1.0,0.0,1,-0.0,False,False,False,False,False,0,0,1,0,1,0,1,0,0,0,1
baseline,S_0000036,1,1,1,0,1,0,0.0,1.0,0.0,1,-0.0,False,False,False,False,False,0,0,1,0,1,0,1,0,0,0,1
baseline,S_0000037,1,1,1,0,1,0,0.0,1.0,0.0,1,-0.0,False,False,False,False,False,0,0,1,0,1,0,1,0,0,0,1
baseline,S_0000044,4,4,3,0,4,0,0.0,1.0,0.0,1,-0.0,False,True,True,False,False,0,0,1,3,2,0,2,0,1,1,3
baseline,S_0000100,1,1,1,0,1,0,0.0,1.0,0.0,1,-0.0,False,False,False,False,False,0,0,1,0,1,0,0,0,0,1,1
baseline,S_0000102,1,1,1,0,1,0,0.0,1.0,0.0,1,-0.0,False,False,False,False,False,0,0,1,0,1,0,0,0,0,1,1
baseline,S_0000107,1,1,1,1,0,0,1.0,0.0,0.0,1,-0.0,False,False,False,False,False,0,0,1,0,1,0,1,0,0,0,1
baseline,S_0000108,1,1,1,1,0,0,1.0,0.0,0.0,1,-0.0,False,False,False,False,False,0,0,1,0,1,0,1,0,0,0,1
baseline,S_0000111,1,1,1,1,0,0,1.0,0.0,0.0,1,-0.0,False,False,False,False,False,0,0,1,0,1,0,1,0,0,0,1
baseline,S_0000112,1,1,1,1,0,0,1.0,0.0,0.0,1,-0.0,False,False,False,False,False,0,0,1,0,1,0,1,0,0,0,1
baseline,S_0000114,1,1,1,1,0,0,1.0,0.0,0.0,1,-0.0,False,False,False,False,False,0,0,1,0,1,0,1,0,0,0,1
baseline,S_0000117,1,1,1,1,0,0,1.0,0.0,0.0,1,-0.0,False,False,False,False,False,0,0,0,1,1,0,0,0,0,1,1
baseline,S_0000118,1,1,1,1,0,0,1.0,0.0,0.0,1,-0.0,False,False,False,False,False,0,0,0,1,1,0,0,0,0,1,1
baseline,S_0000120,1,1,1,1,0,0,1.0,0.0,0.0,1,-0.0,False,False,False,False,False,0,0,0,1,1,0,0,0,0,1,1
baseline,S_0000170,1,1,1,0,1,0,0.0,1.0,0.0,1,-0.0,False,False,False,False,False,0,0,0,1,1,1,0,0,0,0,1
baseline,S_0000172,1,1,1,0,1,0,0.0,1.0,0.0,1,-0.0,False,False,False,False,False,0,0,0,1,1,1,0,0,0,0,1
baseline,S_0000203,1,1,1,0,1,0,0.0,1.0,0.0,1,-0.0,False,False,False,False,False,0,0,0,1,1,1,0,0,0,0,1
baseline,S_0000204,1,1,1,0,1,0,0.0,1.0,0.0,1,-0.0,False,False,False,False,False,0,0,0,1,1,1,0,0,0,0,1
baseline,S_0000205,1,1,1,0,1,0,0.0,1.0,0.0,1,-0.0,False,False,False,False,False,0,0,0,1,1,1,0,0,0,0,1
baseline,S_0000265,2,2,2,1,1,0,0.5,0.5,0.0,2,0.6309297535714574,False,True,False,False,False,0,0,0,2,1,0,0,0,1,1,2
baseline,S_0000268,1,1,1,0,1,0,0.0,1.0,0.0,1,-0.0,False,False,False,False,False,0,0,0,1,1,1,0,0,0,0,1
baseline,S_0000280,1,1,1,0,1,0,0.0,1.0,0.0,1,-0.0,False,False,False,False,False,0,1,0,0,1,0,0,0,1,0,1
baseline,S_0000281,1,1,1,0,1,0,0.0,1.0,0.0,1,-0.0,False,False,False,False,False,0,0,1,0,1,1,0,0,0,0,1
baseline,S_0000282,2,2,2,0,2,0,0.0,1.0,0.0,1,-0.0,False,True,False,False,False,0,1,1,0,2,1,0,0,1,0,2
baseline,S_0000324,2,1,2,0,1,0,0.0,1.0,0.0,1,-0.0,False,False,False,False,False,0,0,0,1,1,1,0,0,0,0,1
baseline,S_0000327,2,1,2,0,1,0,0.0,1.0,0.0,1,-0.0,False,False,False,False,False,0,0,0,1,1,1,0,0,0,0,1
baseline,S_0000355,1,1,1,0,1,0,0.0,1.0,0.0,1,-0.0,False,False,False,False,False,0,0,1,0,1,1,0,0,0,0,1
baseline,S_0000357,1,1,1,0,1,0,0.0,1.0,0.0,1,-0.0,False,False,False,False,False,0,0,1,0,1,1,0,0,0,0,1
baseline,S_0000386,1,1,1,0,1,0,0.0,1.0,0.0,1,-0.0,False,False,False,False,False,0,0,1,0,1,1,0,0,0,0,1
baseline,S_0000387,1,1,1,0,1,0,0.0,1.0,0.0,1,-0.0,False,False,False,False,False,0,0,1,0,1,1,0,0,0,0,1
baseline,S_0000424,2,2,2,0,1,1,0.0,0.5,0.5,2,0.6309297535714574,False,True,False,False,False,0,0,2,0,1,0,1,0,1,0,2
baseline,S_0000425,2,2,2,0,1,1,0.0,0.5,0.5,2,0.6309297535714574,False,True,False,False,False,0,0,2,0,1,0,1,0,1,0,2
baseline,S_0000436,1,1,1,0,1,0,0.0,1.0,0.0,1,-0.0,False,False,False,False,False,0,1,0,0,1,0,0,0,1,0,1
baseline,S_0000439,1,1,1,0,1,0,0.0,1.0,0.0,1,-0.0,False,False,False,False,False,0,1,0,0,1,0,0,0,1,0,1
baseline,S_0000455,1,1,1,0,0,1,0.0,0.0,1.0,1,-0.0,False,False,False,False,False,0,0,1,0,1,1,0,0,0,0,1
baseline,S_0000456,2,2,2,0,1,1,0.0,0.5,0.5,2,0.6309297535714574,False,True,False,False,False,0,1,1,0,2,1,0,0,1,0,2
baseline,S_0000460,2,2,2,0,1,1,0.0,0.5,0.5,2,0.6309297535714574,False,True,False,False,False,0,0,2,0,1,0,1,0,1,0,2
baseline,S_0000461,2,2,2,0,1,1,0.0,0.5,0.5,2,0.6309297535714574,False,True,False,False,False,0,0,2,0,1,0,1,0,1,0,2
baseline,S_0000470,1,1,1,0,1,0,0.0,1.0,0.0,1,-0.0,False,False,False,False,False,0,0,0,1,1,0,0,0,1,0,1
baseline,S_0000472,1,1,1,0,1,0,0.0,1.0,0.0,1,-0.0,False,False,False,False,False,0,0,0,1,1,0,0,0,1,0,1
baseline,S_0000475,1,1,1,1,0,0,1.0,0.0,0.0,1,-0.0,False,False,False,False,False,0,0,0,1,1,0,0,0,0,1,1
baseline,S_0000476,1,1,1,1,0,0,1.0,0.0,0.0,1,-0.0,False,False,False,False,False,0,0,0,1,1,0,0,0,0,1,1
baseline,S_0000477,1,1,1,1,0,0,1.0,0.0,0.0,1,-0.0,False,False,False,False,False,0,0,0,1,1,0,0,0,0,1,1
baseline,S_0000478,1,1,1,1,0,0,1.0,0.0,0.0,1,-0.0,False,False,False,False,False,0,0,0,1,1,0,0,0,0,1,1
baseline,S_0000484,1,1,1,1,0,0,1.0,0.0,0.0,1,-0.0,False,False,False,False,False,0,0,0,1,1,0,0,0,0,1,1
baseline,S_0000500,1,1,1,0,1,0,0.0,1.0,0.0,1,-0.0,False,False,False,False,False,0,0,0,1,1,0,0,0,1,0,1
baseline,S_0000505,1,1,1,1,0,0,1.0,0.0,0.0,1,-0.0,False,False,False,False,False,0,0,0,1,1,0,0,0,0,1,1
baseline,S_0000509,1,1,1,1,0,0,1.0,0.0,0.0,1,-0.0,False,False,False,False,False,0,0,0,1,1,0,0,0,0,1,1
baseline,S_0000510,1,1,1,1,0,0,1.0,0.0,0.0,1,-0.0,False,False,False,False,False,0,0,0,1,1,0,0,0,0,1,1
baseline,S_0000519,1,1,1,1,0,0,1.0,0.0,0.0,1,-0.0,False,False,False,False,False,0,0,0,1,1,0,0,0,0,1,1
baseline,S_0000535,1,1,1,0,1,0,0.0,1.0,0.0,1,-0.0,False,False,False,False,False,0,0,0,1,1,0,0,0,1,0,1
baseline,S_0000548,2,2,2,0,1,1,0.0,0.5,0.5,2,0.6309297535714574,False,True,False,False,False,0,1,1,0,2,1,0,0,1,0,2
baseline,S_0000710,1,1,1,0,1,0,0.0,1.0,0.0,1,-0.0,False,False,False,False,False,0,1,0,0,1,0,0,0,1,0,1
baseline,S_0000712,1,1,1,0,1,0,0.0,1.0,0.0,1,-0.0,False,False,False,False,False,0,1,0,0,1,0,0,0,1,0,1
baseline,S_0000715,1,1,1,0,1,0,0.0,1.0,0.0,1,-0.0,False,False,False,False,False,0,0,1,0,1,1,0,0,0,0,1
baseline,S_0000716,1,1,1,0,1,0,0.0,1.0,0.0,1,-0.0,False,False,False,False,False,0,1,0,0,1,0,0,0,1,0,1
baseline,S_0000717,2,2,2,0,2,0,0.0,1.0,0.0,1,-0.0,False,True,False,False,False,0,1,1,0,2,1,0,0,1,0,2
baseline,S_0000718,1,1,1,0,1,0,0.0,1.0,0.0,1,-0.0,False,False,False,False,False,0,1,0,0,1,0,0,0,1,0,1
baseline,S_0000721,1,1,1,0,1,0,0.0,1.0,0.0,1,-0.0,False,False,False,False,False,0,1,0,0,1,0,0,0,1,0,1
baseline,S_0000738,1,1,1,1,0,0,1.0,0.0,0.0,1,-0.0,False,False,False,False,False,0,0,1,0,1,0,1,0,0,0,1
baseline,S_0000739,1,1,1,1,0,0,1.0,0.0,0.0,1,-0.0,False,False,False,False,False,0,0,1,0,1,0,1,0,0,0,1
baseline,S_0000740,1,1,1,0,1,0,0.0,1.0,0.0,1,-0.0,False,False,False,False,False,0,0,1,0,1,1,0,0,0,0,1
baseline,S_0000741,1,1,1,0,1,0,0.0,1.0,0.0,1,-0.0,False,False,False,False,False,0,0,1,0,1,1,0,0,0,0,1
baseline,S_0000745,1,1,1,0,1,0,0.0,1.0,0.0,1,-0.0,False,False,False,False,False,0,0,1,0,1,1,0,0,0,0,1
baseline,S_0000746,1,1,1,0,1,0,0.0,1.0,0.0,1,-0.0,False,False,False,False,False,0,0,1,0,1,1,0,0,0,0,1
baseline,S_0000748,1,1,1,1,0,0,1.0,0.0,0.0,1,-0.0,False,False,False,False,False,0,0,1,0,1,0,1,0,0,0,1
baseline,S_0000749,1,1,1,1,0,0,1.0,0.0,0.0,1,-0.0,False,False,False,False,False,0,0,1,0,1,0,1,0,0,0,1
baseline,S_0000751,1,1,1,1,0,0,1.0,0.0,0.0,1,-0.0,False,False,False,False,False,0,0,1,0,1,0,1,0,0,0,1
baseline,S_0000753,1,1,1,1,0,0,1.0,0.0,0.0,1,-0.0,False,False,False,False,False,0,0,1,0,1,0,1,0,0,0,1
baseline,S_0000754,2,2,1,1,1,0,0.5,0.5,0.0,2,0.6309297535714574,False,True,False,False,False,0,0,2,0,1,1,1,0,0,0,2
baseline,S_0000755,1,1,1,1,0,0,1.0,0.0,0.0,1,-0.0,False,False,False,False,False,0,0,1,0,1,0,1,0,0,0,1
baseline,S_0000756,1,1,1,1,0,0,1.0,0.0,0.0,1,-0.0,False,False,False,False,False,0,0,1,0,1,0,1,0,0,0,1
baseline,S_0000760,1,1,1,0,1,0,0.0,1.0,0.0,1,-0.0,False,False,False,False,False,0,0,1,0,1,1,0,0,0,0,1
baseline,S_0000761,1,1,1,0,1,0,0.0,1.0,0.0,1,-0.0,False,False,False,False,False,0,0,1,0,1,1,0,0,0,0,1
baseline,S_0000768,1,1,1,1,0,0,1.0,0.0,0.0,1,-0.0,False,False,False,False,False,0,0,1,0,1,0,1,0,0,0,1
baseline,S_0000770,1,1,1,1,0,0,1.0,0.0,0.0,1,-0.0,False,False,False,False,False,0,0,1,0,1,0,1,0,0,0,1
baseline,S_0000773,1,1,1,0,1,0,0.0,1.0,0.0,1,-0.0,False,False,False,False,False,0,0,1,0,1,1,0,0,0,0,1
baseline,S_0000774,1,1,1,1,0,0,1.0,0.0,0.0,1,-0.0,False,False,False,False,False,0,0,1,0,1,0,1,0,0,0,1
baseline,S_0000775,1,1,1,1,0,0,1.0,0.0,0.0,1,-0.0,False,False,False,False,False,0,0,1,0,1,0,1,0,0,0,1
baseline,S_0000808,1,1,1,0,1,0,0.0,1.0,0.0,1,-0.0,False,False,False,False,False,0,0,1,0,1,1,0,0,0,0,1
baseline,S_0000847,1,1,1,0,1,0,0.0,1.0,0.0,1,-0.0,False,False,False,False,False,0,0,1,0,1,1,0,0,0,0,1
baseline,S_0000848,1,1,1,0,1,0,0.0,1.0,0.0,1,-0.0,False,False,False,False,False,0,0,1,0,1,1,0,0,0,0,1
baseline,S_0000857,1,1,1,0,1,0,0.0,1.0,0.0,1,-0.0,False,False,False,False,False,0,0,1,0,1,1,0,0,0,0,1
baseline,S_0000863,1,1,1,1,0,0,1.0,0.0,0.0,1,-0.0,False,False,False,False,False,0,0,1,0,1,0,1,0,0,0,1
baseline,S_0000912,2,2,2,0,2,0,0.0,1.0,0.0,1,-0.0,False,True,False,False,False,0,0,2,0,1,0,0,1,0,1,2
baseline,S_0000986,3,2,3,1,1,0,0.5,0.5,0.0,2,0.6309297535714574,False,True,False,False,False,0,0,1,1,2,0,0,0,0,2,1
baseline,S_0000987,2,2,2,1,1,0,0.5,0.5,0.0,2,0.6309297535714574,False,True,False,False,False,0,0,1,1,2,0,0,0,0,2,1
baseline,S_0000990,1,1,1,1,0,0,1.0,0.0,0.0,1,-0.0,False,False,False,False,False,0,0,0,1,1,0,0,0,0,1,1
baseline,S_0000992,1,1,1,0,1,0,0.0,1.0,0.0,1,-0.0,False,False,False,False,False,0,0,0,1,1,0,1,0,0,0,1
baseline,S_0000993,1,1,1,0,1,0,0.0,1.0,0.0,1,-0.0,False,False,False,False,False,0,0,0,1,1,0,1,0,0,0,1
baseline,S_0000994,1,1,1,0,1,0,0.0,1.0,0.0,1,-0.0,False,False,False,False,False,0,0,0,1,1,0,1,0,0,0,1
baseline,S_0001000,1,1,1,0,0,1,0.0,0.0,1.0,1,-0.0,False,False,False,False,False,0,0,1,0,1,0,0,0,1,0,1
baseline,S_0001001,2,2,2,0,1,1,0.0,0.5,0.5,2,0.6309297535714574,False,True,False,False,False,0,1,1,0,2,1,0,0,1,0,2
baseline,S_0001015,1,1,1,0,1,0,0.0,1.0,0.0,1,-0.0,False,False,False,False,False,0,1,0,0,1,1,0,0,0,0,1
baseline,S_0001017,1,1,1,0,1,0,0.0,1.0,0.0,1,-0.0,False,False,False,False,False,0,0,0,1,1,0,0,0,0,1,1
baseline,S_0001018,1,1,1,0,1,0,0.0,1.0,0.0,1,-0.0,False,False,False,False,False,0,0,0,1,1,0,0,0,0,1,1
baseline,S_0001035,1,1,1,1,0,0,1.0,0.0,0.0,1,-0.0,False,False,False,False,False,0,0,1,0,1,0,1,0,0,0,1
baseline,S_0001048,1,1,1,0,1,0,0.0,1.0,0.0,1,-0.0,False,False,False,False,False,0,0,1,0,1,0,0,0,1,0,1
baseline,S_0001055,5,5,4,2,2,1,0.4,0.4,0.2,3,0.9602297178607612,True,True,True,True,False,0,0,0,5,1,2,2,1,0,0,3
baseline,S_0001056,5,5,4,2,2,1,0.4,0.4,0.2,3,0.9602297178607612,True,True,True,True,False,0,0,0,5,1,2,2,1,0,0,3
baseline,S_0001057,1,1,1,0,1,0,0.0,1.0,0.0,1,-0.0,False,False,False,False,False,0,0,1,0,1,0,0,0,0,1,1
baseline,S_0001060,1,1,1,0,1,0,0.0,1.0,0.0,1,-0.0,False,False,False,False,False,0,0,1,0,1,0,0,0,0,1,1
baseline,S_0001061,1,1,1,1,0,0,1.0,0.0,0.0,1,-0.0,False,False,False,False,False,0,0,1,0,1,1,0,0,0,0,1
baseline,S_0001066,2,2,2,2,0,0,1.0,0.0,0.0,1,-0.0,False,True,False,False,False,0,0,0,2,1,1,0,0,1,0,2
baseline,S_0001072,1,1,1,0,1,0,0.0,1.0,0.0,1,-0.0,False,False,False,False,False,0,1,0,0,1,1,0,0,0,0,1
baseline,S_0001085,1,1,1,1,0,0,1.0,0.0,0.0,1,-0.0,False,False,False,False,False,0,0,1,0,1,0,0,0,0,1,1
baseline,S_0001086,1,1,1,1,0,0,1.0,0.0,0.0,1,-0.0,False,False,False,False,False,0,0,1,0,1,0,0,0,0,1,1
baseline,S_0001091,3,3,2,0,3,0,0.0,1.0,0.0,1,-0.0,False,True,True,False,False,0,1,2,0,2,1,0,0,0,2,2
baseline,S_0001092,3,3,2,0,3,0,0.0,1.0,0.0,1,-0.0,False,True,True,False,False,0,1,2,0,2,1,0,0,0,2,2
baseline,S_0001093,3,3,2,0,3,0,0.0,1.0,0.0,1,-0.0,False,True,True,False,False,0,1,2,0,2,1,0,0,0,2,2
baseline,S_0001097,1,1,1,0,1,0,0.0,1.0,0.0,1,-0.0,False,False,False,False,False,0,0,1,0,1,0,0,1,0,0,1
baseline,S_0001099,1,1,1,0,1,0,0.0,1.0,0.0,1,-0.0,False,False,False,False,False,0,0,1,0,1,0,0,1,0,0,1
baseline,S_0001108,2,2,2,0,0,2,0.0,0.0,1.0,1,-0.0,False,True,False,False,False,0,1,0,1,2,1,1,0,0,0,2
baseline,S_0001109,1,1,1,0,0,1,0.0,0.0,1.0,1,-0.0,False,False,False,False,False,0,1,0,0,1,1,0,0,0,0,1
baseline,S_0001111,2,2,1,0,2,0,0.0,1.0,0.0,1,-0.0,False,True,False,False,False,0,0,2,0,1,0,1,1,0,0,2
baseline,S_0001138,2,2,2,0,1,1,0.0,0.5,0.5,2,0.6309297535714574,False,True,False,False,False,0,0,0,2,1,1,1,0,0,0,2
baseline,S_0001169,1,1,1,1,0,0,1.0,0.0,0.0,1,-0.0,False,False,False,False,False,0,0,1,0,1,0,1,0,0,0,1
baseline,S_0001189,1,1,1,0,1,0,0.0,1.0,0.0,1,-0.0,False,False,False,False,False,0,1,0,0,1,0,0,0,1,0,1
baseline,S_0001202,3,2,3,1,1,0,0.5,0.5,0.0,2,0.6309297535714574,False,True,False,False,False,0,0,0,2,1,0,1,0,0,1,2
baseline,S_0001207,1,1,1,0,1,0,0.0,1.0,0.0,1,-0.0,False,False,False,False,False,0,1,0,0,1,0,0,0,1,0,1
baseline,S_0001208,1,1,1,0,1,0,0.0,1.0,0.0,1,-0.0,False,False,False,False,False,0,1,0,0,1,0,0,0,1,0,1
baseline,S_0001211,3,2,3,1,1,0,0.5,0.5,0.0,2,0.6309297535714574,False,True,False,False,False,0,0,0,2,1,0,1,0,0,1,2
baseline,S_0001213,1,1,1,0,0,1,0.0,0.0,1.0,1,-0.0,False,False,False,False,False,0,0,1,0,1,1,0,0,0,0,1
baseline,S_0001217,2,2,2,0,2,0,0.0,1.0,0.0,1,-0.0,False,True,False,False,False,0,0,0,2,1,0,0,0,2,0,1
baseline,S_0001237,3,3,3,1,1,1,0.3333333333333333,0.3333333333333333,0.3333333333333333,3,0.9999999999999998,False,True,True,False,False,0,0,0,3,1,2,0,0,0,1,2
baseline,S_0001238,4,3,4,1,1,1,0.3333333333333333,0.3333333333333333,0.3333333333333333,3,0.9999999999999998,False,True,True,False,False,0,0,0,3,1,2,0,0,0,1,2
baseline,S_0001239,3,3,3,1,1,1,0.3333333333333333,0.3333333333333333,0.3333333333333333,3,0.9999999999999998,False,True,True,False,False,0,0,0,3,1,2,0,0,0,1,2
baseline,S_0001244,4,3,4,1,1,1,0.3333333333333333,0.3333333333333333,0.3333333333333333,3,0.9999999999999998,False,True,True,False,False,0,0,0,3,1,2,0,0,0,1,2
baseline,S_0001248,3,3,1,1,2,0,0.3333333333333333,0.6666666666666666,0.0,2,0.5793801642856949,False,True,True,False,False,0,0,3,0,1,2,0,0,0,1,2
baseline,S_0001249,3,3,3,1,1,1,0.3333333333333333,0.3333333333333333,0.3333333333333333,3,0.9999999999999998,False,True,True,False,False,0,0,0,3,1,2,0,0,0,1,2
baseline,S_0001250,4,3,4,1,1,1,0.3333333333333333,0.3333333333333333,0.3333333333333333,3,0.9999999999999998,False,True,True,False,False,0,0,0,3,1,2,0,0,0,1,2
baseline,S_0001253,3,3,1,1,2,0,0.3333333333333333,0.6666666666666666,0.0,2,0.5793801642856949,False,True,True,False,False,0,0,3,0,1,2,0,0,0,1,2
baseline,S_0001255,4,3,4,1,1,1,0.3333333333333333,0.3333333333333333,0.3333333333333333,3,0.9999999999999998,False,True,True,False,False,0,0,0,3,1,2,0,0,0,1,2
baseline,S_0001257,3,3,3,1,1,1,0.3333333333333333,0.3333333333333333,0.3333333333333333,3,0.9999999999999998,False,True,True,False,False,0,0,0,3,1,2,0,0,0,1,2
baseline,S_0001259,3,3,1,1,2,0,0.3333333333333333,0.6666666666666666,0.0,2,0.5793801642856949,False,True,True,False,False,0,0,3,0,1,2,0,0,0,1,2
baseline,S_0001260,3,3,1,1,2,0,0.3333333333333333,0.6666666666666666,0.0,2,0.5793801642856949,False,True,True,False,False,0,0,3,0,1,2,0,0,0,1,2
baseline,S_0001261,2,2,2,0,2,0,0.0,1.0,0.0,1,-0.0,False,True,False,False,False,0,0,2,0,1,1,0,1,0,0,2
baseline,S_0001262,1,1,1,0,1,0,0.0,1.0,0.0,1,-0.0,False,False,False,False,False,0,0,1,0,1,0,0,1,0,0,1
baseline,S_0001277,1,1,1,0,1,0,0.0,1.0,0.0,1,-0.0,False,False,False,False,False,0,0,1,0,1,0,0,1,0,0,1
baseline,S_0001278,1,1,1,0,1,0,0.0,1.0,0.0,1,-0.0,False,False,False,False,False,0,0,1,0,1,0,0,1,0,0,1
baseline,S_0001281,1,1,1,0,1,0,0.0,1.0,0.0,1,-0.0,False,False,False,False,False,0,0,1,0,1,0,0,1,0,0,1
baseline,S_0001282,1,1,1,0,1,0,0.0,1.0,0.0,1,-0.0,False,False,False,False,False,0,0,1,0,1,0,0,1,0,0,1
baseline,S_0001287,1,1,1,0,1,0,0.0,1.0,0.0,1,-0.0,False,False,False,False,False,0,1,0,0,1,0,0,0,1,0,1
baseline,S_0001301,1,1,1,0,0,1,0.0,0.0,1.0,1,-0.0,False,False,False,False,False,0,0,1,0,1,0,0,0,1,0,1
baseline,S_0001305,1,1,1,0,0,1,0.0,0.0,1.0,1,-0.0,False,False,False,False,False,0,0,1,0,1,0,0,0,1,0,1
baseline,S_0001306,1,1,1,0,0,1,0.0,0.0,1.0,1,-0.0,False,False,False,False,False,0,0,1,0,1,0,0,0,1,0,1
baseline,S_0001322,1,1,1,0,1,0,0.0,1.0,0.0,1,-0.0,False,False,False,False,False,0,0,0,1,1,0,1,0,0,0,1
baseline,S_0001324,1,1,1,0,1,0,0.0,1.0,0.0,1,-0.0,False,False,False,False,False,0,0,0,1,1,0,1,0,0,0,1
baseline,S_0001345,1,1,1,1,0,0,1.0,0.0,0.0,1,-0.0,False,False,False,False,False,0,0,0,1,1,1,0,0,0,0,1
baseline,S_0001370,1,1,1,0,1,0,0.0,1.0,0.0,1,-0.0,False,False,False,False,False,0,0,1,0,1,0,1,0,0,0,1
baseline,S_0001400,1,1,1,0,1,0,0.0,1.0,0.0,1,-0.0,False,False,False,False,False,0,0,1,0,1,0,1,0,0,0,1
baseline,S_0001401,1,1,1,0,1,0,0.0,1.0,0.0,1,-0.0,False,False,False,False,False,0,0,1,0,1,0,1,0,0,0,1
baseline,S_0001404,2,1,2,1,0,0,1.0,0.0,0.0,1,-0.0,False,False,False,False,False,0,0,0,1,1,1,0,0,0,0,1
baseline,S_0001405,1,1,1,1,0,0,1.0,0.0,0.0,1,-0.0,False,False,False,False,False,0,0,0,1,1,1,0,0,0,0,1
baseline,S_0001408,4,4,3,2,0,2,0.5,0.0,0.5,2,0.6309297535714574,False,True,True,False,False,0,0,1,3,2,2,0,0,1,1,3
baseline,S_0001409,3,3,2,1,0,2,0.3333333333333333,0.0,0.6666666666666666,2,0.5793801642856949,False,True,True,False,False,0,0,0,3,1,1,0,0,1,1,3
baseline,S_0001414,1,1,1,0,1,0,0.0,1.0,0.0,1,-0.0,False,False,False,False,False,0,0,1,0,1,0,0,1,0,0,1
baseline,S_0001415,1,1,1,0,1,0,0.0,1.0,0.0,1,-0.0,False,False,False,False,False,0,0,1,0,1,0,0,1,0,0,1
baseline,S_0001419,1,1,1,0,1,0,0.0,1.0,0.0,1,-0.0,False,False,False,False,False,0,0,1,0,1,1,0,0,0,0,1
baseline,S_0001420,1,1,1,0,1,0,0.0,1.0,0.0,1,-0.0,False,False,False,False,False,0,0,1,0,1,1,0,0,0,0,1
baseline,S_0001421,1,1,1,0,0,1,0.0,0.0,1.0,1,-0.0,False,False,False,False,False,0,0,1,0,1,1,0,0,0,0,1
baseline,S_0001426,1,1,1,0,1,0,0.0,1.0,0.0,1,-0.0,False,False,False,False,False,0,0,1,0,1,0,0,1,0,0,1
baseline,S_0001429,1,1,1,0,1,0,0.0,1.0,0.0,1,-0.0,False,False,False,False,False,0,0,1,0,1,0,0,1,0,0,1
baseline,S_0001435,1,1,1,0,1,0,0.0,1.0,0.0,1,-0.0,False,False,False,False,False,0,1,0,0,1,0,0,0,0,1,1
baseline,S_0001436,1,1,1,0,1,0,0.0,1.0,0.0,1,-0.0,False,False,False,False,False,0,1,0,0,1,0,0,0,0,1,1
baseline,S_0001437,6,4,5,1,1,2,0.25,0.25,0.5,3,0.946394630357186,False,True,True,False,False,0,0,0,4,1,2,0,0,1,1,3
baseline,S_0001438,2,2,2,0,2,0,0.0,1.0,0.0,1,-0.0,False,True,False,False,False,0,0,2,0,1,1,0,1,0,0,2
baseline,S_0001439,1,1,1,0,1,0,0.0,1.0,0.0,1,-0.0,False,False,False,False,False,0,0,1,0,1,0,0,1,0,0,1
baseline,S_0001440,1,1,1,0,1,0,0.0,1.0,0.0,1,-0.0,False,False,False,False,False,0,0,1,0,1,0,0,1,0,0,1
baseline,S_0001459,4,4,2,1,3,0,0.25,0.75,0.0,2,0.5118595071429147,False,True,True,False,False,0,1,3,0,2,2,0,0,1,1,3
baseline,S_0001460,1,1,1,0,1,0,0.0,1.0,0.0,1,-0.0,False,False,False,False,False,0,1,0,0,1,0,0,0,1,0,1
baseline,S_0001461,1,1,1,0,1,0,0.0,1.0,0.0,1,-0.0,False,False,False,False,False,0,1,0,0,1,0,0,0,1,0,1
baseline,S_0001462,3,3,1,1,2,0,0.3333333333333333,0.6666666666666666,0.0,2,0.5793801642856949,False,True,True,False,False,0,0,3,0,1,2,0,0,0,1,2
baseline,S_0001483,1,1,1,1,0,0,1.0,0.0,0.0,1,-0.0,False,False,False,False,False,0,0,0,1,1,0,0,0,1,0,1
baseline,S_0001490,4,2,4,0,2,0,0.0,1.0,0.0,1,-0.0,False,True,False,False,False,0,1,1,0,2,1,0,0,0,1,2
baseline,S_0001491,2,2,2,0,2,0,0.0,1.0,0.0,1,-0.0,False,True,False,False,False,0,1,1,0,2,1,0,0,0,1,2
baseline,S_0001495,2,2,2,0,2,0,0.0,1.0,0.0,1,-0.0,False,True,False,False,False,0,1,1,0,2,1,0,0,0,1,2
baseline,S_0001497,3,3,3,0,1,2,0.0,0.3333333333333333,0.6666666666666666,2,0.5793801642856949,False,True,True,False,False,0,0,0,3,1,1,0,0,1,1,3
baseline,S_0001535,1,1,1,0,1,0,0.0,1.0,0.0,1,-0.0,False,False,False,False,False,0,0,1,0,1,1,0,0,0,0,1
baseline,S_0001566,1,1,1,0,1,0,0.0,1.0,0.0,1,-0.0,False,False,False,False,False,0,0,1,0,1,1,0,0,0,0,1
baseline,S_0001567,1,1,1,0,1,0,0.0,1.0,0.0,1,-0.0,False,False,False,False,False,0,0,1,0,1,1,0,0,0,0,1
baseline,S_0001637,1,1,1,0,1,0,0.0,1.0,0.0,1,-0.0,False,False,False,False,False,0,0,0,1,1,0,1,0,0,0,1
baseline,S_0001638,1,1,1,0,1,0,0.0,1.0,0.0,1,-0.0,False,False,False,False,False,0,0,0,1,1,0,1,0,0,0,1
baseline,S_0001645,1,1,1,0,1,0,0.0,1.0,0.0,1,-0.0,False,False,False,False,False,0,0,0,1,1,0,1,0,0,0,1
baseline,S_0001646,1,1,1,1,0,0,1.0,0.0,0.0,1,-0.0,False,False,False,False,False,0,1,0,0,1,0,0,1,0,0,1
baseline,S_0001648,2,2,1,1,1,0,0.5,0.5,0.0,2,0.6309297535714574,False,True,False,False,False,0,0,2,0,1,1,0,1,0,0,2
baseline,S_0001649,2,2,1,1,1,0,0.5,0.5,0.0,2,0.6309297535714574,False,True,False,False,False,0,0,2,0,1,1,0,1,0,0,2
baseline,S_0001651,1,1,1,1,0,0,1.0,0.0,0.0,1,-0.0,False,False,False,False,False,0,1,0,0,1,0,0,1,0,0,1
baseline,S_0001652,1,1,1,1,0,0,1.0,0.0,0.0,1,-0.0,False,False,False,False,False,0,1,0,0,1,0,0,1,0,0,1
baseline,S_0001654,1,1,1,1,0,0,1.0,0.0,0.0,1,-0.0,False,False,False,False,False,0,0,1,0,1,1,0,0,0,0,1
baseline,S_0001656,1,1,1,1,0,0,1.0,0.0,0.0,1,-0.0,False,False,False,False,False,0,0,1,0,1,1,0,0,0,0,1
baseline,S_0001661,2,2,1,0,2,0,0.0,1.0,0.0,1,-0.0,False,True,False,False,False,0,0,2,0,1,0,1,1,0,0,2
baseline,S_0001663,1,1,1,0,1,0,0.0,1.0,0.0,1,-0.0,False,False,False,False,False,0,0,1,0,1,0,0,1,0,0,1
baseline,S_0001664,1,1,1,1,0,0,1.0,0.0,0.0,1,-0.0,False,False,False,False,False,0,0,0,1,1,0,0,0,0,1,1
baseline,S_0001665,3,3,2,0,3,0,0.0,1.0,0.0,1,-0.0,False,True,True,False,False,0,0,0,3,1,0,1,0,1,1,3
baseline,S_0001666,3,3,2,0,3,0,0.0,1.0,0.0,1,-0.0,False,True,True,False,False,0,0,0,3,1,0,1,0,1,1,3
baseline,S_0001667,3,3,2,0,3,0,0.0,1.0,0.0,1,-0.0,False,True,True,False,False,0,0,0,3,1,0,1,0,1,1,3
baseline,S_0001668,1,1,1,1,0,0,1.0,0.0,0.0,1,-0.0,False,False,False,False,False,0,0,1,0,1,1,0,0,0,0,1
baseline,S_0001674,2,2,2,0,2,0,0.0,1.0,0.0,1,-0.0,False,True,False,False,False,0,1,1,0,2,1,0,0,0,1,2
baseline,S_0001675,2,2,2,0,2,0,0.0,1.0,0.0,1,-0.0,False,True,False,False,False,0,1,1,0,2,1,0,0,0,1,2
baseline,S_0001685,2,2,2,0,2,0,0.0,1.0,0.0,1,-0.0,False,True,False,False,False,0,1,1,0,2,1,0,0,0,1,2
baseline,S_0001687,1,1,1,0,1,0,0.0,1.0,0.0,1,-0.0,False,False,False,False,False,0,0,1,0,1,0,0,1,0,0,1
baseline,S_0001688,1,1,1,0,1,0,0.0,1.0,0.0,1,-0.0,False,False,False,False,False,0,0,1,0,1,0,0,1,0,0,1
baseline,S_0001689,1,1,1,1,0,0,1.0,0.0,0.0,1,-0.0,False,False,False,False,False,0,0,1,0,1,1,0,0,0,0,1
baseline,S_0001691,1,1,1,0,1,0,0.0,1.0,0.0,1,-0.0,False,False,False,False,False,0,0,0,1,1,0,0,0,0,1,1
baseline,S_0001692,1,1,1,0,1,0,0.0,1.0,0.0,1,-0.0,False,False,False,False,False,0,0,0,1,1,0,0,0,0,1,1
baseline,S_0001693,4,4,3,0,4,0,0.0,1.0,0.0,1,-0.0,False,True,True,False,False,0,0,1,3,2,0,2,0,1,1,3
baseline,S_0001694,3,3,2,0,3,0,0.0,1.0,0.0,1,-0.0,False,True,True,False,False,0,0,0,3,1,0,1,0,1,1,3
baseline,S_0001696,4,4,3,0,4,0,0.0,1.0,0.0,1,-0.0,False,True,True,False,False,0,0,1,3,2,0,2,0,1,1,3
baseline,S_0001697,1,1,1,1,0,0,1.0,0.0,0.0,1,-0.0,False,False,False,False,False,0,0,1,0,1,0,1,0,0,0,1
baseline,S_0001701,1,1,1,1,0,0,1.0,0.0,0.0,1,-0.0,False,False,False,False,False,0,0,1,0,1,0,1,0,0,0,1
baseline,S_0001704,1,1,1,0,1,0,0.0,1.0,0.0,1,-0.0,False,False,False,False,False,0,0,0,1,1,0,0,0,0,1,1
baseline,S_0001707,3,3,2,0,3,0,0.0,1.0,0.0,1,-0.0,False,True,True,False,False,0,1,2,0,2,1,1,0,0,1,3
baseline,S_0001708,2,2,2,0,2,0,0.0,1.0,0.0,1,-0.0,False,True,False,False,False,0,1,1,0,2,1,0,0,0,1,2
baseline,S_0001712,4,3,3,1,1,1,0.3333333333333333,0.3333333333333333,0.3333333333333333,3,0.9999999999999998,False,True,True,False,False,0,0,0,3,1,0,2,0,1,0,2
baseline,S_0001730,2,2,2,0,2,0,0.0,1.0,0.0,1,-0.0,False,True,False,False,False,0,1,1,0,2,2,0,0,0,0,1
baseline,S_0001732,2,2,2,0,2,0,0.0,1.0,0.0,1,-0.0,False,True,False,False,False,0,1,1,0,2,2,0,0,0,0,1
baseline,S_0001758,1,1,1,0,0,1,0.0,0.0,1.0,1,-0.0,False,False,False,False,False,0,0,0,1,1,0,0,0,0,1,1
baseline,S_0001759,1,1,1,0,0,1,0.0,0.0,1.0,1,-0.0,False,False,False,False,False,0,0,0,1,1,0,0,0,0,1,1
baseline,S_0001765,1,1,1,0,0,1,0.0,0.0,1.0,1,-0.0,False,False,False,False,False,0,0,0,1,1,0,0,0,0,1,1
baseline,S_0001766,1,1,1,0,0,1,0.0,0.0,1.0,1,-0.0,False,False,False,False,False,0,0,0,1,1,0,0,0,0,1,1
baseline,S_0001767,1,1,1,0,0,1,0.0,0.0,1.0,1,-0.0,False,False,False,False,False,0,0,0,1,1,0,0,0,0,1,1
baseline,S_0001768,1,1,1,0,0,1,0.0,0.0,1.0,1,-0.0,False,False,False,False,False,0,0,0,1,1,0,0,0,0,1,1
baseline,S_0001769,1,1,1,0,0,1,0.0,0.0,1.0,1,-0.0,False,False,False,False,False,0,0,0,1,1,0,0,0,0,1,1
baseline,S_0001770,6,6,5,0,6,0,0.0,1.0,0.0,1,-0.0,True,True,True,True,False,0,0,1,5,2,0,1,1,3,1,4
baseline,S_0001771,6,6,5,0,6,0,0.0,1.0,0.0,1,-0.0,True,True,True,True,False,0,0,1,5,2,0,1,1,3,1,4
baseline,S_0001782,2,2,1,0,1,1,0.0,0.5,0.5,2,0.6309297535714574,False,True,False,False,False,0,0,2,0,1,0,0,1,0,1,2
baseline,S_0001789,1,1,1,0,1,0,0.0,1.0,0.0,1,-0.0,False,False,False,False,False,0,1,0,0,1,0,0,1,0,0,1
baseline,S_0001803,6,6,4,0,6,0,0.0,1.0,0.0,1,-0.0,True,True,True,True,False,0,0,2,4,2,1,2,0,2,1,4
baseline,S_0001831,1,1,1,0,1,0,0.0,1.0,0.0,1,-0.0,False,False,False,False,False,0,0,1,0,1,1,0,0,0,0,1
baseline,S_0001843,1,1,1,0,1,0,0.0,1.0,0.0,1,-0.0,False,False,False,False,False,0,0,1,0,1,1,0,0,0,0,1
baseline,S_0001844,1,1,1,0,1,0,0.0,1.0,0.0,1,-0.0,False,False,False,False,False,0,0,1,0,1,1,0,0,0,0,1
baseline,S_0001849,1,1,1,0,1,0,0.0,1.0,0.0,1,-0.0,False,False,False,False,False,0,0,1,0,1,0,0,0,1,0,1
baseline,S_0001874,2,2,2,0,1,1,0.0,0.5,0.5,2,0.6309297535714574,False,True,False,False,False,0,0,0,2,1,0,0,0,1,1,2
baseline,S_0001875,1,1,1,0,1,0,0.0,1.0,0.0,1,-0.0,False,False,False,False,False,0,0,1,0,1,1,0,0,0,0,1
baseline,S_0001877,4,4,3,0,4,0,0.0,1.0,0.0,1,-0.0,False,True,True,False,False,0,0,1,3,2,0,2,0,1,1,3
baseline,S_0001958,1,1,1,0,1,0,0.0,1.0,0.0,1,-0.0,False,False,False,False,False,0,0,0,1,1,0,0,0,1,0,1
baseline,S_0001972,1,1,1,0,1,0,0.0,1.0,0.0,1,-0.0,False,False,False,False,False,0,0,1,0,1,0,0,0,0,1,1
baseline,S_0001975,1,1,1,1,0,0,1.0,0.0,0.0,1,-0.0,False,False,False,False,False,0,0,1,0,1,1,0,0,0,0,1
baseline,S_0001999,2,2,2,0,1,1,0.0,0.5,0.5,2,0.6309297535714574,False,True,False,False,False,0,0,2,0,1,0,1,0,1,0,2
baseline,S_0002000,3,3,2,0,2,1,0.0,0.6666666666666666,0.3333333333333333,2,0.5793801642856949,False,True,True,False,False,0,0,3,0,1,0,1,0,1,1,3
baseline,S_0002001,1,1,1,0,1,0,0.0,1.0,0.0,1,-0.0,False,False,False,False,False,0,0,1,0,1,0,0,0,0,1,1
baseline,S_0002002,1,1,1,0,1,0,0.0,1.0,0.0,1,-0.0,False,False,False,False,False,0,0,0,1,1,1,0,0,0,0,1
baseline,S_0002135,1,1,1,0,0,1,0.0,0.0,1.0,1,-0.0,False,False,False,False,False,1,0,0,0,1,1,0,0,0,0,1
baseline,S_0002138,1,1,1,0,1,0,0.0,1.0,0.0,1,-0.0,False,False,False,False,False,0,0,1,0,1,0,0,0,1,0,1
baseline,S_0002185,1,1,1,1,0,0,1.0,0.0,0.0,1,-0.0,False,False,False,False,False,0,0,1,0,1,0,1,0,0,0,1
baseline,S_0002205,1,1,1,0,1,0,0.0,1.0,0.0,1,-0.0,False,False,False,False,False,0,0,0,1,1,0,0,0,1,0,1
baseline,S_0002221,1,1,1,0,1,0,0.0,1.0,0.0,1,-0.0,False,False,False,False,False,0,0,1,0,1,0,0,0,0,1,1
baseline,S_0002222,1,1,1,0,1,0,0.0,1.0,0.0,1,-0.0,False,False,False,False,False,0,0,1,0,1,0,0,0,0,1,1
baseline,S_0002226,1,1,1,0,1,0,0.0,1.0,0.0,1,-0.0,False,False,False,False,False,0,0,1,0,1,0,0,0,0,1,1
baseline,S_0002227,1,1,1,0,1,0,0.0,1.0,0.0,1,-0.0,False,False,False,False,False,0,0,1,0,1,0,0,0,0,1,1
baseline,S_0002235,1,1,1,0,1,0,0.0,1.0,0.0,1,-0.0,False,False,False,False,False,0,0,1,0,1,1,0,0,0,0,1
baseline,S_0002240,1,1,1,0,1,0,0.0,1.0,0.0,1,-0.0,False,False,False,False,False,0,0,0,1,1,1,0,0,0,0,1
baseline,S_0002246,3,3,1,1,2,0,0.3333333333333333,0.6666666666666666,0.0,2,0.5793801642856949,False,True,True,False,False,0,0,3,0,1,2,0,0,0,1,2
baseline,S_0002260,1,1,1,0,1,0,0.0,1.0,0.0,1,-0.0,False,False,False,False,False,0,0,0,1,1,0,0,0,0,1,1
baseline,S_0002275,1,1,1,0,1,0,0.0,1.0,0.0,1,-0.0,False,False,False,False,False,0,0,1,0,1,0,0,1,0,0,1
baseline,S_0002276,1,1,1,0,1,0,0.0,1.0,0.0,1,-0.0,False,False,False,False,False,0,0,1,0,1,0,0,1,0,0,1
baseline,S_0002290,1,1,1,0,1,0,0.0,1.0,0.0,1,-0.0,False,False,False,False,False,0,0,1,0,1,0,0,1,0,0,1
baseline,S_0002292,1,1,1,0,1,0,0.0,1.0,0.0,1,-0.0,False,False,False,False,False,0,0,1,0,1,0,0,1,0,0,1
baseline,S_0002330,2,1,2,0,0,1,0.0,0.0,1.0,1,-0.0,False,False,False,False,False,0,0,0,1,1,0,1,0,0,0,1
baseline,S_0002331,2,1,2,0,0,1,0.0,0.0,1.0,1,-0.0,False,False,False,False,False,0,0,0,1,1,0,1,0,0,0,1
baseline,S_0002332,2,1,2,0,0,1,0.0,0.0,1.0,1,-0.0,False,False,False,False,False,0,0,0,1,1,0,1,0,0,0,1
baseline,S_0002334,1,1,1,0,0,1,0.0,0.0,1.0,1,-0.0,False,False,False,False,False,0,0,0,1,1,0,1,0,0,0,1
baseline,S_0002336,1,1,1,0,0,1,0.0,0.0,1.0,1,-0.0,False,False,False,False,False,0,0,0,1,1,0,1,0,0,0,1
baseline,S_0002337,1,1,1,0,0,1,0.0,0.0,1.0,1,-0.0,False,False,False,False,False,0,0,0,1,1,0,1,0,0,0,1
baseline,S_0002341,1,1,1,0,0,1,0.0,0.0,1.0,1,-0.0,False,False,False,False,False,0,0,0,1,1,0,1,0,0,0,1
baseline,S_0002342,1,1,1,0,0,1,0.0,0.0,1.0,1,-0.0,False,False,False,False,False,0,0,0,1,1,0,1,0,0,0,1
baseline,S_0002353,1,1,1,0,0,1,0.0,0.0,1.0,1,-0.0,False,False,False,False,False,0,0,0,1,1,0,1,0,0,0,1
baseline,S_0002354,1,1,1,0,0,1,0.0,0.0,1.0,1,-0.0,False,False,False,False,False,0,0,0,1,1,0,1,0,0,0,1
baseline,S_0002359,2,1,2,0,0,1,0.0,0.0,1.0,1,-0.0,False,False,False,False,False,0,0,0,1,1,0,1,0,0,0,1
baseline,S_0002360,1,1,1,0,0,1,0.0,0.0,1.0,1,-0.0,False,False,False,False,False,0,0,0,1,1,0,1,0,0,0,1
baseline,S_0002372,4,3,4,1,2,0,0.3333333333333333,0.6666666666666666,0.0,2,0.5793801642856949,False,True,True,False,False,0,0,0,3,1,1,1,0,0,1,3
baseline,S_0002376,1,1,1,0,1,0,0.0,1.0,0.0,1,-0.0,False,False,False,False,False,0,0,1,0,1,1,0,0,0,0,1
baseline,S_0002408,1,1,1,1,0,0,1.0,0.0,0.0,1,-0.0,False,False,False,False,False,0,0,0,1,1,0,0,0,0,1,1
baseline,S_0002409,1,1,1,1,0,0,1.0,0.0,0.0,1,-0.0,False,False,False,False,False,0,0,0,1,1,0,0,0,0,1,1
baseline,S_0002411,1,1,1,1,0,0,1.0,0.0,0.0,1,-0.0,False,False,False,False,False,0,0,0,1,1,0,0,0,0,1,1
baseline,S_0002413,1,1,1,1,0,0,1.0,0.0,0.0,1,-0.0,False,False,False,False,False,0,0,0,1,1,0,0,0,0,1,1
baseline,S_0002497,1,1,1,1,0,0,1.0,0.0,0.0,1,-0.0,False,False,False,False,False,0,1,0,0,1,0,0,1,0,0,1
baseline,S_0002499,3,3,2,0,3,0,0.0,1.0,0.0,1,-0.0,False,True,True,False,False,0,0,3,0,1,1,0,0,2,0,2
baseline,S_0002528,1,1,1,0,1,0,0.0,1.0,0.0,1,-0.0,False,False,False,False,False,0,0,1,0,1,1,0,0,0,0,1
baseline,S_0002537,1,1,1,0,1,0,0.0,1.0,0.0,1,-0.0,False,False,False,False,False,0,0,1,0,1,1,0,0,0,0,1
baseline,S_0002545,2,2,1,0,2,0,0.0,1.0,0.0,1,-0.0,False,True,False,False,False,0,0,2,0,1,0,0,0,1,1,2
baseline,S_0002555,1,1,1,0,1,0,0.0,1.0,0.0,1,-0.0,False,False,False,False,False,0,0,0,1,1,0,0,0,1,0,1
baseline,S_0002558,1,1,1,0,1,0,0.0,1.0,0.0,1,-0.0,False,False,False,False,False,0,0,1,0,1,0,1,0,0,0,1
baseline,S_0002583,1,1,1,0,1,0,0.0,1.0,0.0,1,-0.0,False,False,False,False,False,0,0,1,0,1,0,0,1,0,0,1
baseline,S_0002584,2,2,2,0,2,0,0.0,1.0,0.0,1,-0.0,False,True,False,False,False,0,0,2,0,1,0,0,1,0,1,2
baseline,S_0002598,1,1,1,0,1,0,0.0,1.0,0.0,1,-0.0,False,False,False,False,False,0,0,1,0,1,0,0,0,1,0,1
baseline,S_0002600,1,1,1,0,1,0,0.0,1.0,0.0,1,-0.0,False,False,False,False,False,0,0,1,0,1,0,0,0,0,1,1
baseline,S_0002601,1,1,1,0,1,0,0.0,1.0,0.0,1,-0.0,False,False,False,False,False,0,0,1,0,1,0,0,0,0,1,1
baseline,S_0002603,1,1,1,0,1,0,0.0,1.0,0.0,1,-0.0,False,False,False,False,False,0,0,1,0,1,0,0,0,0,1,1
baseline,S_0002605,1,1,1,0,1,0,0.0,1.0,0.0,1,-0.0,False,False,False,False,False,0,0,1,0,1,0,0,0,0,1,1
baseline,S_0002607,1,1,1,0,1,0,0.0,1.0,0.0,1,-0.0,False,False,False,False,False,0,0,1,0,1,0,0,0,0,1,1
baseline,S_0002608,1,1,1,0,1,0,0.0,1.0,0.0,1,-0.0,False,False,False,False,False,0,0,1,0,1,0,0,0,0,1,1
baseline,S_0002609,1,1,1,0,1,0,0.0,1.0,0.0,1,-0.0,False,False,False,False,False,0,0,1,0,1,0,0,0,0,1,1
baseline,S_0002610,1,1,1,0,1,0,0.0,1.0,0.0,1,-0.0,False,False,False,False,False,0,0,1,0,1,0,0,0,0,1,1
baseline,S_0002614,1,1,1,0,1,0,0.0,1.0,0.0,1,-0.0,False,False,False,False,False,0,0,1,0,1,0,0,0,0,1,1
baseline,S_0002618,1,1,1,0,1,0,0.0,1.0,0.0,1,-0.0,False,False,False,False,False,0,0,1,0,1,0,0,0,0,1,1
baseline,S_0002621,1,1,1,0,1,0,0.0,1.0,0.0,1,-0.0,False,False,False,False,False,0,0,1,0,1,0,0,0,0,1,1
baseline,S_0002624,1,1,1,0,1,0,0.0,1.0,0.0,1,-0.0,False,False,False,False,False,0,0,1,0,1,0,0,0,0,1,1
baseline,S_0002628,2,2,1,0,2,0,0.0,1.0,0.0,1,-0.0,False,True,False,False,False,0,0,2,0,1,0,0,0,1,1,2
baseline,S_0002646,1,1,1,0,1,0,0.0,1.0,0.0,1,-0.0,False,False,False,False,False,0,0,1,0,1,0,0,0,0,1,1
baseline,S_0002690,2,2,2,0,1,1,0.0,0.5,0.5,2,0.6309297535714574,False,True,False,False,False,0,0,0,2,1,2,0,0,0,0,1
baseline,S_0002707,1,1,1,0,1,0,0.0,1.0,0.0,1,-0.0,False,False,False,False,False,0,0,0,1,1,0,1,0,0,0,1
baseline,S_0002751,1,1,1,0,1,0,0.0,1.0,0.0,1,-0.0,False,False,False,False,False,0,1,0,0,1,1,0,0,0,0,1
baseline,S_0002798,2,1,2,0,0,1,0.0,0.0,1.0,1,-0.0,False,False,False,False,False,0,0,0,1,1,0,1,0,0,0,1
baseline,S_0002804,1,1,1,0,1,0,0.0,1.0,0.0,1,-0.0,False,False,False,False,False,0,0,1,0,1,0,0,0,1,0,1
baseline,S_0002856,2,2,2,0,2,0,0.0,1.0,0.0,1,-0.0,False,True,False,False,False,0,1,1,0,2,2,0,0,0,0,1
baseline,S_0002863,1,1,1,0,1,0,0.0,1.0,0.0,1,-0.0,False,False,False,False,False,0,0,1,0,1,0,1,0,0,0,1
baseline,S_0002864,1,1,1,0,1,0,0.0,1.0,0.0,1,-0.0,False,False,False,False,False,0,0,1,0,1,0,1,0,0,0,1
baseline,S_0002867,1,1,1,0,1,0,0.0,1.0,0.0,1,-0.0,False,False,False,False,False,0,0,1,0,1,0,1,0,0,0,1
baseline,S_0002868,1,1,1,0,1,0,0.0,1.0,0.0,1,-0.0,False,False,False,False,False,0,0,1,0,1,0,1,0,0,0,1
baseline,S_0002875,1,1,1,1,0,0,1.0,0.0,0.0,1,-0.0,False,False,False,False,False,0,0,1,0,1,1,0,0,0,0,1
baseline,S_0002882,1,1,1,1,0,0,1.0,0.0,0.0,1,-0.0,False,False,False,False,False,0,0,1,0,1,1,0,0,0,0,1
baseline,S_0002883,1,1,1,1,0,0,1.0,0.0,0.0,1,-0.0,False,False,False,False,False,0,0,1,0,1,1,0,0,0,0,1
baseline,S_0002893,1,1,1,0,1,0,0.0,1.0,0.0,1,-0.0,False,False,False,False,False,0,0,1,0,1,0,0,1,0,0,1
baseline,S_0002948,1,1,1,0,1,0,0.0,1.0,0.0,1,-0.0,False,False,False,False,False,0,0,0,1,1,1,0,0,0,0,1
baseline,S_0002949,1,1,1,1,0,0,1.0,0.0,0.0,1,-0.0,False,False,False,False,False,0,0,1,0,1,0,0,0,0,1,1
baseline,S_0002952,2,2,2,0,1,1,0.0,0.5,0.5,2,0.6309297535714574,False,True,False,False,False,0,1,1,0,2,1,0,0,1,0,2
baseline,S_0002981,1,1,1,0,1,0,0.0,1.0,0.0,1,-0.0,False,False,False,False,False,0,0,1,0,1,1,0,0,0,0,1
baseline,S_0003003,1,1,1,0,0,1,0.0,0.0,1.0,1,-0.0,False,False,False,False,False,0,0,1,0,1,1,0,0,0,0,1
baseline,S_0003037,1,1,1,0,1,0,0.0,1.0,0.0,1,-0.0,False,False,False,False,False,0,0,1,0,1,0,0,0,0,1,1
baseline,S_0003038,1,1,1,0,1,0,0.0,1.0,0.0,1,-0.0,False,False,False,False,False,0,0,1,0,1,0,0,0,0,1,1
baseline,S_0003039,1,1,1,0,1,0,0.0,1.0,0.0,1,-0.0,False,False,False,False,False,0,0,1,0,1,0,0,0,0,1,1
baseline,S_0003040,1,1,1,0,1,0,0.0,1.0,0.0,1,-0.0,False,False,False,False,False,0,1,0,0,1,0,0,0,1,0,1
baseline,S_0003041,1,1,1,0,1,0,0.0,1.0,0.0,1,-0.0,False,False,False,False,False,0,1,0,0,1,0,0,0,1,0,1
baseline,S_0003123,1,1,1,0,1,0,0.0,1.0,0.0,1,-0.0,False,False,False,False,False,0,0,1,0,1,0,0,0,0,1,1
baseline,S_0003125,1,1,1,0,1,0,0.0,1.0,0.0,1,-0.0,False,False,False,False,False,0,0,1,0,1,0,0,0,0,1,1
baseline,S_0003148,2,1,2,0,1,0,0.0,1.0,0.0,1,-0.0,False,False,False,False,False,0,0,0,1,1,1,0,0,0,0,1
baseline,S_0003151,1,1,1,0,1,0,0.0,1.0,0.0,1,-0.0,False,False,False,False,False,0,0,1,0,1,0,0,0,0,1,1
baseline,S_0003152,1,1,1,0,1,0,0.0,1.0,0.0,1,-0.0,False,False,False,False,False,0,0,1,0,1,0,0,0,0,1,1
baseline,S_0003192,1,1,1,0,1,0,0.0,1.0,0.0,1,-0.0,False,False,False,False,False,0,0,1,0,1,0,0,0,0,1,1
baseline,S_0003193,2,1,2,0,1,0,0.0,1.0,0.0,1,-0.0,False,False,False,False,False,0,0,0,1,1,1,0,0,0,0,1
baseline,S_0003194,2,1,2,0,1,0,0.0,1.0,0.0,1,-0.0,False,False,False,False,False,0,0,0,1,1,1,0,0,0,0,1
baseline,S_0003245,1,1,1,0,1,0,0.0,1.0,0.0,1,-0.0,False,False,False,False,False,0,0,0,1,1,0,0,0,0,1,1
baseline,S_0003254,1,1,1,0,1,0,0.0,1.0,0.0,1,-0.0,False,False,False,False,False,0,0,0,1,1,0,0,0,0,1,1
baseline,S_0003273,1,1,1,0,1,0,0.0,1.0,0.0,1,-0.0,False,False,False,False,False,0,0,0,1,1,0,0,0,0,1,1
baseline,S_0003290,1,1,1,0,1,0,0.0,1.0,0.0,1,-0.0,False,False,False,False,False,0,0,0,1,1,0,0,0,0,1,1
baseline,S_0003294,7,7,4,1,4,2,0.14285714285714285,0.5714285714285714,0.2857142857142857,3,0.8699155297736259,True,True,True,True,False,0,0,3,4,2,1,4,1,1,0,4
baseline,S_0003313,1,1,1,0,1,0,0.0,1.0,0.0,1,-0.0,False,False,False,False,False,0,0,0,1,1,0,0,0,0,1,1
baseline,S_0003317,2,2,2,0,1,1,0.0,0.5,0.5,2,0.6309297535714574,False,True,False,False,False,0,0,2,0,1,0,1,0,1,0,2
baseline,S_0003318,2,2,2,0,1,1,0.0,0.5,0.5,2,0.6309297535714574,False,True,False,False,False,0,0,2,0,1,0,1,0,1,0,2
baseline,S_0003326,1,1,1,0,0,1,0.0,0.0,1.0,1,-0.0,False,False,False,False,False,0,0,1,0,1,1,0,0,0,0,1
baseline,S_0003328,1,1,1,0,0,1,0.0,0.0,1.0,1,-0.0,False,False,False,False,False,0,0,1,0,1,1,0,0,0,0,1
baseline,S_0003329,2,2,2,0,1,1,0.0,0.5,0.5,2,0.6309297535714574,False,True,False,False,False,0,0,2,0,1,0,1,0,1,0,2
baseline,S_0003330,1,1,1,0,0,1,0.0,0.0,1.0,1,-0.0,False,False,False,False,False,0,0,1,0,1,1,0,0,0,0,1
baseline,S_0003332,1,1,1,0,0,1,0.0,0.0,1.0,1,-0.0,False,False,False,False,False,0,0,1,0,1,1,0,0,0,0,1
baseline,S_0003346,1,1,1,0,1,0,0.0,1.0,0.0,1,-0.0,False,False,False,False,False,0,0,1,0,1,0,1,0,0,0,1
baseline,S_0003358,1,1,1,0,1,0,0.0,1.0,0.0,1,-0.0,False,False,False,False,False,0,0,1,0,1,0,0,0,1,0,1
baseline,S_0003360,1,1,1,0,1,0,0.0,1.0,0.0,1,-0.0,False,False,False,False,False,0,0,1,0,1,0,0,0,1,0,1
baseline,S_0003367,1,1,1,0,1,0,0.0,1.0,0.0,1,-0.0,False,False,False,False,False,0,0,1,0,1,0,1,0,0,0,1
baseline,S_0003376,2,2,2,0,1,1,0.0,0.5,0.5,2,0.6309297535714574,False,True,False,False,False,0,0,2,0,1,0,1,0,1,0,2
baseline,S_0003377,2,2,2,0,1,1,0.0,0.5,0.5,2,0.6309297535714574,False,True,False,False,False,0,0,2,0,1,0,1,0,1,0,2
baseline,S_0003381,1,1,1,0,1,0,0.0,1.0,0.0,1,-0.0,False,False,False,False,False,0,0,1,0,1,0,0,0,1,0,1
baseline,S_0003382,1,1,1,0,1,0,0.0,1.0,0.0,1,-0.0,False,False,False,False,False,0,0,1,0,1,0,0,0,1,0,1
baseline,S_0003384,2,2,2,0,1,1,0.0,0.5,0.5,2,0.6309297535714574,False,True,False,False,False,0,0,2,0,1,0,1,0,1,0,2
baseline,S_0003388,2,2,2,0,1,1,0.0,0.5,0.5,2,0.6309297535714574,False,True,False,False,False,0,0,2,0,1,0,1,0,1,0,2
baseline,S_0003394,2,2,2,0,1,1,0.0,0.5,0.5,2,0.6309297535714574,False,True,False,False,False,0,0,2,0,1,0,1,0,1,0,2
baseline,S_0003410,1,1,1,0,1,0,0.0,1.0,0.0,1,-0.0,False,False,False,False,False,0,0,1,0,1,0,0,0,0,1,1
baseline,S_0003411,1,1,1,0,1,0,0.0,1.0,0.0,1,-0.0,False,False,False,False,False,0,0,1,0,1,0,0,0,0,1,1
baseline,S_0003412,1,1,1,0,1,0,0.0,1.0,0.0,1,-0.0,False,False,False,False,False,0,0,1,0,1,0,0,0,0,1,1
baseline,S_0003413,1,1,1,0,1,0,0.0,1.0,0.0,1,-0.0,False,False,False,False,False,0,0,1,0,1,0,0,0,0,1,1
baseline,S_0003427,1,1,1,0,1,0,0.0,1.0,0.0,1,-0.0,False,False,False,False,False,0,0,1,0,1,0,0,0,0,1,1
baseline,S_0003429,1,1,1,0,1,0,0.0,1.0,0.0,1,-0.0,False,False,False,False,False,0,0,1,0,1,0,0,0,0,1,1
baseline,S_0003430,1,1,1,0,1,0,0.0,1.0,0.0,1,-0.0,False,False,False,False,False,0,0,1,0,1,1,0,0,0,0,1
baseline,S_0003432,1,1,1,0,1,0,0.0,1.0,0.0,1,-0.0,False,False,False,False,False,0,0,1,0,1,1,0,0,0,0,1
baseline,S_0003434,1,1,1,0,1,0,0.0,1.0,0.0,1,-0.0,False,False,False,False,False,0,0,1,0,1,1,0,0,0,0,1
baseline,S_0003442,2,2,2,1,1,0,0.5,0.5,0.0,2,0.6309297535714574,False,True,False,False,False,0,0,2,0,1,0,1,0,0,1,2
baseline,S_0003443,2,2,2,1,1,0,0.5,0.5,0.0,2,0.6309297535714574,False,True,False,False,False,0,0,2,0,1,0,1,0,0,1,2
baseline,S_0003448,1,1,1,0,1,0,0.0,1.0,0.0,1,-0.0,False,False,False,False,False,0,0,1,0,1,1,0,0,0,0,1
baseline,S_0003449,1,1,1,0,1,0,0.0,1.0,0.0,1,-0.0,False,False,False,False,False,0,0,1,0,1,1,0,0,0,0,1
baseline,S_0003453,2,2,2,1,1,0,0.5,0.5,0.0,2,0.6309297535714574,False,True,False,False,False,0,0,2,0,1,0,1,0,0,1,2
baseline,S_0003455,2,2,2,1,1,0,0.5,0.5,0.0,2,0.6309297535714574,False,True,False,False,False,0,0,2,0,1,0,1,0,0,1,2
baseline,S_0003460,1,1,1,1,0,0,1.0,0.0,0.0,1,-0.0,False,False,False,False,False,0,0,1,0,1,0,1,0,0,0,1
baseline,S_0003461,2,2,2,1,1,0,0.5,0.5,0.0,2,0.6309297535714574,False,True,False,False,False,0,0,2,0,1,0,1,0,0,1,2
baseline,S_0003462,1,1,1,0,1,0,0.0,1.0,0.0,1,-0.0,False,False,False,False,False,0,0,1,0,1,0,0,0,0,1,1
baseline,S_0003466,1,1,1,1,0,0,1.0,0.0,0.0,1,-0.0,False,False,False,False,False,0,0,1,0,1,0,1,0,0,0,1
baseline,S_0003468,1,1,1,1,0,0,1.0,0.0,0.0,1,-0.0,False,False,False,False,False,0,0,1,0,1,0,1,0,0,0,1
baseline,S_0003485,1,1,1,1,0,0,1.0,0.0,0.0,1,-0.0,False,False,False,False,False,0,0,1,0,1,0,1,0,0,0,1
baseline,S_0003488,1,1,1,1,0,0,1.0,0.0,0.0,1,-0.0,False,False,False,False,False,0,0,1,0,1,0,1,0,0,0,1
baseline,S_0003491,1,1,1,0,1,0,0.0,1.0,0.0,1,-0.0,False,False,False,False,False,0,0,1,0,1,1,0,0,0,0,1
baseline,S_0003492,1,1,1,0,1,0,0.0,1.0,0.0,1,-0.0,False,False,False,False,False,0,0,1,0,1,1,0,0,0,0,1
baseline,S_0003494,1,1,1,0,1,0,0.0,1.0,0.0,1,-0.0,False,False,False,False,False,0,0,1,0,1,1,0,0,0,0,1
baseline,S_0003496,1,1,1,0,1,0,0.0,1.0,0.0,1,-0.0,False,False,False,False,False,0,0,1,0,1,1,0,0,0,0,1
baseline,S_0003505,1,1,1,1,0,0,1.0,0.0,0.0,1,-0.0,False,False,False,False,False,0,0,1,0,1,0,1,0,0,0,1
baseline,S_0003506,1,1,1,1,0,0,1.0,0.0,0.0,1,-0.0,False,False,False,False,False,0,0,1,0,1,0,1,0,0,0,1
baseline,S_0003653,1,1,1,0,0,1,0.0,0.0,1.0,1,-0.0,False,False,False,False,False,0,0,1,0,1,0,1,0,0,0,1
baseline,S_0003741,1,1,1,1,0,0,1.0,0.0,0.0,1,-0.0,False,False,False,False,False,0,0,0,1,1,0,0,0,0,1,1
baseline,S_0003746,1,1,1,0,1,0,0.0,1.0,0.0,1,-0.0,False,False,False,False,False,0,0,1,0,1,0,1,0,0,0,1
baseline,S_0003818,1,1,1,0,1,0,0.0,1.0,0.0,1,-0.0,False,False,False,False,False,0,0,1,0,1,0,0,0,1,0,1
baseline,S_0003819,1,1,1,0,0,1,0.0,0.0,1.0,1,-0.0,False,False,False,False,False,0,0,1,0,1,0,1,0,0,0,1
baseline,S_0003851,1,1,1,0,0,1,0.0,0.0,1.0,1,-0.0,False,False,False,False,False,0,0,1,0,1,0,1,0,0,0,1
baseline,S_0003853,1,1,1,0,0,1,0.0,0.0,1.0,1,-0.0,False,False,False,False,False,0,0,1,0,1,0,1,0,0,0,1
baseline,S_0003867,1,1,1,0,0,1,0.0,0.0,1.0,1,-0.0,False,False,False,False,False,0,0,1,0,1,0,1,0,0,0,1
baseline,S_0003869,1,1,1,0,0,1,0.0,0.0,1.0,1,-0.0,False,False,False,False,False,0,0,1,0,1,0,1,0,0,0,1
baseline,S_0003875,1,1,1,0,1,0,0.0,1.0,0.0,1,-0.0,False,False,False,False,False,0,0,1,0,1,0,0,0,0,1,1
baseline,S_0003892,1,1,1,0,0,1,0.0,0.0,1.0,1,-0.0,False,False,False,False,False,0,0,1,0,1,0,1,0,0,0,1
baseline,S_0003897,1,1,1,0,1,0,0.0,1.0,0.0,1,-0.0,False,False,False,False,False,0,0,1,0,1,0,0,0,1,0,1
baseline,S_0003899,1,1,1,0,1,0,0.0,1.0,0.0,1,-0.0,False,False,False,False,False,0,0,1,0,1,0,0,0,1,0,1
baseline,S_0003903,1,1,1,0,0,1,0.0,0.0,1.0,1,-0.0,False,False,False,False,False,0,0,1,0,1,0,1,0,0,0,1
baseline,S_0003904,1,1,1,0,0,1,0.0,0.0,1.0,1,-0.0,False,False,False,False,False,0,0,1,0,1,0,1,0,0,0,1
baseline,S_0003915,1,1,1,0,1,0,0.0,1.0,0.0,1,-0.0,False,False,False,False,False,0,0,1,0,1,0,0,0,1,0,1
baseline,S_0003922,1,1,1,0,0,1,0.0,0.0,1.0,1,-0.0,False,False,False,False,False,0,0,1,0,1,0,1,0,0,0,1
baseline,S_0003923,1,1,1,0,0,1,0.0,0.0,1.0,1,-0.0,False,False,False,False,False,0,0,1,0,1,0,1,0,0,0,1
baseline,S_0003946,1,1,1,0,1,0,0.0,1.0,0.0,1,-0.0,False,False,False,False,False,0,0,1,0,1,0,0,0,1,0,1
baseline,S_0003948,1,1,1,0,1,0,0.0,1.0,0.0,1,-0.0,False,False,False,False,False,0,0,1,0,1,0,0,0,1,0,1
baseline,S_0003958,2,2,2,0,1,1,0.0,0.5,0.5,2,0.6309297535714574,False,True,False,False,False,0,0,2,0,1,0,1,0,1,0,2
baseline,S_0003959,1,1,1,0,1,0,0.0,1.0,0.0,1,-0.0,False,False,False,False,False,0,0,1,0,1,0,0,0,1,0,1
baseline,S_0003960,1,1,1,0,0,1,0.0,0.0,1.0,1,-0.0,False,False,False,False,False,0,0,1,0,1,0,1,0,0,0,1
baseline,S_0003970,1,1,1,0,1,0,0.0,1.0,0.0,1,-0.0,False,False,False,False,False,0,0,1,0,1,1,0,0,0,0,1
baseline,S_0003972,1,1,1,0,1,0,0.0,1.0,0.0,1,-0.0,False,False,False,False,False,0,0,1,0,1,1,0,0,0,0,1
baseline,S_0003975,2,2,2,0,1,1,0.0,0.5,0.5,2,0.6309297535714574,False,True,False,False,False,0,0,2,0,1,0,1,0,1,0,2
baseline,S_0003977,2,2,2,0,1,1,0.0,0.5,0.5,2,0.6309297535714574,False,True,False,False,False,0,0,2,0,1,0,1,0,1,0,2
baseline,S_0003978,1,1,1,0,1,0,0.0,1.0,0.0,1,-0.0,False,False,False,False,False,0,0,1,0,1,1,0,0,0,0,1
baseline,S_0003979,1,1,1,0,1,0,0.0,1.0,0.0,1,-0.0,False,False,False,False,False,0,0,1,0,1,1,0,0,0,0,1
baseline,S_0003992,1,1,1,0,1,0,0.0,1.0,0.0,1,-0.0,False,False,False,False,False,0,0,1,0,1,1,0,0,0,0,1
baseline,S_0003994,1,1,1,0,1,0,0.0,1.0,0.0,1,-0.0,False,False,False,False,False,0,0,1,0,1,0,0,0,1,0,1
baseline,S_0003995,2,2,1,0,0,2,0.0,0.0,1.0,1,-0.0,False,True,False,False,False,0,0,2,0,1,1,1,0,0,0,2
baseline,S_0003996,3,3,2,0,1,2,0.0,0.3333333333333333,0.6666666666666666,2,0.5793801642856949,False,True,True,False,False,0,0,3,0,1,1,1,0,1,0,3
baseline,S_0003999,2,2,2,0,1,1,0.0,0.5,0.5,2,0.6309297535714574,False,True,False,False,False,0,0,2,0,1,0,1,0,1,0,2
baseline,S_0004001,1,1,1,0,0,1,0.0,0.0,1.0,1,-0.0,False,False,False,False,False,0,0,1,0,1,1,0,0,0,0,1
baseline,S_0004002,1,1,1,0,0,1,0.0,0.0,1.0,1,-0.0,False,False,False,False,False,0,0,1,0,1,1,0,0,0,0,1
baseline,S_0004006,2,2,2,0,1,1,0.0,0.5,0.5,2,0.6309297535714574,False,True,False,False,False,0,0,2,0,1,0,1,0,1,0,2
baseline,S_0004007,1,1,1,0,1,0,0.0,1.0,0.0,1,-0.0,False,False,False,False,False,0,0,1,0,1,0,0,0,1,0,1
baseline,S_0004008,1,1,1,0,0,1,0.0,0.0,1.0,1,-0.0,False,False,False,False,False,0,0,1,0,1,0,1,0,0,0,1
baseline,S_0004016,1,1,1,0,1,0,0.0,1.0,0.0,1,-0.0,False,False,False,False,False,0,0,1,0,1,1,0,0,0,0,1
baseline,S_0004017,2,2,2,0,1,1,0.0,0.5,0.5,2,0.6309297535714574,False,True,False,False,False,0,0,2,0,1,0,1,0,1,0,2
baseline,S_0004020,2,2,2,0,1,1,0.0,0.5,0.5,2,0.6309297535714574,False,True,False,False,False,0,0,2,0,1,0,1,0,1,0,2
baseline,S_0004025,1,1,1,0,1,0,0.0,1.0,0.0,1,-0.0,False,False,False,False,False,0,0,1,0,1,1,0,0,0,0,1
baseline,S_0004026,3,3,1,0,1,2,0.0,0.3333333333333333,0.6666666666666666,2,0.5793801642856949,False,True,True,False,False,0,0,3,0,1,2,1,0,0,0,2
baseline,S_0004027,2,2,1,0,0,2,0.0,0.0,1.0,1,-0.0,False,True,False,False,False,0,0,2,0,1,1,1,0,0,0,2
baseline,S_0004028,3,3,2,0,1,2,0.0,0.3333333333333333,0.6666666666666666,2,0.5793801642856949,False,True,True,False,False,0,0,3,0,1,1,1,0,1,0,3
baseline,S_0004029,3,3,2,0,1,2,0.0,0.3333333333333333,0.6666666666666666,2,0.5793801642856949,False,True,True,False,False,0,0,3,0,1,1,1,0,1,0,3
baseline,S_0004041,1,1,1,0,0,1,0.0,0.0,1.0,1,-0.0,False,False,False,False,False,0,0,1,0,1,1,0,0,0,0,1
baseline,S_0004042,1,1,1,0,0,1,0.0,0.0,1.0,1,-0.0,False,False,False,False,False,0,0,1,0,1,1,0,0,0,0,1
baseline,S_0004043,1,1,1,0,1,0,0.0,1.0,0.0,1,-0.0,False,False,False,False,False,0,0,1,0,1,0,0,0,1,0,1
baseline,S_0004044,2,2,1,0,0,2,0.0,0.0,1.0,1,-0.0,False,True,False,False,False,0,0,2,0,1,1,1,0,0,0,2
baseline,S_0004045,1,1,1,0,0,1,0.0,0.0,1.0,1,-0.0,False,False,False,False,False,0,0,1,0,1,1,0,0,0,0,1
baseline,S_0004047,1,1,1,0,0,1,0.0,0.0,1.0,1,-0.0,False,False,False,False,False,0,0,1,0,1,1,0,0,0,0,1
baseline,S_0004048,1,1,1,0,0,1,0.0,0.0,1.0,1,-0.0,False,False,False,False,False,0,0,1,0,1,1,0,0,0,0,1
baseline,S_0004050,1,1,1,0,0,1,0.0,0.0,1.0,1,-0.0,False,False,False,False,False,0,0,1,0,1,1,0,0,0,0,1
baseline,S_0004054,1,1,1,0,0,1,0.0,0.0,1.0,1,-0.0,False,False,False,False,False,0,0,1,0,1,1,0,0,0,0,1
baseline,S_0004055,1,1,1,0,0,1,0.0,0.0,1.0,1,-0.0,False,False,False,False,False,0,0,1,0,1,1,0,0,0,0,1
baseline,S_0004057,1,1,1,0,0,1,0.0,0.0,1.0,1,-0.0,False,False,False,False,False,0,0,1,0,1,1,0,0,0,0,1
baseline,S_0004058,1,1,1,0,0,1,0.0,0.0,1.0,1,-0.0,False,False,False,False,False,0,0,1,0,1,1,0,0,0,0,1
baseline,S_0004063,1,1,1,0,1,0,0.0,1.0,0.0,1,-0.0,False,False,False,False,False,0,0,1,0,1,0,0,0,0,1,1
baseline,S_0004064,1,1,1,0,0,1,0.0,0.0,1.0,1,-0.0,False,False,False,False,False,0,0,1,0,1,1,0,0,0,0,1
baseline,S_0004065,2,2,2,0,1,1,0.0,0.5,0.5,2,0.6309297535714574,False,True,False,False,False,0,0,2,0,1,1,0,0,0,1,2
baseline,S_0004066,1,1,1,0,0,1,0.0,0.0,1.0,1,-0.0,False,False,False,False,False,0,0,1,0,1,1,0,0,0,0,1
baseline,S_0004067,1,1,1,0,0,1,0.0,0.0,1.0,1,-0.0,False,False,False,False,False,0,0,1,0,1,1,0,0,0,0,1
baseline,S_0004072,1,1,1,0,0,1,0.0,0.0,1.0,1,-0.0,False,False,False,False,False,0,0,1,0,1,1,0,0,0,0,1
baseline,S_0004073,1,1,1,0,0,1,0.0,0.0,1.0,1,-0.0,False,False,False,False,False,0,0,1,0,1,1,0,0,0,0,1
baseline,S_0004075,1,1,1,0,0,1,0.0,0.0,1.0,1,-0.0,False,False,False,False,False,0,0,1,0,1,1,0,0,0,0,1
baseline,S_0004080,1,1,1,0,1,0,0.0,1.0,0.0,1,-0.0,False,False,False,False,False,0,0,1,0,1,0,0,0,0,1,1
baseline,S_0004081,1,1,1,0,1,0,0.0,1.0,0.0,1,-0.0,False,False,False,False,False,0,0,1,0,1,0,0,0,0,1,1
baseline,S_0004083,2,2,1,0,0,2,0.0,0.0,1.0,1,-0.0,False,True,False,False,False,0,0,2,0,1,1,1,0,0,0,2
baseline,S_0004084,1,1,1,0,1,0,0.0,1.0,0.0,1,-0.0,False,False,False,False,False,0,0,1,0,1,1,0,0,0,0,1
baseline,S_0004085,3,3,1,0,1,2,0.0,0.3333333333333333,0.6666666666666666,2,0.5793801642856949,False,True,True,False,False,0,0,3,0,1,2,1,0,0,0,2
baseline,S_0004095,1,1,1,0,1,0,0.0,1.0,0.0,1,-0.0,False,False,False,False,False,0,1,0,0,1,0,0,0,1,0,1
baseline,S_0004097,1,1,1,0,1,0,0.0,1.0,0.0,1,-0.0,False,False,False,False,False,0,1,0,0,1,0,0,0,1,0,1
baseline,S_0004105,1,1,1,0,1,0,0.0,1.0,0.0,1,-0.0,False,False,False,False,False,0,1,0,0,1,0,0,0,1,0,1
baseline,S_0004107,1,1,1,0,1,0,0.0,1.0,0.0,1,-0.0,False,False,False,False,False,0,1,0,0,1,0,0,0,1,0,1
baseline,S_0004112,1,1,1,0,1,0,0.0,1.0,0.0,1,-0.0,False,False,False,False,False,0,0,1,0,1,1,0,0,0,0,1
baseline,S_0004113,1,1,1,0,1,0,0.0,1.0,0.0,1,-0.0,False,False,False,False,False,0,0,1,0,1,1,0,0,0,0,1
baseline,S_0004120,2,2,2,1,1,0,0.5,0.5,0.0,2,0.6309297535714574,False,True,False,False,False,0,0,0,2,1,0,0,0,1,1,2
baseline,S_0004165,1,1,1,1,0,0,1.0,0.0,0.0,1,-0.0,False,False,False,False,False,0,0,0,1,1,0,0,0,1,0,1
baseline,S_0004192,1,1,1,0,1,0,0.0,1.0,0.0,1,-0.0,False,False,False,False,False,0,0,1,0,1,0,0,0,0,1,1
baseline,S_0004213,1,1,1,0,1,0,0.0,1.0,0.0,1,-0.0,False,False,False,False,False,0,0,1,0,1,0,0,0,1,0,1
baseline,S_0004215,1,1,1,0,1,0,0.0,1.0,0.0,1,-0.0,False,False,False,False,False,0,0,1,0,1,0,0,0,1,0,1
baseline,S_0004241,2,2,2,0,1,1,0.0,0.5,0.5,2,0.6309297535714574,False,True,False,False,False,0,0,2,0,1,0,1,0,1,0,2
baseline,S_0004242,2,2,2,0,1,1,0.0,0.5,0.5,2,0.6309297535714574,False,True,False,False,False,0,0,2,0,1,0,1,0,1,0,2
baseline,S_0004245,2,2,2,0,1,1,0.0,0.5,0.5,2,0.6309297535714574,False,True,False,False,False,0,0,2,0,1,0,1,0,1,0,2
baseline,S_0004254,1,1,1,0,1,0,0.0,1.0,0.0,1,-0.0,False,False,False,False,False,0,0,1,0,1,0,0,0,0,1,1
baseline,S_0004255,1,1,1,0,1,0,0.0,1.0,0.0,1,-0.0,False,False,False,False,False,0,0,1,0,1,0,0,0,0,1,1
baseline,S_0004267,1,1,1,0,1,0,0.0,1.0,0.0,1,-0.0,False,False,False,False,False,0,0,1,0,1,0,0,0,0,1,1
baseline,S_0004268,1,1,1,0,1,0,0.0,1.0,0.0,1,-0.0,False,False,False,False,False,0,0,1,0,1,0,0,0,0,1,1
baseline,S_0004270,1,1,1,0,1,0,0.0,1.0,0.0,1,-0.0,False,False,False,False,False,0,0,1,0,1,0,0,0,0,1,1
baseline,S_0004272,1,1,1,0,1,0,0.0,1.0,0.0,1,-0.0,False,False,False,False,False,0,0,1,0,1,0,0,0,0,1,1
baseline,S_0004274,1,1,1,0,1,0,0.0,1.0,0.0,1,-0.0,False,False,False,False,False,0,0,1,0,1,0,0,0,0,1,1
baseline,S_0004275,1,1,1,0,1,0,0.0,1.0,0.0,1,-0.0,False,False,False,False,False,0,0,1,0,1,0,0,0,0,1,1
baseline,S_0004276,1,1,1,0,1,0,0.0,1.0,0.0,1,-0.0,False,False,False,False,False,0,0,1,0,1,0,0,0,0,1,1
baseline,S_0004277,1,1,1,1,0,0,1.0,0.0,0.0,1,-0.0,False,False,False,False,False,0,0,1,0,1,0,1,0,0,0,1
baseline,S_0004278,1,1,1,1,0,0,1.0,0.0,0.0,1,-0.0,False,False,False,False,False,0,0,1,0,1,0,1,0,0,0,1
baseline,S_0004280,1,1,1,1,0,0,1.0,0.0,0.0,1,-0.0,False,False,False,False,False,0,0,1,0,1,0,1,0,0,0,1
baseline,S_0004283,1,1,1,1,0,0,1.0,0.0,0.0,1,-0.0,False,False,False,False,False,0,0,1,0,1,0,1,0,0,0,1
baseline,S_0004285,1,1,1,1,0,0,1.0,0.0,0.0,1,-0.0,False,False,False,False,False,0,0,1,0,1,0,1,0,0,0,1
baseline,S_0004286,1,1,1,1,0,0,1.0,0.0,0.0,1,-0.0,False,False,False,False,False,0,0,1,0,1,0,1,0,0,0,1
baseline,S_0004299,2,2,1,0,2,0,0.0,1.0,0.0,1,-0.0,False,True,False,False,False,0,0,2,0,1,0,1,0,1,0,2
baseline,S_0004300,5,5,3,3,2,0,0.6,0.4,0.0,2,0.6126016192893442,True,True,True,True,False,0,1,3,1,3,3,1,0,0,1,3
baseline,S_0004301,1,1,1,1,0,0,1.0,0.0,0.0,1,-0.0,False,False,False,False,False,0,0,1,0,1,1,0,0,0,0,1
baseline,S_0004312,3,3,3,1,1,1,0.3333333333333333,0.3333333333333333,0.3333333333333333,3,0.9999999999999998,False,True,True,False,False,0,0,0,3,1,1,1,0,0,1,3
baseline,S_0004325,2,2,2,0,2,0,0.0,1.0,0.0,1,-0.0,False,True,False,False,False,0,1,0,1,2,1,0,0,0,1,2
baseline,S_0004332,9,9,7,0,7,2,0.0,0.7777777777777778,0.2222222222222222,2,0.482159360969681,True,True,True,True,False,0,1,2,6,3,2,1,0,2,4,4
baseline,S_0004334,3,3,2,0,3,0,0.0,1.0,0.0,1,-0.0,False,True,True,False,False,0,1,2,0,2,1,0,0,0,2,2
baseline,S_0004378,1,1,1,0,1,0,0.0,1.0,0.0,1,-0.0,False,False,False,False,False,0,0,1,0,1,0,1,0,0,0,1
baseline,S_0004379,1,1,1,0,1,0,0.0,1.0,0.0,1,-0.0,False,False,False,False,False,0,0,1,0,1,0,1,0,0,0,1
baseline,S_0004384,1,1,1,1,0,0,1.0,0.0,0.0,1,-0.0,False,False,False,False,False,0,0,1,0,1,0,1,0,0,0,1
baseline,S_0004385,1,1,1,1,0,0,1.0,0.0,0.0,1,-0.0,False,False,False,False,False,0,0,1,0,1,0,1,0,0,0,1
baseline,S_0004391,1,1,1,0,1,0,0.0,1.0,0.0,1,-0.0,False,False,False,False,False,0,0,1,0,1,0,1,0,0,0,1
baseline,S_0004392,1,1,1,0,1,0,0.0,1.0,0.0,1,-0.0,False,False,False,False,False,0,0,1,0,1,0,1,0,0,0,1
baseline,S_0004396,1,1,1,1,0,0,1.0,0.0,0.0,1,-0.0,False,False,False,False,False,0,0,1,0,1,0,1,0,0,0,1
baseline,S_0004399,1,1,1,1,0,0,1.0,0.0,0.0,1,-0.0,False,False,False,False,False,0,0,1,0,1,0,1,0,0,0,1
baseline,S_0004401,1,1,1,1,0,0,1.0,0.0,0.0,1,-0.0,False,False,False,False,False,0,0,1,0,1,1,0,0,0,0,1
baseline,S_0004406,1,1,1,1,0,0,1.0,0.0,0.0,1,-0.0,False,False,False,False,False,0,0,1,0,1,1,0,0,0,0,1
baseline,S_0004407,1,1,1,0,1,0,0.0,1.0,0.0,1,-0.0,False,False,False,False,False,0,0,1,0,1,0,1,0,0,0,1
baseline,S_0004408,1,1,1,1,0,0,1.0,0.0,0.0,1,-0.0,False,False,False,False,False,0,0,1,0,1,0,1,0,0,0,1
baseline,S_0004409,1,1,1,1,0,0,1.0,0.0,0.0,1,-0.0,False,False,False,False,False,0,0,1,0,1,0,1,0,0,0,1
baseline,S_0004411,1,1,1,0,1,0,0.0,1.0,0.0,1,-0.0,False,False,False,False,False,0,0,1,0,1,0,1,0,0,0,1
baseline,S_0004417,1,1,1,1,0,0,1.0,0.0,0.0,1,-0.0,False,False,False,False,False,0,0,1,0,1,1,0,0,0,0,1
baseline,S_0004424,1,1,1,0,1,0,0.0,1.0,0.0,1,-0.0,False,False,False,False,False,0,0,1,0,1,1,0,0,0,0,1
baseline,S_0004425,1,1,1,0,1,0,0.0,1.0,0.0,1,-0.0,False,False,False,False,False,0,0,1,0,1,1,0,0,0,0,1
baseline,S_0004482,1,1,1,0,1,0,0.0,1.0,0.0,1,-0.0,False,False,False,False,False,0,0,1,0,1,1,0,0,0,0,1
baseline,S_0004483,1,1,1,0,1,0,0.0,1.0,0.0,1,-0.0,False,False,False,False,False,0,0,1,0,1,1,0,0,0,0,1
baseline,S_0004516,1,1,1,0,1,0,0.0,1.0,0.0,1,-0.0,False,False,False,False,False,0,0,1,0,1,1,0,0,0,0,1
baseline,S_0004518,1,1,1,0,1,0,0.0,1.0,0.0,1,-0.0,False,False,False,False,False,0,0,1,0,1,1,0,0,0,0,1
baseline,S_0004523,1,1,1,0,1,0,0.0,1.0,0.0,1,-0.0,False,False,False,False,False,0,0,1,0,1,1,0,0,0,0,1
baseline,S_0004524,1,1,1,0,1,0,0.0,1.0,0.0,1,-0.0,False,False,False,False,False,0,0,1,0,1,1,0,0,0,0,1
baseline,S_0004530,1,1,1,0,1,0,0.0,1.0,0.0,1,-0.0,False,False,False,False,False,0,0,1,0,1,1,0,0,0,0,1
baseline,S_0004531,1,1,1,0,1,0,0.0,1.0,0.0,1,-0.0,False,False,False,False,False,0,0,1,0,1,1,0,0,0,0,1
baseline,S_0004539,1,1,1,0,1,0,0.0,1.0,0.0,1,-0.0,False,False,False,False,False,0,0,1,0,1,1,0,0,0,0,1
baseline,S_0004540,1,1,1,0,1,0,0.0,1.0,0.0,1,-0.0,False,False,False,False,False,0,0,1,0,1,1,0,0,0,0,1
baseline,S_0004558,2,2,2,0,1,1,0.0,0.5,0.5,2,0.6309297535714574,False,True,False,False,False,0,0,2,0,1,0,1,0,1,0,2
baseline,S_0004565,1,1,1,0,1,0,0.0,1.0,0.0,1,-0.0,False,False,False,False,False,0,0,1,0,1,1,0,0,0,0,1
baseline,S_0004567,1,1,1,0,1,0,0.0,1.0,0.0,1,-0.0,False,False,False,False,False,0,0,1,0,1,1,0,0,0,0,1
baseline,S_0004569,1,1,1,0,1,0,0.0,1.0,0.0,1,-0.0,False,False,False,False,False,0,0,1,0,1,1,0,0,0,0,1
baseline,S_0004570,1,1,1,0,1,0,0.0,1.0,0.0,1,-0.0,False,False,False,False,False,0,0,1,0,1,1,0,0,0,0,1
baseline,S_0004575,1,1,1,0,1,0,0.0,1.0,0.0,1,-0.0,False,False,False,False,False,0,0,1,0,1,1,0,0,0,0,1
baseline,S_0004587,1,1,1,1,0,0,1.0,0.0,0.0,1,-0.0,False,False,False,False,False,0,0,1,0,1,1,0,0,0,0,1
baseline,S_0004588,1,1,1,1,0,0,1.0,0.0,0.0,1,-0.0,False,False,False,False,False,0,0,1,0,1,1,0,0,0,0,1
baseline,S_0004609,2,1,2,1,0,0,1.0,0.0,0.0,1,-0.0,False,False,False,False,False,0,0,0,1,1,0,0,0,0,1,1
baseline,S_0004610,1,1,1,1,0,0,1.0,0.0,0.0,1,-0.0,False,False,False,False,False,0,0,0,1,1,0,0,0,0,1,1
baseline,S_0004647,1,1,1,1,0,0,1.0,0.0,0.0,1,-0.0,False,False,False,False,False,0,0,0,1,1,0,0,0,0,1,1
baseline,S_0004650,1,1,1,0,1,0,0.0,1.0,0.0,1,-0.0,False,False,False,False,False,0,0,1,0,1,0,0,0,0,1,1
baseline,S_0004652,1,1,1,0,1,0,0.0,1.0,0.0,1,-0.0,False,False,False,False,False,0,0,1,0,1,0,0,0,0,1,1
baseline,S_0004688,1,1,1,1,0,0,1.0,0.0,0.0,1,-0.0,False,False,False,False,False,0,0,0,1,1,0,0,0,0,1,1
baseline,S_0004699,1,1,1,0,1,0,0.0,1.0,0.0,1,-0.0,False,False,False,False,False,0,1,0,0,1,0,0,0,1,0,1
baseline,S_0004701,1,1,1,0,1,0,0.0,1.0,0.0,1,-0.0,False,False,False,False,False,0,1,0,0,1,0,0,0,1,0,1
baseline,S_0004711,1,1,1,1,0,0,1.0,0.0,0.0,1,-0.0,False,False,False,False,False,0,0,0,1,1,0,0,0,0,1,1
baseline,S_0004712,1,1,1,1,0,0,1.0,0.0,0.0,1,-0.0,False,False,False,False,False,0,0,0,1,1,0,0,0,0,1,1
baseline,S_0004805,1,1,1,1,0,0,1.0,0.0,0.0,1,-0.0,False,False,False,False,False,0,0,1,0,1,0,1,0,0,0,1
baseline,S_0004806,1,1,1,1,0,0,1.0,0.0,0.0,1,-0.0,False,False,False,False,False,0,0,1,0,1,0,1,0,0,0,1
baseline,S_0004808,1,1,1,1,0,0,1.0,0.0,0.0,1,-0.0,False,False,False,False,False,0,0,1,0,1,0,1,0,0,0,1
baseline,S_0004810,1,1,1,1,0,0,1.0,0.0,0.0,1,-0.0,False,False,False,False,False,0,0,1,0,1,0,1,0,0,0,1
baseline,S_0004811,1,1,1,1,0,0,1.0,0.0,0.0,1,-0.0,False,False,False,False,False,0,0,1,0,1,0,1,0,0,0,1
baseline,S_0004821,1,1,1,1,0,0,1.0,0.0,0.0,1,-0.0,False,False,False,False,False,0,0,1,0,1,0,1,0,0,0,1
baseline,S_0004823,1,1,1,1,0,0,1.0,0.0,0.0,1,-0.0,False,False,False,False,False,0,0,1,0,1,0,1,0,0,0,1
baseline,S_0004830,1,1,1,0,1,0,0.0,1.0,0.0,1,-0.0,False,False,False,False,False,0,0,1,0,1,0,0,0,0,1,1
baseline,S_0004831,1,1,1,0,1,0,0.0,1.0,0.0,1,-0.0,False,False,False,False,False,0,0,1,0,1,0,0,0,0,1,1
baseline,S_0004835,2,2,2,1,1,0,0.5,0.5,0.0,2,0.6309297535714574,False,True,False,False,False,0,0,2,0,1,0,1,0,0,1,2
baseline,S_0004837,1,1,1,0,1,0,0.0,1.0,0.0,1,-0.0,False,False,False,False,False,0,0,1,0,1,0,0,0,0,1,1
baseline,S_0004851,1,1,1,0,1,0,0.0,1.0,0.0,1,-0.0,False,False,False,False,False,0,0,1,0,1,0,0,0,0,1,1
baseline,S_0004852,1,1,1,0,1,0,0.0,1.0,0.0,1,-0.0,False,False,False,False,False,0,0,1,0,1,0,0,0,0,1,1
baseline,S_0004860,1,1,1,0,1,0,0.0,1.0,0.0,1,-0.0,False,False,False,False,False,0,0,1,0,1,0,0,0,0,1,1
baseline,S_0004861,1,1,1,0,1,0,0.0,1.0,0.0,1,-0.0,False,False,False,False,False,0,0,1,0,1,0,0,0,0,1,1
baseline,S_0004863,1,1,1,0,1,0,0.0,1.0,0.0,1,-0.0,False,False,False,False,False,0,0,1,0,1,0,0,0,0,1,1
baseline,S_0004870,1,1,1,0,1,0,0.0,1.0,0.0,1,-0.0,False,False,False,False,False,0,0,1,0,1,0,0,0,0,1,1
baseline,S_0004871,1,1,1,0,1,0,0.0,1.0,0.0,1,-0.0,False,False,False,False,False,0,0,1,0,1,0,0,0,0,1,1
baseline,S_0004897,1,1,1,1,0,0,1.0,0.0,0.0,1,-0.0,False,False,False,False,False,0,0,1,0,1,0,1,0,0,0,1
baseline,S_0004898,1,1,1,1,0,0,1.0,0.0,0.0,1,-0.0,False,False,False,False,False,0,0,1,0,1,0,1,0,0,0,1
baseline,S_0004972,1,1,1,0,1,0,0.0,1.0,0.0,1,-0.0,False,False,False,False,False,0,0,1,0,1,0,0,0,0,1,1
baseline,S_0004973,1,1,1,0,1,0,0.0,1.0,0.0,1,-0.0,False,False,False,False,False,0,0,1,0,1,0,0,0,0,1,1
baseline,S_0004975,1,1,1,0,1,0,0.0,1.0,0.0,1,-0.0,False,False,False,False,False,0,0,1,0,1,0,0,0,0,1,1
baseline,S_0004990,1,1,1,0,1,0,0.0,1.0,0.0,1,-0.0,False,False,False,False,False,0,0,1,0,1,0,0,0,0,1,1
baseline,S_0005004,4,4,3,2,2,0,0.5,0.5,0.0,2,0.6309297535714574,False,True,True,False,False,0,0,2,2,2,1,0,0,1,2,3
baseline,S_0005005,5,4,4,2,2,0,0.5,0.5,0.0,2,0.6309297535714574,False,True,True,False,False,0,0,2,2,2,1,0,0,1,2,3
baseline,S_0005010,1,1,1,0,1,0,0.0,1.0,0.0,1,-0.0,False,False,False,False,False,0,0,1,0,1,0,0,0,0,1,1
baseline,S_0005011,1,1,1,0,1,0,0.0,1.0,0.0,1,-0.0,False,False,False,False,False,0,0,1,0,1,0,0,0,0,1,1
baseline,S_0005027,1,1,1,0,1,0,0.0,1.0,0.0,1,-0.0,False,False,False,False,False,0,0,1,0,1,0,1,0,0,0,1
baseline,S_0005028,1,1,1,0,1,0,0.0,1.0,0.0,1,-0.0,False,False,False,False,False,0,0,1,0,1,0,1,0,0,0,1
baseline,S_0005043,1,1,1,1,0,0,1.0,0.0,0.0,1,-0.0,False,False,False,False,False,0,0,1,0,1,0,1,0,0,0,1
baseline,S_0005054,2,2,1,2,0,0,1.0,0.0,0.0,1,-0.0,False,True,False,False,False,0,0,2,0,1,1,1,0,0,0,2
baseline,S_0005055,1,1,1,1,0,0,1.0,0.0,0.0,1,-0.0,False,False,False,False,False,0,0,1,0,1,1,0,0,0,0,1
baseline,S_0005056,1,1,1,1,0,0,1.0,0.0,0.0,1,-0.0,False,False,False,False,False,0,0,1,0,1,0,1,0,0,0,1
baseline,S_0005077,1,1,1,0,1,0,0.0,1.0,0.0,1,-0.0,False,False,False,False,False,0,0,1,0,1,0,0,0,0,1,1
baseline,S_0005082,1,1,1,1,0,0,1.0,0.0,0.0,1,-0.0,False,False,False,False,False,0,0,1,0,1,0,0,0,0,1,1
baseline,S_0005083,1,1,1,1,0,0,1.0,0.0,0.0,1,-0.0,False,False,False,False,False,0,0,1,0,1,0,0,0,0,1,1
baseline,S_0005097,1,1,1,0,1,0,0.0,1.0,0.0,1,-0.0,False,False,False,False,False,0,1,0,0,1,1,0,0,0,0,1
baseline,S_0005098,1,1,1,0,1,0,0.0,1.0,0.0,1,-0.0,False,False,False,False,False,0,1,0,0,1,1,0,0,0,0,1
baseline,S_0005104,1,1,1,1,0,0,1.0,0.0,0.0,1,-0.0,False,False,False,False,False,0,0,1,0,1,0,1,0,0,0,1
baseline,S_0005108,3,3,2,2,1,0,0.6666666666666666,0.3333333333333333,0.0,2,0.5793801642856949,False,True,True,False,False,0,0,2,1,2,0,1,0,1,1,3
baseline,S_0005119,2,2,2,1,1,0,0.5,0.5,0.0,2,0.6309297535714574,False,True,False,False,False,0,1,1,0,2,1,0,0,0,1,2
baseline,S_0005120,2,2,2,1,1,0,0.5,0.5,0.0,2,0.6309297535714574,False,True,False,False,False,0,1,1,0,2,1,0,0,0,1,2
baseline,S_0005123,3,3,2,2,1,0,0.6666666666666666,0.3333333333333333,0.0,2,0.5793801642856949,False,True,True,False,False,0,0,2,1,2,0,1,0,1,1,3
baseline,S_0005124,2,2,1,1,1,0,0.5,0.5,0.0,2,0.6309297535714574,False,True,False,False,False,0,0,2,0,1,0,1,0,0,1,2
baseline,S_0005127,1,1,1,0,0,1,0.0,0.0,1.0,1,-0.0,False,False,False,False,False,0,0,1,0,1,0,1,0,0,0,1
baseline,S_0005128,1,1,1,0,0,1,0.0,0.0,1.0,1,-0.0,False,False,False,False,False,0,0,1,0,1,0,1,0,0,0,1
baseline,S_0005140,1,1,1,0,1,0,0.0,1.0,0.0,1,-0.0,False,False,False,False,False,0,0,1,0,1,0,0,0,0,1,1
baseline,S_0005141,1,1,1,0,1,0,0.0,1.0,0.0,1,-0.0,False,False,False,False,False,0,0,1,0,1,0,0,0,0,1,1
baseline,S_0005143,2,2,1,1,1,0,0.5,0.5,0.0,2,0.6309297535714574,False,True,False,False,False,0,0,2,0,1,2,0,0,0,0,1
baseline,S_0005144,2,2,1,1,1,0,0.5,0.5,0.0,2,0.6309297535714574,False,True,False,False,False,0,0,2,0,1,2,0,0,0,0,1
baseline,S_0005145,1,1,1,0,1,0,0.0,1.0,0.0,1,-0.0,False,False,False,False,False,0,0,1,0,1,0,0,0,0,1,1
baseline,S_0005146,1,1,1,0,1,0,0.0,1.0,0.0,1,-0.0,False,False,False,False,False,0,0,1,0,1,0,0,0,0,1,1
baseline,S_0005158,1,1,1,0,1,0,0.0,1.0,0.0,1,-0.0,False,False,False,False,False,0,1,0,0,1,1,0,0,0,0,1
baseline,S_0005159,1,1,1,0,1,0,0.0,1.0,0.0,1,-0.0,False,False,False,False,False,0,1,0,0,1,1,0,0,0,0,1
baseline,S_0005162,1,1,1,0,1,0,0.0,1.0,0.0,1,-0.0,False,False,False,False,False,0,1,0,0,1,1,0,0,0,0,1
baseline,S_0005163,1,1,1,0,1,0,0.0,1.0,0.0,1,-0.0,False,False,False,False,False,0,1,0,0,1,1,0,0,0,0,1
baseline,S_0005164,2,2,1,2,0,0,1.0,0.0,0.0,1,-0.0,False,True,False,False,False,0,0,2,0,1,1,1,0,0,0,2
baseline,S_0005165,2,2,1,2,0,0,1.0,0.0,0.0,1,-0.0,False,True,False,False,False,0,0,2,0,1,1,1,0,0,0,2
baseline,S_0005177,4,2,2,2,0,0,1.0,0.0,0.0,1,-0.0,False,True,False,False,False,0,0,0,2,1,1,0,0,1,0,2
baseline,S_0005178,2,2,1,2,0,0,1.0,0.0,0.0,1,-0.0,False,True,False,False,False,0,0,0,2,1,1,0,0,1,0,2
baseline,S_0005189,4,3,3,1,2,0,0.3333333333333333,0.6666666666666666,0.0,2,0.5793801642856949,False,True,True,False,False,0,0,0,3,1,1,1,0,1,0,3
baseline,S_0005192,4,3,3,1,2,0,0.3333333333333333,0.6666666666666666,0.0,2,0.5793801642856949,False,True,True,False,False,0,0,0,3,1,1,1,0,1,0,3
baseline,S_0005199,2,2,2,0,2,0,0.0,1.0,0.0,1,-0.0,False,True,False,False,False,0,1,1,0,2,1,0,0,0,1,2
baseline,S_0005212,1,1,1,0,1,0,0.0,1.0,0.0,1,-0.0,False,False,False,False,False,0,1,0,0,1,0,0,0,1,0,1
baseline,S_0005213,1,1,1,0,1,0,0.0,1.0,0.0,1,-0.0,False,False,False,False,False,0,1,0,0,1,0,0,0,1,0,1
baseline,S_0005219,2,2,2,0,2,0,0.0,1.0,0.0,1,-0.0,False,True,False,False,False,0,1,1,0,2,1,0,0,1,0,2
baseline,S_0005220,2,2,2,0,2,0,0.0,1.0,0.0,1,-0.0,False,True,False,False,False,0,1,1,0,2,1,0,0,1,0,2
baseline,S_0005224,1,1,1,0,1,0,0.0,1.0,0.0,1,-0.0,False,False,False,False,False,0,1,0,0,1,0,0,0,1,0,1
baseline,S_0005226,1,1,1,0,1,0,0.0,1.0,0.0,1,-0.0,False,False,False,False,False,0,1,0,0,1,0,0,0,1,0,1
baseline,S_0005244,1,1,1,0,1,0,0.0,1.0,0.0,1,-0.0,False,False,False,False,False,0,1,0,0,1,0,0,0,1,0,1
baseline,S_0005276,2,2,2,0,2,0,0.0,1.0,0.0,1,-0.0,False,True,False,False,False,0,1,1,0,2,1,0,0,1,0,2
baseline,S_0005281,1,1,1,0,1,0,0.0,1.0,0.0,1,-0.0,False,False,False,False,False,0,1,0,0,1,0,0,0,1,0,1
baseline,S_0005312,2,2,2,0,2,0,0.0,1.0,0.0,1,-0.0,False,True,False,False,False,0,1,1,0,2,1,0,0,1,0,2
baseline,S_0005334,2,2,2,0,1,1,0.0,0.5,0.5,2,0.6309297535714574,False,True,False,False,False,0,1,1,0,2,1,0,0,1,0,2
baseline,S_0005335,1,1,1,0,1,0,0.0,1.0,0.0,1,-0.0,False,False,False,False,False,0,1,0,0,1,0,0,0,1,0,1
baseline,S_0005351,2,2,2,0,2,0,0.0,1.0,0.0,1,-0.0,False,True,False,False,False,0,1,1,0,2,1,0,0,1,0,2
baseline,S_0005352,2,2,2,0,2,0,0.0,1.0,0.0,1,-0.0,False,True,False,False,False,0,1,1,0,2,1,0,0,1,0,2
baseline,S_0005365,1,1,1,0,1,0,0.0,1.0,0.0,1,-0.0,False,False,False,False,False,0,1,0,0,1,0,0,0,1,0,1
baseline,S_0005371,2,2,2,0,2,0,0.0,1.0,0.0,1,-0.0,False,True,False,False,False,0,1,1,0,2,1,0,0,1,0,2
baseline,S_0005372,2,2,2,0,2,0,0.0,1.0,0.0,1,-0.0,False,True,False,False,False,0,1,1,0,2,1,0,0,1,0,2
baseline,S_0005389,1,1,1,0,1,0,0.0,1.0,0.0,1,-0.0,False,False,False,False,False,0,0,1,0,1,1,0,0,0,0,1
baseline,S_0005390,1,1,1,0,1,0,0.0,1.0,0.0,1,-0.0,False,False,False,False,False,0,0,1,0,1,1,0,0,0,0,1
baseline,S_0005393,1,1,1,0,1,0,0.0,1.0,0.0,1,-0.0,False,False,False,False,False,0,0,1,0,1,1,0,0,0,0,1
baseline,S_0005394,1,1,1,0,1,0,0.0,1.0,0.0,1,-0.0,False,False,False,False,False,0,0,1,0,1,1,0,0,0,0,1
baseline,S_0005396,1,1,1,0,1,0,0.0,1.0,0.0,1,-0.0,False,False,False,False,False,0,0,1,0,1,1,0,0,0,0,1
baseline,S_0005482,1,1,1,0,1,0,0.0,1.0,0.0,1,-0.0,False,False,False,False,False,0,0,1,0,1,0,0,0,0,1,1
baseline,S_0005483,1,1,1,0,1,0,0.0,1.0,0.0,1,-0.0,False,False,False,False,False,0,0,1,0,1,0,0,0,0,1,1
baseline,S_0005485,1,1,1,0,1,0,0.0,1.0,0.0,1,-0.0,False,False,False,False,False,0,0,1,0,1,0,0,0,0,1,1
baseline,S_0005487,1,1,1,0,1,0,0.0,1.0,0.0,1,-0.0,False,False,False,False,False,0,0,1,0,1,0,0,0,0,1,1
baseline,S_0005499,1,1,1,0,1,0,0.0,1.0,0.0,1,-0.0,False,False,False,False,False,0,0,1,0,1,0,0,0,0,1,1
baseline,S_0005502,1,1,1,0,1,0,0.0,1.0,0.0,1,-0.0,False,False,False,False,False,0,0,1,0,1,0,0,0,0,1,1
baseline,S_0005506,2,2,2,1,1,0,0.5,0.5,0.0,2,0.6309297535714574,False,True,False,False,False,0,0,0,2,1,0,0,0,1,1,2
baseline,S_0005510,1,1,1,0,1,0,0.0,1.0,0.0,1,-0.0,False,False,False,False,False,0,0,1,0,1,0,0,0,0,1,1
baseline,S_0005512,1,1,1,0,1,0,0.0,1.0,0.0,1,-0.0,False,False,False,False,False,0,0,1,0,1,0,0,0,0,1,1
baseline,S_0005514,1,1,1,0,1,0,0.0,1.0,0.0,1,-0.0,False,False,False,False,False,0,0,1,0,1,0,0,0,0,1,1
baseline,S_0005519,2,2,2,1,1,0,0.5,0.5,0.0,2,0.6309297535714574,False,True,False,False,False,0,0,0,2,1,0,0,0,1,1,2
baseline,S_0005588,3,2,3,1,1,0,0.5,0.5,0.0,2,0.6309297535714574,False,True,False,False,False,0,0,0,2,1,0,1,0,0,1,2
baseline,S_0005589,3,2,3,1,1,0,0.5,0.5,0.0,2,0.6309297535714574,False,True,False,False,False,0,0,0,2,1,0,1,0,0,1,2
baseline,S_0005593,3,2,3,1,1,0,0.5,0.5,0.0,2,0.6309297535714574,False,True,False,False,False,0,0,0,2,1,0,1,0,0,1,2
baseline,S_0005594,1,1,1,0,1,0,0.0,1.0,0.0,1,-0.0,False,False,False,False,False,0,0,1,0,1,1,0,0,0,0,1
baseline,S_0005595,3,2,3,1,1,0,0.5,0.5,0.0,2,0.6309297535714574,False,True,False,False,False,0,0,0,2,1,0,1,0,0,1,2
baseline,S_0005596,3,2,3,1,1,0,0.5,0.5,0.0,2,0.6309297535714574,False,True,False,False,False,0,0,0,2,1,0,1,0,0,1,2
baseline,S_0005597,3,2,3,1,1,0,0.5,0.5,0.0,2,0.6309297535714574,False,True,False,False,False,0,0,0,2,1,0,1,0,0,1,2
baseline,S_0005598,1,1,1,1,0,0,1.0,0.0,0.0,1,-0.0,False,False,False,False,False,0,0,1,0,1,1,0,0,0,0,1
baseline,S_0005599,2,2,2,1,1,0,0.5,0.5,0.0,2,0.6309297535714574,False,True,False,False,False,0,0,1,1,2,2,0,0,0,0,1
baseline,S_0005600,3,2,3,1,1,0,0.5,0.5,0.0,2,0.6309297535714574,False,True,False,False,False,0,0,0,2,1,0,1,0,0,1,2
baseline,S_0005603,3,2,3,1,1,0,0.5,0.5,0.0,2,0.6309297535714574,False,True,False,False,False,0,0,0,2,1,0,1,0,0,1,2
baseline,S_0005682,1,1,1,0,1,0,0.0,1.0,0.0,1,-0.0,False,False,False,False,False,0,0,1,0,1,0,1,0,0,0,1
baseline,S_0005685,1,1,1,0,1,0,0.0,1.0,0.0,1,-0.0,False,False,False,False,False,0,0,1,0,1,0,1,0,0,0,1
baseline,S_0005686,3,3,2,0,3,0,0.0,1.0,0.0,1,-0.0,False,True,True,False,False,0,1,2,0,2,2,0,0,0,1,2
baseline,S_0005687,1,1,1,0,1,0,0.0,1.0,0.0,1,-0.0,False,False,False,False,False,0,0,1,0,1,1,0,0,0,0,1
baseline,S_0005688,1,1,1,1,0,0,1.0,0.0,0.0,1,-0.0,False,False,False,False,False,0,0,1,0,1,1,0,0,0,0,1
baseline,S_0005699,1,1,1,0,1,0,0.0,1.0,0.0,1,-0.0,False,False,False,False,False,0,0,0,1,1,1,0,0,0,0,1
baseline,S_0005701,1,1,1,0,1,0,0.0,1.0,0.0,1,-0.0,False,False,False,False,False,0,0,0,1,1,1,0,0,0,0,1
baseline,S_0005702,1,1,1,0,0,1,0.0,0.0,1.0,1,-0.0,False,False,False,False,False,0,0,1,0,1,0,1,0,0,0,1
baseline,S_0005704,1,1,1,0,0,1,0.0,0.0,1.0,1,-0.0,False,False,False,False,False,0,0,1,0,1,0,1,0,0,0,1
baseline,S_0005712,1,1,1,0,1,0,0.0,1.0,0.0,1,-0.0,False,False,False,False,False,0,0,1,0,1,0,0,1,0,0,1
baseline,S_0005713,1,1,1,0,1,0,0.0,1.0,0.0,1,-0.0,False,False,False,False,False,0,0,1,0,1,0,0,1,0,0,1
baseline,S_0005717,3,3,1,0,3,0,0.0,1.0,0.0,1,-0.0,False,True,True,False,False,0,0,3,0,1,1,1,0,1,0,3
baseline,S_0005719,1,1,1,0,1,0,0.0,1.0,0.0,1,-0.0,False,False,False,False,False,0,0,1,0,1,0,0,1,0,0,1
baseline,S_0005725,1,1,1,0,1,0,0.0,1.0,0.0,1,-0.0,False,False,False,False,False,0,0,1,0,1,0,1,0,0,0,1
baseline,S_0005728,1,1,1,0,1,0,0.0,1.0,0.0,1,-0.0,False,False,False,False,False,0,0,1,0,1,0,1,0,0,0,1
baseline,S_0005732,1,1,1,0,1,0,0.0,1.0,0.0,1,-0.0,False,False,False,False,False,0,1,0,0,1,1,0,0,0,0,1
baseline,S_0005734,1,1,1,0,1,0,0.0,1.0,0.0,1,-0.0,False,False,False,False,False,0,1,0,0,1,1,0,0,0,0,1
baseline,S_0005736,1,1,1,0,1,0,0.0,1.0,0.0,1,-0.0,False,False,False,False,False,0,0,1,0,1,0,0,1,0,0,1
baseline,S_0005737,1,1,1,0,1,0,0.0,1.0,0.0,1,-0.0,False,False,False,False,False,0,0,1,0,1,0,0,1,0,0,1
baseline,S_0005738,1,1,1,0,0,1,0.0,0.0,1.0,1,-0.0,False,False,False,False,False,0,0,1,0,1,0,0,0,0,1,1
baseline,S_0005739,2,2,1,0,1,1,0.0,0.5,0.5,2,0.6309297535714574,False,True,False,False,False,0,0,2,0,1,0,0,1,0,1,2
baseline,S_0005742,1,1,1,0,0,1,0.0,0.0,1.0,1,-0.0,False,False,False,False,False,0,0,1,0,1,0,0,0,0,1,1
baseline,S_0005743,1,1,1,0,0,1,0.0,0.0,1.0,1,-0.0,False,False,False,False,False,0,0,1,0,1,0,0,0,0,1,1
baseline,S_0005748,1,1,1,0,1,0,0.0,1.0,0.0,1,-0.0,False,False,False,False,False,0,0,1,0,1,0,1,0,0,0,1
baseline,S_0005749,2,2,2,0,2,0,0.0,1.0,0.0,1,-0.0,False,True,False,False,False,0,0,0,2,1,1,1,0,0,0,2
baseline,S_0005765,1,1,1,0,1,0,0.0,1.0,0.0,1,-0.0,False,False,False,False,False,0,0,1,0,1,0,0,0,0,1,1
baseline,S_0005766,1,1,1,0,1,0,0.0,1.0,0.0,1,-0.0,False,False,False,False,False,0,0,1,0,1,0,0,0,0,1,1
baseline,S_0005769,2,1,2,0,1,0,0.0,1.0,0.0,1,-0.0,False,False,False,False,False,0,0,0,1,1,0,1,0,0,0,1
baseline,S_0005772,1,1,1,0,1,0,0.0,1.0,0.0,1,-0.0,False,False,False,False,False,0,1,0,0,1,0,0,0,0,1,1
baseline,S_0005773,1,1,1,0,1,0,0.0,1.0,0.0,1,-0.0,False,False,False,False,False,0,0,1,0,1,1,0,0,0,0,1
baseline,S_0005781,1,1,1,0,0,1,0.0,0.0,1.0,1,-0.0,False,False,False,False,False,0,1,0,0,1,1,0,0,0,0,1
baseline,S_0005785,1,1,1,0,1,0,0.0,1.0,0.0,1,-0.0,False,False,False,False,False,0,1,0,0,1,0,0,1,0,0,1
baseline,S_0005786,1,1,1,0,1,0,0.0,1.0,0.0,1,-0.0,False,False,False,False,False,0,1,0,0,1,0,0,1,0,0,1
baseline,S_0005796,3,3,3,1,1,1,0.3333333333333333,0.3333333333333333,0.3333333333333333,3,0.9999999999999998,False,True,True,False,False,0,0,0,3,1,2,0,0,0,1,2
baseline,S_0005815,2,2,1,1,1,0,0.5,0.5,0.0,2,0.6309297535714574,False,True,False,False,False,0,0,2,0,1,0,1,0,0,1,2
baseline,S_0005842,2,2,1,1,1,0,0.5,0.5,0.0,2,0.6309297535714574,False,True,False,False,False,0,0,2,0,1,0,1,0,0,1,2
baseline,S_0005863,1,1,1,1,0,0,1.0,0.0,0.0,1,-0.0,False,False,False,False,False,0,0,0,1,1,1,0,0,0,0,1
baseline,S_0005865,1,1,1,1,0,0,1.0,0.0,0.0,1,-0.0,False,False,False,False,False,0,0,0,1,1,1,0,0,0,0,1
baseline,S_0005867,2,2,1,1,1,0,0.5,0.5,0.0,2,0.6309297535714574,False,True,False,False,False,0,0,2,0,1,0,1,0,0,1,2
baseline,S_0005868,2,2,1,1,1,0,0.5,0.5,0.0,2,0.6309297535714574,False,True,False,False,False,0,0,2,0,1,0,1,0,0,1,2
baseline,S_0005872,2,2,2,2,0,0,1.0,0.0,0.0,1,-0.0,False,True,False,False,False,0,0,1,1,2,0,1,0,1,0,2
baseline,S_0005874,2,2,2,2,0,0,1.0,0.0,0.0,1,-0.0,False,True,False,False,False,0,0,1,1,2,0,1,0,1,0,2
baseline,S_0005879,2,2,2,1,1,0,0.5,0.5,0.0,2,0.6309297535714574,False,True,False,False,False,0,1,1,0,2,1,0,0,0,1,2
baseline,S_0005899,2,2,2,2,0,0,1.0,0.0,0.0,1,-0.0,False,True,False,False,False,0,0,1,1,2,0,1,0,1,0,2
baseline,S_0005919,1,1,1,1,0,0,1.0,0.0,0.0,1,-0.0,False,False,False,False,False,0,0,0,1,1,1,0,0,0,0,1
baseline,S_0005920,1,1,1,1,0,0,1.0,0.0,0.0,1,-0.0,False,False,False,False,False,0,0,0,1,1,1,0,0,0,0,1
baseline,S_0005938,1,1,1,0,1,0,0.0,1.0,0.0,1,-0.0,False,False,False,False,False,0,0,1,0,1,0,0,0,0,1,1
baseline,S_0005940,1,1,1,0,1,0,0.0,1.0,0.0,1,-0.0,False,False,False,False,False,0,0,1,0,1,0,0,0,0,1,1
baseline,S_0005944,1,1,1,1,0,0,1.0,0.0,0.0,1,-0.0,False,False,False,False,False,0,0,1,0,1,0,1,0,0,0,1
baseline,S_0005946,1,1,1,1,0,0,1.0,0.0,0.0,1,-0.0,False,False,False,False,False,0,0,1,0,1,0,1,0,0,0,1
baseline,S_0005952,2,2,2,1,1,0,0.5,0.5,0.0,2,0.6309297535714574,False,True,False,False,False,0,1,1,0,2,1,0,0,0,1,2
baseline,S_0005954,3,3,3,1,2,0,0.3333333333333333,0.6666666666666666,0.0,2,0.5793801642856949,False,True,True,False,False,0,1,2,0,2,1,0,0,0,2,2
baseline,S_0005955,2,2,2,1,1,0,0.5,0.5,0.0,2,0.6309297535714574,False,True,False,False,False,0,1,1,0,2,1,0,0,0,1,2
baseline,S_0005977,1,1,1,0,1,0,0.0,1.0,0.0,1,-0.0,False,False,False,False,False,0,1,0,0,1,1,0,0,0,0,1
baseline,S_0006023,1,1,1,0,1,0,0.0,1.0,0.0,1,-0.0,False,False,False,False,False,0,0,1,0,1,0,0,0,0,1,1
baseline,S_0006024,1,1,1,0,1,0,0.0,1.0,0.0,1,-0.0,False,False,False,False,False,0,0,1,0,1,0,0,0,0,1,1
baseline,S_0006028,2,2,1,2,0,0,1.0,0.0,0.0,1,-0.0,False,True,False,False,False,0,0,2,0,1,1,1,0,0,0,2
baseline,S_0006030,1,1,1,0,1,0,0.0,1.0,0.0,1,-0.0,False,False,False,False,False,0,1,0,0,1,1,0,0,0,0,1
baseline,S_0006031,1,1,1,0,1,0,0.0,1.0,0.0,1,-0.0,False,False,False,False,False,0,1,0,0,1,1,0,0,0,0,1
baseline,S_0006041,2,2,1,2,0,0,1.0,0.0,0.0,1,-0.0,False,True,False,False,False,0,0,2,0,1,1,1,0,0,0,2
baseline,S_0006061,1,1,1,1,0,0,1.0,0.0,0.0,1,-0.0,False,False,False,False,False,0,0,1,0,1,1,0,0,0,0,1
baseline,S_0006062,1,1,1,1,0,0,1.0,0.0,0.0,1,-0.0,False,False,False,False,False,0,0,1,0,1,1,0,0,0,0,1
baseline,S_0006069,2,2,2,1,1,0,0.5,0.5,0.0,2,0.6309297535714574,False,True,False,False,False,0,1,1,0,2,1,0,0,0,1,2
baseline,S_0006082,1,1,1,0,1,0,0.0,1.0,0.0,1,-0.0,False,False,False,False,False,0,0,1,0,1,0,0,0,0,1,1
baseline,S_0006083,1,1,1,0,1,0,0.0,1.0,0.0,1,-0.0,False,False,False,False,False,0,0,1,0,1,0,0,0,0,1,1
baseline,S_0006086,2,2,1,2,0,0,1.0,0.0,0.0,1,-0.0,False,True,False,False,False,0,0,2,0,1,1,1,0,0,0,2
baseline,S_0006118,1,1,1,0,1,0,0.0,1.0,0.0,1,-0.0,False,False,False,False,False,0,0,1,0,1,0,0,0,0,1,1
baseline,S_0006157,1,1,1,1,0,0,1.0,0.0,0.0,1,-0.0,False,False,False,False,False,0,0,1,0,1,0,1,0,0,0,1
baseline,S_0006159,1,1,1,1,0,0,1.0,0.0,0.0,1,-0.0,False,False,False,False,False,0,0,1,0,1,0,1,0,0,0,1
baseline,S_0006189,1,1,1,0,1,0,0.0,1.0,0.0,1,-0.0,False,False,False,False,False,0,0,0,1,1,0,0,0,0,1,1
baseline,S_0006206,1,1,1,0,1,0,0.0,1.0,0.0,1,-0.0,False,False,False,False,False,0,0,1,0,1,0,0,0,1,0,1
baseline,S_0006208,1,1,1,0,1,0,0.0,1.0,0.0,1,-0.0,False,False,False,False,False,0,0,1,0,1,0,0,0,1,0,1
baseline,S_0006216,1,1,1,1,0,0,1.0,0.0,0.0,1,-0.0,False,False,False,False,False,0,0,1,0,1,1,0,0,0,0,1
baseline,S_0006217,2,2,1,0,2,0,0.0,1.0,0.0,1,-0.0,False,True,False,False,False,0,0,2,0,1,1,1,0,0,0,2
baseline,S_0006220,1,1,1,0,1,0,0.0,1.0,0.0,1,-0.0,False,False,False,False,False,0,0,0,1,1,0,0,0,0,1,1
baseline,S_0006225,1,1,1,1,0,0,1.0,0.0,0.0,1,-0.0,False,False,False,False,False,0,0,1,0,1,1,0,0,0,0,1
baseline,S_0006226,1,1,1,0,1,0,0.0,1.0,0.0,1,-0.0,False,False,False,False,False,0,1,0,0,1,1,0,0,0,0,1
baseline,S_0006228,1,1,1,0,1,0,0.0,1.0,0.0,1,-0.0,False,False,False,False,False,0,1,0,0,1,1,0,0,0,0,1
baseline,S_0006236,1,1,1,0,1,0,0.0,1.0,0.0,1,-0.0,False,False,False,False,False,0,0,0,1,1,1,0,0,0,0,1
baseline,S_0006243,1,1,1,1,0,0,1.0,0.0,0.0,1,-0.0,False,False,False,False,False,0,0,1,0,1,1,0,0,0,0,1
baseline,S_0006250,3,1,3,0,0,1,0.0,0.0,1.0,1,-0.0,False,False,False,False,False,0,0,0,1,1,0,0,0,0,1,1
baseline,S_0006251,1,1,1,0,0,1,0.0,0.0,1.0,1,-0.0,False,False,False,False,False,0,0,0,1,1,0,0,0,0,1,1
baseline,S_0006252,1,1,1,0,0,1,0.0,0.0,1.0,1,-0.0,False,False,False,False,False,0,0,0,1,1,0,0,0,0,1,1
baseline,S_0006255,2,2,2,0,1,1,0.0,0.5,0.5,2,0.6309297535714574,False,True,False,False,False,0,0,0,2,1,0,0,0,1,1,2
baseline,S_0006257,2,2,2,0,1,1,0.0,0.5,0.5,2,0.6309297535714574,False,True,False,False,False,0,0,0,2,1,0,0,0,1,1,2
baseline,S_0006258,1,1,1,1,0,0,1.0,0.0,0.0,1,-0.0,False,False,False,False,False,0,0,1,0,1,0,0,0,0,1,1
baseline,S_0006265,1,1,1,1,0,0,1.0,0.0,0.0,1,-0.0,False,False,False,False,False,0,0,0,1,1,0,0,0,1,0,1
baseline,S_0006274,1,1,1,0,1,0,0.0,1.0,0.0,1,-0.0,False,False,False,False,False,0,1,0,0,1,0,0,0,1,0,1
baseline,S_0006275,1,1,1,0,1,0,0.0,1.0,0.0,1,-0.0,False,False,False,False,False,0,1,0,0,1,0,0,0,1,0,1
baseline,S_0006285,1,1,1,0,1,0,0.0,1.0,0.0,1,-0.0,False,False,False,False,False,0,0,1,0,1,1,0,0,0,0,1
baseline,S_0006288,1,1,1,0,1,0,0.0,1.0,0.0,1,-0.0,False,False,False,False,False,0,0,1,0,1,1,0,0,0,0,1
baseline,S_0006292,8,3,8,1,2,0,0.3333333333333333,0.6666666666666666,0.0,2,0.5793801642856949,False,True,True,False,False,0,0,0,3,1,1,0,0,1,1,3
baseline,S_0006298,2,2,2,0,2,0,0.0,1.0,0.0,1,-0.0,False,True,False,False,False,0,0,2,0,1,0,0,0,2,0,1
baseline,S_0006307,2,2,1,0,2,0,0.0,1.0,0.0,1,-0.0,False,True,False,False,False,0,0,2,0,1,0,1,0,1,0,2
baseline,S_0006308,2,2,1,0,2,0,0.0,1.0,0.0,1,-0.0,False,True,False,False,False,0,0,2,0,1,0,1,0,1,0,2
baseline,S_0006311,1,1,1,0,1,0,0.0,1.0,0.0,1,-0.0,False,False,False,False,False,0,0,1,0,1,1,0,0,0,0,1
baseline,S_0006313,1,1,1,0,1,0,0.0,1.0,0.0,1,-0.0,False,False,False,False,False,0,0,0,1,1,0,1,0,0,0,1
baseline,S_0006314,1,1,1,0,1,0,0.0,1.0,0.0,1,-0.0,False,False,False,False,False,0,0,1,0,1,1,0,0,0,0,1
baseline,S_0006317,2,2,2,0,2,0,0.0,1.0,0.0,1,-0.0,False,True,False,False,False,0,0,0,2,1,1,1,0,0,0,2
baseline,S_0006325,1,1,1,0,1,0,0.0,1.0,0.0,1,-0.0,False,False,False,False,False,0,0,1,0,1,0,0,0,1,0,1
baseline,S_0006326,1,1,1,0,1,0,0.0,1.0,0.0,1,-0.0,False,False,False,False,False,0,0,1,0,1,0,0,0,1,0,1
baseline,S_0006328,1,1,1,0,1,0,0.0,1.0,0.0,1,-0.0,False,False,False,False,False,0,0,1,0,1,0,0,0,1,0,1
baseline,S_0006359,1,1,1,0,1,0,0.0,1.0,0.0,1,-0.0,False,False,False,False,False,0,0,1,0,1,0,0,0,0,1,1
baseline,S_0006360,1,1,1,0,1,0,0.0,1.0,0.0,1,-0.0,False,False,False,False,False,0,0,1,0,1,0,0,0,0,1,1
baseline,S_0006385,1,1,1,0,1,0,0.0,1.0,0.0,1,-0.0,False,False,False,False,False,0,0,1,0,1,0,0,0,1,0,1
baseline,S_0006387,1,1,1,0,1,0,0.0,1.0,0.0,1,-0.0,False,False,False,False,False,0,0,1,0,1,0,0,0,1,0,1
baseline,S_0006429,1,1,1,0,1,0,0.0,1.0,0.0,1,-0.0,False,False,False,False,False,0,0,1,0,1,0,0,0,0,1,1
baseline,S_0006454,1,1,1,0,1,0,0.0,1.0,0.0,1,-0.0,False,False,False,False,False,0,0,1,0,1,0,0,0,1,0,1
baseline,S_0006455,1,1,1,0,0,1,0.0,0.0,1.0,1,-0.0,False,False,False,False,False,0,0,1,0,1,1,0,0,0,0,1
baseline,S_0006456,2,2,2,0,1,1,0.0,0.5,0.5,2,0.6309297535714574,False,True,False,False,False,0,0,1,1,2,0,0,0,0,2,1
baseline,S_0006457,2,2,2,0,1,1,0.0,0.5,0.5,2,0.6309297535714574,False,True,False,False,False,0,0,1,1,2,0,0,0,0,2,1
baseline,S_0006458,2,2,2,0,1,1,0.0,0.5,0.5,2,0.6309297535714574,False,True,False,False,False,0,0,1,1,2,0,0,0,0,2,1
baseline,S_0006485,1,1,1,1,0,0,1.0,0.0,0.0,1,-0.0,False,False,False,False,False,0,0,1,0,1,0,1,0,0,0,1
baseline,S_0006505,1,1,1,0,1,0,0.0,1.0,0.0,1,-0.0,False,False,False,False,False,0,0,1,0,1,0,0,0,0,1,1
baseline,S_0006547,1,1,1,0,1,0,0.0,1.0,0.0,1,-0.0,False,False,False,False,False,0,0,1,0,1,0,0,0,0,1,1
baseline,S_0006550,1,1,1,0,0,1,0.0,0.0,1.0,1,-0.0,False,False,False,False,False,0,0,1,0,1,0,1,0,0,0,1
baseline,S_0006551,1,1,1,0,0,1,0.0,0.0,1.0,1,-0.0,False,False,False,False,False,0,0,1,0,1,0,1,0,0,0,1
baseline,S_0006567,2,2,2,0,1,1,0.0,0.5,0.5,2,0.6309297535714574,False,True,False,False,False,0,0,0,2,1,2,0,0,0,0,1
baseline,S_0006636,1,1,1,0,0,1,0.0,0.0,1.0,1,-0.0,False,False,False,False,False,0,0,1,0,1,0,0,0,0,1,1
baseline,S_0006639,1,1,1,0,0,1,0.0,0.0,1.0,1,-0.0,False,False,False,False,False,0,0,1,0,1,0,0,0,0,1,1
baseline,S_0006640,1,1,1,0,0,1,0.0,0.0,1.0,1,-0.0,False,False,False,False,False,0,0,1,0,1,0,0,0,0,1,1
baseline,S_0006642,1,1,1,0,0,1,0.0,0.0,1.0,1,-0.0,False,False,False,False,False,0,0,0,1,1,1,0,0,0,0,1
baseline,S_0006645,2,2,1,0,2,0,0.0,1.0,0.0,1,-0.0,False,True,False,False,False,0,0,2,0,1,0,1,0,1,0,2
baseline,S_0006647,1,1,1,0,0,1,0.0,0.0,1.0,1,-0.0,False,False,False,False,False,0,0,1,0,1,0,0,0,0,1,1
baseline,S_0006649,1,1,1,0,0,1,0.0,0.0,1.0,1,-0.0,False,False,False,False,False,0,0,1,0,1,0,0,0,0,1,1
baseline,S_0006650,1,1,1,0,0,1,0.0,0.0,1.0,1,-0.0,False,False,False,False,False,0,0,1,0,1,0,0,0,0,1,1
baseline,S_0006651,1,1,1,0,0,1,0.0,0.0,1.0,1,-0.0,False,False,False,False,False,0,0,1,0,1,0,0,0,0,1,1
baseline,S_0006652,1,1,1,0,0,1,0.0,0.0,1.0,1,-0.0,False,False,False,False,False,0,0,1,0,1,0,0,0,0,1,1
baseline,S_0006676,2,2,2,0,1,1,0.0,0.5,0.5,2,0.6309297535714574,False,True,False,False,False,0,0,1,1,2,0,0,1,1,0,2
baseline,S_0006690,1,1,1,1,0,0,1.0,0.0,0.0,1,-0.0,False,False,False,False,False,0,1,0,0,1,0,0,1,0,0,1
baseline,S_0006691,1,1,1,1,0,0,1.0,0.0,0.0,1,-0.0,False,False,False,False,False,0,1,0,0,1,0,0,1,0,0,1
baseline,S_0006692,1,1,1,1,0,0,1.0,0.0,0.0,1,-0.0,False,False,False,False,False,0,1,0,0,1,0,0,1,0,0,1
baseline,S_0006697,3,3,1,0,2,1,0.0,0.6666666666666666,0.3333333333333333,2,0.5793801642856949,False,True,True,False,False,0,0,3,0,1,0,1,1,0,1,3
baseline,S_0006699,2,2,1,0,1,1,0.0,0.5,0.5,2,0.6309297535714574,False,True,False,False,False,0,0,2,0,1,0,0,1,0,1,2
baseline,S_0006700,2,2,1,0,1,1,0.0,0.5,0.5,2,0.6309297535714574,False,True,False,False,False,0,0,2,0,1,0,0,1,0,1,2
baseline,S_0006702,2,2,2,0,1,1,0.0,0.5,0.5,2,0.6309297535714574,False,True,False,False,False,0,0,0,2,1,1,1,0,0,0,2
baseline,S_0006703,2,2,2,0,1,1,0.0,0.5,0.5,2,0.6309297535714574,False,True,False,False,False,0,0,0,2,1,1,1,0,0,0,2
baseline,S_0006705,2,2,2,0,1,1,0.0,0.5,0.5,2,0.6309297535714574,False,True,False,False,False,0,0,0,2,1,1,1,0,0,0,2
baseline,S_0006713,1,1,1,1,0,0,1.0,0.0,0.0,1,-0.0,False,False,False,False,False,0,0,0,1,1,1,0,0,0,0,1
baseline,S_0006714,1,1,1,1,0,0,1.0,0.0,0.0,1,-0.0,False,False,False,False,False,0,0,0,1,1,1,0,0,0,0,1
baseline,S_0006716,1,1,1,1,0,0,1.0,0.0,0.0,1,-0.0,False,False,False,False,False,0,0,0,1,1,1,0,0,0,0,1
baseline,S_0006719,1,1,1,0,1,0,0.0,1.0,0.0,1,-0.0,False,False,False,False,False,0,0,0,1,1,0,1,0,0,0,1
baseline,S_0006721,1,1,1,1,0,0,1.0,0.0,0.0,1,-0.0,False,False,False,False,False,0,0,0,1,1,1,0,0,0,0,1
baseline,S_0006728,3,3,1,0,2,1,0.0,0.6666666666666666,0.3333333333333333,2,0.5793801642856949,False,True,True,False,False,0,0,3,0,1,0,1,1,0,1,3
baseline,S_0006794,2,2,1,0,2,0,0.0,1.0,0.0,1,-0.0,False,True,False,False,False,0,0,2,0,1,0,0,0,1,1,2
baseline,S_0006795,2,2,1,0,2,0,0.0,1.0,0.0,1,-0.0,False,True,False,False,False,0,0,2,0,1,0,0,0,1,1,2
baseline,S_0006801,2,2,1,0,2,0,0.0,1.0,0.0,1,-0.0,False,True,False,False,False,0,0,2,0,1,0,0,0,1,1,2
baseline,S_0006816,2,2,1,0,2,0,0.0,1.0,0.0,1,-0.0,False,True,False,False,False,0,0,2,0,1,0,0,1,1,0,2
baseline,S_0006819,2,2,1,0,2,0,0.0,1.0,0.0,1,-0.0,False,True,False,False,False,0,0,2,0,1,0,0,1,1,0,2
baseline,S_0006823,1,1,1,0,1,0,0.0,1.0,0.0,1,-0.0,False,False,False,False,False,0,0,1,0,1,0,0,1,0,0,1
baseline,S_0006824,1,1,1,0,1,0,0.0,1.0,0.0,1,-0.0,False,False,False,False,False,0,0,1,0,1,0,0,0,0,1,1
baseline,S_0006827,1,1,1,0,1,0,0.0,1.0,0.0,1,-0.0,False,False,False,False,False,0,0,1,0,1,0,0,0,0,1,1
baseline,S_0006829,1,1,1,0,1,0,0.0,1.0,0.0,1,-0.0,False,False,False,False,False,0,0,1,0,1,0,0,0,0,1,1
baseline,S_0006830,1,1,1,0,1,0,0.0,1.0,0.0,1,-0.0,False,False,False,False,False,0,0,1,0,1,0,0,0,0,1,1
baseline,S_0006831,1,1,1,0,1,0,0.0,1.0,0.0,1,-0.0,False,False,False,False,False,0,0,1,0,1,0,0,0,0,1,1
baseline,S_0006833,2,2,1,0,2,0,0.0,1.0,0.0,1,-0.0,False,True,False,False,False,0,0,2,0,1,0,1,1,0,0,2
baseline,S_0006834,2,2,1,0,2,0,0.0,1.0,0.0,1,-0.0,False,True,False,False,False,0,0,2,0,1,0,1,1,0,0,2
baseline,S_0006835,4,4,3,0,3,1,0.0,0.75,0.25,2,0.5118595071429147,False,True,True,False,False,0,0,0,4,1,0,1,0,2,1,3
baseline,S_0006836,7,4,5,0,3,1,0.0,0.75,0.25,2,0.5118595071429147,False,True,True,False,False,0,0,0,4,1,0,1,0,2,1,3
baseline,S_0006838,2,2,1,0,2,0,0.0,1.0,0.0,1,-0.0,False,True,False,False,False,0,0,2,0,1,0,1,1,0,0,2
baseline,S_0006867,1,1,1,1,0,0,1.0,0.0,0.0,1,-0.0,False,False,False,False,False,0,0,0,1,1,0,0,0,0,1,1
baseline,S_0006868,1,1,1,1,0,0,1.0,0.0,0.0,1,-0.0,False,False,False,False,False,0,0,0,1,1,0,0,0,0,1,1
baseline,S_0006869,1,1,1,1,0,0,1.0,0.0,0.0,1,-0.0,False,False,False,False,False,0,0,0,1,1,0,0,0,0,1,1
baseline,S_0006870,1,1,1,1,0,0,1.0,0.0,0.0,1,-0.0,False,False,False,False,False,0,0,0,1,1,0,0,0,0,1,1
baseline,S_0006874,1,1,1,0,1,0,0.0,1.0,0.0,1,-0.0,False,False,False,False,False,0,0,1,0,1,0,0,0,0,1,1
baseline,S_0006875,3,3,3,1,2,0,0.3333333333333333,0.6666666666666666,0.0,2,0.5793801642856949,False,True,True,False,False,0,0,1,2,2,0,0,0,0,3,1
baseline,S_0006876,1,1,1,1,0,0,1.0,0.0,0.0,1,-0.0,False,False,False,False,False,0,0,0,1,1,0,0,0,0,1,1
baseline,S_0006904,1,1,1,0,1,0,0.0,1.0,0.0,1,-0.0,False,False,False,False,False,0,0,1,0,1,0,0,0,0,1,1
baseline,S_0006905,1,1,1,0,1,0,0.0,1.0,0.0,1,-0.0,False,False,False,False,False,0,0,1,0,1,0,0,0,0,1,1
baseline,S_0006906,1,1,1,0,1,0,0.0,1.0,0.0,1,-0.0,False,False,False,False,False,0,0,0,1,1,0,1,0,0,0,1
baseline,S_0006908,1,1,1,0,1,0,0.0,1.0,0.0,1,-0.0,False,False,False,False,False,0,0,0,1,1,0,1,0,0,0,1
baseline,S_0006911,1,1,1,0,1,0,0.0,1.0,0.0,1,-0.0,False,False,False,False,False,0,0,0,1,1,0,1,0,0,0,1
baseline,S_0006912,1,1,1,0,1,0,0.0,1.0,0.0,1,-0.0,False,False,False,False,False,0,0,0,1,1,0,1,0,0,0,1
baseline,S_0006915,1,1,1,0,1,0,0.0,1.0,0.0,1,-0.0,False,False,False,False,False,0,0,0,1,1,0,1,0,0,0,1
baseline,S_0006917,1,1,1,0,1,0,0.0,1.0,0.0,1,-0.0,False,False,False,False,False,0,0,0,1,1,0,1,0,0,0,1
baseline,S_0006919,1,1,1,0,1,0,0.0,1.0,0.0,1,-0.0,False,False,False,False,False,0,0,0,1,1,0,1,0,0,0,1
baseline,S_0006920,1,1,1,0,1,0,0.0,1.0,0.0,1,-0.0,False,False,False,False,False,0,0,0,1,1,0,1,0,0,0,1
baseline,S_0006921,1,1,1,0,1,0,0.0,1.0,0.0,1,-0.0,False,False,False,False,False,0,0,0,1,1,0,1,0,0,0,1
baseline,S_0006924,1,1,1,0,1,0,0.0,1.0,0.0,1,-0.0,False,False,False,False,False,0,0,0,1,1,0,1,0,0,0,1
baseline,S_0006925,1,1,1,0,1,0,0.0,1.0,0.0,1,-0.0,False,False,False,False,False,0,0,0,1,1,0,1,0,0,0,1
baseline,S_0006939,3,3,3,1,2,0,0.3333333333333333,0.6666666666666666,0.0,2,0.5793801642856949,False,True,True,False,False,0,0,0,3,1,0,1,0,1,1,3
baseline,S_0006940,7,4,7,1,3,0,0.25,0.75,0.0,2,0.5118595071429147,False,True,True,False,False,0,0,1,3,2,0,2,0,1,1,3
baseline,S_0006941,6,6,5,1,5,0,0.16666666666666666,0.8333333333333334,0.0,2,0.41011848630651804,True,True,True,True,False,0,0,2,4,2,1,1,0,2,2,4
baseline,S_0006942,1,1,1,0,1,0,0.0,1.0,0.0,1,-0.0,False,False,False,False,False,0,0,0,1,1,1,0,0,0,0,1
baseline,S_0006943,5,5,5,1,4,0,0.2,0.8,0.0,2,0.4554859150035952,True,True,True,True,False,0,0,1,4,2,1,2,0,1,1,4
baseline,S_0006944,5,5,5,1,4,0,0.2,0.8,0.0,2,0.4554859150035952,True,True,True,True,False,0,0,1,4,2,1,2,0,1,1,4
baseline,S_0006945,1,1,1,0,0,1,0.0,0.0,1.0,1,-0.0,False,False,False,False,False,0,0,1,0,1,0,1,0,0,0,1
baseline,S_0006948,1,1,1,0,1,0,0.0,1.0,0.0,1,-0.0,False,False,False,False,False,0,0,1,0,1,0,1,0,0,0,1
baseline,S_0006949,2,2,2,0,2,0,0.0,1.0,0.0,1,-0.0,False,True,False,False,False,0,0,1,1,2,1,1,0,0,0,2
baseline,S_0006950,1,1,1,0,1,0,0.0,1.0,0.0,1,-0.0,False,False,False,False,False,0,0,1,0,1,0,0,0,1,0,1
baseline,S_0006951,2,2,2,0,2,0,0.0,1.0,0.0,1,-0.0,False,True,False,False,False,0,0,1,1,2,1,0,0,1,0,2
baseline,S_0006956,1,1,1,0,1,0,0.0,1.0,0.0,1,-0.0,False,False,False,False,False,0,0,1,0,1,0,0,0,1,0,1
baseline,S_0006957,1,1,1,0,1,0,0.0,1.0,0.0,1,-0.0,False,False,False,False,False,0,0,1,0,1,0,0,0,1,0,1
baseline,S_0006974,1,1,1,0,0,1,0.0,0.0,1.0,1,-0.0,False,False,False,False,False,0,0,1,0,1,0,1,0,0,0,1
baseline,S_0006980,1,1,1,0,0,1,0.0,0.0,1.0,1,-0.0,False,False,False,False,False,0,0,1,0,1,0,1,0,0,0,1
baseline,S_0006991,1,1,1,0,0,1,0.0,0.0,1.0,1,-0.0,False,False,False,False,False,0,0,1,0,1,0,1,0,0,0,1
baseline,S_0007042,1,1,1,0,0,1,0.0,0.0,1.0,1,-0.0,False,False,False,False,False,0,0,1,0,1,0,1,0,0,0,1
baseline,S_0007050,1,1,1,0,0,1,0.0,0.0,1.0,1,-0.0,False,False,False,False,False,0,0,1,0,1,0,1,0,0,0,1
baseline,S_0007080,1,1,1,0,1,0,0.0,1.0,0.0,1,-0.0,False,False,False,False,False,0,0,0,1,1,0,0,0,0,1,1
baseline,S_0007081,1,1,1,0,1,0,0.0,1.0,0.0,1,-0.0,False,False,False,False,False,0,0,0,1,1,0,0,0,0,1,1
baseline,S_0007083,2,1,2,0,1,0,0.0,1.0,0.0,1,-0.0,False,False,False,False,False,0,0,0,1,1,0,0,0,0,1,1
baseline,S_0007085,1,1,1,0,1,0,0.0,1.0,0.0,1,-0.0,False,False,False,False,False,0,0,0,1,1,0,0,0,0,1,1
baseline,S_0007430,2,2,1,0,2,0,0.0,1.0,0.0,1,-0.0,False,True,False,False,False,0,0,2,0,1,0,0,1,1,0,2
baseline,S_0007432,2,2,1,0,2,0,0.0,1.0,0.0,1,-0.0,False,True,False,False,False,0,0,2,0,1,0,0,0,0,2,1
baseline,S_0007433,2,2,1,0,2,0,0.0,1.0,0.0,1,-0.0,False,True,False,False,False,0,0,2,0,1,0,0,0,0,2,1
baseline,S_0007435,2,2,1,0,2,0,0.0,1.0,0.0,1,-0.0,False,True,False,False,False,0,0,2,0,1,0,1,1,0,0,2
baseline,S_0007436,1,1,1,0,1,0,0.0,1.0,0.0,1,-0.0,False,False,False,False,False,0,0,1,0,1,0,0,0,0,1,1
baseline,S_0007437,1,1,1,0,1,0,0.0,1.0,0.0,1,-0.0,False,False,False,False,False,0,0,1,0,1,0,0,0,0,1,1
baseline,S_0007445,2,2,1,0,2,0,0.0,1.0,0.0,1,-0.0,False,True,False,False,False,0,0,2,0,1,0,0,1,1,0,2
baseline,S_0007446,1,1,1,0,1,0,0.0,1.0,0.0,1,-0.0,False,False,False,False,False,0,0,1,0,1,0,0,1,0,0,1
baseline,S_0007471,2,2,2,0,2,0,0.0,1.0,0.0,1,-0.0,False,True,False,False,False,0,0,2,0,1,0,0,1,0,1,2
baseline,S_0007472,1,1,1,0,1,0,0.0,1.0,0.0,1,-0.0,False,False,False,False,False,0,0,0,1,1,0,0,0,0,1,1
baseline,S_0007473,1,1,1,0,1,0,0.0,1.0,0.0,1,-0.0,False,False,False,False,False,0,0,0,1,1,0,0,0,0,1,1
baseline,S_0007475,1,1,1,0,1,0,0.0,1.0,0.0,1,-0.0,False,False,False,False,False,0,0,1,0,1,0,0,1,0,0,1
baseline,S_0007486,1,1,1,0,0,1,0.0,0.0,1.0,1,-0.0,False,False,False,False,False,0,0,1,0,1,0,1,0,0,0,1
baseline,S_0007487,1,1,1,0,0,1,0.0,0.0,1.0,1,-0.0,False,False,False,False,False,0,0,1,0,1,0,1,0,0,0,1
baseline,S_0007497,1,1,1,0,1,0,0.0,1.0,0.0,1,-0.0,False,False,False,False,False,0,0,0,1,1,0,0,0,0,1,1
baseline,S_0007529,2,2,2,0,2,0,0.0,1.0,0.0,1,-0.0,False,True,False,False,False,0,0,2,0,1,0,0,1,0,1,2
baseline,S_0007530,2,2,2,0,2,0,0.0,1.0,0.0,1,-0.0,False,True,False,False,False,0,0,2,0,1,0,0,1,0,1,2
baseline,S_0007531,1,1,1,0,1,0,0.0,1.0,0.0,1,-0.0,False,False,False,False,False,0,0,1,0,1,0,0,1,0,0,1
baseline,S_0007532,1,1,1,0,1,0,0.0,1.0,0.0,1,-0.0,False,False,False,False,False,0,0,1,0,1,0,0,1,0,0,1
baseline,S_0007533,1,1,1,0,1,0,0.0,1.0,0.0,1,-0.0,False,False,False,False,False,0,0,1,0,1,0,0,1,0,0,1
baseline,S_0007535,1,1,1,0,1,0,0.0,1.0,0.0,1,-0.0,False,False,False,False,False,0,0,1,0,1,0,0,1,0,0,1
baseline,S_0007536,1,1,1,0,1,0,0.0,1.0,0.0,1,-0.0,False,False,False,False,False,0,0,1,0,1,0,0,1,0,0,1
baseline,S_0007564,3,3,2,0,3,0,0.0,1.0,0.0,1,-0.0,False,True,True,False,False,0,1,2,0,2,2,0,0,0,1,2
baseline,S_0007573,3,3,2,0,3,0,0.0,1.0,0.0,1,-0.0,False,True,True,False,False,0,1,2,0,2,2,0,0,0,1,2
baseline,S_0007580,3,3,2,0,3,0,0.0,1.0,0.0,1,-0.0,False,True,True,False,False,0,1,2,0,2,2,0,0,0,1,2
baseline,S_0007593,1,1,1,0,1,0,0.0,1.0,0.0,1,-0.0,False,False,False,False,False,0,0,1,0,1,0,0,1,0,0,1
baseline,S_0007652,1,1,1,0,1,0,0.0,1.0,0.0,1,-0.0,False,False,False,False,False,0,0,1,0,1,0,0,0,0,1,1
baseline,S_0007653,1,1,1,0,1,0,0.0,1.0,0.0,1,-0.0,False,False,False,False,False,0,0,1,0,1,0,0,0,0,1,1
baseline,S_0007721,4,4,3,1,1,2,0.25,0.25,0.5,3,0.946394630357186,False,True,True,False,False,0,0,0,4,1,2,0,0,1,1,3
baseline,S_0007723,1,1,1,0,1,0,0.0,1.0,0.0,1,-0.0,False,False,False,False,False,0,0,1,0,1,0,0,0,0,1,1
baseline,S_0007724,1,1,1,0,1,0,0.0,1.0,0.0,1,-0.0,False,False,False,False,False,0,0,1,0,1,0,0,0,0,1,1
baseline,S_0007725,1,1,1,0,0,1,0.0,0.0,1.0,1,-0.0,False,False,False,False,False,0,0,1,0,1,1,0,0,0,0,1
baseline,S_0007727,1,1,1,0,0,1,0.0,0.0,1.0,1,-0.0,False,False,False,False,False,0,0,1,0,1,1,0,0,0,0,1
baseline,S_0007729,1,1,1,0,1,0,0.0,1.0,0.0,1,-0.0,False,False,False,False,False,0,0,0,1,1,0,1,0,0,0,1
baseline,S_0007730,1,1,1,0,1,0,0.0,1.0,0.0,1,-0.0,False,False,False,False,False,0,0,1,0,1,0,1,0,0,0,1
baseline,S_0007731,1,1,1,0,1,0,0.0,1.0,0.0,1,-0.0,False,False,False,False,False,0,0,1,0,1,0,1,0,0,0,1
baseline,S_0007734,2,2,2,0,2,0,0.0,1.0,0.0,1,-0.0,False,True,False,False,False,0,0,1,1,2,0,2,0,0,0,1
baseline,S_0007751,1,1,1,0,1,0,0.0,1.0,0.0,1,-0.0,False,False,False,False,False,0,0,1,0,1,0,0,0,1,0,1
baseline,S_0007752,1,1,1,0,1,0,0.0,1.0,0.0,1,-0.0,False,False,False,False,False,0,0,1,0,1,0,0,0,1,0,1
baseline,S_0007753,1,1,1,0,1,0,0.0,1.0,0.0,1,-0.0,False,False,False,False,False,0,0,1,0,1,0,0,0,1,0,1
baseline,S_0007756,1,1,1,1,0,0,1.0,0.0,0.0,1,-0.0,False,False,False,False,False,0,0,0,1,1,0,0,0,1,0,1
baseline,S_0007757,1,1,1,1,0,0,1.0,0.0,0.0,1,-0.0,False,False,False,False,False,0,0,0,1,1,0,0,0,1,0,1
baseline,S_0007759,1,1,1,1,0,0,1.0,0.0,0.0,1,-0.0,False,False,False,False,False,0,1,0,0,1,0,0,1,0,0,1
baseline,S_0007760,2,2,2,1,1,0,0.5,0.5,0.0,2,0.6309297535714574,False,True,False,False,False,0,1,1,0,2,0,0,1,1,0,2
baseline,S_0007761,2,2,2,2,0,0,1.0,0.0,0.0,1,-0.0,False,True,False,False,False,0,1,0,1,2,0,0,1,1,0,2
baseline,S_0007762,1,1,1,1,0,0,1.0,0.0,0.0,1,-0.0,False,False,False,False,False,0,1,0,0,1,0,0,1,0,0,1
baseline,S_0007765,1,1,1,1,0,0,1.0,0.0,0.0,1,-0.0,False,False,False,False,False,0,0,1,0,1,0,0,0,0,1,1
baseline,S_0007766,3,3,2,1,1,1,0.3333333333333333,0.3333333333333333,0.3333333333333333,3,0.9999999999999998,False,True,True,False,False,0,0,2,1,2,1,0,0,2,0,2
baseline,S_0007864,1,1,1,0,1,0,0.0,1.0,0.0,1,-0.0,False,False,False,False,False,0,0,1,0,1,1,0,0,0,0,1
baseline,S_0007865,1,1,1,0,1,0,0.0,1.0,0.0,1,-0.0,False,False,False,False,False,0,0,1,0,1,1,0,0,0,0,1
baseline,S_0007869,1,1,1,0,1,0,0.0,1.0,0.0,1,-0.0,False,False,False,False,False,0,0,1,0,1,0,1,0,0,0,1
baseline,S_0007923,1,1,1,0,1,0,0.0,1.0,0.0,1,-0.0,False,False,False,False,False,0,0,1,0,1,0,0,1,0,0,1
baseline,S_0007924,1,1,1,0,1,0,0.0,1.0,0.0,1,-0.0,False,False,False,False,False,0,0,1,0,1,0,0,1,0,0,1
baseline,S_0007952,2,2,2,0,1,1,0.0,0.5,0.5,2,0.6309297535714574,False,True,False,False,False,0,1,1,0,2,2,0,0,0,0,1
baseline,S_0007953,2,2,2,0,1,1,0.0,0.5,0.5,2,0.6309297535714574,False,True,False,False,False,0,1,1,0,2,2,0,0,0,0,1
baseline,S_0007954,2,2,2,0,1,1,0.0,0.5,0.5,2,0.6309297535714574,False,True,False,False,False,0,1,1,0,2,2,0,0,0,0,1
baseline,S_0007955,2,2,2,0,1,1,0.0,0.5,0.5,2,0.6309297535714574,False,True,False,False,False,0,1,1,0,2,2,0,0,0,0,1
baseline,S_0008021,1,1,1,0,1,0,0.0,1.0,0.0,1,-0.0,False,False,False,False,False,0,0,1,0,1,0,0,1,0,0,1
baseline,S_0008022,1,1,1,0,1,0,0.0,1.0,0.0,1,-0.0,False,False,False,False,False,0,0,1,0,1,0,0,1,0,0,1
baseline,S_0008032,1,1,1,0,1,0,0.0,1.0,0.0,1,-0.0,False,False,False,False,False,0,0,1,0,1,0,0,1,0,0,1
baseline,S_0008060,1,1,1,0,1,0,0.0,1.0,0.0,1,-0.0,False,False,False,False,False,0,0,1,0,1,1,0,0,0,0,1
baseline,S_0008128,1,1,1,0,0,1,0.0,0.0,1.0,1,-0.0,False,False,False,False,False,1,0,0,0,1,1,0,0,0,0,1
baseline,S_0008131,2,1,2,0,1,0,0.0,1.0,0.0,1,-0.0,False,False,False,False,False,0,0,0,1,1,1,0,0,0,0,1
baseline,S_0008134,2,1,2,0,1,0,0.0,1.0,0.0,1,-0.0,False,False,False,False,False,0,0,0,1,1,1,0,0,0,0,1
baseline,S_0008136,2,1,2,0,1,0,0.0,1.0,0.0,1,-0.0,False,False,False,False,False,0,0,0,1,1,1,0,0,0,0,1
baseline,S_0008139,2,1,2,0,1,0,0.0,1.0,0.0,1,-0.0,False,False,False,False,False,0,0,0,1,1,1,0,0,0,0,1
baseline,S_0008141,1,1,1,0,1,0,0.0,1.0,0.0,1,-0.0,False,False,False,False,False,0,0,0,1,1,1,0,0,0,0,1
baseline,S_0008150,1,1,1,0,0,1,0.0,0.0,1.0,1,-0.0,False,False,False,False,False,0,0,1,0,1,1,0,0,0,0,1
baseline,S_0008153,1,1,1,0,1,0,0.0,1.0,0.0,1,-0.0,False,False,False,False,False,0,0,0,1,1,0,1,0,0,0,1
baseline,S_0008162,1,1,1,0,1,0,0.0,1.0,0.0,1,-0.0,False,False,False,False,False,0,0,0,1,1,0,0,0,0,1,1
baseline,S_0008165,1,1,1,0,0,1,0.0,0.0,1.0,1,-0.0,False,False,False,False,False,0,0,1,0,1,0,1,0,0,0,1
baseline,S_0008172,1,1,1,1,0,0,1.0,0.0,0.0,1,-0.0,False,False,False,False,False,0,1,0,0,1,0,0,1,0,0,1
baseline,S_0008173,1,1,1,1,0,0,1.0,0.0,0.0,1,-0.0,False,False,False,False,False,0,1,0,0,1,0,0,1,0,0,1
baseline,S_0008216,1,1,1,1,0,0,1.0,0.0,0.0,1,-0.0,False,False,False,False,False,0,0,0,1,1,0,0,0,0,1,1
baseline,S_0008218,1,1,1,1,0,0,1.0,0.0,0.0,1,-0.0,False,False,False,False,False,0,0,0,1,1,0,0,0,0,1,1
baseline,S_0008220,1,1,1,1,0,0,1.0,0.0,0.0,1,-0.0,False,False,False,False,False,0,0,1,0,1,1,0,0,0,0,1
baseline,S_0008237,1,1,1,0,1,0,0.0,1.0,0.0,1,-0.0,False,False,False,False,False,0,0,0,1,1,1,0,0,0,0,1
baseline,S_0008238,1,1,1,0,1,0,0.0,1.0,0.0,1,-0.0,False,False,False,False,False,0,0,0,1,1,1,0,0,0,0,1
baseline,S_0008252,1,1,1,0,1,0,0.0,1.0,0.0,1,-0.0,False,False,False,False,False,0,0,1,0,1,0,1,0,0,0,1
baseline,S_0008254,4,4,3,1,1,2,0.25,0.25,0.5,3,0.946394630357186,False,True,True,False,False,0,0,0,4,1,2,0,0,1,1,3
baseline,S_0008255,4,4,3,1,1,2,0.25,0.25,0.5,3,0.946394630357186,False,True,True,False,False,0,0,0,4,1,2,0,0,1,1,3
baseline,S_0008265,4,4,3,1,1,2,0.25,0.25,0.5,3,0.946394630357186,False,True,True,False,False,0,0,0,4,1,2,0,0,1,1,3
baseline,S_0008269,4,4,3,1,1,2,0.25,0.25,0.5,3,0.946394630357186,False,True,True,False,False,0,0,0,4,1,2,0,0,1,1,3
baseline,S_0008270,4,4,3,1,1,2,0.25,0.25,0.5,3,0.946394630357186,False,True,True,False,False,0,0,0,4,1,2,0,0,1,1,3
baseline,S_0008272,1,1,1,0,1,0,0.0,1.0,0.0,1,-0.0,False,False,False,False,False,0,0,1,0,1,1,0,0,0,0,1
baseline,S_0008273,1,1,1,0,1,0,0.0,1.0,0.0,1,-0.0,False,False,False,False,False,0,0,1,0,1,1,0,0,0,0,1
baseline,S_0008274,4,4,3,1,1,2,0.25,0.25,0.5,3,0.946394630357186,False,True,True,False,False,0,0,0,4,1,2,0,0,1,1,3
baseline,S_0008275,4,4,3,1,1,2,0.25,0.25,0.5,3,0.946394630357186,False,True,True,False,False,0,0,0,4,1,2,0,0,1,1,3
baseline,S_0008282,4,4,3,1,1,2,0.25,0.25,0.5,3,0.946394630357186,False,True,True,False,False,0,0,0,4,1,2,0,0,1,1,3
baseline,S_0008287,1,1,1,0,0,1,0.0,0.0,1.0,1,-0.0,False,False,False,False,False,0,0,1,0,1,1,0,0,0,0,1
baseline,S_0008288,1,1,1,0,0,1,0.0,0.0,1.0,1,-0.0,False,False,False,False,False,0,0,1,0,1,1,0,0,0,0,1
baseline,S_0008290,4,4,3,1,1,2,0.25,0.25,0.5,3,0.946394630357186,False,True,True,False,False,0,0,0,4,1,2,0,0,1,1,3
baseline,S_0008291,2,2,1,1,0,1,0.5,0.0,0.5,2,0.6309297535714574,False,True,False,False,False,0,0,0,2,1,0,0,0,1,1,2
baseline,S_0008292,2,2,1,1,0,1,0.5,0.0,0.5,2,0.6309297535714574,False,True,False,False,False,0,0,0,2,1,0,0,0,1,1,2
baseline,S_0008309,2,2,1,1,0,1,0.5,0.0,0.5,2,0.6309297535714574,False,True,False,False,False,0,0,0,2,1,0,0,0,1,1,2
baseline,S_0008384,2,2,1,1,0,1,0.5,0.0,0.5,2,0.6309297535714574,False,True,False,False,False,0,0,0,2,1,0,0,0,1,1,2
baseline,S_0008387,2,2,1,1,0,1,0.5,0.0,0.5,2,0.6309297535714574,False,True,False,False,False,0,0,0,2,1,0,0,0,1,1,2
baseline,S_0008388,2,2,1,1,0,1,0.5,0.0,0.5,2,0.6309297535714574,False,True,False,False,False,0,0,0,2,1,0,0,0,1,1,2
baseline,S_0008390,2,2,1,1,0,1,0.5,0.0,0.5,2,0.6309297535714574,False,True,False,False,False,0,0,0,2,1,0,0,0,1,1,2
baseline,S_0008394,2,2,1,1,0,1,0.5,0.0,0.5,2,0.6309297535714574,False,True,False,False,False,0,0,0,2,1,0,0,0,1,1,2
baseline,S_0008397,2,2,1,1,0,1,0.5,0.0,0.5,2,0.6309297535714574,False,True,False,False,False,0,0,0,2,1,0,0,0,1,1,2
baseline,S_0008399,2,2,1,1,0,1,0.5,0.0,0.5,2,0.6309297535714574,False,True,False,False,False,0,0,0,2,1,0,0,0,1,1,2
baseline,S_0008401,2,2,1,1,0,1,0.5,0.0,0.5,2,0.6309297535714574,False,True,False,False,False,0,0,0,2,1,0,0,0,1,1,2
baseline,S_0008402,2,2,1,1,0,1,0.5,0.0,0.5,2,0.6309297535714574,False,True,False,False,False,0,0,0,2,1,0,0,0,1,1,2
baseline,S_0008426,1,1,1,0,1,0,0.0,1.0,0.0,1,-0.0,False,False,False,False,False,0,0,1,0,1,0,0,1,0,0,1
baseline,S_0008432,1,1,1,0,1,0,0.0,1.0,0.0,1,-0.0,False,False,False,False,False,0,0,1,0,1,1,0,0,0,0,1
baseline,S_0008435,1,1,1,0,1,0,0.0,1.0,0.0,1,-0.0,False,False,False,False,False,0,0,1,0,1,1,0,0,0,0,1
baseline,S_0008486,1,1,1,1,0,0,1.0,0.0,0.0,1,-0.0,False,False,False,False,False,0,1,0,0,1,0,0,1,0,0,1
baseline,S_0008487,2,2,2,1,1,0,0.5,0.5,0.0,2,0.6309297535714574,False,True,False,False,False,0,1,1,0,2,1,0,1,0,0,2
baseline,S_0008490,1,1,1,1,0,0,1.0,0.0,0.0,1,-0.0,False,False,False,False,False,0,1,0,0,1,0,0,1,0,0,1
baseline,S_0008491,1,1,1,1,0,0,1.0,0.0,0.0,1,-0.0,False,False,False,False,False,0,0,1,0,1,1,0,0,0,0,1
baseline,S_0008492,1,1,1,1,0,0,1.0,0.0,0.0,1,-0.0,False,False,False,False,False,0,0,1,0,1,1,0,0,0,0,1
baseline,S_0008494,1,1,1,0,1,0,0.0,1.0,0.0,1,-0.0,False,False,False,False,False,0,0,1,0,1,0,0,0,1,0,1
baseline,S_0008496,1,1,1,0,1,0,0.0,1.0,0.0,1,-0.0,False,False,False,False,False,0,0,1,0,1,0,0,0,1,0,1
baseline,S_0008497,1,1,1,0,1,0,0.0,1.0,0.0,1,-0.0,False,False,False,False,False,0,0,1,0,1,0,0,0,1,0,1
baseline,S_0008501,4,2,4,2,0,0,1.0,0.0,0.0,1,-0.0,False,True,False,False,False,0,0,0,2,1,0,1,0,1,0,2
baseline,S_0008505,1,1,1,0,1,0,0.0,1.0,0.0,1,-0.0,False,False,False,False,False,0,0,1,0,1,0,0,0,1,0,1
baseline,S_0008508,1,1,1,0,1,0,0.0,1.0,0.0,1,-0.0,False,False,False,False,False,0,0,1,0,1,0,0,0,1,0,1
baseline,S_0008510,1,1,1,0,1,0,0.0,1.0,0.0,1,-0.0,False,False,False,False,False,0,0,1,0,1,0,0,0,1,0,1
baseline,S_0008511,1,1,1,0,1,0,0.0,1.0,0.0,1,-0.0,False,False,False,False,False,0,0,1,0,1,0,0,0,1,0,1
baseline,S_0008513,1,1,1,0,1,0,0.0,1.0,0.0,1,-0.0,False,False,False,False,False,0,0,1,0,1,0,0,0,1,0,1
baseline,S_0008516,2,2,2,0,2,0,0.0,1.0,0.0,1,-0.0,False,True,False,False,False,0,0,1,1,2,1,0,0,1,0,2
baseline,S_0008518,3,2,3,0,2,0,0.0,1.0,0.0,1,-0.0,False,True,False,False,False,0,0,1,1,2,1,0,0,1,0,2
baseline,S_0008521,1,1,1,1,0,0,1.0,0.0,0.0,1,-0.0,False,False,False,False,False,0,0,0,1,1,0,0,0,1,0,1
baseline,S_0008522,1,1,1,0,1,0,0.0,1.0,0.0,1,-0.0,False,False,False,False,False,0,0,1,0,1,0,0,0,1,0,1
baseline,S_0008523,1,1,1,0,1,0,0.0,1.0,0.0,1,-0.0,False,False,False,False,False,0,0,1,0,1,0,0,0,1,0,1
baseline,S_0008526,1,1,1,0,1,0,0.0,1.0,0.0,1,-0.0,False,False,False,False,False,0,0,1,0,1,0,0,0,1,0,1
baseline,S_0008531,1,1,1,0,1,0,0.0,1.0,0.0,1,-0.0,False,False,False,False,False,0,0,1,0,1,0,0,0,1,0,1
baseline,S_0008537,1,1,1,1,0,0,1.0,0.0,0.0,1,-0.0,False,False,False,False,False,0,0,1,0,1,1,0,0,0,0,1
baseline,S_0008538,1,1,1,1,0,0,1.0,0.0,0.0,1,-0.0,False,False,False,False,False,0,0,1,0,1,1,0,0,0,0,1
baseline,S_0008539,1,1,1,0,1,0,0.0,1.0,0.0,1,-0.0,False,False,False,False,False,0,0,1,0,1,0,0,0,1,0,1
baseline,S_0008545,1,1,1,1,0,0,1.0,0.0,0.0,1,-0.0,False,False,False,False,False,0,0,1,0,1,1,0,0,0,0,1
baseline,S_0008549,1,1,1,0,1,0,0.0,1.0,0.0,1,-0.0,False,False,False,False,False,0,0,1,0,1,0,0,0,1,0,1
baseline,S_0008551,2,2,2,1,0,1,0.5,0.0,0.5,2,0.6309297535714574,False,True,False,False,False,0,0,2,0,1,2,0,0,0,0,1
baseline,S_0008552,2,2,2,1,0,1,0.5,0.0,0.5,2,0.6309297535714574,False,True,False,False,False,0,0,2,0,1,2,0,0,0,0,1
baseline,S_0008555,1,1,1,1,0,0,1.0,0.0,0.0,1,-0.0,False,False,False,False,False,0,0,1,0,1,1,0,0,0,0,1
baseline,S_0008559,1,1,1,1,0,0,1.0,0.0,0.0,1,-0.0,False,False,False,False,False,0,0,1,0,1,1,0,0,0,0,1
baseline,S_0008560,1,1,1,1,0,0,1.0,0.0,0.0,1,-0.0,False,False,False,False,False,0,0,1,0,1,1,0,0,0,0,1
baseline,S_0008633,4,2,4,1,1,0,0.5,0.5,0.0,2,0.6309297535714574,False,True,False,False,False,0,0,0,2,1,0,0,0,1,1,2
baseline,S_0008663,1,1,1,0,1,0,0.0,1.0,0.0,1,-0.0,False,False,False,False,False,0,0,1,0,1,1,0,0,0,0,1
baseline,S_0008665,1,1,1,0,1,0,0.0,1.0,0.0,1,-0.0,False,False,False,False,False,0,0,1,0,1,1,0,0,0,0,1
baseline,S_0008668,1,1,1,0,1,0,0.0,1.0,0.0,1,-0.0,False,False,False,False,False,0,0,1,0,1,1,0,0,0,0,1
baseline,S_0008670,1,1,1,0,1,0,0.0,1.0,0.0,1,-0.0,False,False,False,False,False,0,0,1,0,1,1,0,0,0,0,1
baseline,S_0008677,1,1,1,0,1,0,0.0,1.0,0.0,1,-0.0,False,False,False,False,False,0,0,1,0,1,1,0,0,0,0,1
baseline,S_0008678,1,1,1,0,1,0,0.0,1.0,0.0,1,-0.0,False,False,False,False,False,0,0,1,0,1,1,0,0,0,0,1
baseline,S_0008697,1,1,1,0,1,0,0.0,1.0,0.0,1,-0.0,False,False,False,False,False,0,0,1,0,1,1,0,0,0,0,1
baseline,S_0008701,1,1,1,0,1,0,0.0,1.0,0.0,1,-0.0,False,False,False,False,False,0,0,1,0,1,1,0,0,0,0,1
baseline,S_0008707,1,1,1,0,1,0,0.0,1.0,0.0,1,-0.0,False,False,False,False,False,0,0,1,0,1,1,0,0,0,0,1
baseline,S_0008746,4,2,4,1,1,0,0.5,0.5,0.0,2,0.6309297535714574,False,True,False,False,False,0,0,0,2,1,0,0,0,1,1,2
baseline,S_0009007,4,2,4,2,0,0,1.0,0.0,0.0,1,-0.0,False,True,False,False,False,0,0,0,2,1,0,1,0,1,0,2
baseline,S_0009131,1,1,1,0,1,0,0.0,1.0,0.0,1,-0.0,False,False,False,False,False,0,0,1,0,1,0,0,0,1,0,1
baseline,S_0009132,1,1,1,0,1,0,0.0,1.0,0.0,1,-0.0,False,False,False,False,False,0,0,1,0,1,0,0,0,1,0,1
baseline,S_0009134,1,1,1,0,1,0,0.0,1.0,0.0,1,-0.0,False,False,False,False,False,0,0,1,0,1,0,0,1,0,0,1
baseline,S_0009135,1,1,1,0,1,0,0.0,1.0,0.0,1,-0.0,False,False,False,False,False,0,0,1,0,1,0,0,1,0,0,1
baseline,S_0009409,1,1,1,0,0,1,0.0,0.0,1.0,1,-0.0,False,False,False,False,False,0,1,0,0,1,1,0,0,0,0,1
baseline,S_0009410,1,1,1,0,0,1,0.0,0.0,1.0,1,-0.0,False,False,False,False,False,0,1,0,0,1,1,0,0,0,0,1
baseline,S_0009414,2,2,2,0,2,0,0.0,1.0,0.0,1,-0.0,False,True,False,False,False,0,0,0,2,1,1,1,0,0,0,2
baseline,S_0009415,2,2,2,0,2,0,0.0,1.0,0.0,1,-0.0,False,True,False,False,False,0,0,0,2,1,1,1,0,0,0,2
baseline,S_0009421,2,2,2,0,2,0,0.0,1.0,0.0,1,-0.0,False,True,False,False,False,0,0,0,2,1,1,1,0,0,0,2
baseline,S_0009433,1,1,1,0,1,0,0.0,1.0,0.0,1,-0.0,False,False,False,False,False,0,0,0,1,1,1,0,0,0,0,1
baseline,S_0009434,1,1,1,0,1,0,0.0,1.0,0.0,1,-0.0,False,False,False,False,False,0,0,0,1,1,1,0,0,0,0,1
baseline,S_0009458,1,1,1,0,1,0,0.0,1.0,0.0,1,-0.0,False,False,False,False,False,0,1,0,0,1,0,0,1,0,0,1
baseline,S_0009459,2,2,2,0,1,1,0.0,0.5,0.5,2,0.6309297535714574,False,True,False,False,False,0,1,0,1,2,0,1,1,0,0,2
baseline,S_0009469,1,1,1,0,1,0,0.0,1.0,0.0,1,-0.0,False,False,False,False,False,0,1,0,0,1,0,0,1,0,0,1
baseline,S_0009500,1,1,1,0,1,0,0.0,1.0,0.0,1,-0.0,False,False,False,False,False,0,1,0,0,1,0,0,1,0,0,1
baseline,S_0009534,1,1,1,0,0,1,0.0,0.0,1.0,1,-0.0,False,False,False,False,False,0,0,0,1,1,0,1,0,0,0,1
baseline,S_0009536,2,1,2,0,0,1,0.0,0.0,1.0,1,-0.0,False,False,False,False,False,0,0,0,1,1,0,1,0,0,0,1
baseline,S_0009567,1,1,1,0,1,0,0.0,1.0,0.0,1,-0.0,False,False,False,False,False,0,1,0,0,1,0,0,1,0,0,1
baseline,S_0009574,2,2,2,0,1,1,0.0,0.5,0.5,2,0.6309297535714574,False,True,False,False,False,0,1,0,1,2,0,1,1,0,0,2
baseline,S_0009587,2,2,2,0,1,1,0.0,0.5,0.5,2,0.6309297535714574,False,True,False,False,False,0,1,0,1,2,0,1,1,0,0,2
baseline,S_0009608,1,1,1,0,1,0,0.0,1.0,0.0,1,-0.0,False,False,False,False,False,0,1,0,0,1,0,0,1,0,0,1
baseline,S_0009617,1,1,1,0,1,0,0.0,1.0,0.0,1,-0.0,False,False,False,False,False,0,1,0,0,1,0,0,1,0,0,1
baseline,S_0009632,1,1,1,0,0,1,0.0,0.0,1.0,1,-0.0,False,False,False,False,False,0,1,0,0,1,1,0,0,0,0,1
baseline,S_0009635,1,1,1,0,1,0,0.0,1.0,0.0,1,-0.0,False,False,False,False,False,0,1,0,0,1,0,0,1,0,0,1
baseline,S_0009659,1,1,1,0,1,0,0.0,1.0,0.0,1,-0.0,False,False,False,False,False,0,1,0,0,1,0,0,1,0,0,1
baseline,S_0009664,1,1,1,0,1,0,0.0,1.0,0.0,1,-0.0,False,False,False,False,False,0,1,0,0,1,0,0,1,0,0,1
baseline,S_0009747,1,1,1,0,1,0,0.0,1.0,0.0,1,-0.0,False,False,False,False,False,0,1,0,0,1,0,0,1,0,0,1
baseline,S_0009870,1,1,1,0,0,1,0.0,0.0,1.0,1,-0.0,False,False,False,False,False,0,1,0,0,1,1,0,0,0,0,1
baseline,S_0009874,1,1,1,0,1,0,0.0,1.0,0.0,1,-0.0,False,False,False,False,False,0,1,0,0,1,0,0,1,0,0,1
baseline,S_0009875,1,1,1,0,1,0,0.0,1.0,0.0,1,-0.0,False,False,False,False,False,0,1,0,0,1,0,0,1,0,0,1
baseline,S_0009939,1,1,1,0,1,0,0.0,1.0,0.0,1,-0.0,False,False,False,False,False,0,0,0,1,1,0,1,0,0,0,1
baseline,S_0010009,1,1,1,0,0,1,0.0,0.0,1.0,1,-0.0,False,False,False,False,False,1,0,0,0,1,1,0,0,0,0,1
baseline,S_0010010,1,1,1,0,0,1,0.0,0.0,1.0,1,-0.0,False,False,False,False,False,1,0,0,0,1,1,0,0,0,0,1
baseline,S_0010251,1,1,1,0,1,0,0.0,1.0,0.0,1,-0.0,False,False,False,False,False,0,0,1,0,1,0,0,1,0,0,1
baseline,S_0010252,1,1,1,0,1,0,0.0,1.0,0.0,1,-0.0,False,False,False,False,False,0,0,1,0,1,0,0,1,0,0,1
baseline,S_0010259,1,1,1,0,1,0,0.0,1.0,0.0,1,-0.0,False,False,False,False,False,0,0,1,0,1,0,0,1,0,0,1
baseline,S_0010260,1,1,1,0,1,0,0.0,1.0,0.0,1,-0.0,False,False,False,False,False,0,0,1,0,1,0,0,1,0,0,1
baseline,S_0010262,1,1,1,0,1,0,0.0,1.0,0.0,1,-0.0,False,False,False,False,False,0,0,0,1,1,0,1,0,0,0,1
baseline,S_0010266,1,1,1,0,1,0,0.0,1.0,0.0,1,-0.0,False,False,False,False,False,0,0,0,1,1,0,1,0,0,0,1
baseline,S_0010267,2,2,1,0,1,1,0.0,0.5,0.5,2,0.6309297535714574,False,True,False,False,False,0,0,2,0,1,1,0,0,1,0,2
baseline,S_0010268,2,2,1,0,1,1,0.0,0.5,0.5,2,0.6309297535714574,False,True,False,False,False,0,0,2,0,1,1,0,0,1,0,2
baseline,S_0010272,1,1,1,0,1,0,0.0,1.0,0.0,1,-0.0,False,False,False,False,False,0,0,1,0,1,0,0,1,0,0,1
baseline,S_0010273,1,1,1,0,1,0,0.0,1.0,0.0,1,-0.0,False,False,False,False,False,0,0,1,0,1,0,0,1,0,0,1
baseline,S_0010316,1,1,1,0,1,0,0.0,1.0,0.0,1,-0.0,False,False,False,False,False,0,0,1,0,1,0,0,1,0,0,1
baseline,S_0010317,1,1,1,0,1,0,0.0,1.0,0.0,1,-0.0,False,False,False,False,False,0,0,1,0,1,0,0,1,0,0,1
baseline,S_0010332,1,1,1,1,0,0,1.0,0.0,0.0,1,-0.0,False,False,False,False,False,0,0,1,0,1,0,0,0,0,1,1
baseline,S_0010334,1,1,1,1,0,0,1.0,0.0,0.0,1,-0.0,False,False,False,False,False,0,1,0,0,1,0,0,1,0,0,1
baseline,S_0010335,1,1,1,1,0,0,1.0,0.0,0.0,1,-0.0,False,False,False,False,False,0,1,0,0,1,0,0,1,0,0,1
baseline,S_0010338,1,1,1,1,0,0,1.0,0.0,0.0,1,-0.0,False,False,False,False,False,0,1,0,0,1,0,0,1,0,0,1
baseline,S_0010343,1,1,1,1,0,0,1.0,0.0,0.0,1,-0.0,False,False,False,False,False,0,1,0,0,1,0,0,1,0,0,1
baseline,S_0010345,1,1,1,0,1,0,0.0,1.0,0.0,1,-0.0,False,False,False,False,False,0,0,1,0,1,0,0,0,1,0,1
baseline,S_0010347,3,3,2,1,2,0,0.3333333333333333,0.6666666666666666,0.0,2,0.5793801642856949,False,True,True,False,False,0,2,1,0,2,2,0,1,0,0,2
baseline,S_0010356,1,1,1,0,1,0,0.0,1.0,0.0,1,-0.0,False,False,False,False,False,0,0,0,1,1,0,0,0,0,1,1
baseline,S_0010358,1,1,1,0,1,0,0.0,1.0,0.0,1,-0.0,False,False,False,False,False,0,0,0,1,1,0,0,0,0,1,1
baseline,S_0010359,1,1,1,0,1,0,0.0,1.0,0.0,1,-0.0,False,False,False,False,False,0,0,0,1,1,0,0,0,0,1,1
baseline,S_0010361,1,1,1,0,1,0,0.0,1.0,0.0,1,-0.0,False,False,False,False,False,0,0,0,1,1,0,0,0,0,1,1
baseline,S_0010362,1,1,1,0,1,0,0.0,1.0,0.0,1,-0.0,False,False,False,False,False,0,0,0,1,1,0,0,0,0,1,1
baseline,S_0010379,2,2,1,0,2,0,0.0,1.0,0.0,1,-0.0,False,True,False,False,False,0,0,2,0,1,0,1,1,0,0,2
baseline,S_0010380,3,3,2,0,3,0,0.0,1.0,0.0,1,-0.0,False,True,True,False,False,0,1,2,0,2,1,0,0,0,2,2
baseline,S_0010401,1,1,1,0,1,0,0.0,1.0,0.0,1,-0.0,False,False,False,False,False,0,0,0,1,1,1,0,0,0,0,1
baseline,S_0010411,1,1,1,0,1,0,0.0,1.0,0.0,1,-0.0,False,False,False,False,False,0,0,0,1,1,1,0,0,0,0,1
baseline,S_0010423,6,6,5,0,6,0,0.0,1.0,0.0,1,-0.0,True,True,True,True,False,0,0,1,5,2,0,1,1,3,1,4
baseline,S_0010424,9,5,7,0,5,0,0.0,1.0,0.0,1,-0.0,True,True,True,True,False,0,0,0,5,1,0,1,0,3,1,3
baseline,S_0010425,8,7,6,0,7,0,0.0,1.0,0.0,1,-0.0,True,True,True,True,False,0,0,2,5,2,0,1,1,4,1,4
baseline,S_0010464,2,2,1,1,1,0,0.5,0.5,0.0,2,0.6309297535714574,False,True,False,False,False,0,0,0,2,1,0,1,0,1,0,2
baseline,S_0010468,4,4,4,0,3,1,0.0,0.75,0.25,2,0.5118595071429147,False,True,True,False,False,0,0,1,3,2,1,1,0,2,0,3
baseline,S_0010471,2,2,1,1,1,0,0.5,0.5,0.0,2,0.6309297535714574,False,True,False,False,False,0,0,0,2,1,0,1,0,1,0,2
baseline,S_0010481,1,1,1,0,0,1,0.0,0.0,1.0,1,-0.0,False,False,False,False,False,0,0,1,0,1,1,0,0,0,0,1
baseline,S_0010561,1,1,1,1,0,0,1.0,0.0,0.0,1,-0.0,False,False,False,False,False,0,0,0,1,1,0,0,0,1,0,1
baseline,S_0010562,1,1,1,1,0,0,1.0,0.0,0.0,1,-0.0,False,False,False,False,False,0,0,0,1,1,0,0,0,1,0,1
baseline,S_0010611,3,3,3,2,1,0,0.6666666666666666,0.3333333333333333,0.0,2,0.5793801642856949,False,True,True,False,False,0,1,1,1,3,1,0,1,0,1,3
baseline,S_0010612,2,2,2,1,1,0,0.5,0.5,0.0,2,0.6309297535714574,False,True,False,False,False,0,0,1,1,2,1,0,0,0,1,2
baseline,S_0010623,3,3,3,2,1,0,0.6666666666666666,0.3333333333333333,0.0,2,0.5793801642856949,False,True,True,False,False,0,1,1,1,3,1,0,1,0,1,3
baseline,S_0010624,3,3,3,2,1,0,0.6666666666666666,0.3333333333333333,0.0,2,0.5793801642856949,False,True,True,False,False,0,1,1,1,3,1,0,1,0,1,3
baseline,S_0010625,1,1,1,1,0,0,1.0,0.0,0.0,1,-0.0,False,False,False,False,False,0,0,0,1,1,1,0,0,0,0,1
baseline,S_0010626,1,1,1,1,0,0,1.0,0.0,0.0,1,-0.0,False,False,False,False,False,0,0,0,1,1,1,0,0,0,0,1
baseline,S_0010647,2,2,2,0,2,0,0.0,1.0,0.0,1,-0.0,False,True,False,False,False,0,1,1,0,2,1,0,0,0,1,2
baseline,S_0010648,3,3,2,0,3,0,0.0,1.0,0.0,1,-0.0,False,True,True,False,False,0,0,0,3,1,0,1,0,1,1,3
baseline,S_0010655,1,1,1,0,1,0,0.0,1.0,0.0,1,-0.0,False,False,False,False,False,0,0,1,0,1,0,0,1,0,0,1
baseline,S_0010656,1,1,1,0,1,0,0.0,1.0,0.0,1,-0.0,False,False,False,False,False,0,0,1,0,1,0,0,1,0,0,1
baseline,S_0010659,1,1,1,0,1,0,0.0,1.0,0.0,1,-0.0,False,False,False,False,False,0,0,1,0,1,0,0,1,0,0,1
baseline,S_0010685,2,2,1,0,2,0,0.0,1.0,0.0,1,-0.0,False,True,False,False,False,0,0,2,0,1,0,1,0,1,0,2
baseline,S_0010695,2,2,1,0,2,0,0.0,1.0,0.0,1,-0.0,False,True,False,False,False,0,0,2,0,1,0,1,0,1,0,2
baseline,S_0010700,2,2,1,0,2,0,0.0,1.0,0.0,1,-0.0,False,True,False,False,False,0,0,2,0,1,0,1,0,1,0,2
baseline,S_0010703,2,2,1,0,2,0,0.0,1.0,0.0,1,-0.0,False,True,False,False,False,0,0,2,0,1,0,1,0,1,0,2
baseline,S_0010705,2,2,1,0,2,0,0.0,1.0,0.0,1,-0.0,False,True,False,False,False,0,0,2,0,1,0,1,0,1,0,2
baseline,S_0010706,2,2,1,0,2,0,0.0,1.0,0.0,1,-0.0,False,True,False,False,False,0,0,2,0,1,0,1,0,1,0,2
baseline,S_0010707,1,1,1,0,1,0,0.0,1.0,0.0,1,-0.0,False,False,False,False,False,0,0,1,0,1,0,1,0,0,0,1
baseline,S_0010718,1,1,1,0,1,0,0.0,1.0,0.0,1,-0.0,False,False,False,False,False,0,0,0,1,1,0,0,0,0,1,1
baseline,S_0010736,2,2,1,0,2,0,0.0,1.0,0.0,1,-0.0,False,True,False,False,False,0,0,2,0,1,0,1,0,1,0,2
baseline,S_0010767,1,1,1,0,0,1,0.0,0.0,1.0,1,-0.0,False,False,False,False,False,0,0,1,0,1,0,0,0,0,1,1
baseline,S_0010768,1,1,1,0,0,1,0.0,0.0,1.0,1,-0.0,False,False,False,False,False,0,0,1,0,1,0,0,0,0,1,1
baseline,S_0010773,1,1,1,0,1,0,0.0,1.0,0.0,1,-0.0,False,False,False,False,False,0,0,1,0,1,1,0,0,0,0,1
baseline,S_0010775,6,6,5,2,3,1,0.3333333333333333,0.5,0.16666666666666666,3,0.9206198357143047,True,True,True,True,False,0,0,1,5,2,2,2,2,0,0,3
baseline,S_0010785,2,2,1,0,2,0,0.0,1.0,0.0,1,-0.0,False,True,False,False,False,0,0,2,0,1,1,1,0,0,0,2
baseline,S_0010802,2,1,2,0,0,1,0.0,0.0,1.0,1,-0.0,False,False,False,False,False,0,0,0,1,1,0,1,0,0,0,1
baseline,S_0010868,1,1,1,1,0,0,1.0,0.0,0.0,1,-0.0,False,False,False,False,False,0,0,1,0,1,1,0,0,0,0,1
baseline,S_0010881,1,1,1,0,1,0,0.0,1.0,0.0,1,-0.0,False,False,False,False,False,0,0,1,0,1,0,0,0,0,1,1
baseline,S_0010901,6,5,6,1,4,0,0.2,0.8,0.0,2,0.4554859150035952,True,True,True,True,False,0,0,1,4,2,1,2,0,1,1,4
baseline,S_0010913,1,1,1,0,1,0,0.0,1.0,0.0,1,-0.0,False,False,False,False,False,0,0,1,0,1,0,1,0,0,0,1
baseline,S_0010914,1,1,1,0,1,0,0.0,1.0,0.0,1,-0.0,False,False,False,False,False,0,0,1,0,1,0,1,0,0,0,1
baseline,S_0010920,1,1,1,0,1,0,0.0,1.0,0.0,1,-0.0,False,False,False,False,False,0,0,1,0,1,0,1,0,0,0,1
baseline,S_0010921,1,1,1,0,1,0,0.0,1.0,0.0,1,-0.0,False,False,False,False,False,0,0,1,0,1,0,1,0,0,0,1
baseline,S_0010960,1,1,1,0,1,0,0.0,1.0,0.0,1,-0.0,False,False,False,False,False,0,1,0,0,1,1,0,0,0,0,1
baseline,S_0010961,1,1,1,0,1,0,0.0,1.0,0.0,1,-0.0,False,False,False,False,False,0,1,0,0,1,1,0,0,0,0,1
baseline,S_0011004,1,1,1,0,1,0,0.0,1.0,0.0,1,-0.0,False,False,False,False,False,0,0,0,1,1,0,0,0,1,0,1
baseline,S_0011005,1,1,1,0,1,0,0.0,1.0,0.0,1,-0.0,False,False,False,False,False,0,0,0,1,1,0,0,0,1,0,1
baseline,S_0011058,1,1,1,0,1,0,0.0,1.0,0.0,1,-0.0,False,False,False,False,False,0,0,1,0,1,0,0,0,1,0,1
baseline,S_0011077,1,1,1,1,0,0,1.0,0.0,0.0,1,-0.0,False,False,False,False,False,0,0,0,1,1,1,0,0,0,0,1
baseline,S_0011078,1,1,1,1,0,0,1.0,0.0,0.0,1,-0.0,False,False,False,False,False,0,0,0,1,1,1,0,0,0,0,1
baseline,S_0011081,1,1,1,1,0,0,1.0,0.0,0.0,1,-0.0,False,False,False,False,False,0,0,0,1,1,1,0,0,0,0,1
baseline,S_0011082,1,1,1,1,0,0,1.0,0.0,0.0,1,-0.0,False,False,False,False,False,0,0,0,1,1,1,0,0,0,0,1
baseline,S_0011084,1,1,1,1,0,0,1.0,0.0,0.0,1,-0.0,False,False,False,False,False,0,0,0,1,1,1,0,0,0,0,1
baseline,S_0011085,1,1,1,1,0,0,1.0,0.0,0.0,1,-0.0,False,False,False,False,False,0,0,0,1,1,1,0,0,0,0,1
baseline,S_0011090,2,2,1,0,2,0,0.0,1.0,0.0,1,-0.0,False,True,False,False,False,0,0,2,0,1,1,0,0,1,0,2
baseline,S_0011091,2,2,1,0,2,0,0.0,1.0,0.0,1,-0.0,False,True,False,False,False,0,0,2,0,1,1,0,0,1,0,2
baseline,S_0011134,2,2,1,0,1,1,0.0,0.5,0.5,2,0.6309297535714574,False,True,False,False,False,0,0,2,0,1,1,0,0,1,0,2
baseline,S_0011135,2,2,1,0,1,1,0.0,0.5,0.5,2,0.6309297535714574,False,True,False,False,False,0,0,2,0,1,1,0,0,1,0,2
baseline,S_0011136,2,2,1,0,1,1,0.0,0.5,0.5,2,0.6309297535714574,False,True,False,False,False,0,0,2,0,1,1,0,0,1,0,2
baseline,S_0011149,1,1,1,0,1,0,0.0,1.0,0.0,1,-0.0,False,False,False,False,False,0,0,0,1,1,1,0,0,0,0,1
baseline,S_0011159,2,2,2,0,1,1,0.0,0.5,0.5,2,0.6309297535714574,False,True,False,False,False,0,0,2,0,1,1,0,0,0,1,2
baseline,S_0011160,2,2,2,0,1,1,0.0,0.5,0.5,2,0.6309297535714574,False,True,False,False,False,0,0,2,0,1,1,0,0,0,1,2
baseline,S_0011201,1,1,1,0,1,0,0.0,1.0,0.0,1,-0.0,False,False,False,False,False,0,0,1,0,1,0,0,0,1,0,1
baseline,S_0011203,1,1,1,0,1,0,0.0,1.0,0.0,1,-0.0,False,False,False,False,False,0,0,1,0,1,0,0,0,1,0,1
baseline,S_0011204,1,1,1,0,1,0,0.0,1.0,0.0,1,-0.0,False,False,False,False,False,0,0,1,0,1,0,0,0,1,0,1
baseline,S_0011206,1,1,1,0,1,0,0.0,1.0,0.0,1,-0.0,False,False,False,False,False,0,0,1,0,1,0,0,0,1,0,1
baseline,S_0011210,1,1,1,0,1,0,0.0,1.0,0.0,1,-0.0,False,False,False,False,False,0,0,1,0,1,0,0,0,1,0,1
baseline,S_0011235,1,1,1,0,1,0,0.0,1.0,0.0,1,-0.0,False,False,False,False,False,0,0,1,0,1,0,0,0,1,0,1
baseline,S_0011351,1,1,1,0,0,1,0.0,0.0,1.0,1,-0.0,False,False,False,False,False,0,0,1,0,1,0,1,0,0,0,1
baseline,S_0011530,1,1,1,0,1,0,0.0,1.0,0.0,1,-0.0,False,False,False,False,False,0,0,1,0,1,0,1,0,0,0,1
baseline,S_0011531,1,1,1,0,1,0,0.0,1.0,0.0,1,-0.0,False,False,False,False,False,0,0,1,0,1,0,1,0,0,0,1
baseline,S_0011538,1,1,1,0,1,0,0.0,1.0,0.0,1,-0.0,False,False,False,False,False,0,0,1,0,1,0,1,0,0,0,1
baseline,S_0011603,1,1,1,1,0,0,1.0,0.0,0.0,1,-0.0,False,False,False,False,False,0,0,0,1,1,0,0,0,0,1,1
baseline,S_0011636,2,1,2,1,0,0,1.0,0.0,0.0,1,-0.0,False,False,False,False,False,0,0,0,1,1,0,0,0,0,1,1
baseline,S_0011761,1,1,1,0,0,1,0.0,0.0,1.0,1,-0.0,False,False,False,False,False,0,0,1,0,1,0,1,0,0,0,1
baseline,S_0011771,2,2,1,0,2,0,0.0,1.0,0.0,1,-0.0,False,True,False,False,False,0,0,2,0,1,1,0,0,1,0,2
baseline,S_0011772,2,2,1,0,2,0,0.0,1.0,0.0,1,-0.0,False,True,False,False,False,0,0,2,0,1,1,0,0,1,0,2
baseline,S_0011775,1,1,1,0,1,0,0.0,1.0,0.0,1,-0.0,False,False,False,False,False,0,0,1,0,1,0,0,0,1,0,1
baseline,S_0011798,1,1,1,0,1,0,0.0,1.0,0.0,1,-0.0,False,False,False,False,False,0,0,0,1,1,0,0,0,0,1,1
baseline,S_0011799,1,1,1,0,1,0,0.0,1.0,0.0,1,-0.0,False,False,False,False,False,0,0,0,1,1,0,0,0,0,1,1
baseline,S_0011805,1,1,1,0,1,0,0.0,1.0,0.0,1,-0.0,False,False,False,False,False,0,0,1,0,1,0,0,0,1,0,1
baseline,S_0011807,1,1,1,0,1,0,0.0,1.0,0.0,1,-0.0,False,False,False,False,False,0,0,1,0,1,0,0,0,1,0,1
baseline,S_0011808,1,1,1,0,1,0,0.0,1.0,0.0,1,-0.0,False,False,False,False,False,0,0,1,0,1,0,0,1,0,0,1
baseline,S_0011810,1,1,1,0,1,0,0.0,1.0,0.0,1,-0.0,False,False,False,False,False,0,0,1,0,1,0,0,1,0,0,1
baseline,S_0011811,1,1,1,0,1,0,0.0,1.0,0.0,1,-0.0,False,False,False,False,False,0,0,1,0,1,0,0,1,0,0,1
baseline,S_0011825,1,1,1,0,0,1,0.0,0.0,1.0,1,-0.0,False,False,False,False,False,0,1,0,0,1,1,0,0,0,0,1
baseline,S_0011828,1,1,1,0,1,0,0.0,1.0,0.0,1,-0.0,False,False,False,False,False,1,0,0,0,1,1,0,0,0,0,1
baseline,S_0011829,1,1,1,0,1,0,0.0,1.0,0.0,1,-0.0,False,False,False,False,False,1,0,0,0,1,1,0,0,0,0,1
baseline,S_0011833,4,4,2,0,3,1,0.0,0.75,0.25,2,0.5118595071429147,False,True,True,False,False,0,0,3,1,2,1,1,1,0,1,4
baseline,S_0011834,4,4,2,0,3,1,0.0,0.75,0.25,2,0.5118595071429147,False,True,True,False,False,0,0,3,1,2,1,1,1,0,1,4
baseline,S_0011837,4,4,2,0,3,1,0.0,0.75,0.25,2,0.5118595071429147,False,True,True,False,False,0,0,3,1,2,1,1,1,0,1,4
baseline,S_0011840,4,4,2,0,3,1,0.0,0.75,0.25,2,0.5118595071429147,False,True,True,False,False,0,0,3,1,2,1,1,1,0,1,4
baseline,S_0011841,4,4,2,0,3,1,0.0,0.75,0.25,2,0.5118595071429147,False,True,True,False,False,0,0,3,1,2,1,1,1,0,1,4
baseline,S_0011842,4,4,2,0,3,1,0.0,0.75,0.25,2,0.5118595071429147,False,True,True,False,False,0,0,3,1,2,1,1,1,0,1,4
baseline,S_0011845,1,1,1,0,1,0,0.0,1.0,0.0,1,-0.0,False,False,False,False,False,0,0,0,1,1,0,1,0,0,0,1
baseline,S_0011847,1,1,1,0,1,0,0.0,1.0,0.0,1,-0.0,False,False,False,False,False,0,0,0,1,1,0,1,0,0,0,1
baseline,S_0011853,1,1,1,0,1,0,0.0,1.0,0.0,1,-0.0,False,False,False,False,False,0,0,1,0,1,0,0,0,1,0,1
baseline,S_0011855,1,1,1,0,1,0,0.0,1.0,0.0,1,-0.0,False,False,False,False,False,0,0,1,0,1,0,0,0,1,0,1
baseline,S_0011856,1,1,1,0,1,0,0.0,1.0,0.0,1,-0.0,False,False,False,False,False,0,0,1,0,1,0,0,1,0,0,1
baseline,S_0011858,1,1,1,0,1,0,0.0,1.0,0.0,1,-0.0,False,False,False,False,False,0,0,1,0,1,0,0,1,0,0,1
baseline,S_0011866,2,2,2,1,1,0,0.5,0.5,0.0,2,0.6309297535714574,False,True,False,False,False,0,1,1,0,2,0,0,1,1,0,2
baseline,S_0011867,3,3,3,1,2,0,0.3333333333333333,0.6666666666666666,0.0,2,0.5793801642856949,False,True,True,False,False,0,1,1,1,3,0,0,1,2,0,2
baseline,S_0011868,1,1,1,0,1,0,0.0,1.0,0.0,1,-0.0,False,False,False,False,False,0,0,1,0,1,0,1,0,0,0,1
baseline,S_0011871,1,1,1,0,1,0,0.0,1.0,0.0,1,-0.0,False,False,False,False,False,0,0,1,0,1,0,0,0,1,0,1
baseline,S_0011872,1,1,1,0,1,0,0.0,1.0,0.0,1,-0.0,False,False,False,False,False,0,0,1,0,1,0,0,0,1,0,1
baseline,S_0011873,1,1,1,0,1,0,0.0,1.0,0.0,1,-0.0,False,False,False,False,False,0,0,1,0,1,0,0,0,1,0,1
baseline,S_0011874,1,1,1,0,1,0,0.0,1.0,0.0,1,-0.0,False,False,False,False,False,0,0,1,0,1,0,0,0,1,0,1
baseline,S_0011876,1,1,1,1,0,0,1.0,0.0,0.0,1,-0.0,False,False,False,False,False,0,1,0,0,1,0,0,1,0,0,1
baseline,S_0011879,1,1,1,0,1,0,0.0,1.0,0.0,1,-0.0,False,False,False,False,False,0,0,1,0,1,0,1,0,0,0,1
baseline,S_0011880,1,1,1,0,1,0,0.0,1.0,0.0,1,-0.0,False,False,False,False,False,0,0,1,0,1,0,1,0,0,0,1
baseline,S_0011882,1,1,1,0,1,0,0.0,1.0,0.0,1,-0.0,False,False,False,False,False,0,0,1,0,1,0,1,0,0,0,1
baseline,S_0011884,1,1,1,0,1,0,0.0,1.0,0.0,1,-0.0,False,False,False,False,False,0,0,1,0,1,0,1,0,0,0,1
baseline,S_0011885,1,1,1,0,1,0,0.0,1.0,0.0,1,-0.0,False,False,False,False,False,0,0,1,0,1,0,1,0,0,0,1
baseline,S_0011886,4,4,4,0,3,1,0.0,0.75,0.25,2,0.5118595071429147,False,True,True,False,False,0,0,1,3,2,1,1,0,2,0,3
baseline,S_0011888,2,2,2,0,2,0,0.0,1.0,0.0,1,-0.0,False,True,False,False,False,0,0,1,1,2,0,1,0,1,0,2
baseline,S_0011893,2,2,1,0,2,0,0.0,1.0,0.0,1,-0.0,False,True,False,False,False,0,0,2,0,1,0,1,1,0,0,2
baseline,S_0011894,1,1,1,0,1,0,0.0,1.0,0.0,1,-0.0,False,False,False,False,False,0,0,1,0,1,0,0,0,1,0,1
baseline,S_0011896,1,1,1,0,1,0,0.0,1.0,0.0,1,-0.0,False,False,False,False,False,0,0,1,0,1,0,1,0,0,0,1
baseline,S_0011897,1,1,1,0,1,0,0.0,1.0,0.0,1,-0.0,False,False,False,False,False,0,0,1,0,1,0,0,1,0,0,1
baseline,S_0011901,1,1,1,0,1,0,0.0,1.0,0.0,1,-0.0,False,False,False,False,False,0,0,1,0,1,0,1,0,0,0,1
baseline,S_0011905,1,1,1,0,1,0,0.0,1.0,0.0,1,-0.0,False,False,False,False,False,0,0,1,0,1,0,1,0,0,0,1
baseline,S_0011906,1,1,1,0,1,0,0.0,1.0,0.0,1,-0.0,False,False,False,False,False,0,0,1,0,1,0,1,0,0,0,1
baseline,S_0011923,1,1,1,0,1,0,0.0,1.0,0.0,1,-0.0,False,False,False,False,False,0,0,1,0,1,0,1,0,0,0,1
baseline,S_0011929,2,2,1,0,1,1,0.0,0.5,0.5,2,0.6309297535714574,False,True,False,False,False,0,0,2,0,1,0,0,1,1,0,2
baseline,S_0011930,2,2,1,0,1,1,0.0,0.5,0.5,2,0.6309297535714574,False,True,False,False,False,0,0,2,0,1,0,0,1,1,0,2
baseline,S_0011931,2,2,1,0,1,1,0.0,0.5,0.5,2,0.6309297535714574,False,True,False,False,False,0,0,2,0,1,0,0,1,1,0,2
baseline,S_0011934,2,2,1,0,1,1,0.0,0.5,0.5,2,0.6309297535714574,False,True,False,False,False,0,0,2,0,1,0,0,1,1,0,2
baseline,S_0011938,3,3,1,0,2,1,0.0,0.6666666666666666,0.3333333333333333,2,0.5793801642856949,False,True,True,False,False,0,0,3,0,1,0,0,2,1,0,2
baseline,S_0011939,6,3,2,0,2,1,0.0,0.6666666666666666,0.3333333333333333,2,0.5793801642856949,False,True,True,False,False,0,0,3,0,1,0,0,2,1,0,2
baseline,S_0011941,1,1,1,0,1,0,0.0,1.0,0.0,1,-0.0,False,False,False,False,False,0,0,1,0,1,0,0,1,0,0,1
baseline,S_0011942,1,1,1,0,1,0,0.0,1.0,0.0,1,-0.0,False,False,False,False,False,0,0,1,0,1,0,0,1,0,0,1
baseline,S_0011943,2,2,1,0,2,0,0.0,1.0,0.0,1,-0.0,False,True,False,False,False,0,0,2,0,1,0,0,1,1,0,2
baseline,S_0011945,3,3,1,0,2,1,0.0,0.6666666666666666,0.3333333333333333,2,0.5793801642856949,False,True,True,False,False,0,0,3,0,1,0,0,2,1,0,2
baseline,S_0011946,1,1,1,0,0,1,0.0,0.0,1.0,1,-0.0,False,False,False,False,False,0,0,1,0,1,0,0,1,0,0,1
baseline,S_0011953,1,1,1,1,0,0,1.0,0.0,0.0,1,-0.0,False,False,False,False,False,0,1,0,0,1,0,0,1,0,0,1
baseline,S_0011965,2,2,2,0,1,1,0.0,0.5,0.5,2,0.6309297535714574,False,True,False,False,False,0,0,0,2,1,1,1,0,0,0,2
baseline,S_0011968,2,2,2,0,1,1,0.0,0.5,0.5,2,0.6309297535714574,False,True,False,False,False,0,0,0,2,1,1,1,0,0,0,2
baseline,S_0011970,1,1,1,1,0,0,1.0,0.0,0.0,1,-0.0,False,False,False,False,False,0,1,0,0,1,0,0,1,0,0,1
baseline,S_0011971,3,3,2,0,3,0,0.0,1.0,0.0,1,-0.0,False,True,True,False,False,0,1,2,0,2,2,0,0,0,1,2
baseline,S_0011972,2,2,2,1,1,0,0.5,0.5,0.0,2,0.6309297535714574,False,True,False,False,False,0,0,1,1,2,1,1,0,0,0,2
baseline,S_0011973,4,4,2,1,3,0,0.25,0.75,0.0,2,0.5118595071429147,False,True,True,False,False,0,1,3,0,2,3,0,0,0,1,2
baseline,S_0011975,1,1,1,1,0,0,1.0,0.0,0.0,1,-0.0,False,False,False,False,False,0,1,0,0,1,0,0,1,0,0,1
baseline,S_0011976,1,1,1,1,0,0,1.0,0.0,0.0,1,-0.0,False,False,False,False,False,0,0,1,0,1,1,0,0,0,0,1
baseline,S_0011988,3,3,3,0,2,1,0.0,0.6666666666666666,0.3333333333333333,2,0.5793801642856949,False,True,True,False,False,0,0,1,2,2,3,0,0,0,0,1
baseline,S_0011989,2,2,2,0,1,1,0.0,0.5,0.5,2,0.6309297535714574,False,True,False,False,False,0,0,0,2,1,2,0,0,0,0,1
baseline,S_0011992,3,3,2,1,0,2,0.3333333333333333,0.0,0.6666666666666666,2,0.5793801642856949,False,True,True,False,False,0,0,0,3,1,1,0,0,1,1,3
baseline,S_0011996,1,1,1,0,0,1,0.0,0.0,1.0,1,-0.0,False,False,False,False,False,0,1,0,0,1,1,0,0,0,0,1
baseline,S_0012161,1,1,1,1,0,0,1.0,0.0,0.0,1,-0.0,False,False,False,False,False,0,0,0,1,1,0,0,0,0,1,1
baseline,S_0012162,1,1,1,1,0,0,1.0,0.0,0.0,1,-0.0,False,False,False,False,False,0,0,0,1,1,0,0,0,0,1,1
baseline,S_0012174,1,1,1,0,0,1,0.0,0.0,1.0,1,-0.0,False,False,False,False,False,0,0,1,0,1,1,0,0,0,0,1
baseline,S_0012176,1,1,1,0,1,0,0.0,1.0,0.0,1,-0.0,False,False,False,False,False,0,0,1,0,1,1,0,0,0,0,1
baseline,S_0012234,1,1,1,0,1,0,0.0,1.0,0.0,1,-0.0,False,False,False,False,False,0,0,1,0,1,0,1,0,0,0,1
baseline,S_0012236,1,1,1,0,1,0,0.0,1.0,0.0,1,-0.0,False,False,False,False,False,0,0,1,0,1,0,1,0,0,0,1
baseline,S_0012269,1,1,1,1,0,0,1.0,0.0,0.0,1,-0.0,False,False,False,False,False,0,0,1,0,1,0,1,0,0,0,1
baseline,S_0012276,1,1,1,0,1,0,0.0,1.0,0.0,1,-0.0,False,False,False,False,False,0,0,1,0,1,0,0,0,1,0,1
baseline,S_0012277,2,2,1,1,1,0,0.5,0.5,0.0,2,0.6309297535714574,False,True,False,False,False,0,0,0,2,1,1,0,0,1,0,2
baseline,S_0012278,1,1,1,0,1,0,0.0,1.0,0.0,1,-0.0,False,False,False,False,False,0,0,0,1,1,0,0,0,0,1,1
baseline,S_0012363,5,5,4,1,2,2,0.2,0.4,0.4,3,0.9602297178607612,True,True,True,True,False,0,0,0,5,1,2,0,0,2,1,3
baseline,S_0012364,1,1,1,0,1,0,0.0,1.0,0.0,1,-0.0,False,False,False,False,False,0,0,0,1,1,0,0,0,1,0,1
baseline,S_0012369,2,2,2,0,1,1,0.0,0.5,0.5,2,0.6309297535714574,False,True,False,False,False,0,0,1,1,2,0,0,1,1,0,2
baseline,S_0012397,1,1,1,0,1,0,0.0,1.0,0.0,1,-0.0,False,False,False,False,False,0,0,1,0,1,1,0,0,0,0,1
baseline,S_0012398,1,1,1,0,1,0,0.0,1.0,0.0,1,-0.0,False,False,False,False,False,0,0,1,0,1,1,0,0,0,0,1
baseline,S_0012429,1,1,1,0,1,0,0.0,1.0,0.0,1,-0.0,False,False,False,False,False,0,0,1,0,1,0,0,1,0,0,1
baseline,S_0012430,1,1,1,0,1,0,0.0,1.0,0.0,1,-0.0,False,False,False,False,False,0,0,1,0,1,0,0,1,0,0,1
baseline,S_0012431,1,1,1,0,1,0,0.0,1.0,0.0,1,-0.0,False,False,False,False,False,0,0,1,0,1,0,0,1,0,0,1
baseline,S_0012437,2,2,1,1,1,0,0.5,0.5,0.0,2,0.6309297535714574,False,True,False,False,False,0,0,2,0,1,1,0,0,0,1,2
baseline,S_0012438,2,2,1,1,1,0,0.5,0.5,0.0,2,0.6309297535714574,False,True,False,False,False,0,0,2,0,1,1,0,0,0,1,2
baseline,S_0012439,2,2,2,0,2,0,0.0,1.0,0.0,1,-0.0,False,True,False,False,False,0,0,2,0,1,1,0,1,0,0,2
baseline,S_0012445,6,4,5,1,1,2,0.25,0.25,0.5,3,0.946394630357186,False,True,True,False,False,0,0,0,4,1,2,0,0,1,1,3
baseline,S_0012450,3,3,2,0,3,0,0.0,1.0,0.0,1,-0.0,False,True,True,False,False,0,0,3,0,1,2,0,1,0,0,2
baseline,S_0012451,3,3,2,0,3,0,0.0,1.0,0.0,1,-0.0,False,True,True,False,False,0,0,3,0,1,2,0,1,0,0,2
baseline,S_0012452,3,3,2,0,3,0,0.0,1.0,0.0,1,-0.0,False,True,True,False,False,0,0,3,0,1,2,0,1,0,0,2
baseline,S_0012455,1,1,1,0,0,1,0.0,0.0,1.0,1,-0.0,False,False,False,False,False,0,0,1,0,1,0,0,0,0,1,1
baseline,S_0012459,1,1,1,0,0,1,0.0,0.0,1.0,1,-0.0,False,False,False,False,False,0,0,1,0,1,0,0,0,0,1,1
baseline,S_0012460,1,1,1,0,0,1,0.0,0.0,1.0,1,-0.0,False,False,False,False,False,0,0,0,1,1,1,0,0,0,0,1
baseline,S_0012463,1,1,1,0,0,1,0.0,0.0,1.0,1,-0.0,False,False,False,False,False,0,0,1,0,1,0,0,0,0,1,1
baseline,S_0012466,1,1,1,0,1,0,0.0,1.0,0.0,1,-0.0,False,False,False,False,False,0,0,1,0,1,1,0,0,0,0,1
baseline,S_0012473,1,1,1,1,0,0,1.0,0.0,0.0,1,-0.0,False,False,False,False,False,0,0,0,1,1,1,0,0,0,0,1
baseline,S_0012474,2,2,2,0,0,2,0.0,0.0,1.0,1,-0.0,False,True,False,False,False,0,0,1,1,2,0,0,0,0,2,1
baseline,S_0012475,1,1,1,0,0,1,0.0,0.0,1.0,1,-0.0,False,False,False,False,False,0,0,1,0,1,0,0,0,0,1,1
baseline,S_0012480,1,1,1,0,0,1,0.0,0.0,1.0,1,-0.0,False,False,False,False,False,0,0,1,0,1,0,0,0,0,1,1
baseline,S_0012481,1,1,1,0,0,1,0.0,0.0,1.0,1,-0.0,False,False,False,False,False,0,0,1,0,1,0,0,0,0,1,1
baseline,S_0012483,3,3,1,0,1,2,0.0,0.3333333333333333,0.6666666666666666,2,0.5793801642856949,False,True,True,False,False,0,0,3,0,1,1,0,0,1,1,3
baseline,S_0012484,3,3,1,0,1,2,0.0,0.3333333333333333,0.6666666666666666,2,0.5793801642856949,False,True,True,False,False,0,0,3,0,1,1,0,0,1,1,3
baseline,S_0012488,2,2,1,0,2,0,0.0,1.0,0.0,1,-0.0,False,True,False,False,False,0,0,2,0,1,1,0,0,1,0,2
baseline,S_0012490,3,3,1,0,1,2,0.0,0.3333333333333333,0.6666666666666666,2,0.5793801642856949,False,True,True,False,False,0,0,3,0,1,1,0,0,1,1,3
baseline,S_0012491,3,3,1,0,1,2,0.0,0.3333333333333333,0.6666666666666666,2,0.5793801642856949,False,True,True,False,False,0,0,3,0,1,1,0,0,1,1,3
baseline,S_0012492,1,1,1,0,1,0,0.0,1.0,0.0,1,-0.0,False,False,False,False,False,0,1,0,0,1,1,0,0,0,0,1
baseline,S_0012495,2,2,1,0,2,0,0.0,1.0,0.0,1,-0.0,False,True,False,False,False,0,0,2,0,1,1,0,0,1,0,2
baseline,S_0012500,4,4,2,0,3,1,0.0,0.75,0.25,2,0.5118595071429147,False,True,True,False,False,0,0,4,0,1,2,0,0,1,1,3
baseline,S_0012501,4,4,2,0,3,1,0.0,0.75,0.25,2,0.5118595071429147,False,True,True,False,False,0,0,4,0,1,2,0,0,1,1,3
baseline,S_0012502,2,2,2,0,1,1,0.0,0.5,0.5,2,0.6309297535714574,False,True,False,False,False,0,1,1,0,2,1,0,0,1,0,2
baseline,S_0012504,1,1,1,0,1,0,0.0,1.0,0.0,1,-0.0,False,False,False,False,False,0,0,0,1,1,0,0,0,0,1,1
baseline,S_0012505,2,2,1,0,2,0,0.0,1.0,0.0,1,-0.0,False,True,False,False,False,0,0,2,0,1,1,0,0,1,0,2
baseline,S_0012513,4,4,2,1,3,0,0.25,0.75,0.0,2,0.5118595071429147,False,True,True,False,False,0,0,2,2,2,1,0,0,2,1,3
baseline,S_0012514,2,2,1,0,2,0,0.0,1.0,0.0,1,-0.0,False,True,False,False,False,0,0,2,0,1,0,0,0,1,1,2
baseline,S_0012520,1,1,1,0,1,0,0.0,1.0,0.0,1,-0.0,False,False,False,False,False,0,0,1,0,1,0,0,0,0,1,1
baseline,S_0012525,1,1,1,0,1,0,0.0,1.0,0.0,1,-0.0,False,False,False,False,False,0,0,1,0,1,1,0,0,0,0,1
baseline,S_0012532,1,1,1,0,1,0,0.0,1.0,0.0,1,-0.0,False,False,False,False,False,0,0,1,0,1,1,0,0,0,0,1
baseline,S_0012542,1,1,1,0,1,0,0.0,1.0,0.0,1,-0.0,False,False,False,False,False,0,0,1,0,1,1,0,0,0,0,1
baseline,S_0012544,1,1,1,0,1,0,0.0,1.0,0.0,1,-0.0,False,False,False,False,False,0,0,1,0,1,0,0,0,1,0,1
baseline,S_0012551,1,1,1,0,1,0,0.0,1.0,0.0,1,-0.0,False,False,False,False,False,0,0,1,0,1,0,1,0,0,0,1
baseline,S_0012556,2,2,1,0,2,0,0.0,1.0,0.0,1,-0.0,False,True,False,False,False,0,0,2,0,1,0,1,0,1,0,2
baseline,S_0012575,2,2,2,0,2,0,0.0,1.0,0.0,1,-0.0,False,True,False,False,False,0,1,1,0,2,1,0,0,0,1,2
baseline,S_0012578,2,2,2,0,2,0,0.0,1.0,0.0,1,-0.0,False,True,False,False,False,0,1,1,0,2,1,0,0,0,1,2
baseline,S_0012579,1,1,1,0,1,0,0.0,1.0,0.0,1,-0.0,False,False,False,False,False,0,0,1,0,1,0,0,1,0,0,1
baseline,S_0012581,1,1,1,0,1,0,0.0,1.0,0.0,1,-0.0,False,False,False,False,False,0,0,1,0,1,0,0,1,0,0,1
baseline,S_0012582,1,1,1,0,1,0,0.0,1.0,0.0,1,-0.0,False,False,False,False,False,0,0,1,0,1,0,0,1,0,0,1
baseline,S_0012589,2,2,2,0,2,0,0.0,1.0,0.0,1,-0.0,False,True,False,False,False,0,1,1,0,2,1,0,0,0,1,2
baseline,S_0012590,2,2,2,0,2,0,0.0,1.0,0.0,1,-0.0,False,True,False,False,False,0,1,1,0,2,1,0,0,0,1,2
baseline,S_0012591,2,2,1,0,2,0,0.0,1.0,0.0,1,-0.0,False,True,False,False,False,0,0,2,0,1,0,1,1,0,0,2
baseline,S_0012592,2,2,1,0,2,0,0.0,1.0,0.0,1,-0.0,False,True,False,False,False,0,0,2,0,1,0,1,1,0,0,2
baseline,S_0012595,2,2,2,0,2,0,0.0,1.0,0.0,1,-0.0,False,True,False,False,False,0,1,1,0,2,1,0,0,0,1,2
baseline,S_0012596,4,4,3,0,3,1,0.0,0.75,0.25,2,0.5118595071429147,False,True,True,False,False,0,0,0,4,1,1,1,0,1,1,4
baseline,S_0012597,9,9,7,0,7,2,0.0,0.7777777777777778,0.2222222222222222,2,0.482159360969681,True,True,True,True,False,0,1,2,6,3,2,1,0,2,4,4
baseline,S_0012599,4,4,3,0,3,1,0.0,0.75,0.25,2,0.5118595071429147,False,True,True,False,False,0,1,2,1,3,2,0,0,0,2,2
baseline,S_0012600,3,3,2,0,3,0,0.0,1.0,0.0,1,-0.0,False,True,True,False,False,0,1,2,0,2,1,0,0,0,2,2
baseline,S_0012601,2,2,2,1,1,0,0.5,0.5,0.0,2,0.6309297535714574,False,True,False,False,False,0,0,0,2,1,0,0,0,1,1,2
baseline,S_0012602,2,2,2,1,1,0,0.5,0.5,0.0,2,0.6309297535714574,False,True,False,False,False,0,0,0,2,1,0,0,0,1,1,2
baseline,S_0012609,1,1,1,0,1,0,0.0,1.0,0.0,1,-0.0,False,False,False,False,False,0,0,0,1,1,0,0,0,1,0,1
baseline,S_0012610,1,1,1,0,0,1,0.0,0.0,1.0,1,-0.0,False,False,False,False,False,0,0,0,1,1,1,0,0,0,0,1
baseline,S_0012611,1,1,1,0,1,0,0.0,1.0,0.0,1,-0.0,False,False,False,False,False,0,0,0,1,1,0,0,0,1,0,1
baseline,S_0012615,2,2,1,1,1,0,0.5,0.5,0.0,2,0.6309297535714574,False,True,False,False,False,0,0,2,0,1,1,0,1,0,0,2
baseline,S_0012631,1,1,1,0,1,0,0.0,1.0,0.0,1,-0.0,False,False,False,False,False,0,0,0,1,1,0,0,0,0,1,1
baseline,S_0012632,1,1,1,0,1,0,0.0,1.0,0.0,1,-0.0,False,False,False,False,False,0,0,0,1,1,0,0,0,0,1,1
baseline,S_0012634,1,1,1,0,1,0,0.0,1.0,0.0,1,-0.0,False,False,False,False,False,0,0,0,1,1,0,0,0,0,1,1
baseline,S_0012640,1,1,1,0,1,0,0.0,1.0,0.0,1,-0.0,False,False,False,False,False,0,0,1,0,1,1,0,0,0,0,1
baseline,S_0012642,1,1,1,1,0,0,1.0,0.0,0.0,1,-0.0,False,False,False,False,False,0,0,1,0,1,1,0,0,0,0,1
baseline,S_0012644,1,1,1,1,0,0,1.0,0.0,0.0,1,-0.0,False,False,False,False,False,0,0,1,0,1,1,0,0,0,0,1
baseline,S_0012646,1,1,1,1,0,0,1.0,0.0,0.0,1,-0.0,False,False,False,False,False,0,0,1,0,1,1,0,0,0,0,1
baseline,S_0012653,1,1,1,1,0,0,1.0,0.0,0.0,1,-0.0,False,False,False,False,False,0,0,1,0,1,1,0,0,0,0,1
baseline,S_0012654,1,1,1,1,0,0,1.0,0.0,0.0,1,-0.0,False,False,False,False,False,0,0,1,0,1,1,0,0,0,0,1
baseline,S_0012655,3,3,2,1,1,1,0.3333333333333333,0.3333333333333333,0.3333333333333333,3,0.9999999999999998,False,True,True,False,False,0,0,3,0,1,2,0,0,1,0,2
baseline,S_0012656,3,3,2,1,1,1,0.3333333333333333,0.3333333333333333,0.3333333333333333,3,0.9999999999999998,False,True,True,False,False,0,0,3,0,1,2,0,0,1,0,2
baseline,S_0012673,1,1,1,1,0,0,1.0,0.0,0.0,1,-0.0,False,False,False,False,False,0,0,1,0,1,1,0,0,0,0,1
baseline,S_0012680,1,1,1,1,0,0,1.0,0.0,0.0,1,-0.0,False,False,False,False,False,0,0,1,0,1,1,0,0,0,0,1
baseline,S_0012688,1,1,1,0,1,0,0.0,1.0,0.0,1,-0.0,False,False,False,False,False,0,0,1,0,1,0,0,0,0,1,1
baseline,S_0012689,1,1,1,0,1,0,0.0,1.0,0.0,1,-0.0,False,False,False,False,False,0,0,1,0,1,0,0,0,0,1,1
baseline,S_0012692,1,1,1,0,1,0,0.0,1.0,0.0,1,-0.0,False,False,False,False,False,0,0,1,0,1,0,0,0,0,1,1
baseline,S_0012693,1,1,1,0,1,0,0.0,1.0,0.0,1,-0.0,False,False,False,False,False,0,0,1,0,1,0,0,0,0,1,1
baseline,S_0012696,1,1,1,1,0,0,1.0,0.0,0.0,1,-0.0,False,False,False,False,False,0,0,1,0,1,1,0,0,0,0,1
baseline,S_0012697,1,1,1,1,0,0,1.0,0.0,0.0,1,-0.0,False,False,False,False,False,0,0,1,0,1,1,0,0,0,0,1
baseline,S_0012703,1,1,1,0,1,0,0.0,1.0,0.0,1,-0.0,False,False,False,False,False,0,0,1,0,1,0,0,0,0,1,1
baseline,S_0012705,3,3,1,2,1,0,0.6666666666666666,0.3333333333333333,0.0,2,0.5793801642856949,False,True,True,False,False,0,0,3,0,1,2,0,0,0,1,2
baseline,S_0012708,1,1,1,0,1,0,0.0,1.0,0.0,1,-0.0,False,False,False,False,False,0,0,1,0,1,0,0,0,0,1,1
baseline,S_0012709,4,4,2,2,2,0,0.5,0.5,0.0,2,0.6309297535714574,False,True,True,False,False,0,1,3,0,2,3,0,0,0,1,2
baseline,S_0012716,1,1,1,1,0,0,1.0,0.0,0.0,1,-0.0,False,False,False,False,False,0,0,1,0,1,0,0,0,0,1,1
baseline,S_0012718,1,1,1,1,0,0,1.0,0.0,0.0,1,-0.0,False,False,False,False,False,0,0,1,0,1,0,1,0,0,0,1
baseline,S_0012721,1,1,1,1,0,0,1.0,0.0,0.0,1,-0.0,False,False,False,False,False,0,0,1,0,1,1,0,0,0,0,1
baseline,S_0012723,1,1,1,1,0,0,1.0,0.0,0.0,1,-0.0,False,False,False,False,False,0,0,1,0,1,1,0,0,0,0,1
baseline,S_0012731,1,1,1,0,0,1,0.0,0.0,1.0,1,-0.0,False,False,False,False,False,0,0,1,0,1,0,0,0,1,0,1
baseline,S_0012734,2,2,1,0,2,0,0.0,1.0,0.0,1,-0.0,False,True,False,False,False,0,0,2,0,1,0,1,0,1,0,2
baseline,S_0012735,2,2,1,0,2,0,0.0,1.0,0.0,1,-0.0,False,True,False,False,False,0,0,2,0,1,0,1,0,1,0,2
baseline,S_0012737,2,2,1,0,2,0,0.0,1.0,0.0,1,-0.0,False,True,False,False,False,0,0,2,0,1,0,1,0,1,0,2
baseline,S_0012749,1,1,1,0,1,0,0.0,1.0,0.0,1,-0.0,False,False,False,False,False,0,0,1,0,1,1,0,0,0,0,1
baseline,S_0012759,4,4,2,0,3,1,0.0,0.75,0.25,2,0.5118595071429147,False,True,True,False,False,0,0,3,1,2,1,1,1,0,1,4
baseline,S_0012760,1,1,1,0,1,0,0.0,1.0,0.0,1,-0.0,False,False,False,False,False,0,0,1,0,1,0,1,0,0,0,1
baseline,S_0012763,4,4,2,0,3,1,0.0,0.75,0.25,2,0.5118595071429147,False,True,True,False,False,0,0,3,1,2,1,1,1,0,1,4
baseline,S_0012801,1,1,1,0,1,0,0.0,1.0,0.0,1,-0.0,False,False,False,False,False,0,0,1,0,1,0,1,0,0,0,1
baseline,S_0012803,1,1,1,0,1,0,0.0,1.0,0.0,1,-0.0,False,False,False,False,False,0,0,1,0,1,0,1,0,0,0,1
baseline,S_0012810,1,1,1,0,1,0,0.0,1.0,0.0,1,-0.0,False,False,False,False,False,0,0,0,1,1,1,0,0,0,0,1
baseline,S_0012856,2,2,1,0,1,1,0.0,0.5,0.5,2,0.6309297535714574,False,True,False,False,False,0,0,2,0,1,1,0,0,0,1,2
baseline,S_0012857,2,2,1,0,1,1,0.0,0.5,0.5,2,0.6309297535714574,False,True,False,False,False,0,0,2,0,1,1,0,0,0,1,2
baseline,S_0012860,3,3,2,1,2,0,0.3333333333333333,0.6666666666666666,0.0,2,0.5793801642856949,False,True,True,False,False,0,0,0,3,1,1,0,0,1,1,3
baseline,S_0012861,1,1,1,0,1,0,0.0,1.0,0.0,1,-0.0,False,False,False,False,False,0,0,0,1,1,0,0,0,0,1,1
baseline,S_0012862,2,1,2,0,1,0,0.0,1.0,0.0,1,-0.0,False,False,False,False,False,0,0,0,1,1,0,1,0,0,0,1
baseline,S_0012863,2,2,1,0,2,0,0.0,1.0,0.0,1,-0.0,False,True,False,False,False,0,0,2,0,1,1,0,0,1,0,2
baseline,S_0012915,2,1,2,0,0,1,0.0,0.0,1.0,1,-0.0,False,False,False,False,False,0,0,0,1,1,0,1,0,0,0,1
baseline,S_0012921,1,1,1,0,1,0,0.0,1.0,0.0,1,-0.0,False,False,False,False,False,0,0,1,0,1,1,0,0,0,0,1
baseline,S_0012922,1,1,1,0,1,0,0.0,1.0,0.0,1,-0.0,False,False,False,False,False,0,0,1,0,1,1,0,0,0,0,1
baseline,S_0012927,1,1,1,1,0,0,1.0,0.0,0.0,1,-0.0,False,False,False,False,False,0,0,0,1,1,1,0,0,0,0,1
baseline,S_0012980,1,1,1,1,0,0,1.0,0.0,0.0,1,-0.0,False,False,False,False,False,0,0,0,1,1,0,0,0,1,0,1
baseline,S_0012981,1,1,1,1,0,0,1.0,0.0,0.0,1,-0.0,False,False,False,False,False,0,0,0,1,1,0,0,0,1,0,1
baseline,S_0012988,1,1,1,0,1,0,0.0,1.0,0.0,1,-0.0,False,False,False,False,False,0,0,1,0,1,1,0,0,0,0,1
baseline,S_0013003,1,1,1,0,1,0,0.0,1.0,0.0,1,-0.0,False,False,False,False,False,1,0,0,0,1,1,0,0,0,0,1
baseline,S_0013021,1,1,1,0,1,0,0.0,1.0,0.0,1,-0.0,False,False,False,False,False,0,0,1,0,1,0,0,1,0,0,1
baseline,S_0013022,1,1,1,0,1,0,0.0,1.0,0.0,1,-0.0,False,False,False,False,False,0,0,0,1,1,1,0,0,0,0,1
baseline,S_0013024,1,1,1,0,1,0,0.0,1.0,0.0,1,-0.0,False,False,False,False,False,0,0,1,0,1,0,0,1,0,0,1
baseline,S_0013028,1,1,1,0,1,0,0.0,1.0,0.0,1,-0.0,False,False,False,False,False,0,1,0,0,1,1,0,0,0,0,1
baseline,S_0013030,1,1,1,0,1,0,0.0,1.0,0.0,1,-0.0,False,False,False,False,False,0,1,0,0,1,1,0,0,0,0,1
baseline,S_0013031,1,1,1,0,1,0,0.0,1.0,0.0,1,-0.0,False,False,False,False,False,0,1,0,0,1,1,0,0,0,0,1
baseline,S_0013036,1,1,1,0,1,0,0.0,1.0,0.0,1,-0.0,False,False,False,False,False,0,0,1,0,1,0,0,1,0,0,1
baseline,S_0013055,1,1,1,0,1,0,0.0,1.0,0.0,1,-0.0,False,False,False,False,False,0,0,1,0,1,0,0,0,1,0,1
baseline,S_0013078,2,2,1,0,2,0,0.0,1.0,0.0,1,-0.0,False,True,False,False,False,0,0,2,0,1,0,1,0,1,0,2
baseline,S_0013079,2,2,1,0,2,0,0.0,1.0,0.0,1,-0.0,False,True,False,False,False,0,0,2,0,1,0,1,0,1,0,2
baseline,S_0013080,2,2,1,0,2,0,0.0,1.0,0.0,1,-0.0,False,True,False,False,False,0,0,2,0,1,0,1,0,1,0,2
baseline,S_0013118,4,2,2,2,0,0,1.0,0.0,0.0,1,-0.0,False,True,False,False,False,0,0,0,2,1,1,0,0,1,0,2
baseline,S_0013119,2,2,1,2,0,0,1.0,0.0,0.0,1,-0.0,False,True,False,False,False,0,0,0,2,1,1,0,0,1,0,2
baseline,S_0013139,1,1,1,1,0,0,1.0,0.0,0.0,1,-0.0,False,False,False,False,False,0,0,0,1,1,1,0,0,0,0,1
baseline,S_0013143,1,1,1,1,0,0,1.0,0.0,0.0,1,-0.0,False,False,False,False,False,0,0,0,1,1,1,0,0,0,0,1
baseline,S_0013163,1,1,1,0,1,0,0.0,1.0,0.0,1,-0.0,False,False,False,False,False,0,0,0,1,1,0,1,0,0,0,1
baseline,S_0013164,1,1,1,0,1,0,0.0,1.0,0.0,1,-0.0,False,False,False,False,False,0,0,0,1,1,0,1,0,0,0,1
baseline,S_0013182,1,1,1,1,0,0,1.0,0.0,0.0,1,-0.0,False,False,False,False,False,0,0,0,1,1,1,0,0,0,0,1
baseline,S_0013184,2,1,2,1,0,0,1.0,0.0,0.0,1,-0.0,False,False,False,False,False,0,0,0,1,1,1,0,0,0,0,1
baseline,S_0013193,1,1,1,0,1,0,0.0,1.0,0.0,1,-0.0,False,False,False,False,False,0,0,0,1,1,0,1,0,0,0,1
baseline,S_0013194,1,1,1,0,1,0,0.0,1.0,0.0,1,-0.0,False,False,False,False,False,0,0,0,1,1,0,1,0,0,0,1
baseline,S_0013195,1,1,1,0,1,0,0.0,1.0,0.0,1,-0.0,False,False,False,False,False,0,1,0,0,1,1,0,0,0,0,1
baseline,S_0013196,1,1,1,0,1,0,0.0,1.0,0.0,1,-0.0,False,False,False,False,False,0,1,0,0,1,1,0,0,0,0,1
baseline,S_0013198,1,1,1,0,1,0,0.0,1.0,0.0,1,-0.0,False,False,False,False,False,0,1,0,0,1,1,0,0,0,0,1
baseline,S_0013201,1,1,1,0,1,0,0.0,1.0,0.0,1,-0.0,False,False,False,False,False,0,1,0,0,1,1,0,0,0,0,1
baseline,S_0013202,1,1,1,0,1,0,0.0,1.0,0.0,1,-0.0,False,False,False,False,False,0,1,0,0,1,1,0,0,0,0,1
baseline,S_0013204,1,1,1,0,1,0,0.0,1.0,0.0,1,-0.0,False,False,False,False,False,0,1,0,0,1,1,0,0,0,0,1
baseline,S_0013205,1,1,1,0,1,0,0.0,1.0,0.0,1,-0.0,False,False,False,False,False,0,1,0,0,1,1,0,0,0,0,1
baseline,S_0013209,1,1,1,0,1,0,0.0,1.0,0.0,1,-0.0,False,False,False,False,False,0,1,0,0,1,1,0,0,0,0,1
baseline,S_0013213,1,1,1,0,1,0,0.0,1.0,0.0,1,-0.0,False,False,False,False,False,0,0,1,0,1,0,1,0,0,0,1
baseline,S_0013218,1,1,1,0,1,0,0.0,1.0,0.0,1,-0.0,False,False,False,False,False,0,0,1,0,1,0,1,0,0,0,1
baseline,S_0013231,2,2,2,0,1,1,0.0,0.5,0.5,2,0.6309297535714574,False,True,False,False,False,0,0,0,2,1,1,1,0,0,0,2
baseline,S_0013249,1,1,1,0,1,0,0.0,1.0,0.0,1,-0.0,False,False,False,False,False,0,0,0,1,1,0,1,0,0,0,1
baseline,S_0013250,1,1,1,0,1,0,0.0,1.0,0.0,1,-0.0,False,False,False,False,False,0,0,0,1,1,0,1,0,0,0,1
baseline,S_0013254,2,2,2,0,1,1,0.0,0.5,0.5,2,0.6309297535714574,False,True,False,False,False,0,0,1,1,2,0,0,1,1,0,2
baseline,S_0013309,1,1,1,0,1,0,0.0,1.0,0.0,1,-0.0,False,False,False,False,False,0,0,0,1,1,0,0,0,0,1,1
baseline,S_0013311,1,1,1,0,1,0,0.0,1.0,0.0,1,-0.0,False,False,False,False,False,0,0,0,1,1,0,0,0,0,1,1
baseline,S_0013312,1,1,1,0,1,0,0.0,1.0,0.0,1,-0.0,False,False,False,False,False,0,0,0,1,1,0,0,0,0,1,1
baseline,S_0013327,1,1,1,0,1,0,0.0,1.0,0.0,1,-0.0,False,False,False,False,False,0,0,1,0,1,1,0,0,0,0,1
baseline,S_0013328,1,1,1,0,1,0,0.0,1.0,0.0,1,-0.0,False,False,False,False,False,0,0,1,0,1,0,1,0,0,0,1
baseline,S_0013330,1,1,1,1,0,0,1.0,0.0,0.0,1,-0.0,False,False,False,False,False,0,0,1,0,1,1,0,0,0,0,1
baseline,S_0013332,1,1,1,1,0,0,1.0,0.0,0.0,1,-0.0,False,False,False,False,False,0,0,1,0,1,1,0,0,0,0,1
baseline,S_0013347,1,1,1,1,0,0,1.0,0.0,0.0,1,-0.0,False,False,False,False,False,0,0,1,0,1,1,0,0,0,0,1
baseline,S_0013348,1,1,1,1,0,0,1.0,0.0,0.0,1,-0.0,False,False,False,False,False,0,0,1,0,1,1,0,0,0,0,1
baseline,S_0013350,1,1,1,1,0,0,1.0,0.0,0.0,1,-0.0,False,False,False,False,False,0,0,1,0,1,1,0,0,0,0,1
baseline,S_0013351,1,1,1,1,0,0,1.0,0.0,0.0,1,-0.0,False,False,False,False,False,0,0,1,0,1,1,0,0,0,0,1
baseline,S_0013354,1,1,1,1,0,0,1.0,0.0,0.0,1,-0.0,False,False,False,False,False,0,0,1,0,1,1,0,0,0,0,1
baseline,S_0013433,1,1,1,0,1,0,0.0,1.0,0.0,1,-0.0,False,False,False,False,False,0,0,1,0,1,1,0,0,0,0,1
baseline,S_0013434,1,1,1,0,1,0,0.0,1.0,0.0,1,-0.0,False,False,False,False,False,0,0,1,0,1,1,0,0,0,0,1
baseline,S_0013444,1,1,1,0,1,0,0.0,1.0,0.0,1,-0.0,False,False,False,False,False,0,0,1,0,1,1,0,0,0,0,1
baseline,S_0013445,1,1,1,0,1,0,0.0,1.0,0.0,1,-0.0,False,False,False,False,False,0,0,1,0,1,1,0,0,0,0,1
baseline,S_0013452,1,1,1,0,1,0,0.0,1.0,0.0,1,-0.0,False,False,False,False,False,0,0,1,0,1,1,0,0,0,0,1
baseline,S_0013453,1,1,1,0,1,0,0.0,1.0,0.0,1,-0.0,False,False,False,False,False,0,0,1,0,1,1,0,0,0,0,1
baseline,S_0013478,1,1,1,0,1,0,0.0,1.0,0.0,1,-0.0,False,False,False,False,False,0,0,1,0,1,1,0,0,0,0,1
baseline,S_0013481,6,4,6,1,1,2,0.25,0.25,0.5,3,0.946394630357186,False,True,True,False,False,0,0,0,4,1,1,1,1,0,1,4
baseline,S_0013484,1,1,1,0,1,0,0.0,1.0,0.0,1,-0.0,False,False,False,False,False,0,0,1,0,1,1,0,0,0,0,1
baseline,S_0013534,1,1,1,0,1,0,0.0,1.0,0.0,1,-0.0,False,False,False,False,False,0,0,1,0,1,0,0,0,1,0,1
baseline,S_0013537,1,1,1,1,0,0,1.0,0.0,0.0,1,-0.0,False,False,False,False,False,0,1,0,0,1,0,0,1,0,0,1
baseline,S_0013538,1,1,1,0,1,0,0.0,1.0,0.0,1,-0.0,False,False,False,False,False,0,0,1,0,1,0,0,0,1,0,1
baseline,S_0013547,1,1,1,0,1,0,0.0,1.0,0.0,1,-0.0,False,False,False,False,False,0,0,1,0,1,0,0,1,0,0,1
baseline,S_0013603,1,1,1,0,1,0,0.0,1.0,0.0,1,-0.0,False,False,False,False,False,0,0,1,0,1,0,0,0,0,1,1
baseline,S_0013616,1,1,1,1,0,0,1.0,0.0,0.0,1,-0.0,False,False,False,False,False,0,0,0,1,1,0,0,0,0,1,1
baseline,S_0013617,1,1,1,1,0,0,1.0,0.0,0.0,1,-0.0,False,False,False,False,False,0,0,0,1,1,0,0,0,0,1,1
baseline,S_0013620,2,1,2,1,0,0,1.0,0.0,0.0,1,-0.0,False,False,False,False,False,0,0,0,1,1,0,0,0,0,1,1
baseline,S_0013625,1,1,1,1,0,0,1.0,0.0,0.0,1,-0.0,False,False,False,False,False,0,0,0,1,1,0,0,0,0,1,1
baseline,S_0013627,1,1,1,1,0,0,1.0,0.0,0.0,1,-0.0,False,False,False,False,False,0,0,0,1,1,0,0,0,0,1,1
baseline,S_0013685,1,1,1,0,1,0,0.0,1.0,0.0,1,-0.0,False,False,False,False,False,0,0,0,1,1,0,0,0,1,0,1
baseline,S_0013689,1,1,1,0,0,1,0.0,0.0,1.0,1,-0.0,False,False,False,False,False,0,0,1,0,1,1,0,0,0,0,1
baseline,S_0013695,1,1,1,0,0,1,0.0,0.0,1.0,1,-0.0,False,False,False,False,False,0,0,1,0,1,1,0,0,0,0,1
baseline,S_0013698,1,1,1,0,0,1,0.0,0.0,1.0,1,-0.0,False,False,False,False,False,0,0,1,0,1,1,0,0,0,0,1
baseline,S_0013702,1,1,1,0,0,1,0.0,0.0,1.0,1,-0.0,False,False,False,False,False,0,0,1,0,1,1,0,0,0,0,1
baseline,S_0013709,2,2,1,0,2,0,0.0,1.0,0.0,1,-0.0,False,True,False,False,False,0,0,2,0,1,0,1,1,0,0,2
baseline,S_0013715,1,1,1,0,1,0,0.0,1.0,0.0,1,-0.0,False,False,False,False,False,0,0,1,0,1,0,1,0,0,0,1
baseline,S_0013731,1,1,1,0,1,0,0.0,1.0,0.0,1,-0.0,False,False,False,False,False,0,0,0,1,1,1,0,0,0,0,1
baseline,S_0013735,1,1,1,0,1,0,0.0,1.0,0.0,1,-0.0,False,False,False,False,False,0,0,0,1,1,1,0,0,0,0,1
baseline,S_0013772,3,3,2,1,2,0,0.3333333333333333,0.6666666666666666,0.0,2,0.5793801642856949,False,True,True,False,False,0,1,2,0,2,2,0,0,0,1,2
baseline,S_0013878,1,1,1,0,1,0,0.0,1.0,0.0,1,-0.0,False,False,False,False,False,0,1,0,0,1,1,0,0,0,0,1
baseline,S_0013880,4,3,3,1,1,1,0.3333333333333333,0.3333333333333333,0.3333333333333333,3,0.9999999999999998,False,True,True,False,False,0,0,0,3,1,0,2,0,1,0,2
baseline,S_0013885,2,2,1,0,1,1,0.0,0.5,0.5,2,0.6309297535714574,False,True,False,False,False,0,0,2,0,1,2,0,0,0,0,1
baseline,S_0013896,1,1,1,0,1,0,0.0,1.0,0.0,1,-0.0,False,False,False,False,False,0,1,0,0,1,1,0,0,0,0,1
baseline,S_0013900,1,1,1,0,1,0,0.0,1.0,0.0,1,-0.0,False,False,False,False,False,0,1,0,0,1,1,0,0,0,0,1
baseline,S_0013903,1,1,1,0,1,0,0.0,1.0,0.0,1,-0.0,False,False,False,False,False,0,1,0,0,1,1,0,0,0,0,1
baseline,S_0013908,2,1,2,0,0,1,0.0,0.0,1.0,1,-0.0,False,False,False,False,False,0,0,0,1,1,0,1,0,0,0,1
baseline,S_0013931,1,1,1,0,1,0,0.0,1.0,0.0,1,-0.0,False,False,False,False,False,0,1,0,0,1,1,0,0,0,0,1
baseline,S_0013933,1,1,1,0,1,0,0.0,1.0,0.0,1,-0.0,False,False,False,False,False,0,0,0,1,1,0,1,0,0,0,1
baseline,S_0013935,1,1,1,0,1,0,0.0,1.0,0.0,1,-0.0,False,False,False,False,False,0,1,0,0,1,1,0,0,0,0,1
baseline,S_0013939,1,1,1,0,1,0,0.0,1.0,0.0,1,-0.0,False,False,False,False,False,0,0,0,1,1,0,1,0,0,0,1
baseline,S_0013942,1,1,1,0,1,0,0.0,1.0,0.0,1,-0.0,False,False,False,False,False,0,0,1,0,1,1,0,0,0,0,1
baseline,S_0013948,1,1,1,0,1,0,0.0,1.0,0.0,1,-0.0,False,False,False,False,False,0,0,1,0,1,0,0,1,0,0,1
baseline,S_0013949,1,1,1,0,1,0,0.0,1.0,0.0,1,-0.0,False,False,False,False,False,0,0,1,0,1,0,0,1,0,0,1
baseline,S_0013966,1,1,1,0,1,0,0.0,1.0,0.0,1,-0.0,False,False,False,False,False,0,0,1,0,1,1,0,0,0,0,1
baseline,S_0013967,1,1,1,0,1,0,0.0,1.0,0.0,1,-0.0,False,False,False,False,False,0,0,1,0,1,1,0,0,0,0,1
baseline,S_0013968,1,1,1,0,1,0,0.0,1.0,0.0,1,-0.0,False,False,False,False,False,0,0,0,1,1,0,1,0,0,0,1
baseline,S_0014133,1,1,1,0,1,0,0.0,1.0,0.0,1,-0.0,False,False,False,False,False,0,0,1,0,1,0,1,0,0,0,1
baseline,S_0014151,1,1,1,1,0,0,1.0,0.0,0.0,1,-0.0,False,False,False,False,False,0,0,0,1,1,0,0,0,1,0,1
baseline,S_0014152,1,1,1,1,0,0,1.0,0.0,0.0,1,-0.0,False,False,False,False,False,0,0,0,1,1,0,0,0,1,0,1
baseline,S_0014154,2,1,2,1,0,0,1.0,0.0,0.0,1,-0.0,False,False,False,False,False,0,0,0,1,1,0,0,0,1,0,1
baseline,S_0014155,2,1,2,1,0,0,1.0,0.0,0.0,1,-0.0,False,False,False,False,False,0,0,0,1,1,0,0,0,1,0,1
baseline,S_0014157,2,1,2,1,0,0,1.0,0.0,0.0,1,-0.0,False,False,False,False,False,0,0,0,1,1,0,0,0,1,0,1
baseline,S_0014158,1,1,1,1,0,0,1.0,0.0,0.0,1,-0.0,False,False,False,False,False,0,0,0,1,1,0,0,0,1,0,1
baseline,S_0014198,1,1,1,0,1,0,0.0,1.0,0.0,1,-0.0,False,False,False,False,False,0,0,1,0,1,0,1,0,0,0,1
baseline,S_0014199,1,1,1,0,1,0,0.0,1.0,0.0,1,-0.0,False,False,False,False,False,0,0,1,0,1,0,1,0,0,0,1
baseline,S_0014288,1,1,1,0,1,0,0.0,1.0,0.0,1,-0.0,False,False,False,False,False,0,0,1,0,1,1,0,0,0,0,1
baseline,S_0014289,1,1,1,0,1,0,0.0,1.0,0.0,1,-0.0,False,False,False,False,False,0,0,1,0,1,1,0,0,0,0,1
baseline,S_0014319,2,2,1,0,2,0,0.0,1.0,0.0,1,-0.0,False,True,False,False,False,0,0,2,0,1,0,1,0,1,0,2
baseline,S_0014320,2,2,1,0,2,0,0.0,1.0,0.0,1,-0.0,False,True,False,False,False,0,0,2,0,1,0,1,0,1,0,2
baseline,S_0014322,2,2,1,0,2,0,0.0,1.0,0.0,1,-0.0,False,True,False,False,False,0,0,2,0,1,0,1,0,1,0,2
baseline,S_0014377,1,1,1,1,0,0,1.0,0.0,0.0,1,-0.0,False,False,False,False,False,0,1,0,0,1,0,0,1,0,0,1
baseline,S_0014381,1,1,1,0,1,0,0.0,1.0,0.0,1,-0.0,False,False,False,False,False,0,0,1,0,1,1,0,0,0,0,1
baseline,S_0014385,1,1,1,0,1,0,0.0,1.0,0.0,1,-0.0,False,False,False,False,False,0,0,1,0,1,0,0,0,0,1,1
baseline,S_0014414,5,5,5,1,3,1,0.2,0.6,0.2,3,0.8649735207179272,True,True,True,True,False,0,0,0,5,1,1,1,0,2,1,4
baseline,S_0014423,1,1,1,0,1,0,0.0,1.0,0.0,1,-0.0,False,False,False,False,False,0,0,0,1,1,0,0,0,0,1,1
baseline,S_0014425,1,1,1,1,0,0,1.0,0.0,0.0,1,-0.0,False,False,False,False,False,0,1,0,0,1,0,0,1,0,0,1
baseline,S_0014426,1,1,1,1,0,0,1.0,0.0,0.0,1,-0.0,False,False,False,False,False,0,1,0,0,1,0,0,1,0,0,1
baseline,S_0014500,1,1,1,0,0,1,0.0,0.0,1.0,1,-0.0,False,False,False,False,False,0,0,1,0,1,1,0,0,0,0,1
baseline,S_0014501,1,1,1,0,0,1,0.0,0.0,1.0,1,-0.0,False,False,False,False,False,0,0,1,0,1,1,0,0,0,0,1
baseline,S_0014503,2,2,2,1,0,1,0.5,0.0,0.5,2,0.6309297535714574,False,True,False,False,False,0,1,1,0,2,1,0,1,0,0,2
baseline,S_0014504,2,2,2,1,0,1,0.5,0.0,0.5,2,0.6309297535714574,False,True,False,False,False,0,1,1,0,2,1,0,1,0,0,2
baseline,S_0014505,2,2,2,0,2,0,0.0,1.0,0.0,1,-0.0,False,True,False,False,False,1,0,1,0,2,1,1,0,0,0,2
baseline,S_0014506,2,2,2,0,2,0,0.0,1.0,0.0,1,-0.0,False,True,False,False,False,1,0,1,0,2,1,1,0,0,0,2
baseline,S_0014509,3,3,3,1,1,1,0.3333333333333333,0.3333333333333333,0.3333333333333333,3,0.9999999999999998,False,True,True,False,False,1,1,1,0,3,2,0,1,0,0,2
baseline,S_0014510,3,3,3,1,1,1,0.3333333333333333,0.3333333333333333,0.3333333333333333,3,0.9999999999999998,False,True,True,False,False,1,1,1,0,3,2,0,1,0,0,2
baseline,S_0014511,2,2,2,1,0,1,0.5,0.0,0.5,2,0.6309297535714574,False,True,False,False,False,0,1,1,0,2,1,0,1,0,0,2
baseline,S_0014512,1,1,1,0,0,1,0.0,0.0,1.0,1,-0.0,False,False,False,False,False,0,0,1,0,1,1,0,0,0,0,1
baseline,S_0014514,1,1,1,0,1,0,0.0,1.0,0.0,1,-0.0,False,False,False,False,False,0,1,0,0,1,0,0,0,0,1,1
baseline,S_0014515,1,1,1,0,1,0,0.0,1.0,0.0,1,-0.0,False,False,False,False,False,0,1,0,0,1,0,0,0,0,1,1
baseline,S_0014519,1,1,1,0,0,1,0.0,0.0,1.0,1,-0.0,False,False,False,False,False,0,0,1,0,1,1,0,0,0,0,1
baseline,S_0014520,1,1,1,0,0,1,0.0,0.0,1.0,1,-0.0,False,False,False,False,False,0,0,1,0,1,1,0,0,0,0,1
baseline,S_0014521,1,1,1,0,1,0,0.0,1.0,0.0,1,-0.0,False,False,False,False,False,0,1,0,0,1,0,0,0,0,1,1
baseline,S_0014528,1,1,1,0,1,0,0.0,1.0,0.0,1,-0.0,False,False,False,False,False,0,1,0,0,1,0,0,0,0,1,1
baseline,S_0014530,1,1,1,0,1,0,0.0,1.0,0.0,1,-0.0,False,False,False,False,False,0,1,0,0,1,0,0,0,0,1,1
baseline,S_0014531,1,1,1,0,1,0,0.0,1.0,0.0,1,-0.0,False,False,False,False,False,0,1,0,0,1,0,0,0,0,1,1
baseline,S_0014534,2,2,1,0,2,0,0.0,1.0,0.0,1,-0.0,False,True,False,False,False,0,0,2,0,1,0,1,0,1,0,2
baseline,S_0014536,1,1,1,0,1,0,0.0,1.0,0.0,1,-0.0,False,False,False,False,False,0,1,0,0,1,0,0,0,0,1,1
baseline,S_0014538,1,1,1,0,1,0,0.0,1.0,0.0,1,-0.0,False,False,False,False,False,0,0,1,0,1,0,0,0,1,0,1
baseline,S_0014539,1,1,1,0,1,0,0.0,1.0,0.0,1,-0.0,False,False,False,False,False,0,0,1,0,1,0,0,0,1,0,1
baseline,S_0014540,1,1,1,0,1,0,0.0,1.0,0.0,1,-0.0,False,False,False,False,False,0,0,1,0,1,0,0,0,1,0,1
baseline,S_0014541,1,1,1,0,0,1,0.0,0.0,1.0,1,-0.0,False,False,False,False,False,0,0,1,0,1,1,0,0,0,0,1
baseline,S_0014542,1,1,1,0,0,1,0.0,0.0,1.0,1,-0.0,False,False,False,False,False,0,0,1,0,1,1,0,0,0,0,1
baseline,S_0014543,1,1,1,0,1,0,0.0,1.0,0.0,1,-0.0,False,False,False,False,False,0,1,0,0,1,0,0,0,0,1,1
baseline,S_0014544,1,1,1,0,1,0,0.0,1.0,0.0,1,-0.0,False,False,False,False,False,0,1,0,0,1,0,0,0,0,1,1
baseline,S_0014550,2,2,1,0,2,0,0.0,1.0,0.0,1,-0.0,False,True,False,False,False,0,0,2,0,1,0,1,0,1,0,2
baseline,S_0014553,1,1,1,0,1,0,0.0,1.0,0.0,1,-0.0,False,False,False,False,False,0,1,0,0,1,0,0,0,0,1,1
baseline,S_0014554,1,1,1,0,1,0,0.0,1.0,0.0,1,-0.0,False,False,False,False,False,0,1,0,0,1,0,0,0,0,1,1
baseline,S_0014558,2,2,1,0,2,0,0.0,1.0,0.0,1,-0.0,False,True,False,False,False,0,0,2,0,1,0,1,0,1,0,2
baseline,S_0014559,1,1,1,0,1,0,0.0,1.0,0.0,1,-0.0,False,False,False,False,False,0,0,1,0,1,0,0,0,1,0,1
baseline,S_0014560,1,1,1,0,1,0,0.0,1.0,0.0,1,-0.0,False,False,False,False,False,0,0,1,0,1,0,0,0,1,0,1
baseline,S_0014562,1,1,1,0,1,0,0.0,1.0,0.0,1,-0.0,False,False,False,False,False,0,0,1,0,1,0,0,0,1,0,1
baseline,S_0014563,1,1,1,0,1,0,0.0,1.0,0.0,1,-0.0,False,False,False,False,False,0,0,1,0,1,0,0,0,1,0,1
baseline,S_0014568,1,1,1,0,1,0,0.0,1.0,0.0,1,-0.0,False,False,False,False,False,0,1,0,0,1,0,0,0,0,1,1
baseline,S_0014569,1,1,1,0,1,0,0.0,1.0,0.0,1,-0.0,False,False,False,False,False,0,1,0,0,1,0,0,0,0,1,1
baseline,S_0014579,4,2,4,1,1,0,0.5,0.5,0.0,2,0.6309297535714574,False,True,False,False,False,0,0,0,2,1,1,0,0,0,1,2
baseline,S_0014585,5,2,5,1,1,0,0.5,0.5,0.0,2,0.6309297535714574,False,True,False,False,False,0,0,0,2,1,1,0,0,0,1,2
baseline,S_0014589,2,2,1,0,2,0,0.0,1.0,0.0,1,-0.0,False,True,False,False,False,0,0,2,0,1,0,0,0,1,1,2
baseline,S_0014590,2,2,1,0,2,0,0.0,1.0,0.0,1,-0.0,False,True,False,False,False,0,0,2,0,1,0,0,0,1,1,2
baseline,S_0014595,1,1,1,0,0,1,0.0,0.0,1.0,1,-0.0,False,False,False,False,False,0,0,1,0,1,1,0,0,0,0,1
baseline,S_0014597,1,1,1,0,1,0,0.0,1.0,0.0,1,-0.0,False,False,False,False,False,0,1,0,0,1,0,0,0,0,1,1
baseline,S_0014607,2,2,1,0,2,0,0.0,1.0,0.0,1,-0.0,False,True,False,False,False,0,0,2,0,1,0,0,0,1,1,2
baseline,S_0014609,1,1,1,0,1,0,0.0,1.0,0.0,1,-0.0,False,False,False,False,False,0,0,1,0,1,0,0,0,1,0,1
baseline,S_0014612,1,1,1,0,1,0,0.0,1.0,0.0,1,-0.0,False,False,False,False,False,0,0,1,0,1,0,0,0,1,0,1
baseline,S_0014690,1,1,1,0,0,1,0.0,0.0,1.0,1,-0.0,False,False,False,False,False,0,0,1,0,1,1,0,0,0,0,1
baseline,S_0014691,1,1,1,0,0,1,0.0,0.0,1.0,1,-0.0,False,False,False,False,False,0,0,1,0,1,1,0,0,0,0,1
baseline,S_0014927,1,1,1,0,1,0,0.0,1.0,0.0,1,-0.0,False,False,False,False,False,0,0,1,0,1,0,0,1,0,0,1
baseline,S_0014928,1,1,1,0,1,0,0.0,1.0,0.0,1,-0.0,False,False,False,False,False,0,0,1,0,1,0,0,1,0,0,1
baseline,S_0014967,2,2,2,0,2,0,0.0,1.0,0.0,1,-0.0,False,True,False,False,False,0,0,2,0,1,0,0,0,2,0,1
baseline,S_0015021,1,1,1,0,1,0,0.0,1.0,0.0,1,-0.0,False,False,False,False,False,0,0,1,0,1,0,0,0,0,1,1
baseline,S_0015022,1,1,1,1,0,0,1.0,0.0,0.0,1,-0.0,False,False,False,False,False,0,0,0,1,1,1,0,0,0,0,1
baseline,S_0015023,1,1,1,0,1,0,0.0,1.0,0.0,1,-0.0,False,False,False,False,False,0,0,1,0,1,0,0,0,0,1,1
baseline,S_0015025,2,2,2,1,1,0,0.5,0.5,0.0,2,0.6309297535714574,False,True,False,False,False,0,0,1,1,2,1,0,0,0,1,2
baseline,S_0015026,1,1,1,0,1,0,0.0,1.0,0.0,1,-0.0,False,False,False,False,False,0,0,1,0,1,0,0,0,0,1,1
baseline,S_0015075,1,1,1,0,0,1,0.0,0.0,1.0,1,-0.0,False,False,False,False,False,0,0,1,0,1,1,0,0,0,0,1
baseline,S_0015086,1,1,1,0,0,1,0.0,0.0,1.0,1,-0.0,False,False,False,False,False,0,0,1,0,1,1,0,0,0,0,1
baseline,S_0015088,2,2,1,0,0,2,0.0,0.0,1.0,1,-0.0,False,True,False,False,False,0,0,2,0,1,0,0,0,2,0,1
baseline,S_0015137,1,1,1,1,0,0,1.0,0.0,0.0,1,-0.0,False,False,False,False,False,0,0,0,1,1,0,0,0,0,1,1
baseline,S_0015138,2,1,2,1,0,0,1.0,0.0,0.0,1,-0.0,False,False,False,False,False,0,0,0,1,1,0,0,0,0,1,1
baseline,S_0015162,1,1,1,1,0,0,1.0,0.0,0.0,1,-0.0,False,False,False,False,False,0,0,0,1,1,0,0,0,0,1,1
baseline,S_0015176,1,1,1,1,0,0,1.0,0.0,0.0,1,-0.0,False,False,False,False,False,0,0,0,1,1,0,0,0,0,1,1
baseline,S_0015182,1,1,1,1,0,0,1.0,0.0,0.0,1,-0.0,False,False,False,False,False,0,0,0,1,1,0,0,0,0,1,1
baseline,S_0015229,2,2,1,1,1,0,0.5,0.5,0.0,2,0.6309297535714574,False,True,False,False,False,0,0,2,0,1,0,1,0,0,1,2
baseline,S_0015231,2,2,1,1,1,0,0.5,0.5,0.0,2,0.6309297535714574,False,True,False,False,False,0,0,2,0,1,0,1,0,0,1,2
baseline,S_0015234,2,2,1,1,1,0,0.5,0.5,0.0,2,0.6309297535714574,False,True,False,False,False,0,0,2,0,1,0,1,0,0,1,2
baseline,S_0015239,1,1,1,0,0,1,0.0,0.0,1.0,1,-0.0,False,False,False,False,False,0,0,1,0,1,0,0,0,1,0,1
baseline,S_0015244,1,1,1,0,1,0,0.0,1.0,0.0,1,-0.0,False,False,False,False,False,0,0,1,0,1,0,0,1,0,0,1
baseline,S_0015247,3,3,1,0,3,0,0.0,1.0,0.0,1,-0.0,False,True,True,False,False,0,0,3,0,1,0,1,0,2,0,2
baseline,S_0015268,2,2,1,0,2,0,0.0,1.0,0.0,1,-0.0,False,True,False,False,False,0,0,2,0,1,0,1,0,1,0,2
baseline,S_0015272,2,2,1,0,2,0,0.0,1.0,0.0,1,-0.0,False,True,False,False,False,0,0,2,0,1,0,1,0,1,0,2
baseline,S_0015273,1,1,1,0,1,0,0.0,1.0,0.0,1,-0.0,False,False,False,False,False,0,0,1,0,1,0,1,0,0,0,1
baseline,S_0015276,1,1,1,0,1,0,0.0,1.0,0.0,1,-0.0,False,False,False,False,False,0,0,1,0,1,0,1,0,0,0,1
baseline,S_0015289,2,2,1,0,2,0,0.0,1.0,0.0,1,-0.0,False,True,False,False,False,0,0,2,0,1,0,1,0,1,0,2
baseline,S_0015291,2,2,1,0,2,0,0.0,1.0,0.0,1,-0.0,False,True,False,False,False,0,0,2,0,1,0,1,0,1,0,2
baseline,S_0015309,1,1,1,0,1,0,0.0,1.0,0.0,1,-0.0,False,False,False,False,False,0,0,1,0,1,0,0,0,1,0,1
baseline,S_0015310,1,1,1,0,1,0,0.0,1.0,0.0,1,-0.0,False,False,False,False,False,0,0,1,0,1,0,0,0,1,0,1
baseline,S_0015311,1,1,1,0,0,1,0.0,0.0,1.0,1,-0.0,False,False,False,False,False,0,0,1,0,1,0,1,0,0,0,1
baseline,S_0015312,1,1,1,0,0,1,0.0,0.0,1.0,1,-0.0,False,False,False,False,False,0,0,1,0,1,0,1,0,0,0,1
baseline,S_0015313,1,1,1,0,1,0,0.0,1.0,0.0,1,-0.0,False,False,False,False,False,0,0,1,0,1,0,0,0,1,0,1
baseline,S_0015315,1,1,1,0,1,0,0.0,1.0,0.0,1,-0.0,False,False,False,False,False,0,0,1,0,1,0,0,0,1,0,1
baseline,S_0015316,1,1,1,0,0,1,0.0,0.0,1.0,1,-0.0,False,False,False,False,False,0,0,1,0,1,0,1,0,0,0,1
baseline,S_0015317,1,1,1,0,0,1,0.0,0.0,1.0,1,-0.0,False,False,False,False,False,0,0,1,0,1,0,1,0,0,0,1
baseline,S_0015319,1,1,1,0,1,0,0.0,1.0,0.0,1,-0.0,False,False,False,False,False,0,0,1,0,1,0,0,0,1,0,1
baseline,S_0015320,1,1,1,0,0,1,0.0,0.0,1.0,1,-0.0,False,False,False,False,False,0,0,1,0,1,0,1,0,0,0,1
baseline,S_0015321,2,2,2,0,1,1,0.0,0.5,0.5,2,0.6309297535714574,False,True,False,False,False,0,0,2,0,1,0,1,0,1,0,2
baseline,S_0015323,1,1,1,0,0,1,0.0,0.0,1.0,1,-0.0,False,False,False,False,False,0,0,1,0,1,0,1,0,0,0,1
baseline,S_0015324,1,1,1,0,0,1,0.0,0.0,1.0,1,-0.0,False,False,False,False,False,0,0,1,0,1,0,1,0,0,0,1
baseline,S_0015395,4,4,2,0,3,1,0.0,0.75,0.25,2,0.5118595071429147,False,True,True,False,False,0,0,4,0,1,0,1,0,2,1,3
baseline,S_0015399,4,4,2,0,3,1,0.0,0.75,0.25,2,0.5118595071429147,False,True,True,False,False,0,0,4,0,1,0,1,0,2,1,3
baseline,S_0015400,4,4,2,0,3,1,0.0,0.75,0.25,2,0.5118595071429147,False,True,True,False,False,0,0,4,0,1,0,1,0,2,1,3
baseline,S_0015402,4,4,2,0,3,1,0.0,0.75,0.25,2,0.5118595071429147,False,True,True,False,False,0,0,4,0,1,0,1,0,2,1,3
baseline,S_0015403,4,4,2,0,3,1,0.0,0.75,0.25,2,0.5118595071429147,False,True,True,False,False,0,0,4,0,1,0,1,0,2,1,3
baseline,S_0015404,4,4,2,0,3,1,0.0,0.75,0.25,2,0.5118595071429147,False,True,True,False,False,0,0,4,0,1,0,1,0,2,1,3
baseline,S_0015405,4,4,2,0,3,1,0.0,0.75,0.25,2,0.5118595071429147,False,True,True,False,False,0,0,4,0,1,0,1,0,2,1,3
baseline,S_0015417,1,1,1,0,1,0,0.0,1.0,0.0,1,-0.0,False,False,False,False,False,0,0,1,0,1,0,0,0,0,1,1
baseline,S_0015418,1,1,1,0,1,0,0.0,1.0,0.0,1,-0.0,False,False,False,False,False,0,0,1,0,1,0,0,0,0,1,1
baseline,S_0015424,2,2,1,0,1,1,0.0,0.5,0.5,2,0.6309297535714574,False,True,False,False,False,0,0,2,0,1,1,0,0,1,0,2
baseline,S_0015425,1,1,1,0,1,0,0.0,1.0,0.0,1,-0.0,False,False,False,False,False,0,0,1,0,1,1,0,0,0,0,1
baseline,S_0015427,1,1,1,0,0,1,0.0,0.0,1.0,1,-0.0,False,False,False,False,False,0,0,1,0,1,0,0,0,1,0,1
baseline,S_0015429,1,1,1,0,1,0,0.0,1.0,0.0,1,-0.0,False,False,False,False,False,0,0,1,0,1,1,0,0,0,0,1
baseline,S_0015433,1,1,1,0,1,0,0.0,1.0,0.0,1,-0.0,False,False,False,False,False,0,1,0,0,1,0,0,0,0,1,1
baseline,S_0015471,2,2,1,1,1,0,0.5,0.5,0.0,2,0.6309297535714574,False,True,False,False,False,0,0,2,0,1,0,1,0,0,1,2
baseline,S_0015478,1,1,1,0,1,0,0.0,1.0,0.0,1,-0.0,False,False,False,False,False,0,0,1,0,1,1,0,0,0,0,1
baseline,S_0015482,1,1,1,0,0,1,0.0,0.0,1.0,1,-0.0,False,False,False,False,False,0,0,1,0,1,1,0,0,0,0,1
baseline,S_0015484,1,1,1,0,0,1,0.0,0.0,1.0,1,-0.0,False,False,False,False,False,0,0,1,0,1,1,0,0,0,0,1
baseline,S_0015485,1,1,1,0,0,1,0.0,0.0,1.0,1,-0.0,False,False,False,False,False,0,0,1,0,1,1,0,0,0,0,1
baseline,S_0015491,1,1,1,0,0,1,0.0,0.0,1.0,1,-0.0,False,False,False,False,False,0,0,1,0,1,1,0,0,0,0,1
baseline,S_0015493,1,1,1,0,0,1,0.0,0.0,1.0,1,-0.0,False,False,False,False,False,0,0,1,0,1,1,0,0,0,0,1
baseline,S_0015500,1,1,1,0,1,0,0.0,1.0,0.0,1,-0.0,False,False,False,False,False,0,1,0,0,1,1,0,0,0,0,1
baseline,S_0015571,1,1,1,0,1,0,0.0,1.0,0.0,1,-0.0,False,False,False,False,False,0,0,0,1,1,0,0,0,0,1,1
baseline,S_0015582,2,2,1,0,2,0,0.0,1.0,0.0,1,-0.0,False,True,False,False,False,0,0,2,0,1,0,1,0,1,0,2
baseline,S_0015583,2,2,1,0,1,1,0.0,0.5,0.5,2,0.6309297535714574,False,True,False,False,False,0,0,2,0,1,2,0,0,0,0,1
baseline,S_0015584,1,1,1,0,1,0,0.0,1.0,0.0,1,-0.0,False,False,False,False,False,0,0,1,0,1,1,0,0,0,0,1
baseline,S_0015605,1,1,1,1,0,0,1.0,0.0,0.0,1,-0.0,False,False,False,False,False,0,0,0,1,1,1,0,0,0,0,1
baseline,S_0015609,1,1,1,0,1,0,0.0,1.0,0.0,1,-0.0,False,False,False,False,False,0,0,0,1,1,1,0,0,0,0,1
baseline,S_0015760,2,2,2,0,1,1,0.0,0.5,0.5,2,0.6309297535714574,False,True,False,False,False,0,0,2,0,1,1,0,0,0,1,2
baseline,S_0015761,2,2,2,0,1,1,0.0,0.5,0.5,2,0.6309297535714574,False,True,False,False,False,0,0,2,0,1,1,0,0,0,1,2
baseline,S_0015762,2,2,2,0,1,1,0.0,0.5,0.5,2,0.6309297535714574,False,True,False,False,False,0,0,2,0,1,1,0,0,0,1,2
baseline,S_0015765,2,2,2,0,1,1,0.0,0.5,0.5,2,0.6309297535714574,False,True,False,False,False,0,0,2,0,1,1,0,0,0,1,2
baseline,S_0015797,1,1,1,0,0,1,0.0,0.0,1.0,1,-0.0,False,False,False,False,False,0,0,1,0,1,1,0,0,0,0,1
baseline,S_0015809,1,1,1,0,0,1,0.0,0.0,1.0,1,-0.0,False,False,False,False,False,0,0,1,0,1,1,0,0,0,0,1
baseline,S_0015810,1,1,1,0,0,1,0.0,0.0,1.0,1,-0.0,False,False,False,False,False,0,0,1,0,1,1,0,0,0,0,1
baseline,S_0015831,2,2,2,0,1,1,0.0,0.5,0.5,2,0.6309297535714574,False,True,False,False,False,0,0,2,0,1,0,1,0,1,0,2
baseline,S_0015906,1,1,1,1,0,0,1.0,0.0,0.0,1,-0.0,False,False,False,False,False,0,0,0,1,1,0,0,0,0,1,1
baseline,S_0015907,1,1,1,1,0,0,1.0,0.0,0.0,1,-0.0,False,False,False,False,False,0,0,0,1,1,0,0,0,0,1,1
baseline,S_0015929,1,1,1,1,0,0,1.0,0.0,0.0,1,-0.0,False,False,False,False,False,0,0,0,1,1,0,0,0,0,1,1
baseline,S_0015947,1,1,1,1,0,0,1.0,0.0,0.0,1,-0.0,False,False,False,False,False,0,0,0,1,1,0,0,0,0,1,1
baseline,S_0016004,2,1,2,1,0,0,1.0,0.0,0.0,1,-0.0,False,False,False,False,False,0,0,0,1,1,0,0,0,0,1,1
baseline,S_0016023,1,1,1,1,0,0,1.0,0.0,0.0,1,-0.0,False,False,False,False,False,0,0,0,1,1,0,0,0,0,1,1
baseline,S_0016040,1,1,1,1,0,0,1.0,0.0,0.0,1,-0.0,False,False,False,False,False,0,0,0,1,1,0,0,0,0,1,1
baseline,S_0016041,1,1,1,1,0,0,1.0,0.0,0.0,1,-0.0,False,False,False,False,False,0,0,0,1,1,0,0,0,0,1,1
baseline,S_0016120,1,1,1,0,1,0,0.0,1.0,0.0,1,-0.0,False,False,False,False,False,0,1,0,0,1,0,0,0,1,0,1
baseline,S_0016135,2,1,2,1,0,0,1.0,0.0,0.0,1,-0.0,False,False,False,False,False,0,0,0,1,1,0,0,0,0,1,1
baseline,S_0016140,1,1,1,0,1,0,0.0,1.0,0.0,1,-0.0,False,False,False,False,False,0,0,1,0,1,0,0,0,0,1,1
baseline,S_0016149,1,1,1,0,1,0,0.0,1.0,0.0,1,-0.0,False,False,False,False,False,0,0,1,0,1,0,0,0,0,1,1
baseline,S_0016150,1,1,1,0,1,0,0.0,1.0,0.0,1,-0.0,False,False,False,False,False,0,0,1,0,1,0,0,0,0,1,1
baseline,S_0016153,1,1,1,0,1,0,0.0,1.0,0.0,1,-0.0,False,False,False,False,False,0,0,1,0,1,0,0,0,0,1,1
baseline,S_0016155,1,1,1,0,1,0,0.0,1.0,0.0,1,-0.0,False,False,False,False,False,0,0,1,0,1,0,0,0,0,1,1
baseline,S_0016156,1,1,1,1,0,0,1.0,0.0,0.0,1,-0.0,False,False,False,False,False,0,0,0,1,1,0,0,0,0,1,1
baseline,S_0016158,1,1,1,1,0,0,1.0,0.0,0.0,1,-0.0,False,False,False,False,False,0,0,0,1,1,0,0,0,0,1,1
baseline,S_0016159,1,1,1,1,0,0,1.0,0.0,0.0,1,-0.0,False,False,False,False,False,0,0,0,1,1,0,0,0,0,1,1
baseline,S_0016161,1,1,1,1,0,0,1.0,0.0,0.0,1,-0.0,False,False,False,False,False,0,0,0,1,1,0,0,0,0,1,1
baseline,S_0016164,1,1,1,0,1,0,0.0,1.0,0.0,1,-0.0,False,False,False,False,False,0,0,1,0,1,0,0,0,0,1,1
baseline,S_0016165,1,1,1,0,1,0,0.0,1.0,0.0,1,-0.0,False,False,False,False,False,0,0,1,0,1,0,0,0,0,1,1
baseline,S_0016166,1,1,1,0,1,0,0.0,1.0,0.0,1,-0.0,False,False,False,False,False,0,0,1,0,1,0,0,0,0,1,1
baseline,S_0016196,1,1,1,0,1,0,0.0,1.0,0.0,1,-0.0,False,False,False,False,False,0,0,1,0,1,0,0,0,0,1,1
baseline,S_0016197,1,1,1,0,1,0,0.0,1.0,0.0,1,-0.0,False,False,False,False,False,0,0,1,0,1,0,0,0,0,1,1
baseline,S_0016202,1,1,1,0,1,0,0.0,1.0,0.0,1,-0.0,False,False,False,False,False,0,0,1,0,1,0,0,0,0,1,1
baseline,S_0016210,1,1,1,0,1,0,0.0,1.0,0.0,1,-0.0,False,False,False,False,False,0,0,1,0,1,0,0,0,0,1,1
baseline,S_0016211,1,1,1,0,1,0,0.0,1.0,0.0,1,-0.0,False,False,False,False,False,0,0,1,0,1,0,0,0,0,1,1
baseline,S_0016217,1,1,1,0,1,0,0.0,1.0,0.0,1,-0.0,False,False,False,False,False,0,0,1,0,1,0,0,0,0,1,1
baseline,S_0016218,1,1,1,0,1,0,0.0,1.0,0.0,1,-0.0,False,False,False,False,False,0,0,1,0,1,0,0,0,0,1,1
baseline,S_0016254,1,1,1,0,0,1,0.0,0.0,1.0,1,-0.0,False,False,False,False,False,0,0,1,0,1,0,0,0,1,0,1
baseline,S_0016255,1,1,1,0,0,1,0.0,0.0,1.0,1,-0.0,False,False,False,False,False,0,0,1,0,1,0,0,0,1,0,1
baseline,S_0016256,1,1,1,0,0,1,0.0,0.0,1.0,1,-0.0,False,False,False,False,False,0,0,1,0,1,0,0,0,1,0,1
baseline,S_0016263,1,1,1,0,1,0,0.0,1.0,0.0,1,-0.0,False,False,False,False,False,0,0,1,0,1,0,0,0,0,1,1
baseline,S_0016270,2,2,1,0,2,0,0.0,1.0,0.0,1,-0.0,False,True,False,False,False,0,0,2,0,1,0,1,1,0,0,2
baseline,S_0016274,1,1,1,1,0,0,1.0,0.0,0.0,1,-0.0,False,False,False,False,False,0,0,1,0,1,0,1,0,0,0,1
baseline,S_0016275,1,1,1,1,0,0,1.0,0.0,0.0,1,-0.0,False,False,False,False,False,0,0,1,0,1,0,1,0,0,0,1
baseline,S_0016312,1,1,1,0,1,0,0.0,1.0,0.0,1,-0.0,False,False,False,False,False,0,0,1,0,1,1,0,0,0,0,1
baseline,S_0016313,1,1,1,1,0,0,1.0,0.0,0.0,1,-0.0,False,False,False,False,False,0,0,1,0,1,0,1,0,0,0,1
baseline,S_0016349,1,1,1,1,0,0,1.0,0.0,0.0,1,-0.0,False,False,False,False,False,0,0,0,1,1,1,0,0,0,0,1
baseline,S_0016354,1,1,1,0,0,1,0.0,0.0,1.0,1,-0.0,False,False,False,False,False,1,0,0,0,1,1,0,0,0,0,1
baseline,S_0016357,1,1,1,0,0,1,0.0,0.0,1.0,1,-0.0,False,False,False,False,False,0,0,1,0,1,0,0,0,1,0,1
baseline,S_0016358,1,1,1,1,0,0,1.0,0.0,0.0,1,-0.0,False,False,False,False,False,0,0,1,0,1,0,1,0,0,0,1
baseline,S_0016359,1,1,1,1,0,0,1.0,0.0,0.0,1,-0.0,False,False,False,False,False,0,0,1,0,1,0,1,0,0,0,1
baseline,S_0016370,1,1,1,1,0,0,1.0,0.0,0.0,1,-0.0,False,False,False,False,False,0,0,1,0,1,0,0,0,0,1,1
baseline,S_0016371,2,2,2,1,1,0,0.5,0.5,0.0,2,0.6309297535714574,False,True,False,False,False,0,1,1,0,2,1,0,0,0,1,2
baseline,S_0016377,1,1,1,0,0,1,0.0,0.0,1.0,1,-0.0,False,False,False,False,False,0,0,1,0,1,1,0,0,0,0,1
baseline,S_0016378,1,1,1,0,0,1,0.0,0.0,1.0,1,-0.0,False,False,False,False,False,0,0,1,0,1,1,0,0,0,0,1
baseline,S_0016380,3,3,2,0,1,2,0.0,0.3333333333333333,0.6666666666666666,2,0.5793801642856949,False,True,True,False,False,0,0,3,0,1,1,1,0,1,0,3
baseline,S_0016382,3,3,2,0,1,2,0.0,0.3333333333333333,0.6666666666666666,2,0.5793801642856949,False,True,True,False,False,0,0,3,0,1,1,1,0,1,0,3
baseline,S_0016385,1,1,1,0,0,1,0.0,0.0,1.0,1,-0.0,False,False,False,False,False,0,0,1,0,1,1,0,0,0,0,1
baseline,S_0016398,1,1,1,0,1,0,0.0,1.0,0.0,1,-0.0,False,False,False,False,False,0,0,1,0,1,0,0,1,0,0,1
baseline,S_0016399,1,1,1,0,1,0,0.0,1.0,0.0,1,-0.0,False,False,False,False,False,0,0,1,0,1,0,0,1,0,0,1
baseline,S_0016438,1,1,1,0,1,0,0.0,1.0,0.0,1,-0.0,False,False,False,False,False,0,0,1,0,1,0,0,1,0,0,1
baseline,S_0016439,1,1,1,0,1,0,0.0,1.0,0.0,1,-0.0,False,False,False,False,False,0,0,1,0,1,0,0,1,0,0,1
baseline,S_0016465,1,1,1,0,1,0,0.0,1.0,0.0,1,-0.0,False,False,False,False,False,0,0,1,0,1,0,0,1,0,0,1
baseline,S_0016466,1,1,1,0,1,0,0.0,1.0,0.0,1,-0.0,False,False,False,False,False,0,0,1,0,1,0,0,1,0,0,1
baseline,S_0016498,1,1,1,0,1,0,0.0,1.0,0.0,1,-0.0,False,False,False,False,False,0,0,1,0,1,0,0,1,0,0,1
baseline,S_0016499,1,1,1,0,1,0,0.0,1.0,0.0,1,-0.0,False,False,False,False,False,0,0,1,0,1,0,0,1,0,0,1
baseline,S_0016500,1,1,1,0,1,0,0.0,1.0,0.0,1,-0.0,False,False,False,False,False,0,0,1,0,1,0,0,1,0,0,1
baseline,S_0016518,1,1,1,0,1,0,0.0,1.0,0.0,1,-0.0,False,False,False,False,False,0,0,1,0,1,0,0,1,0,0,1
baseline,S_0016521,1,1,1,0,1,0,0.0,1.0,0.0,1,-0.0,False,False,False,False,False,0,0,1,0,1,0,0,1,0,0,1
baseline,S_0016526,1,1,1,0,1,0,0.0,1.0,0.0,1,-0.0,False,False,False,False,False,0,0,1,0,1,0,0,1,0,0,1
baseline,S_0016533,1,1,1,0,1,0,0.0,1.0,0.0,1,-0.0,False,False,False,False,False,0,0,1,0,1,0,0,1,0,0,1
baseline,S_0016534,1,1,1,0,1,0,0.0,1.0,0.0,1,-0.0,False,False,False,False,False,0,0,1,0,1,0,0,1,0,0,1
baseline,S_0016551,2,2,2,0,2,0,0.0,1.0,0.0,1,-0.0,False,True,False,False,False,0,0,0,2,1,0,0,0,2,0,1
baseline,S_0016553,1,1,1,0,1,0,0.0,1.0,0.0,1,-0.0,False,False,False,False,False,0,0,1,0,1,1,0,0,0,0,1
baseline,S_0016556,1,1,1,0,1,0,0.0,1.0,0.0,1,-0.0,False,False,False,False,False,0,0,1,0,1,1,0,0,0,0,1
baseline,S_0016557,5,5,4,2,2,1,0.4,0.4,0.2,3,0.9602297178607612,True,True,True,True,False,0,0,0,5,1,2,2,1,0,0,3
baseline,S_0016571,1,1,1,0,1,0,0.0,1.0,0.0,1,-0.0,False,False,False,False,False,0,0,1,0,1,0,0,1,0,0,1
baseline,S_0016574,1,1,1,0,0,1,0.0,0.0,1.0,1,-0.0,False,False,False,False,False,0,0,1,0,1,0,0,0,0,1,1
baseline,S_0016577,2,2,1,0,1,1,0.0,0.5,0.5,2,0.6309297535714574,False,True,False,False,False,0,0,2,0,1,0,0,1,0,1,2
baseline,S_0016580,2,2,1,0,1,1,0.0,0.5,0.5,2,0.6309297535714574,False,True,False,False,False,0,0,2,0,1,0,0,1,0,1,2
baseline,S_0016582,1,1,1,0,1,0,0.0,1.0,0.0,1,-0.0,False,False,False,False,False,0,0,1,0,1,0,0,1,0,0,1
baseline,S_0016583,1,1,1,0,0,1,0.0,0.0,1.0,1,-0.0,False,False,False,False,False,0,0,1,0,1,0,0,0,0,1,1
baseline,S_0016590,1,1,1,0,0,1,0.0,0.0,1.0,1,-0.0,False,False,False,False,False,0,0,0,1,1,1,0,0,0,0,1
baseline,S_0016591,1,1,1,0,0,1,0.0,0.0,1.0,1,-0.0,False,False,False,False,False,0,0,0,1,1,1,0,0,0,0,1
baseline,S_0016670,1,1,1,0,0,1,0.0,0.0,1.0,1,-0.0,False,False,False,False,False,0,0,1,0,1,1,0,0,0,0,1
baseline,S_0016672,1,1,1,0,1,0,0.0,1.0,0.0,1,-0.0,False,False,False,False,False,0,0,1,0,1,0,0,0,0,1,1
baseline,S_0016674,1,1,1,0,0,1,0.0,0.0,1.0,1,-0.0,False,False,False,False,False,0,0,1,0,1,1,0,0,0,0,1
baseline,S_0016675,1,1,1,1,0,0,1.0,0.0,0.0,1,-0.0,False,False,False,False,False,0,0,0,1,1,0,0,0,0,1,1
baseline,S_0016676,1,1,1,1,0,0,1.0,0.0,0.0,1,-0.0,False,False,False,False,False,0,0,0,1,1,0,0,0,0,1,1
baseline,S_0016701,1,1,1,0,1,0,0.0,1.0,0.0,1,-0.0,False,False,False,False,False,0,0,1,0,1,0,1,0,0,0,1
baseline,S_0016702,1,1,1,0,1,0,0.0,1.0,0.0,1,-0.0,False,False,False,False,False,0,0,0,1,1,0,0,0,1,0,1
baseline,S_0016703,1,1,1,0,1,0,0.0,1.0,0.0,1,-0.0,False,False,False,False,False,0,0,0,1,1,0,0,0,1,0,1
baseline,S_0016728,1,1,1,0,1,0,0.0,1.0,0.0,1,-0.0,False,False,False,False,False,0,0,0,1,1,1,0,0,0,0,1
baseline,S_0016729,1,1,1,0,1,0,0.0,1.0,0.0,1,-0.0,False,False,False,False,False,0,1,0,0,1,1,0,0,0,0,1
baseline,S_0016730,2,2,2,0,1,1,0.0,0.5,0.5,2,0.6309297535714574,False,True,False,False,False,0,1,1,0,2,2,0,0,0,0,1
baseline,S_0016731,1,1,1,0,0,1,0.0,0.0,1.0,1,-0.0,False,False,False,False,False,0,0,1,0,1,1,0,0,0,0,1
baseline,S_0016753,4,4,4,1,3,0,0.25,0.75,0.0,2,0.5118595071429147,False,True,True,False,False,0,0,0,4,1,1,1,0,1,1,4
baseline,S_0016755,5,4,5,1,3,0,0.25,0.75,0.0,2,0.5118595071429147,False,True,True,False,False,0,0,0,4,1,1,1,0,1,1,4
baseline,S_0016762,1,1,1,0,1,0,0.0,1.0,0.0,1,-0.0,False,False,False,False,False,0,0,1,0,1,0,1,0,0,0,1
baseline,S_0016764,1,1,1,0,1,0,0.0,1.0,0.0,1,-0.0,False,False,False,False,False,0,0,1,0,1,0,1,0,0,0,1
baseline,S_0016864,1,1,1,1,0,0,1.0,0.0,0.0,1,-0.0,False,False,False,False,False,0,0,1,0,1,0,0,0,0,1,1
baseline,S_0016877,1,1,1,0,1,0,0.0,1.0,0.0,1,-0.0,False,False,False,False,False,0,0,1,0,1,0,0,1,0,0,1
baseline,S_0016917,1,1,1,1,0,0,1.0,0.0,0.0,1,-0.0,False,False,False,False,False,0,1,0,0,1,0,0,1,0,0,1
baseline,S_0016918,1,1,1,1,0,0,1.0,0.0,0.0,1,-0.0,False,False,False,False,False,0,1,0,0,1,0,0,1,0,0,1
baseline,S_0016919,1,1,1,1,0,0,1.0,0.0,0.0,1,-0.0,False,False,False,False,False,0,1,0,0,1,0,0,1,0,0,1
baseline,S_0016921,1,1,1,1,0,0,1.0,0.0,0.0,1,-0.0,False,False,False,False,False,0,1,0,0,1,0,0,1,0,0,1
baseline,S_0016926,1,1,1,0,1,0,0.0,1.0,0.0,1,-0.0,False,False,False,False,False,0,1,0,0,1,0,0,1,0,0,1
baseline,S_0016941,1,1,1,0,1,0,0.0,1.0,0.0,1,-0.0,False,False,False,False,False,0,0,1,0,1,0,0,0,1,0,1
baseline,S_0016942,1,1,1,0,1,0,0.0,1.0,0.0,1,-0.0,False,False,False,False,False,0,0,1,0,1,0,0,0,1,0,1
baseline,S_0016951,1,1,1,0,1,0,0.0,1.0,0.0,1,-0.0,False,False,False,False,False,0,0,0,1,1,1,0,0,0,0,1
baseline,S_0016952,1,1,1,0,1,0,0.0,1.0,0.0,1,-0.0,False,False,False,False,False,0,0,0,1,1,1,0,0,0,0,1
baseline,S_0016953,1,1,1,0,1,0,0.0,1.0,0.0,1,-0.0,False,False,False,False,False,0,0,0,1,1,1,0,0,0,0,1
baseline,S_0016954,1,1,1,0,1,0,0.0,1.0,0.0,1,-0.0,False,False,False,False,False,0,0,0,1,1,1,0,0,0,0,1
baseline,S_0016965,1,1,1,0,1,0,0.0,1.0,0.0,1,-0.0,False,False,False,False,False,0,0,0,1,1,1,0,0,0,0,1
baseline,S_0016975,1,1,1,0,1,0,0.0,1.0,0.0,1,-0.0,False,False,False,False,False,0,0,1,0,1,0,0,0,0,1,1
baseline,S_0016976,1,1,1,0,1,0,0.0,1.0,0.0,1,-0.0,False,False,False,False,False,0,0,1,0,1,0,0,0,0,1,1
baseline,S_0016978,1,1,1,0,1,0,0.0,1.0,0.0,1,-0.0,False,False,False,False,False,0,0,1,0,1,0,0,0,0,1,1
baseline,S_0016980,1,1,1,0,1,0,0.0,1.0,0.0,1,-0.0,False,False,False,False,False,0,0,1,0,1,0,0,0,0,1,1
baseline,S_0016983,4,4,2,2,2,0,0.5,0.5,0.0,2,0.6309297535714574,False,True,True,False,False,0,1,3,0,2,3,0,0,0,1,2
baseline,S_0016987,1,1,1,1,0,0,1.0,0.0,0.0,1,-0.0,False,False,False,False,False,0,0,1,0,1,1,0,0,0,0,1
baseline,S_0016988,1,1,1,1,0,0,1.0,0.0,0.0,1,-0.0,False,False,False,False,False,0,0,1,0,1,1,0,0,0,0,1
baseline,S_0016989,1,1,1,0,1,0,0.0,1.0,0.0,1,-0.0,False,False,False,False,False,0,0,1,0,1,0,0,0,0,1,1
baseline,S_0016990,1,1,1,0,1,0,0.0,1.0,0.0,1,-0.0,False,False,False,False,False,0,0,1,0,1,0,0,0,0,1,1
baseline,S_0016992,4,4,2,2,2,0,0.5,0.5,0.0,2,0.6309297535714574,False,True,True,False,False,0,1,3,0,2,3,0,0,0,1,2
baseline,S_0016994,4,4,2,2,2,0,0.5,0.5,0.0,2,0.6309297535714574,False,True,True,False,False,0,1,3,0,2,3,0,0,0,1,2
baseline,S_0017006,1,1,1,0,1,0,0.0,1.0,0.0,1,-0.0,False,False,False,False,False,0,0,0,1,1,1,0,0,0,0,1
baseline,S_0017027,1,1,1,1,0,0,1.0,0.0,0.0,1,-0.0,False,False,False,False,False,0,0,0,1,1,1,0,0,0,0,1
baseline,S_0017028,1,1,1,1,0,0,1.0,0.0,0.0,1,-0.0,False,False,False,False,False,0,0,1,0,1,0,0,0,0,1,1
baseline,S_0017029,2,2,2,2,0,0,1.0,0.0,0.0,1,-0.0,False,True,False,False,False,0,0,1,1,2,1,0,0,0,1,2
baseline,S_0017030,1,1,1,1,0,0,1.0,0.0,0.0,1,-0.0,False,False,False,False,False,0,0,0,1,1,1,0,0,0,0,1
baseline,S_0017034,1,1,1,1,0,0,1.0,0.0,0.0,1,-0.0,False,False,False,False,False,0,0,1,0,1,1,0,0,0,0,1
baseline,S_0017035,1,1,1,1,0,0,1.0,0.0,0.0,1,-0.0,False,False,False,False,False,0,0,1,0,1,1,0,0,0,0,1
baseline,S_0017037,1,1,1,0,1,0,0.0,1.0,0.0,1,-0.0,False,False,False,False,False,0,0,1,0,1,0,0,0,0,1,1
baseline,S_0017040,4,4,2,2,2,0,0.5,0.5,0.0,2,0.6309297535714574,False,True,True,False,False,0,1,3,0,2,3,0,0,0,1,2
baseline,S_0017042,4,4,2,2,2,0,0.5,0.5,0.0,2,0.6309297535714574,False,True,True,False,False,0,1,3,0,2,3,0,0,0,1,2
baseline,S_0017043,3,3,2,1,1,1,0.3333333333333333,0.3333333333333333,0.3333333333333333,3,0.9999999999999998,False,True,True,False,False,0,0,2,1,2,1,0,0,2,0,2
baseline,S_0017045,3,3,2,1,1,1,0.3333333333333333,0.3333333333333333,0.3333333333333333,3,0.9999999999999998,False,True,True,False,False,0,0,2,1,2,1,0,0,2,0,2
baseline,S_0017046,3,3,2,1,1,1,0.3333333333333333,0.3333333333333333,0.3333333333333333,3,0.9999999999999998,False,True,True,False,False,0,0,2,1,2,1,0,0,2,0,2
baseline,S_0017047,3,3,2,1,1,1,0.3333333333333333,0.3333333333333333,0.3333333333333333,3,0.9999999999999998,False,True,True,False,False,0,0,2,1,2,1,0,0,2,0,2
baseline,S_0017049,3,3,2,1,1,1,0.3333333333333333,0.3333333333333333,0.3333333333333333,3,0.9999999999999998,False,True,True,False,False,0,0,2,1,2,1,0,0,2,0,2
baseline,S_0017050,2,2,2,1,0,1,0.5,0.0,0.5,2,0.6309297535714574,False,True,False,False,False,0,0,1,1,2,1,0,0,1,0,2
baseline,S_0017053,1,1,1,0,1,0,0.0,1.0,0.0,1,-0.0,False,False,False,False,False,0,0,1,0,1,0,0,0,1,0,1
baseline,S_0017055,2,2,2,0,2,0,0.0,1.0,0.0,1,-0.0,False,True,False,False,False,0,1,1,0,2,2,0,0,0,0,1
baseline,S_0017056,2,2,2,0,2,0,0.0,1.0,0.0,1,-0.0,False,True,False,False,False,0,1,1,0,2,2,0,0,0,0,1
baseline,S_0017058,3,3,2,1,2,0,0.3333333333333333,0.6666666666666666,0.0,2,0.5793801642856949,False,True,True,False,False,0,2,1,0,2,2,0,1,0,0,2
baseline,S_0017059,3,3,2,1,2,0,0.3333333333333333,0.6666666666666666,0.0,2,0.5793801642856949,False,True,True,False,False,0,2,1,0,2,2,0,1,0,0,2
baseline,S_0017060,3,3,2,1,2,0,0.3333333333333333,0.6666666666666666,0.0,2,0.5793801642856949,False,True,True,False,False,0,2,1,0,2,2,0,1,0,0,2
baseline,S_0017061,2,2,2,0,2,0,0.0,1.0,0.0,1,-0.0,False,True,False,False,False,0,1,1,0,2,2,0,0,0,0,1
baseline,S_0017062,1,1,1,1,0,0,1.0,0.0,0.0,1,-0.0,False,False,False,False,False,0,1,0,0,1,0,0,1,0,0,1
baseline,S_0017063,2,1,2,1,0,0,1.0,0.0,0.0,1,-0.0,False,False,False,False,False,0,0,0,1,1,1,0,0,0,0,1
baseline,S_0017064,1,1,1,1,0,0,1.0,0.0,0.0,1,-0.0,False,False,False,False,False,0,0,0,1,1,1,0,0,0,0,1
baseline,S_0017076,1,1,1,0,1,0,0.0,1.0,0.0,1,-0.0,False,False,False,False,False,0,0,1,0,1,0,0,0,0,1,1
baseline,S_0017078,1,1,1,0,1,0,0.0,1.0,0.0,1,-0.0,False,False,False,False,False,0,0,1,0,1,0,0,0,0,1,1
baseline,S_0017083,1,1,1,0,1,0,0.0,1.0,0.0,1,-0.0,False,False,False,False,False,0,0,0,1,1,1,0,0,0,0,1
baseline,S_0017084,4,4,2,2,2,0,0.5,0.5,0.0,2,0.6309297535714574,False,True,True,False,False,0,1,3,0,2,3,0,0,0,1,2
baseline,S_0017085,2,2,1,0,2,0,0.0,1.0,0.0,1,-0.0,False,True,False,False,False,0,0,2,0,1,0,0,0,0,2,1
baseline,S_0017094,5,5,2,1,4,0,0.2,0.8,0.0,2,0.4554859150035952,True,True,True,True,False,0,1,4,0,2,4,0,0,0,1,2
baseline,S_0017095,1,1,1,0,1,0,0.0,1.0,0.0,1,-0.0,False,False,False,False,False,0,0,1,0,1,1,0,0,0,0,1
baseline,S_0017096,4,4,2,1,3,0,0.25,0.75,0.0,2,0.5118595071429147,False,True,True,False,False,0,1,3,0,2,3,0,0,0,1,2
baseline,S_0017097,1,1,1,0,1,0,0.0,1.0,0.0,1,-0.0,False,False,False,False,False,0,0,1,0,1,1,0,0,0,0,1
baseline,S_0017099,2,1,2,0,1,0,0.0,1.0,0.0,1,-0.0,False,False,False,False,False,0,0,1,0,1,1,0,0,0,0,1
baseline,S_0017108,1,1,1,0,0,1,0.0,0.0,1.0,1,-0.0,False,False,False,False,False,0,0,1,0,1,0,0,0,1,0,1
baseline,S_0017109,1,1,1,0,0,1,0.0,0.0,1.0,1,-0.0,False,False,False,False,False,0,0,1,0,1,0,0,0,1,0,1
baseline,S_0017123,1,1,1,0,1,0,0.0,1.0,0.0,1,-0.0,False,False,False,False,False,0,0,1,0,1,0,0,0,1,0,1
baseline,S_0017124,1,1,1,0,1,0,0.0,1.0,0.0,1,-0.0,False,False,False,False,False,0,0,1,0,1,0,0,0,1,0,1
baseline,S_0017126,1,1,1,0,1,0,0.0,1.0,0.0,1,-0.0,False,False,False,False,False,0,0,1,0,1,0,0,0,1,0,1
baseline,S_0017127,1,1,1,0,1,0,0.0,1.0,0.0,1,-0.0,False,False,False,False,False,0,0,1,0,1,0,0,0,1,0,1
baseline,S_0017134,1,1,1,0,0,1,0.0,0.0,1.0,1,-0.0,False,False,False,False,False,0,0,1,0,1,0,0,0,1,0,1
baseline,S_0017137,1,1,1,0,0,1,0.0,0.0,1.0,1,-0.0,False,False,False,False,False,0,0,1,0,1,0,0,0,1,0,1
baseline,S_0017144,3,3,2,0,3,0,0.0,1.0,0.0,1,-0.0,False,True,True,False,False,0,1,2,0,2,2,0,0,0,1,2
baseline,S_0017146,3,3,2,0,3,0,0.0,1.0,0.0,1,-0.0,False,True,True,False,False,0,1,2,0,2,2,0,0,0,1,2
baseline,S_0017150,1,1,1,0,1,0,0.0,1.0,0.0,1,-0.0,False,False,False,False,False,0,0,1,0,1,0,0,0,1,0,1
baseline,S_0017152,1,1,1,0,1,0,0.0,1.0,0.0,1,-0.0,False,False,False,False,False,0,0,1,0,1,0,0,0,1,0,1
baseline,S_0017153,1,1,1,0,1,0,0.0,1.0,0.0,1,-0.0,False,False,False,False,False,0,0,1,0,1,1,0,0,0,0,1
baseline,S_0017154,1,1,1,0,1,0,0.0,1.0,0.0,1,-0.0,False,False,False,False,False,0,0,1,0,1,0,0,0,1,0,1
baseline,S_0017155,1,1,1,0,1,0,0.0,1.0,0.0,1,-0.0,False,False,False,False,False,0,0,1,0,1,0,0,0,1,0,1
baseline,S_0017156,1,1,1,0,1,0,0.0,1.0,0.0,1,-0.0,False,False,False,False,False,0,0,1,0,1,1,0,0,0,0,1
baseline,S_0017157,1,1,1,0,1,0,0.0,1.0,0.0,1,-0.0,False,False,False,False,False,0,0,1,0,1,0,0,0,1,0,1
baseline,S_0017158,1,1,1,0,1,0,0.0,1.0,0.0,1,-0.0,False,False,False,False,False,0,0,1,0,1,0,0,0,1,0,1
baseline,S_0017159,1,1,1,1,0,0,1.0,0.0,0.0,1,-0.0,False,False,False,False,False,0,1,0,0,1,0,0,1,0,0,1
baseline,S_0017160,1,1,1,1,0,0,1.0,0.0,0.0,1,-0.0,False,False,False,False,False,0,1,0,0,1,0,0,1,0,0,1
baseline,S_0017161,1,1,1,0,1,0,0.0,1.0,0.0,1,-0.0,False,False,False,False,False,0,0,1,0,1,0,0,0,1,0,1
baseline,S_0017163,1,1,1,1,0,0,1.0,0.0,0.0,1,-0.0,False,False,False,False,False,0,0,1,0,1,1,0,0,0,0,1
baseline,S_0017164,5,3,3,1,0,2,0.3333333333333333,0.0,0.6666666666666666,2,0.5793801642856949,False,True,True,False,False,0,0,0,3,1,1,0,0,1,1,3
baseline,S_0017165,1,1,1,1,0,0,1.0,0.0,0.0,1,-0.0,False,False,False,False,False,0,0,1,0,1,1,0,0,0,0,1
baseline,S_0017166,1,1,1,1,0,0,1.0,0.0,0.0,1,-0.0,False,False,False,False,False,0,0,1,0,1,1,0,0,0,0,1
baseline,S_0017168,1,1,1,1,0,0,1.0,0.0,0.0,1,-0.0,False,False,False,False,False,0,0,1,0,1,1,0,0,0,0,1
baseline,S_0017171,1,1,1,0,1,0,0.0,1.0,0.0,1,-0.0,False,False,False,False,False,0,0,1,0,1,1,0,0,0,0,1
baseline,S_0017172,1,1,1,0,1,0,0.0,1.0,0.0,1,-0.0,False,False,False,False,False,0,0,1,0,1,1,0,0,0,0,1
baseline,S_0017176,1,1,1,0,1,0,0.0,1.0,0.0,1,-0.0,False,False,False,False,False,0,0,1,0,1,0,0,0,0,1,1
baseline,S_0017177,2,2,2,0,2,0,0.0,1.0,0.0,1,-0.0,False,True,False,False,False,0,1,1,0,2,2,0,0,0,0,1
baseline,S_0017179,1,1,1,1,0,0,1.0,0.0,0.0,1,-0.0,False,False,False,False,False,0,0,1,0,1,1,0,0,0,0,1
baseline,S_0017180,1,1,1,0,1,0,0.0,1.0,0.0,1,-0.0,False,False,False,False,False,0,0,1,0,1,0,0,0,0,1,1
baseline,S_0017182,1,1,1,0,1,0,0.0,1.0,0.0,1,-0.0,False,False,False,False,False,0,0,1,0,1,0,0,0,0,1,1
baseline,S_0017183,1,1,1,1,0,0,1.0,0.0,0.0,1,-0.0,False,False,False,False,False,0,0,1,0,1,1,0,0,0,0,1
baseline,S_0017204,1,1,1,1,0,0,1.0,0.0,0.0,1,-0.0,False,False,False,False,False,0,1,0,0,1,0,0,1,0,0,1
baseline,S_0017205,1,1,1,1,0,0,1.0,0.0,0.0,1,-0.0,False,False,False,False,False,0,1,0,0,1,0,0,1,0,0,1
baseline,S_0017207,1,1,1,1,0,0,1.0,0.0,0.0,1,-0.0,False,False,False,False,False,0,1,0,0,1,0,0,1,0,0,1
baseline,S_0017208,1,1,1,1,0,0,1.0,0.0,0.0,1,-0.0,False,False,False,False,False,0,1,0,0,1,0,0,1,0,0,1
baseline,S_0017209,1,1,1,1,0,0,1.0,0.0,0.0,1,-0.0,False,False,False,False,False,0,1,0,0,1,0,0,1,0,0,1
baseline,S_0017210,1,1,1,1,0,0,1.0,0.0,0.0,1,-0.0,False,False,False,False,False,0,1,0,0,1,0,0,1,0,0,1
baseline,S_0017212,1,1,1,1,0,0,1.0,0.0,0.0,1,-0.0,False,False,False,False,False,0,1,0,0,1,0,0,1,0,0,1
baseline,S_0017213,1,1,1,1,0,0,1.0,0.0,0.0,1,-0.0,False,False,False,False,False,0,1,0,0,1,0,0,1,0,0,1
baseline,S_0017215,1,1,1,1,0,0,1.0,0.0,0.0,1,-0.0,False,False,False,False,False,0,1,0,0,1,0,0,1,0,0,1
baseline,S_0017217,1,1,1,1,0,0,1.0,0.0,0.0,1,-0.0,False,False,False,False,False,0,1,0,0,1,0,0,1,0,0,1
baseline,S_0017230,1,1,1,0,1,0,0.0,1.0,0.0,1,-0.0,False,False,False,False,False,0,0,0,1,1,0,1,0,0,0,1
baseline,S_0017231,4,2,4,0,1,1,0.0,0.5,0.5,2,0.6309297535714574,False,True,False,False,False,0,0,0,2,1,1,1,0,0,0,2
baseline,S_0017233,2,2,2,0,1,1,0.0,0.5,0.5,2,0.6309297535714574,False,True,False,False,False,0,0,0,2,1,1,1,0,0,0,2
baseline,S_0017234,2,2,2,0,1,1,0.0,0.5,0.5,2,0.6309297535714574,False,True,False,False,False,0,0,0,2,1,1,1,0,0,0,2
baseline,S_0017235,2,2,2,0,1,1,0.0,0.5,0.5,2,0.6309297535714574,False,True,False,False,False,0,0,0,2,1,1,1,0,0,0,2
baseline,S_0017238,2,2,2,0,1,1,0.0,0.5,0.5,2,0.6309297535714574,False,True,False,False,False,0,0,0,2,1,1,1,0,0,0,2
baseline,S_0017239,1,1,1,0,1,0,0.0,1.0,0.0,1,-0.0,False,False,False,False,False,0,0,0,1,1,0,1,0,0,0,1
baseline,S_0017241,2,2,1,1,1,0,0.5,0.5,0.0,2,0.6309297535714574,False,True,False,False,False,0,0,2,0,1,1,0,1,0,0,2
baseline,S_0017242,2,2,1,1,1,0,0.5,0.5,0.0,2,0.6309297535714574,False,True,False,False,False,0,0,2,0,1,1,0,1,0,0,2
baseline,S_0017244,2,2,2,0,2,0,0.0,1.0,0.0,1,-0.0,False,True,False,False,False,0,0,0,2,1,1,1,0,0,0,2
baseline,S_0017245,2,2,2,0,2,0,0.0,1.0,0.0,1,-0.0,False,True,False,False,False,0,0,0,2,1,1,1,0,0,0,2
baseline,S_0017250,1,1,1,0,0,1,0.0,0.0,1.0,1,-0.0,False,False,False,False,False,0,0,0,1,1,1,0,0,0,0,1
baseline,S_0017251,2,2,1,0,1,1,0.0,0.5,0.5,2,0.6309297535714574,False,True,False,False,False,0,2,0,0,1,1,0,1,0,0,2
baseline,S_0017252,3,3,2,0,1,2,0.0,0.3333333333333333,0.6666666666666666,2,0.5793801642856949,False,True,True,False,False,0,2,0,1,2,2,0,1,0,0,2
baseline,S_0017262,1,1,1,0,1,0,0.0,1.0,0.0,1,-0.0,False,False,False,False,False,0,0,1,0,1,0,0,1,0,0,1
baseline,S_0017265,1,1,1,0,1,0,0.0,1.0,0.0,1,-0.0,False,False,False,False,False,0,0,1,0,1,0,0,1,0,0,1
baseline,S_0017267,1,1,1,0,1,0,0.0,1.0,0.0,1,-0.0,False,False,False,False,False,0,0,1,0,1,0,0,1,0,0,1
baseline,S_0017268,1,1,1,0,1,0,0.0,1.0,0.0,1,-0.0,False,False,False,False,False,0,0,1,0,1,0,0,1,0,0,1
baseline,S_0017274,1,1,1,0,1,0,0.0,1.0,0.0,1,-0.0,False,False,False,False,False,0,1,0,0,1,0,0,1,0,0,1
baseline,S_0017275,1,1,1,0,1,0,0.0,1.0,0.0,1,-0.0,False,False,False,False,False,0,1,0,0,1,0,0,1,0,0,1
baseline,S_0017277,1,1,1,0,0,1,0.0,0.0,1.0,1,-0.0,False,False,False,False,False,0,1,0,0,1,1,0,0,0,0,1
baseline,S_0017278,4,4,2,0,3,1,0.0,0.75,0.25,2,0.5118595071429147,False,True,True,False,False,0,0,3,1,2,1,1,1,0,1,4
baseline,S_0017279,1,1,1,0,0,1,0.0,0.0,1.0,1,-0.0,False,False,False,False,False,0,1,0,0,1,1,0,0,0,0,1
baseline,S_0017280,3,3,1,0,2,1,0.0,0.6666666666666666,0.3333333333333333,2,0.5793801642856949,False,True,True,False,False,0,0,3,0,1,0,1,1,0,1,3
baseline,S_0017283,1,1,1,0,1,0,0.0,1.0,0.0,1,-0.0,False,False,False,False,False,0,0,0,1,1,0,0,0,0,1,1
baseline,S_0017294,2,1,2,0,1,0,0.0,1.0,0.0,1,-0.0,False,False,False,False,False,0,0,0,1,1,0,1,0,0,0,1
baseline,S_0017309,1,1,1,0,1,0,0.0,1.0,0.0,1,-0.0,False,False,False,False,False,0,0,1,0,1,1,0,0,0,0,1
baseline,S_0017310,1,1,1,0,1,0,0.0,1.0,0.0,1,-0.0,False,False,False,False,False,0,0,1,0,1,1,0,0,0,0,1
baseline,S_0017314,1,1,1,0,1,0,0.0,1.0,0.0,1,-0.0,False,False,False,False,False,0,0,1,0,1,0,0,0,0,1,1
baseline,S_0017315,1,1,1,0,1,0,0.0,1.0,0.0,1,-0.0,False,False,False,False,False,0,0,1,0,1,0,0,0,0,1,1
baseline,S_0017318,1,1,1,0,1,0,0.0,1.0,0.0,1,-0.0,False,False,False,False,False,0,0,1,0,1,0,0,0,0,1,1
baseline,S_0017320,1,1,1,0,1,0,0.0,1.0,0.0,1,-0.0,False,False,False,False,False,0,0,1,0,1,0,0,0,0,1,1
baseline,S_0017322,2,2,2,2,0,0,1.0,0.0,0.0,1,-0.0,False,True,False,False,False,0,0,1,1,2,1,0,0,0,1,2
baseline,S_0017323,1,1,1,1,0,0,1.0,0.0,0.0,1,-0.0,False,False,False,False,False,0,0,0,1,1,1,0,0,0,0,1
baseline,S_0017325,2,1,2,1,0,0,1.0,0.0,0.0,1,-0.0,False,False,False,False,False,0,0,0,1,1,1,0,0,0,0,1
baseline,S_0017326,2,1,2,1,0,0,1.0,0.0,0.0,1,-0.0,False,False,False,False,False,0,0,0,1,1,1,0,0,0,0,1
baseline,S_0017327,1,1,1,1,0,0,1.0,0.0,0.0,1,-0.0,False,False,False,False,False,0,0,0,1,1,1,0,0,0,0,1
baseline,S_0017330,1,1,1,0,1,0,0.0,1.0,0.0,1,-0.0,False,False,False,False,False,0,0,1,0,1,0,0,0,0,1,1
baseline,S_0017332,1,1,1,0,1,0,0.0,1.0,0.0,1,-0.0,False,False,False,False,False,0,0,1,0,1,0,0,0,0,1,1
baseline,S_0017334,1,1,1,0,1,0,0.0,1.0,0.0,1,-0.0,False,False,False,False,False,0,0,1,0,1,0,0,0,0,1,1
baseline,S_0017365,1,1,1,0,1,0,0.0,1.0,0.0,1,-0.0,False,False,False,False,False,0,0,1,0,1,0,0,0,1,0,1
baseline,S_0017366,1,1,1,0,1,0,0.0,1.0,0.0,1,-0.0,False,False,False,False,False,0,0,1,0,1,0,0,0,1,0,1
baseline,S_0017369,1,1,1,0,1,0,0.0,1.0,0.0,1,-0.0,False,False,False,False,False,0,0,1,0,1,0,0,0,1,0,1
baseline,S_0017377,2,2,1,0,2,0,0.0,1.0,0.0,1,-0.0,False,True,False,False,False,0,0,2,0,1,0,1,0,1,0,2
baseline,S_0017379,2,2,1,0,2,0,0.0,1.0,0.0,1,-0.0,False,True,False,False,False,0,0,2,0,1,0,1,0,1,0,2
baseline,S_0017381,1,1,1,0,1,0,0.0,1.0,0.0,1,-0.0,False,False,False,False,False,0,0,1,0,1,0,0,0,1,0,1
baseline,S_0017382,1,1,1,0,1,0,0.0,1.0,0.0,1,-0.0,False,False,False,False,False,0,0,1,0,1,0,0,0,1,0,1
baseline,S_0017383,1,1,1,0,1,0,0.0,1.0,0.0,1,-0.0,False,False,False,False,False,0,0,1,0,1,0,0,0,1,0,1
baseline,S_0017384,1,1,1,0,1,0,0.0,1.0,0.0,1,-0.0,False,False,False,False,False,0,0,1,0,1,0,0,0,1,0,1
baseline,S_0017389,1,1,1,0,1,0,0.0,1.0,0.0,1,-0.0,False,False,False,False,False,0,0,1,0,1,0,0,0,1,0,1
baseline,S_0017391,1,1,1,0,1,0,0.0,1.0,0.0,1,-0.0,False,False,False,False,False,0,0,1,0,1,0,0,0,1,0,1
baseline,S_0017393,2,2,1,0,2,0,0.0,1.0,0.0,1,-0.0,False,True,False,False,False,0,0,2,0,1,0,1,0,1,0,2
baseline,S_0017394,2,2,1,0,2,0,0.0,1.0,0.0,1,-0.0,False,True,False,False,False,0,0,2,0,1,0,1,0,1,0,2
baseline,S_0017399,1,1,1,0,1,0,0.0,1.0,0.0,1,-0.0,False,False,False,False,False,0,0,1,0,1,0,0,0,1,0,1
baseline,S_0017400,2,2,1,0,2,0,0.0,1.0,0.0,1,-0.0,False,True,False,False,False,0,0,2,0,1,0,1,0,1,0,2
baseline,S_0017401,2,2,1,0,2,0,0.0,1.0,0.0,1,-0.0,False,True,False,False,False,0,0,2,0,1,0,1,0,1,0,2
baseline,S_0017404,2,2,1,0,2,0,0.0,1.0,0.0,1,-0.0,False,True,False,False,False,0,0,2,0,1,0,1,0,1,0,2
baseline,S_0017405,2,2,1,0,2,0,0.0,1.0,0.0,1,-0.0,False,True,False,False,False,0,0,2,0,1,0,1,0,1,0,2
baseline,S_0017406,1,1,1,0,1,0,0.0,1.0,0.0,1,-0.0,False,False,False,False,False,0,0,1,0,1,0,0,0,1,0,1
baseline,S_0017407,1,1,1,0,1,0,0.0,1.0,0.0,1,-0.0,False,False,False,False,False,0,0,1,0,1,0,1,0,0,0,1
baseline,S_0017408,2,2,1,0,2,0,0.0,1.0,0.0,1,-0.0,False,True,False,False,False,0,0,2,0,1,0,1,0,1,0,2
baseline,S_0017409,1,1,1,0,1,0,0.0,1.0,0.0,1,-0.0,False,False,False,False,False,0,0,1,0,1,0,0,0,1,0,1
baseline,S_0017411,1,1,1,0,1,0,0.0,1.0,0.0,1,-0.0,False,False,False,False,False,0,0,1,0,1,0,0,0,1,0,1
baseline,S_0017412,2,2,1,0,2,0,0.0,1.0,0.0,1,-0.0,False,True,False,False,False,0,0,2,0,1,0,0,0,1,1,2
baseline,S_0017414,2,2,1,0,2,0,0.0,1.0,0.0,1,-0.0,False,True,False,False,False,0,0,2,0,1,0,0,0,1,1,2
baseline,S_0017415,2,2,1,0,2,0,0.0,1.0,0.0,1,-0.0,False,True,False,False,False,0,0,2,0,1,0,1,0,1,0,2
baseline,S_0017416,1,1,1,0,1,0,0.0,1.0,0.0,1,-0.0,False,False,False,False,False,0,0,1,0,1,0,0,0,1,0,1
baseline,S_0017417,1,1,1,0,1,0,0.0,1.0,0.0,1,-0.0,False,False,False,False,False,0,0,1,0,1,0,1,0,0,0,1
baseline,S_0017418,1,1,1,0,1,0,0.0,1.0,0.0,1,-0.0,False,False,False,False,False,0,0,1,0,1,0,0,0,1,0,1
baseline,S_0017421,1,1,1,0,1,0,0.0,1.0,0.0,1,-0.0,False,False,False,False,False,0,0,0,1,1,0,0,0,1,0,1
baseline,S_0017424,1,1,1,0,1,0,0.0,1.0,0.0,1,-0.0,False,False,False,False,False,0,0,1,0,1,0,0,0,1,0,1
baseline,S_0017425,1,1,1,0,1,0,0.0,1.0,0.0,1,-0.0,False,False,False,False,False,0,0,1,0,1,0,0,0,1,0,1
baseline,S_0017428,1,1,1,0,1,0,0.0,1.0,0.0,1,-0.0,False,False,False,False,False,0,0,1,0,1,0,0,0,1,0,1
baseline,S_0017429,1,1,1,0,1,0,0.0,1.0,0.0,1,-0.0,False,False,False,False,False,0,0,1,0,1,0,0,0,1,0,1
baseline,S_0017431,1,1,1,0,1,0,0.0,1.0,0.0,1,-0.0,False,False,False,False,False,0,0,1,0,1,0,0,0,1,0,1
baseline,S_0017432,1,1,1,0,1,0,0.0,1.0,0.0,1,-0.0,False,False,False,False,False,0,0,1,0,1,0,0,0,1,0,1
baseline,S_0017433,1,1,1,0,1,0,0.0,1.0,0.0,1,-0.0,False,False,False,False,False,0,0,1,0,1,0,0,0,1,0,1
baseline,S_0017443,2,1,2,1,0,0,1.0,0.0,0.0,1,-0.0,False,False,False,False,False,0,0,0,1,1,1,0,0,0,0,1
baseline,S_0017444,1,1,1,1,0,0,1.0,0.0,0.0,1,-0.0,False,False,False,False,False,0,0,0,1,1,1,0,0,0,0,1
baseline,S_0017445,1,1,1,1,0,0,1.0,0.0,0.0,1,-0.0,False,False,False,False,False,0,1,0,0,1,0,0,1,0,0,1
baseline,S_0017446,1,1,1,1,0,0,1.0,0.0,0.0,1,-0.0,False,False,False,False,False,0,0,0,1,1,1,0,0,0,0,1
baseline,S_0017447,1,1,1,1,0,0,1.0,0.0,0.0,1,-0.0,False,False,False,False,False,0,1,0,0,1,0,0,1,0,0,1
baseline,S_0017449,1,1,1,0,1,0,0.0,1.0,0.0,1,-0.0,False,False,False,False,False,0,0,1,0,1,0,0,0,1,0,1
baseline,S_0017450,1,1,1,0,1,0,0.0,1.0,0.0,1,-0.0,False,False,False,False,False,0,0,1,0,1,0,0,0,1,0,1
baseline,S_0017451,1,1,1,0,1,0,0.0,1.0,0.0,1,-0.0,False,False,False,False,False,0,0,1,0,1,0,0,0,1,0,1
baseline,S_0017453,1,1,1,0,1,0,0.0,1.0,0.0,1,-0.0,False,False,False,False,False,0,0,1,0,1,0,0,0,1,0,1
baseline,S_0017455,2,2,1,0,2,0,0.0,1.0,0.0,1,-0.0,False,True,False,False,False,0,0,2,0,1,0,1,0,1,0,2
baseline,S_0017456,2,2,1,0,2,0,0.0,1.0,0.0,1,-0.0,False,True,False,False,False,0,0,2,0,1,0,1,0,1,0,2
baseline,S_0017457,1,1,1,0,1,0,0.0,1.0,0.0,1,-0.0,False,False,False,False,False,0,0,1,0,1,0,0,0,1,0,1
baseline,S_0017459,1,1,1,0,1,0,0.0,1.0,0.0,1,-0.0,False,False,False,False,False,0,0,1,0,1,0,0,0,1,0,1
baseline,S_0017464,1,1,1,0,1,0,0.0,1.0,0.0,1,-0.0,False,False,False,False,False,0,0,0,1,1,0,0,0,0,1,1
baseline,S_0017466,1,1,1,0,1,0,0.0,1.0,0.0,1,-0.0,False,False,False,False,False,0,1,0,0,1,0,0,0,0,1,1
baseline,S_0017467,1,1,1,0,1,0,0.0,1.0,0.0,1,-0.0,False,False,False,False,False,0,0,0,1,1,0,0,0,0,1,1
baseline,S_0017468,4,2,4,1,1,0,0.5,0.5,0.0,2,0.6309297535714574,False,True,False,False,False,0,1,0,1,2,1,0,0,0,1,2
baseline,S_0017469,4,2,4,1,1,0,0.5,0.5,0.0,2,0.6309297535714574,False,True,False,False,False,0,0,0,2,1,1,0,0,0,1,2
baseline,S_0017470,1,1,1,0,1,0,0.0,1.0,0.0,1,-0.0,False,False,False,False,False,0,1,0,0,1,0,0,0,0,1,1
baseline,S_0017473,1,1,1,0,1,0,0.0,1.0,0.0,1,-0.0,False,False,False,False,False,0,1,0,0,1,0,0,0,0,1,1
baseline,S_0017474,1,1,1,0,1,0,0.0,1.0,0.0,1,-0.0,False,False,False,False,False,0,1,0,0,1,0,0,0,0,1,1
baseline,S_0017484,1,1,1,0,1,0,0.0,1.0,0.0,1,-0.0,False,False,False,False,False,0,1,0,0,1,0,0,0,0,1,1
baseline,S_0017485,1,1,1,0,1,0,0.0,1.0,0.0,1,-0.0,False,False,False,False,False,0,1,0,0,1,0,0,0,0,1,1
baseline,S_0017490,2,2,1,1,1,0,0.5,0.5,0.0,2,0.6309297535714574,False,True,False,False,False,0,0,2,0,1,1,0,0,0,1,2
baseline,S_0017491,1,1,1,0,1,0,0.0,1.0,0.0,1,-0.0,False,False,False,False,False,0,1,0,0,1,0,0,0,0,1,1
baseline,S_0017493,3,3,2,1,2,0,0.3333333333333333,0.6666666666666666,0.0,2,0.5793801642856949,False,True,True,False,False,0,1,2,0,2,1,0,0,0,2,2
baseline,S_0017494,1,1,1,0,1,0,0.0,1.0,0.0,1,-0.0,False,False,False,False,False,0,0,1,0,1,0,0,0,1,0,1
baseline,S_0017496,1,1,1,0,1,0,0.0,1.0,0.0,1,-0.0,False,False,False,False,False,0,0,1,0,1,0,0,0,1,0,1
baseline,S_0017501,1,1,1,0,0,1,0.0,0.0,1.0,1,-0.0,False,False,False,False,False,0,0,1,0,1,1,0,0,0,0,1
baseline,S_0017502,2,2,1,0,1,1,0.0,0.5,0.5,2,0.6309297535714574,False,True,False,False,False,0,0,2,0,1,2,0,0,0,0,1
baseline,S_0017504,3,3,2,1,2,0,0.3333333333333333,0.6666666666666666,0.0,2,0.5793801642856949,False,True,True,False,False,0,1,2,0,2,1,0,0,0,2,2
baseline,S_0017505,2,2,1,1,1,0,0.5,0.5,0.0,2,0.6309297535714574,False,True,False,False,False,0,0,2,0,1,1,0,0,0,1,2
baseline,S_0017506,1,1,1,0,1,0,0.0,1.0,0.0,1,-0.0,False,False,False,False,False,0,1,0,0,1,0,0,0,0,1,1
baseline,S_0017509,2,2,1,1,1,0,0.5,0.5,0.0,2,0.6309297535714574,False,True,False,False,False,0,0,2,0,1,1,0,0,0,1,2
baseline,S_0017530,1,1,1,0,1,0,0.0,1.0,0.0,1,-0.0,False,False,False,False,False,0,0,0,1,1,0,0,0,1,0,1
baseline,S_0017532,1,1,1,0,1,0,0.0,1.0,0.0,1,-0.0,False,False,False,False,False,0,1,0,0,1,0,0,0,0,1,1
baseline,S_0017533,1,1,1,0,1,0,0.0,1.0,0.0,1,-0.0,False,False,False,False,False,0,1,0,0,1,0,0,0,0,1,1
baseline,S_0017552,1,1,1,0,0,1,0.0,0.0,1.0,1,-0.0,False,False,False,False,False,0,0,1,0,1,1,0,0,0,0,1
baseline,S_0017553,1,1,1,0,0,1,0.0,0.0,1.0,1,-0.0,False,False,False,False,False,0,0,1,0,1,1,0,0,0,0,1
baseline,S_0017556,1,1,1,0,1,0,0.0,1.0,0.0,1,-0.0,False,False,False,False,False,1,0,0,0,1,1,0,0,0,0,1
baseline,S_0017557,1,1,1,0,1,0,0.0,1.0,0.0,1,-0.0,False,False,False,False,False,1,0,0,0,1,1,0,0,0,0,1
baseline,S_0017561,3,3,2,0,2,1,0.0,0.6666666666666666,0.3333333333333333,2,0.5793801642856949,False,True,True,False,False,1,0,2,0,2,2,1,0,0,0,2
baseline,S_0017562,3,3,2,0,2,1,0.0,0.6666666666666666,0.3333333333333333,2,0.5793801642856949,False,True,True,False,False,1,0,2,0,2,2,1,0,0,0,2
baseline,S_0017563,1,1,1,0,1,0,0.0,1.0,0.0,1,-0.0,False,False,False,False,False,0,0,0,1,1,0,0,0,1,0,1
baseline,S_0017570,1,1,1,0,1,0,0.0,1.0,0.0,1,-0.0,False,False,False,False,False,0,0,0,1,1,0,0,0,1,0,1
baseline,S_0017576,1,1,1,0,1,0,0.0,1.0,0.0,1,-0.0,False,False,False,False,False,1,0,0,0,1,1,0,0,0,0,1
baseline,S_0017579,1,1,1,0,1,0,0.0,1.0,0.0,1,-0.0,False,False,False,False,False,1,0,0,0,1,1,0,0,0,0,1
baseline,S_0017588,1,1,1,1,0,0,1.0,0.0,0.0,1,-0.0,False,False,False,False,False,0,1,0,0,1,0,0,1,0,0,1
baseline,S_0017590,1,1,1,1,0,0,1.0,0.0,0.0,1,-0.0,False,False,False,False,False,0,1,0,0,1,0,0,1,0,0,1
baseline,S_0017592,1,1,1,0,0,1,0.0,0.0,1.0,1,-0.0,False,False,False,False,False,0,0,1,0,1,1,0,0,0,0,1
baseline,S_0017593,2,2,2,0,0,2,0.0,0.0,1.0,1,-0.0,False,True,False,False,False,0,1,1,0,2,2,0,0,0,0,1
baseline,S_0017602,2,2,2,0,1,1,0.0,0.5,0.5,2,0.6309297535714574,False,True,False,False,False,0,1,0,1,2,0,1,1,0,0,2
baseline,S_0017604,2,2,2,0,1,1,0.0,0.5,0.5,2,0.6309297535714574,False,True,False,False,False,0,1,0,1,2,0,1,1,0,0,2
baseline,S_0017613,2,2,1,0,2,0,0.0,1.0,0.0,1,-0.0,False,True,False,False,False,0,0,2,0,1,0,1,0,1,0,2
baseline,S_0017614,1,1,1,0,1,0,0.0,1.0,0.0,1,-0.0,False,False,False,False,False,0,0,1,0,1,0,0,0,1,0,1
baseline,S_0017615,3,3,1,0,3,0,0.0,1.0,0.0,1,-0.0,False,True,True,False,False,0,0,3,0,1,0,1,0,2,0,2
baseline,S_0017616,2,2,1,0,1,1,0.0,0.5,0.5,2,0.6309297535714574,False,True,False,False,False,0,0,2,0,1,0,1,1,0,0,2
baseline,S_0017618,2,2,1,0,1,1,0.0,0.5,0.5,2,0.6309297535714574,False,True,False,False,False,0,0,2,0,1,0,1,1,0,0,2
baseline,S_0017620,1,1,1,0,1,0,0.0,1.0,0.0,1,-0.0,False,False,False,False,False,0,0,1,0,1,0,1,0,0,0,1
baseline,S_0017621,1,1,1,0,1,0,0.0,1.0,0.0,1,-0.0,False,False,False,False,False,0,0,1,0,1,0,1,0,0,0,1
baseline,S_0017623,1,1,1,1,0,0,1.0,0.0,0.0,1,-0.0,False,False,False,False,False,0,0,1,0,1,1,0,0,0,0,1
baseline,S_0017624,1,1,1,1,0,0,1.0,0.0,0.0,1,-0.0,False,False,False,False,False,0,0,1,0,1,1,0,0,0,0,1
baseline,S_0017626,1,1,1,0,1,0,0.0,1.0,0.0,1,-0.0,False,False,False,False,False,0,0,1,0,1,0,1,0,0,0,1
baseline,S_0017627,1,1,1,0,1,0,0.0,1.0,0.0,1,-0.0,False,False,False,False,False,0,0,1,0,1,0,1,0,0,0,1
baseline,S_0017628,3,3,3,1,2,0,0.3333333333333333,0.6666666666666666,0.0,2,0.5793801642856949,False,True,True,False,False,0,0,0,3,1,1,1,0,0,1,3
baseline,S_0017630,4,4,4,1,2,1,0.25,0.5,0.25,3,0.946394630357186,False,True,True,False,False,0,0,0,4,1,1,1,0,0,2,3
baseline,S_0017643,1,1,1,0,1,0,0.0,1.0,0.0,1,-0.0,False,False,False,False,False,0,0,0,1,1,0,0,0,0,1,1
baseline,S_0017644,1,1,1,0,1,0,0.0,1.0,0.0,1,-0.0,False,False,False,False,False,0,0,0,1,1,0,0,0,0,1,1
baseline,S_0017648,1,1,1,0,1,0,0.0,1.0,0.0,1,-0.0,False,False,False,False,False,0,0,0,1,1,0,0,0,0,1,1
baseline,S_0017663,1,1,1,0,1,0,0.0,1.0,0.0,1,-0.0,False,False,False,False,False,0,0,1,0,1,1,0,0,0,0,1
baseline,S_0017664,3,3,3,1,2,0,0.3333333333333333,0.6666666666666666,0.0,2,0.5793801642856949,False,True,True,False,False,0,0,1,2,2,1,1,0,0,1,3
baseline,S_0017681,1,1,1,0,1,0,0.0,1.0,0.0,1,-0.0,False,False,False,False,False,0,0,1,0,1,0,1,0,0,0,1
baseline,S_0017689,2,2,1,0,0,2,0.0,0.0,1.0,1,-0.0,False,True,False,False,False,0,0,2,0,1,0,0,0,2,0,1
baseline,S_0017690,3,3,1,0,1,2,0.0,0.3333333333333333,0.6666666666666666,2,0.5793801642856949,False,True,True,False,False,0,0,3,0,1,1,0,0,2,0,2
baseline,S_0017691,1,1,1,0,1,0,0.0,1.0,0.0,1,-0.0,False,False,False,False,False,0,0,1,0,1,1,0,0,0,0,1
baseline,S_0017692,2,2,1,0,0,2,0.0,0.0,1.0,1,-0.0,False,True,False,False,False,0,0,2,0,1,0,0,0,2,0,1
baseline,S_0017694,2,2,1,0,0,2,0.0,0.0,1.0,1,-0.0,False,True,False,False,False,0,0,2,0,1,0,0,0,2,0,1
baseline,S_0017721,1,1,1,0,1,0,0.0,1.0,0.0,1,-0.0,False,False,False,False,False,0,1,0,0,1,0,0,0,1,0,1
baseline,S_0017722,1,1,1,0,1,0,0.0,1.0,0.0,1,-0.0,False,False,False,False,False,0,1,0,0,1,0,0,0,1,0,1
baseline,S_0017724,1,1,1,0,1,0,0.0,1.0,0.0,1,-0.0,False,False,False,False,False,0,1,0,0,1,0,0,0,1,0,1
baseline,S_0017725,1,1,1,0,1,0,0.0,1.0,0.0,1,-0.0,False,False,False,False,False,0,1,0,0,1,0,0,0,1,0,1
baseline,S_0017728,2,1,2,0,1,0,0.0,1.0,0.0,1,-0.0,False,False,False,False,False,0,1,0,0,1,0,0,0,1,0,1
baseline,S_0017730,1,1,1,0,1,0,0.0,1.0,0.0,1,-0.0,False,False,False,False,False,0,1,0,0,1,0,0,0,1,0,1
baseline,S_0017731,1,1,1,0,1,0,0.0,1.0,0.0,1,-0.0,False,False,False,False,False,0,1,0,0,1,1,0,0,0,0,1
baseline,S_0017732,2,2,1,0,2,0,0.0,1.0,0.0,1,-0.0,False,True,False,False,False,0,2,0,0,1,1,0,0,1,0,2
baseline,S_0017734,1,1,1,0,1,0,0.0,1.0,0.0,1,-0.0,False,False,False,False,False,0,1,0,0,1,0,0,0,1,0,1
baseline,S_0017735,1,1,1,0,0,1,0.0,0.0,1.0,1,-0.0,False,False,False,False,False,0,0,1,0,1,0,0,0,1,0,1
baseline,S_0017736,2,2,2,0,1,1,0.0,0.5,0.5,2,0.6309297535714574,False,True,False,False,False,0,1,1,0,2,0,0,0,2,0,1
baseline,S_0017738,2,2,1,0,1,1,0.0,0.5,0.5,2,0.6309297535714574,False,True,False,False,False,0,0,2,0,1,0,1,1,0,0,2
baseline,S_0017739,2,2,1,0,1,1,0.0,0.5,0.5,2,0.6309297535714574,False,True,False,False,False,0,0,2,0,1,0,1,1,0,0,2
baseline,S_0017759,2,2,1,2,0,0,1.0,0.0,0.0,1,-0.0,False,True,False,False,False,0,0,2,0,1,2,0,0,0,0,1
baseline,S_0017760,2,2,1,2,0,0,1.0,0.0,0.0,1,-0.0,False,True,False,False,False,0,0,2,0,1,2,0,0,0,0,1
baseline,S_0017761,2,2,2,1,1,0,0.5,0.5,0.0,2,0.6309297535714574,False,True,False,False,False,0,0,1,1,2,2,0,0,0,0,1
baseline,S_0017762,2,2,2,1,1,0,0.5,0.5,0.0,2,0.6309297535714574,False,True,False,False,False,0,0,0,2,1,0,1,0,0,1,2
baseline,S_0017763,2,2,2,1,1,0,0.5,0.5,0.0,2,0.6309297535714574,False,True,False,False,False,0,0,1,1,2,2,0,0,0,0,1
baseline,S_0017772,1,1,1,0,0,1,0.0,0.0,1.0,1,-0.0,False,False,False,False,False,0,0,1,0,1,0,0,0,1,0,1
baseline,S_0017779,1,1,1,0,1,0,0.0,1.0,0.0,1,-0.0,False,False,False,False,False,0,0,1,0,1,1,0,0,0,0,1
baseline,S_0017810,1,1,1,0,1,0,0.0,1.0,0.0,1,-0.0,False,False,False,False,False,0,0,1,0,1,0,0,1,0,0,1
baseline,S_0017812,1,1,1,0,1,0,0.0,1.0,0.0,1,-0.0,False,False,False,False,False,0,0,1,0,1,0,0,1,0,0,1
baseline,S_0017823,1,1,1,0,1,0,0.0,1.0,0.0,1,-0.0,False,False,False,False,False,0,0,1,0,1,0,0,1,0,0,1
baseline,S_0017824,1,1,1,0,1,0,0.0,1.0,0.0,1,-0.0,False,False,False,False,False,0,0,1,0,1,0,0,1,0,0,1
baseline,S_0017828,1,1,1,0,1,0,0.0,1.0,0.0,1,-0.0,False,False,False,False,False,0,0,1,0,1,0,0,1,0,0,1
baseline,S_0017830,1,1,1,0,1,0,0.0,1.0,0.0,1,-0.0,False,False,False,False,False,0,0,1,0,1,0,0,1,0,0,1
baseline,S_0017834,1,1,1,0,1,0,0.0,1.0,0.0,1,-0.0,False,False,False,False,False,0,0,1,0,1,0,0,1,0,0,1
baseline,S_0017836,1,1,1,0,1,0,0.0,1.0,0.0,1,-0.0,False,False,False,False,False,0,0,1,0,1,0,0,1,0,0,1
baseline,S_0017848,1,1,1,0,1,0,0.0,1.0,0.0,1,-0.0,False,False,False,False,False,0,0,1,0,1,0,0,1,0,0,1
baseline,S_0017849,1,1,1,0,1,0,0.0,1.0,0.0,1,-0.0,False,False,False,False,False,0,0,1,0,1,0,0,1,0,0,1
baseline,S_0017852,1,1,1,0,1,0,0.0,1.0,0.0,1,-0.0,False,False,False,False,False,0,0,1,0,1,0,0,1,0,0,1
baseline,S_0017940,2,2,1,0,1,1,0.0,0.5,0.5,2,0.6309297535714574,False,True,False,False,False,0,0,2,0,1,2,0,0,0,0,1
baseline,S_0017941,2,2,1,0,1,1,0.0,0.5,0.5,2,0.6309297535714574,False,True,False,False,False,0,0,2,0,1,2,0,0,0,0,1
baseline,S_0017944,2,2,1,0,1,1,0.0,0.5,0.5,2,0.6309297535714574,False,True,False,False,False,0,0,2,0,1,2,0,0,0,0,1
baseline,S_0017949,4,2,4,0,1,1,0.0,0.5,0.5,2,0.6309297535714574,False,True,False,False,False,0,0,0,2,1,1,1,0,0,0,2
baseline,S_0017951,2,2,2,0,1,1,0.0,0.5,0.5,2,0.6309297535714574,False,True,False,False,False,0,0,0,2,1,1,1,0,0,0,2
baseline,S_0017960,1,1,1,0,1,0,0.0,1.0,0.0,1,-0.0,False,False,False,False,False,0,0,0,1,1,0,0,0,0,1,1
baseline,S_0017961,1,1,1,0,1,0,0.0,1.0,0.0,1,-0.0,False,False,False,False,False,0,0,0,1,1,0,0,0,0,1,1
baseline,S_0017993,1,1,1,0,0,1,0.0,0.0,1.0,1,-0.0,False,False,False,False,False,0,0,1,0,1,0,1,0,0,0,1
baseline,S_0017994,1,1,1,0,0,1,0.0,0.0,1.0,1,-0.0,False,False,False,False,False,0,0,1,0,1,0,1,0,0,0,1
baseline,S_0018049,2,2,2,0,1,1,0.0,0.5,0.5,2,0.6309297535714574,False,True,False,False,False,0,1,1,0,2,1,0,0,1,0,2
baseline,S_0018050,2,2,2,0,1,1,0.0,0.5,0.5,2,0.6309297535714574,False,True,False,False,False,0,1,1,0,2,1,0,0,1,0,2
baseline,S_0018075,1,1,1,0,1,0,0.0,1.0,0.0,1,-0.0,False,False,False,False,False,0,0,0,1,1,1,0,0,0,0,1
baseline,S_0018076,1,1,1,0,1,0,0.0,1.0,0.0,1,-0.0,False,False,False,False,False,0,0,0,1,1,1,0,0,0,0,1
baseline,S_0018080,3,2,3,0,1,1,0.0,0.5,0.5,2,0.6309297535714574,False,True,False,False,False,0,0,0,2,1,2,0,0,0,0,1
baseline,S_0018081,1,1,1,0,0,1,0.0,0.0,1.0,1,-0.0,False,False,False,False,False,0,0,0,1,1,1,0,0,0,0,1
baseline,S_0018083,1,1,1,0,0,1,0.0,0.0,1.0,1,-0.0,False,False,False,False,False,0,0,0,1,1,1,0,0,0,0,1
baseline,S_0018084,1,1,1,0,0,1,0.0,0.0,1.0,1,-0.0,False,False,False,False,False,0,0,0,1,1,1,0,0,0,0,1
baseline,S_0018087,1,1,1,0,1,0,0.0,1.0,0.0,1,-0.0,False,False,False,False,False,0,1,0,0,1,1,0,0,0,0,1
baseline,S_0018088,1,1,1,0,0,1,0.0,0.0,1.0,1,-0.0,False,False,False,False,False,0,0,0,1,1,1,0,0,0,0,1
baseline,S_0018089,1,1,1,0,1,0,0.0,1.0,0.0,1,-0.0,False,False,False,False,False,0,1,0,0,1,1,0,0,0,0,1
baseline,S_0018090,1,1,1,0,0,1,0.0,0.0,1.0,1,-0.0,False,False,False,False,False,0,0,0,1,1,1,0,0,0,0,1
baseline,S_0018093,1,1,1,0,0,1,0.0,0.0,1.0,1,-0.0,False,False,False,False,False,0,0,0,1,1,1,0,0,0,0,1
baseline,S_0018094,1,1,1,0,1,0,0.0,1.0,0.0,1,-0.0,False,False,False,False,False,0,0,1,0,1,1,0,0,0,0,1
baseline,S_0018096,1,1,1,0,1,0,0.0,1.0,0.0,1,-0.0,False,False,False,False,False,0,0,1,0,1,1,0,0,0,0,1
baseline,S_0018098,1,1,1,0,1,0,0.0,1.0,0.0,1,-0.0,False,False,False,False,False,0,0,1,0,1,1,0,0,0,0,1
baseline,S_0018099,1,1,1,0,1,0,0.0,1.0,0.0,1,-0.0,False,False,False,False,False,0,0,1,0,1,1,0,0,0,0,1
baseline,S_0018100,2,2,1,0,2,0,0.0,1.0,0.0,1,-0.0,False,True,False,False,False,0,0,2,0,1,1,0,0,1,0,2
baseline,S_0018101,2,2,1,0,2,0,0.0,1.0,0.0,1,-0.0,False,True,False,False,False,0,0,2,0,1,1,0,0,1,0,2
baseline,S_0018103,2,2,1,0,2,0,0.0,1.0,0.0,1,-0.0,False,True,False,False,False,0,0,2,0,1,1,0,0,1,0,2
baseline,S_0018106,2,2,1,0,2,0,0.0,1.0,0.0,1,-0.0,False,True,False,False,False,0,0,2,0,1,1,0,0,1,0,2
baseline,S_0018109,2,2,1,0,2,0,0.0,1.0,0.0,1,-0.0,False,True,False,False,False,0,0,2,0,1,1,0,0,1,0,2
baseline,S_0018116,1,1,1,0,1,0,0.0,1.0,0.0,1,-0.0,False,False,False,False,False,0,0,1,0,1,1,0,0,0,0,1
baseline,S_0018117,1,1,1,0,1,0,0.0,1.0,0.0,1,-0.0,False,False,False,False,False,0,0,1,0,1,1,0,0,0,0,1
baseline,S_0018124,2,2,2,0,1,1,0.0,0.5,0.5,2,0.6309297535714574,False,True,False,False,False,0,1,1,0,2,1,0,0,1,0,2
baseline,S_0018126,2,2,2,0,1,1,0.0,0.5,0.5,2,0.6309297535714574,False,True,False,False,False,0,1,1,0,2,1,0,0,1,0,2
baseline,S_0018127,2,2,2,0,1,1,0.0,0.5,0.5,2,0.6309297535714574,False,True,False,False,False,0,1,1,0,2,1,0,0,1,0,2
baseline,S_0018128,2,2,2,0,1,1,0.0,0.5,0.5,2,0.6309297535714574,False,True,False,False,False,0,1,1,0,2,1,0,0,1,0,2
baseline,S_0018131,2,2,2,0,1,1,0.0,0.5,0.5,2,0.6309297535714574,False,True,False,False,False,0,1,1,0,2,1,0,0,1,0,2
baseline,S_0018132,2,2,2,0,1,1,0.0,0.5,0.5,2,0.6309297535714574,False,True,False,False,False,0,1,1,0,2,1,0,0,1,0,2
baseline,S_0018135,2,2,2,0,1,1,0.0,0.5,0.5,2,0.6309297535714574,False,True,False,False,False,0,1,1,0,2,1,0,0,1,0,2
baseline,S_0018137,2,1,2,0,0,1,0.0,0.0,1.0,1,-0.0,False,False,False,False,False,0,0,0,1,1,0,1,0,0,0,1
baseline,S_0018138,2,1,2,0,0,1,0.0,0.0,1.0,1,-0.0,False,False,False,False,False,0,0,0,1,1,0,1,0,0,0,1
baseline,S_0018139,1,1,1,0,0,1,0.0,0.0,1.0,1,-0.0,False,False,False,False,False,0,0,1,0,1,0,0,0,1,0,1
baseline,S_0018140,1,1,1,0,1,0,0.0,1.0,0.0,1,-0.0,False,False,False,False,False,0,1,0,0,1,1,0,0,0,0,1
baseline,S_0018141,2,2,2,0,1,1,0.0,0.5,0.5,2,0.6309297535714574,False,True,False,False,False,0,1,1,0,2,1,0,0,1,0,2
baseline,S_0018142,1,1,1,0,1,0,0.0,1.0,0.0,1,-0.0,False,False,False,False,False,0,1,0,0,1,1,0,0,0,0,1
baseline,S_0018144,1,1,1,0,1,0,0.0,1.0,0.0,1,-0.0,False,False,False,False,False,0,1,0,0,1,1,0,0,0,0,1
baseline,S_0018145,1,1,1,0,1,0,0.0,1.0,0.0,1,-0.0,False,False,False,False,False,0,1,0,0,1,1,0,0,0,0,1
baseline,S_0018146,1,1,1,0,1,0,0.0,1.0,0.0,1,-0.0,False,False,False,False,False,0,0,1,0,1,0,1,0,0,0,1
baseline,S_0018148,2,2,2,0,2,0,0.0,1.0,0.0,1,-0.0,False,True,False,False,False,0,1,1,0,2,1,1,0,0,0,2
baseline,S_0018149,1,1,1,0,1,0,0.0,1.0,0.0,1,-0.0,False,False,False,False,False,0,1,0,0,1,1,0,0,0,0,1
baseline,S_0018151,1,1,1,0,1,0,0.0,1.0,0.0,1,-0.0,False,False,False,False,False,0,1,0,0,1,1,0,0,0,0,1
baseline,S_0018152,1,1,1,0,1,0,0.0,1.0,0.0,1,-0.0,False,False,False,False,False,0,1,0,0,1,1,0,0,0,0,1
baseline,S_0018153,1,1,1,0,1,0,0.0,1.0,0.0,1,-0.0,False,False,False,False,False,0,1,0,0,1,1,0,0,0,0,1
baseline,S_0018155,1,1,1,0,1,0,0.0,1.0,0.0,1,-0.0,False,False,False,False,False,0,1,0,0,1,1,0,0,0,0,1
baseline,S_0018156,1,1,1,0,1,0,0.0,1.0,0.0,1,-0.0,False,False,False,False,False,0,1,0,0,1,1,0,0,0,0,1
baseline,S_0018160,1,1,1,0,1,0,0.0,1.0,0.0,1,-0.0,False,False,False,False,False,0,1,0,0,1,1,0,0,0,0,1
baseline,S_0018162,1,1,1,0,1,0,0.0,1.0,0.0,1,-0.0,False,False,False,False,False,0,1,0,0,1,1,0,0,0,0,1
baseline,S_0018164,1,1,1,0,1,0,0.0,1.0,0.0,1,-0.0,False,False,False,False,False,0,1,0,0,1,1,0,0,0,0,1
baseline,S_0018166,1,1,1,0,1,0,0.0,1.0,0.0,1,-0.0,False,False,False,False,False,0,1,0,0,1,1,0,0,0,0,1
baseline,S_0018167,1,1,1,0,1,0,0.0,1.0,0.0,1,-0.0,False,False,False,False,False,0,1,0,0,1,1,0,0,0,0,1
baseline,S_0018168,1,1,1,0,1,0,0.0,1.0,0.0,1,-0.0,False,False,False,False,False,0,1,0,0,1,1,0,0,0,0,1
baseline,S_0018170,1,1,1,0,1,0,0.0,1.0,0.0,1,-0.0,False,False,False,False,False,0,1,0,0,1,1,0,0,0,0,1
baseline,S_0018173,1,1,1,0,1,0,0.0,1.0,0.0,1,-0.0,False,False,False,False,False,0,0,1,0,1,1,0,0,0,0,1
baseline,S_0018174,2,2,2,0,2,0,0.0,1.0,0.0,1,-0.0,False,True,False,False,False,0,1,1,0,2,2,0,0,0,0,1
baseline,S_0018175,1,1,1,0,1,0,0.0,1.0,0.0,1,-0.0,False,False,False,False,False,0,0,1,0,1,1,0,0,0,0,1
baseline,S_0018178,1,1,1,0,1,0,0.0,1.0,0.0,1,-0.0,False,False,False,False,False,0,0,1,0,1,1,0,0,0,0,1
baseline,S_0018179,1,1,1,0,1,0,0.0,1.0,0.0,1,-0.0,False,False,False,False,False,0,0,1,0,1,1,0,0,0,0,1
baseline,S_0018181,1,1,1,0,1,0,0.0,1.0,0.0,1,-0.0,False,False,False,False,False,0,0,1,0,1,1,0,0,0,0,1
baseline,S_0018182,1,1,1,0,1,0,0.0,1.0,0.0,1,-0.0,False,False,False,False,False,0,0,1,0,1,1,0,0,0,0,1
baseline,S_0018183,2,2,2,0,2,0,0.0,1.0,0.0,1,-0.0,False,True,False,False,False,0,1,1,0,2,2,0,0,0,0,1
baseline,S_0018184,1,1,1,0,1,0,0.0,1.0,0.0,1,-0.0,False,False,False,False,False,0,1,0,0,1,1,0,0,0,0,1
baseline,S_0018186,1,1,1,0,1,0,0.0,1.0,0.0,1,-0.0,False,False,False,False,False,0,0,1,0,1,1,0,0,0,0,1
baseline,S_0018191,1,1,1,0,1,0,0.0,1.0,0.0,1,-0.0,False,False,False,False,False,0,0,1,0,1,1,0,0,0,0,1
baseline,S_0018192,1,1,1,0,1,0,0.0,1.0,0.0,1,-0.0,False,False,False,False,False,0,0,1,0,1,1,0,0,0,0,1
baseline,S_0018193,1,1,1,0,1,0,0.0,1.0,0.0,1,-0.0,False,False,False,False,False,0,0,1,0,1,1,0,0,0,0,1
baseline,S_0018194,1,1,1,0,1,0,0.0,1.0,0.0,1,-0.0,False,False,False,False,False,0,0,1,0,1,1,0,0,0,0,1
baseline,S_0018196,1,1,1,0,1,0,0.0,1.0,0.0,1,-0.0,False,False,False,False,False,0,0,1,0,1,1,0,0,0,0,1
baseline,S_0018197,1,1,1,0,1,0,0.0,1.0,0.0,1,-0.0,False,False,False,False,False,0,0,1,0,1,1,0,0,0,0,1
baseline,S_0018201,1,1,1,0,1,0,0.0,1.0,0.0,1,-0.0,False,False,False,False,False,0,0,0,1,1,1,0,0,0,0,1
baseline,S_0018205,1,1,1,0,0,1,0.0,0.0,1.0,1,-0.0,False,False,False,False,False,0,0,1,0,1,0,0,0,0,1,1
baseline,S_0018206,1,1,1,0,0,1,0.0,0.0,1.0,1,-0.0,False,False,False,False,False,0,0,1,0,1,0,0,0,0,1,1
baseline,S_0018207,3,3,3,0,1,2,0.0,0.3333333333333333,0.6666666666666666,2,0.5793801642856949,False,True,True,False,False,0,0,1,2,2,0,1,1,0,1,3
baseline,S_0018208,3,3,3,0,1,2,0.0,0.3333333333333333,0.6666666666666666,2,0.5793801642856949,False,True,True,False,False,0,0,1,2,2,0,1,1,0,1,3
baseline,S_0018209,1,1,1,1,0,0,1.0,0.0,0.0,1,-0.0,False,False,False,False,False,0,0,0,1,1,0,0,0,0,1,1
baseline,S_0018213,1,1,1,0,0,1,0.0,0.0,1.0,1,-0.0,False,False,False,False,False,0,0,0,1,1,0,0,0,0,1,1
baseline,S_0018214,1,1,1,0,0,1,0.0,0.0,1.0,1,-0.0,False,False,False,False,False,0,0,0,1,1,1,0,0,0,0,1
baseline,S_0018215,1,1,1,0,0,1,0.0,0.0,1.0,1,-0.0,False,False,False,False,False,0,0,0,1,1,1,0,0,0,0,1
baseline,S_0018216,1,1,1,0,0,1,0.0,0.0,1.0,1,-0.0,False,False,False,False,False,0,0,0,1,1,0,0,0,0,1,1
baseline,S_0018218,1,1,1,0,0,1,0.0,0.0,1.0,1,-0.0,False,False,False,False,False,0,0,0,1,1,1,0,0,0,0,1
baseline,S_0018219,1,1,1,0,1,0,0.0,1.0,0.0,1,-0.0,False,False,False,False,False,0,0,1,0,1,1,0,0,0,0,1
baseline,S_0018222,2,2,1,0,1,1,0.0,0.5,0.5,2,0.6309297535714574,False,True,False,False,False,0,0,2,0,1,1,0,0,1,0,2
baseline,S_0018223,3,3,1,0,3,0,0.0,1.0,0.0,1,-0.0,False,True,True,False,False,0,0,3,0,1,1,1,0,1,0,3
baseline,S_0018224,2,2,1,0,1,1,0.0,0.5,0.5,2,0.6309297535714574,False,True,False,False,False,0,0,2,0,1,1,0,0,1,0,2
baseline,S_0018225,3,3,1,0,3,0,0.0,1.0,0.0,1,-0.0,False,True,True,False,False,0,0,3,0,1,1,1,0,1,0,3
baseline,S_0018227,3,3,1,0,3,0,0.0,1.0,0.0,1,-0.0,False,True,True,False,False,0,0,3,0,1,1,1,0,1,0,3
baseline,S_0018228,3,3,1,0,3,0,0.0,1.0,0.0,1,-0.0,False,True,True,False,False,0,0,3,0,1,1,1,0,1,0,3
baseline,S_0018229,2,2,1,0,2,0,0.0,1.0,0.0,1,-0.0,False,True,False,False,False,0,0,2,0,1,1,0,0,1,0,2
baseline,S_0018230,2,2,1,0,2,0,0.0,1.0,0.0,1,-0.0,False,True,False,False,False,0,0,2,0,1,1,0,0,1,0,2
baseline,S_0018232,1,1,1,0,1,0,0.0,1.0,0.0,1,-0.0,False,False,False,False,False,0,0,0,1,1,1,0,0,0,0,1
baseline,S_0018233,2,2,1,0,2,0,0.0,1.0,0.0,1,-0.0,False,True,False,False,False,0,0,2,0,1,1,0,0,1,0,2
baseline,S_0018234,2,2,1,0,2,0,0.0,1.0,0.0,1,-0.0,False,True,False,False,False,0,0,2,0,1,1,0,0,1,0,2
baseline,S_0018242,1,1,1,0,1,0,0.0,1.0,0.0,1,-0.0,False,False,False,False,False,0,0,0,1,1,1,0,0,0,0,1
baseline,S_0018244,1,1,1,0,1,0,0.0,1.0,0.0,1,-0.0,False,False,False,False,False,0,0,0,1,1,1,0,0,0,0,1
baseline,S_0018245,1,1,1,0,1,0,0.0,1.0,0.0,1,-0.0,False,False,False,False,False,0,0,0,1,1,1,0,0,0,0,1
baseline,S_0018248,1,1,1,0,1,0,0.0,1.0,0.0,1,-0.0,False,False,False,False,False,0,0,0,1,1,1,0,0,0,0,1
baseline,S_0018249,1,1,1,1,0,0,1.0,0.0,0.0,1,-0.0,False,False,False,False,False,0,0,1,0,1,1,0,0,0,0,1
baseline,S_0018251,1,1,1,1,0,0,1.0,0.0,0.0,1,-0.0,False,False,False,False,False,0,0,1,0,1,1,0,0,0,0,1
baseline,S_0018252,1,1,1,1,0,0,1.0,0.0,0.0,1,-0.0,False,False,False,False,False,0,0,1,0,1,1,0,0,0,0,1
baseline,S_0018253,1,1,1,0,1,0,0.0,1.0,0.0,1,-0.0,False,False,False,False,False,0,0,1,0,1,1,0,0,0,0,1
baseline,S_0018254,1,1,1,1,0,0,1.0,0.0,0.0,1,-0.0,False,False,False,False,False,0,0,1,0,1,1,0,0,0,0,1
baseline,S_0018256,1,1,1,1,0,0,1.0,0.0,0.0,1,-0.0,False,False,False,False,False,0,0,1,0,1,1,0,0,0,0,1
baseline,S_0018258,1,1,1,0,1,0,0.0,1.0,0.0,1,-0.0,False,False,False,False,False,0,0,1,0,1,0,1,0,0,0,1
baseline,S_0018259,1,1,1,0,1,0,0.0,1.0,0.0,1,-0.0,False,False,False,False,False,0,0,1,0,1,0,1,0,0,0,1
baseline,S_0018263,1,1,1,0,1,0,0.0,1.0,0.0,1,-0.0,False,False,False,False,False,0,0,1,0,1,0,1,0,0,0,1
baseline,S_0018264,1,1,1,0,1,0,0.0,1.0,0.0,1,-0.0,False,False,False,False,False,0,0,1,0,1,0,1,0,0,0,1
baseline,S_0018265,1,1,1,0,1,0,0.0,1.0,0.0,1,-0.0,False,False,False,False,False,0,0,1,0,1,0,1,0,0,0,1
baseline,S_0018267,1,1,1,0,1,0,0.0,1.0,0.0,1,-0.0,False,False,False,False,False,0,0,1,0,1,0,1,0,0,0,1
baseline,S_0018270,1,1,1,0,1,0,0.0,1.0,0.0,1,-0.0,False,False,False,False,False,0,0,1,0,1,0,1,0,0,0,1
baseline,S_0018271,1,1,1,0,1,0,0.0,1.0,0.0,1,-0.0,False,False,False,False,False,0,0,1,0,1,0,1,0,0,0,1
baseline,S_0018272,1,1,1,0,1,0,0.0,1.0,0.0,1,-0.0,False,False,False,False,False,0,0,1,0,1,0,1,0,0,0,1
baseline,S_0018275,1,1,1,0,1,0,0.0,1.0,0.0,1,-0.0,False,False,False,False,False,0,0,1,0,1,0,1,0,0,0,1
baseline,S_0018276,1,1,1,0,1,0,0.0,1.0,0.0,1,-0.0,False,False,False,False,False,0,0,1,0,1,0,1,0,0,0,1
baseline,S_0018278,1,1,1,0,1,0,0.0,1.0,0.0,1,-0.0,False,False,False,False,False,0,0,1,0,1,0,1,0,0,0,1
baseline,S_0018280,1,1,1,0,1,0,0.0,1.0,0.0,1,-0.0,False,False,False,False,False,0,0,1,0,1,0,1,0,0,0,1
baseline,S_0018281,1,1,1,0,1,0,0.0,1.0,0.0,1,-0.0,False,False,False,False,False,0,0,1,0,1,0,1,0,0,0,1
baseline,S_0018284,1,1,1,0,1,0,0.0,1.0,0.0,1,-0.0,False,False,False,False,False,0,0,1,0,1,0,1,0,0,0,1
baseline,S_0018286,1,1,1,0,1,0,0.0,1.0,0.0,1,-0.0,False,False,False,False,False,0,0,1,0,1,0,1,0,0,0,1
baseline,S_0018288,1,1,1,0,1,0,0.0,1.0,0.0,1,-0.0,False,False,False,False,False,0,0,1,0,1,0,1,0,0,0,1
baseline,S_0018289,1,1,1,0,1,0,0.0,1.0,0.0,1,-0.0,False,False,False,False,False,0,0,1,0,1,0,1,0,0,0,1
baseline,S_0018292,1,1,1,0,1,0,0.0,1.0,0.0,1,-0.0,False,False,False,False,False,0,0,1,0,1,0,1,0,0,0,1
baseline,S_0018294,1,1,1,0,1,0,0.0,1.0,0.0,1,-0.0,False,False,False,False,False,0,0,1,0,1,0,1,0,0,0,1
baseline,S_0018296,1,1,1,0,1,0,0.0,1.0,0.0,1,-0.0,False,False,False,False,False,0,0,1,0,1,0,1,0,0,0,1
baseline,S_0018298,1,1,1,0,1,0,0.0,1.0,0.0,1,-0.0,False,False,False,False,False,0,0,1,0,1,0,1,0,0,0,1
baseline,S_0018300,1,1,1,1,0,0,1.0,0.0,0.0,1,-0.0,False,False,False,False,False,0,0,1,0,1,1,0,0,0,0,1
baseline,S_0018301,1,1,1,1,0,0,1.0,0.0,0.0,1,-0.0,False,False,False,False,False,0,0,1,0,1,1,0,0,0,0,1
baseline,S_0018302,1,1,1,1,0,0,1.0,0.0,0.0,1,-0.0,False,False,False,False,False,0,0,1,0,1,1,0,0,0,0,1
baseline,S_0018304,1,1,1,1,0,0,1.0,0.0,0.0,1,-0.0,False,False,False,False,False,0,0,1,0,1,1,0,0,0,0,1
baseline,S_0018305,1,1,1,1,0,0,1.0,0.0,0.0,1,-0.0,False,False,False,False,False,0,0,1,0,1,1,0,0,0,0,1
baseline,S_0018307,1,1,1,1,0,0,1.0,0.0,0.0,1,-0.0,False,False,False,False,False,0,0,1,0,1,1,0,0,0,0,1
baseline,S_0018309,1,1,1,1,0,0,1.0,0.0,0.0,1,-0.0,False,False,False,False,False,0,0,1,0,1,1,0,0,0,0,1
baseline,S_0018311,1,1,1,1,0,0,1.0,0.0,0.0,1,-0.0,False,False,False,False,False,0,0,1,0,1,1,0,0,0,0,1
baseline,S_0018312,1,1,1,1,0,0,1.0,0.0,0.0,1,-0.0,False,False,False,False,False,0,0,1,0,1,1,0,0,0,0,1
baseline,S_0018313,1,1,1,0,1,0,0.0,1.0,0.0,1,-0.0,False,False,False,False,False,0,0,1,0,1,1,0,0,0,0,1
baseline,S_0018314,1,1,1,1,0,0,1.0,0.0,0.0,1,-0.0,False,False,False,False,False,0,0,1,0,1,1,0,0,0,0,1
baseline,S_0018315,1,1,1,0,1,0,0.0,1.0,0.0,1,-0.0,False,False,False,False,False,0,0,1,0,1,1,0,0,0,0,1
baseline,S_0018317,1,1,1,0,1,0,0.0,1.0,0.0,1,-0.0,False,False,False,False,False,0,0,1,0,1,0,1,0,0,0,1
baseline,S_0018318,1,1,1,0,1,0,0.0,1.0,0.0,1,-0.0,False,False,False,False,False,0,0,1,0,1,0,1,0,0,0,1
baseline,S_0018320,1,1,1,0,1,0,0.0,1.0,0.0,1,-0.0,False,False,False,False,False,0,0,1,0,1,0,1,0,0,0,1
baseline,S_0018325,1,1,1,0,1,0,0.0,1.0,0.0,1,-0.0,False,False,False,False,False,0,0,1,0,1,0,1,0,0,0,1
baseline,S_0018326,1,1,1,0,1,0,0.0,1.0,0.0,1,-0.0,False,False,False,False,False,0,0,1,0,1,0,1,0,0,0,1
baseline,S_0018327,1,1,1,0,1,0,0.0,1.0,0.0,1,-0.0,False,False,False,False,False,0,0,1,0,1,0,1,0,0,0,1
baseline,S_0018329,1,1,1,0,1,0,0.0,1.0,0.0,1,-0.0,False,False,False,False,False,0,0,1,0,1,0,1,0,0,0,1
baseline,S_0018330,1,1,1,0,1,0,0.0,1.0,0.0,1,-0.0,False,False,False,False,False,0,0,1,0,1,0,1,0,0,0,1
baseline,S_0018332,1,1,1,0,1,0,0.0,1.0,0.0,1,-0.0,False,False,False,False,False,0,0,1,0,1,0,1,0,0,0,1
baseline,S_0018333,1,1,1,0,1,0,0.0,1.0,0.0,1,-0.0,False,False,False,False,False,0,0,1,0,1,0,1,0,0,0,1
baseline,S_0018335,1,1,1,0,1,0,0.0,1.0,0.0,1,-0.0,False,False,False,False,False,0,0,1,0,1,0,1,0,0,0,1
baseline,S_0018336,1,1,1,0,1,0,0.0,1.0,0.0,1,-0.0,False,False,False,False,False,0,0,1,0,1,0,1,0,0,0,1
baseline,S_0018337,1,1,1,0,1,0,0.0,1.0,0.0,1,-0.0,False,False,False,False,False,0,0,1,0,1,0,1,0,0,0,1
baseline,S_0018339,1,1,1,0,1,0,0.0,1.0,0.0,1,-0.0,False,False,False,False,False,0,0,1,0,1,0,1,0,0,0,1
baseline,S_0018341,1,1,1,0,1,0,0.0,1.0,0.0,1,-0.0,False,False,False,False,False,0,0,1,0,1,0,1,0,0,0,1
baseline,S_0018343,1,1,1,0,1,0,0.0,1.0,0.0,1,-0.0,False,False,False,False,False,0,0,1,0,1,0,1,0,0,0,1
baseline,S_0018344,1,1,1,0,1,0,0.0,1.0,0.0,1,-0.0,False,False,False,False,False,0,0,1,0,1,0,1,0,0,0,1
baseline,S_0018346,1,1,1,0,1,0,0.0,1.0,0.0,1,-0.0,False,False,False,False,False,0,0,1,0,1,0,1,0,0,0,1
baseline,S_0018347,1,1,1,0,1,0,0.0,1.0,0.0,1,-0.0,False,False,False,False,False,0,0,1,0,1,0,1,0,0,0,1
baseline,S_0018350,1,1,1,0,1,0,0.0,1.0,0.0,1,-0.0,False,False,False,False,False,0,1,0,0,1,1,0,0,0,0,1
baseline,S_0018352,1,1,1,0,1,0,0.0,1.0,0.0,1,-0.0,False,False,False,False,False,0,1,0,0,1,1,0,0,0,0,1
baseline,S_0018358,1,1,1,1,0,0,1.0,0.0,0.0,1,-0.0,False,False,False,False,False,0,0,1,0,1,1,0,0,0,0,1
baseline,S_0018360,1,1,1,1,0,0,1.0,0.0,0.0,1,-0.0,False,False,False,False,False,0,0,1,0,1,1,0,0,0,0,1
baseline,S_0018362,1,1,1,1,0,0,1.0,0.0,0.0,1,-0.0,False,False,False,False,False,0,0,1,0,1,1,0,0,0,0,1
baseline,S_0018363,1,1,1,1,0,0,1.0,0.0,0.0,1,-0.0,False,False,False,False,False,0,0,1,0,1,1,0,0,0,0,1
baseline,S_0018364,1,1,1,0,1,0,0.0,1.0,0.0,1,-0.0,False,False,False,False,False,0,0,1,0,1,0,1,0,0,0,1
baseline,S_0018365,1,1,1,0,1,0,0.0,1.0,0.0,1,-0.0,False,False,False,False,False,0,0,1,0,1,1,0,0,0,0,1
baseline,S_0018366,1,1,1,0,1,0,0.0,1.0,0.0,1,-0.0,False,False,False,False,False,0,0,1,0,1,1,0,0,0,0,1
baseline,S_0018367,1,1,1,0,1,0,0.0,1.0,0.0,1,-0.0,False,False,False,False,False,0,0,1,0,1,0,1,0,0,0,1
baseline,S_0018368,1,1,1,0,1,0,0.0,1.0,0.0,1,-0.0,False,False,False,False,False,0,0,1,0,1,0,1,0,0,0,1
baseline,S_0018371,1,1,1,0,1,0,0.0,1.0,0.0,1,-0.0,False,False,False,False,False,0,0,1,0,1,0,1,0,0,0,1
baseline,S_0018373,1,1,1,0,1,0,0.0,1.0,0.0,1,-0.0,False,False,False,False,False,0,0,1,0,1,0,1,0,0,0,1
baseline,S_0018407,1,1,1,0,1,0,0.0,1.0,0.0,1,-0.0,False,False,False,False,False,0,0,0,1,1,0,0,0,0,1,1
baseline,S_0018409,1,1,1,0,1,0,0.0,1.0,0.0,1,-0.0,False,False,False,False,False,0,0,0,1,1,0,0,0,0,1,1
baseline,S_0018413,1,1,1,0,1,0,0.0,1.0,0.0,1,-0.0,False,False,False,False,False,0,0,1,0,1,0,1,0,0,0,1
baseline,S_0018415,1,1,1,0,1,0,0.0,1.0,0.0,1,-0.0,False,False,False,False,False,0,0,1,0,1,0,1,0,0,0,1
baseline,S_0018416,1,1,1,0,1,0,0.0,1.0,0.0,1,-0.0,False,False,False,False,False,0,0,1,0,1,0,1,0,0,0,1
baseline,S_0018418,1,1,1,0,1,0,0.0,1.0,0.0,1,-0.0,False,False,False,False,False,0,0,1,0,1,0,1,0,0,0,1
baseline,S_0018420,1,1,1,0,1,0,0.0,1.0,0.0,1,-0.0,False,False,False,False,False,0,0,1,0,1,0,1,0,0,0,1
baseline,S_0018421,1,1,1,0,1,0,0.0,1.0,0.0,1,-0.0,False,False,False,False,False,0,0,1,0,1,0,1,0,0,0,1
baseline,S_0018422,1,1,1,0,1,0,0.0,1.0,0.0,1,-0.0,False,False,False,False,False,0,0,1,0,1,0,1,0,0,0,1
baseline,S_0018423,1,1,1,0,1,0,0.0,1.0,0.0,1,-0.0,False,False,False,False,False,0,0,1,0,1,0,1,0,0,0,1
baseline,S_0018427,1,1,1,0,1,0,0.0,1.0,0.0,1,-0.0,False,False,False,False,False,0,0,1,0,1,0,1,0,0,0,1
baseline,S_0018428,1,1,1,0,1,0,0.0,1.0,0.0,1,-0.0,False,False,False,False,False,0,0,1,0,1,0,1,0,0,0,1
baseline,S_0018429,1,1,1,0,1,0,0.0,1.0,0.0,1,-0.0,False,False,False,False,False,0,0,1,0,1,0,1,0,0,0,1
baseline,S_0018431,1,1,1,0,1,0,0.0,1.0,0.0,1,-0.0,False,False,False,False,False,0,0,1,0,1,0,1,0,0,0,1
baseline,S_0018441,1,1,1,1,0,0,1.0,0.0,0.0,1,-0.0,False,False,False,False,False,0,0,1,0,1,0,1,0,0,0,1
baseline,S_0018442,1,1,1,1,0,0,1.0,0.0,0.0,1,-0.0,False,False,False,False,False,0,0,1,0,1,0,1,0,0,0,1
baseline,S_0018444,1,1,1,1,0,0,1.0,0.0,0.0,1,-0.0,False,False,False,False,False,0,0,1,0,1,0,1,0,0,0,1
baseline,S_0018445,1,1,1,1,0,0,1.0,0.0,0.0,1,-0.0,False,False,False,False,False,0,0,1,0,1,0,1,0,0,0,1
baseline,S_0018447,1,1,1,1,0,0,1.0,0.0,0.0,1,-0.0,False,False,False,False,False,0,0,1,0,1,0,1,0,0,0,1
baseline,S_0018460,1,1,1,1,0,0,1.0,0.0,0.0,1,-0.0,False,False,False,False,False,0,0,1,0,1,0,1,0,0,0,1
baseline,S_0018463,1,1,1,1,0,0,1.0,0.0,0.0,1,-0.0,False,False,False,False,False,0,0,1,0,1,0,1,0,0,0,1
baseline,S_0018475,1,1,1,1,0,0,1.0,0.0,0.0,1,-0.0,False,False,False,False,False,0,0,1,0,1,0,1,0,0,0,1
baseline,S_0018476,1,1,1,1,0,0,1.0,0.0,0.0,1,-0.0,False,False,False,False,False,0,0,1,0,1,0,1,0,0,0,1
baseline,S_0018485,1,1,1,1,0,0,1.0,0.0,0.0,1,-0.0,False,False,False,False,False,0,0,1,0,1,0,1,0,0,0,1
baseline,S_0018486,1,1,1,1,0,0,1.0,0.0,0.0,1,-0.0,False,False,False,False,False,0,0,1,0,1,0,1,0,0,0,1
baseline,S_0018492,1,1,1,1,0,0,1.0,0.0,0.0,1,-0.0,False,False,False,False,False,0,0,1,0,1,0,1,0,0,0,1
baseline,S_0018513,1,1,1,0,1,0,0.0,1.0,0.0,1,-0.0,False,False,False,False,False,0,0,1,0,1,0,0,1,0,0,1
baseline,S_0018514,1,1,1,0,1,0,0.0,1.0,0.0,1,-0.0,False,False,False,False,False,0,0,1,0,1,0,0,1,0,0,1
baseline,S_0018548,1,1,1,0,1,0,0.0,1.0,0.0,1,-0.0,False,False,False,False,False,0,0,0,1,1,0,0,0,0,1,1
baseline,S_0018549,1,1,1,0,1,0,0.0,1.0,0.0,1,-0.0,False,False,False,False,False,0,0,0,1,1,0,0,0,0,1,1
baseline,S_0018554,1,1,1,0,1,0,0.0,1.0,0.0,1,-0.0,False,False,False,False,False,0,0,0,1,1,0,1,0,0,0,1
baseline,S_0018569,1,1,1,0,1,0,0.0,1.0,0.0,1,-0.0,False,False,False,False,False,0,0,1,0,1,0,0,1,0,0,1
baseline,S_0018570,1,1,1,0,1,0,0.0,1.0,0.0,1,-0.0,False,False,False,False,False,0,0,1,0,1,0,0,1,0,0,1
baseline,S_0018604,3,2,3,0,2,0,0.0,1.0,0.0,1,-0.0,False,True,False,False,False,1,1,0,0,2,1,0,1,0,0,2
baseline,S_0018606,2,2,2,0,2,0,0.0,1.0,0.0,1,-0.0,False,True,False,False,False,1,1,0,0,2,1,0,1,0,0,2
baseline,S_0018612,2,2,1,0,1,1,0.0,0.5,0.5,2,0.6309297535714574,False,True,False,False,False,0,0,2,0,1,0,0,1,0,1,2
baseline,S_0018613,2,2,1,0,1,1,0.0,0.5,0.5,2,0.6309297535714574,False,True,False,False,False,0,0,2,0,1,0,0,1,0,1,2
baseline,S_0018614,1,1,1,0,1,0,0.0,1.0,0.0,1,-0.0,False,False,False,False,False,0,0,0,1,1,1,0,0,0,0,1
baseline,S_0018619,2,2,2,0,2,0,0.0,1.0,0.0,1,-0.0,False,True,False,False,False,1,1,0,0,2,1,0,1,0,0,2
baseline,S_0018620,2,2,2,0,2,0,0.0,1.0,0.0,1,-0.0,False,True,False,False,False,1,1,0,0,2,1,0,1,0,0,2
baseline,S_0018647,1,1,1,0,1,0,0.0,1.0,0.0,1,-0.0,False,False,False,False,False,0,0,1,0,1,0,0,1,0,0,1
baseline,S_0018648,1,1,1,0,1,0,0.0,1.0,0.0,1,-0.0,False,False,False,False,False,0,0,1,0,1,0,0,1,0,0,1
baseline,S_0018659,1,1,1,0,1,0,0.0,1.0,0.0,1,-0.0,False,False,False,False,False,0,0,0,1,1,0,1,0,0,0,1
baseline,S_0018663,1,1,1,0,1,0,0.0,1.0,0.0,1,-0.0,False,False,False,False,False,0,0,1,0,1,0,0,1,0,0,1
baseline,S_0018670,2,2,2,0,1,1,0.0,0.5,0.5,2,0.6309297535714574,False,True,False,False,False,0,1,0,1,2,0,1,1,0,0,2
baseline,S_0018672,2,2,2,0,1,1,0.0,0.5,0.5,2,0.6309297535714574,False,True,False,False,False,0,1,0,1,2,0,1,1,0,0,2
baseline,S_0018676,1,1,1,1,0,0,1.0,0.0,0.0,1,-0.0,False,False,False,False,False,0,1,0,0,1,0,0,1,0,0,1
baseline,S_0018692,1,1,1,0,0,1,0.0,0.0,1.0,1,-0.0,False,False,False,False,False,0,0,1,0,1,0,0,0,0,1,1
baseline,S_0018693,1,1,1,0,0,1,0.0,0.0,1.0,1,-0.0,False,False,False,False,False,0,0,1,0,1,0,0,0,0,1,1
baseline,S_0018695,2,2,1,0,2,0,0.0,1.0,0.0,1,-0.0,False,True,False,False,False,0,0,2,0,1,1,0,0,1,0,2
baseline,S_0018696,1,1,1,0,1,0,0.0,1.0,0.0,1,-0.0,False,False,False,False,False,0,0,1,0,1,0,0,0,1,0,1
baseline,S_0018697,2,2,1,0,2,0,0.0,1.0,0.0,1,-0.0,False,True,False,False,False,0,0,2,0,1,0,0,0,1,1,2
baseline,S_0018698,1,1,1,0,1,0,0.0,1.0,0.0,1,-0.0,False,False,False,False,False,0,0,1,0,1,0,0,0,0,1,1
baseline,S_0018699,2,2,1,0,2,0,0.0,1.0,0.0,1,-0.0,False,True,False,False,False,0,0,2,0,1,0,0,0,1,1,2
baseline,S_0018701,1,1,1,0,1,0,0.0,1.0,0.0,1,-0.0,False,False,False,False,False,0,1,0,0,1,1,0,0,0,0,1
baseline,S_0018702,1,1,1,0,1,0,0.0,1.0,0.0,1,-0.0,False,False,False,False,False,0,1,0,0,1,1,0,0,0,0,1
baseline,S_0018704,1,1,1,0,1,0,0.0,1.0,0.0,1,-0.0,False,False,False,False,False,0,1,0,0,1,1,0,0,0,0,1
baseline,S_0018705,1,1,1,0,1,0,0.0,1.0,0.0,1,-0.0,False,False,False,False,False,0,0,1,0,1,1,0,0,0,0,1
baseline,S_0018707,1,1,1,0,1,0,0.0,1.0,0.0,1,-0.0,False,False,False,False,False,0,1,0,0,1,1,0,0,0,0,1
baseline,S_0018709,1,1,1,0,1,0,0.0,1.0,0.0,1,-0.0,False,False,False,False,False,0,1,0,0,1,1,0,0,0,0,1
baseline,S_0018710,1,1,1,0,1,0,0.0,1.0,0.0,1,-0.0,False,False,False,False,False,0,0,1,0,1,0,0,0,1,0,1
baseline,S_0018711,1,1,1,0,1,0,0.0,1.0,0.0,1,-0.0,False,False,False,False,False,0,0,1,0,1,0,0,0,1,0,1
baseline,S_0018713,2,2,2,1,1,0,0.5,0.5,0.0,2,0.6309297535714574,False,True,False,False,False,0,1,1,0,2,2,0,0,0,0,1
baseline,S_0018714,2,2,2,1,1,0,0.5,0.5,0.0,2,0.6309297535714574,False,True,False,False,False,0,1,1,0,2,2,0,0,0,0,1
baseline,S_0018716,2,2,2,1,1,0,0.5,0.5,0.0,2,0.6309297535714574,False,True,False,False,False,0,1,1,0,2,2,0,0,0,0,1
baseline,S_0018719,2,2,2,1,1,0,0.5,0.5,0.0,2,0.6309297535714574,False,True,False,False,False,0,1,1,0,2,2,0,0,0,0,1
baseline,S_0018728,2,2,2,1,1,0,0.5,0.5,0.0,2,0.6309297535714574,False,True,False,False,False,0,1,1,0,2,2,0,0,0,0,1
baseline,S_0018729,2,2,2,1,1,0,0.5,0.5,0.0,2,0.6309297535714574,False,True,False,False,False,0,1,1,0,2,2,0,0,0,0,1
baseline,S_0018745,1,1,1,0,0,1,0.0,0.0,1.0,1,-0.0,False,False,False,False,False,0,0,1,0,1,0,0,0,0,1,1
baseline,S_0018746,3,2,3,0,1,1,0.0,0.5,0.5,2,0.6309297535714574,False,True,False,False,False,0,0,1,1,2,0,1,0,0,1,2
baseline,S_0018749,3,2,3,0,1,1,0.0,0.5,0.5,2,0.6309297535714574,False,True,False,False,False,0,0,1,1,2,0,1,0,0,1,2
baseline,S_0018750,3,3,2,1,1,1,0.3333333333333333,0.3333333333333333,0.3333333333333333,3,0.9999999999999998,False,True,True,False,False,0,0,1,2,2,1,0,0,1,1,3
baseline,S_0018751,2,2,1,0,1,1,0.0,0.5,0.5,2,0.6309297535714574,False,True,False,False,False,0,0,2,0,1,1,0,0,0,1,2
baseline,S_0018818,1,1,1,1,0,0,1.0,0.0,0.0,1,-0.0,False,False,False,False,False,0,0,0,1,1,0,0,0,0,1,1
baseline,S_0018819,1,1,1,1,0,0,1.0,0.0,0.0,1,-0.0,False,False,False,False,False,0,0,0,1,1,0,0,0,0,1,1
baseline,S_0018824,1,1,1,0,1,0,0.0,1.0,0.0,1,-0.0,False,False,False,False,False,0,0,0,1,1,1,0,0,0,0,1
baseline,S_0018825,1,1,1,0,1,0,0.0,1.0,0.0,1,-0.0,False,False,False,False,False,0,0,1,0,1,0,1,0,0,0,1
baseline,S_0018826,2,2,2,0,2,0,0.0,1.0,0.0,1,-0.0,False,True,False,False,False,0,0,1,1,2,1,1,0,0,0,2
baseline,S_0018835,2,2,2,1,1,0,0.5,0.5,0.0,2,0.6309297535714574,False,True,False,False,False,0,0,0,2,1,0,0,0,1,1,2
baseline,S_0018840,2,2,2,0,1,1,0.0,0.5,0.5,2,0.6309297535714574,False,True,False,False,False,0,1,1,0,2,1,0,0,1,0,2
baseline,S_0018841,1,1,1,0,1,0,0.0,1.0,0.0,1,-0.0,False,False,False,False,False,0,1,0,0,1,0,0,0,1,0,1
baseline,S_0018842,1,1,1,0,0,1,0.0,0.0,1.0,1,-0.0,False,False,False,False,False,0,0,1,0,1,1,0,0,0,0,1
baseline,S_0018927,1,1,1,0,0,1,0.0,0.0,1.0,1,-0.0,False,False,False,False,False,0,0,1,0,1,1,0,0,0,0,1
baseline,S_0018929,1,1,1,0,1,0,0.0,1.0,0.0,1,-0.0,False,False,False,False,False,0,1,0,0,1,0,0,0,1,0,1
baseline,S_0018930,1,1,1,0,1,0,0.0,1.0,0.0,1,-0.0,False,False,False,False,False,0,1,0,0,1,0,0,0,1,0,1
baseline,S_0018932,1,1,1,0,1,0,0.0,1.0,0.0,1,-0.0,False,False,False,False,False,0,1,0,0,1,0,0,0,1,0,1
baseline,S_0018933,1,1,1,0,1,0,0.0,1.0,0.0,1,-0.0,False,False,False,False,False,0,1,0,0,1,0,0,0,1,0,1
baseline,S_0018934,1,1,1,0,1,0,0.0,1.0,0.0,1,-0.0,False,False,False,False,False,0,1,0,0,1,0,0,0,1,0,1
baseline,S_0018936,1,1,1,0,1,0,0.0,1.0,0.0,1,-0.0,False,False,False,False,False,0,1,0,0,1,0,0,0,1,0,1
baseline,S_0018937,1,1,1,0,1,0,0.0,1.0,0.0,1,-0.0,False,False,False,False,False,0,1,0,0,1,0,0,0,1,0,1
baseline,S_0018938,1,1,1,0,1,0,0.0,1.0,0.0,1,-0.0,False,False,False,False,False,0,1,0,0,1,0,0,0,1,0,1
baseline,S_0018941,1,1,1,0,1,0,0.0,1.0,0.0,1,-0.0,False,False,False,False,False,0,1,0,0,1,0,0,0,1,0,1
baseline,S_0018942,1,1,1,0,1,0,0.0,1.0,0.0,1,-0.0,False,False,False,False,False,0,1,0,0,1,0,0,0,1,0,1
baseline,S_0018944,1,1,1,0,1,0,0.0,1.0,0.0,1,-0.0,False,False,False,False,False,0,1,0,0,1,0,0,0,1,0,1
baseline,S_0018951,1,1,1,0,1,0,0.0,1.0,0.0,1,-0.0,False,False,False,False,False,0,0,1,0,1,0,0,0,0,1,1
baseline,S_0018952,1,1,1,0,1,0,0.0,1.0,0.0,1,-0.0,False,False,False,False,False,0,0,1,0,1,0,0,0,0,1,1
baseline,S_0018953,1,1,1,0,1,0,0.0,1.0,0.0,1,-0.0,False,False,False,False,False,0,0,1,0,1,0,0,0,0,1,1
baseline,S_0018954,1,1,1,0,1,0,0.0,1.0,0.0,1,-0.0,False,False,False,False,False,0,0,1,0,1,0,0,0,0,1,1
baseline,S_0018958,1,1,1,0,1,0,0.0,1.0,0.0,1,-0.0,False,False,False,False,False,0,0,1,0,1,0,0,0,0,1,1
baseline,S_0018959,1,1,1,0,1,0,0.0,1.0,0.0,1,-0.0,False,False,False,False,False,0,0,1,0,1,0,0,0,0,1,1
baseline,S_0018963,1,1,1,0,1,0,0.0,1.0,0.0,1,-0.0,False,False,False,False,False,0,0,1,0,1,0,0,0,0,1,1
baseline,S_0018964,1,1,1,0,1,0,0.0,1.0,0.0,1,-0.0,False,False,False,False,False,0,0,1,0,1,0,0,0,0,1,1
baseline,S_0018965,1,1,1,0,1,0,0.0,1.0,0.0,1,-0.0,False,False,False,False,False,0,0,1,0,1,0,0,0,0,1,1
baseline,S_0018966,1,1,1,0,1,0,0.0,1.0,0.0,1,-0.0,False,False,False,False,False,0,0,1,0,1,0,0,0,0,1,1
baseline,S_0018971,1,1,1,0,1,0,0.0,1.0,0.0,1,-0.0,False,False,False,False,False,0,0,1,0,1,0,0,0,0,1,1
baseline,S_0018972,1,1,1,0,1,0,0.0,1.0,0.0,1,-0.0,False,False,False,False,False,0,0,1,0,1,0,0,0,0,1,1
baseline,S_0018973,1,1,1,0,1,0,0.0,1.0,0.0,1,-0.0,False,False,False,False,False,0,0,1,0,1,0,0,0,0,1,1
baseline,S_0018976,1,1,1,0,1,0,0.0,1.0,0.0,1,-0.0,False,False,False,False,False,0,0,1,0,1,0,0,0,0,1,1
baseline,S_0018980,1,1,1,0,1,0,0.0,1.0,0.0,1,-0.0,False,False,False,False,False,0,0,1,0,1,0,0,0,0,1,1
baseline,S_0018982,1,1,1,0,1,0,0.0,1.0,0.0,1,-0.0,False,False,False,False,False,0,0,1,0,1,0,0,0,0,1,1
baseline,S_0018984,1,1,1,0,1,0,0.0,1.0,0.0,1,-0.0,False,False,False,False,False,0,0,1,0,1,0,0,0,0,1,1
baseline,S_0018985,1,1,1,0,1,0,0.0,1.0,0.0,1,-0.0,False,False,False,False,False,0,0,1,0,1,0,0,0,0,1,1
baseline,S_0018987,1,1,1,0,1,0,0.0,1.0,0.0,1,-0.0,False,False,False,False,False,0,0,1,0,1,0,0,0,0,1,1
baseline,S_0018988,1,1,1,0,1,0,0.0,1.0,0.0,1,-0.0,False,False,False,False,False,0,0,1,0,1,0,0,0,0,1,1
baseline,S_0018995,2,2,2,1,1,0,0.5,0.5,0.0,2,0.6309297535714574,False,True,False,False,False,0,0,1,1,2,0,0,0,0,2,1
baseline,S_0018997,1,1,1,0,1,0,0.0,1.0,0.0,1,-0.0,False,False,False,False,False,0,0,1,0,1,0,0,0,0,1,1
baseline,S_0019021,1,1,1,0,1,0,0.0,1.0,0.0,1,-0.0,False,False,False,False,False,0,0,1,0,1,0,0,0,0,1,1
baseline,S_0019022,1,1,1,1,0,0,1.0,0.0,0.0,1,-0.0,False,False,False,False,False,0,0,0,1,1,0,0,0,0,1,1
baseline,S_0019071,2,2,1,0,2,0,0.0,1.0,0.0,1,-0.0,False,True,False,False,False,0,0,2,0,1,0,0,0,0,2,1
baseline,S_0019072,2,2,1,0,2,0,0.0,1.0,0.0,1,-0.0,False,True,False,False,False,0,0,2,0,1,0,0,0,0,2,1
baseline,S_0019074,4,4,3,2,2,0,0.5,0.5,0.0,2,0.6309297535714574,False,True,True,False,False,0,0,2,2,2,1,0,0,1,2,3
baseline,S_0019075,1,1,1,0,1,0,0.0,1.0,0.0,1,-0.0,False,False,False,False,False,0,0,1,0,1,0,0,0,0,1,1
baseline,S_0019076,1,1,1,0,1,0,0.0,1.0,0.0,1,-0.0,False,False,False,False,False,0,0,1,0,1,0,0,0,0,1,1
baseline,S_0019077,1,1,1,0,1,0,0.0,1.0,0.0,1,-0.0,False,False,False,False,False,0,0,1,0,1,0,0,0,0,1,1
baseline,S_0019079,1,1,1,0,1,0,0.0,1.0,0.0,1,-0.0,False,False,False,False,False,0,0,1,0,1,0,0,0,0,1,1
baseline,S_0019080,1,1,1,1,0,0,1.0,0.0,0.0,1,-0.0,False,False,False,False,False,0,0,1,0,1,0,1,0,0,0,1
baseline,S_0019082,4,4,3,3,1,0,0.75,0.25,0.0,2,0.5118595071429147,False,True,True,False,False,0,0,2,2,2,1,1,0,1,1,4
baseline,S_0019083,3,3,3,2,1,0,0.6666666666666666,0.3333333333333333,0.0,2,0.5793801642856949,False,True,True,False,False,0,0,1,2,2,1,0,0,1,1,3
baseline,S_0019085,2,2,1,1,1,0,0.5,0.5,0.0,2,0.6309297535714574,False,True,False,False,False,0,0,2,0,1,0,1,0,0,1,2
baseline,S_0019086,2,2,1,1,1,0,0.5,0.5,0.0,2,0.6309297535714574,False,True,False,False,False,0,0,2,0,1,0,1,0,0,1,2
baseline,S_0019087,2,2,1,1,1,0,0.5,0.5,0.0,2,0.6309297535714574,False,True,False,False,False,0,0,2,0,1,0,1,0,0,1,2
baseline,S_0019089,2,2,1,1,1,0,0.5,0.5,0.0,2,0.6309297535714574,False,True,False,False,False,0,0,2,0,1,0,1,0,0,1,2
baseline,S_0019090,2,2,2,2,0,0,1.0,0.0,0.0,1,-0.0,False,True,False,False,False,0,0,0,2,1,1,0,0,1,0,2
baseline,S_0019091,4,4,3,3,1,0,0.75,0.25,0.0,2,0.5118595071429147,False,True,True,False,False,0,0,2,2,2,1,1,0,1,1,4
baseline,S_0019092,4,4,3,3,1,0,0.75,0.25,0.0,2,0.5118595071429147,False,True,True,False,False,0,0,2,2,2,1,1,0,1,1,4
baseline,S_0019093,3,3,2,2,1,0,0.6666666666666666,0.3333333333333333,0.0,2,0.5793801642856949,False,True,True,False,False,0,0,2,1,2,0,1,0,1,1,3
baseline,S_0019094,1,1,1,1,0,0,1.0,0.0,0.0,1,-0.0,False,False,False,False,False,0,0,0,1,1,1,0,0,0,0,1
baseline,S_0019095,2,2,1,1,1,0,0.5,0.5,0.0,2,0.6309297535714574,False,True,False,False,False,0,0,2,0,1,0,1,0,0,1,2
baseline,S_0019096,1,1,1,1,0,0,1.0,0.0,0.0,1,-0.0,False,False,False,False,False,0,0,0,1,1,1,0,0,0,0,1
baseline,S_0019098,3,2,3,2,0,0,1.0,0.0,0.0,1,-0.0,False,True,False,False,False,0,0,1,1,2,0,1,0,1,0,2
baseline,S_0019099,2,2,2,2,0,0,1.0,0.0,0.0,1,-0.0,False,True,False,False,False,0,0,1,1,2,0,1,0,1,0,2
baseline,S_0019104,2,2,1,1,1,0,0.5,0.5,0.0,2,0.6309297535714574,False,True,False,False,False,0,0,2,0,1,0,1,0,0,1,2
baseline,S_0019105,2,2,1,1,1,0,0.5,0.5,0.0,2,0.6309297535714574,False,True,False,False,False,0,0,2,0,1,0,1,0,0,1,2
baseline,S_0019107,2,2,1,1,1,0,0.5,0.5,0.0,2,0.6309297535714574,False,True,False,False,False,0,0,2,0,1,0,1,0,0,1,2
baseline,S_0019109,2,2,1,1,1,0,0.5,0.5,0.0,2,0.6309297535714574,False,True,False,False,False,0,0,2,0,1,0,1,0,0,1,2
baseline,S_0019110,2,2,2,2,0,0,1.0,0.0,0.0,1,-0.0,False,True,False,False,False,0,0,1,1,2,0,1,0,1,0,2
baseline,S_0019112,2,2,2,2,0,0,1.0,0.0,0.0,1,-0.0,False,True,False,False,False,0,0,1,1,2,0,1,0,1,0,2
baseline,S_0019113,3,2,3,2,0,0,1.0,0.0,0.0,1,-0.0,False,True,False,False,False,0,0,1,1,2,0,1,0,1,0,2
baseline,S_0019114,2,2,2,2,0,0,1.0,0.0,0.0,1,-0.0,False,True,False,False,False,0,0,1,1,2,0,1,0,1,0,2
baseline,S_0019115,1,1,1,1,0,0,1.0,0.0,0.0,1,-0.0,False,False,False,False,False,0,0,0,1,1,0,0,0,1,0,1
baseline,S_0019125,2,1,2,1,0,0,1.0,0.0,0.0,1,-0.0,False,False,False,False,False,0,0,0,1,1,0,0,0,1,0,1
baseline,S_0019209,1,1,1,0,1,0,0.0,1.0,0.0,1,-0.0,False,False,False,False,False,0,1,0,0,1,0,0,0,1,0,1
baseline,S_0019216,1,1,1,1,0,0,1.0,0.0,0.0,1,-0.0,False,False,False,False,False,0,0,1,0,1,1,0,0,0,0,1
baseline,S_0019217,1,1,1,0,1,0,0.0,1.0,0.0,1,-0.0,False,False,False,False,False,0,0,0,1,1,1,0,0,0,0,1
baseline,S_0019218,1,1,1,0,1,0,0.0,1.0,0.0,1,-0.0,False,False,False,False,False,0,0,0,1,1,1,0,0,0,0,1
baseline,S_0019219,1,1,1,1,0,0,1.0,0.0,0.0,1,-0.0,False,False,False,False,False,0,0,1,0,1,1,0,0,0,0,1
baseline,S_0019229,1,1,1,0,1,0,0.0,1.0,0.0,1,-0.0,False,False,False,False,False,0,0,1,0,1,0,1,0,0,0,1
baseline,S_0019230,1,1,1,0,1,0,0.0,1.0,0.0,1,-0.0,False,False,False,False,False,0,0,1,0,1,0,1,0,0,0,1
baseline,S_0019232,2,1,2,0,1,0,0.0,1.0,0.0,1,-0.0,False,False,False,False,False,0,0,0,1,1,0,1,0,0,0,1
baseline,S_0019233,1,1,1,0,1,0,0.0,1.0,0.0,1,-0.0,False,False,False,False,False,0,0,0,1,1,0,1,0,0,0,1
baseline,S_0019268,2,2,1,0,2,0,0.0,1.0,0.0,1,-0.0,False,True,False,False,False,0,0,2,0,1,1,0,0,1,0,2
baseline,S_0019270,1,1,1,0,1,0,0.0,1.0,0.0,1,-0.0,False,False,False,False,False,0,0,1,0,1,0,1,0,0,0,1
baseline,S_0019271,3,3,1,0,3,0,0.0,1.0,0.0,1,-0.0,False,True,True,False,False,0,0,3,0,1,1,1,0,1,0,3
baseline,S_0019302,1,1,1,0,1,0,0.0,1.0,0.0,1,-0.0,False,False,False,False,False,0,1,0,0,1,1,0,0,0,0,1
baseline,S_0019304,1,1,1,0,1,0,0.0,1.0,0.0,1,-0.0,False,False,False,False,False,0,1,0,0,1,1,0,0,0,0,1
baseline,S_0019314,1,1,1,0,1,0,0.0,1.0,0.0,1,-0.0,False,False,False,False,False,0,0,0,1,1,0,1,0,0,0,1
baseline,S_0019331,1,1,1,0,0,1,0.0,0.0,1.0,1,-0.0,False,False,False,False,False,0,0,1,0,1,0,0,0,1,0,1
baseline,S_0019333,1,1,1,0,0,1,0.0,0.0,1.0,1,-0.0,False,False,False,False,False,0,0,1,0,1,0,0,0,1,0,1
baseline,S_0019336,3,3,2,0,2,1,0.0,0.6666666666666666,0.3333333333333333,2,0.5793801642856949,False,True,True,False,False,0,0,2,1,2,0,1,0,2,0,2
baseline,S_0019338,3,3,2,0,2,1,0.0,0.6666666666666666,0.3333333333333333,2,0.5793801642856949,False,True,True,False,False,0,0,2,1,2,0,1,0,2,0,2
baseline,S_0019343,1,1,1,0,0,1,0.0,0.0,1.0,1,-0.0,False,False,False,False,False,0,0,1,0,1,0,0,0,1,0,1
baseline,S_0019344,2,2,1,0,2,0,0.0,1.0,0.0,1,-0.0,False,True,False,False,False,0,0,2,0,1,0,1,0,1,0,2
baseline,S_0019346,2,2,1,0,2,0,0.0,1.0,0.0,1,-0.0,False,True,False,False,False,0,0,2,0,1,0,1,0,1,0,2
baseline,S_0019349,2,2,1,0,2,0,0.0,1.0,0.0,1,-0.0,False,True,False,False,False,0,0,2,0,1,0,1,0,1,0,2
baseline,S_0019350,2,2,1,0,2,0,0.0,1.0,0.0,1,-0.0,False,True,False,False,False,0,0,2,0,1,0,1,0,1,0,2
baseline,S_0019354,2,2,1,0,2,0,0.0,1.0,0.0,1,-0.0,False,True,False,False,False,0,0,2,0,1,0,1,0,1,0,2
baseline,S_0019355,2,2,1,0,2,0,0.0,1.0,0.0,1,-0.0,False,True,False,False,False,0,0,2,0,1,0,1,0,1,0,2
baseline,S_0019366,1,1,1,0,0,1,0.0,0.0,1.0,1,-0.0,False,False,False,False,False,0,0,0,1,1,0,0,0,1,0,1
baseline,S_0019367,2,2,1,0,2,0,0.0,1.0,0.0,1,-0.0,False,True,False,False,False,0,0,2,0,1,0,1,0,1,0,2
baseline,S_0019368,1,1,1,0,1,0,0.0,1.0,0.0,1,-0.0,False,False,False,False,False,0,0,1,0,1,0,0,1,0,0,1
baseline,S_0019370,1,1,1,0,1,0,0.0,1.0,0.0,1,-0.0,False,False,False,False,False,0,0,1,0,1,0,0,1,0,0,1
baseline,S_0019379,1,1,1,1,0,0,1.0,0.0,0.0,1,-0.0,False,False,False,False,False,0,0,0,1,1,1,0,0,0,0,1
baseline,S_0019380,1,1,1,1,0,0,1.0,0.0,0.0,1,-0.0,False,False,False,False,False,0,0,0,1,1,1,0,0,0,0,1
baseline,S_0019399,1,1,1,1,0,0,1.0,0.0,0.0,1,-0.0,False,False,False,False,False,0,0,0,1,1,1,0,0,0,0,1
baseline,S_0019400,1,1,1,0,1,0,0.0,1.0,0.0,1,-0.0,False,False,False,False,False,0,1,0,0,1,0,0,0,1,0,1
baseline,S_0019401,1,1,1,0,1,0,0.0,1.0,0.0,1,-0.0,False,False,False,False,False,0,1,0,0,1,0,0,0,1,0,1
baseline,S_0019403,1,1,1,0,1,0,0.0,1.0,0.0,1,-0.0,False,False,False,False,False,0,1,0,0,1,0,0,0,1,0,1
baseline,S_0019404,1,1,1,0,1,0,0.0,1.0,0.0,1,-0.0,False,False,False,False,False,0,1,0,0,1,0,0,0,1,0,1
baseline,S_0019452,1,1,1,0,0,1,0.0,0.0,1.0,1,-0.0,False,False,False,False,False,1,0,0,0,1,1,0,0,0,0,1
baseline,S_0019454,1,1,1,0,0,1,0.0,0.0,1.0,1,-0.0,False,False,False,False,False,1,0,0,0,1,1,0,0,0,0,1
baseline,S_0019457,1,1,1,0,0,1,0.0,0.0,1.0,1,-0.0,False,False,False,False,False,1,0,0,0,1,1,0,0,0,0,1
baseline,S_0019458,1,1,1,0,0,1,0.0,0.0,1.0,1,-0.0,False,False,False,False,False,1,0,0,0,1,1,0,0,0,0,1
baseline,S_0019460,1,1,1,0,0,1,0.0,0.0,1.0,1,-0.0,False,False,False,False,False,1,0,0,0,1,1,0,0,0,0,1
baseline,S_0019461,1,1,1,0,0,1,0.0,0.0,1.0,1,-0.0,False,False,False,False,False,1,0,0,0,1,1,0,0,0,0,1
baseline,S_0019464,1,1,1,0,0,1,0.0,0.0,1.0,1,-0.0,False,False,False,False,False,1,0,0,0,1,1,0,0,0,0,1
baseline,S_0019488,2,2,1,0,2,0,0.0,1.0,0.0,1,-0.0,False,True,False,False,False,0,0,2,0,1,0,1,0,1,0,2
baseline,S_0019490,2,2,1,0,2,0,0.0,1.0,0.0,1,-0.0,False,True,False,False,False,0,0,2,0,1,0,1,0,1,0,2
baseline,S_0019496,1,1,1,0,0,1,0.0,0.0,1.0,1,-0.0,False,False,False,False,False,1,0,0,0,1,1,0,0,0,0,1
baseline,S_0019498,1,1,1,0,0,1,0.0,0.0,1.0,1,-0.0,False,False,False,False,False,1,0,0,0,1,1,0,0,0,0,1
baseline,S_0019502,1,1,1,0,1,0,0.0,1.0,0.0,1,-0.0,False,False,False,False,False,0,1,0,0,1,0,0,1,0,0,1
baseline,S_0019503,1,1,1,0,1,0,0.0,1.0,0.0,1,-0.0,False,False,False,False,False,0,1,0,0,1,0,0,1,0,0,1
baseline,S_0019507,3,3,2,1,1,1,0.3333333333333333,0.3333333333333333,0.3333333333333333,3,0.9999999999999998,False,True,True,False,False,0,0,0,3,1,0,2,0,1,0,2
baseline,S_0019536,2,2,1,0,2,0,0.0,1.0,0.0,1,-0.0,False,True,False,False,False,0,0,2,0,1,0,1,0,1,0,2
baseline,S_0019537,2,2,1,0,2,0,0.0,1.0,0.0,1,-0.0,False,True,False,False,False,0,0,2,0,1,0,1,0,1,0,2
baseline,S_0019539,2,2,1,0,2,0,0.0,1.0,0.0,1,-0.0,False,True,False,False,False,0,0,2,0,1,0,1,0,1,0,2
baseline,S_0019540,2,2,1,0,2,0,0.0,1.0,0.0,1,-0.0,False,True,False,False,False,0,0,2,0,1,0,1,0,1,0,2
baseline,S_0019547,2,2,1,0,2,0,0.0,1.0,0.0,1,-0.0,False,True,False,False,False,0,0,2,0,1,0,1,0,1,0,2
baseline,S_0019548,2,2,1,0,2,0,0.0,1.0,0.0,1,-0.0,False,True,False,False,False,0,0,2,0,1,0,1,0,1,0,2
baseline,S_0019550,2,2,1,0,2,0,0.0,1.0,0.0,1,-0.0,False,True,False,False,False,0,0,2,0,1,0,1,0,1,0,2
baseline,S_0019551,2,2,1,0,2,0,0.0,1.0,0.0,1,-0.0,False,True,False,False,False,0,0,2,0,1,0,1,0,1,0,2
baseline,S_0019554,2,2,1,0,2,0,0.0,1.0,0.0,1,-0.0,False,True,False,False,False,0,0,2,0,1,0,1,0,1,0,2
baseline,S_0019556,2,2,1,0,2,0,0.0,1.0,0.0,1,-0.0,False,True,False,False,False,0,0,2,0,1,0,1,0,1,0,2
baseline,S_0019558,2,2,1,0,2,0,0.0,1.0,0.0,1,-0.0,False,True,False,False,False,0,0,2,0,1,0,1,0,1,0,2
baseline,S_0019561,1,1,1,0,1,0,0.0,1.0,0.0,1,-0.0,False,False,False,False,False,0,0,0,1,1,0,1,0,0,0,1
baseline,S_0019565,3,3,3,0,2,1,0.0,0.6666666666666666,0.3333333333333333,2,0.5793801642856949,False,True,True,False,False,0,1,1,1,3,0,0,1,2,0,2
baseline,S_0019566,2,2,2,0,1,1,0.0,0.5,0.5,2,0.6309297535714574,False,True,False,False,False,0,0,1,1,2,0,0,1,1,0,2
baseline,S_0019567,4,4,2,1,3,0,0.25,0.75,0.0,2,0.5118595071429147,False,True,True,False,False,0,1,3,0,2,2,0,0,1,1,3
baseline,S_0019568,3,3,1,1,2,0,0.3333333333333333,0.6666666666666666,0.0,2,0.5793801642856949,False,True,True,False,False,0,0,3,0,1,2,0,0,0,1,2
baseline,S_0019570,1,1,1,0,1,0,0.0,1.0,0.0,1,-0.0,False,False,False,False,False,0,1,0,0,1,0,0,0,1,0,1
baseline,S_0019571,1,1,1,0,1,0,0.0,1.0,0.0,1,-0.0,False,False,False,False,False,0,1,0,0,1,0,0,0,1,0,1
baseline,S_0019573,2,2,1,1,1,0,0.5,0.5,0.0,2,0.6309297535714574,False,True,False,False,False,0,0,2,0,1,1,0,0,0,1,2
baseline,S_0019574,2,2,1,1,1,0,0.5,0.5,0.0,2,0.6309297535714574,False,True,False,False,False,0,0,2,0,1,1,0,0,0,1,2
baseline,S_0019577,2,2,1,1,1,0,0.5,0.5,0.0,2,0.6309297535714574,False,True,False,False,False,0,0,2,0,1,1,0,0,0,1,2
baseline,S_0019585,1,1,1,0,1,0,0.0,1.0,0.0,1,-0.0,False,False,False,False,False,0,0,1,0,1,1,0,0,0,0,1
baseline,S_0019587,1,1,1,0,1,0,0.0,1.0,0.0,1,-0.0,False,False,False,False,False,0,0,1,0,1,1,0,0,0,0,1
baseline,S_0019590,2,2,1,1,1,0,0.5,0.5,0.0,2,0.6309297535714574,False,True,False,False,False,0,0,2,0,1,1,0,0,0,1,2
baseline,S_0019591,2,2,1,1,1,0,0.5,0.5,0.0,2,0.6309297535714574,False,True,False,False,False,0,0,2,0,1,1,0,0,0,1,2
baseline,S_0019592,1,1,1,0,1,0,0.0,1.0,0.0,1,-0.0,False,False,False,False,False,0,0,1,0,1,1,0,0,0,0,1
baseline,S_0019593,3,3,1,1,2,0,0.3333333333333333,0.6666666666666666,0.0,2,0.5793801642856949,False,True,True,False,False,0,0,3,0,1,2,0,0,0,1,2
baseline,S_0019594,1,1,1,1,0,0,1.0,0.0,0.0,1,-0.0,False,False,False,False,False,0,0,0,1,1,0,0,0,0,1,1
baseline,S_0019595,4,3,4,1,1,1,0.3333333333333333,0.3333333333333333,0.3333333333333333,3,0.9999999999999998,False,True,True,False,False,0,0,0,3,1,2,0,0,0,1,2
baseline,S_0019598,3,3,3,1,1,1,0.3333333333333333,0.3333333333333333,0.3333333333333333,3,0.9999999999999998,False,True,True,False,False,0,0,0,3,1,2,0,0,0,1,2
baseline,S_0019599,3,3,3,1,1,1,0.3333333333333333,0.3333333333333333,0.3333333333333333,3,0.9999999999999998,False,True,True,False,False,0,0,0,3,1,2,0,0,0,1,2
baseline,S_0019601,6,4,4,1,1,2,0.25,0.25,0.5,3,0.946394630357186,False,True,True,False,False,0,0,0,4,1,2,0,0,1,1,3
baseline,S_0019602,4,4,3,1,1,2,0.25,0.25,0.5,3,0.946394630357186,False,True,True,False,False,0,0,0,4,1,2,0,0,1,1,3
baseline,S_0019604,2,2,2,0,1,1,0.0,0.5,0.5,2,0.6309297535714574,False,True,False,False,False,0,0,0,2,1,2,0,0,0,0,1
baseline,S_0019609,3,3,1,1,2,0,0.3333333333333333,0.6666666666666666,0.0,2,0.5793801642856949,False,True,True,False,False,0,0,3,0,1,2,0,0,0,1,2
baseline,S_0019612,3,3,1,1,2,0,0.3333333333333333,0.6666666666666666,0.0,2,0.5793801642856949,False,True,True,False,False,0,0,3,0,1,2,0,0,0,1,2
baseline,S_0019613,3,3,1,1,2,0,0.3333333333333333,0.6666666666666666,0.0,2,0.5793801642856949,False,True,True,False,False,0,0,3,0,1,2,0,0,0,1,2
baseline,S_0019615,1,1,1,0,1,0,0.0,1.0,0.0,1,-0.0,False,False,False,False,False,0,0,1,0,1,1,0,0,0,0,1
baseline,S_0019617,2,2,1,1,1,0,0.5,0.5,0.0,2,0.6309297535714574,False,True,False,False,False,0,0,2,0,1,1,0,0,0,1,2
baseline,S_0019626,5,5,4,1,2,2,0.2,0.4,0.4,3,0.9602297178607612,True,True,True,True,False,0,0,1,4,2,3,0,0,1,1,3
baseline,S_0019627,2,2,1,1,0,1,0.5,0.0,0.5,2,0.6309297535714574,False,True,False,False,False,0,0,0,2,1,0,0,0,1,1,2
baseline,S_0019628,1,1,1,0,1,0,0.0,1.0,0.0,1,-0.0,False,False,False,False,False,0,0,1,0,1,1,0,0,0,0,1
baseline,S_0019629,1,1,1,0,1,0,0.0,1.0,0.0,1,-0.0,False,False,False,False,False,0,0,1,0,1,0,0,1,0,0,1
baseline,S_0019631,1,1,1,0,1,0,0.0,1.0,0.0,1,-0.0,False,False,False,False,False,0,0,1,0,1,0,0,1,0,0,1
baseline,S_0019633,1,1,1,0,1,0,0.0,1.0,0.0,1,-0.0,False,False,False,False,False,0,0,1,0,1,0,0,1,0,0,1
baseline,S_0019634,1,1,1,0,1,0,0.0,1.0,0.0,1,-0.0,False,False,False,False,False,0,0,1,0,1,0,0,1,0,0,1
baseline,S_0019635,1,1,1,0,1,0,0.0,1.0,0.0,1,-0.0,False,False,False,False,False,0,0,1,0,1,0,0,1,0,0,1
baseline,S_0019638,1,1,1,0,1,0,0.0,1.0,0.0,1,-0.0,False,False,False,False,False,0,0,1,0,1,0,0,1,0,0,1
baseline,S_0019643,1,1,1,0,1,0,0.0,1.0,0.0,1,-0.0,False,False,False,False,False,0,0,1,0,1,1,0,0,0,0,1
baseline,S_0019644,2,1,2,0,1,0,0.0,1.0,0.0,1,-0.0,False,False,False,False,False,0,0,1,0,1,1,0,0,0,0,1
baseline,S_0019653,4,4,3,1,1,2,0.25,0.25,0.5,3,0.946394630357186,False,True,True,False,False,0,0,0,4,1,2,0,0,1,1,3
baseline,S_0019654,4,4,3,1,1,2,0.25,0.25,0.5,3,0.946394630357186,False,True,True,False,False,0,0,0,4,1,2,0,0,1,1,3
baseline,S_0019656,2,2,1,1,1,0,0.5,0.5,0.0,2,0.6309297535714574,False,True,False,False,False,0,0,2,0,1,1,0,0,0,1,2
baseline,S_0019659,2,2,1,1,1,0,0.5,0.5,0.0,2,0.6309297535714574,False,True,False,False,False,0,0,2,0,1,1,0,0,0,1,2
baseline,S_0019662,1,1,1,0,1,0,0.0,1.0,0.0,1,-0.0,False,False,False,False,False,0,0,0,1,1,0,0,0,1,0,1
baseline,S_0019668,4,4,3,1,1,2,0.25,0.25,0.5,3,0.946394630357186,False,True,True,False,False,0,0,0,4,1,2,0,0,1,1,3
baseline,S_0019669,6,4,4,1,1,2,0.25,0.25,0.5,3,0.946394630357186,False,True,True,False,False,0,0,0,4,1,2,0,0,1,1,3
baseline,S_0019670,6,4,4,1,1,2,0.25,0.25,0.5,3,0.946394630357186,False,True,True,False,False,0,0,0,4,1,2,0,0,1,1,3
baseline,S_0019676,1,1,1,0,0,1,0.0,0.0,1.0,1,-0.0,False,False,False,False,False,0,0,0,1,1,1,0,0,0,0,1
baseline,S_0019677,1,1,1,0,0,1,0.0,0.0,1.0,1,-0.0,False,False,False,False,False,0,0,0,1,1,1,0,0,0,0,1
baseline,S_0019679,1,1,1,0,1,0,0.0,1.0,0.0,1,-0.0,False,False,False,False,False,0,0,1,0,1,0,0,0,0,1,1
baseline,S_0019680,1,1,1,0,1,0,0.0,1.0,0.0,1,-0.0,False,False,False,False,False,0,0,1,0,1,0,0,0,0,1,1
baseline,S_0019686,1,1,1,0,0,1,0.0,0.0,1.0,1,-0.0,False,False,False,False,False,0,0,0,1,1,1,0,0,0,0,1
baseline,S_0019697,1,1,1,0,1,0,0.0,1.0,0.0,1,-0.0,False,False,False,False,False,0,0,1,0,1,1,0,0,0,0,1
baseline,S_0019698,1,1,1,0,1,0,0.0,1.0,0.0,1,-0.0,False,False,False,False,False,0,0,1,0,1,1,0,0,0,0,1
baseline,S_0019701,1,1,1,0,1,0,0.0,1.0,0.0,1,-0.0,False,False,False,False,False,0,0,1,0,1,1,0,0,0,0,1
baseline,S_0019709,1,1,1,0,1,0,0.0,1.0,0.0,1,-0.0,False,False,False,False,False,0,0,1,0,1,1,0,0,0,0,1
baseline,S_0019711,1,1,1,0,0,1,0.0,0.0,1.0,1,-0.0,False,False,False,False,False,0,0,1,0,1,1,0,0,0,0,1
baseline,S_0019712,1,1,1,0,0,1,0.0,0.0,1.0,1,-0.0,False,False,False,False,False,0,0,1,0,1,1,0,0,0,0,1
baseline,S_0019721,1,1,1,0,1,0,0.0,1.0,0.0,1,-0.0,False,False,False,False,False,0,1,0,0,1,1,0,0,0,0,1
baseline,S_0019776,2,2,2,0,2,0,0.0,1.0,0.0,1,-0.0,False,True,False,False,False,0,1,1,0,2,1,0,0,0,1,2
baseline,S_0019777,2,2,2,0,2,0,0.0,1.0,0.0,1,-0.0,False,True,False,False,False,0,1,1,0,2,1,0,0,0,1,2
baseline,S_0019778,1,1,1,0,1,0,0.0,1.0,0.0,1,-0.0,False,False,False,False,False,0,0,1,0,1,0,0,1,0,0,1
baseline,S_0019779,1,1,1,0,1,0,0.0,1.0,0.0,1,-0.0,False,False,False,False,False,0,0,1,0,1,0,0,1,0,0,1
baseline,S_0019781,1,1,1,1,0,0,1.0,0.0,0.0,1,-0.0,False,False,False,False,False,0,1,0,0,1,0,0,1,0,0,1
baseline,S_0019783,5,3,3,2,1,0,0.6666666666666666,0.3333333333333333,0.0,2,0.5793801642856949,False,True,True,False,False,0,1,0,2,2,0,1,1,1,0,3
baseline,S_0019787,1,1,1,0,1,0,0.0,1.0,0.0,1,-0.0,False,False,False,False,False,0,0,1,0,1,1,0,0,0,0,1
baseline,S_0019789,1,1,1,0,1,0,0.0,1.0,0.0,1,-0.0,False,False,False,False,False,0,0,1,0,1,1,0,0,0,0,1
baseline,S_0019793,1,1,1,0,1,0,0.0,1.0,0.0,1,-0.0,False,False,False,False,False,0,0,1,0,1,1,0,0,0,0,1
baseline,S_0019801,2,2,1,1,1,0,0.5,0.5,0.0,2,0.6309297535714574,False,True,False,False,False,0,0,2,0,1,1,0,1,0,0,2
baseline,S_0019803,2,2,1,1,1,0,0.5,0.5,0.0,2,0.6309297535714574,False,True,False,False,False,0,0,2,0,1,1,0,1,0,0,2
baseline,S_0019805,2,2,1,1,1,0,0.5,0.5,0.0,2,0.6309297535714574,False,True,False,False,False,0,0,2,0,1,1,0,1,0,0,2
baseline,S_0019806,2,2,1,1,1,0,0.5,0.5,0.0,2,0.6309297535714574,False,True,False,False,False,0,0,2,0,1,1,0,1,0,0,2
baseline,S_0019807,2,2,1,1,1,0,0.5,0.5,0.0,2,0.6309297535714574,False,True,False,False,False,0,0,2,0,1,1,0,1,0,0,2
baseline,S_0019851,1,1,1,0,1,0,0.0,1.0,0.0,1,-0.0,False,False,False,False,False,0,0,1,0,1,0,0,1,0,0,1
baseline,S_0019859,2,2,2,0,2,0,0.0,1.0,0.0,1,-0.0,False,True,False,False,False,0,0,1,1,2,1,1,0,0,0,2
baseline,S_0019861,1,1,1,0,1,0,0.0,1.0,0.0,1,-0.0,False,False,False,False,False,0,0,1,0,1,0,1,0,0,0,1
baseline,S_0019863,1,1,1,0,1,0,0.0,1.0,0.0,1,-0.0,False,False,False,False,False,0,0,1,0,1,0,1,0,0,0,1
baseline,S_0019864,1,1,1,0,1,0,0.0,1.0,0.0,1,-0.0,False,False,False,False,False,0,0,1,0,1,0,1,0,0,0,1
baseline,S_0019871,3,3,2,1,1,1,0.3333333333333333,0.3333333333333333,0.3333333333333333,3,0.9999999999999998,False,True,True,False,False,0,0,0,3,1,0,2,0,1,0,2
baseline,S_0019873,3,3,2,1,1,1,0.3333333333333333,0.3333333333333333,0.3333333333333333,3,0.9999999999999998,False,True,True,False,False,0,0,0,3,1,0,2,0,1,0,2
baseline,S_0019877,3,3,2,1,1,1,0.3333333333333333,0.3333333333333333,0.3333333333333333,3,0.9999999999999998,False,True,True,False,False,0,0,0,3,1,0,2,0,1,0,2
baseline,S_0019879,3,3,2,1,1,1,0.3333333333333333,0.3333333333333333,0.3333333333333333,3,0.9999999999999998,False,True,True,False,False,0,0,0,3,1,0,2,0,1,0,2
baseline,S_0019885,1,1,1,0,1,0,0.0,1.0,0.0,1,-0.0,False,False,False,False,False,0,1,0,0,1,0,0,1,0,0,1
baseline,S_0019887,1,1,1,0,1,0,0.0,1.0,0.0,1,-0.0,False,False,False,False,False,0,1,0,0,1,0,0,1,0,0,1
baseline,S_0019888,2,2,1,0,0,2,0.0,0.0,1.0,1,-0.0,False,True,False,False,False,0,0,2,0,1,0,0,0,2,0,1
baseline,S_0019889,2,2,1,0,0,2,0.0,0.0,1.0,1,-0.0,False,True,False,False,False,0,0,2,0,1,0,0,0,2,0,1
baseline,S_0019913,1,1,1,1,0,0,1.0,0.0,0.0,1,-0.0,False,False,False,False,False,0,0,1,0,1,1,0,0,0,0,1
baseline,S_0019914,1,1,1,1,0,0,1.0,0.0,0.0,1,-0.0,False,False,False,False,False,0,0,1,0,1,1,0,0,0,0,1
baseline,S_0019916,2,2,1,0,1,1,0.0,0.5,0.5,2,0.6309297535714574,False,True,False,False,False,0,0,2,0,1,2,0,0,0,0,1
baseline,S_0019918,2,2,1,0,1,1,0.0,0.5,0.5,2,0.6309297535714574,False,True,False,False,False,0,0,2,0,1,2,0,0,0,0,1
baseline,S_0019919,4,4,3,2,2,0,0.5,0.5,0.0,2,0.6309297535714574,False,True,True,False,False,0,1,2,1,3,2,1,0,0,1,3
baseline,S_0019920,1,1,1,1,0,0,1.0,0.0,0.0,1,-0.0,False,False,False,False,False,0,0,0,1,1,0,1,0,0,0,1
baseline,S_0019922,3,3,2,1,2,0,0.3333333333333333,0.6666666666666666,0.0,2,0.5793801642856949,False,True,True,False,False,0,1,2,0,2,2,0,0,0,1,2
baseline,S_0019924,3,3,2,1,2,0,0.3333333333333333,0.6666666666666666,0.0,2,0.5793801642856949,False,True,True,False,False,0,1,2,0,2,2,0,0,0,1,2
baseline,S_0019948,1,1,1,0,1,0,0.0,1.0,0.0,1,-0.0,False,False,False,False,False,0,0,1,0,1,0,0,0,1,0,1
baseline,S_0019949,1,1,1,0,1,0,0.0,1.0,0.0,1,-0.0,False,False,False,False,False,0,0,1,0,1,0,0,0,1,0,1
baseline,S_0019950,1,1,1,0,1,0,0.0,1.0,0.0,1,-0.0,False,False,False,False,False,0,0,1,0,1,0,0,0,1,0,1
baseline,S_0019988,1,1,1,0,1,0,0.0,1.0,0.0,1,-0.0,False,False,False,False,False,0,0,1,0,1,1,0,0,0,0,1
baseline,S_0020021,1,1,1,0,1,0,0.0,1.0,0.0,1,-0.0,False,False,False,False,False,0,0,1,0,1,1,0,0,0,0,1
baseline,S_0020031,1,1,1,0,1,0,0.0,1.0,0.0,1,-0.0,False,False,False,False,False,0,1,0,0,1,0,0,0,1,0,1
baseline,S_0020033,1,1,1,0,1,0,0.0,1.0,0.0,1,-0.0,False,False,False,False,False,0,0,1,0,1,1,0,0,0,0,1
baseline,S_0020034,1,1,1,0,1,0,0.0,1.0,0.0,1,-0.0,False,False,False,False,False,0,0,1,0,1,1,0,0,0,0,1
baseline,S_0020035,1,1,1,0,1,0,0.0,1.0,0.0,1,-0.0,False,False,False,False,False,0,0,1,0,1,0,0,1,0,0,1
baseline,S_0020036,1,1,1,0,1,0,0.0,1.0,0.0,1,-0.0,False,False,False,False,False,0,0,1,0,1,0,0,1,0,0,1
baseline,S_0020037,2,2,2,0,1,1,0.0,0.5,0.5,2,0.6309297535714574,False,True,False,False,False,0,0,0,2,1,0,1,1,0,0,2
baseline,S_0020039,2,2,2,0,1,1,0.0,0.5,0.5,2,0.6309297535714574,False,True,False,False,False,0,0,0,2,1,0,1,1,0,0,2
baseline,S_0020040,2,2,2,0,1,1,0.0,0.5,0.5,2,0.6309297535714574,False,True,False,False,False,0,0,0,2,1,0,1,1,0,0,2
baseline,S_0020041,2,2,2,0,1,1,0.0,0.5,0.5,2,0.6309297535714574,False,True,False,False,False,0,0,0,2,1,0,1,1,0,0,2
baseline,S_0020056,1,1,1,0,1,0,0.0,1.0,0.0,1,-0.0,False,False,False,False,False,0,0,0,1,1,0,0,1,0,0,1
baseline,S_0020058,1,1,1,0,1,0,0.0,1.0,0.0,1,-0.0,False,False,False,False,False,0,0,0,1,1,0,0,1,0,0,1
baseline,S_0020059,1,1,1,1,0,0,1.0,0.0,0.0,1,-0.0,False,False,False,False,False,0,0,0,1,1,0,0,0,0,1,1
baseline,S_0020064,3,3,1,1,2,0,0.3333333333333333,0.6666666666666666,0.0,2,0.5793801642856949,False,True,True,False,False,0,0,3,0,1,2,0,0,0,1,2
baseline,S_0020065,3,3,1,1,2,0,0.3333333333333333,0.6666666666666666,0.0,2,0.5793801642856949,False,True,True,False,False,0,0,3,0,1,2,0,0,0,1,2
baseline,S_0020069,1,1,1,0,0,1,0.0,0.0,1.0,1,-0.0,False,False,False,False,False,0,0,0,1,1,1,0,0,0,0,1
baseline,S_0020070,1,1,1,0,0,1,0.0,0.0,1.0,1,-0.0,False,False,False,False,False,0,0,0,1,1,1,0,0,0,0,1
baseline,S_0020073,1,1,1,0,0,1,0.0,0.0,1.0,1,-0.0,False,False,False,False,False,0,0,0,1,1,1,0,0,0,0,1
baseline,S_0020078,1,1,1,0,0,1,0.0,0.0,1.0,1,-0.0,False,False,False,False,False,0,0,0,1,1,1,0,0,0,0,1
baseline,S_0020082,2,2,2,0,1,1,0.0,0.5,0.5,2,0.6309297535714574,False,True,False,False,False,0,0,1,1,2,0,0,1,1,0,2
baseline,S_0020083,2,2,2,0,1,1,0.0,0.5,0.5,2,0.6309297535714574,False,True,False,False,False,0,0,1,1,2,0,0,1,1,0,2
baseline,S_0020092,3,3,1,1,2,0,0.3333333333333333,0.6666666666666666,0.0,2,0.5793801642856949,False,True,True,False,False,0,0,3,0,1,2,0,0,0,1,2
baseline,S_0020093,3,3,1,1,2,0,0.3333333333333333,0.6666666666666666,0.0,2,0.5793801642856949,False,True,True,False,False,0,0,3,0,1,2,0,0,0,1,2
baseline,S_0020096,2,2,2,0,1,1,0.0,0.5,0.5,2,0.6309297535714574,False,True,False,False,False,0,0,0,2,1,2,0,0,0,0,1
baseline,S_0020098,4,4,3,1,1,2,0.25,0.25,0.5,3,0.946394630357186,False,True,True,False,False,0,0,0,4,1,2,0,0,1,1,3
baseline,S_0020102,4,4,2,3,1,0,0.75,0.25,0.0,2,0.5118595071429147,False,True,True,False,False,0,0,0,4,1,2,0,1,1,0,3
baseline,S_0020114,2,2,1,0,2,0,0.0,1.0,0.0,1,-0.0,False,True,False,False,False,0,0,2,0,1,0,1,0,1,0,2
baseline,S_0020117,2,2,1,0,2,0,0.0,1.0,0.0,1,-0.0,False,True,False,False,False,0,0,2,0,1,0,1,0,1,0,2
baseline,S_0020118,2,2,1,0,2,0,0.0,1.0,0.0,1,-0.0,False,True,False,False,False,0,0,2,0,1,0,1,0,1,0,2
baseline,S_0020119,2,2,1,0,2,0,0.0,1.0,0.0,1,-0.0,False,True,False,False,False,0,0,2,0,1,0,1,0,1,0,2
baseline,S_0020122,2,2,1,0,2,0,0.0,1.0,0.0,1,-0.0,False,True,False,False,False,0,0,2,0,1,0,1,0,1,0,2
baseline,S_0020123,2,2,1,0,2,0,0.0,1.0,0.0,1,-0.0,False,True,False,False,False,0,0,2,0,1,0,1,0,1,0,2
baseline,S_0020127,2,2,1,0,2,0,0.0,1.0,0.0,1,-0.0,False,True,False,False,False,0,0,2,0,1,0,1,0,1,0,2
baseline,S_0020128,2,2,1,0,2,0,0.0,1.0,0.0,1,-0.0,False,True,False,False,False,0,0,2,0,1,0,1,0,1,0,2
baseline,S_0020129,3,3,2,0,3,0,0.0,1.0,0.0,1,-0.0,False,True,True,False,False,0,0,3,0,1,1,0,0,2,0,2
baseline,S_0020130,3,3,2,0,3,0,0.0,1.0,0.0,1,-0.0,False,True,True,False,False,0,0,3,0,1,1,0,0,2,0,2
baseline,S_0020132,1,1,1,0,1,0,0.0,1.0,0.0,1,-0.0,False,False,False,False,False,0,0,1,0,1,0,0,0,1,0,1
baseline,S_0020133,1,1,1,0,1,0,0.0,1.0,0.0,1,-0.0,False,False,False,False,False,0,0,1,0,1,0,0,0,1,0,1
baseline,S_0020134,1,1,1,1,0,0,1.0,0.0,0.0,1,-0.0,False,False,False,False,False,0,0,0,1,1,0,0,0,1,0,1
baseline,S_0020135,1,1,1,0,1,0,0.0,1.0,0.0,1,-0.0,False,False,False,False,False,0,0,1,0,1,0,0,0,1,0,1
baseline,S_0020140,1,1,1,1,0,0,1.0,0.0,0.0,1,-0.0,False,False,False,False,False,0,0,0,1,1,0,0,0,1,0,1
baseline,S_0020141,1,1,1,1,0,0,1.0,0.0,0.0,1,-0.0,False,False,False,False,False,0,0,0,1,1,0,0,0,1,0,1
baseline,S_0020144,1,1,1,1,0,0,1.0,0.0,0.0,1,-0.0,False,False,False,False,False,0,0,0,1,1,0,0,0,1,0,1
baseline,S_0020149,1,1,1,1,0,0,1.0,0.0,0.0,1,-0.0,False,False,False,False,False,0,0,0,1,1,0,0,0,1,0,1
baseline,S_0020150,2,2,2,1,1,0,0.5,0.5,0.0,2,0.6309297535714574,False,True,False,False,False,0,0,1,1,2,1,0,0,1,0,2
baseline,S_0020151,1,1,1,0,1,0,0.0,1.0,0.0,1,-0.0,False,False,False,False,False,0,0,1,0,1,1,0,0,0,0,1
baseline,S_0020152,1,1,1,0,1,0,0.0,1.0,0.0,1,-0.0,False,False,False,False,False,0,0,1,0,1,1,0,0,0,0,1
baseline,S_0020153,1,1,1,0,1,0,0.0,1.0,0.0,1,-0.0,False,False,False,False,False,0,0,1,0,1,0,0,0,1,0,1
baseline,S_0020154,1,1,1,0,1,0,0.0,1.0,0.0,1,-0.0,False,False,False,False,False,0,0,1,0,1,1,0,0,0,0,1
baseline,S_0020155,1,1,1,0,1,0,0.0,1.0,0.0,1,-0.0,False,False,False,False,False,0,0,1,0,1,0,0,0,1,0,1
baseline,S_0020156,1,1,1,0,1,0,0.0,1.0,0.0,1,-0.0,False,False,False,False,False,0,0,1,0,1,1,0,0,0,0,1
baseline,S_0020171,2,2,2,0,1,1,0.0,0.5,0.5,2,0.6309297535714574,False,True,False,False,False,0,0,0,2,1,2,0,0,0,0,1
baseline,S_0020182,1,1,1,0,1,0,0.0,1.0,0.0,1,-0.0,False,False,False,False,False,0,0,1,0,1,1,0,0,0,0,1
baseline,S_0020183,1,1,1,0,1,0,0.0,1.0,0.0,1,-0.0,False,False,False,False,False,0,0,1,0,1,1,0,0,0,0,1
baseline,S_0020195,1,1,1,0,1,0,0.0,1.0,0.0,1,-0.0,False,False,False,False,False,0,0,0,1,1,0,1,0,0,0,1
baseline,S_0020196,1,1,1,0,1,0,0.0,1.0,0.0,1,-0.0,False,False,False,False,False,0,0,0,1,1,0,1,0,0,0,1
baseline,S_0020200,2,1,2,0,1,0,0.0,1.0,0.0,1,-0.0,False,False,False,False,False,0,0,0,1,1,0,1,0,0,0,1
baseline,S_0020215,1,1,1,0,1,0,0.0,1.0,0.0,1,-0.0,False,False,False,False,False,0,1,0,0,1,1,0,0,0,0,1
baseline,S_0020217,1,1,1,0,1,0,0.0,1.0,0.0,1,-0.0,False,False,False,False,False,0,1,0,0,1,1,0,0,0,0,1
baseline,S_0020229,1,1,1,0,1,0,0.0,1.0,0.0,1,-0.0,False,False,False,False,False,0,0,0,1,1,0,1,0,0,0,1
baseline,S_0020231,3,3,1,0,3,0,0.0,1.0,0.0,1,-0.0,False,True,True,False,False,0,0,3,0,1,1,1,0,1,0,3
baseline,S_0020232,3,3,1,0,3,0,0.0,1.0,0.0,1,-0.0,False,True,True,False,False,0,0,3,0,1,1,1,0,1,0,3
baseline,S_0020233,1,1,1,0,1,0,0.0,1.0,0.0,1,-0.0,False,False,False,False,False,0,0,0,1,1,0,1,0,0,0,1
baseline,S_0020234,2,1,2,0,1,0,0.0,1.0,0.0,1,-0.0,False,False,False,False,False,0,0,0,1,1,0,1,0,0,0,1
baseline,S_0020236,1,1,1,0,1,0,0.0,1.0,0.0,1,-0.0,False,False,False,False,False,0,0,0,1,1,0,1,0,0,0,1
baseline,S_0020238,1,1,1,0,1,0,0.0,1.0,0.0,1,-0.0,False,False,False,False,False,0,0,0,1,1,0,1,0,0,0,1
baseline,S_0020251,1,1,1,0,1,0,0.0,1.0,0.0,1,-0.0,False,False,False,False,False,0,1,0,0,1,0,0,0,0,1,1
baseline,S_0020252,1,1,1,0,1,0,0.0,1.0,0.0,1,-0.0,False,False,False,False,False,0,1,0,0,1,0,0,0,0,1,1
baseline,S_0020264,1,1,1,0,1,0,0.0,1.0,0.0,1,-0.0,False,False,False,False,False,0,1,0,0,1,0,0,0,0,1,1
baseline,S_0020266,5,3,5,1,2,0,0.3333333333333333,0.6666666666666666,0.0,2,0.5793801642856949,False,True,True,False,False,0,1,0,2,2,2,0,0,0,1,2
baseline,S_0020267,2,1,2,1,0,0,1.0,0.0,0.0,1,-0.0,False,False,False,False,False,0,0,0,1,1,1,0,0,0,0,1
baseline,S_0020268,1,1,1,0,1,0,0.0,1.0,0.0,1,-0.0,False,False,False,False,False,0,1,0,0,1,0,0,0,0,1,1
baseline,S_0020269,1,1,1,0,1,0,0.0,1.0,0.0,1,-0.0,False,False,False,False,False,0,0,0,1,1,1,0,0,0,0,1
baseline,S_0020270,2,2,2,0,2,0,0.0,1.0,0.0,1,-0.0,False,True,False,False,False,0,1,0,1,2,1,0,0,0,1,2
baseline,S_0020279,1,1,1,0,1,0,0.0,1.0,0.0,1,-0.0,False,False,False,False,False,0,1,0,0,1,0,0,0,1,0,1
baseline,S_0020280,1,1,1,0,1,0,0.0,1.0,0.0,1,-0.0,False,False,False,False,False,0,1,0,0,1,0,0,0,1,0,1
baseline,S_0020286,1,1,1,0,1,0,0.0,1.0,0.0,1,-0.0,False,False,False,False,False,0,1,0,0,1,0,0,0,0,1,1
baseline,S_0020287,2,2,1,0,2,0,0.0,1.0,0.0,1,-0.0,False,True,False,False,False,0,2,0,0,1,0,0,0,1,1,2
baseline,S_0020288,1,1,1,0,1,0,0.0,1.0,0.0,1,-0.0,False,False,False,False,False,0,0,0,1,1,1,0,0,0,0,1
baseline,S_0020289,2,2,2,0,2,0,0.0,1.0,0.0,1,-0.0,False,True,False,False,False,0,1,0,1,2,1,0,0,1,0,2
baseline,S_0020291,1,1,1,0,1,0,0.0,1.0,0.0,1,-0.0,False,False,False,False,False,0,1,0,0,1,0,0,0,1,0,1
baseline,S_0020293,2,2,2,0,2,0,0.0,1.0,0.0,1,-0.0,False,True,False,False,False,0,1,0,1,2,1,0,0,1,0,2
baseline,S_0020295,1,1,1,0,1,0,0.0,1.0,0.0,1,-0.0,False,False,False,False,False,0,1,0,0,1,0,0,0,1,0,1
baseline,S_0020296,2,2,2,0,2,0,0.0,1.0,0.0,1,-0.0,False,True,False,False,False,0,1,0,1,2,1,0,0,0,1,2
baseline,S_0020297,3,1,3,1,0,0,1.0,0.0,0.0,1,-0.0,False,False,False,False,False,0,0,0,1,1,1,0,0,0,0,1
baseline,S_0020299,1,1,1,0,1,0,0.0,1.0,0.0,1,-0.0,False,False,False,False,False,0,1,0,0,1,0,0,0,1,0,1
baseline,S_0020300,1,1,1,0,1,0,0.0,1.0,0.0,1,-0.0,False,False,False,False,False,0,1,0,0,1,0,0,0,1,0,1
baseline,S_0020301,2,1,2,1,0,0,1.0,0.0,0.0,1,-0.0,False,False,False,False,False,0,0,0,1,1,1,0,0,0,0,1
baseline,S_0020303,2,1,2,1,0,0,1.0,0.0,0.0,1,-0.0,False,False,False,False,False,0,0,0,1,1,1,0,0,0,0,1
baseline,S_0020306,2,1,2,1,0,0,1.0,0.0,0.0,1,-0.0,False,False,False,False,False,0,0,0,1,1,1,0,0,0,0,1
baseline,S_0020324,1,1,1,1,0,0,1.0,0.0,0.0,1,-0.0,False,False,False,False,False,0,0,0,1,1,1,0,0,0,0,1
baseline,S_0020325,1,1,1,1,0,0,1.0,0.0,0.0,1,-0.0,False,False,False,False,False,0,0,0,1,1,1,0,0,0,0,1
baseline,S_0020328,1,1,1,1,0,0,1.0,0.0,0.0,1,-0.0,False,False,False,False,False,0,0,0,1,1,1,0,0,0,0,1
baseline,S_0020357,3,3,1,0,3,0,0.0,1.0,0.0,1,-0.0,False,True,True,False,False,0,0,3,0,1,1,1,0,1,0,3
baseline,S_0020358,3,3,1,0,3,0,0.0,1.0,0.0,1,-0.0,False,True,True,False,False,0,0,3,0,1,1,1,0,1,0,3
baseline,S_0020360,1,1,1,0,1,0,0.0,1.0,0.0,1,-0.0,False,False,False,False,False,0,0,0,1,1,0,1,0,0,0,1
baseline,S_0020361,1,1,1,1,0,0,1.0,0.0,0.0,1,-0.0,False,False,False,False,False,0,0,0,1,1,1,0,0,0,0,1
baseline,S_0020362,1,1,1,0,1,0,0.0,1.0,0.0,1,-0.0,False,False,False,False,False,0,0,0,1,1,0,1,0,0,0,1
baseline,S_0020363,2,2,1,0,1,1,0.0,0.5,0.5,2,0.6309297535714574,False,True,False,False,False,0,0,2,0,1,1,0,0,1,0,2
baseline,S_0020365,2,2,1,0,1,1,0.0,0.5,0.5,2,0.6309297535714574,False,True,False,False,False,0,0,2,0,1,1,0,0,1,0,2
baseline,S_0020368,1,1,1,0,1,0,0.0,1.0,0.0,1,-0.0,False,False,False,False,False,0,0,1,0,1,1,0,0,0,0,1
baseline,S_0020376,1,1,1,0,1,0,0.0,1.0,0.0,1,-0.0,False,False,False,False,False,0,0,1,0,1,1,0,0,0,0,1
baseline,S_0020377,1,1,1,0,1,0,0.0,1.0,0.0,1,-0.0,False,False,False,False,False,0,0,1,0,1,1,0,0,0,0,1
baseline,S_0020379,4,4,2,1,3,0,0.25,0.75,0.0,2,0.5118595071429147,False,True,True,False,False,0,1,3,0,2,2,0,0,1,1,3
baseline,S_0020381,4,4,2,1,3,0,0.25,0.75,0.0,2,0.5118595071429147,False,True,True,False,False,0,1,3,0,2,2,0,0,1,1,3
baseline,S_0020391,5,5,5,2,2,1,0.4,0.4,0.2,3,0.9602297178607612,True,True,True,True,False,0,0,0,5,1,2,2,1,0,0,3
baseline,S_0020394,9,5,8,2,2,1,0.4,0.4,0.2,3,0.9602297178607612,True,True,True,True,False,0,0,0,5,1,2,2,1,0,0,3
baseline,S_0020395,1,1,1,0,1,0,0.0,1.0,0.0,1,-0.0,False,False,False,False,False,0,1,0,0,1,1,0,0,0,0,1
baseline,S_0020396,1,1,1,0,1,0,0.0,1.0,0.0,1,-0.0,False,False,False,False,False,0,1,0,0,1,1,0,0,0,0,1
baseline,S_0020399,1,1,1,0,1,0,0.0,1.0,0.0,1,-0.0,False,False,False,False,False,0,1,0,0,1,1,0,0,0,0,1
baseline,S_0020400,1,1,1,0,1,0,0.0,1.0,0.0,1,-0.0,False,False,False,False,False,0,1,0,0,1,1,0,0,0,0,1
baseline,S_0020401,1,1,1,0,1,0,0.0,1.0,0.0,1,-0.0,False,False,False,False,False,0,1,0,0,1,1,0,0,0,0,1
baseline,S_0020408,1,1,1,0,1,0,0.0,1.0,0.0,1,-0.0,False,False,False,False,False,0,0,1,0,1,0,0,1,0,0,1
baseline,S_0020409,1,1,1,0,1,0,0.0,1.0,0.0,1,-0.0,False,False,False,False,False,0,0,1,0,1,0,0,1,0,0,1
baseline,S_0020412,1,1,1,0,1,0,0.0,1.0,0.0,1,-0.0,False,False,False,False,False,0,0,1,0,1,0,0,1,0,0,1
baseline,S_0020413,1,1,1,0,1,0,0.0,1.0,0.0,1,-0.0,False,False,False,False,False,0,0,1,0,1,0,0,1,0,0,1
baseline,S_0020415,1,1,1,0,1,0,0.0,1.0,0.0,1,-0.0,False,False,False,False,False,0,0,1,0,1,0,0,1,0,0,1
baseline,S_0020419,1,1,1,0,1,0,0.0,1.0,0.0,1,-0.0,False,False,False,False,False,0,1,0,0,1,1,0,0,0,0,1
baseline,S_0020420,1,1,1,0,1,0,0.0,1.0,0.0,1,-0.0,False,False,False,False,False,0,1,0,0,1,1,0,0,0,0,1
baseline,S_0020423,1,1,1,0,1,0,0.0,1.0,0.0,1,-0.0,False,False,False,False,False,0,1,0,0,1,1,0,0,0,0,1
baseline,S_0020425,1,1,1,0,1,0,0.0,1.0,0.0,1,-0.0,False,False,False,False,False,0,1,0,0,1,1,0,0,0,0,1
baseline,S_0020427,1,1,1,0,1,0,0.0,1.0,0.0,1,-0.0,False,False,False,False,False,0,1,0,0,1,1,0,0,0,0,1
baseline,S_0020432,5,5,4,2,2,1,0.4,0.4,0.2,3,0.9602297178607612,True,True,True,True,False,0,0,0,5,1,2,2,1,0,0,3
baseline,S_0020433,5,5,4,2,2,1,0.4,0.4,0.2,3,0.9602297178607612,True,True,True,True,False,0,0,0,5,1,2,2,1,0,0,3
baseline,S_0020443,1,1,1,0,1,0,0.0,1.0,0.0,1,-0.0,False,False,False,False,False,0,0,1,0,1,0,0,1,0,0,1
baseline,S_0020451,1,1,1,0,1,0,0.0,1.0,0.0,1,-0.0,False,False,False,False,False,0,0,1,0,1,1,0,0,0,0,1
baseline,S_0020458,1,1,1,0,1,0,0.0,1.0,0.0,1,-0.0,False,False,False,False,False,0,0,1,0,1,1,0,0,0,0,1
baseline,S_0020459,1,1,1,0,1,0,0.0,1.0,0.0,1,-0.0,False,False,False,False,False,0,0,1,0,1,0,0,1,0,0,1
baseline,S_0020460,2,2,1,0,2,0,0.0,1.0,0.0,1,-0.0,False,True,False,False,False,0,0,2,0,1,1,0,1,0,0,2
baseline,S_0020487,2,1,2,0,1,0,0.0,1.0,0.0,1,-0.0,False,False,False,False,False,0,0,0,1,1,1,0,0,0,0,1
baseline,S_0020488,1,1,1,0,1,0,0.0,1.0,0.0,1,-0.0,False,False,False,False,False,0,1,0,0,1,0,0,0,0,1,1
baseline,S_0020489,1,1,1,0,1,0,0.0,1.0,0.0,1,-0.0,False,False,False,False,False,0,1,0,0,1,0,0,0,0,1,1
baseline,S_0020490,1,1,1,0,1,0,0.0,1.0,0.0,1,-0.0,False,False,False,False,False,0,0,0,1,1,1,0,0,0,0,1
baseline,S_0020491,2,2,2,0,2,0,0.0,1.0,0.0,1,-0.0,False,True,False,False,False,0,1,0,1,2,1,0,0,0,1,2
baseline,S_0020493,1,1,1,0,1,0,0.0,1.0,0.0,1,-0.0,False,False,False,False,False,0,0,0,1,1,1,0,0,0,0,1
baseline,S_0020495,2,1,2,0,1,0,0.0,1.0,0.0,1,-0.0,False,False,False,False,False,0,0,0,1,1,1,0,0,0,0,1
baseline,S_0020496,1,1,1,0,1,0,0.0,1.0,0.0,1,-0.0,False,False,False,False,False,0,0,0,1,1,1,0,0,0,0,1
baseline,S_0020498,1,1,1,0,1,0,0.0,1.0,0.0,1,-0.0,False,False,False,False,False,0,0,0,1,1,1,0,0,0,0,1
baseline,S_0020499,1,1,1,0,1,0,0.0,1.0,0.0,1,-0.0,False,False,False,False,False,0,0,0,1,1,1,0,0,0,0,1
baseline,S_0020500,1,1,1,0,1,0,0.0,1.0,0.0,1,-0.0,False,False,False,False,False,0,0,0,1,1,1,0,0,0,0,1
baseline,S_0020501,1,1,1,0,1,0,0.0,1.0,0.0,1,-0.0,False,False,False,False,False,0,0,0,1,1,1,0,0,0,0,1
baseline,S_0020507,1,1,1,0,1,0,0.0,1.0,0.0,1,-0.0,False,False,False,False,False,0,1,0,0,1,0,0,0,0,1,1
baseline,S_0020515,1,1,1,0,1,0,0.0,1.0,0.0,1,-0.0,False,False,False,False,False,0,0,0,1,1,1,0,0,0,0,1
baseline,S_0020529,1,1,1,0,1,0,0.0,1.0,0.0,1,-0.0,False,False,False,False,False,0,0,0,1,1,0,0,0,0,1,1
baseline,S_0020530,1,1,1,0,1,0,0.0,1.0,0.0,1,-0.0,False,False,False,False,False,0,0,0,1,1,0,0,0,0,1,1
baseline,S_0020536,1,1,1,0,1,0,0.0,1.0,0.0,1,-0.0,False,False,False,False,False,0,0,0,1,1,0,0,0,0,1,1
baseline,S_0020541,1,1,1,0,1,0,0.0,1.0,0.0,1,-0.0,False,False,False,False,False,0,0,0,1,1,0,0,0,0,1,1
baseline,S_0020543,1,1,1,0,1,0,0.0,1.0,0.0,1,-0.0,False,False,False,False,False,0,0,0,1,1,0,0,0,0,1,1
baseline,S_0020544,1,1,1,0,1,0,0.0,1.0,0.0,1,-0.0,False,False,False,False,False,0,0,0,1,1,0,0,0,0,1,1
baseline,S_0020545,1,1,1,0,1,0,0.0,1.0,0.0,1,-0.0,False,False,False,False,False,0,0,0,1,1,0,0,0,0,1,1
baseline,S_0020547,1,1,1,0,1,0,0.0,1.0,0.0,1,-0.0,False,False,False,False,False,0,0,0,1,1,0,0,0,0,1,1
baseline,S_0020548,1,1,1,0,1,0,0.0,1.0,0.0,1,-0.0,False,False,False,False,False,0,0,0,1,1,0,0,0,0,1,1
baseline,S_0020550,1,1,1,0,1,0,0.0,1.0,0.0,1,-0.0,False,False,False,False,False,0,0,0,1,1,0,0,0,0,1,1
baseline,S_0020553,6,5,4,2,2,1,0.4,0.4,0.2,3,0.9602297178607612,True,True,True,True,False,0,0,0,5,1,2,2,1,0,0,3
baseline,S_0020590,1,1,1,0,1,0,0.0,1.0,0.0,1,-0.0,False,False,False,False,False,0,0,1,0,1,0,0,0,0,1,1
baseline,S_0020596,1,1,1,0,1,0,0.0,1.0,0.0,1,-0.0,False,False,False,False,False,0,0,1,0,1,0,0,0,0,1,1
baseline,S_0020619,1,1,1,0,1,0,0.0,1.0,0.0,1,-0.0,False,False,False,False,False,0,0,1,0,1,0,0,0,0,1,1
baseline,S_0020621,1,1,1,0,1,0,0.0,1.0,0.0,1,-0.0,False,False,False,False,False,0,0,1,0,1,0,0,0,0,1,1
baseline,S_0020697,1,1,1,1,0,0,1.0,0.0,0.0,1,-0.0,False,False,False,False,False,0,1,0,0,1,0,0,1,0,0,1
baseline,S_0020698,1,1,1,1,0,0,1.0,0.0,0.0,1,-0.0,False,False,False,False,False,0,1,0,0,1,0,0,1,0,0,1
baseline,S_0020700,2,2,2,1,1,0,0.5,0.5,0.0,2,0.6309297535714574,False,True,False,False,False,0,1,1,0,2,0,0,2,0,0,1
baseline,S_0020701,1,1,1,0,1,0,0.0,1.0,0.0,1,-0.0,False,False,False,False,False,0,0,1,0,1,0,0,1,0,0,1
baseline,S_0020702,1,1,1,0,1,0,0.0,1.0,0.0,1,-0.0,False,False,False,False,False,0,0,1,0,1,0,0,1,0,0,1
baseline,S_0020703,2,2,2,1,1,0,0.5,0.5,0.0,2,0.6309297535714574,False,True,False,False,False,0,1,1,0,2,0,0,2,0,0,1
baseline,S_0020704,1,1,1,1,0,0,1.0,0.0,0.0,1,-0.0,False,False,False,False,False,0,1,0,0,1,0,0,1,0,0,1
baseline,S_0020705,2,1,2,0,1,0,0.0,1.0,0.0,1,-0.0,False,False,False,False,False,0,0,0,1,1,0,1,0,0,0,1
baseline,S_0020706,1,1,1,0,1,0,0.0,1.0,0.0,1,-0.0,False,False,False,False,False,0,0,1,0,1,0,0,1,0,0,1
baseline,S_0020707,1,1,1,0,1,0,0.0,1.0,0.0,1,-0.0,False,False,False,False,False,0,0,0,1,1,0,1,0,0,0,1
baseline,S_0020708,3,3,2,0,3,0,0.0,1.0,0.0,1,-0.0,False,True,True,False,False,0,1,2,0,2,2,0,0,0,1,2
baseline,S_0020709,1,1,1,0,1,0,0.0,1.0,0.0,1,-0.0,False,False,False,False,False,0,0,1,0,1,1,0,0,0,0,1
baseline,S_0020710,2,2,2,0,2,0,0.0,1.0,0.0,1,-0.0,False,True,False,False,False,0,1,1,0,2,1,0,0,0,1,2
baseline,S_0020714,2,2,2,0,2,0,0.0,1.0,0.0,1,-0.0,False,True,False,False,False,0,1,1,0,2,1,0,0,0,1,2
baseline,S_0020715,2,2,2,0,2,0,0.0,1.0,0.0,1,-0.0,False,True,False,False,False,0,1,1,0,2,1,0,0,0,1,2
baseline,S_0020716,2,2,2,0,2,0,0.0,1.0,0.0,1,-0.0,False,True,False,False,False,0,1,1,0,2,1,0,0,0,1,2
baseline,S_0020719,1,1,1,0,1,0,0.0,1.0,0.0,1,-0.0,False,False,False,False,False,0,0,1,0,1,0,0,0,0,1,1
baseline,S_0020723,1,1,1,0,1,0,0.0,1.0,0.0,1,-0.0,False,False,False,False,False,0,0,1,0,1,0,0,0,0,1,1
baseline,S_0020747,1,1,1,0,1,0,0.0,1.0,0.0,1,-0.0,False,False,False,False,False,0,0,1,0,1,1,0,0,0,0,1
baseline,S_0020748,1,1,1,0,1,0,0.0,1.0,0.0,1,-0.0,False,False,False,False,False,0,0,1,0,1,1,0,0,0,0,1
baseline,S_0020750,1,1,1,1,0,0,1.0,0.0,0.0,1,-0.0,False,False,False,False,False,0,1,0,0,1,0,0,1,0,0,1
baseline,S_0020751,1,1,1,1,0,0,1.0,0.0,0.0,1,-0.0,False,False,False,False,False,0,1,0,0,1,0,0,1,0,0,1
baseline,S_0020755,1,1,1,0,1,0,0.0,1.0,0.0,1,-0.0,False,False,False,False,False,0,0,1,0,1,0,0,1,0,0,1
baseline,S_0020757,1,1,1,0,1,0,0.0,1.0,0.0,1,-0.0,False,False,False,False,False,0,0,1,0,1,1,0,0,0,0,1
baseline,S_0020759,3,3,3,0,2,1,0.0,0.6666666666666666,0.3333333333333333,2,0.5793801642856949,False,True,True,False,False,0,0,1,2,2,3,0,0,0,0,1
baseline,S_0020761,3,3,3,0,2,1,0.0,0.6666666666666666,0.3333333333333333,2,0.5793801642856949,False,True,True,False,False,0,0,1,2,2,3,0,0,0,0,1
baseline,S_0020762,2,2,2,0,1,1,0.0,0.5,0.5,2,0.6309297535714574,False,True,False,False,False,0,0,0,2,1,2,0,0,0,0,1
baseline,S_0020768,1,1,1,0,1,0,0.0,1.0,0.0,1,-0.0,False,False,False,False,False,0,0,1,0,1,0,0,1,0,0,1
baseline,S_0020776,1,1,1,1,0,0,1.0,0.0,0.0,1,-0.0,False,False,False,False,False,0,1,0,0,1,0,0,1,0,0,1
baseline,S_0020791,1,1,1,1,0,0,1.0,0.0,0.0,1,-0.0,False,False,False,False,False,0,1,0,0,1,0,0,1,0,0,1
baseline,S_0020792,1,1,1,1,0,0,1.0,0.0,0.0,1,-0.0,False,False,False,False,False,0,1,0,0,1,0,0,1,0,0,1
baseline,S_0020800,1,1,1,0,0,1,0.0,0.0,1.0,1,-0.0,False,False,False,False,False,0,0,0,1,1,1,0,0,0,0,1
baseline,S_0020802,1,1,1,0,0,1,0.0,0.0,1.0,1,-0.0,False,False,False,False,False,0,0,0,1,1,1,0,0,0,0,1
baseline,S_0020804,1,1,1,1,0,0,1.0,0.0,0.0,1,-0.0,False,False,False,False,False,0,1,0,0,1,0,0,1,0,0,1
baseline,S_0020805,1,1,1,1,0,0,1.0,0.0,0.0,1,-0.0,False,False,False,False,False,0,1,0,0,1,0,0,1,0,0,1
baseline,S_0020807,1,1,1,1,0,0,1.0,0.0,0.0,1,-0.0,False,False,False,False,False,0,1,0,0,1,0,0,1,0,0,1
baseline,S_0020839,1,1,1,0,1,0,0.0,1.0,0.0,1,-0.0,False,False,False,False,False,0,0,0,1,1,0,0,0,1,0,1
baseline,S_0020840,1,1,1,0,0,1,0.0,0.0,1.0,1,-0.0,False,False,False,False,False,0,0,1,0,1,1,0,0,0,0,1
baseline,S_0020841,2,2,2,0,1,1,0.0,0.5,0.5,2,0.6309297535714574,False,True,False,False,False,0,0,1,1,2,1,0,0,1,0,2
baseline,S_0020842,1,1,1,0,0,1,0.0,0.0,1.0,1,-0.0,False,False,False,False,False,0,0,1,0,1,1,0,0,0,0,1
baseline,S_0020863,1,1,1,0,0,1,0.0,0.0,1.0,1,-0.0,False,False,False,False,False,0,0,1,0,1,1,0,0,0,0,1
baseline,S_0020864,1,1,1,0,0,1,0.0,0.0,1.0,1,-0.0,False,False,False,False,False,0,0,1,0,1,1,0,0,0,0,1
baseline,S_0020865,1,1,1,0,0,1,0.0,0.0,1.0,1,-0.0,False,False,False,False,False,0,0,1,0,1,1,0,0,0,0,1
baseline,S_0020866,1,1,1,0,0,1,0.0,0.0,1.0,1,-0.0,False,False,False,False,False,0,0,1,0,1,1,0,0,0,0,1
baseline,S_0020869,1,1,1,0,0,1,0.0,0.0,1.0,1,-0.0,False,False,False,False,False,0,0,1,0,1,1,0,0,0,0,1
baseline,S_0020871,1,1,1,0,0,1,0.0,0.0,1.0,1,-0.0,False,False,False,False,False,0,0,1,0,1,1,0,0,0,0,1
baseline,S_0020872,1,1,1,0,0,1,0.0,0.0,1.0,1,-0.0,False,False,False,False,False,0,0,1,0,1,1,0,0,0,0,1
baseline,S_0020873,1,1,1,0,0,1,0.0,0.0,1.0,1,-0.0,False,False,False,False,False,0,0,1,0,1,1,0,0,0,0,1
baseline,S_0020874,1,1,1,0,0,1,0.0,0.0,1.0,1,-0.0,False,False,False,False,False,0,0,1,0,1,1,0,0,0,0,1
baseline,S_0020875,1,1,1,0,1,0,0.0,1.0,0.0,1,-0.0,False,False,False,False,False,0,0,1,0,1,0,0,1,0,0,1
baseline,S_0020879,1,1,1,0,1,0,0.0,1.0,0.0,1,-0.0,False,False,False,False,False,0,0,1,0,1,0,0,1,0,0,1
baseline,S_0020880,1,1,1,0,1,0,0.0,1.0,0.0,1,-0.0,False,False,False,False,False,0,0,1,0,1,1,0,0,0,0,1
baseline,S_0020882,1,1,1,0,1,0,0.0,1.0,0.0,1,-0.0,False,False,False,False,False,0,0,1,0,1,0,0,1,0,0,1
baseline,S_0020884,1,1,1,0,1,0,0.0,1.0,0.0,1,-0.0,False,False,False,False,False,0,0,1,0,1,0,0,1,0,0,1
baseline,S_0020887,1,1,1,0,1,0,0.0,1.0,0.0,1,-0.0,False,False,False,False,False,0,0,1,0,1,0,0,1,0,0,1
baseline,S_0020889,1,1,1,0,1,0,0.0,1.0,0.0,1,-0.0,False,False,False,False,False,0,0,1,0,1,0,0,1,0,0,1
baseline,S_0020890,1,1,1,0,1,0,0.0,1.0,0.0,1,-0.0,False,False,False,False,False,0,0,1,0,1,0,0,1,0,0,1
baseline,S_0020893,1,1,1,0,1,0,0.0,1.0,0.0,1,-0.0,False,False,False,False,False,0,0,1,0,1,0,0,1,0,0,1
baseline,S_0020895,1,1,1,0,1,0,0.0,1.0,0.0,1,-0.0,False,False,False,False,False,0,0,1,0,1,0,0,1,0,0,1
baseline,S_0020897,1,1,1,0,1,0,0.0,1.0,0.0,1,-0.0,False,False,False,False,False,0,0,1,0,1,0,0,1,0,0,1
baseline,S_0020898,1,1,1,0,1,0,0.0,1.0,0.0,1,-0.0,False,False,False,False,False,0,0,1,0,1,0,0,1,0,0,1
baseline,S_0020900,1,1,1,0,1,0,0.0,1.0,0.0,1,-0.0,False,False,False,False,False,0,0,1,0,1,0,0,1,0,0,1
baseline,S_0020901,1,1,1,0,1,0,0.0,1.0,0.0,1,-0.0,False,False,False,False,False,0,0,1,0,1,0,0,1,0,0,1
baseline,S_0020904,1,1,1,0,1,0,0.0,1.0,0.0,1,-0.0,False,False,False,False,False,0,0,1,0,1,0,0,1,0,0,1
baseline,S_0020905,1,1,1,0,1,0,0.0,1.0,0.0,1,-0.0,False,False,False,False,False,0,0,1,0,1,0,0,1,0,0,1
baseline,S_0020907,1,1,1,0,1,0,0.0,1.0,0.0,1,-0.0,False,False,False,False,False,0,0,1,0,1,0,0,1,0,0,1
baseline,S_0020908,2,2,2,0,2,0,0.0,1.0,0.0,1,-0.0,False,True,False,False,False,0,0,2,0,1,1,0,1,0,0,2
baseline,S_0020909,1,1,1,0,1,0,0.0,1.0,0.0,1,-0.0,False,False,False,False,False,0,0,1,0,1,1,0,0,0,0,1
baseline,S_0020910,1,1,1,0,1,0,0.0,1.0,0.0,1,-0.0,False,False,False,False,False,0,0,1,0,1,1,0,0,0,0,1
baseline,S_0020911,1,1,1,0,1,0,0.0,1.0,0.0,1,-0.0,False,False,False,False,False,0,0,1,0,1,0,0,1,0,0,1
baseline,S_0020912,1,1,1,0,1,0,0.0,1.0,0.0,1,-0.0,False,False,False,False,False,0,0,1,0,1,0,0,1,0,0,1
baseline,S_0020917,4,4,2,1,3,0,0.25,0.75,0.0,2,0.5118595071429147,False,True,True,False,False,0,1,3,0,2,3,0,0,0,1,2
baseline,S_0020918,4,4,2,1,3,0,0.25,0.75,0.0,2,0.5118595071429147,False,True,True,False,False,0,1,3,0,2,3,0,0,0,1,2
baseline,S_0020919,4,4,2,1,3,0,0.25,0.75,0.0,2,0.5118595071429147,False,True,True,False,False,0,1,3,0,2,3,0,0,0,1,2
baseline,S_0020922,1,1,1,0,1,0,0.0,1.0,0.0,1,-0.0,False,False,False,False,False,0,0,1,0,1,0,0,1,0,0,1
baseline,S_0020923,5,5,4,1,2,2,0.2,0.4,0.4,3,0.9602297178607612,True,True,True,True,False,0,0,1,4,2,3,0,0,1,1,3
baseline,S_0020924,1,1,1,0,1,0,0.0,1.0,0.0,1,-0.0,False,False,False,False,False,0,0,1,0,1,0,0,1,0,0,1
baseline,S_0020925,1,1,1,1,0,0,1.0,0.0,0.0,1,-0.0,False,False,False,False,False,0,1,0,0,1,0,0,1,0,0,1
baseline,S_0020926,1,1,1,1,0,0,1.0,0.0,0.0,1,-0.0,False,False,False,False,False,0,1,0,0,1,0,0,1,0,0,1
baseline,S_0020927,6,4,5,1,1,2,0.25,0.25,0.5,3,0.946394630357186,False,True,True,False,False,0,0,0,4,1,2,0,0,1,1,3
baseline,S_0020929,2,2,2,0,1,1,0.0,0.5,0.5,2,0.6309297535714574,False,True,False,False,False,0,0,0,2,1,2,0,0,0,0,1
baseline,S_0020930,4,4,3,1,1,2,0.25,0.25,0.5,3,0.946394630357186,False,True,True,False,False,0,0,0,4,1,2,0,0,1,1,3
baseline,S_0020931,4,4,3,1,1,2,0.25,0.25,0.5,3,0.946394630357186,False,True,True,False,False,0,0,0,4,1,2,0,0,1,1,3
baseline,S_0020933,2,2,1,1,1,0,0.5,0.5,0.0,2,0.6309297535714574,False,True,False,False,False,0,0,2,0,1,1,0,1,0,0,2
baseline,S_0020945,5,5,4,1,2,2,0.2,0.4,0.4,3,0.9602297178607612,True,True,True,True,False,0,0,1,4,2,3,0,0,1,1,3
baseline,S_0020947,3,3,3,0,2,1,0.0,0.6666666666666666,0.3333333333333333,2,0.5793801642856949,False,True,True,False,False,0,0,1,2,2,3,0,0,0,0,1
baseline,S_0020949,4,4,3,1,2,1,0.25,0.5,0.25,3,0.946394630357186,False,True,True,False,False,0,0,2,2,2,1,1,0,2,0,3
baseline,S_0020950,4,4,3,1,2,1,0.25,0.5,0.25,3,0.946394630357186,False,True,True,False,False,0,0,2,2,2,1,1,0,2,0,3
baseline,S_0020952,1,1,1,1,0,0,1.0,0.0,0.0,1,-0.0,False,False,False,False,False,0,1,0,0,1,0,0,1,0,0,1
baseline,S_0020953,2,2,2,1,1,0,0.5,0.5,0.0,2,0.6309297535714574,False,True,False,False,False,0,0,0,2,1,0,1,0,1,0,2
baseline,S_0020954,2,2,2,1,1,0,0.5,0.5,0.0,2,0.6309297535714574,False,True,False,False,False,0,1,1,0,2,0,0,1,1,0,2
baseline,S_0020955,2,2,2,1,1,0,0.5,0.5,0.0,2,0.6309297535714574,False,True,False,False,False,0,1,1,0,2,0,0,1,1,0,2
baseline,S_0021023,1,1,1,1,0,0,1.0,0.0,0.0,1,-0.0,False,False,False,False,False,0,0,1,0,1,1,0,0,0,0,1
baseline,S_0021024,1,1,1,1,0,0,1.0,0.0,0.0,1,-0.0,False,False,False,False,False,0,0,1,0,1,1,0,0,0,0,1
baseline,S_0021026,1,1,1,1,0,0,1.0,0.0,0.0,1,-0.0,False,False,False,False,False,0,0,1,0,1,1,0,0,0,0,1
baseline,S_0021027,1,1,1,1,0,0,1.0,0.0,0.0,1,-0.0,False,False,False,False,False,0,0,1,0,1,1,0,0,0,0,1
baseline,S_0021028,1,1,1,1,0,0,1.0,0.0,0.0,1,-0.0,False,False,False,False,False,0,0,1,0,1,1,0,0,0,0,1
baseline,S_0021029,1,1,1,1,0,0,1.0,0.0,0.0,1,-0.0,False,False,False,False,False,0,0,1,0,1,1,0,0,0,0,1
baseline,S_0021040,1,1,1,0,1,0,0.0,1.0,0.0,1,-0.0,False,False,False,False,False,0,0,1,0,1,0,0,0,1,0,1
baseline,S_0021041,1,1,1,0,1,0,0.0,1.0,0.0,1,-0.0,False,False,False,False,False,0,0,0,1,1,1,0,0,0,0,1
baseline,S_0021042,3,2,3,0,2,0,0.0,1.0,0.0,1,-0.0,False,True,False,False,False,0,0,1,1,2,1,0,0,1,0,2
baseline,S_0021044,1,1,1,0,1,0,0.0,1.0,0.0,1,-0.0,False,False,False,False,False,0,0,1,0,1,0,0,0,1,0,1
baseline,S_0021046,1,1,1,0,1,0,0.0,1.0,0.0,1,-0.0,False,False,False,False,False,0,0,1,0,1,0,0,0,1,0,1
baseline,S_0021049,3,3,2,1,1,1,0.3333333333333333,0.3333333333333333,0.3333333333333333,3,0.9999999999999998,False,True,True,False,False,0,0,2,1,2,1,0,0,2,0,2
baseline,S_0021057,1,1,1,0,1,0,0.0,1.0,0.0,1,-0.0,False,False,False,False,False,0,0,0,1,1,1,0,0,0,0,1
baseline,S_0021067,1,1,1,1,0,0,1.0,0.0,0.0,1,-0.0,False,False,False,False,False,0,0,1,0,1,1,0,0,0,0,1
baseline,S_0021068,1,1,1,1,0,0,1.0,0.0,0.0,1,-0.0,False,False,False,False,False,0,0,1,0,1,1,0,0,0,0,1
baseline,S_0021070,1,1,1,1,0,0,1.0,0.0,0.0,1,-0.0,False,False,False,False,False,0,0,1,0,1,1,0,0,0,0,1
baseline,S_0021071,1,1,1,1,0,0,1.0,0.0,0.0,1,-0.0,False,False,False,False,False,0,0,1,0,1,1,0,0,0,0,1
baseline,S_0021073,1,1,1,1,0,0,1.0,0.0,0.0,1,-0.0,False,False,False,False,False,0,1,0,0,1,0,0,1,0,0,1
baseline,S_0021075,1,1,1,1,0,0,1.0,0.0,0.0,1,-0.0,False,False,False,False,False,0,1,0,0,1,0,0,1,0,0,1
baseline,S_0021080,4,2,2,0,1,1,0.0,0.5,0.5,2,0.6309297535714574,False,True,False,False,False,0,0,2,0,1,0,0,1,1,0,2
baseline,S_0021082,2,2,1,0,1,1,0.0,0.5,0.5,2,0.6309297535714574,False,True,False,False,False,0,0,2,0,1,0,0,1,1,0,2
baseline,S_0021110,1,1,1,0,1,0,0.0,1.0,0.0,1,-0.0,False,False,False,False,False,0,0,1,0,1,0,0,1,0,0,1
baseline,S_0021111,2,2,1,0,1,1,0.0,0.5,0.5,2,0.6309297535714574,False,True,False,False,False,0,0,2,0,1,0,0,1,1,0,2
baseline,S_0021112,3,3,1,0,2,1,0.0,0.6666666666666666,0.3333333333333333,2,0.5793801642856949,False,True,True,False,False,0,0,3,0,1,0,0,2,1,0,2
baseline,S_0021114,1,1,1,0,1,0,0.0,1.0,0.0,1,-0.0,False,False,False,False,False,0,0,1,0,1,0,0,1,0,0,1
baseline,S_0021115,1,1,1,0,1,0,0.0,1.0,0.0,1,-0.0,False,False,False,False,False,0,0,1,0,1,0,0,1,0,0,1
baseline,S_0021116,1,1,1,0,1,0,0.0,1.0,0.0,1,-0.0,False,False,False,False,False,0,0,1,0,1,0,0,1,0,0,1
baseline,S_0021117,1,1,1,0,0,1,0.0,0.0,1.0,1,-0.0,False,False,False,False,False,0,0,0,1,1,0,0,0,0,1,1
baseline,S_0021118,1,1,1,0,0,1,0.0,0.0,1.0,1,-0.0,False,False,False,False,False,0,0,0,1,1,0,0,0,0,1,1
baseline,S_0021119,1,1,1,0,1,0,0.0,1.0,0.0,1,-0.0,False,False,False,False,False,0,0,1,0,1,0,0,1,0,0,1
baseline,S_0021120,1,1,1,0,1,0,0.0,1.0,0.0,1,-0.0,False,False,False,False,False,0,0,1,0,1,0,0,1,0,0,1
baseline,S_0021121,2,2,2,0,1,1,0.0,0.5,0.5,2,0.6309297535714574,False,True,False,False,False,0,0,1,1,2,0,0,0,0,2,1
baseline,S_0021122,2,2,2,0,1,1,0.0,0.5,0.5,2,0.6309297535714574,False,True,False,False,False,0,0,1,1,2,0,0,0,0,2,1
baseline,S_0021123,1,1,1,0,1,0,0.0,1.0,0.0,1,-0.0,False,False,False,False,False,0,0,1,0,1,0,0,1,0,0,1
baseline,S_0021124,1,1,1,0,1,0,0.0,1.0,0.0,1,-0.0,False,False,False,False,False,0,0,1,0,1,0,0,1,0,0,1
baseline,S_0021128,1,1,1,0,0,1,0.0,0.0,1.0,1,-0.0,False,False,False,False,False,0,0,1,0,1,1,0,0,0,0,1
baseline,S_0021129,1,1,1,0,0,1,0.0,0.0,1.0,1,-0.0,False,False,False,False,False,0,0,1,0,1,1,0,0,0,0,1
baseline,S_0021132,1,1,1,0,0,1,0.0,0.0,1.0,1,-0.0,False,False,False,False,False,0,0,1,0,1,1,0,0,0,0,1
baseline,S_0021134,1,1,1,0,0,1,0.0,0.0,1.0,1,-0.0,False,False,False,False,False,0,0,1,0,1,1,0,0,0,0,1
baseline,S_0021135,1,1,1,0,1,0,0.0,1.0,0.0,1,-0.0,False,False,False,False,False,0,0,1,0,1,1,0,0,0,0,1
baseline,S_0021138,1,1,1,0,1,0,0.0,1.0,0.0,1,-0.0,False,False,False,False,False,0,0,1,0,1,1,0,0,0,0,1
baseline,S_0021140,1,1,1,0,1,0,0.0,1.0,0.0,1,-0.0,False,False,False,False,False,0,0,1,0,1,1,0,0,0,0,1
baseline,S_0021142,1,1,1,0,1,0,0.0,1.0,0.0,1,-0.0,False,False,False,False,False,0,0,1,0,1,1,0,0,0,0,1
baseline,S_0021143,1,1,1,0,1,0,0.0,1.0,0.0,1,-0.0,False,False,False,False,False,0,0,1,0,1,1,0,0,0,0,1
baseline,S_0021146,1,1,1,0,1,0,0.0,1.0,0.0,1,-0.0,False,False,False,False,False,0,1,0,0,1,0,0,0,0,1,1
baseline,S_0021157,1,1,1,0,1,0,0.0,1.0,0.0,1,-0.0,False,False,False,False,False,0,0,0,1,1,0,1,0,0,0,1
baseline,S_0021162,1,1,1,0,1,0,0.0,1.0,0.0,1,-0.0,False,False,False,False,False,0,0,1,0,1,1,0,0,0,0,1
baseline,S_0021164,1,1,1,0,1,0,0.0,1.0,0.0,1,-0.0,False,False,False,False,False,0,0,1,0,1,1,0,0,0,0,1
baseline,S_0021168,1,1,1,0,1,0,0.0,1.0,0.0,1,-0.0,False,False,False,False,False,0,0,0,1,1,0,1,0,0,0,1
baseline,S_0021169,1,1,1,0,1,0,0.0,1.0,0.0,1,-0.0,False,False,False,False,False,0,0,1,0,1,1,0,0,0,0,1
baseline,S_0021171,1,1,1,0,1,0,0.0,1.0,0.0,1,-0.0,False,False,False,False,False,0,0,1,0,1,1,0,0,0,0,1
baseline,S_0021181,1,1,1,0,1,0,0.0,1.0,0.0,1,-0.0,False,False,False,False,False,0,0,1,0,1,1,0,0,0,0,1
baseline,S_0021184,1,1,1,0,1,0,0.0,1.0,0.0,1,-0.0,False,False,False,False,False,0,0,1,0,1,1,0,0,0,0,1
baseline,S_0021189,1,1,1,0,1,0,0.0,1.0,0.0,1,-0.0,False,False,False,False,False,0,0,1,0,1,1,0,0,0,0,1
baseline,S_0021190,1,1,1,0,0,1,0.0,0.0,1.0,1,-0.0,False,False,False,False,False,0,0,1,0,1,0,0,0,1,0,1
baseline,S_0021193,1,1,1,0,0,1,0.0,0.0,1.0,1,-0.0,False,False,False,False,False,0,0,1,0,1,0,0,0,1,0,1
baseline,S_0021195,1,1,1,0,0,1,0.0,0.0,1.0,1,-0.0,False,False,False,False,False,0,0,1,0,1,0,0,0,1,0,1
baseline,S_0021197,1,1,1,0,0,1,0.0,0.0,1.0,1,-0.0,False,False,False,False,False,0,0,1,0,1,0,0,0,1,0,1
baseline,S_0021198,1,1,1,0,0,1,0.0,0.0,1.0,1,-0.0,False,False,False,False,False,0,0,1,0,1,0,0,0,1,0,1
baseline,S_0021203,1,1,1,1,0,0,1.0,0.0,0.0,1,-0.0,False,False,False,False,False,0,1,0,0,1,0,0,1,0,0,1
baseline,S_0021204,1,1,1,1,0,0,1.0,0.0,0.0,1,-0.0,False,False,False,False,False,0,1,0,0,1,0,0,1,0,0,1
baseline,S_0021209,1,1,1,0,0,1,0.0,0.0,1.0,1,-0.0,False,False,False,False,False,0,0,1,0,1,0,0,0,1,0,1
baseline,S_0021211,1,1,1,0,0,1,0.0,0.0,1.0,1,-0.0,False,False,False,False,False,0,0,1,0,1,0,0,0,1,0,1
baseline,S_0021213,2,2,1,0,0,2,0.0,0.0,1.0,1,-0.0,False,True,False,False,False,0,0,2,0,1,0,0,0,2,0,1
baseline,S_0021214,2,2,1,0,0,2,0.0,0.0,1.0,1,-0.0,False,True,False,False,False,0,0,2,0,1,0,0,0,2,0,1
baseline,S_0021216,1,1,1,1,0,0,1.0,0.0,0.0,1,-0.0,False,False,False,False,False,0,1,0,0,1,0,0,1,0,0,1
baseline,S_0021217,2,2,2,1,0,1,0.5,0.0,0.5,2,0.6309297535714574,False,True,False,False,False,0,1,1,0,2,0,0,1,1,0,2
baseline,S_0021218,1,1,1,0,0,1,0.0,0.0,1.0,1,-0.0,False,False,False,False,False,0,0,1,0,1,0,0,0,1,0,1
baseline,S_0021219,1,1,1,1,0,0,1.0,0.0,0.0,1,-0.0,False,False,False,False,False,0,1,0,0,1,0,0,1,0,0,1
baseline,S_0021222,1,1,1,0,0,1,0.0,0.0,1.0,1,-0.0,False,False,False,False,False,0,0,1,0,1,0,0,0,1,0,1
baseline,S_0021223,1,1,1,1,0,0,1.0,0.0,0.0,1,-0.0,False,False,False,False,False,0,1,0,0,1,0,0,1,0,0,1
baseline,S_0021228,7,4,7,0,3,1,0.0,0.75,0.25,2,0.5118595071429147,False,True,True,False,False,0,0,1,3,2,1,1,0,2,0,3
baseline,S_0021229,4,4,4,0,3,1,0.0,0.75,0.25,2,0.5118595071429147,False,True,True,False,False,0,0,1,3,2,1,1,0,2,0,3
baseline,S_0021231,1,1,1,0,1,0,0.0,1.0,0.0,1,-0.0,False,False,False,False,False,0,0,1,0,1,0,0,0,1,0,1
baseline,S_0021232,1,1,1,0,1,0,0.0,1.0,0.0,1,-0.0,False,False,False,False,False,0,0,1,0,1,0,0,0,1,0,1
baseline,S_0021241,7,7,6,1,4,2,0.14285714285714285,0.5714285714285714,0.2857142857142857,3,0.8699155297736259,True,True,True,True,False,0,0,1,6,2,1,3,0,3,0,3
baseline,S_0021254,2,1,2,0,1,0,0.0,1.0,0.0,1,-0.0,False,False,False,False,False,0,0,0,1,1,0,0,0,1,0,1
baseline,S_0021256,1,1,1,0,0,1,0.0,0.0,1.0,1,-0.0,False,False,False,False,False,0,0,1,0,1,1,0,0,0,0,1
baseline,S_0021259,1,1,1,1,0,0,1.0,0.0,0.0,1,-0.0,False,False,False,False,False,0,1,0,0,1,0,0,1,0,0,1
baseline,S_0021260,1,1,1,1,0,0,1.0,0.0,0.0,1,-0.0,False,False,False,False,False,0,1,0,0,1,0,0,1,0,0,1
baseline,S_0021270,1,1,1,0,1,0,0.0,1.0,0.0,1,-0.0,False,False,False,False,False,0,0,1,0,1,1,0,0,0,0,1
baseline,S_0021271,3,3,1,0,1,2,0.0,0.3333333333333333,0.6666666666666666,2,0.5793801642856949,False,True,True,False,False,0,0,3,0,1,1,0,0,2,0,2
baseline,S_0021272,2,2,1,0,0,2,0.0,0.0,1.0,1,-0.0,False,True,False,False,False,0,0,2,0,1,0,0,0,2,0,1
baseline,S_0021273,1,1,1,0,1,0,0.0,1.0,0.0,1,-0.0,False,False,False,False,False,0,0,1,0,1,1,0,0,0,0,1
baseline,S_0021274,1,1,1,0,1,0,0.0,1.0,0.0,1,-0.0,False,False,False,False,False,0,0,1,0,1,1,0,0,0,0,1
baseline,S_0021283,1,1,1,1,0,0,1.0,0.0,0.0,1,-0.0,False,False,False,False,False,0,1,0,0,1,0,0,1,0,0,1
baseline,S_0021288,3,3,1,0,1,2,0.0,0.3333333333333333,0.6666666666666666,2,0.5793801642856949,False,True,True,False,False,0,0,3,0,1,1,0,0,2,0,2
baseline,S_0021292,1,1,1,1,0,0,1.0,0.0,0.0,1,-0.0,False,False,False,False,False,0,1,0,0,1,0,0,1,0,0,1
baseline,S_0021293,1,1,1,1,0,0,1.0,0.0,0.0,1,-0.0,False,False,False,False,False,0,1,0,0,1,0,0,1,0,0,1
baseline,S_0021295,2,2,1,0,0,2,0.0,0.0,1.0,1,-0.0,False,True,False,False,False,0,0,2,0,1,0,0,0,2,0,1
baseline,S_0021306,1,1,1,0,1,0,0.0,1.0,0.0,1,-0.0,False,False,False,False,False,0,0,1,0,1,0,0,1,0,0,1
baseline,S_0021307,1,1,1,0,1,0,0.0,1.0,0.0,1,-0.0,False,False,False,False,False,0,0,1,0,1,0,0,1,0,0,1
baseline,S_0021312,1,1,1,0,1,0,0.0,1.0,0.0,1,-0.0,False,False,False,False,False,0,0,1,0,1,0,0,1,0,0,1
baseline,S_0021321,2,2,2,0,2,0,0.0,1.0,0.0,1,-0.0,False,True,False,False,False,1,1,0,0,2,1,0,1,0,0,2
baseline,S_0021322,2,2,2,0,2,0,0.0,1.0,0.0,1,-0.0,False,True,False,False,False,1,1,0,0,2,1,0,1,0,0,2
baseline,S_0021324,1,1,1,0,1,0,0.0,1.0,0.0,1,-0.0,False,False,False,False,False,0,1,0,0,1,0,0,1,0,0,1
baseline,S_0021329,1,1,1,0,1,0,0.0,1.0,0.0,1,-0.0,False,False,False,False,False,0,0,1,0,1,0,0,0,0,1,1
baseline,S_0021330,1,1,1,0,1,0,0.0,1.0,0.0,1,-0.0,False,False,False,False,False,0,0,1,0,1,0,0,0,0,1,1
baseline,S_0021333,1,1,1,0,1,0,0.0,1.0,0.0,1,-0.0,False,False,False,False,False,0,0,1,0,1,0,0,0,0,1,1
baseline,S_0021334,1,1,1,0,1,0,0.0,1.0,0.0,1,-0.0,False,False,False,False,False,0,0,1,0,1,0,0,0,0,1,1
baseline,S_0021336,1,1,1,0,1,0,0.0,1.0,0.0,1,-0.0,False,False,False,False,False,0,0,1,0,1,0,0,0,0,1,1
baseline,S_0021337,1,1,1,0,1,0,0.0,1.0,0.0,1,-0.0,False,False,False,False,False,0,0,1,0,1,0,0,0,0,1,1
baseline,S_0021339,1,1,1,0,0,1,0.0,0.0,1.0,1,-0.0,False,False,False,False,False,0,0,0,1,1,0,0,0,0,1,1
baseline,S_0021340,2,2,2,0,1,1,0.0,0.5,0.5,2,0.6309297535714574,False,True,False,False,False,0,0,1,1,2,0,0,0,0,2,1
baseline,S_0021343,1,1,1,0,1,0,0.0,1.0,0.0,1,-0.0,False,False,False,False,False,0,0,1,0,1,0,0,0,0,1,1
baseline,S_0021352,1,1,1,0,1,0,0.0,1.0,0.0,1,-0.0,False,False,False,False,False,0,0,0,1,1,0,1,0,0,0,1
baseline,S_0021383,1,1,1,1,0,0,1.0,0.0,0.0,1,-0.0,False,False,False,False,False,0,0,1,0,1,1,0,0,0,0,1
baseline,S_0021385,1,1,1,1,0,0,1.0,0.0,0.0,1,-0.0,False,False,False,False,False,0,0,1,0,1,1,0,0,0,0,1
baseline,S_0021389,1,1,1,0,1,0,0.0,1.0,0.0,1,-0.0,False,False,False,False,False,0,0,0,1,1,1,0,0,0,0,1
baseline,S_0021391,1,1,1,0,1,0,0.0,1.0,0.0,1,-0.0,False,False,False,False,False,0,0,0,1,1,1,0,0,0,0,1
baseline,S_0021400,2,2,1,0,1,1,0.0,0.5,0.5,2,0.6309297535714574,False,True,False,False,False,0,0,2,0,1,0,0,1,1,0,2
baseline,S_0021401,2,2,1,0,1,1,0.0,0.5,0.5,2,0.6309297535714574,False,True,False,False,False,0,0,2,0,1,0,0,1,1,0,2
baseline,S_0021407,2,2,1,0,1,1,0.0,0.5,0.5,2,0.6309297535714574,False,True,False,False,False,0,0,2,0,1,0,0,1,0,1,2
baseline,S_0021408,2,2,1,0,1,1,0.0,0.5,0.5,2,0.6309297535714574,False,True,False,False,False,0,0,2,0,1,0,0,1,0,1,2
baseline,S_0021411,2,2,1,0,1,1,0.0,0.5,0.5,2,0.6309297535714574,False,True,False,False,False,0,0,2,0,1,0,0,1,1,0,2
baseline,S_0021413,2,2,1,0,1,1,0.0,0.5,0.5,2,0.6309297535714574,False,True,False,False,False,0,0,2,0,1,0,0,1,1,0,2
baseline,S_0021414,2,2,1,0,1,1,0.0,0.5,0.5,2,0.6309297535714574,False,True,False,False,False,0,0,2,0,1,0,0,1,1,0,2
baseline,S_0021417,1,1,1,0,0,1,0.0,0.0,1.0,1,-0.0,False,False,False,False,False,0,1,0,0,1,1,0,0,0,0,1
baseline,S_0021418,1,1,1,0,1,0,0.0,1.0,0.0,1,-0.0,False,False,False,False,False,0,0,1,0,1,0,0,0,1,0,1
baseline,S_0021419,1,1,1,0,0,1,0.0,0.0,1.0,1,-0.0,False,False,False,False,False,0,1,0,0,1,1,0,0,0,0,1
baseline,S_0021420,1,1,1,0,0,1,0.0,0.0,1.0,1,-0.0,False,False,False,False,False,0,1,0,0,1,1,0,0,0,0,1
baseline,S_0021427,5,4,5,0,3,1,0.0,0.75,0.25,2,0.5118595071429147,False,True,True,False,False,0,0,1,3,2,1,1,0,2,0,3
baseline,S_0021429,2,2,2,0,2,0,0.0,1.0,0.0,1,-0.0,False,True,False,False,False,0,0,1,1,2,0,1,0,1,0,2
baseline,S_0021430,2,2,2,0,2,0,0.0,1.0,0.0,1,-0.0,False,True,False,False,False,0,0,1,1,2,0,1,0,1,0,2
baseline,S_0021432,2,2,2,0,2,0,0.0,1.0,0.0,1,-0.0,False,True,False,False,False,0,0,1,1,2,0,1,0,1,0,2
baseline,S_0021442,1,1,1,0,1,0,0.0,1.0,0.0,1,-0.0,False,False,False,False,False,1,0,0,0,1,1,0,0,0,0,1
baseline,S_0021443,1,1,1,0,1,0,0.0,1.0,0.0,1,-0.0,False,False,False,False,False,0,0,0,1,1,0,1,0,0,0,1
baseline,S_0021444,1,1,1,0,1,0,0.0,1.0,0.0,1,-0.0,False,False,False,False,False,0,1,0,0,1,0,0,1,0,0,1
baseline,S_0021446,2,2,2,0,2,0,0.0,1.0,0.0,1,-0.0,False,True,False,False,False,1,1,0,0,2,1,0,1,0,0,2
baseline,S_0021447,1,1,1,0,1,0,0.0,1.0,0.0,1,-0.0,False,False,False,False,False,0,1,0,0,1,0,0,1,0,0,1
baseline,S_0021448,1,1,1,0,1,0,0.0,1.0,0.0,1,-0.0,False,False,False,False,False,0,0,1,0,1,0,0,1,0,0,1
baseline,S_0021449,1,1,1,0,1,0,0.0,1.0,0.0,1,-0.0,False,False,False,False,False,0,0,1,0,1,0,0,1,0,0,1
baseline,S_0021453,1,1,1,0,1,0,0.0,1.0,0.0,1,-0.0,False,False,False,False,False,0,0,0,1,1,0,1,0,0,0,1
baseline,S_0021480,2,2,1,1,1,0,0.5,0.5,0.0,2,0.6309297535714574,False,True,False,False,False,0,0,0,2,1,0,1,0,1,0,2
baseline,S_0021482,1,1,1,0,1,0,0.0,1.0,0.0,1,-0.0,False,False,False,False,False,0,0,1,0,1,0,0,1,0,0,1
baseline,S_0021484,1,1,1,0,1,0,0.0,1.0,0.0,1,-0.0,False,False,False,False,False,0,0,1,0,1,0,0,1,0,0,1
baseline,S_0021486,9,7,8,1,4,2,0.14285714285714285,0.5714285714285714,0.2857142857142857,3,0.8699155297736259,True,True,True,True,False,0,0,1,6,2,1,3,0,3,0,3
baseline,S_0021487,1,1,1,0,1,0,0.0,1.0,0.0,1,-0.0,False,False,False,False,False,0,0,1,0,1,0,0,0,1,0,1
baseline,S_0021492,2,2,2,0,2,0,0.0,1.0,0.0,1,-0.0,False,True,False,False,False,0,0,1,1,2,0,0,0,2,0,1
baseline,S_0021497,2,2,2,0,1,1,0.0,0.5,0.5,2,0.6309297535714574,False,True,False,False,False,0,0,0,2,1,1,1,0,0,0,2
baseline,S_0021498,2,2,2,0,1,1,0.0,0.5,0.5,2,0.6309297535714574,False,True,False,False,False,0,0,0,2,1,1,1,0,0,0,2
baseline,S_0021606,1,1,1,0,1,0,0.0,1.0,0.0,1,-0.0,False,False,False,False,False,0,0,1,0,1,0,0,0,0,1,1
baseline,S_0021609,1,1,1,0,1,0,0.0,1.0,0.0,1,-0.0,False,False,False,False,False,0,0,1,0,1,0,0,0,1,0,1
baseline,S_0021630,1,1,1,0,0,1,0.0,0.0,1.0,1,-0.0,False,False,False,False,False,0,1,0,0,1,1,0,0,0,0,1
baseline,S_0021631,2,2,2,0,1,1,0.0,0.5,0.5,2,0.6309297535714574,False,True,False,False,False,0,1,1,0,2,1,0,0,1,0,2
baseline,S_0021632,1,1,1,0,1,0,0.0,1.0,0.0,1,-0.0,False,False,False,False,False,0,0,1,0,1,0,0,0,1,0,1
baseline,S_0021633,1,1,1,0,1,0,0.0,1.0,0.0,1,-0.0,False,False,False,False,False,0,0,1,0,1,0,0,0,1,0,1
baseline,S_0021634,1,1,1,0,1,0,0.0,1.0,0.0,1,-0.0,False,False,False,False,False,0,0,1,0,1,0,0,0,1,0,1
baseline,S_0021637,1,1,1,0,1,0,0.0,1.0,0.0,1,-0.0,False,False,False,False,False,0,0,1,0,1,0,0,0,1,0,1
baseline,S_0021638,1,1,1,0,1,0,0.0,1.0,0.0,1,-0.0,False,False,False,False,False,0,0,1,0,1,0,0,0,1,0,1
baseline,S_0021639,1,1,1,0,1,0,0.0,1.0,0.0,1,-0.0,False,False,False,False,False,0,0,1,0,1,0,0,0,1,0,1
baseline,S_0021640,5,5,4,0,5,0,0.0,1.0,0.0,1,-0.0,True,True,True,True,False,0,0,0,5,1,0,1,0,3,1,3
baseline,S_0021641,1,1,1,0,1,0,0.0,1.0,0.0,1,-0.0,False,False,False,False,False,0,0,1,0,1,0,0,1,0,0,1
baseline,S_0021642,2,2,1,0,2,0,0.0,1.0,0.0,1,-0.0,False,True,False,False,False,0,0,2,0,1,0,0,1,1,0,2
baseline,S_0021643,5,5,4,0,5,0,0.0,1.0,0.0,1,-0.0,True,True,True,True,False,0,0,0,5,1,0,1,0,3,1,3
baseline,S_0021644,5,5,4,0,5,0,0.0,1.0,0.0,1,-0.0,True,True,True,True,False,0,0,0,5,1,0,1,0,3,1,3
baseline,S_0021648,6,6,5,0,5,1,0.0,0.8333333333333334,0.16666666666666666,2,0.41011848630651804,True,True,True,True,False,0,0,0,6,1,0,1,0,3,2,3
baseline,S_0021649,6,6,5,0,5,1,0.0,0.8333333333333334,0.16666666666666666,2,0.41011848630651804,True,True,True,True,False,0,0,0,6,1,0,1,0,3,2,3
baseline,S_0021650,5,5,4,0,5,0,0.0,1.0,0.0,1,-0.0,True,True,True,True,False,0,0,0,5,1,0,1,0,3,1,3
baseline,S_0021651,5,5,4,0,5,0,0.0,1.0,0.0,1,-0.0,True,True,True,True,False,0,0,0,5,1,0,1,0,3,1,3
baseline,S_0021652,5,5,4,0,5,0,0.0,1.0,0.0,1,-0.0,True,True,True,True,False,0,0,0,5,1,0,1,0,3,1,3
baseline,S_0021654,1,1,1,0,0,1,0.0,0.0,1.0,1,-0.0,False,False,False,False,False,0,0,1,0,1,0,0,0,1,0,1
baseline,S_0021655,1,1,1,0,0,1,0.0,0.0,1.0,1,-0.0,False,False,False,False,False,0,0,1,0,1,0,0,0,1,0,1
baseline,S_0021657,1,1,1,0,1,0,0.0,1.0,0.0,1,-0.0,False,False,False,False,False,0,0,1,0,1,0,0,1,0,0,1
baseline,S_0021658,1,1,1,0,1,0,0.0,1.0,0.0,1,-0.0,False,False,False,False,False,0,0,1,0,1,0,0,1,0,0,1
baseline,S_0021660,2,2,2,0,1,1,0.0,0.5,0.5,2,0.6309297535714574,False,True,False,False,False,0,0,2,0,1,0,1,0,1,0,2
baseline,S_0021662,2,2,2,0,1,1,0.0,0.5,0.5,2,0.6309297535714574,False,True,False,False,False,0,0,2,0,1,0,1,0,1,0,2
baseline,S_0021663,1,1,1,0,1,0,0.0,1.0,0.0,1,-0.0,False,False,False,False,False,0,0,1,0,1,0,1,0,0,0,1
baseline,S_0021664,2,2,2,0,1,1,0.0,0.5,0.5,2,0.6309297535714574,False,True,False,False,False,0,0,2,0,1,0,1,0,1,0,2
baseline,S_0021665,1,1,1,0,0,1,0.0,0.0,1.0,1,-0.0,False,False,False,False,False,0,0,1,0,1,0,0,0,1,0,1
baseline,S_0021666,1,1,1,0,1,0,0.0,1.0,0.0,1,-0.0,False,False,False,False,False,0,0,1,0,1,0,1,0,0,0,1
baseline,S_0021672,1,1,1,0,1,0,0.0,1.0,0.0,1,-0.0,False,False,False,False,False,0,0,1,0,1,0,1,0,0,0,1
baseline,S_0021673,1,1,1,0,1,0,0.0,1.0,0.0,1,-0.0,False,False,False,False,False,0,0,1,0,1,0,1,0,0,0,1
baseline,S_0021683,1,1,1,0,1,0,0.0,1.0,0.0,1,-0.0,False,False,False,False,False,0,0,1,0,1,0,1,0,0,0,1
baseline,S_0021686,1,1,1,0,1,0,0.0,1.0,0.0,1,-0.0,False,False,False,False,False,0,0,1,0,1,0,1,0,0,0,1
baseline,S_0021690,1,1,1,0,1,0,0.0,1.0,0.0,1,-0.0,False,False,False,False,False,0,0,1,0,1,0,0,0,0,1,1
baseline,S_0021692,1,1,1,0,1,0,0.0,1.0,0.0,1,-0.0,False,False,False,False,False,0,0,1,0,1,1,0,0,0,0,1
baseline,S_0021731,1,1,1,0,1,0,0.0,1.0,0.0,1,-0.0,False,False,False,False,False,0,0,0,1,1,1,0,0,0,0,1
baseline,S_0021734,1,1,1,0,1,0,0.0,1.0,0.0,1,-0.0,False,False,False,False,False,0,0,0,1,1,1,0,0,0,0,1
baseline,S_0021736,1,1,1,0,1,0,0.0,1.0,0.0,1,-0.0,False,False,False,False,False,0,0,0,1,1,1,0,0,0,0,1
baseline,S_0021738,3,3,2,0,3,0,0.0,1.0,0.0,1,-0.0,False,True,True,False,False,0,0,3,0,1,1,0,0,2,0,2
baseline,S_0021740,2,2,2,0,2,0,0.0,1.0,0.0,1,-0.0,False,True,False,False,False,0,1,1,0,2,2,0,0,0,0,1
baseline,S_0021741,3,3,3,0,3,0,0.0,1.0,0.0,1,-0.0,False,True,True,False,False,0,1,2,0,2,1,0,0,2,0,2
baseline,S_0021742,3,3,3,0,3,0,0.0,1.0,0.0,1,-0.0,False,True,True,False,False,0,1,2,0,2,1,0,0,2,0,2
baseline,S_0021743,2,2,2,0,2,0,0.0,1.0,0.0,1,-0.0,False,True,False,False,False,0,0,2,0,1,0,0,0,2,0,1
baseline,S_0021744,1,1,1,0,1,0,0.0,1.0,0.0,1,-0.0,False,False,False,False,False,0,1,0,0,1,1,0,0,0,0,1
baseline,S_0021745,2,2,2,0,2,0,0.0,1.0,0.0,1,-0.0,False,True,False,False,False,0,0,2,0,1,0,0,0,2,0,1
baseline,S_0021766,2,2,2,0,2,0,0.0,1.0,0.0,1,-0.0,False,True,False,False,False,0,0,1,1,2,0,1,0,1,0,2
baseline,S_0021767,3,2,3,0,2,0,0.0,1.0,0.0,1,-0.0,False,True,False,False,False,0,0,1,1,2,0,1,0,1,0,2
baseline,S_0021768,1,1,1,0,0,1,0.0,0.0,1.0,1,-0.0,False,False,False,False,False,0,0,1,0,1,1,0,0,0,0,1
baseline,S_0021769,1,1,1,0,1,0,0.0,1.0,0.0,1,-0.0,False,False,False,False,False,0,0,0,1,1,0,0,0,1,0,1
baseline,S_0021770,2,2,2,0,2,0,0.0,1.0,0.0,1,-0.0,False,True,False,False,False,1,0,1,0,2,1,1,0,0,0,2
baseline,S_0021781,1,1,1,0,0,1,0.0,0.0,1.0,1,-0.0,False,False,False,False,False,0,0,1,0,1,1,0,0,0,0,1
baseline,S_0021784,1,1,1,1,0,0,1.0,0.0,0.0,1,-0.0,False,False,False,False,False,0,1,0,0,1,0,0,1,0,0,1
baseline,S_0021785,1,1,1,1,0,0,1.0,0.0,0.0,1,-0.0,False,False,False,False,False,0,1,0,0,1,0,0,1,0,0,1
baseline,S_0021787,1,1,1,1,0,0,1.0,0.0,0.0,1,-0.0,False,False,False,False,False,0,1,0,0,1,0,0,1,0,0,1
baseline,S_0021789,1,1,1,0,1,0,0.0,1.0,0.0,1,-0.0,False,False,False,False,False,0,0,0,1,1,0,0,0,1,0,1
baseline,S_0021790,4,4,3,1,1,2,0.25,0.25,0.5,3,0.946394630357186,False,True,True,False,False,0,0,0,4,1,2,0,0,1,1,3
baseline,S_0021793,1,1,1,0,1,0,0.0,1.0,0.0,1,-0.0,False,False,False,False,False,0,0,1,0,1,0,0,1,0,0,1
baseline,S_0021794,1,1,1,0,1,0,0.0,1.0,0.0,1,-0.0,False,False,False,False,False,0,0,1,0,1,1,0,0,0,0,1
baseline,S_0021796,1,1,1,0,1,0,0.0,1.0,0.0,1,-0.0,False,False,False,False,False,0,0,1,0,1,1,0,0,0,0,1
baseline,S_0021808,1,1,1,0,1,0,0.0,1.0,0.0,1,-0.0,False,False,False,False,False,0,0,1,0,1,1,0,0,0,0,1
baseline,S_0021809,6,4,5,1,1,2,0.25,0.25,0.5,3,0.946394630357186,False,True,True,False,False,0,0,0,4,1,2,0,0,1,1,3
baseline,S_0021824,1,1,1,0,1,0,0.0,1.0,0.0,1,-0.0,False,False,False,False,False,0,1,0,0,1,1,0,0,0,0,1
baseline,S_0021827,1,1,1,0,1,0,0.0,1.0,0.0,1,-0.0,False,False,False,False,False,0,1,0,0,1,1,0,0,0,0,1
baseline,S_0021841,1,1,1,0,1,0,0.0,1.0,0.0,1,-0.0,False,False,False,False,False,0,1,0,0,1,1,0,0,0,0,1
baseline,S_0021843,2,2,2,0,1,1,0.0,0.5,0.5,2,0.6309297535714574,False,True,False,False,False,0,1,1,0,2,1,0,0,1,0,2
baseline,S_0021844,1,1,1,0,1,0,0.0,1.0,0.0,1,-0.0,False,False,False,False,False,0,1,0,0,1,1,0,0,0,0,1
baseline,S_0021845,1,1,1,0,0,1,0.0,0.0,1.0,1,-0.0,False,False,False,False,False,0,0,1,0,1,0,0,0,1,0,1
baseline,S_0021847,1,1,1,0,1,0,0.0,1.0,0.0,1,-0.0,False,False,False,False,False,0,0,1,0,1,0,1,0,0,0,1
baseline,S_0021848,1,1,1,0,1,0,0.0,1.0,0.0,1,-0.0,False,False,False,False,False,0,0,1,0,1,0,1,0,0,0,1
baseline,S_0021857,2,2,1,1,1,0,0.5,0.5,0.0,2,0.6309297535714574,False,True,False,False,False,0,0,2,0,1,1,0,0,0,1,2
baseline,S_0021860,2,2,1,1,1,0,0.5,0.5,0.0,2,0.6309297535714574,False,True,False,False,False,0,0,2,0,1,1,0,0,0,1,2
baseline,S_0021862,2,2,1,1,1,0,0.5,0.5,0.0,2,0.6309297535714574,False,True,False,False,False,0,0,2,0,1,1,0,0,0,1,2
baseline,S_0021863,2,2,1,1,1,0,0.5,0.5,0.0,2,0.6309297535714574,False,True,False,False,False,0,0,2,0,1,1,0,0,0,1,2
baseline,S_0021865,1,1,1,0,1,0,0.0,1.0,0.0,1,-0.0,False,False,False,False,False,0,0,1,0,1,1,0,0,0,0,1
baseline,S_0021866,1,1,1,0,1,0,0.0,1.0,0.0,1,-0.0,False,False,False,False,False,0,0,1,0,1,1,0,0,0,0,1
baseline,S_0021870,1,1,1,0,1,0,0.0,1.0,0.0,1,-0.0,False,False,False,False,False,0,0,1,0,1,1,0,0,0,0,1
baseline,S_0021888,1,1,1,0,0,1,0.0,0.0,1.0,1,-0.0,False,False,False,False,False,0,0,1,0,1,0,0,0,1,0,1
baseline,S_0021889,1,1,1,0,0,1,0.0,0.0,1.0,1,-0.0,False,False,False,False,False,0,0,1,0,1,0,0,0,1,0,1
baseline,S_0021895,1,1,1,0,1,0,0.0,1.0,0.0,1,-0.0,False,False,False,False,False,0,0,0,1,1,0,0,0,1,0,1
baseline,S_0021906,1,1,1,0,1,0,0.0,1.0,0.0,1,-0.0,False,False,False,False,False,0,1,0,0,1,0,0,0,0,1,1
baseline,S_0021917,3,3,2,1,2,0,0.3333333333333333,0.6666666666666666,0.0,2,0.5793801642856949,False,True,True,False,False,0,1,2,0,2,1,0,0,0,2,2
baseline,S_0021919,3,3,2,1,2,0,0.3333333333333333,0.6666666666666666,0.0,2,0.5793801642856949,False,True,True,False,False,0,1,2,0,2,1,0,0,0,2,2
baseline,S_0021924,1,1,1,0,1,0,0.0,1.0,0.0,1,-0.0,False,False,False,False,False,0,0,1,0,1,1,0,0,0,0,1
baseline,S_0021932,1,1,1,0,1,0,0.0,1.0,0.0,1,-0.0,False,False,False,False,False,0,0,1,0,1,1,0,0,0,0,1
baseline,S_0021933,1,1,1,0,1,0,0.0,1.0,0.0,1,-0.0,False,False,False,False,False,0,0,1,0,1,1,0,0,0,0,1
baseline,S_0021934,1,1,1,0,1,0,0.0,1.0,0.0,1,-0.0,False,False,False,False,False,0,0,1,0,1,1,0,0,0,0,1
baseline,S_0021936,1,1,1,0,1,0,0.0,1.0,0.0,1,-0.0,False,False,False,False,False,0,0,1,0,1,1,0,0,0,0,1
baseline,S_0021937,1,1,1,0,1,0,0.0,1.0,0.0,1,-0.0,False,False,False,False,False,0,0,1,0,1,1,0,0,0,0,1
baseline,S_0021939,1,1,1,1,0,0,1.0,0.0,0.0,1,-0.0,False,False,False,False,False,0,0,1,0,1,0,0,0,0,1,1
baseline,S_0021940,2,2,1,1,1,0,0.5,0.5,0.0,2,0.6309297535714574,False,True,False,False,False,0,0,2,0,1,1,0,0,0,1,2
baseline,S_0021941,2,2,1,1,1,0,0.5,0.5,0.0,2,0.6309297535714574,False,True,False,False,False,0,0,2,0,1,1,0,0,0,1,2
baseline,S_0021942,2,2,1,1,1,0,0.5,0.5,0.0,2,0.6309297535714574,False,True,False,False,False,0,0,2,0,1,1,0,0,0,1,2
baseline,S_0021956,1,1,1,0,1,0,0.0,1.0,0.0,1,-0.0,False,False,False,False,False,0,0,1,0,1,0,0,1,0,0,1
baseline,S_0021960,2,2,1,0,1,1,0.0,0.5,0.5,2,0.6309297535714574,False,True,False,False,False,0,0,2,0,1,0,0,1,1,0,2
baseline,S_0021963,2,2,1,0,1,1,0.0,0.5,0.5,2,0.6309297535714574,False,True,False,False,False,0,0,2,0,1,0,0,1,1,0,2
baseline,S_0021974,1,1,1,1,0,0,1.0,0.0,0.0,1,-0.0,False,False,False,False,False,0,1,0,0,1,0,0,1,0,0,1
baseline,S_0021975,1,1,1,1,0,0,1.0,0.0,0.0,1,-0.0,False,False,False,False,False,0,1,0,0,1,0,0,1,0,0,1
baseline,S_0021978,1,1,1,0,0,1,0.0,0.0,1.0,1,-0.0,False,False,False,False,False,0,0,1,0,1,1,0,0,0,0,1
baseline,S_0021981,1,1,1,0,0,1,0.0,0.0,1.0,1,-0.0,False,False,False,False,False,0,0,1,0,1,1,0,0,0,0,1
baseline,S_0021993,1,1,1,0,0,1,0.0,0.0,1.0,1,-0.0,False,False,False,False,False,0,0,1,0,1,1,0,0,0,0,1
baseline,S_0021994,1,1,1,0,0,1,0.0,0.0,1.0,1,-0.0,False,False,False,False,False,0,0,1,0,1,1,0,0,0,0,1
baseline,S_0021996,1,1,1,0,1,0,0.0,1.0,0.0,1,-0.0,False,False,False,False,False,0,0,1,0,1,0,0,1,0,0,1
baseline,S_0021997,1,1,1,0,1,0,0.0,1.0,0.0,1,-0.0,False,False,False,False,False,0,0,1,0,1,0,0,1,0,0,1
baseline,S_0021998,3,3,1,0,1,2,0.0,0.3333333333333333,0.6666666666666666,2,0.5793801642856949,False,True,True,False,False,0,0,3,0,1,1,0,0,2,0,2
baseline,S_0022001,1,1,1,1,0,0,1.0,0.0,0.0,1,-0.0,False,False,False,False,False,0,1,0,0,1,0,0,1,0,0,1
baseline,S_0022007,1,1,1,0,1,0,0.0,1.0,0.0,1,-0.0,False,False,False,False,False,1,0,0,0,1,1,0,0,0,0,1
baseline,S_0022008,1,1,1,0,1,0,0.0,1.0,0.0,1,-0.0,False,False,False,False,False,1,0,0,0,1,1,0,0,0,0,1
baseline,S_0022018,1,1,1,0,0,1,0.0,0.0,1.0,1,-0.0,False,False,False,False,False,0,1,0,0,1,1,0,0,0,0,1
baseline,S_0022020,1,1,1,0,0,1,0.0,0.0,1.0,1,-0.0,False,False,False,False,False,0,1,0,0,1,1,0,0,0,0,1
baseline,S_0022024,1,1,1,0,1,0,0.0,1.0,0.0,1,-0.0,False,False,False,False,False,0,1,0,0,1,0,0,1,0,0,1
baseline,S_0022025,1,1,1,0,1,0,0.0,1.0,0.0,1,-0.0,False,False,False,False,False,0,1,0,0,1,0,0,1,0,0,1
baseline,S_0022027,1,1,1,0,0,1,0.0,0.0,1.0,1,-0.0,False,False,False,False,False,0,1,0,0,1,1,0,0,0,0,1
baseline,S_0022028,2,2,1,0,1,1,0.0,0.5,0.5,2,0.6309297535714574,False,True,False,False,False,0,2,0,0,1,1,0,1,0,0,2
baseline,S_0022066,2,2,1,0,2,0,0.0,1.0,0.0,1,-0.0,False,True,False,False,False,0,0,2,0,1,0,1,0,1,0,2
baseline,S_0022067,2,2,2,0,2,0,0.0,1.0,0.0,1,-0.0,False,True,False,False,False,0,0,1,1,2,0,0,0,2,0,1
baseline,S_0022069,2,2,2,0,2,0,0.0,1.0,0.0,1,-0.0,False,True,False,False,False,0,0,1,1,2,0,0,0,2,0,1
baseline,S_0022086,4,4,2,0,3,1,0.0,0.75,0.25,2,0.5118595071429147,False,True,True,False,False,0,0,3,1,2,1,1,1,0,1,4
baseline,S_0022087,7,4,3,0,3,1,0.0,0.75,0.25,2,0.5118595071429147,False,True,True,False,False,0,0,3,1,2,1,1,1,0,1,4
baseline,S_0022103,1,1,1,0,1,0,0.0,1.0,0.0,1,-0.0,False,False,False,False,False,0,0,1,0,1,0,0,0,1,0,1
baseline,S_0022104,1,1,1,0,1,0,0.0,1.0,0.0,1,-0.0,False,False,False,False,False,0,0,1,0,1,0,0,0,1,0,1
baseline,S_0022110,1,1,1,0,0,1,0.0,0.0,1.0,1,-0.0,False,False,False,False,False,0,0,1,0,1,0,0,0,1,0,1
baseline,S_0022111,1,1,1,0,0,1,0.0,0.0,1.0,1,-0.0,False,False,False,False,False,0,0,1,0,1,0,0,0,1,0,1
baseline,S_0022119,3,3,3,0,2,1,0.0,0.6666666666666666,0.3333333333333333,2,0.5793801642856949,False,True,True,False,False,0,1,0,2,2,2,0,0,1,0,2
baseline,S_0022120,1,1,1,0,1,0,0.0,1.0,0.0,1,-0.0,False,False,False,False,False,0,0,1,0,1,0,0,0,1,0,1
baseline,S_0022121,2,2,2,0,2,0,0.0,1.0,0.0,1,-0.0,False,True,False,False,False,0,0,0,2,1,1,0,0,1,0,2
baseline,S_0022122,4,4,4,0,3,1,0.0,0.75,0.25,2,0.5118595071429147,False,True,True,False,False,0,1,1,2,3,2,0,0,2,0,2
baseline,S_0022123,3,3,3,0,2,1,0.0,0.6666666666666666,0.3333333333333333,2,0.5793801642856949,False,True,True,False,False,0,1,0,2,2,2,0,0,1,0,2
baseline,S_0022124,3,3,3,0,2,1,0.0,0.6666666666666666,0.3333333333333333,2,0.5793801642856949,False,True,True,False,False,0,1,0,2,2,2,0,0,1,0,2
baseline,S_0022126,3,3,3,0,2,1,0.0,0.6666666666666666,0.3333333333333333,2,0.5793801642856949,False,True,True,False,False,0,1,0,2,2,2,0,0,1,0,2
baseline,S_0022127,4,2,4,2,0,0,1.0,0.0,0.0,1,-0.0,False,True,False,False,False,0,0,0,2,1,0,1,0,1,0,2
baseline,S_0022128,4,2,4,2,0,0,1.0,0.0,0.0,1,-0.0,False,True,False,False,False,0,0,0,2,1,0,1,0,1,0,2
baseline,S_0022129,5,3,5,0,2,1,0.0,0.6666666666666666,0.3333333333333333,2,0.5793801642856949,False,True,True,False,False,0,1,0,2,2,2,0,0,1,0,2
baseline,S_0022132,1,1,1,0,0,1,0.0,0.0,1.0,1,-0.0,False,False,False,False,False,0,0,1,0,1,0,0,0,1,0,1
baseline,S_0022133,1,1,1,0,0,1,0.0,0.0,1.0,1,-0.0,False,False,False,False,False,0,0,1,0,1,0,0,0,1,0,1
baseline,S_0022135,1,1,1,0,1,0,0.0,1.0,0.0,1,-0.0,False,False,False,False,False,0,0,1,0,1,0,0,0,1,0,1
baseline,S_0022136,2,2,2,0,2,0,0.0,1.0,0.0,1,-0.0,False,True,False,False,False,0,0,0,2,1,1,0,0,1,0,2
baseline,S_0022137,3,3,3,0,3,0,0.0,1.0,0.0,1,-0.0,False,True,True,False,False,0,0,1,2,2,1,0,1,1,0,3
baseline,S_0022138,1,1,1,0,1,0,0.0,1.0,0.0,1,-0.0,False,False,False,False,False,0,0,1,0,1,0,0,0,1,0,1
baseline,S_0022139,1,1,1,0,1,0,0.0,1.0,0.0,1,-0.0,False,False,False,False,False,0,0,1,0,1,0,0,0,1,0,1
baseline,S_0022143,2,2,2,2,0,0,1.0,0.0,0.0,1,-0.0,False,True,False,False,False,0,0,0,2,1,0,1,0,1,0,2
baseline,S_0022145,11,7,8,0,7,0,0.0,1.0,0.0,1,-0.0,True,True,True,True,False,0,0,2,5,2,0,1,1,4,1,4
baseline,S_0022146,5,5,4,0,5,0,0.0,1.0,0.0,1,-0.0,True,True,True,True,False,0,0,0,5,1,0,1,0,3,1,3
baseline,S_0022149,1,1,1,0,1,0,0.0,1.0,0.0,1,-0.0,False,False,False,False,False,0,0,1,0,1,0,0,1,0,0,1
baseline,S_0022160,1,1,1,0,1,0,0.0,1.0,0.0,1,-0.0,False,False,False,False,False,0,0,0,1,1,0,1,0,0,0,1
baseline,S_0022162,1,1,1,0,1,0,0.0,1.0,0.0,1,-0.0,False,False,False,False,False,0,0,0,1,1,0,1,0,0,0,1
baseline,S_0022166,1,1,1,0,1,0,0.0,1.0,0.0,1,-0.0,False,False,False,False,False,0,0,1,0,1,1,0,0,0,0,1
baseline,S_0022181,2,2,2,1,1,0,0.5,0.5,0.0,2,0.6309297535714574,False,True,False,False,False,0,1,1,0,2,1,0,0,0,1,2
baseline,S_0022182,2,2,2,1,1,0,0.5,0.5,0.0,2,0.6309297535714574,False,True,False,False,False,0,1,1,0,2,1,0,0,0,1,2
baseline,S_0022183,2,2,2,1,1,0,0.5,0.5,0.0,2,0.6309297535714574,False,True,False,False,False,0,1,1,0,2,1,0,0,0,1,2
baseline,S_0022185,2,2,2,1,1,0,0.5,0.5,0.0,2,0.6309297535714574,False,True,False,False,False,0,1,1,0,2,1,0,0,0,1,2
baseline,S_0022199,2,2,2,1,1,0,0.5,0.5,0.0,2,0.6309297535714574,False,True,False,False,False,0,1,1,0,2,1,0,0,0,1,2
baseline,S_0022200,2,2,2,1,1,0,0.5,0.5,0.0,2,0.6309297535714574,False,True,False,False,False,0,1,1,0,2,1,0,0,0,1,2
baseline,S_0022201,2,2,2,1,1,0,0.5,0.5,0.0,2,0.6309297535714574,False,True,False,False,False,0,1,1,0,2,1,0,0,0,1,2
baseline,S_0022203,3,3,3,2,1,0,0.6666666666666666,0.3333333333333333,0.0,2,0.5793801642856949,False,True,True,False,False,0,1,1,1,3,1,0,0,1,1,3
baseline,S_0022204,2,2,2,1,1,0,0.5,0.5,0.0,2,0.6309297535714574,False,True,False,False,False,0,1,1,0,2,1,0,0,0,1,2
baseline,S_0022206,2,2,2,1,1,0,0.5,0.5,0.0,2,0.6309297535714574,False,True,False,False,False,0,1,1,0,2,1,0,0,0,1,2
baseline,S_0022207,2,2,2,1,1,0,0.5,0.5,0.0,2,0.6309297535714574,False,True,False,False,False,0,1,1,0,2,1,0,0,0,1,2
baseline,S_0022208,2,2,2,1,1,0,0.5,0.5,0.0,2,0.6309297535714574,False,True,False,False,False,0,1,1,0,2,1,0,0,0,1,2
baseline,S_0022210,2,2,2,1,1,0,0.5,0.5,0.0,2,0.6309297535714574,False,True,False,False,False,0,1,1,0,2,1,0,0,0,1,2
baseline,S_0022218,1,1,1,0,1,0,0.0,1.0,0.0,1,-0.0,False,False,False,False,False,0,1,0,0,1,1,0,0,0,0,1
baseline,S_0022220,1,1,1,0,1,0,0.0,1.0,0.0,1,-0.0,False,False,False,False,False,0,1,0,0,1,1,0,0,0,0,1
baseline,S_0022278,2,2,2,0,2,0,0.0,1.0,0.0,1,-0.0,False,True,False,False,False,0,0,2,0,1,0,0,0,2,0,1
baseline,S_0022279,2,2,2,0,2,0,0.0,1.0,0.0,1,-0.0,False,True,False,False,False,0,0,2,0,1,0,0,0,2,0,1
baseline,S_0022280,2,2,2,0,2,0,0.0,1.0,0.0,1,-0.0,False,True,False,False,False,0,0,2,0,1,0,0,0,2,0,1
baseline,S_0022300,2,2,2,0,2,0,0.0,1.0,0.0,1,-0.0,False,True,False,False,False,0,0,2,0,1,0,0,0,2,0,1
baseline,S_0022310,2,2,2,0,2,0,0.0,1.0,0.0,1,-0.0,False,True,False,False,False,0,0,2,0,1,0,0,0,2,0,1
baseline,S_0022311,2,2,2,0,2,0,0.0,1.0,0.0,1,-0.0,False,True,False,False,False,0,0,2,0,1,0,0,0,2,0,1
baseline,S_0022312,2,2,2,0,2,0,0.0,1.0,0.0,1,-0.0,False,True,False,False,False,0,0,2,0,1,0,0,0,2,0,1
baseline,S_0022313,2,2,2,0,2,0,0.0,1.0,0.0,1,-0.0,False,True,False,False,False,0,0,2,0,1,0,0,0,2,0,1
baseline,S_0022315,2,2,2,0,2,0,0.0,1.0,0.0,1,-0.0,False,True,False,False,False,0,0,2,0,1,0,0,0,2,0,1
baseline,S_0022317,2,2,2,0,2,0,0.0,1.0,0.0,1,-0.0,False,True,False,False,False,0,0,2,0,1,0,0,0,2,0,1
baseline,S_0022318,2,2,2,0,2,0,0.0,1.0,0.0,1,-0.0,False,True,False,False,False,0,0,2,0,1,0,0,0,2,0,1
baseline,S_0022320,2,2,2,0,2,0,0.0,1.0,0.0,1,-0.0,False,True,False,False,False,0,0,2,0,1,0,0,0,2,0,1
baseline,S_0022321,4,2,4,0,2,0,0.0,1.0,0.0,1,-0.0,False,True,False,False,False,0,0,2,0,1,0,0,0,2,0,1
baseline,S_0022323,2,2,2,0,2,0,0.0,1.0,0.0,1,-0.0,False,True,False,False,False,0,0,2,0,1,0,0,0,2,0,1
baseline,S_0022328,2,2,2,0,2,0,0.0,1.0,0.0,1,-0.0,False,True,False,False,False,0,0,2,0,1,0,0,0,2,0,1
baseline,S_0022342,2,2,2,0,2,0,0.0,1.0,0.0,1,-0.0,False,True,False,False,False,0,0,2,0,1,0,0,0,2,0,1
baseline,S_0022543,2,2,2,0,2,0,0.0,1.0,0.0,1,-0.0,False,True,False,False,False,0,0,2,0,1,0,0,0,2,0,1
baseline,S_0022545,2,2,2,0,2,0,0.0,1.0,0.0,1,-0.0,False,True,False,False,False,0,0,2,0,1,0,0,0,2,0,1
baseline,S_0022559,5,3,5,1,2,0,0.3333333333333333,0.6666666666666666,0.0,2,0.5793801642856949,False,True,True,False,False,0,0,0,3,1,1,0,0,1,1,3
baseline,S_0022561,5,3,5,1,2,0,0.3333333333333333,0.6666666666666666,0.0,2,0.5793801642856949,False,True,True,False,False,0,0,0,3,1,1,0,0,1,1,3
baseline,S_0022563,5,3,5,1,2,0,0.3333333333333333,0.6666666666666666,0.0,2,0.5793801642856949,False,True,True,False,False,0,0,0,3,1,1,0,0,1,1,3
baseline,S_0022565,6,3,6,1,2,0,0.3333333333333333,0.6666666666666666,0.0,2,0.5793801642856949,False,True,True,False,False,0,0,0,3,1,1,0,0,1,1,3
baseline,S_0022569,1,1,1,0,1,0,0.0,1.0,0.0,1,-0.0,False,False,False,False,False,0,0,0,1,1,0,0,0,1,0,1
baseline,S_0022570,1,1,1,0,1,0,0.0,1.0,0.0,1,-0.0,False,False,False,False,False,0,0,0,1,1,0,0,0,1,0,1
baseline,S_0022572,1,1,1,0,1,0,0.0,1.0,0.0,1,-0.0,False,False,False,False,False,0,0,0,1,1,0,0,0,1,0,1
baseline,S_0022573,2,2,2,0,2,0,0.0,1.0,0.0,1,-0.0,False,True,False,False,False,0,0,2,0,1,0,0,0,2,0,1
baseline,S_0022575,2,2,2,0,2,0,0.0,1.0,0.0,1,-0.0,False,True,False,False,False,0,0,2,0,1,0,0,0,2,0,1
baseline,S_0022576,2,2,2,0,2,0,0.0,1.0,0.0,1,-0.0,False,True,False,False,False,0,0,2,0,1,0,0,0,2,0,1
baseline,S_0022581,1,1,1,0,1,0,0.0,1.0,0.0,1,-0.0,False,False,False,False,False,0,1,0,0,1,1,0,0,0,0,1
baseline,S_0022582,1,1,1,0,1,0,0.0,1.0,0.0,1,-0.0,False,False,False,False,False,0,1,0,0,1,1,0,0,0,0,1
baseline,S_0022584,1,1,1,0,1,0,0.0,1.0,0.0,1,-0.0,False,False,False,False,False,0,1,0,0,1,1,0,0,0,0,1
baseline,S_0022602,1,1,1,0,1,0,0.0,1.0,0.0,1,-0.0,False,False,False,False,False,0,0,0,1,1,0,0,0,1,0,1
baseline,S_0022603,1,1,1,0,1,0,0.0,1.0,0.0,1,-0.0,False,False,False,False,False,0,0,0,1,1,0,0,0,1,0,1
baseline,S_0022627,2,2,2,0,2,0,0.0,1.0,0.0,1,-0.0,False,True,False,False,False,0,0,2,0,1,0,0,0,2,0,1
baseline,S_0022628,2,2,2,0,2,0,0.0,1.0,0.0,1,-0.0,False,True,False,False,False,0,0,2,0,1,0,0,0,2,0,1
baseline,S_0022642,4,4,3,1,3,0,0.25,0.75,0.0,2,0.5118595071429147,False,True,True,False,False,0,1,3,0,2,1,0,0,2,1,3
baseline,S_0022643,4,4,3,1,3,0,0.25,0.75,0.0,2,0.5118595071429147,False,True,True,False,False,0,1,3,0,2,1,0,0,2,1,3
baseline,S_0022673,3,3,2,1,2,0,0.3333333333333333,0.6666666666666666,0.0,2,0.5793801642856949,False,True,True,False,False,0,2,1,0,2,2,0,1,0,0,2
baseline,S_0022674,3,3,2,1,2,0,0.3333333333333333,0.6666666666666666,0.0,2,0.5793801642856949,False,True,True,False,False,0,2,1,0,2,2,0,1,0,0,2
baseline,S_0022688,3,3,3,0,3,0,0.0,1.0,0.0,1,-0.0,False,True,True,False,False,0,1,2,0,2,1,0,0,2,0,2
baseline,S_0022690,3,3,3,0,3,0,0.0,1.0,0.0,1,-0.0,False,True,True,False,False,0,1,2,0,2,1,0,0,2,0,2
baseline,S_0022697,1,1,1,0,1,0,0.0,1.0,0.0,1,-0.0,False,False,False,False,False,0,0,1,0,1,1,0,0,0,0,1
baseline,S_0022700,1,1,1,0,1,0,0.0,1.0,0.0,1,-0.0,False,False,False,False,False,0,0,1,0,1,0,1,0,0,0,1
baseline,S_0022701,2,2,2,1,1,0,0.5,0.5,0.0,2,0.6309297535714574,False,True,False,False,False,0,0,1,1,2,2,0,0,0,0,1
baseline,S_0022702,1,1,1,1,0,0,1.0,0.0,0.0,1,-0.0,False,False,False,False,False,0,0,0,1,1,1,0,0,0,0,1
baseline,S_0022705,1,1,1,0,1,0,0.0,1.0,0.0,1,-0.0,False,False,False,False,False,0,0,1,0,1,0,1,0,0,0,1
baseline,S_0022706,1,1,1,0,1,0,0.0,1.0,0.0,1,-0.0,False,False,False,False,False,0,0,1,0,1,1,0,0,0,0,1
baseline,S_0022707,1,1,1,0,1,0,0.0,1.0,0.0,1,-0.0,False,False,False,False,False,0,0,1,0,1,1,0,0,0,0,1
baseline,S_0022713,1,1,1,0,1,0,0.0,1.0,0.0,1,-0.0,False,False,False,False,False,0,0,1,0,1,0,1,0,0,0,1
baseline,S_0022714,1,1,1,0,1,0,0.0,1.0,0.0,1,-0.0,False,False,False,False,False,0,0,1,0,1,0,1,0,0,0,1
baseline,S_0022717,1,1,1,0,1,0,0.0,1.0,0.0,1,-0.0,False,False,False,False,False,0,0,1,0,1,1,0,0,0,0,1
baseline,S_0022718,1,1,1,0,1,0,0.0,1.0,0.0,1,-0.0,False,False,False,False,False,0,0,1,0,1,1,0,0,0,0,1
baseline,S_0022720,1,1,1,0,1,0,0.0,1.0,0.0,1,-0.0,False,False,False,False,False,0,0,1,0,1,1,0,0,0,0,1
baseline,S_0022729,1,1,1,0,1,0,0.0,1.0,0.0,1,-0.0,False,False,False,False,False,0,0,1,0,1,1,0,0,0,0,1
baseline,S_0022730,1,1,1,0,1,0,0.0,1.0,0.0,1,-0.0,False,False,False,False,False,0,0,1,0,1,1,0,0,0,0,1
baseline,S_0022739,1,1,1,0,1,0,0.0,1.0,0.0,1,-0.0,False,False,False,False,False,0,0,1,0,1,1,0,0,0,0,1
baseline,S_0022757,1,1,1,0,1,0,0.0,1.0,0.0,1,-0.0,False,False,False,False,False,0,0,1,0,1,0,1,0,0,0,1
baseline,S_0022789,1,1,1,1,0,0,1.0,0.0,0.0,1,-0.0,False,False,False,False,False,0,0,0,1,1,0,0,0,0,1,1
baseline,S_0022799,1,1,1,0,1,0,0.0,1.0,0.0,1,-0.0,False,False,False,False,False,0,0,1,0,1,1,0,0,0,0,1
baseline,S_0022807,1,1,1,0,1,0,0.0,1.0,0.0,1,-0.0,False,False,False,False,False,0,0,1,0,1,1,0,0,0,0,1
baseline,S_0022808,1,1,1,0,1,0,0.0,1.0,0.0,1,-0.0,False,False,False,False,False,0,0,1,0,1,1,0,0,0,0,1
baseline,S_0022821,1,1,1,0,1,0,0.0,1.0,0.0,1,-0.0,False,False,False,False,False,0,0,1,0,1,1,0,0,0,0,1
baseline,S_0022843,1,1,1,0,1,0,0.0,1.0,0.0,1,-0.0,False,False,False,False,False,0,0,1,0,1,0,1,0,0,0,1
baseline,S_0022845,1,1,1,0,1,0,0.0,1.0,0.0,1,-0.0,False,False,False,False,False,0,0,1,0,1,0,1,0,0,0,1
baseline,S_0022864,1,1,1,0,0,1,0.0,0.0,1.0,1,-0.0,False,False,False,False,False,0,0,0,1,1,0,1,0,0,0,1
baseline,S_0022866,2,2,2,0,1,1,0.0,0.5,0.5,2,0.6309297535714574,False,True,False,False,False,0,1,1,0,2,1,0,0,1,0,2
baseline,S_0022929,1,1,1,0,1,0,0.0,1.0,0.0,1,-0.0,False,False,False,False,False,0,0,1,0,1,0,1,0,0,0,1
baseline,S_0022942,1,1,1,0,0,1,0.0,0.0,1.0,1,-0.0,False,False,False,False,False,0,0,0,1,1,0,1,0,0,0,1
baseline,S_0022956,1,1,1,0,1,0,0.0,1.0,0.0,1,-0.0,False,False,False,False,False,0,0,1,0,1,0,1,0,0,0,1
baseline,S_0022972,1,1,1,0,1,0,0.0,1.0,0.0,1,-0.0,False,False,False,False,False,0,0,0,1,1,0,0,0,0,1,1
baseline,S_0022973,1,1,1,0,1,0,0.0,1.0,0.0,1,-0.0,False,False,False,False,False,0,0,0,1,1,0,0,0,0,1,1
baseline,S_0022974,1,1,1,0,1,0,0.0,1.0,0.0,1,-0.0,False,False,False,False,False,0,0,0,1,1,0,0,0,0,1,1
baseline,S_0023003,1,1,1,0,1,0,0.0,1.0,0.0,1,-0.0,False,False,False,False,False,0,0,1,0,1,0,1,0,0,0,1
baseline,S_0023008,4,2,2,1,1,0,0.5,0.5,0.0,2,0.6309297535714574,False,True,False,False,False,0,0,0,2,1,0,1,0,1,0,2
baseline,S_0023011,2,2,1,1,1,0,0.5,0.5,0.0,2,0.6309297535714574,False,True,False,False,False,0,0,0,2,1,0,1,0,1,0,2
baseline,S_0023013,4,2,2,1,1,0,0.5,0.5,0.0,2,0.6309297535714574,False,True,False,False,False,0,0,0,2,1,0,1,0,1,0,2
baseline,S_0023014,4,2,2,1,1,0,0.5,0.5,0.0,2,0.6309297535714574,False,True,False,False,False,0,0,0,2,1,0,1,0,1,0,2
baseline,S_0023029,1,1,1,0,1,0,0.0,1.0,0.0,1,-0.0,False,False,False,False,False,0,0,1,0,1,0,1,0,0,0,1
baseline,S_0023030,2,2,1,0,2,0,0.0,1.0,0.0,1,-0.0,False,True,False,False,False,0,0,2,0,1,0,1,1,0,0,2
baseline,S_0023031,1,1,1,0,1,0,0.0,1.0,0.0,1,-0.0,False,False,False,False,False,0,0,1,0,1,0,0,1,0,0,1
baseline,S_0023033,1,1,1,0,1,0,0.0,1.0,0.0,1,-0.0,False,False,False,False,False,0,0,1,0,1,0,0,1,0,0,1
baseline,S_0023039,1,1,1,0,0,1,0.0,0.0,1.0,1,-0.0,False,False,False,False,False,0,0,1,0,1,0,0,0,1,0,1
baseline,S_0023040,1,1,1,0,0,1,0.0,0.0,1.0,1,-0.0,False,False,False,False,False,0,0,1,0,1,0,0,0,1,0,1
baseline,S_0023044,1,1,1,0,1,0,0.0,1.0,0.0,1,-0.0,False,False,False,False,False,0,0,0,1,1,1,0,0,0,0,1
baseline,S_0023046,1,1,1,0,1,0,0.0,1.0,0.0,1,-0.0,False,False,False,False,False,0,0,0,1,1,1,0,0,0,0,1
baseline,S_0023059,1,1,1,0,0,1,0.0,0.0,1.0,1,-0.0,False,False,False,False,False,0,0,1,0,1,0,0,0,1,0,1
baseline,S_0023063,1,1,1,0,1,0,0.0,1.0,0.0,1,-0.0,False,False,False,False,False,0,0,1,0,1,0,0,0,0,1,1
baseline,S_0023071,1,1,1,0,1,0,0.0,1.0,0.0,1,-0.0,False,False,False,False,False,0,0,1,0,1,0,0,0,0,1,1
baseline,S_0023084,1,1,1,0,1,0,0.0,1.0,0.0,1,-0.0,False,False,False,False,False,0,0,1,0,1,0,0,1,0,0,1
baseline,S_0023085,1,1,1,0,1,0,0.0,1.0,0.0,1,-0.0,False,False,False,False,False,0,0,1,0,1,0,0,1,0,0,1
baseline,S_0023088,1,1,1,0,1,0,0.0,1.0,0.0,1,-0.0,False,False,False,False,False,0,0,1,0,1,0,0,1,0,0,1
baseline,S_0023089,1,1,1,0,1,0,0.0,1.0,0.0,1,-0.0,False,False,False,False,False,0,0,1,0,1,0,0,1,0,0,1
baseline,S_0023107,2,2,1,0,2,0,0.0,1.0,0.0,1,-0.0,False,True,False,False,False,0,0,2,0,1,1,0,0,1,0,2
baseline,S_0023108,2,2,1,1,1,0,0.5,0.5,0.0,2,0.6309297535714574,False,True,False,False,False,0,0,0,2,1,1,0,0,1,0,2
baseline,S_0023109,2,2,1,0,2,0,0.0,1.0,0.0,1,-0.0,False,True,False,False,False,0,0,2,0,1,1,0,0,1,0,2
baseline,S_0023121,1,1,1,1,0,0,1.0,0.0,0.0,1,-0.0,False,False,False,False,False,0,0,1,0,1,1,0,0,0,0,1
baseline,S_0023124,1,1,1,1,0,0,1.0,0.0,0.0,1,-0.0,False,False,False,False,False,0,0,1,0,1,1,0,0,0,0,1
baseline,S_0023128,1,1,1,1,0,0,1.0,0.0,0.0,1,-0.0,False,False,False,False,False,0,0,1,0,1,1,0,0,0,0,1
baseline,S_0023129,1,1,1,1,0,0,1.0,0.0,0.0,1,-0.0,False,False,False,False,False,0,0,1,0,1,1,0,0,0,0,1
baseline,S_0023164,1,1,1,1,0,0,1.0,0.0,0.0,1,-0.0,False,False,False,False,False,0,0,1,0,1,0,0,0,0,1,1
baseline,S_0023165,1,1,1,1,0,0,1.0,0.0,0.0,1,-0.0,False,False,False,False,False,0,0,1,0,1,0,0,0,0,1,1
baseline,S_0023176,3,2,3,1,1,0,0.5,0.5,0.0,2,0.6309297535714574,False,True,False,False,False,0,0,0,2,1,0,1,0,0,1,2
baseline,S_0023243,1,1,1,1,0,0,1.0,0.0,0.0,1,-0.0,False,False,False,False,False,0,0,1,0,1,0,0,0,0,1,1
baseline,S_0023246,1,1,1,1,0,0,1.0,0.0,0.0,1,-0.0,False,False,False,False,False,0,0,1,0,1,0,0,0,0,1,1
baseline,S_0023267,3,2,3,1,1,0,0.5,0.5,0.0,2,0.6309297535714574,False,True,False,False,False,0,0,0,2,1,0,1,0,0,1,2
baseline,S_0023314,3,2,3,1,1,0,0.5,0.5,0.0,2,0.6309297535714574,False,True,False,False,False,0,0,0,2,1,0,1,0,0,1,2
baseline,S_0023316,3,2,3,1,1,0,0.5,0.5,0.0,2,0.6309297535714574,False,True,False,False,False,0,0,0,2,1,0,1,0,0,1,2
baseline,S_0023336,3,2,3,1,1,0,0.5,0.5,0.0,2,0.6309297535714574,False,True,False,False,False,0,0,0,2,1,0,1,0,0,1,2
baseline,S_0023371,1,1,1,0,1,0,0.0,1.0,0.0,1,-0.0,False,False,False,False,False,0,1,0,0,1,1,0,0,0,0,1
baseline,S_0023373,1,1,1,1,0,0,1.0,0.0,0.0,1,-0.0,False,False,False,False,False,0,0,1,0,1,1,0,0,0,0,1
baseline,S_0023374,1,1,1,1,0,0,1.0,0.0,0.0,1,-0.0,False,False,False,False,False,0,0,1,0,1,1,0,0,0,0,1
baseline,S_0023379,1,1,1,1,0,0,1.0,0.0,0.0,1,-0.0,False,False,False,False,False,0,0,1,0,1,1,0,0,0,0,1
baseline,S_0023380,2,2,2,1,1,0,0.5,0.5,0.0,2,0.6309297535714574,False,True,False,False,False,0,1,1,0,2,2,0,0,0,0,1
baseline,S_0023381,1,1,1,0,1,0,0.0,1.0,0.0,1,-0.0,False,False,False,False,False,0,1,0,0,1,1,0,0,0,0,1
baseline,S_0023383,1,1,1,1,0,0,1.0,0.0,0.0,1,-0.0,False,False,False,False,False,0,0,1,0,1,0,1,0,0,0,1
baseline,S_0023384,1,1,1,0,1,0,0.0,1.0,0.0,1,-0.0,False,False,False,False,False,0,0,1,0,1,1,0,0,0,0,1
baseline,S_0023385,2,2,2,1,1,0,0.5,0.5,0.0,2,0.6309297535714574,False,True,False,False,False,0,0,2,0,1,1,1,0,0,0,2
baseline,S_0023388,1,1,1,1,0,0,1.0,0.0,0.0,1,-0.0,False,False,False,False,False,0,0,1,0,1,0,1,0,0,0,1
baseline,S_0023396,2,2,1,0,2,0,0.0,1.0,0.0,1,-0.0,False,True,False,False,False,0,0,2,0,1,1,1,0,0,0,2
baseline,S_0023397,1,1,1,0,1,0,0.0,1.0,0.0,1,-0.0,False,False,False,False,False,0,0,1,0,1,1,0,0,0,0,1
baseline,S_0023398,1,1,1,0,1,0,0.0,1.0,0.0,1,-0.0,False,False,False,False,False,0,0,1,0,1,0,1,0,0,0,1
baseline,S_0023401,1,1,1,0,1,0,0.0,1.0,0.0,1,-0.0,False,False,False,False,False,0,0,1,0,1,0,1,0,0,0,1
baseline,S_0023403,1,1,1,0,1,0,0.0,1.0,0.0,1,-0.0,False,False,False,False,False,0,0,1,0,1,0,1,0,0,0,1
baseline,S_0023422,2,2,2,1,1,0,0.5,0.5,0.0,2,0.6309297535714574,False,True,False,False,False,0,0,2,0,1,1,1,0,0,0,2
baseline,S_0023423,2,2,2,1,1,0,0.5,0.5,0.0,2,0.6309297535714574,False,True,False,False,False,0,0,2,0,1,1,1,0,0,0,2
baseline,S_0023434,2,2,2,1,1,0,0.5,0.5,0.0,2,0.6309297535714574,False,True,False,False,False,0,0,2,0,1,1,1,0,0,0,2
baseline,S_0023435,2,2,2,1,1,0,0.5,0.5,0.0,2,0.6309297535714574,False,True,False,False,False,0,0,2,0,1,1,1,0,0,0,2
baseline,S_0023438,2,2,2,1,1,0,0.5,0.5,0.0,2,0.6309297535714574,False,True,False,False,False,0,0,2,0,1,1,1,0,0,0,2
baseline,S_0023439,2,2,2,1,1,0,0.5,0.5,0.0,2,0.6309297535714574,False,True,False,False,False,0,0,2,0,1,1,1,0,0,0,2
baseline,S_0023511,2,2,2,1,1,0,0.5,0.5,0.0,2,0.6309297535714574,False,True,False,False,False,0,0,2,0,1,1,1,0,0,0,2
baseline,S_0023515,2,2,2,1,1,0,0.5,0.5,0.0,2,0.6309297535714574,False,True,False,False,False,0,1,1,0,2,2,0,0,0,0,1
baseline,S_0023519,1,1,1,1,0,0,1.0,0.0,0.0,1,-0.0,False,False,False,False,False,0,0,1,0,1,1,0,0,0,0,1
baseline,S_0023521,1,1,1,1,0,0,1.0,0.0,0.0,1,-0.0,False,False,False,False,False,0,0,1,0,1,1,0,0,0,0,1
baseline,S_0023522,1,1,1,1,0,0,1.0,0.0,0.0,1,-0.0,False,False,False,False,False,0,0,1,0,1,1,0,0,0,0,1
baseline,S_0023547,1,1,1,1,0,0,1.0,0.0,0.0,1,-0.0,False,False,False,False,False,0,0,1,0,1,0,1,0,0,0,1
baseline,S_0023548,1,1,1,1,0,0,1.0,0.0,0.0,1,-0.0,False,False,False,False,False,0,0,1,0,1,0,1,0,0,0,1
baseline,S_0023574,1,1,1,0,1,0,0.0,1.0,0.0,1,-0.0,False,False,False,False,False,0,0,1,0,1,0,0,0,1,0,1
baseline,S_0023575,1,1,1,1,0,0,1.0,0.0,0.0,1,-0.0,False,False,False,False,False,0,0,1,0,1,1,0,0,0,0,1
baseline,S_0023576,2,2,1,1,1,0,0.5,0.5,0.0,2,0.6309297535714574,False,True,False,False,False,0,0,2,0,1,1,0,0,1,0,2
baseline,S_0023582,1,1,1,0,1,0,0.0,1.0,0.0,1,-0.0,False,False,False,False,False,0,0,1,0,1,0,0,0,1,0,1
baseline,S_0023583,1,1,1,0,1,0,0.0,1.0,0.0,1,-0.0,False,False,False,False,False,0,0,1,0,1,0,0,0,1,0,1
baseline,S_0023591,1,1,1,0,1,0,0.0,1.0,0.0,1,-0.0,False,False,False,False,False,0,0,0,1,1,0,1,0,0,0,1
baseline,S_0023592,2,2,2,0,2,0,0.0,1.0,0.0,1,-0.0,False,True,False,False,False,0,0,0,2,1,1,1,0,0,0,2
baseline,S_0023596,1,1,1,1,0,0,1.0,0.0,0.0,1,-0.0,False,False,False,False,False,0,0,1,0,1,1,0,0,0,0,1
baseline,S_0023597,1,1,1,1,0,0,1.0,0.0,0.0,1,-0.0,False,False,False,False,False,0,0,1,0,1,1,0,0,0,0,1
baseline,S_0023604,2,2,2,1,1,0,0.5,0.5,0.0,2,0.6309297535714574,False,True,False,False,False,0,0,2,0,1,1,1,0,0,0,2
baseline,S_0023606,2,2,2,1,1,0,0.5,0.5,0.0,2,0.6309297535714574,False,True,False,False,False,0,0,2,0,1,1,1,0,0,0,2
baseline,S_0023608,2,2,2,1,1,0,0.5,0.5,0.0,2,0.6309297535714574,False,True,False,False,False,0,0,2,0,1,1,1,0,0,0,2
baseline,S_0023609,1,1,1,1,0,0,1.0,0.0,0.0,1,-0.0,False,False,False,False,False,0,0,1,0,1,1,0,0,0,0,1
baseline,S_0023610,1,1,1,1,0,0,1.0,0.0,0.0,1,-0.0,False,False,False,False,False,0,0,1,0,1,0,1,0,0,0,1
baseline,S_0023611,1,1,1,1,0,0,1.0,0.0,0.0,1,-0.0,False,False,False,False,False,0,0,1,0,1,1,0,0,0,0,1
baseline,S_0023612,1,1,1,1,0,0,1.0,0.0,0.0,1,-0.0,False,False,False,False,False,0,0,1,0,1,0,1,0,0,0,1
baseline,S_0023659,1,1,1,1,0,0,1.0,0.0,0.0,1,-0.0,False,False,False,False,False,0,0,1,0,1,1,0,0,0,0,1
baseline,S_0023660,1,1,1,1,0,0,1.0,0.0,0.0,1,-0.0,False,False,False,False,False,0,0,1,0,1,1,0,0,0,0,1
baseline,S_0023695,1,1,1,1,0,0,1.0,0.0,0.0,1,-0.0,False,False,False,False,False,0,0,1,0,1,0,1,0,0,0,1
baseline,S_0023696,1,1,1,1,0,0,1.0,0.0,0.0,1,-0.0,False,False,False,False,False,0,0,1,0,1,0,1,0,0,0,1
baseline,S_0023712,1,1,1,0,1,0,0.0,1.0,0.0,1,-0.0,False,False,False,False,False,0,0,1,0,1,1,0,0,0,0,1
baseline,S_0023714,1,1,1,0,1,0,0.0,1.0,0.0,1,-0.0,False,False,False,False,False,0,0,1,0,1,1,0,0,0,0,1
baseline,S_0023769,2,2,1,2,0,0,1.0,0.0,0.0,1,-0.0,False,True,False,False,False,0,0,0,2,1,1,0,0,1,0,2
baseline,S_0023772,2,2,1,2,0,0,1.0,0.0,0.0,1,-0.0,False,True,False,False,False,0,0,0,2,1,1,0,0,1,0,2
baseline,S_0023774,2,2,1,2,0,0,1.0,0.0,0.0,1,-0.0,False,True,False,False,False,0,0,0,2,1,1,0,0,1,0,2
baseline,S_0023775,2,2,1,2,0,0,1.0,0.0,0.0,1,-0.0,False,True,False,False,False,0,0,0,2,1,1,0,0,1,0,2
baseline,S_0023776,2,2,1,2,0,0,1.0,0.0,0.0,1,-0.0,False,True,False,False,False,0,0,0,2,1,1,0,0,1,0,2
baseline,S_0023777,2,2,1,2,0,0,1.0,0.0,0.0,1,-0.0,False,True,False,False,False,0,0,0,2,1,1,0,0,1,0,2
baseline,S_0023780,2,2,1,2,0,0,1.0,0.0,0.0,1,-0.0,False,True,False,False,False,0,0,0,2,1,1,0,0,1,0,2
baseline,S_0023781,2,2,1,2,0,0,1.0,0.0,0.0,1,-0.0,False,True,False,False,False,0,0,0,2,1,1,0,0,1,0,2
baseline,S_0023875,1,1,1,0,1,0,0.0,1.0,0.0,1,-0.0,False,False,False,False,False,0,0,1,0,1,0,1,0,0,0,1
baseline,S_0023877,1,1,1,0,1,0,0.0,1.0,0.0,1,-0.0,False,False,False,False,False,0,0,1,0,1,0,1,0,0,0,1
baseline,S_0023880,1,1,1,1,0,0,1.0,0.0,0.0,1,-0.0,False,False,False,False,False,0,0,1,0,1,1,0,0,0,0,1
baseline,S_0023881,1,1,1,1,0,0,1.0,0.0,0.0,1,-0.0,False,False,False,False,False,0,0,1,0,1,1,0,0,0,0,1
baseline,S_0023883,1,1,1,1,0,0,1.0,0.0,0.0,1,-0.0,False,False,False,False,False,0,0,1,0,1,1,0,0,0,0,1
baseline,S_0023884,1,1,1,1,0,0,1.0,0.0,0.0,1,-0.0,False,False,False,False,False,0,0,1,0,1,1,0,0,0,0,1
baseline,S_0023885,1,1,1,1,0,0,1.0,0.0,0.0,1,-0.0,False,False,False,False,False,0,0,1,0,1,1,0,0,0,0,1
baseline,S_0023887,1,1,1,1,0,0,1.0,0.0,0.0,1,-0.0,False,False,False,False,False,0,0,1,0,1,1,0,0,0,0,1
baseline,S_0023909,4,2,2,2,0,0,1.0,0.0,0.0,1,-0.0,False,True,False,False,False,0,0,0,2,1,1,0,0,1,0,2
baseline,S_0023910,2,2,1,2,0,0,1.0,0.0,0.0,1,-0.0,False,True,False,False,False,0,0,0,2,1,1,0,0,1,0,2
baseline,S_0023911,2,2,1,2,0,0,1.0,0.0,0.0,1,-0.0,False,True,False,False,False,0,0,0,2,1,1,0,0,1,0,2
baseline,S_0023913,4,2,2,2,0,0,1.0,0.0,0.0,1,-0.0,False,True,False,False,False,0,0,0,2,1,1,0,0,1,0,2
baseline,S_0023977,1,1,1,0,1,0,0.0,1.0,0.0,1,-0.0,False,False,False,False,False,0,1,0,0,1,1,0,0,0,0,1
baseline,S_0023978,1,1,1,0,1,0,0.0,1.0,0.0,1,-0.0,False,False,False,False,False,0,1,0,0,1,1,0,0,0,0,1
baseline,S_0023980,1,1,1,0,1,0,0.0,1.0,0.0,1,-0.0,False,False,False,False,False,0,1,0,0,1,1,0,0,0,0,1
baseline,S_0023982,1,1,1,0,1,0,0.0,1.0,0.0,1,-0.0,False,False,False,False,False,0,1,0,0,1,1,0,0,0,0,1
baseline,S_0023984,1,1,1,0,1,0,0.0,1.0,0.0,1,-0.0,False,False,False,False,False,0,1,0,0,1,1,0,0,0,0,1
baseline,S_0023985,1,1,1,0,1,0,0.0,1.0,0.0,1,-0.0,False,False,False,False,False,0,1,0,0,1,1,0,0,0,0,1
baseline,S_0023998,1,1,1,0,1,0,0.0,1.0,0.0,1,-0.0,False,False,False,False,False,0,0,1,0,1,0,1,0,0,0,1
baseline,S_0023999,1,1,1,0,1,0,0.0,1.0,0.0,1,-0.0,False,False,False,False,False,0,0,1,0,1,0,1,0,0,0,1
baseline,S_0024004,1,1,1,0,1,0,0.0,1.0,0.0,1,-0.0,False,False,False,False,False,0,0,1,0,1,0,1,0,0,0,1
baseline,S_0024020,1,1,1,0,1,0,0.0,1.0,0.0,1,-0.0,False,False,False,False,False,0,0,1,0,1,0,1,0,0,0,1
baseline,S_0024021,1,1,1,0,1,0,0.0,1.0,0.0,1,-0.0,False,False,False,False,False,0,0,1,0,1,0,1,0,0,0,1
baseline,S_0024032,1,1,1,1,0,0,1.0,0.0,0.0,1,-0.0,False,False,False,False,False,0,0,1,0,1,1,0,0,0,0,1
baseline,S_0024034,1,1,1,1,0,0,1.0,0.0,0.0,1,-0.0,False,False,False,False,False,0,0,1,0,1,1,0,0,0,0,1
baseline,S_0024041,1,1,1,1,0,0,1.0,0.0,0.0,1,-0.0,False,False,False,False,False,0,0,1,0,1,1,0,0,0,0,1
baseline,S_0024043,1,1,1,1,0,0,1.0,0.0,0.0,1,-0.0,False,False,False,False,False,0,0,1,0,1,1,0,0,0,0,1
baseline,S_0024044,1,1,1,1,0,0,1.0,0.0,0.0,1,-0.0,False,False,False,False,False,0,0,1,0,1,1,0,0,0,0,1
baseline,S_0024081,1,1,1,0,1,0,0.0,1.0,0.0,1,-0.0,False,False,False,False,False,0,1,0,0,1,1,0,0,0,0,1
baseline,S_0024083,1,1,1,0,1,0,0.0,1.0,0.0,1,-0.0,False,False,False,False,False,0,1,0,0,1,1,0,0,0,0,1
baseline,S_0024093,1,1,1,1,0,0,1.0,0.0,0.0,1,-0.0,False,False,False,False,False,0,0,1,0,1,1,0,0,0,0,1
baseline,S_0024094,2,2,2,1,1,0,0.5,0.5,0.0,2,0.6309297535714574,False,True,False,False,False,0,1,1,0,2,2,0,0,0,0,1
baseline,S_0024096,3,3,3,2,1,0,0.6666666666666666,0.3333333333333333,0.0,2,0.5793801642856949,False,True,True,False,False,0,1,2,0,2,3,0,0,0,0,1
baseline,S_0024097,1,1,1,1,0,0,1.0,0.0,0.0,1,-0.0,False,False,False,False,False,0,0,1,0,1,1,0,0,0,0,1
baseline,S_0024100,2,2,2,1,1,0,0.5,0.5,0.0,2,0.6309297535714574,False,True,False,False,False,0,1,1,0,2,2,0,0,0,0,1
baseline,S_0024101,1,1,1,1,0,0,1.0,0.0,0.0,1,-0.0,False,False,False,False,False,0,0,1,0,1,1,0,0,0,0,1
baseline,S_0024102,1,1,1,1,0,0,1.0,0.0,0.0,1,-0.0,False,False,False,False,False,0,0,1,0,1,1,0,0,0,0,1
baseline,S_0024107,1,1,1,1,0,0,1.0,0.0,0.0,1,-0.0,False,False,False,False,False,0,0,1,0,1,1,0,0,0,0,1
baseline,S_0024110,1,1,1,0,1,0,0.0,1.0,0.0,1,-0.0,False,False,False,False,False,0,0,0,1,1,0,0,0,1,0,1
baseline,S_0024111,1,1,1,0,1,0,0.0,1.0,0.0,1,-0.0,False,False,False,False,False,0,0,0,1,1,0,0,0,1,0,1
baseline,S_0024146,1,1,1,0,1,0,0.0,1.0,0.0,1,-0.0,False,False,False,False,False,0,0,0,1,1,0,0,0,1,0,1
baseline,S_0024151,2,1,2,0,1,0,0.0,1.0,0.0,1,-0.0,False,False,False,False,False,0,0,0,1,1,0,0,0,1,0,1
baseline,S_0024154,1,1,1,0,1,0,0.0,1.0,0.0,1,-0.0,False,False,False,False,False,0,0,1,0,1,0,1,0,0,0,1
baseline,S_0024156,1,1,1,0,1,0,0.0,1.0,0.0,1,-0.0,False,False,False,False,False,0,0,1,0,1,0,1,0,0,0,1
baseline,S_0024159,1,1,1,0,1,0,0.0,1.0,0.0,1,-0.0,False,False,False,False,False,0,0,1,0,1,0,1,0,0,0,1
baseline,S_0024160,1,1,1,0,1,0,0.0,1.0,0.0,1,-0.0,False,False,False,False,False,0,0,1,0,1,0,1,0,0,0,1
baseline,S_0024161,1,1,1,0,1,0,0.0,1.0,0.0,1,-0.0,False,False,False,False,False,0,0,0,1,1,0,0,0,1,0,1
baseline,S_0024162,2,2,2,0,2,0,0.0,1.0,0.0,1,-0.0,False,True,False,False,False,0,0,1,1,2,0,1,0,1,0,2
baseline,S_0024163,1,1,1,0,1,0,0.0,1.0,0.0,1,-0.0,False,False,False,False,False,0,0,0,1,1,0,0,0,1,0,1
baseline,S_0024165,1,1,1,0,1,0,0.0,1.0,0.0,1,-0.0,False,False,False,False,False,0,0,0,1,1,0,0,0,1,0,1
baseline,S_0024166,1,1,1,0,1,0,0.0,1.0,0.0,1,-0.0,False,False,False,False,False,0,0,0,1,1,0,0,0,1,0,1
baseline,S_0024167,1,1,1,0,1,0,0.0,1.0,0.0,1,-0.0,False,False,False,False,False,0,0,1,0,1,0,1,0,0,0,1
baseline,S_0024168,1,1,1,0,1,0,0.0,1.0,0.0,1,-0.0,False,False,False,False,False,0,0,0,1,1,0,0,0,1,0,1
baseline,S_0024189,3,3,3,2,1,0,0.6666666666666666,0.3333333333333333,0.0,2,0.5793801642856949,False,True,True,False,False,0,1,2,0,2,3,0,0,0,0,1
baseline,S_0024190,3,3,3,2,1,0,0.6666666666666666,0.3333333333333333,0.0,2,0.5793801642856949,False,True,True,False,False,0,1,2,0,2,3,0,0,0,0,1
baseline,S_0024192,3,3,3,2,1,0,0.6666666666666666,0.3333333333333333,0.0,2,0.5793801642856949,False,True,True,False,False,0,1,2,0,2,3,0,0,0,0,1
baseline,S_0024194,3,3,3,2,1,0,0.6666666666666666,0.3333333333333333,0.0,2,0.5793801642856949,False,True,True,False,False,0,1,2,0,2,3,0,0,0,0,1
baseline,S_0024195,3,3,3,2,1,0,0.6666666666666666,0.3333333333333333,0.0,2,0.5793801642856949,False,True,True,False,False,0,1,2,0,2,3,0,0,0,0,1
baseline,S_0024198,3,3,3,2,1,0,0.6666666666666666,0.3333333333333333,0.0,2,0.5793801642856949,False,True,True,False,False,0,1,2,0,2,3,0,0,0,0,1
baseline,S_0024199,3,3,3,1,2,0,0.3333333333333333,0.6666666666666666,0.0,2,0.5793801642856949,False,True,True,False,False,0,1,1,1,3,2,0,0,1,0,2
baseline,S_0024201,3,3,3,1,2,0,0.3333333333333333,0.6666666666666666,0.0,2,0.5793801642856949,False,True,True,False,False,0,1,1,1,3,2,0,0,1,0,2
baseline,S_0024203,2,2,2,1,1,0,0.5,0.5,0.0,2,0.6309297535714574,False,True,False,False,False,0,1,1,0,2,2,0,0,0,0,1
baseline,S_0024204,2,2,2,1,1,0,0.5,0.5,0.0,2,0.6309297535714574,False,True,False,False,False,0,1,1,0,2,2,0,0,0,0,1
baseline,S_0024205,2,2,2,1,1,0,0.5,0.5,0.0,2,0.6309297535714574,False,True,False,False,False,0,1,1,0,2,2,0,0,0,0,1
baseline,S_0024206,2,2,2,1,1,0,0.5,0.5,0.0,2,0.6309297535714574,False,True,False,False,False,0,1,1,0,2,2,0,0,0,0,1
baseline,S_0024209,2,2,2,1,1,0,0.5,0.5,0.0,2,0.6309297535714574,False,True,False,False,False,0,1,1,0,2,2,0,0,0,0,1
baseline,S_0024211,2,2,2,1,1,0,0.5,0.5,0.0,2,0.6309297535714574,False,True,False,False,False,0,1,1,0,2,2,0,0,0,0,1
baseline,S_0024213,3,3,3,1,2,0,0.3333333333333333,0.6666666666666666,0.0,2,0.5793801642856949,False,True,True,False,False,0,1,1,1,3,2,1,0,0,0,2
baseline,S_0024214,1,1,1,0,1,0,0.0,1.0,0.0,1,-0.0,False,False,False,False,False,0,0,1,0,1,0,0,0,1,0,1
baseline,S_0024215,3,3,3,1,2,0,0.3333333333333333,0.6666666666666666,0.0,2,0.5793801642856949,False,True,True,False,False,0,1,1,1,3,2,1,0,0,0,2
baseline,S_0024216,1,1,1,0,1,0,0.0,1.0,0.0,1,-0.0,False,False,False,False,False,0,0,1,0,1,0,0,0,1,0,1
baseline,S_0024224,1,1,1,1,0,0,1.0,0.0,0.0,1,-0.0,False,False,False,False,False,0,0,1,0,1,1,0,0,0,0,1
baseline,S_0024225,1,1,1,1,0,0,1.0,0.0,0.0,1,-0.0,False,False,False,False,False,0,0,1,0,1,1,0,0,0,0,1
baseline,S_0024227,1,1,1,1,0,0,1.0,0.0,0.0,1,-0.0,False,False,False,False,False,0,0,1,0,1,1,0,0,0,0,1
baseline,S_0024228,1,1,1,1,0,0,1.0,0.0,0.0,1,-0.0,False,False,False,False,False,0,0,1,0,1,1,0,0,0,0,1
baseline,S_0024244,1,1,1,1,0,0,1.0,0.0,0.0,1,-0.0,False,False,False,False,False,0,0,1,0,1,1,0,0,0,0,1
baseline,S_0024246,1,1,1,1,0,0,1.0,0.0,0.0,1,-0.0,False,False,False,False,False,0,0,1,0,1,1,0,0,0,0,1
baseline,S_0024248,1,1,1,1,0,0,1.0,0.0,0.0,1,-0.0,False,False,False,False,False,0,0,1,0,1,1,0,0,0,0,1
baseline,S_0024249,1,1,1,1,0,0,1.0,0.0,0.0,1,-0.0,False,False,False,False,False,0,0,1,0,1,1,0,0,0,0,1
baseline,S_0024260,1,1,1,1,0,0,1.0,0.0,0.0,1,-0.0,False,False,False,False,False,0,0,1,0,1,1,0,0,0,0,1
baseline,S_0024263,1,1,1,0,1,0,0.0,1.0,0.0,1,-0.0,False,False,False,False,False,0,0,0,1,1,0,0,0,1,0,1
baseline,S_0024264,1,1,1,0,1,0,0.0,1.0,0.0,1,-0.0,False,False,False,False,False,0,0,0,1,1,0,0,0,1,0,1
baseline,S_0024269,1,1,1,1,0,0,1.0,0.0,0.0,1,-0.0,False,False,False,False,False,0,0,1,0,1,1,0,0,0,0,1
baseline,S_0024271,1,1,1,1,0,0,1.0,0.0,0.0,1,-0.0,False,False,False,False,False,0,0,1,0,1,1,0,0,0,0,1
baseline,S_0024275,1,1,1,1,0,0,1.0,0.0,0.0,1,-0.0,False,False,False,False,False,0,0,0,1,1,0,0,0,1,0,1
baseline,S_0024276,1,1,1,1,0,0,1.0,0.0,0.0,1,-0.0,False,False,False,False,False,0,0,0,1,1,0,0,0,1,0,1
baseline,S_0024283,1,1,1,0,1,0,0.0,1.0,0.0,1,-0.0,False,False,False,False,False,0,0,1,0,1,0,0,0,1,0,1
baseline,S_0024285,1,1,1,0,1,0,0.0,1.0,0.0,1,-0.0,False,False,False,False,False,0,0,1,0,1,0,0,0,1,0,1
baseline,S_0024286,3,3,2,1,2,0,0.3333333333333333,0.6666666666666666,0.0,2,0.5793801642856949,False,True,True,False,False,0,0,0,3,1,1,1,0,1,0,3
baseline,S_0024288,1,1,1,0,1,0,0.0,1.0,0.0,1,-0.0,False,False,False,False,False,0,0,1,0,1,0,0,0,1,0,1
baseline,S_0024289,1,1,1,1,0,0,1.0,0.0,0.0,1,-0.0,False,False,False,False,False,0,0,0,1,1,0,0,0,1,0,1
baseline,S_0024299,1,1,1,0,1,0,0.0,1.0,0.0,1,-0.0,False,False,False,False,False,0,0,1,0,1,0,0,0,0,1,1
baseline,S_0024300,1,1,1,0,1,0,0.0,1.0,0.0,1,-0.0,False,False,False,False,False,0,0,1,0,1,0,0,0,0,1,1
baseline,S_0024303,1,1,1,0,1,0,0.0,1.0,0.0,1,-0.0,False,False,False,False,False,0,0,1,0,1,0,0,0,0,1,1
baseline,S_0024336,1,1,1,0,1,0,0.0,1.0,0.0,1,-0.0,False,False,False,False,False,0,0,1,0,1,0,0,0,0,1,1
baseline,S_0024337,1,1,1,0,1,0,0.0,1.0,0.0,1,-0.0,False,False,False,False,False,0,0,1,0,1,0,0,0,0,1,1
baseline,S_0024340,1,1,1,0,1,0,0.0,1.0,0.0,1,-0.0,False,False,False,False,False,0,0,1,0,1,0,0,0,0,1,1
baseline,S_0024342,1,1,1,0,1,0,0.0,1.0,0.0,1,-0.0,False,False,False,False,False,0,0,1,0,1,0,0,0,0,1,1
baseline,S_0024365,1,1,1,0,1,0,0.0,1.0,0.0,1,-0.0,False,False,False,False,False,0,0,1,0,1,0,0,0,0,1,1
baseline,S_0024368,1,1,1,0,1,0,0.0,1.0,0.0,1,-0.0,False,False,False,False,False,0,0,1,0,1,0,0,0,0,1,1
baseline,S_0024402,1,1,1,0,1,0,0.0,1.0,0.0,1,-0.0,False,False,False,False,False,0,0,1,0,1,0,1,0,0,0,1
baseline,S_0024403,1,1,1,0,1,0,0.0,1.0,0.0,1,-0.0,False,False,False,False,False,0,0,1,0,1,0,1,0,0,0,1
baseline,S_0024429,1,1,1,0,1,0,0.0,1.0,0.0,1,-0.0,False,False,False,False,False,0,0,1,0,1,0,1,0,0,0,1
baseline,S_0024431,1,1,1,0,1,0,0.0,1.0,0.0,1,-0.0,False,False,False,False,False,0,0,1,0,1,0,1,0,0,0,1
baseline,S_0024433,1,1,1,0,1,0,0.0,1.0,0.0,1,-0.0,False,False,False,False,False,0,0,1,0,1,0,1,0,0,0,1
baseline,S_0024436,1,1,1,0,1,0,0.0,1.0,0.0,1,-0.0,False,False,False,False,False,0,0,1,0,1,0,1,0,0,0,1
baseline,S_0024437,1,1,1,0,1,0,0.0,1.0,0.0,1,-0.0,False,False,False,False,False,0,0,1,0,1,0,1,0,0,0,1
baseline,S_0024447,1,1,1,0,1,0,0.0,1.0,0.0,1,-0.0,False,False,False,False,False,0,0,1,0,1,0,1,0,0,0,1
baseline,S_0024448,1,1,1,0,1,0,0.0,1.0,0.0,1,-0.0,False,False,False,False,False,0,0,1,0,1,0,1,0,0,0,1
baseline,S_0024456,1,1,1,0,1,0,0.0,1.0,0.0,1,-0.0,False,False,False,False,False,0,0,1,0,1,0,0,0,1,0,1
baseline,S_0024457,1,1,1,0,1,0,0.0,1.0,0.0,1,-0.0,False,False,False,False,False,0,0,1,0,1,0,0,0,1,0,1
baseline,S_0024492,1,1,1,0,1,0,0.0,1.0,0.0,1,-0.0,False,False,False,False,False,0,0,0,1,1,0,0,0,1,0,1
baseline,S_0024494,1,1,1,0,1,0,0.0,1.0,0.0,1,-0.0,False,False,False,False,False,0,0,0,1,1,0,0,0,1,0,1
baseline,S_0024520,1,1,1,0,1,0,0.0,1.0,0.0,1,-0.0,False,False,False,False,False,0,0,1,0,1,1,0,0,0,0,1
baseline,S_0024521,1,1,1,0,1,0,0.0,1.0,0.0,1,-0.0,False,False,False,False,False,0,0,1,0,1,1,0,0,0,0,1
baseline,S_0024524,1,1,1,0,1,0,0.0,1.0,0.0,1,-0.0,False,False,False,False,False,0,0,1,0,1,1,0,0,0,0,1
baseline,S_0024668,2,2,2,0,2,0,0.0,1.0,0.0,1,-0.0,False,True,False,False,False,0,0,2,0,1,0,0,0,2,0,1
baseline,S_0024669,2,2,2,0,2,0,0.0,1.0,0.0,1,-0.0,False,True,False,False,False,0,0,2,0,1,0,0,0,2,0,1
baseline,S_0024699,1,1,1,0,1,0,0.0,1.0,0.0,1,-0.0,False,False,False,False,False,0,0,0,1,1,0,0,0,1,0,1
baseline,S_0024701,1,1,1,0,1,0,0.0,1.0,0.0,1,-0.0,False,False,False,False,False,0,0,1,0,1,0,1,0,0,0,1
baseline,S_0024703,1,1,1,0,1,0,0.0,1.0,0.0,1,-0.0,False,False,False,False,False,0,0,1,0,1,0,1,0,0,0,1
baseline,S_0024742,1,1,1,0,1,0,0.0,1.0,0.0,1,-0.0,False,False,False,False,False,0,0,1,0,1,0,1,0,0,0,1
baseline,S_0024800,1,1,1,0,1,0,0.0,1.0,0.0,1,-0.0,False,False,False,False,False,0,0,0,1,1,0,0,0,1,0,1
baseline,S_0024802,1,1,1,0,1,0,0.0,1.0,0.0,1,-0.0,False,False,False,False,False,0,0,1,0,1,1,0,0,0,0,1
baseline,S_0024803,1,1,1,0,1,0,0.0,1.0,0.0,1,-0.0,False,False,False,False,False,0,0,1,0,1,1,0,0,0,0,1
baseline,S_0024839,3,3,2,2,1,0,0.6666666666666666,0.3333333333333333,0.0,2,0.5793801642856949,False,True,True,False,False,0,0,0,3,1,1,0,1,1,0,3
baseline,S_0024840,5,3,4,2,1,0,0.6666666666666666,0.3333333333333333,0.0,2,0.5793801642856949,False,True,True,False,False,0,0,0,3,1,1,0,1,1,0,3
baseline,S_0024842,3,3,2,2,1,0,0.6666666666666666,0.3333333333333333,0.0,2,0.5793801642856949,False,True,True,False,False,0,0,0,3,1,1,0,1,1,0,3
baseline,S_0024848,4,2,4,2,0,0,1.0,0.0,0.0,1,-0.0,False,True,False,False,False,0,0,0,2,1,1,0,0,1,0,2
baseline,S_0024850,1,1,1,0,1,0,0.0,1.0,0.0,1,-0.0,False,False,False,False,False,0,0,0,1,1,0,0,1,0,0,1
baseline,S_0024853,1,1,1,1,0,0,1.0,0.0,0.0,1,-0.0,False,False,False,False,False,0,0,0,1,1,0,0,0,1,0,1
baseline,S_0024854,1,1,1,1,0,0,1.0,0.0,0.0,1,-0.0,False,False,False,False,False,0,0,0,1,1,0,0,0,1,0,1
baseline,S_0024856,1,1,1,1,0,0,1.0,0.0,0.0,1,-0.0,False,False,False,False,False,0,0,0,1,1,0,0,0,1,0,1
baseline,S_0024890,1,1,1,1,0,0,1.0,0.0,0.0,1,-0.0,False,False,False,False,False,0,0,0,1,1,1,0,0,0,0,1
baseline,S_0024891,1,1,1,1,0,0,1.0,0.0,0.0,1,-0.0,False,False,False,False,False,0,0,0,1,1,1,0,0,0,0,1
baseline,S_0024894,2,2,2,1,1,0,0.5,0.5,0.0,2,0.6309297535714574,False,True,False,False,False,0,0,1,1,2,1,0,0,1,0,2
baseline,S_0024897,2,2,2,1,1,0,0.5,0.5,0.0,2,0.6309297535714574,False,True,False,False,False,0,0,1,1,2,1,0,0,1,0,2
baseline,S_0024924,1,1,1,1,0,0,1.0,0.0,0.0,1,-0.0,False,False,False,False,False,0,0,0,1,1,0,0,0,1,0,1
baseline,S_0024942,1,1,1,1,0,0,1.0,0.0,0.0,1,-0.0,False,False,False,False,False,0,0,0,1,1,0,0,0,1,0,1
baseline,S_0024948,2,2,1,2,0,0,1.0,0.0,0.0,1,-0.0,False,True,False,False,False,0,0,0,2,1,1,0,0,1,0,2
baseline,S_0024954,1,1,1,1,0,0,1.0,0.0,0.0,1,-0.0,False,False,False,False,False,0,0,0,1,1,1,0,0,0,0,1
baseline,S_0024977,1,1,1,1,0,0,1.0,0.0,0.0,1,-0.0,False,False,False,False,False,0,0,0,1,1,1,0,0,0,0,1
baseline,S_0024979,1,1,1,1,0,0,1.0,0.0,0.0,1,-0.0,False,False,False,False,False,0,0,0,1,1,1,0,0,0,0,1
baseline,S_0025221,1,1,1,0,1,0,0.0,1.0,0.0,1,-0.0,False,False,False,False,False,0,0,1,0,1,0,0,0,1,0,1
baseline,S_0025222,1,1,1,0,1,0,0.0,1.0,0.0,1,-0.0,False,False,False,False,False,0,0,1,0,1,0,0,0,1,0,1
baseline,S_0025239,1,1,1,1,0,0,1.0,0.0,0.0,1,-0.0,False,False,False,False,False,0,0,0,1,1,0,0,0,1,0,1
baseline,S_0025241,1,1,1,1,0,0,1.0,0.0,0.0,1,-0.0,False,False,False,False,False,0,0,0,1,1,0,0,0,1,0,1
baseline,S_0025254,1,1,1,1,0,0,1.0,0.0,0.0,1,-0.0,False,False,False,False,False,0,0,0,1,1,0,0,0,1,0,1
baseline,S_0025255,1,1,1,1,0,0,1.0,0.0,0.0,1,-0.0,False,False,False,False,False,0,0,0,1,1,0,0,0,1,0,1
baseline,S_0025257,1,1,1,1,0,0,1.0,0.0,0.0,1,-0.0,False,False,False,False,False,0,0,0,1,1,0,0,0,1,0,1
baseline,S_0025259,3,2,3,2,0,0,1.0,0.0,0.0,1,-0.0,False,True,False,False,False,0,0,0,2,1,1,0,0,1,0,2
baseline,S_0025261,4,2,4,2,0,0,1.0,0.0,0.0,1,-0.0,False,True,False,False,False,0,0,0,2,1,1,0,0,1,0,2
baseline,S_0025282,2,2,2,2,0,0,1.0,0.0,0.0,1,-0.0,False,True,False,False,False,0,0,0,2,1,1,0,0,1,0,2
baseline,S_0025285,2,2,2,2,0,0,1.0,0.0,0.0,1,-0.0,False,True,False,False,False,0,0,0,2,1,1,0,0,1,0,2
baseline,S_0025287,2,2,2,2,0,0,1.0,0.0,0.0,1,-0.0,False,True,False,False,False,0,0,0,2,1,1,0,0,1,0,2
baseline,S_0025288,2,2,2,2,0,0,1.0,0.0,0.0,1,-0.0,False,True,False,False,False,0,0,0,2,1,1,0,0,1,0,2
baseline,S_0025290,2,2,2,2,0,0,1.0,0.0,0.0,1,-0.0,False,True,False,False,False,0,0,0,2,1,1,0,0,1,0,2
baseline,S_0025302,1,1,1,1,0,0,1.0,0.0,0.0,1,-0.0,False,False,False,False,False,0,0,0,1,1,0,0,0,1,0,1
baseline,S_0025304,1,1,1,1,0,0,1.0,0.0,0.0,1,-0.0,False,False,False,False,False,0,0,0,1,1,1,0,0,0,0,1
baseline,S_0025307,1,1,1,1,0,0,1.0,0.0,0.0,1,-0.0,False,False,False,False,False,0,0,0,1,1,1,0,0,0,0,1
baseline,S_0025309,2,1,2,1,0,0,1.0,0.0,0.0,1,-0.0,False,False,False,False,False,0,0,0,1,1,1,0,0,0,0,1
baseline,S_0025310,1,1,1,1,0,0,1.0,0.0,0.0,1,-0.0,False,False,False,False,False,0,0,0,1,1,1,0,0,0,0,1
baseline,S_0025332,2,2,2,2,0,0,1.0,0.0,0.0,1,-0.0,False,True,False,False,False,0,0,0,2,1,1,0,0,1,0,2
baseline,S_0025349,1,1,1,1,0,0,1.0,0.0,0.0,1,-0.0,False,False,False,False,False,0,0,0,1,1,1,0,0,0,0,1
baseline,S_0025350,1,1,1,1,0,0,1.0,0.0,0.0,1,-0.0,False,False,False,False,False,0,0,0,1,1,1,0,0,0,0,1
baseline,S_0025351,1,1,1,1,0,0,1.0,0.0,0.0,1,-0.0,False,False,False,False,False,0,0,0,1,1,1,0,0,0,0,1
baseline,S_0025359,1,1,1,1,0,0,1.0,0.0,0.0,1,-0.0,False,False,False,False,False,0,0,0,1,1,1,0,0,0,0,1
baseline,S_0025368,1,1,1,0,1,0,0.0,1.0,0.0,1,-0.0,False,False,False,False,False,0,0,1,0,1,0,0,0,1,0,1
baseline,S_0025369,1,1,1,0,1,0,0.0,1.0,0.0,1,-0.0,False,False,False,False,False,0,0,1,0,1,0,0,0,1,0,1
baseline,S_0025370,1,1,1,0,1,0,0.0,1.0,0.0,1,-0.0,False,False,False,False,False,0,0,1,0,1,0,0,0,1,0,1
baseline,S_0025439,1,1,1,1,0,0,1.0,0.0,0.0,1,-0.0,False,False,False,False,False,0,0,0,1,1,0,1,0,0,0,1
baseline,S_0025440,1,1,1,1,0,0,1.0,0.0,0.0,1,-0.0,False,False,False,False,False,0,0,0,1,1,0,1,0,0,0,1
baseline,S_0025444,1,1,1,1,0,0,1.0,0.0,0.0,1,-0.0,False,False,False,False,False,0,0,0,1,1,0,1,0,0,0,1
baseline,S_0025446,1,1,1,1,0,0,1.0,0.0,0.0,1,-0.0,False,False,False,False,False,0,0,0,1,1,0,1,0,0,0,1
baseline,S_0025499,1,1,1,1,0,0,1.0,0.0,0.0,1,-0.0,False,False,False,False,False,0,0,0,1,1,0,1,0,0,0,1
baseline,S_0025501,1,1,1,1,0,0,1.0,0.0,0.0,1,-0.0,False,False,False,False,False,0,0,0,1,1,0,1,0,0,0,1
baseline,S_0025535,1,1,1,1,0,0,1.0,0.0,0.0,1,-0.0,False,False,False,False,False,0,0,1,0,1,0,0,0,0,1,1
baseline,S_0025536,1,1,1,1,0,0,1.0,0.0,0.0,1,-0.0,False,False,False,False,False,0,0,1,0,1,0,0,0,0,1,1
baseline,S_0025559,1,1,1,1,0,0,1.0,0.0,0.0,1,-0.0,False,False,False,False,False,0,0,1,0,1,0,0,0,0,1,1
baseline,S_0025560,1,1,1,1,0,0,1.0,0.0,0.0,1,-0.0,False,False,False,False,False,0,0,1,0,1,0,0,0,0,1,1
baseline,S_0025670,1,1,1,1,0,0,1.0,0.0,0.0,1,-0.0,False,False,False,False,False,0,0,1,0,1,0,0,0,0,1,1
baseline,S_0025672,1,1,1,1,0,0,1.0,0.0,0.0,1,-0.0,False,False,False,False,False,0,0,1,0,1,0,0,0,0,1,1
baseline,S_0025676,1,1,1,1,0,0,1.0,0.0,0.0,1,-0.0,False,False,False,False,False,0,1,0,0,1,0,0,1,0,0,1
baseline,S_0025724,1,1,1,0,1,0,0.0,1.0,0.0,1,-0.0,False,False,False,False,False,0,0,1,0,1,0,1,0,0,0,1
baseline,S_0025725,1,1,1,0,1,0,0.0,1.0,0.0,1,-0.0,False,False,False,False,False,0,0,1,0,1,0,1,0,0,0,1
baseline,S_0025741,1,1,1,0,1,0,0.0,1.0,0.0,1,-0.0,False,False,False,False,False,0,0,1,0,1,0,1,0,0,0,1
baseline,S_0025743,1,1,1,0,1,0,0.0,1.0,0.0,1,-0.0,False,False,False,False,False,0,0,1,0,1,0,1,0,0,0,1
baseline,S_0025746,1,1,1,0,1,0,0.0,1.0,0.0,1,-0.0,False,False,False,False,False,0,0,1,0,1,0,1,0,0,0,1
baseline,S_0025750,1,1,1,0,1,0,0.0,1.0,0.0,1,-0.0,False,False,False,False,False,0,0,1,0,1,0,1,0,0,0,1
baseline,S_0025761,1,1,1,0,1,0,0.0,1.0,0.0,1,-0.0,False,False,False,False,False,0,0,1,0,1,0,1,0,0,0,1
baseline,S_0025763,1,1,1,0,1,0,0.0,1.0,0.0,1,-0.0,False,False,False,False,False,0,0,1,0,1,0,1,0,0,0,1
baseline,S_0025767,1,1,1,0,1,0,0.0,1.0,0.0,1,-0.0,False,False,False,False,False,0,0,1,0,1,0,0,0,1,0,1
baseline,S_0025774,1,1,1,0,1,0,0.0,1.0,0.0,1,-0.0,False,False,False,False,False,0,0,1,0,1,0,0,0,1,0,1
baseline,S_0025775,1,1,1,0,1,0,0.0,1.0,0.0,1,-0.0,False,False,False,False,False,0,0,1,0,1,0,0,0,1,0,1
baseline,S_0025780,1,1,1,0,1,0,0.0,1.0,0.0,1,-0.0,False,False,False,False,False,0,0,1,0,1,0,0,0,1,0,1
baseline,S_0025781,1,1,1,0,1,0,0.0,1.0,0.0,1,-0.0,False,False,False,False,False,0,0,1,0,1,0,0,0,1,0,1
baseline,S_0025801,1,1,1,0,1,0,0.0,1.0,0.0,1,-0.0,False,False,False,False,False,0,0,1,0,1,0,0,0,1,0,1
baseline,S_0025803,1,1,1,0,1,0,0.0,1.0,0.0,1,-0.0,False,False,False,False,False,0,0,1,0,1,0,0,0,1,0,1
baseline,S_0026041,4,3,3,1,2,0,0.3333333333333333,0.6666666666666666,0.0,2,0.5793801642856949,False,True,True,False,False,0,0,0,3,1,1,1,0,1,0,3
baseline,S_0026044,4,3,3,1,2,0,0.3333333333333333,0.6666666666666666,0.0,2,0.5793801642856949,False,True,True,False,False,0,0,0,3,1,1,1,0,1,0,3
baseline,S_0026047,4,3,3,1,2,0,0.3333333333333333,0.6666666666666666,0.0,2,0.5793801642856949,False,True,True,False,False,0,0,0,3,1,1,1,0,1,0,3
baseline,S_0026049,1,1,1,0,1,0,0.0,1.0,0.0,1,-0.0,False,False,False,False,False,0,0,1,0,1,0,0,0,0,1,1
baseline,S_0026051,1,1,1,0,1,0,0.0,1.0,0.0,1,-0.0,False,False,False,False,False,0,0,1,0,1,0,0,0,0,1,1
baseline,S_0026052,1,1,1,0,1,0,0.0,1.0,0.0,1,-0.0,False,False,False,False,False,0,0,1,0,1,0,0,0,0,1,1
baseline,S_0026080,1,1,1,0,1,0,0.0,1.0,0.0,1,-0.0,False,False,False,False,False,0,0,1,0,1,0,0,0,1,0,1
baseline,S_0026081,1,1,1,0,1,0,0.0,1.0,0.0,1,-0.0,False,False,False,False,False,0,0,1,0,1,0,0,0,1,0,1
baseline,S_0026090,1,1,1,0,1,0,0.0,1.0,0.0,1,-0.0,False,False,False,False,False,0,0,1,0,1,0,0,0,0,1,1
baseline,S_0026091,1,1,1,0,1,0,0.0,1.0,0.0,1,-0.0,False,False,False,False,False,0,0,1,0,1,0,0,0,0,1,1
baseline,S_0026103,1,1,1,0,1,0,0.0,1.0,0.0,1,-0.0,False,False,False,False,False,0,0,1,0,1,0,0,0,0,1,1
baseline,S_0026104,1,1,1,0,1,0,0.0,1.0,0.0,1,-0.0,False,False,False,False,False,0,0,1,0,1,0,0,0,0,1,1
baseline,S_0026110,1,1,1,0,1,0,0.0,1.0,0.0,1,-0.0,False,False,False,False,False,0,0,1,0,1,0,0,0,0,1,1
baseline,S_0026111,1,1,1,0,1,0,0.0,1.0,0.0,1,-0.0,False,False,False,False,False,0,0,1,0,1,0,0,0,0,1,1
baseline,S_0026134,1,1,1,0,1,0,0.0,1.0,0.0,1,-0.0,False,False,False,False,False,0,0,1,0,1,0,0,0,0,1,1
baseline,S_0026140,1,1,1,0,1,0,0.0,1.0,0.0,1,-0.0,False,False,False,False,False,0,0,1,0,1,0,0,0,0,1,1
baseline,S_0026142,1,1,1,0,1,0,0.0,1.0,0.0,1,-0.0,False,False,False,False,False,0,0,1,0,1,0,0,0,0,1,1
baseline,S_0026153,1,1,1,0,1,0,0.0,1.0,0.0,1,-0.0,False,False,False,False,False,0,0,1,0,1,0,0,0,0,1,1
baseline,S_0026154,1,1,1,0,1,0,0.0,1.0,0.0,1,-0.0,False,False,False,False,False,0,0,1,0,1,0,0,0,0,1,1
baseline,S_0026155,1,1,1,0,1,0,0.0,1.0,0.0,1,-0.0,False,False,False,False,False,0,0,1,0,1,0,0,0,0,1,1
baseline,S_0026173,1,1,1,0,1,0,0.0,1.0,0.0,1,-0.0,False,False,False,False,False,0,0,1,0,1,0,0,0,0,1,1
baseline,S_0026174,1,1,1,0,1,0,0.0,1.0,0.0,1,-0.0,False,False,False,False,False,0,0,1,0,1,0,0,0,0,1,1
baseline,S_0026175,1,1,1,0,1,0,0.0,1.0,0.0,1,-0.0,False,False,False,False,False,0,0,1,0,1,0,0,0,0,1,1
baseline,S_0026176,1,1,1,0,1,0,0.0,1.0,0.0,1,-0.0,False,False,False,False,False,0,0,1,0,1,0,0,0,0,1,1
baseline,S_0026179,1,1,1,0,1,0,0.0,1.0,0.0,1,-0.0,False,False,False,False,False,0,0,1,0,1,0,0,0,0,1,1
baseline,S_0026190,3,3,2,1,2,0,0.3333333333333333,0.6666666666666666,0.0,2,0.5793801642856949,False,True,True,False,False,0,0,1,2,2,1,0,0,2,0,2
baseline,S_0026191,4,4,3,1,3,0,0.25,0.75,0.0,2,0.5118595071429147,False,True,True,False,False,0,0,1,3,2,1,1,0,2,0,3
baseline,S_0026192,3,3,2,1,2,0,0.3333333333333333,0.6666666666666666,0.0,2,0.5793801642856949,False,True,True,False,False,0,0,0,3,1,1,1,0,1,0,3
baseline,S_0026193,1,1,1,0,1,0,0.0,1.0,0.0,1,-0.0,False,False,False,False,False,0,0,1,0,1,0,0,1,0,0,1
baseline,S_0026196,1,1,1,0,1,0,0.0,1.0,0.0,1,-0.0,False,False,False,False,False,0,0,1,0,1,0,0,1,0,0,1
baseline,S_0026201,1,1,1,0,1,0,0.0,1.0,0.0,1,-0.0,False,False,False,False,False,0,0,1,0,1,0,0,1,0,0,1
baseline,S_0026203,1,1,1,0,1,0,0.0,1.0,0.0,1,-0.0,False,False,False,False,False,0,0,1,0,1,0,0,1,0,0,1
baseline,S_0026223,3,3,2,1,1,1,0.3333333333333333,0.3333333333333333,0.3333333333333333,3,0.9999999999999998,False,True,True,False,False,0,0,0,3,1,0,2,0,1,0,2
baseline,S_0026224,7,7,4,1,4,2,0.14285714285714285,0.5714285714285714,0.2857142857142857,3,0.8699155297736259,True,True,True,True,False,0,0,3,4,2,1,4,1,1,0,4
baseline,S_0026226,7,7,4,1,4,2,0.14285714285714285,0.5714285714285714,0.2857142857142857,3,0.8699155297736259,True,True,True,True,False,0,0,3,4,2,1,4,1,1,0,4
baseline,S_0026229,4,4,2,0,3,1,0.0,0.75,0.25,2,0.5118595071429147,False,True,True,False,False,0,0,3,1,2,1,2,1,0,0,3
baseline,S_0026230,4,4,2,0,3,1,0.0,0.75,0.25,2,0.5118595071429147,False,True,True,False,False,0,0,3,1,2,1,2,1,0,0,3
baseline,S_0026231,4,4,2,0,3,1,0.0,0.75,0.25,2,0.5118595071429147,False,True,True,False,False,0,0,3,1,2,1,2,1,0,0,3
baseline,S_0026234,4,4,2,0,3,1,0.0,0.75,0.25,2,0.5118595071429147,False,True,True,False,False,0,0,3,1,2,1,2,1,0,0,3
baseline,S_0026235,3,3,2,1,1,1,0.3333333333333333,0.3333333333333333,0.3333333333333333,3,0.9999999999999998,False,True,True,False,False,0,0,0,3,1,0,2,0,1,0,2
baseline,S_0026237,4,4,2,0,3,1,0.0,0.75,0.25,2,0.5118595071429147,False,True,True,False,False,0,0,3,1,2,1,2,1,0,0,3
baseline,S_0026241,1,1,1,0,1,0,0.0,1.0,0.0,1,-0.0,False,False,False,False,False,0,0,1,0,1,0,0,0,0,1,1
baseline,S_0026243,1,1,1,0,1,0,0.0,1.0,0.0,1,-0.0,False,False,False,False,False,0,0,1,0,1,0,0,0,0,1,1
baseline,S_0026246,1,1,1,1,0,0,1.0,0.0,0.0,1,-0.0,False,False,False,False,False,0,1,0,0,1,0,0,1,0,0,1
baseline,S_0026247,2,2,2,2,0,0,1.0,0.0,0.0,1,-0.0,False,True,False,False,False,0,1,0,1,2,0,1,1,0,0,2
baseline,S_0026256,2,2,1,0,0,2,0.0,0.0,1.0,1,-0.0,False,True,False,False,False,0,0,2,0,1,0,0,0,2,0,1
baseline,S_0026261,3,3,3,0,2,1,0.0,0.6666666666666666,0.3333333333333333,2,0.5793801642856949,False,True,True,False,False,0,0,1,2,2,3,0,0,0,0,1
baseline,S_0026262,1,1,1,0,1,0,0.0,1.0,0.0,1,-0.0,False,False,False,False,False,0,0,0,1,1,1,0,0,0,0,1
baseline,S_0026275,1,1,1,0,1,0,0.0,1.0,0.0,1,-0.0,False,False,False,False,False,0,0,0,1,1,1,0,0,0,0,1
baseline,S_0026277,1,1,1,0,1,0,0.0,1.0,0.0,1,-0.0,False,False,False,False,False,0,0,0,1,1,1,0,0,0,0,1
baseline,S_0026280,1,1,1,0,1,0,0.0,1.0,0.0,1,-0.0,False,False,False,False,False,0,0,0,1,1,1,0,0,0,0,1
baseline,S_0026285,1,1,1,0,1,0,0.0,1.0,0.0,1,-0.0,False,False,False,False,False,0,0,1,0,1,0,1,0,0,0,1
baseline,S_0026286,1,1,1,0,1,0,0.0,1.0,0.0,1,-0.0,False,False,False,False,False,0,0,1,0,1,0,1,0,0,0,1
baseline,S_0026292,1,1,1,0,1,0,0.0,1.0,0.0,1,-0.0,False,False,False,False,False,0,0,1,0,1,0,1,0,0,0,1
baseline,S_0026293,1,1,1,0,1,0,0.0,1.0,0.0,1,-0.0,False,False,False,False,False,0,0,1,0,1,0,1,0,0,0,1
baseline,S_0026296,1,1,1,0,1,0,0.0,1.0,0.0,1,-0.0,False,False,False,False,False,0,0,1,0,1,0,1,0,0,0,1
baseline,S_0026299,1,1,1,0,1,0,0.0,1.0,0.0,1,-0.0,False,False,False,False,False,0,0,1,0,1,0,1,0,0,0,1
baseline,S_0026550,2,1,2,0,1,0,0.0,1.0,0.0,1,-0.0,False,False,False,False,False,0,0,1,0,1,0,0,0,1,0,1
baseline,S_0026551,1,1,1,0,1,0,0.0,1.0,0.0,1,-0.0,False,False,False,False,False,0,0,1,0,1,0,0,0,1,0,1
baseline,S_0026587,1,1,1,0,1,0,0.0,1.0,0.0,1,-0.0,False,False,False,False,False,0,0,1,0,1,0,0,0,1,0,1
baseline,S_0026588,1,1,1,0,1,0,0.0,1.0,0.0,1,-0.0,False,False,False,False,False,0,0,1,0,1,0,0,0,1,0,1
baseline,S_0026590,1,1,1,0,1,0,0.0,1.0,0.0,1,-0.0,False,False,False,False,False,0,0,1,0,1,0,0,0,1,0,1
baseline,S_0026592,1,1,1,0,1,0,0.0,1.0,0.0,1,-0.0,False,False,False,False,False,0,0,1,0,1,0,0,0,1,0,1
baseline,S_0026633,1,1,1,0,1,0,0.0,1.0,0.0,1,-0.0,False,False,False,False,False,0,0,1,0,1,0,0,0,1,0,1
baseline,S_0026634,1,1,1,0,1,0,0.0,1.0,0.0,1,-0.0,False,False,False,False,False,0,0,1,0,1,0,0,0,1,0,1
baseline,S_0026638,1,1,1,0,1,0,0.0,1.0,0.0,1,-0.0,False,False,False,False,False,0,0,1,0,1,0,0,0,1,0,1
baseline,S_0026649,1,1,1,0,1,0,0.0,1.0,0.0,1,-0.0,False,False,False,False,False,0,0,1,0,1,0,0,0,1,0,1
baseline,S_0026650,1,1,1,0,1,0,0.0,1.0,0.0,1,-0.0,False,False,False,False,False,0,0,1,0,1,0,0,0,1,0,1
baseline,S_0026658,1,1,1,0,1,0,0.0,1.0,0.0,1,-0.0,False,False,False,False,False,0,0,1,0,1,0,0,0,1,0,1
baseline,S_0026659,1,1,1,0,1,0,0.0,1.0,0.0,1,-0.0,False,False,False,False,False,0,0,1,0,1,0,0,0,1,0,1
baseline,S_0026699,2,2,2,2,0,0,1.0,0.0,0.0,1,-0.0,False,True,False,False,False,0,0,0,2,1,1,0,0,1,0,2
baseline,S_0026705,1,1,1,0,1,0,0.0,1.0,0.0,1,-0.0,False,False,False,False,False,0,0,1,0,1,0,1,0,0,0,1
baseline,S_0026707,1,1,1,0,1,0,0.0,1.0,0.0,1,-0.0,False,False,False,False,False,0,0,1,0,1,0,1,0,0,0,1
baseline,S_0026708,2,1,2,0,1,0,0.0,1.0,0.0,1,-0.0,False,False,False,False,False,0,0,1,0,1,0,1,0,0,0,1
baseline,S_0026709,1,1,1,0,1,0,0.0,1.0,0.0,1,-0.0,False,False,False,False,False,0,0,1,0,1,0,1,0,0,0,1
baseline,S_0026757,1,1,1,0,1,0,0.0,1.0,0.0,1,-0.0,False,False,False,False,False,0,0,1,0,1,0,1,0,0,0,1
baseline,S_0026758,1,1,1,0,1,0,0.0,1.0,0.0,1,-0.0,False,False,False,False,False,0,0,1,0,1,0,1,0,0,0,1
baseline,S_0026938,1,1,1,0,1,0,0.0,1.0,0.0,1,-0.0,False,False,False,False,False,0,0,1,0,1,0,0,0,1,0,1
baseline,S_0026939,1,1,1,0,1,0,0.0,1.0,0.0,1,-0.0,False,False,False,False,False,0,0,1,0,1,0,0,0,1,0,1
baseline,S_0026961,1,1,1,0,1,0,0.0,1.0,0.0,1,-0.0,False,False,False,False,False,0,0,1,0,1,0,0,0,1,0,1
baseline,S_0026962,1,1,1,0,1,0,0.0,1.0,0.0,1,-0.0,False,False,False,False,False,0,0,1,0,1,0,0,0,1,0,1
baseline,S_0027071,1,1,1,0,1,0,0.0,1.0,0.0,1,-0.0,False,False,False,False,False,0,0,1,0,1,0,1,0,0,0,1
baseline,S_0027091,3,2,3,0,2,0,0.0,1.0,0.0,1,-0.0,False,True,False,False,False,0,0,1,1,2,0,1,0,1,0,2
baseline,S_0027092,3,2,3,0,2,0,0.0,1.0,0.0,1,-0.0,False,True,False,False,False,0,0,1,1,2,0,1,0,1,0,2
baseline,S_0027107,3,2,3,0,2,0,0.0,1.0,0.0,1,-0.0,False,True,False,False,False,0,0,1,1,2,0,1,0,1,0,2
baseline,S_0027150,4,4,2,2,2,0,0.5,0.5,0.0,2,0.6309297535714574,False,True,True,False,False,0,1,3,0,2,3,0,0,0,1,2
baseline,S_0027152,3,3,1,2,1,0,0.6666666666666666,0.3333333333333333,0.0,2,0.5793801642856949,False,True,True,False,False,0,0,3,0,1,2,0,0,0,1,2
baseline,S_0027302,2,2,2,0,1,1,0.0,0.5,0.5,2,0.6309297535714574,False,True,False,False,False,0,0,1,1,2,0,0,0,0,2,1
baseline,S_0027303,2,2,2,0,2,0,0.0,1.0,0.0,1,-0.0,False,True,False,False,False,0,0,0,2,1,0,0,0,2,0,1
baseline,S_0027306,2,2,2,0,1,1,0.0,0.5,0.5,2,0.6309297535714574,False,True,False,False,False,0,0,1,1,2,0,0,0,0,2,1
baseline,S_0027307,2,2,2,0,1,1,0.0,0.5,0.5,2,0.6309297535714574,False,True,False,False,False,0,0,1,1,2,0,0,0,0,2,1
baseline,S_0027309,3,2,3,0,1,1,0.0,0.5,0.5,2,0.6309297535714574,False,True,False,False,False,0,0,1,1,2,0,0,0,0,2,1
baseline,S_0027310,2,2,2,0,1,1,0.0,0.5,0.5,2,0.6309297535714574,False,True,False,False,False,0,0,1,1,2,0,0,0,0,2,1
baseline,S_0027311,2,2,2,0,1,1,0.0,0.5,0.5,2,0.6309297535714574,False,True,False,False,False,0,0,1,1,2,0,0,0,0,2,1
baseline,S_0027313,2,2,2,0,1,1,0.0,0.5,0.5,2,0.6309297535714574,False,True,False,False,False,0,0,1,1,2,0,0,0,0,2,1
baseline,S_0027316,1,1,1,1,0,0,1.0,0.0,0.0,1,-0.0,False,False,False,False,False,0,0,1,0,1,0,1,0,0,0,1
baseline,S_0027317,1,1,1,1,0,0,1.0,0.0,0.0,1,-0.0,False,False,False,False,False,0,0,1,0,1,0,1,0,0,0,1
baseline,S_0027334,4,4,3,1,1,2,0.25,0.25,0.5,3,0.946394630357186,False,True,True,False,False,0,0,0,4,1,2,0,0,1,1,3
baseline,S_0027354,2,2,2,1,1,0,0.5,0.5,0.0,2,0.6309297535714574,False,True,False,False,False,0,0,1,1,2,1,0,0,0,1,2
baseline,S_0027355,2,2,2,1,1,0,0.5,0.5,0.0,2,0.6309297535714574,False,True,False,False,False,0,0,1,1,2,1,0,0,0,1,2
baseline,S_0027356,1,1,1,0,1,0,0.0,1.0,0.0,1,-0.0,False,False,False,False,False,0,0,1,0,1,0,0,0,0,1,1
baseline,S_0027357,1,1,1,0,1,0,0.0,1.0,0.0,1,-0.0,False,False,False,False,False,0,0,1,0,1,0,0,0,0,1,1
baseline,S_0027359,1,1,1,1,0,0,1.0,0.0,0.0,1,-0.0,False,False,False,False,False,0,0,1,0,1,0,0,0,0,1,1
baseline,S_0027372,2,2,2,0,2,0,0.0,1.0,0.0,1,-0.0,False,True,False,False,False,0,0,1,1,2,0,1,1,0,0,2
baseline,S_0027389,1,1,1,1,0,0,1.0,0.0,0.0,1,-0.0,False,False,False,False,False,0,0,1,0,1,0,1,0,0,0,1
baseline,S_0027392,1,1,1,1,0,0,1.0,0.0,0.0,1,-0.0,False,False,False,False,False,0,0,1,0,1,0,1,0,0,0,1
baseline,S_0027464,1,1,1,1,0,0,1.0,0.0,0.0,1,-0.0,False,False,False,False,False,0,0,1,0,1,1,0,0,0,0,1
baseline,S_0027507,1,1,1,0,1,0,0.0,1.0,0.0,1,-0.0,False,False,False,False,False,0,0,1,0,1,0,0,0,0,1,1
baseline,S_0027508,1,1,1,0,1,0,0.0,1.0,0.0,1,-0.0,False,False,False,False,False,0,0,1,0,1,0,0,0,0,1,1
baseline,S_0027509,1,1,1,0,1,0,0.0,1.0,0.0,1,-0.0,False,False,False,False,False,0,0,1,0,1,0,0,0,0,1,1
baseline,S_0027510,1,1,1,0,1,0,0.0,1.0,0.0,1,-0.0,False,False,False,False,False,0,0,1,0,1,0,0,0,0,1,1
baseline,S_0027515,1,1,1,0,0,1,0.0,0.0,1.0,1,-0.0,False,False,False,False,False,0,0,1,0,1,1,0,0,0,0,1
baseline,S_0027517,1,1,1,0,1,0,0.0,1.0,0.0,1,-0.0,False,False,False,False,False,0,0,1,0,1,0,0,0,0,1,1
baseline,S_0027518,1,1,1,0,1,0,0.0,1.0,0.0,1,-0.0,False,False,False,False,False,0,0,1,0,1,0,0,0,0,1,1
baseline,S_0027581,1,1,1,1,0,0,1.0,0.0,0.0,1,-0.0,False,False,False,False,False,0,0,0,1,1,0,0,0,0,1,1
baseline,S_0027583,1,1,1,1,0,0,1.0,0.0,0.0,1,-0.0,False,False,False,False,False,0,0,0,1,1,0,0,0,0,1,1
baseline,S_0027602,1,1,1,0,1,0,0.0,1.0,0.0,1,-0.0,False,False,False,False,False,0,0,1,0,1,0,1,0,0,0,1
baseline,S_0027607,1,1,1,0,0,1,0.0,0.0,1.0,1,-0.0,False,False,False,False,False,0,0,1,0,1,1,0,0,0,0,1
baseline,S_0027609,1,1,1,0,0,1,0.0,0.0,1.0,1,-0.0,False,False,False,False,False,0,0,1,0,1,1,0,0,0,0,1
baseline,S_0027616,1,1,1,0,0,1,0.0,0.0,1.0,1,-0.0,False,False,False,False,False,0,0,1,0,1,1,0,0,0,0,1
baseline,S_0027634,1,1,1,0,1,0,0.0,1.0,0.0,1,-0.0,False,False,False,False,False,0,0,0,1,1,0,1,0,0,0,1
baseline,S_0027635,1,1,1,0,1,0,0.0,1.0,0.0,1,-0.0,False,False,False,False,False,0,0,0,1,1,0,1,0,0,0,1
baseline,S_0027638,1,1,1,0,1,0,0.0,1.0,0.0,1,-0.0,False,False,False,False,False,0,0,1,0,1,0,0,0,0,1,1
baseline,S_0027640,1,1,1,0,1,0,0.0,1.0,0.0,1,-0.0,False,False,False,False,False,0,0,1,0,1,0,0,0,0,1,1
baseline,S_0027641,1,1,1,0,1,0,0.0,1.0,0.0,1,-0.0,False,False,False,False,False,0,0,1,0,1,0,0,0,0,1,1
baseline,S_0027674,1,1,1,1,0,0,1.0,0.0,0.0,1,-0.0,False,False,False,False,False,0,0,1,0,1,0,1,0,0,0,1
baseline,S_0027709,1,1,1,1,0,0,1.0,0.0,0.0,1,-0.0,False,False,False,False,False,0,0,1,0,1,0,1,0,0,0,1
baseline,S_0027719,1,1,1,0,1,0,0.0,1.0,0.0,1,-0.0,False,False,False,False,False,0,0,1,0,1,0,1,0,0,0,1
baseline,S_0027720,1,1,1,0,1,0,0.0,1.0,0.0,1,-0.0,False,False,False,False,False,0,0,1,0,1,0,1,0,0,0,1
baseline,S_0027726,1,1,1,0,1,0,0.0,1.0,0.0,1,-0.0,False,False,False,False,False,0,0,1,0,1,0,1,0,0,0,1
baseline,S_0027896,3,2,3,2,0,0,1.0,0.0,0.0,1,-0.0,False,True,False,False,False,0,0,0,2,1,1,0,0,1,0,2
baseline,S_0027902,2,2,2,2,0,0,1.0,0.0,0.0,1,-0.0,False,True,False,False,False,0,0,0,2,1,1,0,0,1,0,2
baseline,S_0027903,2,2,2,2,0,0,1.0,0.0,0.0,1,-0.0,False,True,False,False,False,0,0,0,2,1,1,0,0,1,0,2
baseline,S_0027906,2,2,1,1,1,0,0.5,0.5,0.0,2,0.6309297535714574,False,True,False,False,False,0,0,2,0,1,0,1,0,0,1,2
baseline,S_0027907,2,2,1,1,1,0,0.5,0.5,0.0,2,0.6309297535714574,False,True,False,False,False,0,0,2,0,1,0,1,0,0,1,2
baseline,S_0027912,1,1,1,1,0,0,1.0,0.0,0.0,1,-0.0,False,False,False,False,False,0,0,0,1,1,0,0,0,1,0,1
baseline,S_0027922,1,1,1,1,0,0,1.0,0.0,0.0,1,-0.0,False,False,False,False,False,0,0,0,1,1,1,0,0,0,0,1
baseline,S_0027923,1,1,1,1,0,0,1.0,0.0,0.0,1,-0.0,False,False,False,False,False,0,0,0,1,1,1,0,0,0,0,1
baseline,S_0027924,1,1,1,1,0,0,1.0,0.0,0.0,1,-0.0,False,False,False,False,False,0,0,0,1,1,1,0,0,0,0,1
baseline,S_0027925,1,1,1,1,0,0,1.0,0.0,0.0,1,-0.0,False,False,False,False,False,0,0,0,1,1,1,0,0,0,0,1
baseline,S_0027927,1,1,1,1,0,0,1.0,0.0,0.0,1,-0.0,False,False,False,False,False,0,0,0,1,1,1,0,0,0,0,1
baseline,S_0027935,1,1,1,1,0,0,1.0,0.0,0.0,1,-0.0,False,False,False,False,False,0,0,0,1,1,1,0,0,0,0,1
baseline,S_0027936,1,1,1,1,0,0,1.0,0.0,0.0,1,-0.0,False,False,False,False,False,0,0,0,1,1,1,0,0,0,0,1
baseline,S_0027943,1,1,1,1,0,0,1.0,0.0,0.0,1,-0.0,False,False,False,False,False,0,0,1,0,1,0,1,0,0,0,1
baseline,S_0027959,1,1,1,1,0,0,1.0,0.0,0.0,1,-0.0,False,False,False,False,False,0,0,1,0,1,0,1,0,0,0,1
baseline,S_0027962,1,1,1,1,0,0,1.0,0.0,0.0,1,-0.0,False,False,False,False,False,0,0,0,1,1,0,0,0,1,0,1
baseline,S_0027968,1,1,1,1,0,0,1.0,0.0,0.0,1,-0.0,False,False,False,False,False,0,0,1,0,1,0,1,0,0,0,1
baseline,S_0027987,1,1,1,1,0,0,1.0,0.0,0.0,1,-0.0,False,False,False,False,False,0,0,1,0,1,0,1,0,0,0,1
baseline,S_0027991,1,1,1,1,0,0,1.0,0.0,0.0,1,-0.0,False,False,False,False,False,0,0,1,0,1,0,1,0,0,0,1
baseline,S_0027993,1,1,1,1,0,0,1.0,0.0,0.0,1,-0.0,False,False,False,False,False,0,0,1,0,1,0,1,0,0,0,1
baseline,S_0027995,1,1,1,1,0,0,1.0,0.0,0.0,1,-0.0,False,False,False,False,False,0,0,1,0,1,0,1,0,0,0,1
baseline,S_0028067,2,2,2,2,0,0,1.0,0.0,0.0,1,-0.0,False,True,False,False,False,0,0,1,1,2,1,0,0,0,1,2
baseline,S_0028070,1,1,1,1,0,0,1.0,0.0,0.0,1,-0.0,False,False,False,False,False,0,0,1,0,1,1,0,0,0,0,1
baseline,S_0028085,4,4,2,3,1,0,0.75,0.25,0.0,2,0.5118595071429147,False,True,True,False,False,0,0,0,4,1,2,0,1,1,0,3
baseline,S_0028090,1,1,1,0,1,0,0.0,1.0,0.0,1,-0.0,False,False,False,False,False,0,0,1,0,1,1,0,0,0,0,1
baseline,S_0028147,1,1,1,0,0,1,0.0,0.0,1.0,1,-0.0,False,False,False,False,False,0,0,1,0,1,0,0,1,0,0,1
baseline,S_0028168,1,1,1,0,1,0,0.0,1.0,0.0,1,-0.0,False,False,False,False,False,0,0,1,0,1,0,0,1,0,0,1
baseline,S_0028174,1,1,1,0,1,0,0.0,1.0,0.0,1,-0.0,False,False,False,False,False,0,0,1,0,1,0,0,1,0,0,1
baseline,S_0028176,1,1,1,0,1,0,0.0,1.0,0.0,1,-0.0,False,False,False,False,False,0,0,1,0,1,0,0,1,0,0,1
baseline,S_0028191,1,1,1,0,0,1,0.0,0.0,1.0,1,-0.0,False,False,False,False,False,0,0,1,0,1,0,0,0,1,0,1
baseline,S_0028201,2,2,1,0,1,1,0.0,0.5,0.5,2,0.6309297535714574,False,True,False,False,False,0,0,2,0,1,0,1,1,0,0,2
baseline,S_0028202,3,3,2,0,2,1,0.0,0.6666666666666666,0.3333333333333333,2,0.5793801642856949,False,True,True,False,False,0,0,2,1,2,1,1,1,0,0,3
baseline,S_0028204,2,2,1,0,1,1,0.0,0.5,0.5,2,0.6309297535714574,False,True,False,False,False,0,0,2,0,1,0,1,1,0,0,2
baseline,S_0028205,2,2,1,0,1,1,0.0,0.5,0.5,2,0.6309297535714574,False,True,False,False,False,0,0,2,0,1,0,1,1,0,0,2
baseline,S_0028207,1,1,1,0,0,1,0.0,0.0,1.0,1,-0.0,False,False,False,False,False,1,0,0,0,1,1,0,0,0,0,1
baseline,S_0028208,1,1,1,0,0,1,0.0,0.0,1.0,1,-0.0,False,False,False,False,False,1,0,0,0,1,1,0,0,0,0,1
baseline,S_0028209,1,1,1,0,0,1,0.0,0.0,1.0,1,-0.0,False,False,False,False,False,1,0,0,0,1,1,0,0,0,0,1
baseline,S_0028212,1,1,1,0,0,1,0.0,0.0,1.0,1,-0.0,False,False,False,False,False,1,0,0,0,1,1,0,0,0,0,1
baseline,S_0028213,1,1,1,0,0,1,0.0,0.0,1.0,1,-0.0,False,False,False,False,False,1,0,0,0,1,1,0,0,0,0,1
baseline,S_0028215,1,1,1,0,0,1,0.0,0.0,1.0,1,-0.0,False,False,False,False,False,1,0,0,0,1,1,0,0,0,0,1
baseline,S_0028218,1,1,1,0,0,1,0.0,0.0,1.0,1,-0.0,False,False,False,False,False,1,0,0,0,1,1,0,0,0,0,1
baseline,S_0028219,1,1,1,0,1,0,0.0,1.0,0.0,1,-0.0,False,False,False,False,False,1,0,0,0,1,1,0,0,0,0,1
baseline,S_0028220,1,1,1,0,0,1,0.0,0.0,1.0,1,-0.0,False,False,False,False,False,0,0,0,1,1,0,1,0,0,0,1
baseline,S_0028221,1,1,1,0,0,1,0.0,0.0,1.0,1,-0.0,False,False,False,False,False,0,0,0,1,1,0,1,0,0,0,1
baseline,S_0028222,1,1,1,0,1,0,0.0,1.0,0.0,1,-0.0,False,False,False,False,False,1,0,0,0,1,1,0,0,0,0,1
baseline,S_0028224,1,1,1,0,1,0,0.0,1.0,0.0,1,-0.0,False,False,False,False,False,1,0,0,0,1,1,0,0,0,0,1
baseline,S_0028226,1,1,1,0,1,0,0.0,1.0,0.0,1,-0.0,False,False,False,False,False,1,0,0,0,1,1,0,0,0,0,1
baseline,S_0028228,1,1,1,0,1,0,0.0,1.0,0.0,1,-0.0,False,False,False,False,False,1,0,0,0,1,1,0,0,0,0,1
baseline,S_0028229,1,1,1,0,1,0,0.0,1.0,0.0,1,-0.0,False,False,False,False,False,0,0,1,0,1,0,0,0,0,1,1
baseline,S_0028233,1,1,1,0,1,0,0.0,1.0,0.0,1,-0.0,False,False,False,False,False,1,0,0,0,1,1,0,0,0,0,1
baseline,S_0028234,1,1,1,0,1,0,0.0,1.0,0.0,1,-0.0,False,False,False,False,False,1,0,0,0,1,1,0,0,0,0,1
baseline,S_0028239,1,1,1,0,0,1,0.0,0.0,1.0,1,-0.0,False,False,False,False,False,0,0,1,0,1,0,0,0,1,0,1
baseline,S_0028240,1,1,1,0,0,1,0.0,0.0,1.0,1,-0.0,False,False,False,False,False,0,0,1,0,1,0,0,0,1,0,1
baseline,S_0028247,1,1,1,0,0,1,0.0,0.0,1.0,1,-0.0,False,False,False,False,False,0,0,1,0,1,0,0,0,1,0,1
baseline,S_0028248,1,1,1,0,0,1,0.0,0.0,1.0,1,-0.0,False,False,False,False,False,0,0,1,0,1,0,0,0,1,0,1
baseline,S_0028250,2,1,2,0,1,0,0.0,1.0,0.0,1,-0.0,False,False,False,False,False,0,0,0,1,1,1,0,0,0,0,1
baseline,S_0028294,2,2,1,0,1,1,0.0,0.5,0.5,2,0.6309297535714574,False,True,False,False,False,0,0,2,0,1,0,1,1,0,0,2
baseline,S_0028317,1,1,1,0,1,0,0.0,1.0,0.0,1,-0.0,False,False,False,False,False,0,0,1,0,1,0,0,1,0,0,1
baseline,S_0028320,1,1,1,0,1,0,0.0,1.0,0.0,1,-0.0,False,False,False,False,False,0,0,1,0,1,0,0,1,0,0,1
baseline,S_0028321,1,1,1,0,1,0,0.0,1.0,0.0,1,-0.0,False,False,False,False,False,0,0,0,1,1,0,0,0,0,1,1
baseline,S_0028330,1,1,1,0,1,0,0.0,1.0,0.0,1,-0.0,False,False,False,False,False,1,0,0,0,1,1,0,0,0,0,1
baseline,S_0028331,1,1,1,0,1,0,0.0,1.0,0.0,1,-0.0,False,False,False,False,False,1,0,0,0,1,1,0,0,0,0,1
baseline,S_0028333,1,1,1,0,1,0,0.0,1.0,0.0,1,-0.0,False,False,False,False,False,1,0,0,0,1,1,0,0,0,0,1
baseline,S_0028335,1,1,1,0,0,1,0.0,0.0,1.0,1,-0.0,False,False,False,False,False,0,0,0,1,1,1,0,0,0,0,1
baseline,S_0028336,1,1,1,0,1,0,0.0,1.0,0.0,1,-0.0,False,False,False,False,False,1,0,0,0,1,1,0,0,0,0,1
baseline,S_0028337,1,1,1,0,1,0,0.0,1.0,0.0,1,-0.0,False,False,False,False,False,0,0,0,1,1,0,0,0,1,0,1
baseline,S_0028342,1,1,1,1,0,0,1.0,0.0,0.0,1,-0.0,False,False,False,False,False,0,0,0,1,1,0,0,0,1,0,1
baseline,S_0028343,1,1,1,1,0,0,1.0,0.0,0.0,1,-0.0,False,False,False,False,False,0,0,0,1,1,0,0,0,1,0,1
baseline,S_0028358,1,1,1,0,1,0,0.0,1.0,0.0,1,-0.0,False,False,False,False,False,1,0,0,0,1,1,0,0,0,0,1
baseline,S_0028383,4,2,4,1,1,0,0.5,0.5,0.0,2,0.6309297535714574,False,True,False,False,False,0,0,0,2,1,1,0,0,0,1,2
baseline,S_0028457,6,5,4,2,3,0,0.4,0.6,0.0,2,0.6126016192893442,True,True,True,True,False,0,0,0,5,1,3,1,1,0,0,3
baseline,S_0028458,6,5,4,2,3,0,0.4,0.6,0.0,2,0.6126016192893442,True,True,True,True,False,0,0,0,5,1,3,1,1,0,0,3
baseline,S_0028461,6,5,4,2,3,0,0.4,0.6,0.0,2,0.6126016192893442,True,True,True,True,False,0,0,0,5,1,3,1,1,0,0,3
baseline,S_0028513,1,1,1,0,1,0,0.0,1.0,0.0,1,-0.0,False,False,False,False,False,0,0,0,1,1,0,0,0,0,1,1
baseline,S_0028515,2,1,2,0,1,0,0.0,1.0,0.0,1,-0.0,False,False,False,False,False,0,0,0,1,1,0,0,0,0,1,1
baseline,S_0028520,1,1,1,0,1,0,0.0,1.0,0.0,1,-0.0,False,False,False,False,False,0,0,0,1,1,0,0,0,0,1,1
baseline,S_0028522,1,1,1,0,1,0,0.0,1.0,0.0,1,-0.0,False,False,False,False,False,0,0,0,1,1,0,0,0,0,1,1
baseline,S_0028525,1,1,1,0,1,0,0.0,1.0,0.0,1,-0.0,False,False,False,False,False,0,0,0,1,1,0,0,0,0,1,1
baseline,S_0028539,4,4,2,3,1,0,0.75,0.25,0.0,2,0.5118595071429147,False,True,True,False,False,0,0,0,4,1,2,0,1,1,0,3
baseline,S_0028541,4,4,2,3,1,0,0.75,0.25,0.0,2,0.5118595071429147,False,True,True,False,False,0,0,0,4,1,2,0,1,1,0,3
baseline,S_0028548,4,4,2,3,1,0,0.75,0.25,0.0,2,0.5118595071429147,False,True,True,False,False,0,0,0,4,1,2,0,1,1,0,3
baseline,S_0028550,4,4,2,3,1,0,0.75,0.25,0.0,2,0.5118595071429147,False,True,True,False,False,0,0,0,4,1,2,0,1,1,0,3
baseline,S_0028551,4,4,2,3,1,0,0.75,0.25,0.0,2,0.5118595071429147,False,True,True,False,False,0,0,0,4,1,2,0,1,1,0,3
baseline,S_0028553,4,4,2,3,1,0,0.75,0.25,0.0,2,0.5118595071429147,False,True,True,False,False,0,0,0,4,1,2,0,1,1,0,3
baseline,S_0028554,4,4,2,3,1,0,0.75,0.25,0.0,2,0.5118595071429147,False,True,True,False,False,0,0,0,4,1,2,0,1,1,0,3
baseline,S_0028633,1,1,1,0,1,0,0.0,1.0,0.0,1,-0.0,False,False,False,False,False,0,0,1,0,1,0,0,0,0,1,1
baseline,S_0028634,1,1,1,0,1,0,0.0,1.0,0.0,1,-0.0,False,False,False,False,False,0,0,1,0,1,0,0,0,0,1,1
baseline,S_0028643,1,1,1,0,1,0,0.0,1.0,0.0,1,-0.0,False,False,False,False,False,0,0,1,0,1,0,0,0,0,1,1
baseline,S_0028648,1,1,1,0,1,0,0.0,1.0,0.0,1,-0.0,False,False,False,False,False,0,0,1,0,1,0,0,0,0,1,1
baseline,S_0028650,2,2,2,0,2,0,0.0,1.0,0.0,1,-0.0,False,True,False,False,False,0,0,2,0,1,0,0,0,0,2,1
baseline,S_0028651,2,2,2,0,2,0,0.0,1.0,0.0,1,-0.0,False,True,False,False,False,0,0,2,0,1,0,0,0,0,2,1
baseline,S_0028652,2,2,2,0,2,0,0.0,1.0,0.0,1,-0.0,False,True,False,False,False,0,0,2,0,1,0,0,0,0,2,1
baseline,S_0028655,1,1,1,0,1,0,0.0,1.0,0.0,1,-0.0,False,False,False,False,False,0,0,1,0,1,0,0,0,0,1,1
baseline,S_0028657,1,1,1,0,1,0,0.0,1.0,0.0,1,-0.0,False,False,False,False,False,0,0,1,0,1,0,0,0,0,1,1
baseline,S_0028658,1,1,1,0,1,0,0.0,1.0,0.0,1,-0.0,False,False,False,False,False,0,0,1,0,1,0,0,0,0,1,1
baseline,S_0028660,1,1,1,0,1,0,0.0,1.0,0.0,1,-0.0,False,False,False,False,False,0,0,1,0,1,0,0,0,0,1,1
baseline,S_0028661,1,1,1,0,1,0,0.0,1.0,0.0,1,-0.0,False,False,False,False,False,0,0,1,0,1,0,0,0,0,1,1
baseline,S_0028662,1,1,1,0,1,0,0.0,1.0,0.0,1,-0.0,False,False,False,False,False,0,0,1,0,1,0,0,0,0,1,1
baseline,S_0028664,4,4,2,3,1,0,0.75,0.25,0.0,2,0.5118595071429147,False,True,True,False,False,0,0,0,4,1,2,0,1,1,0,3
baseline,S_0028769,4,4,2,3,1,0,0.75,0.25,0.0,2,0.5118595071429147,False,True,True,False,False,0,0,0,4,1,2,0,1,1,0,3
baseline,S_0028770,4,4,2,3,1,0,0.75,0.25,0.0,2,0.5118595071429147,False,True,True,False,False,0,0,0,4,1,2,0,1,1,0,3
baseline,S_0028773,4,4,2,3,1,0,0.75,0.25,0.0,2,0.5118595071429147,False,True,True,False,False,0,0,0,4,1,2,0,1,1,0,3
baseline,S_0028775,4,4,2,3,1,0,0.75,0.25,0.0,2,0.5118595071429147,False,True,True,False,False,0,0,0,4,1,2,0,1,1,0,3
baseline,S_0028816,2,2,1,0,2,0,0.0,1.0,0.0,1,-0.0,False,True,False,False,False,0,0,2,0,1,0,1,0,1,0,2
baseline,S_0028817,2,2,1,0,2,0,0.0,1.0,0.0,1,-0.0,False,True,False,False,False,0,0,2,0,1,0,1,0,1,0,2
baseline,S_0028820,2,2,1,0,2,0,0.0,1.0,0.0,1,-0.0,False,True,False,False,False,0,0,2,0,1,0,1,0,1,0,2
baseline,S_0028861,2,2,1,0,2,0,0.0,1.0,0.0,1,-0.0,False,True,False,False,False,0,0,2,0,1,0,1,0,1,0,2
baseline,S_0028862,2,2,1,0,2,0,0.0,1.0,0.0,1,-0.0,False,True,False,False,False,0,0,2,0,1,0,1,0,1,0,2
baseline,S_0028872,2,2,1,0,2,0,0.0,1.0,0.0,1,-0.0,False,True,False,False,False,0,0,2,0,1,0,1,0,1,0,2
baseline,S_0028874,2,2,1,0,2,0,0.0,1.0,0.0,1,-0.0,False,True,False,False,False,0,0,2,0,1,0,1,0,1,0,2
baseline,S_0028878,2,2,1,0,2,0,0.0,1.0,0.0,1,-0.0,False,True,False,False,False,0,0,2,0,1,0,1,0,1,0,2
baseline,S_0028880,2,2,1,0,2,0,0.0,1.0,0.0,1,-0.0,False,True,False,False,False,0,0,2,0,1,0,1,0,1,0,2
baseline,S_0028919,2,2,1,0,2,0,0.0,1.0,0.0,1,-0.0,False,True,False,False,False,0,0,2,0,1,0,1,0,1,0,2
baseline,S_0028956,1,1,1,0,1,0,0.0,1.0,0.0,1,-0.0,False,False,False,False,False,0,0,1,0,1,0,0,0,0,1,1
baseline,S_0028959,1,1,1,0,1,0,0.0,1.0,0.0,1,-0.0,False,False,False,False,False,0,0,1,0,1,0,0,0,0,1,1
baseline,S_0028983,1,1,1,0,0,1,0.0,0.0,1.0,1,-0.0,False,False,False,False,False,0,0,1,0,1,0,0,0,1,0,1
baseline,S_0028984,1,1,1,0,0,1,0.0,0.0,1.0,1,-0.0,False,False,False,False,False,0,0,1,0,1,0,0,0,1,0,1
baseline,S_0028985,1,1,1,0,0,1,0.0,0.0,1.0,1,-0.0,False,False,False,False,False,0,0,1,0,1,0,0,0,1,0,1
baseline,S_0028997,2,2,1,0,2,0,0.0,1.0,0.0,1,-0.0,False,True,False,False,False,0,2,0,0,1,1,0,0,1,0,2
baseline,S_0028999,2,2,1,0,2,0,0.0,1.0,0.0,1,-0.0,False,True,False,False,False,0,2,0,0,1,1,0,0,1,0,2
baseline,S_0029000,3,3,2,0,2,1,0.0,0.6666666666666666,0.3333333333333333,2,0.5793801642856949,False,True,True,False,False,0,0,2,1,2,0,1,0,2,0,2
baseline,S_0029001,1,1,1,0,0,1,0.0,0.0,1.0,1,-0.0,False,False,False,False,False,0,0,0,1,1,0,0,0,1,0,1
baseline,S_0029002,2,2,1,0,2,0,0.0,1.0,0.0,1,-0.0,False,True,False,False,False,0,0,2,0,1,0,1,0,1,0,2
baseline,S_0029005,1,1,1,0,0,1,0.0,0.0,1.0,1,-0.0,False,False,False,False,False,0,0,1,0,1,0,0,0,1,0,1
baseline,S_0029006,1,1,1,0,0,1,0.0,0.0,1.0,1,-0.0,False,False,False,False,False,0,0,1,0,1,0,0,0,1,0,1
baseline,S_0029019,2,1,2,0,1,0,0.0,1.0,0.0,1,-0.0,False,False,False,False,False,0,0,0,1,1,0,1,0,0,0,1
baseline,S_0029066,1,1,1,0,1,0,0.0,1.0,0.0,1,-0.0,False,False,False,False,False,0,0,1,0,1,1,0,0,0,0,1
baseline,S_0029091,2,2,1,0,2,0,0.0,1.0,0.0,1,-0.0,False,True,False,False,False,0,0,2,0,1,1,0,0,1,0,2
baseline,S_0029092,2,2,1,0,2,0,0.0,1.0,0.0,1,-0.0,False,True,False,False,False,0,0,2,0,1,1,0,0,1,0,2
baseline,S_0029120,1,1,1,0,0,1,0.0,0.0,1.0,1,-0.0,False,False,False,False,False,0,0,1,0,1,1,0,0,0,0,1
baseline,S_0029122,1,1,1,0,0,1,0.0,0.0,1.0,1,-0.0,False,False,False,False,False,0,0,1,0,1,1,0,0,0,0,1
baseline,S_0029128,1,1,1,0,1,0,0.0,1.0,0.0,1,-0.0,False,False,False,False,False,0,0,1,0,1,0,0,0,1,0,1
baseline,S_0029146,2,2,2,0,1,1,0.0,0.5,0.5,2,0.6309297535714574,False,True,False,False,False,0,0,1,1,2,1,0,0,1,0,2
baseline,S_0029148,2,2,2,0,1,1,0.0,0.5,0.5,2,0.6309297535714574,False,True,False,False,False,0,0,1,1,2,1,0,0,1,0,2
baseline,S_0029149,1,1,1,0,1,0,0.0,1.0,0.0,1,-0.0,False,False,False,False,False,0,0,1,0,1,1,0,0,0,0,1
baseline,S_0029152,3,3,2,0,2,1,0.0,0.6666666666666666,0.3333333333333333,2,0.5793801642856949,False,True,True,False,False,0,0,2,1,2,2,0,0,1,0,2
baseline,S_0029154,2,2,2,0,1,1,0.0,0.5,0.5,2,0.6309297535714574,False,True,False,False,False,0,0,1,1,2,1,0,0,1,0,2
baseline,S_0029159,2,2,2,0,1,1,0.0,0.5,0.5,2,0.6309297535714574,False,True,False,False,False,0,0,1,1,2,1,0,0,1,0,2
baseline,S_0029160,3,2,3,0,1,1,0.0,0.5,0.5,2,0.6309297535714574,False,True,False,False,False,0,0,1,1,2,1,0,0,1,0,2
baseline,S_0029164,2,1,2,0,1,0,0.0,1.0,0.0,1,-0.0,False,False,False,False,False,0,0,0,1,1,1,0,0,0,0,1
baseline,S_0029165,2,2,2,0,1,1,0.0,0.5,0.5,2,0.6309297535714574,False,True,False,False,False,0,0,1,1,2,1,0,0,1,0,2
baseline,S_0029181,1,1,1,0,0,1,0.0,0.0,1.0,1,-0.0,False,False,False,False,False,0,0,0,1,1,0,1,0,0,0,1
baseline,S_0029200,1,1,1,1,0,0,1.0,0.0,0.0,1,-0.0,False,False,False,False,False,0,0,1,0,1,1,0,0,0,0,1
baseline,S_0029213,1,1,1,1,0,0,1.0,0.0,0.0,1,-0.0,False,False,False,False,False,0,0,1,0,1,0,0,0,0,1,1
baseline,S_0029214,1,1,1,1,0,0,1.0,0.0,0.0,1,-0.0,False,False,False,False,False,0,0,1,0,1,0,0,0,0,1,1
baseline,S_0029215,1,1,1,1,0,0,1.0,0.0,0.0,1,-0.0,False,False,False,False,False,0,0,1,0,1,0,0,0,0,1,1
baseline,S_0029216,1,1,1,1,0,0,1.0,0.0,0.0,1,-0.0,False,False,False,False,False,0,0,1,0,1,0,0,0,0,1,1
baseline,S_0029217,1,1,1,1,0,0,1.0,0.0,0.0,1,-0.0,False,False,False,False,False,0,0,1,0,1,0,0,0,0,1,1
baseline,S_0029218,1,1,1,1,0,0,1.0,0.0,0.0,1,-0.0,False,False,False,False,False,0,0,1,0,1,0,0,0,0,1,1
baseline,S_0029219,1,1,1,1,0,0,1.0,0.0,0.0,1,-0.0,False,False,False,False,False,0,0,1,0,1,0,0,0,0,1,1
baseline,S_0029222,1,1,1,1,0,0,1.0,0.0,0.0,1,-0.0,False,False,False,False,False,0,0,1,0,1,1,0,0,0,0,1
baseline,S_0029223,3,2,3,1,1,0,0.5,0.5,0.0,2,0.6309297535714574,False,True,False,False,False,0,0,0,2,1,0,1,0,0,1,2
baseline,S_0029227,2,2,2,1,1,0,0.5,0.5,0.0,2,0.6309297535714574,False,True,False,False,False,0,0,1,1,2,2,0,0,0,0,1
baseline,S_0029228,3,2,3,1,1,0,0.5,0.5,0.0,2,0.6309297535714574,False,True,False,False,False,0,0,0,2,1,0,1,0,0,1,2
baseline,S_0029230,7,4,7,1,3,0,0.25,0.75,0.0,2,0.5118595071429147,False,True,True,False,False,0,0,0,4,1,1,1,0,1,1,4
baseline,S_0029232,3,3,3,1,2,0,0.3333333333333333,0.6666666666666666,0.0,2,0.5793801642856949,False,True,True,False,False,0,0,0,3,1,0,1,0,1,1,3
baseline,S_0029247,1,1,1,0,1,0,0.0,1.0,0.0,1,-0.0,False,False,False,False,False,0,1,0,0,1,0,0,0,1,0,1
baseline,S_0029248,1,1,1,0,1,0,0.0,1.0,0.0,1,-0.0,False,False,False,False,False,0,1,0,0,1,0,0,0,1,0,1
baseline,S_0029249,1,1,1,0,1,0,0.0,1.0,0.0,1,-0.0,False,False,False,False,False,0,0,1,0,1,0,0,0,0,1,1
baseline,S_0029258,1,1,1,1,0,0,1.0,0.0,0.0,1,-0.0,False,False,False,False,False,0,1,0,0,1,0,0,1,0,0,1
baseline,S_0029268,2,2,1,0,1,1,0.0,0.5,0.5,2,0.6309297535714574,False,True,False,False,False,0,0,2,0,1,1,0,0,0,1,2
baseline,S_0029269,2,2,1,0,1,1,0.0,0.5,0.5,2,0.6309297535714574,False,True,False,False,False,0,0,2,0,1,1,0,0,0,1,2
baseline,S_0029271,2,2,1,0,1,1,0.0,0.5,0.5,2,0.6309297535714574,False,True,False,False,False,0,0,2,0,1,1,0,0,0,1,2
baseline,S_0029272,2,2,1,0,2,0,0.0,1.0,0.0,1,-0.0,False,True,False,False,False,0,0,2,0,1,1,0,0,1,0,2
baseline,S_0029273,4,4,2,0,3,1,0.0,0.75,0.25,2,0.5118595071429147,False,True,True,False,False,0,0,4,0,1,2,0,0,1,1,3
baseline,S_0029275,1,1,1,0,1,0,0.0,1.0,0.0,1,-0.0,False,False,False,False,False,0,0,1,0,1,0,0,0,0,1,1
baseline,S_0029282,1,1,1,0,1,0,0.0,1.0,0.0,1,-0.0,False,False,False,False,False,0,0,1,0,1,0,0,0,0,1,1
baseline,S_0029290,6,6,4,4,2,0,0.6666666666666666,0.3333333333333333,0.0,2,0.5793801642856949,True,True,True,True,False,0,1,3,2,3,4,0,0,1,1,3
baseline,S_0029291,7,6,5,4,2,0,0.6666666666666666,0.3333333333333333,0.0,2,0.5793801642856949,True,True,True,True,False,0,1,3,2,3,4,0,0,1,1,3
baseline,S_0029292,4,4,3,2,2,0,0.5,0.5,0.0,2,0.6309297535714574,False,True,True,False,False,0,0,2,2,2,1,0,0,1,2,3
baseline,S_0029293,5,4,4,2,2,0,0.5,0.5,0.0,2,0.6309297535714574,False,True,True,False,False,0,0,2,2,2,1,0,0,1,2,3
baseline,S_0029295,6,6,4,4,2,0,0.6666666666666666,0.3333333333333333,0.0,2,0.5793801642856949,True,True,True,True,False,0,1,3,2,3,4,0,0,1,1,3
baseline,S_0029296,6,6,4,4,2,0,0.6666666666666666,0.3333333333333333,0.0,2,0.5793801642856949,True,True,True,True,False,0,1,3,2,3,4,0,0,1,1,3
baseline,S_0029297,6,6,4,4,2,0,0.6666666666666666,0.3333333333333333,0.0,2,0.5793801642856949,True,True,True,True,False,0,1,3,2,3,4,0,0,1,1,3
baseline,S_0029298,6,6,4,4,2,0,0.6666666666666666,0.3333333333333333,0.0,2,0.5793801642856949,True,True,True,True,False,0,1,3,2,3,4,0,0,1,1,3
baseline,S_0029299,6,6,4,4,2,0,0.6666666666666666,0.3333333333333333,0.0,2,0.5793801642856949,True,True,True,True,False,0,1,3,2,3,4,0,0,1,1,3
baseline,S_0029301,6,6,4,4,2,0,0.6666666666666666,0.3333333333333333,0.0,2,0.5793801642856949,True,True,True,True,False,0,1,3,2,3,4,0,0,1,1,3
baseline,S_0029303,6,6,4,4,2,0,0.6666666666666666,0.3333333333333333,0.0,2,0.5793801642856949,True,True,True,True,False,0,1,3,2,3,4,0,0,1,1,3
baseline,S_0029305,4,4,2,2,2,0,0.5,0.5,0.0,2,0.6309297535714574,False,True,True,False,False,0,1,3,0,2,3,0,0,0,1,2
baseline,S_0029306,4,4,2,2,2,0,0.5,0.5,0.0,2,0.6309297535714574,False,True,True,False,False,0,1,3,0,2,3,0,0,0,1,2
baseline,S_0029307,2,2,2,1,1,0,0.5,0.5,0.0,2,0.6309297535714574,False,True,False,False,False,0,1,1,0,2,1,0,0,0,1,2
baseline,S_0029308,2,2,2,1,1,0,0.5,0.5,0.0,2,0.6309297535714574,False,True,False,False,False,0,1,1,0,2,1,0,0,0,1,2
baseline,S_0029309,2,2,2,1,1,0,0.5,0.5,0.0,2,0.6309297535714574,False,True,False,False,False,0,1,1,0,2,1,0,0,0,1,2
baseline,S_0029311,4,4,4,3,1,0,0.75,0.25,0.0,2,0.5118595071429147,False,True,True,False,False,0,1,1,2,3,2,0,0,1,1,3
baseline,S_0029312,4,4,4,3,1,0,0.75,0.25,0.0,2,0.5118595071429147,False,True,True,False,False,0,1,1,2,3,2,0,0,1,1,3
baseline,S_0029313,4,4,4,3,1,0,0.75,0.25,0.0,2,0.5118595071429147,False,True,True,False,False,0,1,1,2,3,2,0,0,1,1,3
baseline,S_0029314,2,2,2,1,1,0,0.5,0.5,0.0,2,0.6309297535714574,False,True,False,False,False,0,1,1,0,2,1,0,0,0,1,2
baseline,S_0029316,2,2,2,1,1,0,0.5,0.5,0.0,2,0.6309297535714574,False,True,False,False,False,0,1,1,0,2,1,0,0,0,1,2
baseline,S_0029317,2,2,2,1,1,0,0.5,0.5,0.0,2,0.6309297535714574,False,True,False,False,False,0,1,1,0,2,1,0,0,0,1,2
baseline,S_0029318,2,2,2,1,1,0,0.5,0.5,0.0,2,0.6309297535714574,False,True,False,False,False,0,1,1,0,2,1,0,0,0,1,2
baseline,S_0029319,2,2,2,1,1,0,0.5,0.5,0.0,2,0.6309297535714574,False,True,False,False,False,0,1,1,0,2,1,0,0,0,1,2
baseline,S_0029320,2,2,2,1,1,0,0.5,0.5,0.0,2,0.6309297535714574,False,True,False,False,False,0,1,1,0,2,1,0,0,0,1,2
baseline,S_0029322,2,2,2,1,1,0,0.5,0.5,0.0,2,0.6309297535714574,False,True,False,False,False,0,1,1,0,2,1,0,0,0,1,2
baseline,S_0029323,2,2,2,1,1,0,0.5,0.5,0.0,2,0.6309297535714574,False,True,False,False,False,0,1,1,0,2,1,0,0,0,1,2
baseline,S_0029324,2,2,2,1,1,0,0.5,0.5,0.0,2,0.6309297535714574,False,True,False,False,False,0,1,1,0,2,1,0,0,0,1,2
baseline,S_0029325,2,2,2,1,1,0,0.5,0.5,0.0,2,0.6309297535714574,False,True,False,False,False,0,1,1,0,2,1,0,0,0,1,2
baseline,S_0029327,2,2,2,1,1,0,0.5,0.5,0.0,2,0.6309297535714574,False,True,False,False,False,0,1,1,0,2,1,0,0,0,1,2
baseline,S_0029328,2,2,2,1,1,0,0.5,0.5,0.0,2,0.6309297535714574,False,True,False,False,False,0,1,1,0,2,1,0,0,0,1,2
baseline,S_0029329,2,2,2,1,1,0,0.5,0.5,0.0,2,0.6309297535714574,False,True,False,False,False,0,1,1,0,2,1,0,0,0,1,2
baseline,S_0029331,2,2,2,1,1,0,0.5,0.5,0.0,2,0.6309297535714574,False,True,False,False,False,0,1,1,0,2,1,0,0,0,1,2
baseline,S_0029333,2,2,2,1,1,0,0.5,0.5,0.0,2,0.6309297535714574,False,True,False,False,False,0,1,1,0,2,1,0,0,0,1,2
baseline,S_0029334,2,2,2,1,1,0,0.5,0.5,0.0,2,0.6309297535714574,False,True,False,False,False,0,1,1,0,2,1,0,0,0,1,2
baseline,S_0029336,4,4,3,3,1,0,0.75,0.25,0.0,2,0.5118595071429147,False,True,True,False,False,0,0,2,2,2,1,1,0,1,1,4
baseline,S_0029338,2,2,2,2,0,0,1.0,0.0,0.0,1,-0.0,False,True,False,False,False,0,0,0,2,1,1,0,0,1,0,2
baseline,S_0029340,2,2,2,1,1,0,0.5,0.5,0.0,2,0.6309297535714574,False,True,False,False,False,0,1,1,0,2,1,0,0,0,1,2
baseline,S_0029344,2,2,2,2,0,0,1.0,0.0,0.0,1,-0.0,False,True,False,False,False,0,0,0,2,1,1,0,0,1,0,2
baseline,S_0029345,6,4,5,3,1,0,0.75,0.25,0.0,2,0.5118595071429147,False,True,True,False,False,0,0,2,2,2,1,1,0,1,1,4
baseline,S_0029352,2,2,1,1,1,0,0.5,0.5,0.0,2,0.6309297535714574,False,True,False,False,False,0,0,2,0,1,0,1,0,0,1,2
baseline,S_0029353,4,2,4,2,0,0,1.0,0.0,0.0,1,-0.0,False,True,False,False,False,0,0,0,2,1,1,0,0,1,0,2
baseline,S_0029354,2,2,1,1,1,0,0.5,0.5,0.0,2,0.6309297535714574,False,True,False,False,False,0,0,2,0,1,0,1,0,0,1,2
baseline,S_0029355,2,2,2,1,1,0,0.5,0.5,0.0,2,0.6309297535714574,False,True,False,False,False,0,1,1,0,2,1,0,0,0,1,2
baseline,S_0029357,2,2,2,1,1,0,0.5,0.5,0.0,2,0.6309297535714574,False,True,False,False,False,0,1,1,0,2,1,0,0,0,1,2
baseline,S_0029358,2,2,2,1,1,0,0.5,0.5,0.0,2,0.6309297535714574,False,True,False,False,False,0,1,1,0,2,1,0,0,0,1,2
baseline,S_0029361,3,3,3,2,1,0,0.6666666666666666,0.3333333333333333,0.0,2,0.5793801642856949,False,True,True,False,False,0,1,1,1,3,2,0,0,0,1,2
baseline,S_0029362,2,2,2,1,1,0,0.5,0.5,0.0,2,0.6309297535714574,False,True,False,False,False,0,1,1,0,2,1,0,0,0,1,2
baseline,S_0029363,3,3,3,2,1,0,0.6666666666666666,0.3333333333333333,0.0,2,0.5793801642856949,False,True,True,False,False,0,1,1,1,3,1,0,0,1,1,3
baseline,S_0029365,3,3,3,2,1,0,0.6666666666666666,0.3333333333333333,0.0,2,0.5793801642856949,False,True,True,False,False,0,1,1,1,3,1,0,0,1,1,3
baseline,S_0029366,3,3,3,2,1,0,0.6666666666666666,0.3333333333333333,0.0,2,0.5793801642856949,False,True,True,False,False,0,1,1,1,3,1,0,0,1,1,3
baseline,S_0029367,2,2,2,1,1,0,0.5,0.5,0.0,2,0.6309297535714574,False,True,False,False,False,0,1,1,0,2,1,0,0,0,1,2
baseline,S_0029368,2,1,2,1,0,0,1.0,0.0,0.0,1,-0.0,False,False,False,False,False,0,0,0,1,1,0,0,0,1,0,1
baseline,S_0029369,2,2,2,1,1,0,0.5,0.5,0.0,2,0.6309297535714574,False,True,False,False,False,0,1,1,0,2,1,0,0,0,1,2
baseline,S_0029370,1,1,1,1,0,0,1.0,0.0,0.0,1,-0.0,False,False,False,False,False,0,0,0,1,1,0,0,0,1,0,1
baseline,S_0029371,1,1,1,0,1,0,0.0,1.0,0.0,1,-0.0,False,False,False,False,False,0,0,1,0,1,0,0,0,0,1,1
baseline,S_0029372,1,1,1,0,1,0,0.0,1.0,0.0,1,-0.0,False,False,False,False,False,0,0,1,0,1,0,0,0,0,1,1
baseline,S_0029373,1,1,1,1,0,0,1.0,0.0,0.0,1,-0.0,False,False,False,False,False,0,0,0,1,1,0,0,0,1,0,1
baseline,S_0029375,1,1,1,1,0,0,1.0,0.0,0.0,1,-0.0,False,False,False,False,False,0,0,0,1,1,0,0,0,1,0,1
baseline,S_0029378,1,1,1,1,0,0,1.0,0.0,0.0,1,-0.0,False,False,False,False,False,0,0,0,1,1,0,0,0,1,0,1
baseline,S_0029379,2,1,2,1,0,0,1.0,0.0,0.0,1,-0.0,False,False,False,False,False,0,0,0,1,1,0,0,0,1,0,1
baseline,S_0029422,1,1,1,0,1,0,0.0,1.0,0.0,1,-0.0,False,False,False,False,False,0,0,1,0,1,0,0,0,0,1,1
baseline,S_0029423,1,1,1,0,1,0,0.0,1.0,0.0,1,-0.0,False,False,False,False,False,0,0,1,0,1,0,0,0,0,1,1
baseline,S_0029425,1,1,1,0,1,0,0.0,1.0,0.0,1,-0.0,False,False,False,False,False,0,0,1,0,1,0,0,0,0,1,1
baseline,S_0029426,1,1,1,0,1,0,0.0,1.0,0.0,1,-0.0,False,False,False,False,False,0,0,1,0,1,0,0,0,0,1,1
baseline,S_0029428,1,1,1,0,0,1,0.0,0.0,1.0,1,-0.0,False,False,False,False,False,0,0,1,0,1,1,0,0,0,0,1
baseline,S_0029430,1,1,1,0,0,1,0.0,0.0,1.0,1,-0.0,False,False,False,False,False,0,0,1,0,1,1,0,0,0,0,1
baseline,S_0029467,1,1,1,1,0,0,1.0,0.0,0.0,1,-0.0,False,False,False,False,False,0,0,1,0,1,0,0,0,0,1,1
baseline,S_0029468,1,1,1,1,0,0,1.0,0.0,0.0,1,-0.0,False,False,False,False,False,0,0,1,0,1,0,0,0,0,1,1
baseline,S_0029488,2,2,2,1,1,0,0.5,0.5,0.0,2,0.6309297535714574,False,True,False,False,False,0,1,1,0,2,1,0,0,0,1,2
baseline,S_0029498,2,2,2,1,1,0,0.5,0.5,0.0,2,0.6309297535714574,False,True,False,False,False,0,1,1,0,2,1,0,0,0,1,2
baseline,S_0029499,1,1,1,1,0,0,1.0,0.0,0.0,1,-0.0,False,False,False,False,False,0,0,1,0,1,0,0,0,0,1,1
baseline,S_0029501,2,2,2,1,1,0,0.5,0.5,0.0,2,0.6309297535714574,False,True,False,False,False,0,1,1,0,2,1,0,0,0,1,2
baseline,S_0029503,1,1,1,0,1,0,0.0,1.0,0.0,1,-0.0,False,False,False,False,False,0,0,1,0,1,0,0,1,0,0,1
baseline,S_0029516,1,1,1,0,1,0,0.0,1.0,0.0,1,-0.0,False,False,False,False,False,0,0,1,0,1,0,0,1,0,0,1
baseline,S_0029524,1,1,1,1,0,0,1.0,0.0,0.0,1,-0.0,False,False,False,False,False,0,0,1,0,1,1,0,0,0,0,1
baseline,S_0029525,1,1,1,1,0,0,1.0,0.0,0.0,1,-0.0,False,False,False,False,False,0,0,1,0,1,1,0,0,0,0,1
baseline,S_0029531,1,1,1,1,0,0,1.0,0.0,0.0,1,-0.0,False,False,False,False,False,0,0,1,0,1,0,0,0,0,1,1
baseline,S_0029533,1,1,1,1,0,0,1.0,0.0,0.0,1,-0.0,False,False,False,False,False,0,0,1,0,1,0,0,0,0,1,1
baseline,S_0029539,3,2,3,1,1,0,0.5,0.5,0.0,2,0.6309297535714574,False,True,False,False,False,0,0,0,2,1,0,1,0,0,1,2
baseline,S_0029586,1,1,1,0,1,0,0.0,1.0,0.0,1,-0.0,False,False,False,False,False,0,0,1,0,1,0,1,0,0,0,1
baseline,S_0029588,1,1,1,0,1,0,0.0,1.0,0.0,1,-0.0,False,False,False,False,False,0,0,1,0,1,0,1,0,0,0,1
baseline,S_0029599,1,1,1,0,1,0,0.0,1.0,0.0,1,-0.0,False,False,False,False,False,0,0,1,0,1,0,1,0,0,0,1
baseline,S_0029600,1,1,1,0,1,0,0.0,1.0,0.0,1,-0.0,False,False,False,False,False,0,0,1,0,1,0,1,0,0,0,1
baseline,S_0029602,1,1,1,0,1,0,0.0,1.0,0.0,1,-0.0,False,False,False,False,False,0,0,1,0,1,0,1,0,0,0,1
baseline,S_0029617,1,1,1,0,1,0,0.0,1.0,0.0,1,-0.0,False,False,False,False,False,0,0,1,0,1,0,1,0,0,0,1
baseline,S_0029634,1,1,1,0,0,1,0.0,0.0,1.0,1,-0.0,False,False,False,False,False,0,0,0,1,1,0,1,0,0,0,1
baseline,S_0029635,1,1,1,0,0,1,0.0,0.0,1.0,1,-0.0,False,False,False,False,False,0,0,0,1,1,0,1,0,0,0,1
baseline,S_0029636,1,1,1,0,0,1,0.0,0.0,1.0,1,-0.0,False,False,False,False,False,0,0,0,1,1,0,1,0,0,0,1
baseline,S_0029637,1,1,1,0,0,1,0.0,0.0,1.0,1,-0.0,False,False,False,False,False,0,0,0,1,1,0,1,0,0,0,1
baseline,S_0029690,3,3,1,0,1,2,0.0,0.3333333333333333,0.6666666666666666,2,0.5793801642856949,False,True,True,False,False,0,0,3,0,1,1,0,0,2,0,2
baseline,S_0029750,1,1,1,0,1,0,0.0,1.0,0.0,1,-0.0,False,False,False,False,False,0,0,1,0,1,1,0,0,0,0,1
baseline,S_0029754,1,1,1,0,1,0,0.0,1.0,0.0,1,-0.0,False,False,False,False,False,0,0,1,0,1,1,0,0,0,0,1
baseline,S_0029783,1,1,1,0,1,0,0.0,1.0,0.0,1,-0.0,False,False,False,False,False,0,1,0,0,1,0,0,0,1,0,1
baseline,S_0029784,1,1,1,0,1,0,0.0,1.0,0.0,1,-0.0,False,False,False,False,False,0,1,0,0,1,0,0,0,1,0,1
baseline,S_0029788,2,2,2,0,2,0,0.0,1.0,0.0,1,-0.0,False,True,False,False,False,0,1,1,0,2,1,0,0,1,0,2
baseline,S_0029792,1,1,1,0,1,0,0.0,1.0,0.0,1,-0.0,False,False,False,False,False,0,1,0,0,1,0,0,0,1,0,1
baseline,S_0029847,1,1,1,0,1,0,0.0,1.0,0.0,1,-0.0,False,False,False,False,False,0,0,1,0,1,0,1,0,0,0,1
baseline,S_0029897,1,1,1,1,0,0,1.0,0.0,0.0,1,-0.0,False,False,False,False,False,0,0,1,0,1,0,1,0,0,0,1
baseline,S_0029898,1,1,1,1,0,0,1.0,0.0,0.0,1,-0.0,False,False,False,False,False,0,0,1,0,1,0,1,0,0,0,1
baseline,S_0029901,1,1,1,1,0,0,1.0,0.0,0.0,1,-0.0,False,False,False,False,False,0,0,1,0,1,0,1,0,0,0,1
baseline,S_0029902,1,1,1,1,0,0,1.0,0.0,0.0,1,-0.0,False,False,False,False,False,0,0,1,0,1,0,1,0,0,0,1
baseline,S_0029903,1,1,1,1,0,0,1.0,0.0,0.0,1,-0.0,False,False,False,False,False,0,0,1,0,1,0,1,0,0,0,1
baseline,S_0029904,1,1,1,1,0,0,1.0,0.0,0.0,1,-0.0,False,False,False,False,False,0,0,1,0,1,0,1,0,0,0,1
baseline,S_0029929,1,1,1,1,0,0,1.0,0.0,0.0,1,-0.0,False,False,False,False,False,0,0,0,1,1,0,0,0,0,1,1
baseline,S_0029957,1,1,1,1,0,0,1.0,0.0,0.0,1,-0.0,False,False,False,False,False,0,0,0,1,1,0,0,0,0,1,1
baseline,S_0029964,1,1,1,1,0,0,1.0,0.0,0.0,1,-0.0,False,False,False,False,False,0,0,0,1,1,0,0,0,0,1,1
baseline,S_0030065,1,1,1,0,1,0,0.0,1.0,0.0,1,-0.0,False,False,False,False,False,0,0,0,1,1,0,1,0,0,0,1
baseline,S_0030067,1,1,1,0,0,1,0.0,0.0,1.0,1,-0.0,False,False,False,False,False,0,0,1,0,1,1,0,0,0,0,1
baseline,S_0030068,1,1,1,0,0,1,0.0,0.0,1.0,1,-0.0,False,False,False,False,False,0,0,1,0,1,1,0,0,0,0,1
baseline,S_0030070,1,1,1,0,0,1,0.0,0.0,1.0,1,-0.0,False,False,False,False,False,0,0,1,0,1,1,0,0,0,0,1
baseline,S_0030129,1,1,1,0,1,0,0.0,1.0,0.0,1,-0.0,False,False,False,False,False,0,0,0,1,1,0,1,0,0,0,1
baseline,S_0030141,1,1,1,0,1,0,0.0,1.0,0.0,1,-0.0,False,False,False,False,False,0,0,0,1,1,0,1,0,0,0,1
baseline,S_0030161,1,1,1,1,0,0,1.0,0.0,0.0,1,-0.0,False,False,False,False,False,0,0,1,0,1,0,1,0,0,0,1
baseline,S_0030162,1,1,1,1,0,0,1.0,0.0,0.0,1,-0.0,False,False,False,False,False,0,0,1,0,1,0,1,0,0,0,1
baseline,S_0030179,4,4,4,1,3,0,0.25,0.75,0.0,2,0.5118595071429147,False,True,True,False,False,0,0,0,4,1,1,1,0,1,1,4
baseline,S_0030214,1,1,1,1,0,0,1.0,0.0,0.0,1,-0.0,False,False,False,False,False,0,0,1,0,1,0,1,0,0,0,1
baseline,S_0030217,1,1,1,1,0,0,1.0,0.0,0.0,1,-0.0,False,False,False,False,False,0,0,0,1,1,0,0,0,0,1,1
baseline,S_0030218,1,1,1,1,0,0,1.0,0.0,0.0,1,-0.0,False,False,False,False,False,0,0,0,1,1,0,0,0,0,1,1
baseline,S_0030219,1,1,1,1,0,0,1.0,0.0,0.0,1,-0.0,False,False,False,False,False,0,0,0,1,1,0,0,0,0,1,1
baseline,S_0030220,1,1,1,1,0,0,1.0,0.0,0.0,1,-0.0,False,False,False,False,False,0,0,0,1,1,0,0,0,0,1,1
baseline,S_0030222,1,1,1,1,0,0,1.0,0.0,0.0,1,-0.0,False,False,False,False,False,0,0,0,1,1,0,0,0,0,1,1
baseline,S_0030248,1,1,1,0,1,0,0.0,1.0,0.0,1,-0.0,False,False,False,False,False,0,0,1,0,1,0,0,0,1,0,1
baseline,S_0030249,2,2,2,0,2,0,0.0,1.0,0.0,1,-0.0,False,True,False,False,False,0,0,1,1,2,0,1,0,1,0,2
baseline,S_0030253,1,1,1,0,1,0,0.0,1.0,0.0,1,-0.0,False,False,False,False,False,0,0,0,1,1,0,1,0,0,0,1
baseline,S_0030254,1,1,1,0,1,0,0.0,1.0,0.0,1,-0.0,False,False,False,False,False,0,0,0,1,1,0,1,0,0,0,1
baseline,S_0030261,1,1,1,1,0,0,1.0,0.0,0.0,1,-0.0,False,False,False,False,False,0,0,1,0,1,1,0,0,0,0,1
baseline,S_0030273,3,2,3,0,2,0,0.0,1.0,0.0,1,-0.0,False,True,False,False,False,0,0,1,1,2,0,0,0,2,0,1
baseline,S_0030274,1,1,1,0,1,0,0.0,1.0,0.0,1,-0.0,False,False,False,False,False,0,0,1,0,1,0,0,1,0,0,1
baseline,S_0030316,1,1,1,1,0,0,1.0,0.0,0.0,1,-0.0,False,False,False,False,False,0,1,0,0,1,0,0,1,0,0,1
baseline,S_0030320,2,2,1,0,1,1,0.0,0.5,0.5,2,0.6309297535714574,False,True,False,False,False,0,0,2,0,1,0,1,1,0,0,2
baseline,S_0030347,1,1,1,1,0,0,1.0,0.0,0.0,1,-0.0,False,False,False,False,False,0,0,1,0,1,0,1,0,0,0,1
baseline,S_0030348,1,1,1,1,0,0,1.0,0.0,0.0,1,-0.0,False,False,False,False,False,0,0,1,0,1,0,1,0,0,0,1
baseline,S_0030356,2,2,1,1,1,0,0.5,0.5,0.0,2,0.6309297535714574,False,True,False,False,False,0,0,2,0,1,2,0,0,0,0,1
baseline,S_0030357,2,2,1,1,1,0,0.5,0.5,0.0,2,0.6309297535714574,False,True,False,False,False,0,0,2,0,1,2,0,0,0,0,1
baseline,S_0030359,2,2,1,1,1,0,0.5,0.5,0.0,2,0.6309297535714574,False,True,False,False,False,0,0,2,0,1,2,0,0,0,0,1
baseline,S_0030361,2,2,1,1,1,0,0.5,0.5,0.0,2,0.6309297535714574,False,True,False,False,False,0,0,2,0,1,2,0,0,0,0,1
baseline,S_0030363,1,1,1,0,1,0,0.0,1.0,0.0,1,-0.0,False,False,False,False,False,0,0,1,0,1,1,0,0,0,0,1
baseline,S_0030366,1,1,1,1,0,0,1.0,0.0,0.0,1,-0.0,False,False,False,False,False,0,0,1,0,1,1,0,0,0,0,1
baseline,S_0030372,1,1,1,1,0,0,1.0,0.0,0.0,1,-0.0,False,False,False,False,False,0,0,1,0,1,1,0,0,0,0,1
baseline,S_0030382,1,1,1,1,0,0,1.0,0.0,0.0,1,-0.0,False,False,False,False,False,0,0,1,0,1,1,0,0,0,0,1
baseline,S_0030387,1,1,1,1,0,0,1.0,0.0,0.0,1,-0.0,False,False,False,False,False,0,0,1,0,1,1,0,0,0,0,1
baseline,S_0030418,1,1,1,1,0,0,1.0,0.0,0.0,1,-0.0,False,False,False,False,False,0,0,1,0,1,0,1,0,0,0,1
baseline,S_0030462,1,1,1,1,0,0,1.0,0.0,0.0,1,-0.0,False,False,False,False,False,0,0,1,0,1,0,0,0,0,1,1
baseline,S_0030465,1,1,1,1,0,0,1.0,0.0,0.0,1,-0.0,False,False,False,False,False,0,0,1,0,1,0,0,0,0,1,1
baseline,S_0030476,2,2,2,0,1,1,0.0,0.5,0.5,2,0.6309297535714574,False,True,False,False,False,0,0,2,0,1,0,1,0,1,0,2
baseline,S_0030486,2,2,2,0,1,1,0.0,0.5,0.5,2,0.6309297535714574,False,True,False,False,False,0,0,2,0,1,0,1,0,1,0,2
baseline,S_0030487,2,2,2,0,1,1,0.0,0.5,0.5,2,0.6309297535714574,False,True,False,False,False,0,0,2,0,1,0,1,0,1,0,2
baseline,S_0030496,1,1,1,0,0,1,0.0,0.0,1.0,1,-0.0,False,False,False,False,False,0,0,1,0,1,1,0,0,0,0,1
baseline,S_0030497,1,1,1,0,0,1,0.0,0.0,1.0,1,-0.0,False,False,False,False,False,0,0,1,0,1,1,0,0,0,0,1
baseline,S_0030501,1,1,1,1,0,0,1.0,0.0,0.0,1,-0.0,False,False,False,False,False,0,0,0,1,1,0,0,0,0,1,1
baseline,S_0030534,1,1,1,0,1,0,0.0,1.0,0.0,1,-0.0,False,False,False,False,False,0,1,0,0,1,0,0,0,1,0,1
baseline,S_0030535,1,1,1,0,1,0,0.0,1.0,0.0,1,-0.0,False,False,False,False,False,0,1,0,0,1,0,0,0,1,0,1
baseline,S_0030537,1,1,1,0,1,0,0.0,1.0,0.0,1,-0.0,False,False,False,False,False,0,1,0,0,1,0,0,0,1,0,1
baseline,S_0030538,1,1,1,0,1,0,0.0,1.0,0.0,1,-0.0,False,False,False,False,False,0,1,0,0,1,0,0,0,1,0,1
baseline,S_0030539,1,1,1,0,1,0,0.0,1.0,0.0,1,-0.0,False,False,False,False,False,0,1,0,0,1,0,0,0,1,0,1
baseline,S_0030621,1,1,1,0,1,0,0.0,1.0,0.0,1,-0.0,False,False,False,False,False,0,1,0,0,1,1,0,0,0,0,1
baseline,S_0030622,1,1,1,0,1,0,0.0,1.0,0.0,1,-0.0,False,False,False,False,False,0,1,0,0,1,1,0,0,0,0,1
baseline,S_0030626,1,1,1,0,1,0,0.0,1.0,0.0,1,-0.0,False,False,False,False,False,0,1,0,0,1,1,0,0,0,0,1
baseline,S_0030627,1,1,1,0,1,0,0.0,1.0,0.0,1,-0.0,False,False,False,False,False,0,1,0,0,1,1,0,0,0,0,1
baseline,S_0030630,5,3,5,1,2,0,0.3333333333333333,0.6666666666666666,0.0,2,0.5793801642856949,False,True,True,False,False,0,0,1,2,2,1,1,0,0,1,3
baseline,S_0030635,1,1,1,0,1,0,0.0,1.0,0.0,1,-0.0,False,False,False,False,False,0,0,1,0,1,0,1,0,0,0,1
baseline,S_0030659,1,1,1,0,1,0,0.0,1.0,0.0,1,-0.0,False,False,False,False,False,0,0,1,0,1,1,0,0,0,0,1
baseline,S_0030663,1,1,1,0,1,0,0.0,1.0,0.0,1,-0.0,False,False,False,False,False,0,0,1,0,1,1,0,0,0,0,1
baseline,S_0030666,2,2,1,1,1,0,0.5,0.5,0.0,2,0.6309297535714574,False,True,False,False,False,0,0,2,0,1,1,0,0,0,1,2
baseline,S_0030677,1,1,1,1,0,0,1.0,0.0,0.0,1,-0.0,False,False,False,False,False,0,0,1,0,1,1,0,0,0,0,1
baseline,S_0030689,1,1,1,0,1,0,0.0,1.0,0.0,1,-0.0,False,False,False,False,False,0,0,1,0,1,1,0,0,0,0,1
baseline,S_0030696,1,1,1,0,1,0,0.0,1.0,0.0,1,-0.0,False,False,False,False,False,0,0,1,0,1,1,0,0,0,0,1
baseline,S_0030723,3,3,3,1,2,0,0.3333333333333333,0.6666666666666666,0.0,2,0.5793801642856949,False,True,True,False,False,0,0,0,3,1,1,1,0,0,1,3
baseline,S_0030742,1,1,1,0,0,1,0.0,0.0,1.0,1,-0.0,False,False,False,False,False,0,0,1,0,1,0,0,0,0,1,1
baseline,S_0030747,1,1,1,0,1,0,0.0,1.0,0.0,1,-0.0,False,False,False,False,False,0,0,1,0,1,1,0,0,0,0,1
baseline,S_0030748,1,1,1,0,1,0,0.0,1.0,0.0,1,-0.0,False,False,False,False,False,0,0,1,0,1,1,0,0,0,0,1
baseline,S_0030754,2,2,1,0,2,0,0.0,1.0,0.0,1,-0.0,False,True,False,False,False,0,0,2,0,1,1,0,0,0,1,2
baseline,S_0030755,1,1,1,0,1,0,0.0,1.0,0.0,1,-0.0,False,False,False,False,False,0,0,1,0,1,1,0,0,0,0,1
baseline,S_0030757,1,1,1,0,1,0,0.0,1.0,0.0,1,-0.0,False,False,False,False,False,0,0,1,0,1,1,0,0,0,0,1
baseline,S_0030762,1,1,1,0,0,1,0.0,0.0,1.0,1,-0.0,False,False,False,False,False,0,0,1,0,1,0,0,0,0,1,1
baseline,S_0030763,1,1,1,0,1,0,0.0,1.0,0.0,1,-0.0,False,False,False,False,False,0,0,1,0,1,1,0,0,0,0,1
baseline,S_0030764,1,1,1,0,1,0,0.0,1.0,0.0,1,-0.0,False,False,False,False,False,0,0,1,0,1,1,0,0,0,0,1
baseline,S_0030765,2,2,1,0,2,0,0.0,1.0,0.0,1,-0.0,False,True,False,False,False,0,0,2,0,1,1,0,0,0,1,2
baseline,S_0030766,1,1,1,0,0,1,0.0,0.0,1.0,1,-0.0,False,False,False,False,False,0,0,0,1,1,1,0,0,0,0,1
baseline,S_0030769,1,1,1,0,1,0,0.0,1.0,0.0,1,-0.0,False,False,False,False,False,0,1,0,0,1,1,0,0,0,0,1
baseline,S_0030770,1,1,1,0,1,0,0.0,1.0,0.0,1,-0.0,False,False,False,False,False,0,1,0,0,1,1,0,0,0,0,1
baseline,S_0030773,2,2,1,0,2,0,0.0,1.0,0.0,1,-0.0,False,True,False,False,False,0,0,2,0,1,1,0,0,0,1,2
baseline,S_0030776,2,2,1,0,1,1,0.0,0.5,0.5,2,0.6309297535714574,False,True,False,False,False,0,0,2,0,1,1,0,0,0,1,2
baseline,S_0030777,2,2,1,0,1,1,0.0,0.5,0.5,2,0.6309297535714574,False,True,False,False,False,0,0,2,0,1,1,0,0,0,1,2
baseline,S_0030781,2,2,1,0,1,1,0.0,0.5,0.5,2,0.6309297535714574,False,True,False,False,False,0,0,2,0,1,1,0,0,0,1,2
baseline,S_0030782,2,2,1,0,1,1,0.0,0.5,0.5,2,0.6309297535714574,False,True,False,False,False,0,0,2,0,1,1,0,0,0,1,2
baseline,S_0030783,2,2,1,0,1,1,0.0,0.5,0.5,2,0.6309297535714574,False,True,False,False,False,0,0,2,0,1,1,0,0,0,1,2
baseline,S_0030789,2,2,1,0,2,0,0.0,1.0,0.0,1,-0.0,False,True,False,False,False,0,0,2,0,1,1,0,0,1,0,2
baseline,S_0030790,2,2,1,0,2,0,0.0,1.0,0.0,1,-0.0,False,True,False,False,False,0,0,2,0,1,1,0,0,1,0,2
baseline,S_0030791,2,2,1,0,2,0,0.0,1.0,0.0,1,-0.0,False,True,False,False,False,0,0,2,0,1,1,0,0,1,0,2
baseline,S_0030798,3,3,1,0,1,2,0.0,0.3333333333333333,0.6666666666666666,2,0.5793801642856949,False,True,True,False,False,0,0,3,0,1,1,0,0,1,1,3
baseline,S_0030799,3,3,1,0,1,2,0.0,0.3333333333333333,0.6666666666666666,2,0.5793801642856949,False,True,True,False,False,0,0,3,0,1,1,0,0,1,1,3
baseline,S_0030805,1,1,1,0,1,0,0.0,1.0,0.0,1,-0.0,False,False,False,False,False,0,1,0,0,1,1,0,0,0,0,1
baseline,S_0030806,2,2,1,0,2,0,0.0,1.0,0.0,1,-0.0,False,True,False,False,False,0,0,2,0,1,1,0,0,0,1,2
baseline,S_0030808,3,3,1,0,1,2,0.0,0.3333333333333333,0.6666666666666666,2,0.5793801642856949,False,True,True,False,False,0,0,3,0,1,1,0,0,1,1,3
baseline,S_0030810,2,2,1,0,2,0,0.0,1.0,0.0,1,-0.0,False,True,False,False,False,0,0,2,0,1,1,0,0,1,0,2
baseline,S_0030815,2,2,1,0,2,0,0.0,1.0,0.0,1,-0.0,False,True,False,False,False,0,0,2,0,1,1,0,0,0,1,2
baseline,S_0030819,3,3,1,0,1,2,0.0,0.3333333333333333,0.6666666666666666,2,0.5793801642856949,False,True,True,False,False,0,0,3,0,1,1,0,0,1,1,3
baseline,S_0030821,3,3,1,0,1,2,0.0,0.3333333333333333,0.6666666666666666,2,0.5793801642856949,False,True,True,False,False,0,0,3,0,1,1,0,0,1,1,3
baseline,S_0030822,1,1,1,0,1,0,0.0,1.0,0.0,1,-0.0,False,False,False,False,False,0,0,1,0,1,0,1,0,0,0,1
baseline,S_0030828,1,1,1,0,1,0,0.0,1.0,0.0,1,-0.0,False,False,False,False,False,0,0,1,0,1,1,0,0,0,0,1
baseline,S_0030830,1,1,1,0,1,0,0.0,1.0,0.0,1,-0.0,False,False,False,False,False,0,0,1,0,1,1,0,0,0,0,1
baseline,S_0030832,1,1,1,0,0,1,0.0,0.0,1.0,1,-0.0,False,False,False,False,False,0,0,1,0,1,0,0,0,0,1,1
baseline,S_0030833,1,1,1,0,1,0,0.0,1.0,0.0,1,-0.0,False,False,False,False,False,0,0,1,0,1,1,0,0,0,0,1
baseline,S_0030834,1,1,1,0,1,0,0.0,1.0,0.0,1,-0.0,False,False,False,False,False,0,0,1,0,1,1,0,0,0,0,1
baseline,S_0030835,1,1,1,0,1,0,0.0,1.0,0.0,1,-0.0,False,False,False,False,False,0,0,1,0,1,1,0,0,0,0,1
baseline,S_0030836,1,1,1,0,1,0,0.0,1.0,0.0,1,-0.0,False,False,False,False,False,0,0,1,0,1,1,0,0,0,0,1
baseline,S_0030838,3,3,1,0,1,2,0.0,0.3333333333333333,0.6666666666666666,2,0.5793801642856949,False,True,True,False,False,0,0,3,0,1,1,0,0,1,1,3
baseline,S_0030843,2,2,1,2,0,0,1.0,0.0,0.0,1,-0.0,False,True,False,False,False,0,0,0,2,1,1,0,0,1,0,2
baseline,S_0030855,1,1,1,0,1,0,0.0,1.0,0.0,1,-0.0,False,False,False,False,False,0,0,1,0,1,1,0,0,0,0,1
baseline,S_0030862,1,1,1,1,0,0,1.0,0.0,0.0,1,-0.0,False,False,False,False,False,0,0,1,0,1,1,0,0,0,0,1
baseline,S_0030863,1,1,1,1,0,0,1.0,0.0,0.0,1,-0.0,False,False,False,False,False,0,0,1,0,1,1,0,0,0,0,1
baseline,S_0030864,1,1,1,0,1,0,0.0,1.0,0.0,1,-0.0,False,False,False,False,False,0,0,1,0,1,1,0,0,0,0,1
baseline,S_0030880,1,1,1,0,1,0,0.0,1.0,0.0,1,-0.0,False,False,False,False,False,0,0,1,0,1,0,0,0,1,0,1
baseline,S_0030882,1,1,1,0,1,0,0.0,1.0,0.0,1,-0.0,False,False,False,False,False,0,0,1,0,1,1,0,0,0,0,1
baseline,S_0030884,1,1,1,0,1,0,0.0,1.0,0.0,1,-0.0,False,False,False,False,False,0,0,0,1,1,0,0,0,0,1,1
baseline,S_0030887,1,1,1,0,1,0,0.0,1.0,0.0,1,-0.0,False,False,False,False,False,0,0,1,0,1,0,0,0,1,0,1
baseline,S_0030888,1,1,1,0,1,0,0.0,1.0,0.0,1,-0.0,False,False,False,False,False,0,0,1,0,1,1,0,0,0,0,1
baseline,S_0030889,3,2,2,0,2,0,0.0,1.0,0.0,1,-0.0,False,True,False,False,False,0,0,2,0,1,1,0,0,1,0,2
baseline,S_0030890,2,2,1,0,2,0,0.0,1.0,0.0,1,-0.0,False,True,False,False,False,0,0,2,0,1,1,0,0,1,0,2
baseline,S_0030892,1,1,1,0,1,0,0.0,1.0,0.0,1,-0.0,False,False,False,False,False,0,0,1,0,1,1,0,0,0,0,1
baseline,S_0030893,1,1,1,0,1,0,0.0,1.0,0.0,1,-0.0,False,False,False,False,False,0,0,1,0,1,1,0,0,0,0,1
baseline,S_0030894,1,1,1,0,1,0,0.0,1.0,0.0,1,-0.0,False,False,False,False,False,0,0,1,0,1,1,0,0,0,0,1
baseline,S_0030896,1,1,1,0,1,0,0.0,1.0,0.0,1,-0.0,False,False,False,False,False,0,0,1,0,1,0,0,0,1,0,1
baseline,S_0030905,1,1,1,0,1,0,0.0,1.0,0.0,1,-0.0,False,False,False,False,False,0,0,1,0,1,0,0,0,1,0,1
baseline,S_0030907,1,1,1,0,1,0,0.0,1.0,0.0,1,-0.0,False,False,False,False,False,0,0,1,0,1,0,1,0,0,0,1
baseline,S_0030908,1,1,1,0,1,0,0.0,1.0,0.0,1,-0.0,False,False,False,False,False,0,0,1,0,1,0,1,0,0,0,1
baseline,S_0030910,1,1,1,0,1,0,0.0,1.0,0.0,1,-0.0,False,False,False,False,False,0,0,1,0,1,0,1,0,0,0,1
baseline,S_0030913,1,1,1,1,0,0,1.0,0.0,0.0,1,-0.0,False,False,False,False,False,0,0,0,1,1,0,0,0,1,0,1
baseline,S_0030914,1,1,1,0,1,0,0.0,1.0,0.0,1,-0.0,False,False,False,False,False,0,0,1,0,1,1,0,0,0,0,1
baseline,S_0030915,2,2,2,1,1,0,0.5,0.5,0.0,2,0.6309297535714574,False,True,False,False,False,0,0,1,1,2,1,0,0,1,0,2
baseline,S_0030918,3,3,3,1,1,1,0.3333333333333333,0.3333333333333333,0.3333333333333333,3,0.9999999999999998,False,True,True,False,False,0,0,0,3,1,2,0,0,0,1,2
baseline,S_0030921,1,1,1,0,1,0,0.0,1.0,0.0,1,-0.0,False,False,False,False,False,0,0,1,0,1,0,1,0,0,0,1
baseline,S_0030922,1,1,1,0,0,1,0.0,0.0,1.0,1,-0.0,False,False,False,False,False,0,0,1,0,1,0,0,0,1,0,1
baseline,S_0030924,3,3,1,1,2,0,0.3333333333333333,0.6666666666666666,0.0,2,0.5793801642856949,False,True,True,False,False,0,0,3,0,1,2,0,0,0,1,2
baseline,S_0030925,3,3,1,1,2,0,0.3333333333333333,0.6666666666666666,0.0,2,0.5793801642856949,False,True,True,False,False,0,0,3,0,1,2,0,0,0,1,2
baseline,S_0030928,6,3,6,1,1,1,0.3333333333333333,0.3333333333333333,0.3333333333333333,3,0.9999999999999998,False,True,True,False,False,0,0,0,3,1,2,0,0,0,1,2
baseline,S_0030937,2,2,2,0,1,1,0.0,0.5,0.5,2,0.6309297535714574,False,True,False,False,False,0,0,1,1,2,1,0,0,1,0,2
baseline,S_0030938,2,2,2,0,0,2,0.0,0.0,1.0,1,-0.0,False,True,False,False,False,0,0,1,1,2,0,1,0,1,0,2
baseline,S_0030939,2,2,2,0,1,1,0.0,0.5,0.5,2,0.6309297535714574,False,True,False,False,False,0,0,0,2,1,1,1,0,0,0,2
baseline,S_0030953,1,1,1,0,1,0,0.0,1.0,0.0,1,-0.0,False,False,False,False,False,0,0,0,1,1,0,1,0,0,0,1
baseline,S_0030964,4,4,2,1,3,0,0.25,0.75,0.0,2,0.5118595071429147,False,True,True,False,False,0,1,3,0,2,2,0,0,1,1,3
baseline,S_0030966,4,4,2,1,3,0,0.25,0.75,0.0,2,0.5118595071429147,False,True,True,False,False,0,1,3,0,2,2,0,0,1,1,3
baseline,S_0030967,4,4,3,1,1,2,0.25,0.25,0.5,3,0.946394630357186,False,True,True,False,False,0,0,0,4,1,2,0,0,1,1,3
baseline,S_0030971,1,1,1,0,1,0,0.0,1.0,0.0,1,-0.0,False,False,False,False,False,0,0,0,1,1,1,0,0,0,0,1
baseline,S_0030976,2,1,2,0,1,0,0.0,1.0,0.0,1,-0.0,False,False,False,False,False,0,0,0,1,1,1,0,0,0,0,1
baseline,S_0030977,2,1,2,0,1,0,0.0,1.0,0.0,1,-0.0,False,False,False,False,False,0,0,0,1,1,1,0,0,0,0,1
baseline,S_0030981,2,1,2,0,1,0,0.0,1.0,0.0,1,-0.0,False,False,False,False,False,0,0,0,1,1,1,0,0,0,0,1
baseline,S_0031000,1,1,1,0,1,0,0.0,1.0,0.0,1,-0.0,False,False,False,False,False,0,0,0,1,1,0,0,0,0,1,1
baseline,S_0031005,1,1,1,0,0,1,0.0,0.0,1.0,1,-0.0,False,False,False,False,False,0,0,0,1,1,0,1,0,0,0,1
baseline,S_0031009,1,1,1,0,0,1,0.0,0.0,1.0,1,-0.0,False,False,False,False,False,0,0,1,0,1,1,0,0,0,0,1
baseline,S_0031016,1,1,1,0,0,1,0.0,0.0,1.0,1,-0.0,False,False,False,False,False,0,0,0,1,1,0,1,0,0,0,1
baseline,S_0031017,1,1,1,0,0,1,0.0,0.0,1.0,1,-0.0,False,False,False,False,False,0,1,0,0,1,1,0,0,0,0,1
baseline,S_0031023,1,1,1,0,0,1,0.0,0.0,1.0,1,-0.0,False,False,False,False,False,0,0,1,0,1,1,0,0,0,0,1
baseline,S_0031027,1,1,1,1,0,0,1.0,0.0,0.0,1,-0.0,False,False,False,False,False,0,1,0,0,1,0,0,1,0,0,1
baseline,S_0031029,1,1,1,0,0,1,0.0,0.0,1.0,1,-0.0,False,False,False,False,False,0,1,0,0,1,1,0,0,0,0,1
baseline,S_0031038,1,1,1,0,1,0,0.0,1.0,0.0,1,-0.0,False,False,False,False,False,0,1,0,0,1,0,0,0,0,1,1
baseline,S_0031045,6,4,5,1,1,2,0.25,0.25,0.5,3,0.946394630357186,False,True,True,False,False,0,0,0,4,1,2,0,0,1,1,3
baseline,S_0031046,1,1,1,0,1,0,0.0,1.0,0.0,1,-0.0,False,False,False,False,False,0,1,0,0,1,0,0,0,0,1,1
baseline,S_0031061,1,1,1,0,0,1,0.0,0.0,1.0,1,-0.0,False,False,False,False,False,0,0,1,0,1,1,0,0,0,0,1
baseline,S_0031062,1,1,1,0,0,1,0.0,0.0,1.0,1,-0.0,False,False,False,False,False,0,0,1,0,1,1,0,0,0,0,1
baseline,S_0031068,1,1,1,0,0,1,0.0,0.0,1.0,1,-0.0,False,False,False,False,False,0,0,1,0,1,1,0,0,0,0,1
baseline,S_0031075,1,1,1,0,1,0,0.0,1.0,0.0,1,-0.0,False,False,False,False,False,0,1,0,0,1,0,0,0,0,1,1
baseline,S_0031079,1,1,1,0,0,1,0.0,0.0,1.0,1,-0.0,False,False,False,False,False,0,0,1,0,1,1,0,0,0,0,1
baseline,S_0031083,1,1,1,0,0,1,0.0,0.0,1.0,1,-0.0,False,False,False,False,False,0,0,1,0,1,1,0,0,0,0,1
baseline,S_0031088,1,1,1,0,1,0,0.0,1.0,0.0,1,-0.0,False,False,False,False,False,0,1,0,0,1,0,0,0,0,1,1
baseline,S_0031092,1,1,1,0,1,0,0.0,1.0,0.0,1,-0.0,False,False,False,False,False,0,1,0,0,1,0,0,0,0,1,1
baseline,S_0031096,1,1,1,0,0,1,0.0,0.0,1.0,1,-0.0,False,False,False,False,False,0,1,0,0,1,1,0,0,0,0,1
baseline,S_0031099,1,1,1,0,0,1,0.0,0.0,1.0,1,-0.0,False,False,False,False,False,0,1,0,0,1,1,0,0,0,0,1
baseline,S_0031103,1,1,1,0,0,1,0.0,0.0,1.0,1,-0.0,False,False,False,False,False,0,1,0,0,1,1,0,0,0,0,1
baseline,S_0031108,1,1,1,0,0,1,0.0,0.0,1.0,1,-0.0,False,False,False,False,False,0,1,0,0,1,1,0,0,0,0,1
baseline,S_0031112,1,1,1,0,0,1,0.0,0.0,1.0,1,-0.0,False,False,False,False,False,0,1,0,0,1,1,0,0,0,0,1
baseline,S_0031120,4,4,2,0,3,1,0.0,0.75,0.25,2,0.5118595071429147,False,True,True,False,False,0,0,3,1,2,1,1,1,0,1,4
baseline,S_0031135,10,5,10,1,3,1,0.2,0.6,0.2,3,0.8649735207179272,True,True,True,True,False,0,0,0,5,1,1,1,0,2,1,4
baseline,S_0031154,2,2,2,0,2,0,0.0,1.0,0.0,1,-0.0,False,True,False,False,False,0,0,0,2,1,1,0,0,1,0,2
baseline,S_0031169,4,2,4,2,0,0,1.0,0.0,0.0,1,-0.0,False,True,False,False,False,0,0,0,2,1,0,1,0,1,0,2
baseline,S_0031174,2,1,2,0,0,1,0.0,0.0,1.0,1,-0.0,False,False,False,False,False,0,0,0,1,1,0,0,0,0,1,1
baseline,S_0031180,1,1,1,0,1,0,0.0,1.0,0.0,1,-0.0,False,False,False,False,False,0,0,1,0,1,1,0,0,0,0,1
baseline,S_0031185,1,1,1,0,0,1,0.0,0.0,1.0,1,-0.0,False,False,False,False,False,0,0,0,1,1,0,0,0,0,1,1
baseline,S_0031188,1,1,1,1,0,0,1.0,0.0,0.0,1,-0.0,False,False,False,False,False,0,1,0,0,1,0,0,1,0,0,1
baseline,S_0031189,2,2,2,0,2,0,0.0,1.0,0.0,1,-0.0,False,True,False,False,False,0,0,2,0,1,1,0,1,0,0,2
baseline,S_0031191,1,1,1,1,0,0,1.0,0.0,0.0,1,-0.0,False,False,False,False,False,0,1,0,0,1,0,0,1,0,0,1
baseline,S_0031197,1,1,1,1,0,0,1.0,0.0,0.0,1,-0.0,False,False,False,False,False,0,1,0,0,1,0,0,1,0,0,1
baseline,S_0031199,1,1,1,0,1,0,0.0,1.0,0.0,1,-0.0,False,False,False,False,False,0,0,1,0,1,0,0,1,0,0,1
baseline,S_0031201,4,3,4,2,1,0,0.6666666666666666,0.3333333333333333,0.0,2,0.5793801642856949,False,True,True,False,False,0,1,1,1,3,1,0,1,0,1,3
baseline,S_0031202,1,1,1,1,0,0,1.0,0.0,0.0,1,-0.0,False,False,False,False,False,0,0,0,1,1,1,0,0,0,0,1
baseline,S_0031203,1,1,1,1,0,0,1.0,0.0,0.0,1,-0.0,False,False,False,False,False,0,1,0,0,1,0,0,1,0,0,1
baseline,S_0031205,1,1,1,1,0,0,1.0,0.0,0.0,1,-0.0,False,False,False,False,False,0,1,0,0,1,0,0,1,0,0,1
baseline,S_0031207,1,1,1,1,0,0,1.0,0.0,0.0,1,-0.0,False,False,False,False,False,0,1,0,0,1,0,0,1,0,0,1
baseline,S_0031209,1,1,1,1,0,0,1.0,0.0,0.0,1,-0.0,False,False,False,False,False,0,1,0,0,1,0,0,1,0,0,1
baseline,S_0031210,1,1,1,1,0,0,1.0,0.0,0.0,1,-0.0,False,False,False,False,False,0,1,0,0,1,0,0,1,0,0,1
baseline,S_0031213,1,1,1,1,0,0,1.0,0.0,0.0,1,-0.0,False,False,False,False,False,0,1,0,0,1,0,0,1,0,0,1
baseline,S_0031217,1,1,1,1,0,0,1.0,0.0,0.0,1,-0.0,False,False,False,False,False,0,1,0,0,1,0,0,1,0,0,1
baseline,S_0031221,1,1,1,1,0,0,1.0,0.0,0.0,1,-0.0,False,False,False,False,False,0,1,0,0,1,0,0,1,0,0,1
baseline,S_0031222,1,1,1,1,0,0,1.0,0.0,0.0,1,-0.0,False,False,False,False,False,0,1,0,0,1,0,0,1,0,0,1
baseline,S_0031223,1,1,1,1,0,0,1.0,0.0,0.0,1,-0.0,False,False,False,False,False,0,1,0,0,1,0,0,1,0,0,1
baseline,S_0031224,2,2,2,1,1,0,0.5,0.5,0.0,2,0.6309297535714574,False,True,False,False,False,0,1,1,0,2,1,0,1,0,0,2
baseline,S_0031226,2,2,2,1,0,1,0.5,0.0,0.5,2,0.6309297535714574,False,True,False,False,False,0,0,2,0,1,2,0,0,0,0,1
baseline,S_0031227,1,1,1,1,0,0,1.0,0.0,0.0,1,-0.0,False,False,False,False,False,0,0,1,0,1,1,0,0,0,0,1
baseline,S_0031230,1,1,1,1,0,0,1.0,0.0,0.0,1,-0.0,False,False,False,False,False,0,0,1,0,1,1,0,0,0,0,1
baseline,S_0031231,1,1,1,1,0,0,1.0,0.0,0.0,1,-0.0,False,False,False,False,False,0,0,1,0,1,1,0,0,0,0,1
baseline,S_0031232,3,3,2,1,1,1,0.3333333333333333,0.3333333333333333,0.3333333333333333,3,0.9999999999999998,False,True,True,False,False,0,0,3,0,1,2,0,0,1,0,2
baseline,S_0031234,2,2,2,1,0,1,0.5,0.0,0.5,2,0.6309297535714574,False,True,False,False,False,0,0,2,0,1,2,0,0,0,0,1
baseline,S_0031235,2,2,2,1,1,0,0.5,0.5,0.0,2,0.6309297535714574,False,True,False,False,False,0,1,1,0,2,1,0,1,0,0,2
baseline,S_0031237,2,2,2,1,0,1,0.5,0.0,0.5,2,0.6309297535714574,False,True,False,False,False,0,0,2,0,1,2,0,0,0,0,1
baseline,S_0031243,2,2,2,1,1,0,0.5,0.5,0.0,2,0.6309297535714574,False,True,False,False,False,0,1,1,0,2,1,0,1,0,0,2
baseline,S_0031244,1,1,1,1,0,0,1.0,0.0,0.0,1,-0.0,False,False,False,False,False,0,0,1,0,1,1,0,0,0,0,1
baseline,S_0031245,4,2,4,1,0,1,0.5,0.0,0.5,2,0.6309297535714574,False,True,False,False,False,0,0,2,0,1,2,0,0,0,0,1
baseline,S_0031246,1,1,1,1,0,0,1.0,0.0,0.0,1,-0.0,False,False,False,False,False,0,0,1,0,1,1,0,0,0,0,1
baseline,S_0031247,1,1,1,0,1,0,0.0,1.0,0.0,1,-0.0,False,False,False,False,False,0,0,1,0,1,1,0,0,0,0,1
baseline,S_0031255,1,1,1,1,0,0,1.0,0.0,0.0,1,-0.0,False,False,False,False,False,0,0,1,0,1,1,0,0,0,0,1
baseline,S_0031256,1,1,1,1,0,0,1.0,0.0,0.0,1,-0.0,False,False,False,False,False,0,0,1,0,1,1,0,0,0,0,1
baseline,S_0031258,2,2,2,1,1,0,0.5,0.5,0.0,2,0.6309297535714574,False,True,False,False,False,0,1,1,0,2,1,0,1,0,0,2
baseline,S_0031259,2,2,2,1,1,0,0.5,0.5,0.0,2,0.6309297535714574,False,True,False,False,False,0,1,1,0,2,1,0,1,0,0,2
baseline,S_0031261,1,1,1,1,0,0,1.0,0.0,0.0,1,-0.0,False,False,False,False,False,0,0,1,0,1,1,0,0,0,0,1
baseline,S_0031262,1,1,1,1,0,0,1.0,0.0,0.0,1,-0.0,False,False,False,False,False,0,0,1,0,1,1,0,0,0,0,1
baseline,S_0031263,1,1,1,1,0,0,1.0,0.0,0.0,1,-0.0,False,False,False,False,False,0,0,1,0,1,1,0,0,0,0,1
baseline,S_0031265,1,1,1,1,0,0,1.0,0.0,0.0,1,-0.0,False,False,False,False,False,0,0,1,0,1,1,0,0,0,0,1
baseline,S_0031266,1,1,1,0,1,0,0.0,1.0,0.0,1,-0.0,False,False,False,False,False,0,0,1,0,1,0,0,0,1,0,1
baseline,S_0031268,1,1,1,0,1,0,0.0,1.0,0.0,1,-0.0,False,False,False,False,False,0,0,1,0,1,0,0,0,1,0,1
baseline,S_0031270,2,2,2,1,1,0,0.5,0.5,0.0,2,0.6309297535714574,False,True,False,False,False,0,1,1,0,2,1,0,1,0,0,2
baseline,S_0031271,2,2,2,1,1,0,0.5,0.5,0.0,2,0.6309297535714574,False,True,False,False,False,0,1,1,0,2,1,0,1,0,0,2
baseline,S_0031272,1,1,1,1,0,0,1.0,0.0,0.0,1,-0.0,False,False,False,False,False,0,0,1,0,1,1,0,0,0,0,1
baseline,S_0031273,1,1,1,1,0,0,1.0,0.0,0.0,1,-0.0,False,False,False,False,False,0,0,1,0,1,1,0,0,0,0,1
baseline,S_0031275,1,1,1,0,1,0,0.0,1.0,0.0,1,-0.0,False,False,False,False,False,0,0,1,0,1,0,0,0,1,0,1
baseline,S_0031279,2,2,2,2,0,0,1.0,0.0,0.0,1,-0.0,False,True,False,False,False,0,0,0,2,1,0,1,0,1,0,2
baseline,S_0031283,1,1,1,1,0,0,1.0,0.0,0.0,1,-0.0,False,False,False,False,False,0,0,1,0,1,1,0,0,0,0,1
baseline,S_0031286,1,1,1,1,0,0,1.0,0.0,0.0,1,-0.0,False,False,False,False,False,0,0,1,0,1,1,0,0,0,0,1
baseline,S_0031292,1,1,1,1,0,0,1.0,0.0,0.0,1,-0.0,False,False,False,False,False,0,1,0,0,1,0,0,1,0,0,1
baseline,S_0031296,3,3,2,1,0,2,0.3333333333333333,0.0,0.6666666666666666,2,0.5793801642856949,False,True,True,False,False,0,0,0,3,1,1,0,0,1,1,3
baseline,S_0031308,1,1,1,0,1,0,0.0,1.0,0.0,1,-0.0,False,False,False,False,False,0,0,1,0,1,0,0,1,0,0,1
baseline,S_0031312,1,1,1,0,1,0,0.0,1.0,0.0,1,-0.0,False,False,False,False,False,0,0,1,0,1,0,0,0,0,1,1
baseline,S_0031314,1,1,1,1,0,0,1.0,0.0,0.0,1,-0.0,False,False,False,False,False,0,0,1,0,1,1,0,0,0,0,1
baseline,S_0031332,1,1,1,1,0,0,1.0,0.0,0.0,1,-0.0,False,False,False,False,False,0,0,1,0,1,1,0,0,0,0,1
baseline,S_0031333,1,1,1,1,0,0,1.0,0.0,0.0,1,-0.0,False,False,False,False,False,0,0,1,0,1,1,0,0,0,0,1
baseline,S_0031336,1,1,1,0,1,0,0.0,1.0,0.0,1,-0.0,False,False,False,False,False,0,0,0,1,1,0,0,0,0,1,1
baseline,S_0031356,1,1,1,0,1,0,0.0,1.0,0.0,1,-0.0,False,False,False,False,False,0,0,1,0,1,0,0,1,0,0,1
baseline,S_0031362,1,1,1,0,1,0,0.0,1.0,0.0,1,-0.0,False,False,False,False,False,0,0,1,0,1,0,0,1,0,0,1
baseline,S_0031366,1,1,1,0,1,0,0.0,1.0,0.0,1,-0.0,False,False,False,False,False,0,0,1,0,1,0,0,1,0,0,1
baseline,S_0031371,1,1,1,0,1,0,0.0,1.0,0.0,1,-0.0,False,False,False,False,False,0,0,1,0,1,0,0,1,0,0,1
baseline,S_0031372,1,1,1,0,1,0,0.0,1.0,0.0,1,-0.0,False,False,False,False,False,0,0,1,0,1,0,0,1,0,0,1
baseline,S_0031374,2,2,2,0,2,0,0.0,1.0,0.0,1,-0.0,False,True,False,False,False,0,1,1,0,2,1,0,0,0,1,2
baseline,S_0031375,2,2,2,0,2,0,0.0,1.0,0.0,1,-0.0,False,True,False,False,False,0,1,1,0,2,1,0,0,0,1,2
baseline,S_0031376,2,2,2,0,2,0,0.0,1.0,0.0,1,-0.0,False,True,False,False,False,0,1,1,0,2,1,0,0,0,1,2
baseline,S_0031379,4,4,3,0,3,1,0.0,0.75,0.25,2,0.5118595071429147,False,True,True,False,False,0,0,0,4,1,0,1,0,2,1,3
baseline,S_0031380,1,1,1,0,1,0,0.0,1.0,0.0,1,-0.0,False,False,False,False,False,0,0,1,0,1,0,0,1,0,0,1
baseline,S_0031396,7,5,7,1,4,0,0.2,0.8,0.0,2,0.4554859150035952,True,True,True,True,False,0,0,1,4,2,1,1,0,2,1,4
baseline,S_0031398,1,1,1,0,1,0,0.0,1.0,0.0,1,-0.0,False,False,False,False,False,0,0,1,0,1,0,0,0,1,0,1
baseline,S_0031399,1,1,1,0,1,0,0.0,1.0,0.0,1,-0.0,False,False,False,False,False,0,0,1,0,1,0,0,0,0,1,1
baseline,S_0031407,1,1,1,0,1,0,0.0,1.0,0.0,1,-0.0,False,False,False,False,False,0,0,1,0,1,0,0,0,0,1,1
baseline,S_0031470,1,1,1,0,1,0,0.0,1.0,0.0,1,-0.0,False,False,False,False,False,0,0,0,1,1,0,1,0,0,0,1
baseline,S_0031473,1,1,1,0,1,0,0.0,1.0,0.0,1,-0.0,False,False,False,False,False,0,0,1,0,1,0,0,0,0,1,1
baseline,S_0031474,1,1,1,0,1,0,0.0,1.0,0.0,1,-0.0,False,False,False,False,False,0,0,1,0,1,0,0,0,0,1,1
baseline,S_0031475,2,1,2,0,0,1,0.0,0.0,1.0,1,-0.0,False,False,False,False,False,0,0,1,0,1,0,0,0,1,0,1
baseline,S_0031476,1,1,1,0,1,0,0.0,1.0,0.0,1,-0.0,False,False,False,False,False,0,0,1,0,1,0,0,0,0,1,1
baseline,S_0031478,1,1,1,0,1,0,0.0,1.0,0.0,1,-0.0,False,False,False,False,False,0,0,1,0,1,0,0,0,0,1,1
baseline,S_0031479,1,1,1,0,1,0,0.0,1.0,0.0,1,-0.0,False,False,False,False,False,0,0,1,0,1,0,0,0,0,1,1
baseline,S_0031483,1,1,1,0,1,0,0.0,1.0,0.0,1,-0.0,False,False,False,False,False,0,0,0,1,1,0,1,0,0,0,1
baseline,S_0031531,1,1,1,0,1,0,0.0,1.0,0.0,1,-0.0,False,False,False,False,False,0,0,1,0,1,0,0,0,0,1,1
baseline,S_0031576,1,1,1,0,1,0,0.0,1.0,0.0,1,-0.0,False,False,False,False,False,0,0,1,0,1,1,0,0,0,0,1
baseline,S_0031577,1,1,1,0,1,0,0.0,1.0,0.0,1,-0.0,False,False,False,False,False,0,0,1,0,1,1,0,0,0,0,1
baseline,S_0031594,2,2,1,0,1,1,0.0,0.5,0.5,2,0.6309297535714574,False,True,False,False,False,0,0,2,0,1,0,0,1,1,0,2
baseline,S_0031595,2,2,1,0,1,1,0.0,0.5,0.5,2,0.6309297535714574,False,True,False,False,False,0,0,2,0,1,0,0,1,1,0,2
baseline,S_0031599,1,1,1,0,0,1,0.0,0.0,1.0,1,-0.0,False,False,False,False,False,0,0,1,0,1,0,0,0,0,1,1
baseline,S_0031601,1,1,1,0,0,1,0.0,0.0,1.0,1,-0.0,False,False,False,False,False,0,0,1,0,1,0,0,0,0,1,1
baseline,S_0031602,1,1,1,0,0,1,0.0,0.0,1.0,1,-0.0,False,False,False,False,False,0,0,1,0,1,0,0,0,0,1,1
baseline,S_0031603,1,1,1,0,0,1,0.0,0.0,1.0,1,-0.0,False,False,False,False,False,0,0,1,0,1,0,0,0,0,1,1
baseline,S_0031604,1,1,1,0,0,1,0.0,0.0,1.0,1,-0.0,False,False,False,False,False,0,0,1,0,1,0,0,0,0,1,1
baseline,S_0031664,2,2,1,1,1,0,0.5,0.5,0.0,2,0.6309297535714574,False,True,False,False,False,0,0,0,2,1,1,0,0,1,0,2
baseline,S_0031665,4,3,3,1,2,0,0.3333333333333333,0.6666666666666666,0.0,2,0.5793801642856949,False,True,True,False,False,0,0,0,3,1,1,1,0,1,0,3
baseline,S_0031667,4,3,3,1,2,0,0.3333333333333333,0.6666666666666666,0.0,2,0.5793801642856949,False,True,True,False,False,0,0,0,3,1,1,1,0,1,0,3
baseline,S_0031669,4,3,3,1,2,0,0.3333333333333333,0.6666666666666666,0.0,2,0.5793801642856949,False,True,True,False,False,0,0,0,3,1,1,1,0,1,0,3
baseline,S_0031670,4,3,3,1,2,0,0.3333333333333333,0.6666666666666666,0.0,2,0.5793801642856949,False,True,True,False,False,0,0,0,3,1,1,1,0,1,0,3
baseline,S_0031671,6,3,4,1,2,0,0.3333333333333333,0.6666666666666666,0.0,2,0.5793801642856949,False,True,True,False,False,0,0,0,3,1,1,1,0,1,0,3
baseline,S_0031673,3,3,2,1,2,0,0.3333333333333333,0.6666666666666666,0.0,2,0.5793801642856949,False,True,True,False,False,0,0,0,3,1,1,1,0,1,0,3
baseline,S_0031674,6,3,4,1,2,0,0.3333333333333333,0.6666666666666666,0.0,2,0.5793801642856949,False,True,True,False,False,0,0,0,3,1,1,1,0,1,0,3
baseline,S_0031676,2,2,1,1,1,0,0.5,0.5,0.0,2,0.6309297535714574,False,True,False,False,False,0,0,0,2,1,1,0,0,1,0,2
baseline,S_0031689,1,1,1,0,1,0,0.0,1.0,0.0,1,-0.0,False,False,False,False,False,0,0,1,0,1,0,1,0,0,0,1
baseline,S_0031691,1,1,1,0,1,0,0.0,1.0,0.0,1,-0.0,False,False,False,False,False,0,0,1,0,1,0,1,0,0,0,1
baseline,S_0031694,2,2,1,0,2,0,0.0,1.0,0.0,1,-0.0,False,True,False,False,False,0,0,2,0,1,0,1,1,0,0,2
baseline,S_0031695,2,2,1,0,2,0,0.0,1.0,0.0,1,-0.0,False,True,False,False,False,0,0,2,0,1,0,1,1,0,0,2
baseline,S_0031696,1,1,1,1,0,0,1.0,0.0,0.0,1,-0.0,False,False,False,False,False,0,0,1,0,1,0,1,0,0,0,1
baseline,S_0031697,1,1,1,1,0,0,1.0,0.0,0.0,1,-0.0,False,False,False,False,False,0,0,1,0,1,0,1,0,0,0,1
baseline,S_0031703,1,1,1,0,1,0,0.0,1.0,0.0,1,-0.0,False,False,False,False,False,0,1,0,0,1,1,0,0,0,0,1
baseline,S_0031843,1,1,1,0,1,0,0.0,1.0,0.0,1,-0.0,False,False,False,False,False,0,1,0,0,1,0,0,0,1,0,1
baseline,S_0031844,1,1,1,0,1,0,0.0,1.0,0.0,1,-0.0,False,False,False,False,False,0,1,0,0,1,0,0,0,1,0,1
baseline,S_0031845,1,1,1,0,1,0,0.0,1.0,0.0,1,-0.0,False,False,False,False,False,0,0,1,0,1,0,1,0,0,0,1
baseline,S_0031883,1,1,1,1,0,0,1.0,0.0,0.0,1,-0.0,False,False,False,False,False,0,0,1,0,1,1,0,0,0,0,1
baseline,S_0031884,1,1,1,1,0,0,1.0,0.0,0.0,1,-0.0,False,False,False,False,False,0,0,1,0,1,1,0,0,0,0,1
baseline,S_0031886,1,1,1,0,0,1,0.0,0.0,1.0,1,-0.0,False,False,False,False,False,0,0,1,0,1,0,0,0,1,0,1
baseline,S_0031888,1,1,1,1,0,0,1.0,0.0,0.0,1,-0.0,False,False,False,False,False,0,0,0,1,1,0,0,0,0,1,1
baseline,S_0031890,1,1,1,1,0,0,1.0,0.0,0.0,1,-0.0,False,False,False,False,False,0,0,0,1,1,0,0,0,0,1,1
baseline,S_0031891,1,1,1,0,0,1,0.0,0.0,1.0,1,-0.0,False,False,False,False,False,0,0,1,0,1,0,0,0,1,0,1
baseline,S_0031892,2,2,2,0,1,1,0.0,0.5,0.5,2,0.6309297535714574,False,True,False,False,False,0,0,1,1,2,1,0,0,1,0,2
baseline,S_0031893,1,1,1,0,1,0,0.0,1.0,0.0,1,-0.0,False,False,False,False,False,0,0,0,1,1,1,0,0,0,0,1
baseline,S_0031964,1,1,1,0,1,0,0.0,1.0,0.0,1,-0.0,False,False,False,False,False,0,1,0,0,1,0,0,0,1,0,1
baseline,S_0031978,1,1,1,0,1,0,0.0,1.0,0.0,1,-0.0,False,False,False,False,False,0,0,1,0,1,0,0,0,0,1,1
baseline,S_0032048,1,1,1,0,0,1,0.0,0.0,1.0,1,-0.0,False,False,False,False,False,1,0,0,0,1,1,0,0,0,0,1
baseline,S_0032060,1,1,1,0,0,1,0.0,0.0,1.0,1,-0.0,False,False,False,False,False,0,0,1,0,1,1,0,0,0,0,1
baseline,S_0032062,1,1,1,0,0,1,0.0,0.0,1.0,1,-0.0,False,False,False,False,False,0,0,1,0,1,1,0,0,0,0,1
baseline,S_0032063,2,2,1,0,1,1,0.0,0.5,0.5,2,0.6309297535714574,False,True,False,False,False,0,0,2,0,1,0,1,1,0,0,2
baseline,S_0032064,2,2,1,0,1,1,0.0,0.5,0.5,2,0.6309297535714574,False,True,False,False,False,0,0,2,0,1,0,1,1,0,0,2
baseline,S_0032072,1,1,1,1,0,0,1.0,0.0,0.0,1,-0.0,False,False,False,False,False,0,0,1,0,1,0,1,0,0,0,1
baseline,S_0032074,1,1,1,1,0,0,1.0,0.0,0.0,1,-0.0,False,False,False,False,False,0,0,1,0,1,0,1,0,0,0,1
baseline,S_0032141,1,1,1,0,1,0,0.0,1.0,0.0,1,-0.0,False,False,False,False,False,0,0,1,0,1,0,0,1,0,0,1
baseline,S_0032143,1,1,1,0,1,0,0.0,1.0,0.0,1,-0.0,False,False,False,False,False,0,0,1,0,1,0,0,1,0,0,1
baseline,S_0032155,1,1,1,0,1,0,0.0,1.0,0.0,1,-0.0,False,False,False,False,False,0,0,0,1,1,0,0,0,1,0,1
baseline,S_0032156,1,1,1,0,1,0,0.0,1.0,0.0,1,-0.0,False,False,False,False,False,0,0,0,1,1,0,0,0,1,0,1
baseline,S_0032159,1,1,1,0,1,0,0.0,1.0,0.0,1,-0.0,False,False,False,False,False,0,0,0,1,1,0,0,0,1,0,1
baseline,S_0032191,1,1,1,0,1,0,0.0,1.0,0.0,1,-0.0,False,False,False,False,False,0,0,0,1,1,0,0,0,0,1,1
baseline,S_0032193,1,1,1,0,1,0,0.0,1.0,0.0,1,-0.0,False,False,False,False,False,0,0,0,1,1,0,0,0,0,1,1
baseline,S_0032194,1,1,1,0,1,0,0.0,1.0,0.0,1,-0.0,False,False,False,False,False,0,0,0,1,1,0,0,0,0,1,1
baseline,S_0032196,1,1,1,0,1,0,0.0,1.0,0.0,1,-0.0,False,False,False,False,False,0,0,0,1,1,0,0,0,0,1,1
baseline,S_0032213,2,2,1,0,1,1,0.0,0.5,0.5,2,0.6309297535714574,False,True,False,False,False,0,0,2,0,1,0,1,1,0,0,2
baseline,S_0032215,2,2,1,0,1,1,0.0,0.5,0.5,2,0.6309297535714574,False,True,False,False,False,0,0,2,0,1,0,1,1,0,0,2
baseline,S_0032216,2,2,1,0,1,1,0.0,0.5,0.5,2,0.6309297535714574,False,True,False,False,False,0,0,2,0,1,0,1,1,0,0,2
baseline,S_0032220,1,1,1,0,1,0,0.0,1.0,0.0,1,-0.0,False,False,False,False,False,0,0,1,0,1,0,1,0,0,0,1
baseline,S_0032229,2,2,2,0,1,1,0.0,0.5,0.5,2,0.6309297535714574,False,True,False,False,False,0,0,2,0,1,0,1,0,1,0,2
baseline,S_0032235,1,1,1,0,1,0,0.0,1.0,0.0,1,-0.0,False,False,False,False,False,0,0,0,1,1,0,0,0,0,1,1
baseline,S_0032241,1,1,1,0,0,1,0.0,0.0,1.0,1,-0.0,False,False,False,False,False,0,0,1,0,1,0,0,1,0,0,1
baseline,S_0032242,2,2,1,0,1,1,0.0,0.5,0.5,2,0.6309297535714574,False,True,False,False,False,0,0,2,0,1,0,1,1,0,0,2
baseline,S_0032257,3,3,2,0,2,1,0.0,0.6666666666666666,0.3333333333333333,2,0.5793801642856949,False,True,True,False,False,0,0,3,0,1,0,1,0,1,1,3
baseline,S_0032258,1,1,1,0,1,0,0.0,1.0,0.0,1,-0.0,False,False,False,False,False,0,0,1,0,1,0,0,0,0,1,1
baseline,S_0032259,2,2,2,0,1,1,0.0,0.5,0.5,2,0.6309297535714574,False,True,False,False,False,0,0,2,0,1,0,1,0,1,0,2
baseline,S_0032263,1,1,1,0,1,0,0.0,1.0,0.0,1,-0.0,False,False,False,False,False,0,0,1,0,1,1,0,0,0,0,1
baseline,S_0032265,1,1,1,0,1,0,0.0,1.0,0.0,1,-0.0,False,False,False,False,False,0,0,1,0,1,1,0,0,0,0,1
baseline,S_0032266,1,1,1,1,0,0,1.0,0.0,0.0,1,-0.0,False,False,False,False,False,0,0,1,0,1,0,1,0,0,0,1
baseline,S_0032268,1,1,1,1,0,0,1.0,0.0,0.0,1,-0.0,False,False,False,False,False,0,0,1,0,1,0,1,0,0,0,1
baseline,S_0032269,1,1,1,1,0,0,1.0,0.0,0.0,1,-0.0,False,False,False,False,False,0,0,1,0,1,0,1,0,0,0,1
baseline,S_0032271,1,1,1,1,0,0,1.0,0.0,0.0,1,-0.0,False,False,False,False,False,0,0,1,0,1,0,1,0,0,0,1
baseline,S_0032273,1,1,1,0,1,0,0.0,1.0,0.0,1,-0.0,False,False,False,False,False,0,1,0,0,1,1,0,0,0,0,1
baseline,S_0032386,1,1,1,0,0,1,0.0,0.0,1.0,1,-0.0,False,False,False,False,False,0,0,1,0,1,0,0,0,1,0,1
baseline,S_0032412,1,1,1,0,1,0,0.0,1.0,0.0,1,-0.0,False,False,False,False,False,0,0,1,0,1,0,0,1,0,0,1
baseline,S_0032471,1,1,1,0,1,0,0.0,1.0,0.0,1,-0.0,False,False,False,False,False,0,0,0,1,1,0,1,0,0,0,1
baseline,S_0032509,1,1,1,0,1,0,0.0,1.0,0.0,1,-0.0,False,False,False,False,False,0,0,0,1,1,0,0,0,0,1,1
baseline,S_0032514,1,1,1,0,0,1,0.0,0.0,1.0,1,-0.0,False,False,False,False,False,0,0,1,0,1,0,0,0,0,1,1
baseline,S_0032516,1,1,1,0,1,0,0.0,1.0,0.0,1,-0.0,False,False,False,False,False,0,0,1,0,1,0,0,0,0,1,1
baseline,S_0032525,2,1,2,0,0,1,0.0,0.0,1.0,1,-0.0,False,False,False,False,False,0,0,0,1,1,0,1,0,0,0,1
baseline,S_0032526,2,1,2,0,0,1,0.0,0.0,1.0,1,-0.0,False,False,False,False,False,0,0,0,1,1,0,1,0,0,0,1
baseline,S_0032608,2,2,1,0,2,0,0.0,1.0,0.0,1,-0.0,False,True,False,False,False,0,0,2,0,1,0,1,1,0,0,2
baseline,S_0032658,1,1,1,0,1,0,0.0,1.0,0.0,1,-0.0,False,False,False,False,False,0,0,0,1,1,0,0,0,1,0,1
baseline,S_0032672,1,1,1,0,1,0,0.0,1.0,0.0,1,-0.0,False,False,False,False,False,0,0,0,1,1,0,0,0,1,0,1
baseline,S_0032740,3,3,2,0,3,0,0.0,1.0,0.0,1,-0.0,False,True,True,False,False,0,1,2,0,2,1,0,0,0,2,2
baseline,S_0032742,1,1,1,1,0,0,1.0,0.0,0.0,1,-0.0,False,False,False,False,False,0,0,0,1,1,0,0,0,0,1,1
baseline,S_0032743,1,1,1,1,0,0,1.0,0.0,0.0,1,-0.0,False,False,False,False,False,0,0,0,1,1,0,0,0,0,1,1
baseline,S_0032745,2,2,2,0,1,1,0.0,0.5,0.5,2,0.6309297535714574,False,True,False,False,False,0,1,1,0,2,2,0,0,0,0,1
baseline,S_0032747,2,2,2,0,1,1,0.0,0.5,0.5,2,0.6309297535714574,False,True,False,False,False,0,1,1,0,2,2,0,0,0,0,1
baseline,S_0032748,2,2,2,1,0,1,0.5,0.0,0.5,2,0.6309297535714574,False,True,False,False,False,0,0,1,1,2,1,0,0,0,1,2
baseline,S_0032749,1,1,1,0,1,0,0.0,1.0,0.0,1,-0.0,False,False,False,False,False,0,1,0,0,1,1,0,0,0,0,1
baseline,S_0032750,2,2,2,0,1,1,0.0,0.5,0.5,2,0.6309297535714574,False,True,False,False,False,0,1,1,0,2,2,0,0,0,0,1
baseline,S_0032790,5,5,5,1,4,0,0.2,0.8,0.0,2,0.4554859150035952,True,True,True,True,False,0,0,1,4,2,1,2,0,1,1,4
baseline,S_0032814,1,1,1,0,1,0,0.0,1.0,0.0,1,-0.0,False,False,False,False,False,0,1,0,0,1,0,0,0,1,0,1
baseline,S_0032817,2,2,2,0,2,0,0.0,1.0,0.0,1,-0.0,False,True,False,False,False,0,1,1,0,2,1,0,0,1,0,2
baseline,S_0032818,2,2,2,0,2,0,0.0,1.0,0.0,1,-0.0,False,True,False,False,False,0,1,1,0,2,1,0,0,1,0,2
baseline,S_0032821,2,2,2,0,2,0,0.0,1.0,0.0,1,-0.0,False,True,False,False,False,0,1,1,0,2,1,0,0,1,0,2
baseline,S_0032920,1,1,1,1,0,0,1.0,0.0,0.0,1,-0.0,False,False,False,False,False,0,0,1,0,1,0,1,0,0,0,1
baseline,S_0032922,1,1,1,1,0,0,1.0,0.0,0.0,1,-0.0,False,False,False,False,False,0,0,1,0,1,0,1,0,0,0,1
baseline,S_0032955,2,2,1,0,2,0,0.0,1.0,0.0,1,-0.0,False,True,False,False,False,0,0,2,0,1,1,0,0,1,0,2
baseline,S_0032956,2,2,1,0,2,0,0.0,1.0,0.0,1,-0.0,False,True,False,False,False,0,0,2,0,1,1,0,0,1,0,2
baseline,S_0032994,1,1,1,0,1,0,0.0,1.0,0.0,1,-0.0,False,False,False,False,False,0,0,1,0,1,0,0,0,1,0,1
baseline,S_0033065,1,1,1,1,0,0,1.0,0.0,0.0,1,-0.0,False,False,False,False,False,0,0,0,1,1,1,0,0,0,0,1
baseline,S_0033077,1,1,1,0,1,0,0.0,1.0,0.0,1,-0.0,False,False,False,False,False,0,0,1,0,1,0,0,0,0,1,1
baseline,S_0033081,1,1,1,0,1,0,0.0,1.0,0.0,1,-0.0,False,False,False,False,False,0,0,0,1,1,1,0,0,0,0,1
baseline,S_0033098,4,4,2,2,2,0,0.5,0.5,0.0,2,0.6309297535714574,False,True,True,False,False,0,1,3,0,2,3,0,0,0,1,2
baseline,S_0033125,2,2,2,1,1,0,0.5,0.5,0.0,2,0.6309297535714574,False,True,False,False,False,0,1,1,0,2,1,0,0,0,1,2
baseline,S_0033127,2,2,2,1,1,0,0.5,0.5,0.0,2,0.6309297535714574,False,True,False,False,False,0,1,1,0,2,1,0,0,0,1,2
baseline,S_0033142,2,2,1,1,1,0,0.5,0.5,0.0,2,0.6309297535714574,False,True,False,False,False,0,0,2,0,1,0,1,0,0,1,2
baseline,S_0033160,1,1,1,1,0,0,1.0,0.0,0.0,1,-0.0,False,False,False,False,False,0,0,1,0,1,0,1,0,0,0,1
baseline,S_0033161,1,1,1,1,0,0,1.0,0.0,0.0,1,-0.0,False,False,False,False,False,0,0,0,1,1,0,0,0,1,0,1
baseline,S_0033191,1,1,1,0,1,0,0.0,1.0,0.0,1,-0.0,False,False,False,False,False,0,0,1,0,1,1,0,0,0,0,1
baseline,S_0033199,1,1,1,0,1,0,0.0,1.0,0.0,1,-0.0,False,False,False,False,False,0,0,1,0,1,1,0,0,0,0,1
baseline,S_0033216,1,1,1,1,0,0,1.0,0.0,0.0,1,-0.0,False,False,False,False,False,0,0,1,0,1,0,1,0,0,0,1
baseline,S_0033240,1,1,1,0,1,0,0.0,1.0,0.0,1,-0.0,False,False,False,False,False,0,0,1,0,1,0,0,0,0,1,1
baseline,S_0033242,1,1,1,0,1,0,0.0,1.0,0.0,1,-0.0,False,False,False,False,False,0,0,1,0,1,0,0,0,0,1,1
baseline,S_0033244,1,1,1,0,1,0,0.0,1.0,0.0,1,-0.0,False,False,False,False,False,0,0,1,0,1,0,0,0,0,1,1
baseline,S_0033259,2,2,2,1,1,0,0.5,0.5,0.0,2,0.6309297535714574,False,True,False,False,False,0,0,0,2,1,0,0,0,1,1,2
baseline,S_0033268,2,2,1,1,1,0,0.5,0.5,0.0,2,0.6309297535714574,False,True,False,False,False,0,0,2,0,1,1,0,0,0,1,2
baseline,S_0033269,2,2,1,1,1,0,0.5,0.5,0.0,2,0.6309297535714574,False,True,False,False,False,0,0,2,0,1,1,0,0,0,1,2
baseline,S_0033274,1,1,1,0,1,0,0.0,1.0,0.0,1,-0.0,False,False,False,False,False,0,0,1,0,1,1,0,0,0,0,1
baseline,S_0033275,1,1,1,1,0,0,1.0,0.0,0.0,1,-0.0,False,False,False,False,False,0,0,1,0,1,0,0,0,0,1,1
baseline,S_0033276,2,2,1,1,1,0,0.5,0.5,0.0,2,0.6309297535714574,False,True,False,False,False,0,0,2,0,1,1,0,0,0,1,2
baseline,S_0033278,1,1,1,1,0,0,1.0,0.0,0.0,1,-0.0,False,False,False,False,False,0,0,1,0,1,1,0,0,0,0,1
baseline,S_0033281,1,1,1,0,1,0,0.0,1.0,0.0,1,-0.0,False,False,False,False,False,0,0,1,0,1,0,1,0,0,0,1
baseline,S_0033282,1,1,1,0,1,0,0.0,1.0,0.0,1,-0.0,False,False,False,False,False,0,0,1,0,1,0,1,0,0,0,1
baseline,S_0033283,2,2,1,1,1,0,0.5,0.5,0.0,2,0.6309297535714574,False,True,False,False,False,0,0,2,0,1,1,0,0,0,1,2
baseline,S_0033284,1,1,1,0,1,0,0.0,1.0,0.0,1,-0.0,False,False,False,False,False,0,0,1,0,1,0,1,0,0,0,1
baseline,S_0033285,1,1,1,0,1,0,0.0,1.0,0.0,1,-0.0,False,False,False,False,False,0,0,1,0,1,0,1,0,0,0,1
baseline,S_0033286,2,2,1,1,1,0,0.5,0.5,0.0,2,0.6309297535714574,False,True,False,False,False,0,0,2,0,1,1,0,0,0,1,2
baseline,S_0033287,1,1,1,1,0,0,1.0,0.0,0.0,1,-0.0,False,False,False,False,False,0,0,1,0,1,0,0,0,0,1,1
baseline,S_0033288,1,1,1,1,0,0,1.0,0.0,0.0,1,-0.0,False,False,False,False,False,0,0,1,0,1,1,0,0,0,0,1
baseline,S_0033294,1,1,1,0,1,0,0.0,1.0,0.0,1,-0.0,False,False,False,False,False,0,0,1,0,1,0,0,0,1,0,1
baseline,S_0033296,1,1,1,0,1,0,0.0,1.0,0.0,1,-0.0,False,False,False,False,False,0,0,1,0,1,0,0,0,1,0,1
baseline,S_0033298,2,2,2,2,0,0,1.0,0.0,0.0,1,-0.0,False,True,False,False,False,0,0,0,2,1,0,1,0,1,0,2
baseline,S_0033303,1,1,1,1,0,0,1.0,0.0,0.0,1,-0.0,False,False,False,False,False,0,1,0,0,1,0,0,1,0,0,1
baseline,S_0033305,1,1,1,1,0,0,1.0,0.0,0.0,1,-0.0,False,False,False,False,False,0,1,0,0,1,0,0,1,0,0,1
baseline,S_0033306,1,1,1,1,0,0,1.0,0.0,0.0,1,-0.0,False,False,False,False,False,0,1,0,0,1,0,0,1,0,0,1
baseline,S_0033308,1,1,1,1,0,0,1.0,0.0,0.0,1,-0.0,False,False,False,False,False,0,1,0,0,1,0,0,1,0,0,1
baseline,S_0033310,2,2,2,2,0,0,1.0,0.0,0.0,1,-0.0,False,True,False,False,False,0,0,0,2,1,0,1,0,1,0,2
baseline,S_0033314,2,2,2,2,0,0,1.0,0.0,0.0,1,-0.0,False,True,False,False,False,0,0,0,2,1,0,1,0,1,0,2
baseline,S_0033321,1,1,1,1,0,0,1.0,0.0,0.0,1,-0.0,False,False,False,False,False,0,1,0,0,1,0,0,1,0,0,1
baseline,S_0033354,1,1,1,1,0,0,1.0,0.0,0.0,1,-0.0,False,False,False,False,False,0,1,0,0,1,0,0,1,0,0,1
baseline,S_0033355,1,1,1,1,0,0,1.0,0.0,0.0,1,-0.0,False,False,False,False,False,0,1,0,0,1,0,0,1,0,0,1
baseline,S_0033359,1,1,1,1,0,0,1.0,0.0,0.0,1,-0.0,False,False,False,False,False,0,1,0,0,1,0,0,1,0,0,1
baseline,S_0033366,1,1,1,0,0,1,0.0,0.0,1.0,1,-0.0,False,False,False,False,False,0,0,1,0,1,1,0,0,0,0,1
baseline,S_0033368,1,1,1,0,0,1,0.0,0.0,1.0,1,-0.0,False,False,False,False,False,0,0,1,0,1,1,0,0,0,0,1
baseline,S_0033373,1,1,1,1,0,0,1.0,0.0,0.0,1,-0.0,False,False,False,False,False,0,1,0,0,1,0,0,1,0,0,1
baseline,S_0033374,1,1,1,1,0,0,1.0,0.0,0.0,1,-0.0,False,False,False,False,False,0,1,0,0,1,0,0,1,0,0,1
baseline,S_0033444,1,1,1,0,1,0,0.0,1.0,0.0,1,-0.0,False,False,False,False,False,0,0,1,0,1,0,0,0,1,0,1
baseline,S_0033445,1,1,1,1,0,0,1.0,0.0,0.0,1,-0.0,False,False,False,False,False,0,1,0,0,1,0,0,1,0,0,1
baseline,S_0033447,1,1,1,1,0,0,1.0,0.0,0.0,1,-0.0,False,False,False,False,False,0,1,0,0,1,0,0,1,0,0,1
baseline,S_0033457,1,1,1,1,0,0,1.0,0.0,0.0,1,-0.0,False,False,False,False,False,0,1,0,0,1,0,0,1,0,0,1
baseline,S_0033471,1,1,1,0,1,0,0.0,1.0,0.0,1,-0.0,False,False,False,False,False,0,0,1,0,1,0,1,0,0,0,1
baseline,S_0033476,1,1,1,0,1,0,0.0,1.0,0.0,1,-0.0,False,False,False,False,False,0,1,0,0,1,1,0,0,0,0,1
baseline,S_0033579,1,1,1,0,1,0,0.0,1.0,0.0,1,-0.0,False,False,False,False,False,0,0,1,0,1,1,0,0,0,0,1
baseline,S_0033580,1,1,1,0,1,0,0.0,1.0,0.0,1,-0.0,False,False,False,False,False,0,0,1,0,1,1,0,0,0,0,1
baseline,S_0033583,1,1,1,0,1,0,0.0,1.0,0.0,1,-0.0,False,False,False,False,False,0,0,1,0,1,1,0,0,0,0,1
baseline,S_0033584,1,1,1,0,1,0,0.0,1.0,0.0,1,-0.0,False,False,False,False,False,0,0,1,0,1,1,0,0,0,0,1
baseline,S_0033586,1,1,1,0,1,0,0.0,1.0,0.0,1,-0.0,False,False,False,False,False,0,0,1,0,1,1,0,0,0,0,1
baseline,S_0033587,1,1,1,0,1,0,0.0,1.0,0.0,1,-0.0,False,False,False,False,False,0,0,1,0,1,1,0,0,0,0,1
baseline,S_0033589,1,1,1,1,0,0,1.0,0.0,0.0,1,-0.0,False,False,False,False,False,0,0,1,0,1,1,0,0,0,0,1
baseline,S_0033590,1,1,1,1,0,0,1.0,0.0,0.0,1,-0.0,False,False,False,False,False,0,0,1,0,1,1,0,0,0,0,1
baseline,S_0033604,3,3,3,2,1,0,0.6666666666666666,0.3333333333333333,0.0,2,0.5793801642856949,False,True,True,False,False,0,0,0,3,1,1,1,0,1,0,3
baseline,S_0033606,3,3,3,2,1,0,0.6666666666666666,0.3333333333333333,0.0,2,0.5793801642856949,False,True,True,False,False,0,0,0,3,1,1,1,0,1,0,3
baseline,S_0033607,3,3,3,2,1,0,0.6666666666666666,0.3333333333333333,0.0,2,0.5793801642856949,False,True,True,False,False,0,0,0,3,1,1,1,0,1,0,3
baseline,S_0033608,3,3,3,2,1,0,0.6666666666666666,0.3333333333333333,0.0,2,0.5793801642856949,False,True,True,False,False,0,0,0,3,1,1,1,0,1,0,3
baseline,S_0033649,1,1,1,1,0,0,1.0,0.0,0.0,1,-0.0,False,False,False,False,False,0,1,0,0,1,0,0,1,0,0,1
baseline,S_0033651,1,1,1,1,0,0,1.0,0.0,0.0,1,-0.0,False,False,False,False,False,0,1,0,0,1,0,0,1,0,0,1
baseline,S_0033700,1,1,1,0,1,0,0.0,1.0,0.0,1,-0.0,False,False,False,False,False,0,0,1,0,1,0,0,0,1,0,1
baseline,S_0033701,1,1,1,0,1,0,0.0,1.0,0.0,1,-0.0,False,False,False,False,False,0,0,1,0,1,0,0,0,1,0,1
baseline,S_0033709,1,1,1,1,0,0,1.0,0.0,0.0,1,-0.0,False,False,False,False,False,0,1,0,0,1,0,0,1,0,0,1
baseline,S_0033711,1,1,1,1,0,0,1.0,0.0,0.0,1,-0.0,False,False,False,False,False,0,1,0,0,1,0,0,1,0,0,1
baseline,S_0033788,2,1,2,0,1,0,0.0,1.0,0.0,1,-0.0,False,False,False,False,False,0,0,1,0,1,1,0,0,0,0,1
baseline,S_0033789,1,1,1,0,1,0,0.0,1.0,0.0,1,-0.0,False,False,False,False,False,0,0,1,0,1,1,0,0,0,0,1
baseline,S_0033792,1,1,1,0,1,0,0.0,1.0,0.0,1,-0.0,False,False,False,False,False,0,0,1,0,1,1,0,0,0,0,1
baseline,S_0033793,1,1,1,0,1,0,0.0,1.0,0.0,1,-0.0,False,False,False,False,False,0,0,1,0,1,1,0,0,0,0,1
baseline,S_0033798,1,1,1,1,0,0,1.0,0.0,0.0,1,-0.0,False,False,False,False,False,0,1,0,0,1,0,0,1,0,0,1
baseline,S_0033808,1,1,1,0,1,0,0.0,1.0,0.0,1,-0.0,False,False,False,False,False,0,0,1,0,1,0,0,0,1,0,1
baseline,S_0033830,3,3,3,2,1,0,0.6666666666666666,0.3333333333333333,0.0,2,0.5793801642856949,False,True,True,False,False,0,0,0,3,1,2,0,0,1,0,2
baseline,S_0033834,3,3,3,2,1,0,0.6666666666666666,0.3333333333333333,0.0,2,0.5793801642856949,False,True,True,False,False,0,0,0,3,1,2,0,0,1,0,2
baseline,S_0033852,1,1,1,0,1,0,0.0,1.0,0.0,1,-0.0,False,False,False,False,False,0,0,1,0,1,1,0,0,0,0,1
baseline,S_0033853,1,1,1,0,1,0,0.0,1.0,0.0,1,-0.0,False,False,False,False,False,0,0,1,0,1,1,0,0,0,0,1
baseline,S_0033855,1,1,1,0,1,0,0.0,1.0,0.0,1,-0.0,False,False,False,False,False,0,0,1,0,1,1,0,0,0,0,1
baseline,S_0033856,1,1,1,0,1,0,0.0,1.0,0.0,1,-0.0,False,False,False,False,False,0,0,1,0,1,1,0,0,0,0,1
baseline,S_0033871,1,1,1,0,1,0,0.0,1.0,0.0,1,-0.0,False,False,False,False,False,0,0,1,0,1,1,0,0,0,0,1
baseline,S_0033874,1,1,1,0,1,0,0.0,1.0,0.0,1,-0.0,False,False,False,False,False,0,0,1,0,1,1,0,0,0,0,1
baseline,S_0034040,1,1,1,0,1,0,0.0,1.0,0.0,1,-0.0,False,False,False,False,False,0,0,1,0,1,1,0,0,0,0,1
baseline,S_0034041,1,1,1,0,1,0,0.0,1.0,0.0,1,-0.0,False,False,False,False,False,0,0,1,0,1,1,0,0,0,0,1
baseline,S_0034044,1,1,1,0,1,0,0.0,1.0,0.0,1,-0.0,False,False,False,False,False,0,0,1,0,1,1,0,0,0,0,1
baseline,S_0034045,1,1,1,0,1,0,0.0,1.0,0.0,1,-0.0,False,False,False,False,False,0,0,1,0,1,1,0,0,0,0,1
baseline,S_0034049,1,1,1,0,1,0,0.0,1.0,0.0,1,-0.0,False,False,False,False,False,0,0,1,0,1,1,0,0,0,0,1
baseline,S_0034053,1,1,1,0,1,0,0.0,1.0,0.0,1,-0.0,False,False,False,False,False,0,0,0,1,1,1,0,0,0,0,1
baseline,S_0034057,1,1,1,1,0,0,1.0,0.0,0.0,1,-0.0,False,False,False,False,False,0,0,1,0,1,1,0,0,0,0,1
baseline,S_0034058,1,1,1,1,0,0,1.0,0.0,0.0,1,-0.0,False,False,False,False,False,0,0,1,0,1,1,0,0,0,0,1
baseline,S_0034102,1,1,1,0,1,0,0.0,1.0,0.0,1,-0.0,False,False,False,False,False,0,0,1,0,1,1,0,0,0,0,1
baseline,S_0034144,1,1,1,1,0,0,1.0,0.0,0.0,1,-0.0,False,False,False,False,False,0,0,1,0,1,0,1,0,0,0,1
baseline,S_0034145,2,2,1,1,1,0,0.5,0.5,0.0,2,0.6309297535714574,False,True,False,False,False,0,0,2,0,1,1,1,0,0,0,2
baseline,S_0034147,1,1,1,0,1,0,0.0,1.0,0.0,1,-0.0,False,False,False,False,False,0,0,1,0,1,1,0,0,0,0,1
baseline,S_0034148,1,1,1,0,1,0,0.0,1.0,0.0,1,-0.0,False,False,False,False,False,0,0,1,0,1,1,0,0,0,0,1
baseline,S_0034149,1,1,1,0,1,0,0.0,1.0,0.0,1,-0.0,False,False,False,False,False,0,0,1,0,1,1,0,0,0,0,1
baseline,S_0034151,1,1,1,0,1,0,0.0,1.0,0.0,1,-0.0,False,False,False,False,False,0,0,1,0,1,1,0,0,0,0,1
baseline,S_0034153,1,1,1,1,0,0,1.0,0.0,0.0,1,-0.0,False,False,False,False,False,0,0,1,0,1,0,1,0,0,0,1
baseline,S_0034154,1,1,1,1,0,0,1.0,0.0,0.0,1,-0.0,False,False,False,False,False,0,0,1,0,1,0,1,0,0,0,1
baseline,S_0034157,1,1,1,0,1,0,0.0,1.0,0.0,1,-0.0,False,False,False,False,False,0,0,1,0,1,1,0,0,0,0,1
baseline,S_0034203,1,1,1,0,1,0,0.0,1.0,0.0,1,-0.0,False,False,False,False,False,0,0,1,0,1,0,0,0,1,0,1
baseline,S_0034245,3,3,2,1,2,0,0.3333333333333333,0.6666666666666666,0.0,2,0.5793801642856949,False,True,True,False,False,0,1,2,0,2,2,0,0,0,1,2
baseline,S_0034328,1,1,1,0,1,0,0.0,1.0,0.0,1,-0.0,False,False,False,False,False,0,0,0,1,1,0,0,0,0,1,1
baseline,S_0034371,1,1,1,0,1,0,0.0,1.0,0.0,1,-0.0,False,False,False,False,False,0,1,0,0,1,1,0,0,0,0,1
baseline,S_0034424,1,1,1,1,0,0,1.0,0.0,0.0,1,-0.0,False,False,False,False,False,0,0,0,1,1,0,0,0,1,0,1
baseline,S_0034437,2,2,2,1,1,0,0.5,0.5,0.0,2,0.6309297535714574,False,True,False,False,False,0,1,1,0,2,1,0,0,0,1,2
baseline,S_0034438,6,4,6,1,3,0,0.25,0.75,0.0,2,0.5118595071429147,False,True,True,False,False,0,0,2,2,2,1,0,0,2,1,3
baseline,S_0034447,1,1,1,0,1,0,0.0,1.0,0.0,1,-0.0,False,False,False,False,False,0,0,0,1,1,0,0,0,1,0,1
baseline,S_0034459,1,1,1,0,1,0,0.0,1.0,0.0,1,-0.0,False,False,False,False,False,0,0,0,1,1,0,0,0,0,1,1
baseline,S_0034462,1,1,1,0,1,0,0.0,1.0,0.0,1,-0.0,False,False,False,False,False,0,0,0,1,1,0,0,0,0,1,1
baseline,S_0034485,2,2,2,1,1,0,0.5,0.5,0.0,2,0.6309297535714574,False,True,False,False,False,0,1,1,0,2,1,0,0,0,1,2
baseline,S_0034548,3,3,2,1,2,0,0.3333333333333333,0.6666666666666666,0.0,2,0.5793801642856949,False,True,True,False,False,0,1,2,0,2,2,0,0,0,1,2
baseline,S_0034549,3,3,2,1,2,0,0.3333333333333333,0.6666666666666666,0.0,2,0.5793801642856949,False,True,True,False,False,0,1,2,0,2,2,0,0,0,1,2
baseline,S_0034550,3,3,2,1,2,0,0.3333333333333333,0.6666666666666666,0.0,2,0.5793801642856949,False,True,True,False,False,0,1,2,0,2,2,0,0,0,1,2
baseline,S_0034613,1,1,1,1,0,0,1.0,0.0,0.0,1,-0.0,False,False,False,False,False,0,0,0,1,1,1,0,0,0,0,1
baseline,S_0034617,1,1,1,1,0,0,1.0,0.0,0.0,1,-0.0,False,False,False,False,False,0,0,0,1,1,1,0,0,0,0,1
baseline,S_0034623,1,1,1,0,1,0,0.0,1.0,0.0,1,-0.0,False,False,False,False,False,0,0,1,0,1,1,0,0,0,0,1
baseline,S_0034629,2,2,2,2,0,0,1.0,0.0,0.0,1,-0.0,False,True,False,False,False,0,0,0,2,1,0,1,0,1,0,2
baseline,S_0034630,1,1,1,0,1,0,0.0,1.0,0.0,1,-0.0,False,False,False,False,False,0,0,1,0,1,0,0,0,1,0,1
baseline,S_0034632,1,1,1,0,1,0,0.0,1.0,0.0,1,-0.0,False,False,False,False,False,0,0,1,0,1,0,0,0,1,0,1
baseline,S_0034672,3,3,2,0,3,0,0.0,1.0,0.0,1,-0.0,False,True,True,False,False,0,0,0,3,1,0,1,0,1,1,3
baseline,S_0034674,1,1,1,0,1,0,0.0,1.0,0.0,1,-0.0,False,False,False,False,False,0,0,1,0,1,0,0,1,0,0,1
baseline,S_0034676,1,1,1,0,1,0,0.0,1.0,0.0,1,-0.0,False,False,False,False,False,0,0,1,0,1,0,0,1,0,0,1
baseline,S_0034694,3,3,2,0,3,0,0.0,1.0,0.0,1,-0.0,False,True,True,False,False,0,0,0,3,1,0,1,0,1,1,3
baseline,S_0034695,3,3,2,0,3,0,0.0,1.0,0.0,1,-0.0,False,True,True,False,False,0,0,0,3,1,0,1,0,1,1,3
baseline,S_0034696,3,3,2,0,3,0,0.0,1.0,0.0,1,-0.0,False,True,True,False,False,0,0,0,3,1,0,1,0,1,1,3
baseline,S_0034703,3,3,2,0,3,0,0.0,1.0,0.0,1,-0.0,False,True,True,False,False,0,0,0,3,1,0,1,0,1,1,3
baseline,S_0034704,3,3,2,0,3,0,0.0,1.0,0.0,1,-0.0,False,True,True,False,False,0,0,0,3,1,0,1,0,1,1,3
baseline,S_0034706,3,3,2,0,3,0,0.0,1.0,0.0,1,-0.0,False,True,True,False,False,0,0,0,3,1,0,1,0,1,1,3
baseline,S_0034707,4,4,3,0,4,0,0.0,1.0,0.0,1,-0.0,False,True,True,False,False,0,0,0,4,1,0,1,0,2,1,3
baseline,S_0034708,4,4,3,0,4,0,0.0,1.0,0.0,1,-0.0,False,True,True,False,False,0,0,0,4,1,0,1,0,2,1,3
baseline,S_0034713,3,3,2,0,3,0,0.0,1.0,0.0,1,-0.0,False,True,True,False,False,0,0,0,3,1,0,1,0,1,1,3
baseline,S_0034721,1,1,1,0,1,0,0.0,1.0,0.0,1,-0.0,False,False,False,False,False,0,0,1,0,1,0,1,0,0,0,1
baseline,S_0034722,2,2,1,1,1,0,0.5,0.5,0.0,2,0.6309297535714574,False,True,False,False,False,0,0,2,0,1,0,2,0,0,0,1
baseline,S_0034723,1,1,1,1,0,0,1.0,0.0,0.0,1,-0.0,False,False,False,False,False,0,0,1,0,1,0,1,0,0,0,1
baseline,S_0034724,1,1,1,0,1,0,0.0,1.0,0.0,1,-0.0,False,False,False,False,False,0,0,1,0,1,0,1,0,0,0,1
baseline,S_0034726,1,1,1,0,1,0,0.0,1.0,0.0,1,-0.0,False,False,False,False,False,0,0,1,0,1,0,1,0,0,0,1
baseline,S_0034728,2,2,1,1,1,0,0.5,0.5,0.0,2,0.6309297535714574,False,True,False,False,False,0,0,2,0,1,0,1,0,0,1,2
baseline,S_0034729,2,2,1,1,1,0,0.5,0.5,0.0,2,0.6309297535714574,False,True,False,False,False,0,0,2,0,1,0,1,0,0,1,2
baseline,S_0034763,1,1,1,0,0,1,0.0,0.0,1.0,1,-0.0,False,False,False,False,False,0,0,0,1,1,0,0,0,0,1,1
baseline,S_0034765,1,1,1,0,0,1,0.0,0.0,1.0,1,-0.0,False,False,False,False,False,0,0,0,1,1,0,0,0,0,1,1
baseline,S_0034766,1,1,1,0,0,1,0.0,0.0,1.0,1,-0.0,False,False,False,False,False,0,0,0,1,1,0,0,0,0,1,1
baseline,S_0034852,1,1,1,0,1,0,0.0,1.0,0.0,1,-0.0,False,False,False,False,False,0,0,1,0,1,0,0,0,0,1,1
baseline,S_0034853,1,1,1,1,0,0,1.0,0.0,0.0,1,-0.0,False,False,False,False,False,0,0,0,1,1,1,0,0,0,0,1
baseline,S_0034854,2,2,2,1,1,0,0.5,0.5,0.0,2,0.6309297535714574,False,True,False,False,False,0,0,1,1,2,1,0,0,0,1,2
baseline,S_0034855,1,1,1,1,0,0,1.0,0.0,0.0,1,-0.0,False,False,False,False,False,0,0,0,1,1,1,0,0,0,0,1
baseline,S_0034856,1,1,1,1,0,0,1.0,0.0,0.0,1,-0.0,False,False,False,False,False,0,0,0,1,1,1,0,0,0,0,1
baseline,S_0034906,2,2,2,0,1,1,0.0,0.5,0.5,2,0.6309297535714574,False,True,False,False,False,0,0,1,1,2,0,0,0,0,2,1
baseline,S_0034908,2,2,2,0,1,1,0.0,0.5,0.5,2,0.6309297535714574,False,True,False,False,False,0,0,1,1,2,0,0,0,0,2,1
baseline,S_0034918,1,1,1,1,0,0,1.0,0.0,0.0,1,-0.0,False,False,False,False,False,0,0,1,0,1,0,1,0,0,0,1
baseline,S_0034920,1,1,1,0,1,0,0.0,1.0,0.0,1,-0.0,False,False,False,False,False,0,0,1,0,1,0,0,1,0,0,1
baseline,S_0034921,2,2,1,0,2,0,0.0,1.0,0.0,1,-0.0,False,True,False,False,False,0,0,2,0,1,0,1,1,0,0,2
baseline,S_0034922,1,1,1,0,1,0,0.0,1.0,0.0,1,-0.0,False,False,False,False,False,0,0,1,0,1,0,0,1,0,0,1
baseline,S_0034931,1,1,1,0,1,0,0.0,1.0,0.0,1,-0.0,False,False,False,False,False,0,0,1,0,1,1,0,0,0,0,1
baseline,S_0034932,1,1,1,0,1,0,0.0,1.0,0.0,1,-0.0,False,False,False,False,False,0,0,1,0,1,1,0,0,0,0,1
baseline,S_0034934,1,1,1,0,1,0,0.0,1.0,0.0,1,-0.0,False,False,False,False,False,0,0,1,0,1,1,0,0,0,0,1
baseline,S_0034935,1,1,1,0,1,0,0.0,1.0,0.0,1,-0.0,False,False,False,False,False,0,0,1,0,1,1,0,0,0,0,1
baseline,S_0034954,1,1,1,1,0,0,1.0,0.0,0.0,1,-0.0,False,False,False,False,False,0,0,1,0,1,0,1,0,0,0,1
baseline,S_0034963,1,1,1,1,0,0,1.0,0.0,0.0,1,-0.0,False,False,False,False,False,0,0,1,0,1,0,1,0,0,0,1
baseline,S_0034964,1,1,1,1,0,0,1.0,0.0,0.0,1,-0.0,False,False,False,False,False,0,0,1,0,1,0,1,0,0,0,1
baseline,S_0034990,1,1,1,0,1,0,0.0,1.0,0.0,1,-0.0,False,False,False,False,False,0,1,0,0,1,0,0,1,0,0,1
baseline,S_0035020,1,1,1,0,1,0,0.0,1.0,0.0,1,-0.0,False,False,False,False,False,0,0,1,0,1,1,0,0,0,0,1
baseline,S_0035021,1,1,1,0,1,0,0.0,1.0,0.0,1,-0.0,False,False,False,False,False,0,0,1,0,1,1,0,0,0,0,1
baseline,S_0035025,1,1,1,0,1,0,0.0,1.0,0.0,1,-0.0,False,False,False,False,False,0,0,1,0,1,1,0,0,0,0,1
baseline,S_0035026,1,1,1,0,1,0,0.0,1.0,0.0,1,-0.0,False,False,False,False,False,0,0,1,0,1,1,0,0,0,0,1
baseline,S_0035061,1,1,1,0,1,0,0.0,1.0,0.0,1,-0.0,False,False,False,False,False,0,0,0,1,1,1,0,0,0,0,1
baseline,S_0035065,1,1,1,0,1,0,0.0,1.0,0.0,1,-0.0,False,False,False,False,False,0,0,0,1,1,1,0,0,0,0,1
baseline,S_0035094,1,1,1,0,1,0,0.0,1.0,0.0,1,-0.0,False,False,False,False,False,0,0,1,0,1,1,0,0,0,0,1
baseline,S_0035096,1,1,1,0,1,0,0.0,1.0,0.0,1,-0.0,False,False,False,False,False,0,0,1,0,1,1,0,0,0,0,1
baseline,S_0035097,1,1,1,0,1,0,0.0,1.0,0.0,1,-0.0,False,False,False,False,False,0,0,1,0,1,1,0,0,0,0,1
baseline,S_0035100,2,2,1,0,0,2,0.0,0.0,1.0,1,-0.0,False,True,False,False,False,0,0,2,0,1,0,0,0,2,0,1
baseline,S_0035101,1,1,1,1,0,0,1.0,0.0,0.0,1,-0.0,False,False,False,False,False,0,1,0,0,1,0,0,1,0,0,1
baseline,S_0035102,1,1,1,1,0,0,1.0,0.0,0.0,1,-0.0,False,False,False,False,False,0,1,0,0,1,0,0,1,0,0,1
baseline,S_0035178,1,1,1,0,1,0,0.0,1.0,0.0,1,-0.0,False,False,False,False,False,0,1,0,0,1,1,0,0,0,0,1
baseline,S_0035187,1,1,1,0,1,0,0.0,1.0,0.0,1,-0.0,False,False,False,False,False,0,0,0,1,1,0,1,0,0,0,1
baseline,S_0035193,1,1,1,0,1,0,0.0,1.0,0.0,1,-0.0,False,False,False,False,False,0,0,0,1,1,0,1,0,0,0,1
baseline,S_0035194,1,1,1,0,1,0,0.0,1.0,0.0,1,-0.0,False,False,False,False,False,0,0,0,1,1,0,1,0,0,0,1
baseline,S_0035195,1,1,1,0,1,0,0.0,1.0,0.0,1,-0.0,False,False,False,False,False,0,0,0,1,1,0,1,0,0,0,1
baseline,S_0035196,1,1,1,0,1,0,0.0,1.0,0.0,1,-0.0,False,False,False,False,False,0,1,0,0,1,1,0,0,0,0,1
baseline,S_0035198,1,1,1,0,1,0,0.0,1.0,0.0,1,-0.0,False,False,False,False,False,0,1,0,0,1,1,0,0,0,0,1
baseline,S_0035199,1,1,1,0,1,0,0.0,1.0,0.0,1,-0.0,False,False,False,False,False,0,0,0,1,1,0,1,0,0,0,1
baseline,S_0035204,1,1,1,1,0,0,1.0,0.0,0.0,1,-0.0,False,False,False,False,False,0,0,1,0,1,0,1,0,0,0,1
baseline,S_0035205,1,1,1,1,0,0,1.0,0.0,0.0,1,-0.0,False,False,False,False,False,0,0,1,0,1,0,1,0,0,0,1
baseline,S_0035217,1,1,1,0,1,0,0.0,1.0,0.0,1,-0.0,False,False,False,False,False,0,0,0,1,1,0,0,0,1,0,1
baseline,S_0035225,1,1,1,0,1,0,0.0,1.0,0.0,1,-0.0,False,False,False,False,False,0,0,0,1,1,0,0,0,1,0,1
baseline,S_0035227,1,1,1,0,1,0,0.0,1.0,0.0,1,-0.0,False,False,False,False,False,0,0,0,1,1,0,0,0,1,0,1
baseline,S_0035230,1,1,1,1,0,0,1.0,0.0,0.0,1,-0.0,False,False,False,False,False,0,0,1,0,1,0,1,0,0,0,1
baseline,S_0035252,1,1,1,0,1,0,0.0,1.0,0.0,1,-0.0,False,False,False,False,False,0,0,0,1,1,0,0,0,1,0,1
baseline,S_0035304,1,1,1,0,0,1,0.0,0.0,1.0,1,-0.0,False,False,False,False,False,0,0,0,1,1,0,0,0,0,1,1
baseline,S_0035324,1,1,1,0,0,1,0.0,0.0,1.0,1,-0.0,False,False,False,False,False,0,0,0,1,1,0,0,0,0,1,1
baseline,S_0035326,1,1,1,0,0,1,0.0,0.0,1.0,1,-0.0,False,False,False,False,False,0,0,0,1,1,0,0,0,0,1,1
baseline,S_0035393,1,1,1,0,1,0,0.0,1.0,0.0,1,-0.0,False,False,False,False,False,0,1,0,0,1,0,0,0,1,0,1
baseline,S_0035394,1,1,1,0,1,0,0.0,1.0,0.0,1,-0.0,False,False,False,False,False,0,1,0,0,1,0,0,0,1,0,1
baseline,S_0035409,1,1,1,1,0,0,1.0,0.0,0.0,1,-0.0,False,False,False,False,False,0,0,0,1,1,0,0,0,0,1,1
baseline,S_0035410,1,1,1,1,0,0,1.0,0.0,0.0,1,-0.0,False,False,False,False,False,0,0,0,1,1,0,0,0,0,1,1
baseline,S_0035412,4,4,4,1,2,1,0.25,0.5,0.25,3,0.946394630357186,False,True,True,False,False,0,0,0,4,1,2,1,0,0,1,3
baseline,S_0035413,4,4,4,1,2,1,0.25,0.5,0.25,3,0.946394630357186,False,True,True,False,False,0,0,0,4,1,2,1,0,0,1,3
baseline,S_0035420,1,1,1,1,0,0,1.0,0.0,0.0,1,-0.0,False,False,False,False,False,0,0,0,1,1,0,0,0,0,1,1
baseline,S_0035423,4,4,4,1,2,1,0.25,0.5,0.25,3,0.946394630357186,False,True,True,False,False,0,0,0,4,1,2,1,0,0,1,3
baseline,S_0035430,1,1,1,1,0,0,1.0,0.0,0.0,1,-0.0,False,False,False,False,False,0,0,0,1,1,0,0,0,0,1,1
baseline,S_0035432,1,1,1,0,1,0,0.0,1.0,0.0,1,-0.0,False,False,False,False,False,0,0,0,1,1,1,0,0,0,0,1
baseline,S_0035433,5,4,5,1,2,1,0.25,0.5,0.25,3,0.946394630357186,False,True,True,False,False,0,0,0,4,1,2,1,0,0,1,3
baseline,S_0035435,1,1,1,0,1,0,0.0,1.0,0.0,1,-0.0,False,False,False,False,False,0,0,0,1,1,1,0,0,0,0,1
baseline,S_0035438,1,1,1,0,1,0,0.0,1.0,0.0,1,-0.0,False,False,False,False,False,0,0,1,0,1,0,1,0,0,0,1
baseline,S_0035439,1,1,1,1,0,0,1.0,0.0,0.0,1,-0.0,False,False,False,False,False,0,0,0,1,1,0,0,0,0,1,1
baseline,S_0035440,1,1,1,0,1,0,0.0,1.0,0.0,1,-0.0,False,False,False,False,False,0,0,1,0,1,0,1,0,0,0,1
baseline,S_0035441,1,1,1,0,1,0,0.0,1.0,0.0,1,-0.0,False,False,False,False,False,0,0,1,0,1,0,1,0,0,0,1
baseline,S_0035442,2,2,2,0,1,1,0.0,0.5,0.5,2,0.6309297535714574,False,True,False,False,False,0,0,0,2,1,0,1,0,0,1,2
baseline,S_0035443,1,1,1,0,1,0,0.0,1.0,0.0,1,-0.0,False,False,False,False,False,0,0,1,0,1,0,1,0,0,0,1
baseline,S_0035444,1,1,1,1,0,0,1.0,0.0,0.0,1,-0.0,False,False,False,False,False,0,0,0,1,1,1,0,0,0,0,1
baseline,S_0035445,1,1,1,1,0,0,1.0,0.0,0.0,1,-0.0,False,False,False,False,False,0,0,0,1,1,1,0,0,0,0,1
baseline,S_0035446,1,1,1,0,1,0,0.0,1.0,0.0,1,-0.0,False,False,False,False,False,0,0,1,0,1,0,1,0,0,0,1
baseline,S_0035459,1,1,1,1,0,0,1.0,0.0,0.0,1,-0.0,False,False,False,False,False,0,0,0,1,1,1,0,0,0,0,1
baseline,S_0035461,1,1,1,0,0,1,0.0,0.0,1.0,1,-0.0,False,False,False,False,False,0,0,0,1,1,0,0,0,0,1,1
baseline,S_0035489,1,1,1,0,1,0,0.0,1.0,0.0,1,-0.0,False,False,False,False,False,0,0,0,1,1,1,0,0,0,0,1
baseline,S_0035490,1,1,1,0,1,0,0.0,1.0,0.0,1,-0.0,False,False,False,False,False,0,0,0,1,1,1,0,0,0,0,1
baseline,S_0035492,1,1,1,0,1,0,0.0,1.0,0.0,1,-0.0,False,False,False,False,False,0,0,0,1,1,1,0,0,0,0,1
baseline,S_0035493,1,1,1,1,0,0,1.0,0.0,0.0,1,-0.0,False,False,False,False,False,0,0,0,1,1,1,0,0,0,0,1
baseline,S_0035494,1,1,1,0,1,0,0.0,1.0,0.0,1,-0.0,False,False,False,False,False,0,0,0,1,1,1,0,0,0,0,1
baseline,S_0035495,1,1,1,0,0,1,0.0,0.0,1.0,1,-0.0,False,False,False,False,False,0,0,0,1,1,0,0,0,0,1,1
baseline,S_0035496,1,1,1,0,0,1,0.0,0.0,1.0,1,-0.0,False,False,False,False,False,0,0,0,1,1,0,0,0,0,1,1
baseline,S_0035497,1,1,1,0,1,0,0.0,1.0,0.0,1,-0.0,False,False,False,False,False,0,0,0,1,1,1,0,0,0,0,1
baseline,S_0035498,2,1,2,1,0,0,1.0,0.0,0.0,1,-0.0,False,False,False,False,False,0,0,0,1,1,0,0,0,0,1,1
baseline,S_0035499,2,1,2,0,1,0,0.0,1.0,0.0,1,-0.0,False,False,False,False,False,0,0,0,1,1,1,0,0,0,0,1
baseline,S_0035500,3,2,3,1,1,0,0.5,0.5,0.0,2,0.6309297535714574,False,True,False,False,False,0,0,0,2,1,0,1,0,0,1,2
baseline,S_0035501,1,1,1,0,1,0,0.0,1.0,0.0,1,-0.0,False,False,False,False,False,0,0,0,1,1,1,0,0,0,0,1
baseline,S_0035502,1,1,1,0,1,0,0.0,1.0,0.0,1,-0.0,False,False,False,False,False,0,0,0,1,1,1,0,0,0,0,1
baseline,S_0035504,2,1,2,0,1,0,0.0,1.0,0.0,1,-0.0,False,False,False,False,False,0,0,0,1,1,1,0,0,0,0,1
baseline,S_0035513,3,3,3,1,1,1,0.3333333333333333,0.3333333333333333,0.3333333333333333,3,0.9999999999999998,False,True,True,False,False,0,0,0,3,1,1,1,0,0,1,3
baseline,S_0035515,4,4,4,1,2,1,0.25,0.5,0.25,3,0.946394630357186,False,True,True,False,False,0,0,0,4,1,2,1,0,0,1,3
baseline,S_0035516,1,1,1,1,0,0,1.0,0.0,0.0,1,-0.0,False,False,False,False,False,0,0,0,1,1,0,0,0,0,1,1
baseline,S_0035526,3,3,3,2,1,0,0.6666666666666666,0.3333333333333333,0.0,2,0.5793801642856949,False,True,True,False,False,0,0,0,3,1,2,0,0,1,0,2
baseline,S_0035527,7,4,7,3,1,0,0.75,0.25,0.0,2,0.5118595071429147,False,True,True,False,False,0,0,0,4,1,2,1,0,1,0,3
baseline,S_0035530,7,4,7,3,1,0,0.75,0.25,0.0,2,0.5118595071429147,False,True,True,False,False,0,0,0,4,1,2,1,0,1,0,3
baseline,S_0035533,3,3,3,2,1,0,0.6666666666666666,0.3333333333333333,0.0,2,0.5793801642856949,False,True,True,False,False,0,0,0,3,1,2,0,0,1,0,2
baseline,S_0035535,3,3,3,2,1,0,0.6666666666666666,0.3333333333333333,0.0,2,0.5793801642856949,False,True,True,False,False,0,0,0,3,1,2,0,0,1,0,2
baseline,S_0035537,3,3,3,2,1,0,0.6666666666666666,0.3333333333333333,0.0,2,0.5793801642856949,False,True,True,False,False,0,0,0,3,1,2,0,0,1,0,2
baseline,S_0035601,1,1,1,0,1,0,0.0,1.0,0.0,1,-0.0,False,False,False,False,False,0,0,1,0,1,0,1,0,0,0,1
baseline,S_0035663,1,1,1,1,0,0,1.0,0.0,0.0,1,-0.0,False,False,False,False,False,0,0,1,0,1,1,0,0,0,0,1
baseline,S_0035671,1,1,1,1,0,0,1.0,0.0,0.0,1,-0.0,False,False,False,False,False,0,0,1,0,1,0,1,0,0,0,1
baseline,S_0035742,1,1,1,1,0,0,1.0,0.0,0.0,1,-0.0,False,False,False,False,False,0,0,1,0,1,0,0,0,0,1,1
baseline,S_0035743,1,1,1,1,0,0,1.0,0.0,0.0,1,-0.0,False,False,False,False,False,0,0,1,0,1,0,0,0,0,1,1
baseline,S_0035750,1,1,1,1,0,0,1.0,0.0,0.0,1,-0.0,False,False,False,False,False,0,0,1,0,1,0,0,0,0,1,1
baseline,S_0035774,1,1,1,0,1,0,0.0,1.0,0.0,1,-0.0,False,False,False,False,False,0,0,1,0,1,0,0,0,1,0,1
baseline,S_0035775,1,1,1,0,1,0,0.0,1.0,0.0,1,-0.0,False,False,False,False,False,0,0,1,0,1,0,0,0,1,0,1
baseline,S_0035811,1,1,1,0,1,0,0.0,1.0,0.0,1,-0.0,False,False,False,False,False,0,0,1,0,1,1,0,0,0,0,1
baseline,S_0035887,4,2,4,1,1,0,0.5,0.5,0.0,2,0.6309297535714574,False,True,False,False,False,0,0,0,2,1,0,1,0,0,1,2
baseline,S_0035888,2,2,1,0,2,0,0.0,1.0,0.0,1,-0.0,False,True,False,False,False,0,0,2,0,1,0,2,0,0,0,1
baseline,S_0035891,1,1,1,0,1,0,0.0,1.0,0.0,1,-0.0,False,False,False,False,False,0,0,1,0,1,0,1,0,0,0,1
baseline,S_0035893,1,1,1,0,1,0,0.0,1.0,0.0,1,-0.0,False,False,False,False,False,0,0,0,1,1,0,0,0,0,1,1
baseline,S_0035966,1,1,1,0,1,0,0.0,1.0,0.0,1,-0.0,False,False,False,False,False,0,0,0,1,1,1,0,0,0,0,1
baseline,S_0035967,1,1,1,0,1,0,0.0,1.0,0.0,1,-0.0,False,False,False,False,False,0,0,0,1,1,1,0,0,0,0,1
baseline,S_0035968,1,1,1,0,1,0,0.0,1.0,0.0,1,-0.0,False,False,False,False,False,0,0,0,1,1,1,0,0,0,0,1
baseline,S_0036003,1,1,1,0,1,0,0.0,1.0,0.0,1,-0.0,False,False,False,False,False,0,0,1,0,1,0,0,1,0,0,1
baseline,S_0036006,1,1,1,0,1,0,0.0,1.0,0.0,1,-0.0,False,False,False,False,False,0,0,1,0,1,1,0,0,0,0,1
baseline,S_0036007,1,1,1,0,1,0,0.0,1.0,0.0,1,-0.0,False,False,False,False,False,0,0,1,0,1,1,0,0,0,0,1
baseline,S_0036008,1,1,1,0,1,0,0.0,1.0,0.0,1,-0.0,False,False,False,False,False,0,0,1,0,1,1,0,0,0,0,1
baseline,S_0036009,1,1,1,0,1,0,0.0,1.0,0.0,1,-0.0,False,False,False,False,False,0,0,0,1,1,0,1,0,0,0,1
baseline,S_0036017,1,1,1,0,1,0,0.0,1.0,0.0,1,-0.0,False,False,False,False,False,0,0,0,1,1,0,1,0,0,0,1
baseline,S_0036019,1,1,1,0,1,0,0.0,1.0,0.0,1,-0.0,False,False,False,False,False,0,0,0,1,1,0,1,0,0,0,1
baseline,S_0036021,1,1,1,0,1,0,0.0,1.0,0.0,1,-0.0,False,False,False,False,False,0,0,1,0,1,1,0,0,0,0,1
baseline,S_0036025,1,1,1,1,0,0,1.0,0.0,0.0,1,-0.0,False,False,False,False,False,0,0,1,0,1,0,0,0,0,1,1
baseline,S_0036026,1,1,1,1,0,0,1.0,0.0,0.0,1,-0.0,False,False,False,False,False,0,0,1,0,1,0,0,0,0,1,1
baseline,S_0036027,2,2,2,1,1,0,0.5,0.5,0.0,2,0.6309297535714574,False,True,False,False,False,0,1,1,0,2,1,0,0,0,1,2
baseline,S_0036033,2,2,2,1,1,0,0.5,0.5,0.0,2,0.6309297535714574,False,True,False,False,False,0,1,1,0,2,1,0,0,0,1,2
baseline,S_0036042,1,1,1,1,0,0,1.0,0.0,0.0,1,-0.0,False,False,False,False,False,0,0,1,0,1,0,0,0,0,1,1
baseline,S_0036045,2,2,1,1,1,0,0.5,0.5,0.0,2,0.6309297535714574,False,True,False,False,False,0,0,2,0,1,1,0,0,0,1,2
baseline,S_0036058,1,1,1,0,1,0,0.0,1.0,0.0,1,-0.0,False,False,False,False,False,0,1,0,0,1,1,0,0,0,0,1
baseline,S_0036062,5,3,5,1,2,0,0.3333333333333333,0.6666666666666666,0.0,2,0.5793801642856949,False,True,True,False,False,0,0,1,2,2,1,0,0,1,1,3
baseline,S_0036063,6,4,6,1,3,0,0.25,0.75,0.0,2,0.5118595071429147,False,True,True,False,False,0,0,2,2,2,1,0,0,2,1,3
baseline,S_0036064,1,1,1,0,1,0,0.0,1.0,0.0,1,-0.0,False,False,False,False,False,0,0,0,1,1,0,0,0,1,0,1
baseline,S_0036066,1,1,1,0,1,0,0.0,1.0,0.0,1,-0.0,False,False,False,False,False,0,0,0,1,1,0,0,0,1,0,1
baseline,S_0036067,2,2,2,0,2,0,0.0,1.0,0.0,1,-0.0,False,True,False,False,False,0,0,0,2,1,0,0,0,1,1,2
baseline,S_0036068,1,1,1,0,1,0,0.0,1.0,0.0,1,-0.0,False,False,False,False,False,0,0,0,1,1,0,0,0,0,1,1
baseline,S_0036069,4,2,4,1,1,0,0.5,0.5,0.0,2,0.6309297535714574,False,True,False,False,False,0,0,0,2,1,1,0,0,0,1,2
baseline,S_0036073,1,1,1,0,1,0,0.0,1.0,0.0,1,-0.0,False,False,False,False,False,0,0,0,1,1,0,0,0,0,1,1
baseline,S_0036074,2,2,2,0,2,0,0.0,1.0,0.0,1,-0.0,False,True,False,False,False,0,0,2,0,1,0,0,0,2,0,1
baseline,S_0036075,7,4,7,1,3,0,0.25,0.75,0.0,2,0.5118595071429147,False,True,True,False,False,0,0,2,2,2,1,0,0,2,1,3
baseline,S_0036077,6,2,6,1,1,0,0.5,0.5,0.0,2,0.6309297535714574,False,True,False,False,False,0,0,0,2,1,1,0,0,0,1,2
baseline,S_0036084,2,2,2,0,2,0,0.0,1.0,0.0,1,-0.0,False,True,False,False,False,0,0,2,0,1,0,0,0,2,0,1
baseline,S_0036087,1,1,1,0,1,0,0.0,1.0,0.0,1,-0.0,False,False,False,False,False,0,0,1,0,1,0,0,0,0,1,1
baseline,S_0036098,1,1,1,0,1,0,0.0,1.0,0.0,1,-0.0,False,False,False,False,False,0,0,1,0,1,0,0,0,1,0,1
baseline,S_0036099,1,1,1,0,1,0,0.0,1.0,0.0,1,-0.0,False,False,False,False,False,0,0,1,0,1,0,0,0,1,0,1
baseline,S_0036148,2,2,1,0,2,0,0.0,1.0,0.0,1,-0.0,False,True,False,False,False,0,0,2,0,1,0,1,1,0,0,2
baseline,S_0036149,2,2,1,0,2,0,0.0,1.0,0.0,1,-0.0,False,True,False,False,False,0,0,2,0,1,0,1,1,0,0,2
baseline,S_0036155,1,1,1,0,0,1,0.0,0.0,1.0,1,-0.0,False,False,False,False,False,0,0,1,0,1,1,0,0,0,0,1
baseline,S_0036156,1,1,1,0,0,1,0.0,0.0,1.0,1,-0.0,False,False,False,False,False,0,0,1,0,1,1,0,0,0,0,1
baseline,S_0036165,2,2,1,0,2,0,0.0,1.0,0.0,1,-0.0,False,True,False,False,False,0,0,2,0,1,0,1,1,0,0,2
baseline,S_0036166,2,2,1,0,2,0,0.0,1.0,0.0,1,-0.0,False,True,False,False,False,0,0,2,0,1,0,1,1,0,0,2
baseline,S_0036170,1,1,1,0,1,0,0.0,1.0,0.0,1,-0.0,False,False,False,False,False,0,0,1,0,1,0,0,0,1,0,1
baseline,S_0036172,1,1,1,0,1,0,0.0,1.0,0.0,1,-0.0,False,False,False,False,False,0,0,1,0,1,0,0,0,1,0,1
baseline,S_0036174,1,1,1,0,1,0,0.0,1.0,0.0,1,-0.0,False,False,False,False,False,0,0,1,0,1,0,0,0,1,0,1
baseline,S_0036176,1,1,1,0,1,0,0.0,1.0,0.0,1,-0.0,False,False,False,False,False,0,0,1,0,1,0,0,0,1,0,1
baseline,S_0036178,2,2,2,2,0,0,1.0,0.0,0.0,1,-0.0,False,True,False,False,False,0,0,0,2,1,0,1,0,1,0,2
baseline,S_0036207,3,3,2,0,3,0,0.0,1.0,0.0,1,-0.0,False,True,True,False,False,0,1,2,0,2,2,0,0,0,1,2
baseline,S_0036208,3,3,2,0,3,0,0.0,1.0,0.0,1,-0.0,False,True,True,False,False,0,1,2,0,2,2,0,0,0,1,2
baseline,S_0036209,3,3,2,0,3,0,0.0,1.0,0.0,1,-0.0,False,True,True,False,False,0,1,2,0,2,2,0,0,0,1,2
baseline,S_0036210,3,3,2,0,3,0,0.0,1.0,0.0,1,-0.0,False,True,True,False,False,0,1,2,0,2,2,0,0,0,1,2
baseline,S_0036211,3,3,2,0,3,0,0.0,1.0,0.0,1,-0.0,False,True,True,False,False,0,1,2,0,2,2,0,0,0,1,2
baseline,S_0036212,3,3,2,0,3,0,0.0,1.0,0.0,1,-0.0,False,True,True,False,False,0,1,2,0,2,2,0,0,0,1,2
baseline,S_0036214,3,3,2,0,3,0,0.0,1.0,0.0,1,-0.0,False,True,True,False,False,0,1,2,0,2,2,0,0,0,1,2
baseline,S_0036215,3,3,2,0,3,0,0.0,1.0,0.0,1,-0.0,False,True,True,False,False,0,1,2,0,2,2,0,0,0,1,2
baseline,S_0036217,3,3,2,0,3,0,0.0,1.0,0.0,1,-0.0,False,True,True,False,False,0,1,2,0,2,2,0,0,0,1,2
baseline,S_0036218,3,3,2,0,3,0,0.0,1.0,0.0,1,-0.0,False,True,True,False,False,0,1,2,0,2,2,0,0,0,1,2
baseline,S_0036219,3,3,2,0,3,0,0.0,1.0,0.0,1,-0.0,False,True,True,False,False,0,1,2,0,2,2,0,0,0,1,2
baseline,S_0036220,2,2,2,0,2,0,0.0,1.0,0.0,1,-0.0,False,True,False,False,False,0,1,1,0,2,1,0,0,0,1,2
baseline,S_0036235,1,1,1,0,1,0,0.0,1.0,0.0,1,-0.0,False,False,False,False,False,0,0,1,0,1,0,0,0,1,0,1
baseline,S_0036236,1,1,1,0,1,0,0.0,1.0,0.0,1,-0.0,False,False,False,False,False,0,0,1,0,1,0,0,0,1,0,1
baseline,S_0036244,1,1,1,0,1,0,0.0,1.0,0.0,1,-0.0,False,False,False,False,False,0,0,1,0,1,0,0,0,1,0,1
baseline,S_0036274,1,1,1,0,1,0,0.0,1.0,0.0,1,-0.0,False,False,False,False,False,0,0,1,0,1,1,0,0,0,0,1
baseline,S_0036276,1,1,1,0,1,0,0.0,1.0,0.0,1,-0.0,False,False,False,False,False,0,0,1,0,1,1,0,0,0,0,1
baseline,S_0036293,2,2,2,1,1,0,0.5,0.5,0.0,2,0.6309297535714574,False,True,False,False,False,0,0,1,1,2,1,0,0,0,1,2
baseline,S_0036294,1,1,1,1,0,0,1.0,0.0,0.0,1,-0.0,False,False,False,False,False,0,0,0,1,1,0,0,0,0,1,1
baseline,S_0036305,1,1,1,1,0,0,1.0,0.0,0.0,1,-0.0,False,False,False,False,False,0,0,0,1,1,0,0,0,0,1,1
baseline,S_0036306,1,1,1,0,1,0,0.0,1.0,0.0,1,-0.0,False,False,False,False,False,0,0,1,0,1,1,0,0,0,0,1
baseline,S_0036307,1,1,1,0,1,0,0.0,1.0,0.0,1,-0.0,False,False,False,False,False,0,0,1,0,1,1,0,0,0,0,1
baseline,S_0036309,7,6,5,0,6,0,0.0,1.0,0.0,1,-0.0,True,True,True,True,False,0,0,2,4,2,1,2,0,2,1,4
baseline,S_0036310,1,1,1,0,1,0,0.0,1.0,0.0,1,-0.0,False,False,False,False,False,0,0,1,0,1,1,0,0,0,0,1
baseline,S_0036311,9,5,7,0,5,0,0.0,1.0,0.0,1,-0.0,True,True,True,True,False,0,0,1,4,2,0,2,0,2,1,3
baseline,S_0036314,1,1,1,0,1,0,0.0,1.0,0.0,1,-0.0,False,False,False,False,False,0,0,1,0,1,1,0,0,0,0,1
baseline,S_0036321,5,5,4,0,5,0,0.0,1.0,0.0,1,-0.0,True,True,True,True,False,0,0,1,4,2,0,2,0,2,1,3
baseline,S_0036322,5,5,4,0,5,0,0.0,1.0,0.0,1,-0.0,True,True,True,True,False,0,0,1,4,2,0,2,0,2,1,3
baseline,S_0036323,1,1,1,0,1,0,0.0,1.0,0.0,1,-0.0,False,False,False,False,False,0,0,1,0,1,0,1,0,0,0,1
baseline,S_0036324,1,1,1,0,1,0,0.0,1.0,0.0,1,-0.0,False,False,False,False,False,0,0,1,0,1,1,0,0,0,0,1
baseline,S_0036325,1,1,1,0,1,0,0.0,1.0,0.0,1,-0.0,False,False,False,False,False,0,0,1,0,1,0,1,0,0,0,1
baseline,S_0036326,3,3,2,0,3,0,0.0,1.0,0.0,1,-0.0,False,True,True,False,False,0,0,0,3,1,0,1,0,1,1,3
baseline,S_0036329,5,5,4,0,5,0,0.0,1.0,0.0,1,-0.0,True,True,True,True,False,0,0,1,4,2,0,2,0,2,1,3
baseline,S_0036331,5,5,4,0,5,0,0.0,1.0,0.0,1,-0.0,True,True,True,True,False,0,0,1,4,2,0,2,0,2,1,3
baseline,S_0036332,1,1,1,0,1,0,0.0,1.0,0.0,1,-0.0,False,False,False,False,False,0,0,1,0,1,0,1,0,0,0,1
baseline,S_0036352,1,1,1,0,1,0,0.0,1.0,0.0,1,-0.0,False,False,False,False,False,0,0,1,0,1,0,1,0,0,0,1
baseline,S_0036354,2,2,2,0,1,1,0.0,0.5,0.5,2,0.6309297535714574,False,True,False,False,False,0,0,2,0,1,0,1,0,1,0,2
baseline,S_0036356,2,2,2,0,1,1,0.0,0.5,0.5,2,0.6309297535714574,False,True,False,False,False,0,0,2,0,1,0,1,0,1,0,2
baseline,S_0036358,2,2,2,0,1,1,0.0,0.5,0.5,2,0.6309297535714574,False,True,False,False,False,0,0,2,0,1,0,1,0,1,0,2
baseline,S_0036361,1,1,1,0,0,1,0.0,0.0,1.0,1,-0.0,False,False,False,False,False,0,0,0,1,1,0,0,0,0,1,1
baseline,S_0036362,1,1,1,0,0,1,0.0,0.0,1.0,1,-0.0,False,False,False,False,False,0,0,0,1,1,0,0,0,0,1,1
baseline,S_0036414,2,2,1,0,2,0,0.0,1.0,0.0,1,-0.0,False,True,False,False,False,0,0,2,0,1,0,0,1,1,0,2
baseline,S_0036415,2,2,1,0,2,0,0.0,1.0,0.0,1,-0.0,False,True,False,False,False,0,0,2,0,1,0,0,1,1,0,2
baseline,S_0036425,1,1,1,0,1,0,0.0,1.0,0.0,1,-0.0,False,False,False,False,False,0,0,1,0,1,0,0,1,0,0,1
baseline,S_0036426,1,1,1,0,1,0,0.0,1.0,0.0,1,-0.0,False,False,False,False,False,0,0,1,0,1,0,0,1,0,0,1
baseline,S_0036457,1,1,1,0,0,1,0.0,0.0,1.0,1,-0.0,False,False,False,False,False,0,0,1,0,1,0,0,0,1,0,1
baseline,S_0036460,1,1,1,0,0,1,0.0,0.0,1.0,1,-0.0,False,False,False,False,False,0,0,1,0,1,0,0,0,1,0,1
baseline,S_0036464,1,1,1,0,1,0,0.0,1.0,0.0,1,-0.0,False,False,False,False,False,0,0,1,0,1,1,0,0,0,0,1
baseline,S_0036511,1,1,1,0,1,0,0.0,1.0,0.0,1,-0.0,False,False,False,False,False,0,0,1,0,1,0,0,0,1,0,1
baseline,S_0036579,1,1,1,1,0,0,1.0,0.0,0.0,1,-0.0,False,False,False,False,False,0,0,0,1,1,1,0,0,0,0,1
baseline,S_0036602,2,2,2,2,0,0,1.0,0.0,0.0,1,-0.0,False,True,False,False,False,0,0,0,2,1,1,0,0,1,0,2
baseline,S_0036682,1,1,1,0,1,0,0.0,1.0,0.0,1,-0.0,False,False,False,False,False,0,0,0,1,1,1,0,0,0,0,1
baseline,S_0036687,1,1,1,1,0,0,1.0,0.0,0.0,1,-0.0,False,False,False,False,False,0,0,0,1,1,1,0,0,0,0,1
baseline,S_0036701,2,1,2,1,0,0,1.0,0.0,0.0,1,-0.0,False,False,False,False,False,0,0,0,1,1,1,0,0,0,0,1
baseline,S_0036702,1,1,1,0,1,0,0.0,1.0,0.0,1,-0.0,False,False,False,False,False,0,1,0,0,1,0,0,0,1,0,1
baseline,S_0036784,2,2,1,0,2,0,0.0,1.0,0.0,1,-0.0,False,True,False,False,False,0,0,2,0,1,0,1,0,1,0,2
baseline,S_0036806,2,2,1,1,1,0,0.5,0.5,0.0,2,0.6309297535714574,False,True,False,False,False,0,0,2,0,1,1,0,1,0,0,2
baseline,S_0036815,2,2,2,2,0,0,1.0,0.0,0.0,1,-0.0,False,True,False,False,False,0,0,0,2,1,0,1,0,1,0,2
baseline,S_0036816,2,2,2,2,0,0,1.0,0.0,0.0,1,-0.0,False,True,False,False,False,0,0,0,2,1,0,1,0,1,0,2
baseline,S_0036817,3,3,2,0,3,0,0.0,1.0,0.0,1,-0.0,False,True,True,False,False,0,1,2,0,2,2,0,0,0,1,2
baseline,S_0036820,3,3,2,0,3,0,0.0,1.0,0.0,1,-0.0,False,True,True,False,False,0,1,2,0,2,2,0,0,0,1,2
baseline,S_0036822,3,3,2,0,3,0,0.0,1.0,0.0,1,-0.0,False,True,True,False,False,0,1,2,0,2,2,0,0,0,1,2
baseline,S_0036824,3,3,2,0,3,0,0.0,1.0,0.0,1,-0.0,False,True,True,False,False,0,1,2,0,2,2,0,0,0,1,2
baseline,S_0036826,3,3,2,0,3,0,0.0,1.0,0.0,1,-0.0,False,True,True,False,False,0,1,2,0,2,2,0,0,0,1,2
baseline,S_0036829,3,3,2,0,3,0,0.0,1.0,0.0,1,-0.0,False,True,True,False,False,0,1,2,0,2,2,0,0,0,1,2
baseline,S_0036831,3,3,2,0,3,0,0.0,1.0,0.0,1,-0.0,False,True,True,False,False,0,1,2,0,2,2,0,0,0,1,2
baseline,S_0036833,3,3,2,0,3,0,0.0,1.0,0.0,1,-0.0,False,True,True,False,False,0,1,2,0,2,2,0,0,0,1,2
baseline,S_0036841,3,3,2,0,3,0,0.0,1.0,0.0,1,-0.0,False,True,True,False,False,0,1,2,0,2,2,0,0,0,1,2
baseline,S_0036843,3,3,2,0,3,0,0.0,1.0,0.0,1,-0.0,False,True,True,False,False,0,1,2,0,2,2,0,0,0,1,2
baseline,S_0036887,3,3,2,0,3,0,0.0,1.0,0.0,1,-0.0,False,True,True,False,False,0,1,2,0,2,2,0,0,0,1,2
baseline,S_0036941,1,1,1,0,1,0,0.0,1.0,0.0,1,-0.0,False,False,False,False,False,0,0,1,0,1,0,0,1,0,0,1
baseline,S_0036945,1,1,1,0,1,0,0.0,1.0,0.0,1,-0.0,False,False,False,False,False,0,0,0,1,1,0,0,0,0,1,1
baseline,S_0036985,1,1,1,0,1,0,0.0,1.0,0.0,1,-0.0,False,False,False,False,False,0,0,1,0,1,0,0,0,0,1,1
baseline,S_0036989,1,1,1,0,1,0,0.0,1.0,0.0,1,-0.0,False,False,False,False,False,0,0,1,0,1,0,0,0,0,1,1
baseline,S_0036992,1,1,1,0,0,1,0.0,0.0,1.0,1,-0.0,False,False,False,False,False,0,0,1,0,1,1,0,0,0,0,1
baseline,S_0037054,1,1,1,0,1,0,0.0,1.0,0.0,1,-0.0,False,False,False,False,False,0,0,1,0,1,1,0,0,0,0,1
baseline,S_0037066,1,1,1,0,0,1,0.0,0.0,1.0,1,-0.0,False,False,False,False,False,0,0,1,0,1,1,0,0,0,0,1
baseline,S_0037067,1,1,1,0,0,1,0.0,0.0,1.0,1,-0.0,False,False,False,False,False,0,0,1,0,1,1,0,0,0,0,1
baseline,S_0037069,3,3,2,0,3,0,0.0,1.0,0.0,1,-0.0,False,True,True,False,False,0,1,2,0,2,1,0,0,0,2,2
baseline,S_0037084,1,1,1,0,1,0,0.0,1.0,0.0,1,-0.0,False,False,False,False,False,0,1,0,0,1,1,0,0,0,0,1
baseline,S_0037085,1,1,1,0,1,0,0.0,1.0,0.0,1,-0.0,False,False,False,False,False,0,1,0,0,1,1,0,0,0,0,1
baseline,S_0037094,1,1,1,0,1,0,0.0,1.0,0.0,1,-0.0,False,False,False,False,False,0,0,1,0,1,1,0,0,0,0,1
baseline,S_0037130,2,2,1,0,0,2,0.0,0.0,1.0,1,-0.0,False,True,False,False,False,0,0,2,0,1,1,1,0,0,0,2
baseline,S_0037135,1,1,1,0,1,0,0.0,1.0,0.0,1,-0.0,False,False,False,False,False,0,0,1,0,1,1,0,0,0,0,1
baseline,S_0037158,2,2,2,1,1,0,0.5,0.5,0.0,2,0.6309297535714574,False,True,False,False,False,0,0,0,2,1,0,0,0,1,1,2
baseline,S_0037186,2,2,2,1,1,0,0.5,0.5,0.0,2,0.6309297535714574,False,True,False,False,False,0,0,0,2,1,0,0,0,1,1,2
baseline,S_0037188,2,2,2,1,1,0,0.5,0.5,0.0,2,0.6309297535714574,False,True,False,False,False,0,0,0,2,1,0,0,0,1,1,2
baseline,S_0037227,1,1,1,0,1,0,0.0,1.0,0.0,1,-0.0,False,False,False,False,False,0,0,1,0,1,1,0,0,0,0,1
baseline,S_0037231,1,1,1,0,1,0,0.0,1.0,0.0,1,-0.0,False,False,False,False,False,0,0,1,0,1,1,0,0,0,0,1
baseline,S_0037233,1,1,1,0,1,0,0.0,1.0,0.0,1,-0.0,False,False,False,False,False,0,0,1,0,1,1,0,0,0,0,1
baseline,S_0037236,1,1,1,0,1,0,0.0,1.0,0.0,1,-0.0,False,False,False,False,False,0,0,1,0,1,1,0,0,0,0,1
baseline,S_0037648,1,1,1,1,0,0,1.0,0.0,0.0,1,-0.0,False,False,False,False,False,0,0,0,1,1,0,0,0,1,0,1
baseline,S_0037650,2,1,2,1,0,0,1.0,0.0,0.0,1,-0.0,False,False,False,False,False,0,0,0,1,1,0,0,0,1,0,1
baseline,S_0037683,1,1,1,0,1,0,0.0,1.0,0.0,1,-0.0,False,False,False,False,False,0,0,1,0,1,0,0,0,0,1,1
baseline,S_0037684,1,1,1,0,1,0,0.0,1.0,0.0,1,-0.0,False,False,False,False,False,0,0,1,0,1,0,0,0,0,1,1
baseline,S_0037686,4,2,4,2,0,0,1.0,0.0,0.0,1,-0.0,False,True,False,False,False,0,0,0,2,1,1,0,0,1,0,2
baseline,S_0037690,1,1,1,1,0,0,1.0,0.0,0.0,1,-0.0,False,False,False,False,False,0,0,0,1,1,1,0,0,0,0,1
baseline,S_0037692,1,1,1,1,0,0,1.0,0.0,0.0,1,-0.0,False,False,False,False,False,0,0,0,1,1,1,0,0,0,0,1
baseline,S_0037694,2,2,2,2,0,0,1.0,0.0,0.0,1,-0.0,False,True,False,False,False,0,0,0,2,1,1,0,0,1,0,2
baseline,S_0037698,3,3,3,2,1,0,0.6666666666666666,0.3333333333333333,0.0,2,0.5793801642856949,False,True,True,False,False,0,0,1,2,2,1,0,0,1,1,3
baseline,S_0037700,3,3,3,2,1,0,0.6666666666666666,0.3333333333333333,0.0,2,0.5793801642856949,False,True,True,False,False,0,0,1,2,2,1,0,0,1,1,3
baseline,S_0037701,1,1,1,1,0,0,1.0,0.0,0.0,1,-0.0,False,False,False,False,False,0,0,1,0,1,0,1,0,0,0,1
baseline,S_0037703,1,1,1,1,0,0,1.0,0.0,0.0,1,-0.0,False,False,False,False,False,0,0,1,0,1,0,1,0,0,0,1
baseline,S_0037707,2,2,2,1,1,0,0.5,0.5,0.0,2,0.6309297535714574,False,True,False,False,False,0,1,1,0,2,1,0,0,0,1,2
baseline,S_0037728,1,1,1,1,0,0,1.0,0.0,0.0,1,-0.0,False,False,False,False,False,0,0,0,1,1,1,0,0,0,0,1
baseline,S_0037731,1,1,1,1,0,0,1.0,0.0,0.0,1,-0.0,False,False,False,False,False,0,0,0,1,1,1,0,0,0,0,1
baseline,S_0037733,1,1,1,1,0,0,1.0,0.0,0.0,1,-0.0,False,False,False,False,False,0,0,0,1,1,1,0,0,0,0,1
baseline,S_0037737,1,1,1,1,0,0,1.0,0.0,0.0,1,-0.0,False,False,False,False,False,0,0,0,1,1,1,0,0,0,0,1
baseline,S_0037741,1,1,1,0,1,0,0.0,1.0,0.0,1,-0.0,False,False,False,False,False,0,0,0,1,1,1,0,0,0,0,1
baseline,S_0037760,2,2,2,1,1,0,0.5,0.5,0.0,2,0.6309297535714574,False,True,False,False,False,0,0,2,0,1,0,1,0,0,1,2
baseline,S_0037772,1,1,1,0,1,0,0.0,1.0,0.0,1,-0.0,False,False,False,False,False,0,0,1,0,1,0,0,0,0,1,1
baseline,S_0037773,1,1,1,0,1,0,0.0,1.0,0.0,1,-0.0,False,False,False,False,False,0,0,1,0,1,0,0,0,0,1,1
baseline,S_0037783,1,1,1,0,1,0,0.0,1.0,0.0,1,-0.0,False,False,False,False,False,0,0,1,0,1,0,0,0,0,1,1
baseline,S_0037784,1,1,1,0,1,0,0.0,1.0,0.0,1,-0.0,False,False,False,False,False,0,0,1,0,1,0,0,0,0,1,1
baseline,S_0037785,2,1,2,0,1,0,0.0,1.0,0.0,1,-0.0,False,False,False,False,False,0,0,1,0,1,0,0,0,0,1,1
baseline,S_0037787,1,1,1,0,1,0,0.0,1.0,0.0,1,-0.0,False,False,False,False,False,0,0,1,0,1,0,0,0,0,1,1
baseline,S_0037788,1,1,1,0,1,0,0.0,1.0,0.0,1,-0.0,False,False,False,False,False,0,0,1,0,1,0,0,0,0,1,1
baseline,S_0037802,1,1,1,0,1,0,0.0,1.0,0.0,1,-0.0,False,False,False,False,False,0,0,1,0,1,0,0,0,0,1,1
baseline,S_0037824,2,2,1,0,2,0,0.0,1.0,0.0,1,-0.0,False,True,False,False,False,0,0,2,0,1,0,0,0,0,2,1
baseline,S_0037830,6,6,4,4,2,0,0.6666666666666666,0.3333333333333333,0.0,2,0.5793801642856949,True,True,True,True,False,0,1,3,2,3,4,0,0,1,1,3
baseline,S_0037849,6,6,4,4,2,0,0.6666666666666666,0.3333333333333333,0.0,2,0.5793801642856949,True,True,True,True,False,0,1,3,2,3,4,0,0,1,1,3
baseline,S_0037870,6,6,4,4,2,0,0.6666666666666666,0.3333333333333333,0.0,2,0.5793801642856949,True,True,True,True,False,0,1,3,2,3,4,0,0,1,1,3
baseline,S_0037880,8,6,6,4,2,0,0.6666666666666666,0.3333333333333333,0.0,2,0.5793801642856949,True,True,True,True,False,0,1,3,2,3,4,0,0,1,1,3
baseline,S_0037887,1,1,1,1,0,0,1.0,0.0,0.0,1,-0.0,False,False,False,False,False,0,0,1,0,1,0,1,0,0,0,1
baseline,S_0037889,1,1,1,0,1,0,0.0,1.0,0.0,1,-0.0,False,False,False,False,False,0,0,1,0,1,0,0,0,0,1,1
baseline,S_0037891,1,1,1,0,1,0,0.0,1.0,0.0,1,-0.0,False,False,False,False,False,0,0,1,0,1,0,0,0,0,1,1
baseline,S_0037904,1,1,1,0,1,0,0.0,1.0,0.0,1,-0.0,False,False,False,False,False,0,0,1,0,1,0,0,0,0,1,1
baseline,S_0037924,1,1,1,0,1,0,0.0,1.0,0.0,1,-0.0,False,False,False,False,False,0,0,1,0,1,0,0,0,0,1,1
baseline,S_0037925,1,1,1,0,1,0,0.0,1.0,0.0,1,-0.0,False,False,False,False,False,0,0,1,0,1,0,0,0,0,1,1
baseline,S_0037927,1,1,1,0,1,0,0.0,1.0,0.0,1,-0.0,False,False,False,False,False,0,0,1,0,1,0,0,0,0,1,1
baseline,S_0037928,1,1,1,0,1,0,0.0,1.0,0.0,1,-0.0,False,False,False,False,False,0,0,1,0,1,0,0,0,0,1,1
baseline,S_0037933,1,1,1,0,1,0,0.0,1.0,0.0,1,-0.0,False,False,False,False,False,0,0,1,0,1,0,0,0,0,1,1
baseline,S_0037935,1,1,1,0,1,0,0.0,1.0,0.0,1,-0.0,False,False,False,False,False,0,0,1,0,1,0,0,0,0,1,1
baseline,S_0037953,1,1,1,1,0,0,1.0,0.0,0.0,1,-0.0,False,False,False,False,False,0,0,1,0,1,0,1,0,0,0,1
baseline,S_0038027,1,1,1,1,0,0,1.0,0.0,0.0,1,-0.0,False,False,False,False,False,0,0,1,0,1,0,1,0,0,0,1
baseline,S_0038029,1,1,1,1,0,0,1.0,0.0,0.0,1,-0.0,False,False,False,False,False,0,0,1,0,1,0,1,0,0,0,1
baseline,S_0038036,1,1,1,1,0,0,1.0,0.0,0.0,1,-0.0,False,False,False,False,False,0,0,1,0,1,0,1,0,0,0,1
baseline,S_0038039,1,1,1,1,0,0,1.0,0.0,0.0,1,-0.0,False,False,False,False,False,0,0,1,0,1,0,1,0,0,0,1
baseline,S_0038045,1,1,1,1,0,0,1.0,0.0,0.0,1,-0.0,False,False,False,False,False,0,0,1,0,1,0,1,0,0,0,1
baseline,S_0038087,1,1,1,1,0,0,1.0,0.0,0.0,1,-0.0,False,False,False,False,False,0,0,1,0,1,0,1,0,0,0,1
baseline,S_0038091,1,1,1,1,0,0,1.0,0.0,0.0,1,-0.0,False,False,False,False,False,0,0,1,0,1,0,1,0,0,0,1
baseline,S_0038092,1,1,1,1,0,0,1.0,0.0,0.0,1,-0.0,False,False,False,False,False,0,0,1,0,1,0,1,0,0,0,1
baseline,S_0038094,3,3,2,0,3,0,0.0,1.0,0.0,1,-0.0,False,True,True,False,False,0,1,2,0,2,1,0,0,0,2,2
baseline,S_0038132,1,1,1,0,1,0,0.0,1.0,0.0,1,-0.0,False,False,False,False,False,0,0,1,0,1,0,1,0,0,0,1
baseline,S_0038140,1,1,1,0,1,0,0.0,1.0,0.0,1,-0.0,False,False,False,False,False,0,0,1,0,1,0,1,0,0,0,1
baseline,S_0038143,1,1,1,1,0,0,1.0,0.0,0.0,1,-0.0,False,False,False,False,False,0,0,1,0,1,1,0,0,0,0,1
baseline,S_0038152,2,2,2,0,1,1,0.0,0.5,0.5,2,0.6309297535714574,False,True,False,False,False,0,1,1,0,2,1,0,0,1,0,2
baseline,S_0038153,2,2,2,0,1,1,0.0,0.5,0.5,2,0.6309297535714574,False,True,False,False,False,0,1,1,0,2,1,0,0,1,0,2
baseline,S_0038155,2,2,2,0,1,1,0.0,0.5,0.5,2,0.6309297535714574,False,True,False,False,False,0,1,1,0,2,1,0,0,1,0,2
baseline,S_0038159,2,2,2,0,1,1,0.0,0.5,0.5,2,0.6309297535714574,False,True,False,False,False,0,1,1,0,2,1,0,0,1,0,2
baseline,S_0038160,2,2,2,0,1,1,0.0,0.5,0.5,2,0.6309297535714574,False,True,False,False,False,0,1,1,0,2,1,0,0,1,0,2
baseline,S_0038177,2,2,2,0,1,1,0.0,0.5,0.5,2,0.6309297535714574,False,True,False,False,False,0,1,1,0,2,1,0,0,1,0,2
baseline,S_0038178,2,2,2,0,1,1,0.0,0.5,0.5,2,0.6309297535714574,False,True,False,False,False,0,1,1,0,2,1,0,0,1,0,2
baseline,S_0038182,2,2,2,0,1,1,0.0,0.5,0.5,2,0.6309297535714574,False,True,False,False,False,0,1,1,0,2,1,0,0,1,0,2
baseline,S_0038196,2,1,2,0,0,1,0.0,0.0,1.0,1,-0.0,False,False,False,False,False,0,0,0,1,1,0,0,0,0,1,1
baseline,S_0038197,1,1,1,0,0,1,0.0,0.0,1.0,1,-0.0,False,False,False,False,False,0,0,0,1,1,0,0,0,0,1,1
baseline,S_0038199,2,1,2,0,0,1,0.0,0.0,1.0,1,-0.0,False,False,False,False,False,0,0,0,1,1,0,0,0,0,1,1
baseline,S_0038201,2,1,2,0,0,1,0.0,0.0,1.0,1,-0.0,False,False,False,False,False,0,0,0,1,1,0,0,0,0,1,1
baseline,S_0038202,2,1,2,0,0,1,0.0,0.0,1.0,1,-0.0,False,False,False,False,False,0,0,0,1,1,0,0,0,0,1,1
baseline,S_0038216,1,1,1,0,0,1,0.0,0.0,1.0,1,-0.0,False,False,False,False,False,0,0,0,1,1,0,0,0,0,1,1
baseline,S_0038297,1,1,1,1,0,0,1.0,0.0,0.0,1,-0.0,False,False,False,False,False,0,0,1,0,1,0,1,0,0,0,1
baseline,S_0038302,1,1,1,1,0,0,1.0,0.0,0.0,1,-0.0,False,False,False,False,False,0,0,1,0,1,0,1,0,0,0,1
baseline,S_0038309,1,1,1,0,1,0,0.0,1.0,0.0,1,-0.0,False,False,False,False,False,0,0,0,1,1,0,0,0,1,0,1
baseline,S_0038425,1,1,1,0,1,0,0.0,1.0,0.0,1,-0.0,False,False,False,False,False,0,0,1,0,1,1,0,0,0,0,1
baseline,S_0038432,1,1,1,0,1,0,0.0,1.0,0.0,1,-0.0,False,False,False,False,False,0,0,1,0,1,1,0,0,0,0,1
baseline,S_0038456,1,1,1,0,1,0,0.0,1.0,0.0,1,-0.0,False,False,False,False,False,0,0,1,0,1,1,0,0,0,0,1
baseline,S_0038460,1,1,1,0,1,0,0.0,1.0,0.0,1,-0.0,False,False,False,False,False,0,0,1,0,1,1,0,0,0,0,1
baseline,S_0038488,1,1,1,0,1,0,0.0,1.0,0.0,1,-0.0,False,False,False,False,False,0,0,1,0,1,1,0,0,0,0,1
baseline,S_0038521,1,1,1,0,1,0,0.0,1.0,0.0,1,-0.0,False,False,False,False,False,0,0,1,0,1,0,0,1,0,0,1
baseline,S_0038527,3,3,1,0,2,1,0.0,0.6666666666666666,0.3333333333333333,2,0.5793801642856949,False,True,True,False,False,0,0,3,0,1,1,1,1,0,0,3
baseline,S_0038528,3,3,1,0,2,1,0.0,0.6666666666666666,0.3333333333333333,2,0.5793801642856949,False,True,True,False,False,0,0,3,0,1,1,1,1,0,0,3
baseline,S_0038546,1,1,1,0,0,1,0.0,0.0,1.0,1,-0.0,False,False,False,False,False,0,0,1,0,1,1,0,0,0,0,1
baseline,S_0038547,2,2,1,0,2,0,0.0,1.0,0.0,1,-0.0,False,True,False,False,False,0,0,2,0,1,0,1,1,0,0,2
baseline,S_0038550,1,1,1,0,1,0,0.0,1.0,0.0,1,-0.0,False,False,False,False,False,0,0,1,0,1,0,0,1,0,0,1
baseline,S_0038551,1,1,1,0,1,0,0.0,1.0,0.0,1,-0.0,False,False,False,False,False,0,1,0,0,1,1,0,0,0,0,1
baseline,S_0038552,3,3,2,0,3,0,0.0,1.0,0.0,1,-0.0,False,True,True,False,False,0,1,2,0,2,1,0,0,0,2,2
baseline,S_0038553,2,2,1,0,2,0,0.0,1.0,0.0,1,-0.0,False,True,False,False,False,0,0,2,0,1,0,0,0,0,2,1
baseline,S_0038554,3,3,2,0,3,0,0.0,1.0,0.0,1,-0.0,False,True,True,False,False,0,1,2,0,2,1,0,0,0,2,2
baseline,S_0038555,1,1,1,0,0,1,0.0,0.0,1.0,1,-0.0,False,False,False,False,False,0,0,0,1,1,1,0,0,0,0,1
baseline,S_0038556,4,4,3,0,3,1,0.0,0.75,0.25,2,0.5118595071429147,False,True,True,False,False,0,1,2,1,3,2,0,0,0,2,2
baseline,S_0038557,3,3,2,0,3,0,0.0,1.0,0.0,1,-0.0,False,True,True,False,False,0,1,2,0,2,1,0,0,0,2,2
baseline,S_0038559,3,3,2,0,3,0,0.0,1.0,0.0,1,-0.0,False,True,True,False,False,0,1,2,0,2,1,0,0,0,2,2
baseline,S_0038561,3,3,2,0,3,0,0.0,1.0,0.0,1,-0.0,False,True,True,False,False,0,1,2,0,2,1,0,0,0,2,2
baseline,S_0038563,3,3,2,0,3,0,0.0,1.0,0.0,1,-0.0,False,True,True,False,False,0,1,2,0,2,1,0,0,0,2,2
baseline,S_0038564,3,3,2,0,3,0,0.0,1.0,0.0,1,-0.0,False,True,True,False,False,0,1,2,0,2,1,0,0,0,2,2
baseline,S_0038569,1,1,1,0,1,0,0.0,1.0,0.0,1,-0.0,False,False,False,False,False,0,0,1,0,1,0,0,1,0,0,1
baseline,S_0038570,2,2,1,0,2,0,0.0,1.0,0.0,1,-0.0,False,True,False,False,False,0,0,2,0,1,0,1,1,0,0,2
baseline,S_0038572,2,2,1,0,2,0,0.0,1.0,0.0,1,-0.0,False,True,False,False,False,0,0,2,0,1,0,1,1,0,0,2
baseline,S_0038575,2,2,1,0,2,0,0.0,1.0,0.0,1,-0.0,False,True,False,False,False,0,0,2,0,1,0,1,1,0,0,2
baseline,S_0038576,2,2,1,0,2,0,0.0,1.0,0.0,1,-0.0,False,True,False,False,False,0,0,2,0,1,0,1,1,0,0,2
baseline,S_0038580,2,2,1,0,2,0,0.0,1.0,0.0,1,-0.0,False,True,False,False,False,0,0,2,0,1,0,1,1,0,0,2
baseline,S_0038582,2,2,1,0,2,0,0.0,1.0,0.0,1,-0.0,False,True,False,False,False,0,0,2,0,1,0,1,1,0,0,2
baseline,S_0038583,1,1,1,0,1,0,0.0,1.0,0.0,1,-0.0,False,False,False,False,False,0,0,0,1,1,1,0,0,0,0,1
baseline,S_0038584,1,1,1,0,1,0,0.0,1.0,0.0,1,-0.0,False,False,False,False,False,0,0,1,0,1,0,1,0,0,0,1
baseline,S_0038585,1,1,1,0,1,0,0.0,1.0,0.0,1,-0.0,False,False,False,False,False,0,0,1,0,1,0,1,0,0,0,1
baseline,S_0038586,4,4,4,1,3,0,0.25,0.75,0.0,2,0.5118595071429147,False,True,True,False,False,0,0,0,4,1,1,1,0,1,1,4
baseline,S_0038588,4,4,4,1,3,0,0.25,0.75,0.0,2,0.5118595071429147,False,True,True,False,False,0,0,0,4,1,1,1,0,1,1,4
baseline,S_0038589,2,2,1,0,2,0,0.0,1.0,0.0,1,-0.0,False,True,False,False,False,0,0,2,0,1,0,0,0,1,1,2
baseline,S_0038590,2,2,1,0,2,0,0.0,1.0,0.0,1,-0.0,False,True,False,False,False,0,0,2,0,1,0,0,0,1,1,2
baseline,S_0038592,1,1,1,1,0,0,1.0,0.0,0.0,1,-0.0,False,False,False,False,False,0,0,0,1,1,0,0,0,0,1,1
baseline,S_0038593,5,5,4,1,3,1,0.2,0.6,0.2,3,0.8649735207179272,True,True,True,True,False,0,0,0,5,1,0,1,0,2,2,3
baseline,S_0038595,6,5,4,1,3,1,0.2,0.6,0.2,3,0.8649735207179272,True,True,True,True,False,0,0,0,5,1,0,1,0,2,2,3
baseline,S_0038596,1,1,1,0,1,0,0.0,1.0,0.0,1,-0.0,False,False,False,False,False,0,0,1,0,1,0,0,0,0,1,1
baseline,S_0038598,1,1,1,0,1,0,0.0,1.0,0.0,1,-0.0,False,False,False,False,False,0,0,1,0,1,0,0,0,0,1,1
baseline,S_0038599,1,1,1,0,1,0,0.0,1.0,0.0,1,-0.0,False,False,False,False,False,0,0,1,0,1,0,0,0,0,1,1
baseline,S_0038600,1,1,1,0,1,0,0.0,1.0,0.0,1,-0.0,False,False,False,False,False,0,0,1,0,1,0,0,0,0,1,1
baseline,S_0038602,2,2,1,0,2,0,0.0,1.0,0.0,1,-0.0,False,True,False,False,False,0,0,2,0,1,0,0,0,0,2,1
baseline,S_0038604,2,2,1,0,2,0,0.0,1.0,0.0,1,-0.0,False,True,False,False,False,0,0,2,0,1,0,0,0,0,2,1
baseline,S_0038605,2,2,1,0,2,0,0.0,1.0,0.0,1,-0.0,False,True,False,False,False,0,0,2,0,1,0,1,1,0,0,2
baseline,S_0038606,2,2,1,0,2,0,0.0,1.0,0.0,1,-0.0,False,True,False,False,False,0,0,2,0,1,0,1,1,0,0,2
baseline,S_0038609,2,2,1,0,2,0,0.0,1.0,0.0,1,-0.0,False,True,False,False,False,0,0,2,0,1,0,1,1,0,0,2
baseline,S_0038610,1,1,1,0,1,0,0.0,1.0,0.0,1,-0.0,False,False,False,False,False,0,0,1,0,1,0,1,0,0,0,1
baseline,S_0038611,2,2,1,0,2,0,0.0,1.0,0.0,1,-0.0,False,True,False,False,False,0,0,2,0,1,0,1,1,0,0,2
baseline,S_0038612,1,1,1,0,1,0,0.0,1.0,0.0,1,-0.0,False,False,False,False,False,0,0,1,0,1,0,0,1,0,0,1
baseline,S_0038614,6,5,5,0,4,1,0.0,0.8,0.2,2,0.4554859150035952,True,True,True,True,False,0,0,1,4,2,0,2,0,2,1,3
baseline,S_0038615,8,5,6,0,4,1,0.0,0.8,0.2,2,0.4554859150035952,True,True,True,True,False,0,0,1,4,2,0,2,0,2,1,3
baseline,S_0038618,1,1,1,0,1,0,0.0,1.0,0.0,1,-0.0,False,False,False,False,False,0,0,1,0,1,0,1,0,0,0,1
baseline,S_0038619,1,1,1,0,1,0,0.0,1.0,0.0,1,-0.0,False,False,False,False,False,0,0,1,0,1,0,1,0,0,0,1
baseline,S_0038620,4,4,4,1,3,0,0.25,0.75,0.0,2,0.5118595071429147,False,True,True,False,False,0,0,1,3,2,0,2,0,1,1,3
baseline,S_0038623,4,4,4,1,3,0,0.25,0.75,0.0,2,0.5118595071429147,False,True,True,False,False,0,0,1,3,2,0,2,0,1,1,3
baseline,S_0038626,2,2,2,0,2,0,0.0,1.0,0.0,1,-0.0,False,True,False,False,False,0,0,1,1,2,1,1,0,0,0,2
baseline,S_0038627,1,1,1,0,1,0,0.0,1.0,0.0,1,-0.0,False,False,False,False,False,0,0,1,0,1,0,0,0,1,0,1
baseline,S_0038628,1,1,1,0,1,0,0.0,1.0,0.0,1,-0.0,False,False,False,False,False,0,0,1,0,1,0,1,0,0,0,1
baseline,S_0038629,5,5,4,1,4,0,0.2,0.8,0.0,2,0.4554859150035952,True,True,True,True,False,0,0,2,3,2,0,2,0,2,1,3
baseline,S_0038630,4,4,4,1,3,0,0.25,0.75,0.0,2,0.5118595071429147,False,True,True,False,False,0,0,0,4,1,1,1,0,1,1,4
baseline,S_0038631,5,5,5,1,4,0,0.2,0.8,0.0,2,0.4554859150035952,True,True,True,True,False,0,0,1,4,2,1,2,0,1,1,4
baseline,S_0038632,5,5,5,1,4,0,0.2,0.8,0.0,2,0.4554859150035952,True,True,True,True,False,0,0,1,4,2,1,2,0,1,1,4
baseline,S_0038634,1,1,1,0,1,0,0.0,1.0,0.0,1,-0.0,False,False,False,False,False,0,0,1,0,1,0,1,0,0,0,1
baseline,S_0038636,1,1,1,0,1,0,0.0,1.0,0.0,1,-0.0,False,False,False,False,False,0,0,1,0,1,0,1,0,0,0,1
baseline,S_0038638,1,1,1,0,1,0,0.0,1.0,0.0,1,-0.0,False,False,False,False,False,0,0,1,0,1,0,1,0,0,0,1
baseline,S_0038639,1,1,1,0,1,0,0.0,1.0,0.0,1,-0.0,False,False,False,False,False,0,0,1,0,1,0,1,0,0,0,1
baseline,S_0038655,1,1,1,0,0,1,0.0,0.0,1.0,1,-0.0,False,False,False,False,False,0,0,1,0,1,1,0,0,0,0,1
baseline,S_0038657,1,1,1,0,0,1,0.0,0.0,1.0,1,-0.0,False,False,False,False,False,0,0,1,0,1,1,0,0,0,0,1
baseline,S_0038658,1,1,1,0,0,1,0.0,0.0,1.0,1,-0.0,False,False,False,False,False,0,0,1,0,1,1,0,0,0,0,1
baseline,S_0038659,2,2,1,0,2,0,0.0,1.0,0.0,1,-0.0,False,True,False,False,False,0,0,2,0,1,0,0,0,0,2,1
baseline,S_0038660,4,4,4,1,3,0,0.25,0.75,0.0,2,0.5118595071429147,False,True,True,False,False,0,0,0,4,1,1,1,0,1,1,4
baseline,S_0038661,4,4,4,1,3,0,0.25,0.75,0.0,2,0.5118595071429147,False,True,True,False,False,0,0,0,4,1,1,1,0,1,1,4
baseline,S_0038662,4,4,4,1,3,0,0.25,0.75,0.0,2,0.5118595071429147,False,True,True,False,False,0,0,0,4,1,1,1,0,1,1,4
baseline,S_0038663,2,2,2,1,1,0,0.5,0.5,0.0,2,0.6309297535714574,False,True,False,False,False,0,0,0,2,1,0,0,0,1,1,2
baseline,S_0038665,2,2,2,1,1,0,0.5,0.5,0.0,2,0.6309297535714574,False,True,False,False,False,0,0,0,2,1,0,0,0,1,1,2
baseline,S_0038675,3,3,3,1,2,0,0.3333333333333333,0.6666666666666666,0.0,2,0.5793801642856949,False,True,True,False,False,0,0,0,3,1,1,0,0,1,1,3
baseline,S_0038676,2,2,2,1,1,0,0.5,0.5,0.0,2,0.6309297535714574,False,True,False,False,False,0,0,0,2,1,0,0,0,1,1,2
baseline,S_0038679,6,4,6,1,3,0,0.25,0.75,0.0,2,0.5118595071429147,False,True,True,False,False,0,0,0,4,1,1,1,0,1,1,4
baseline,S_0038680,1,1,1,0,1,0,0.0,1.0,0.0,1,-0.0,False,False,False,False,False,0,0,0,1,1,0,1,0,0,0,1
baseline,S_0038728,1,1,1,0,1,0,0.0,1.0,0.0,1,-0.0,False,False,False,False,False,0,0,1,0,1,0,1,0,0,0,1
baseline,S_0038732,1,1,1,0,0,1,0.0,0.0,1.0,1,-0.0,False,False,False,False,False,0,0,1,0,1,0,0,0,1,0,1
baseline,S_0038734,2,2,2,0,1,1,0.0,0.5,0.5,2,0.6309297535714574,False,True,False,False,False,0,0,0,2,1,0,0,0,1,1,2
baseline,S_0038739,1,1,1,0,0,1,0.0,0.0,1.0,1,-0.0,False,False,False,False,False,0,0,1,0,1,0,0,0,1,0,1
baseline,S_0038770,1,1,1,0,1,0,0.0,1.0,0.0,1,-0.0,False,False,False,False,False,0,0,1,0,1,1,0,0,0,0,1
baseline,S_0038771,1,1,1,0,1,0,0.0,1.0,0.0,1,-0.0,False,False,False,False,False,0,0,1,0,1,1,0,0,0,0,1
baseline,S_0038800,1,1,1,0,1,0,0.0,1.0,0.0,1,-0.0,False,False,False,False,False,0,0,1,0,1,0,1,0,0,0,1
baseline,S_0038814,1,1,1,1,0,0,1.0,0.0,0.0,1,-0.0,False,False,False,False,False,0,0,0,1,1,1,0,0,0,0,1
baseline,S_0038827,1,1,1,1,0,0,1.0,0.0,0.0,1,-0.0,False,False,False,False,False,0,0,0,1,1,1,0,0,0,0,1
baseline,S_0038850,1,1,1,0,1,0,0.0,1.0,0.0,1,-0.0,False,False,False,False,False,0,0,1,0,1,0,1,0,0,0,1
baseline,S_0038852,1,1,1,0,1,0,0.0,1.0,0.0,1,-0.0,False,False,False,False,False,0,0,1,0,1,0,1,0,0,0,1
baseline,S_0038928,1,1,1,0,1,0,0.0,1.0,0.0,1,-0.0,False,False,False,False,False,0,0,1,0,1,0,0,1,0,0,1
baseline,S_0038929,1,1,1,0,1,0,0.0,1.0,0.0,1,-0.0,False,False,False,False,False,0,0,1,0,1,0,0,1,0,0,1
baseline,S_0038930,1,1,1,0,1,0,0.0,1.0,0.0,1,-0.0,False,False,False,False,False,0,0,1,0,1,0,0,1,0,0,1
baseline,S_0038932,1,1,1,0,1,0,0.0,1.0,0.0,1,-0.0,False,False,False,False,False,0,0,1,0,1,0,0,1,0,0,1
baseline,S_0039034,1,1,1,0,1,0,0.0,1.0,0.0,1,-0.0,False,False,False,False,False,0,0,0,1,1,0,0,0,0,1,1
baseline,S_0039041,1,1,1,0,1,0,0.0,1.0,0.0,1,-0.0,False,False,False,False,False,0,0,0,1,1,0,0,0,0,1,1
baseline,S_0039045,1,1,1,0,1,0,0.0,1.0,0.0,1,-0.0,False,False,False,False,False,0,0,0,1,1,0,0,0,0,1,1
baseline,S_0039059,1,1,1,0,1,0,0.0,1.0,0.0,1,-0.0,False,False,False,False,False,0,0,1,0,1,0,1,0,0,0,1
baseline,S_0039061,4,4,3,0,4,0,0.0,1.0,0.0,1,-0.0,False,True,True,False,False,0,0,1,3,2,0,2,0,1,1,3
baseline,S_0039062,4,4,3,0,3,1,0.0,0.75,0.25,2,0.5118595071429147,False,True,True,False,False,0,0,0,4,1,0,1,0,2,1,3
baseline,S_0039064,9,6,7,1,4,1,0.16666666666666666,0.6666666666666666,0.16666666666666666,3,0.7896900821428474,True,True,True,True,False,0,0,1,5,2,0,2,0,2,2,3
baseline,S_0039066,1,1,1,0,0,1,0.0,0.0,1.0,1,-0.0,False,False,False,False,False,0,0,1,0,1,0,1,0,0,0,1
baseline,S_0039067,1,1,1,0,0,1,0.0,0.0,1.0,1,-0.0,False,False,False,False,False,0,0,1,0,1,0,1,0,0,0,1
baseline,S_0039257,1,1,1,0,1,0,0.0,1.0,0.0,1,-0.0,False,False,False,False,False,0,0,1,0,1,1,0,0,0,0,1
baseline,S_0039265,1,1,1,0,1,0,0.0,1.0,0.0,1,-0.0,False,False,False,False,False,0,0,1,0,1,1,0,0,0,0,1
baseline,S_0039268,1,1,1,0,1,0,0.0,1.0,0.0,1,-0.0,False,False,False,False,False,0,0,1,0,1,1,0,0,0,0,1
baseline,S_0039359,1,1,1,0,1,0,0.0,1.0,0.0,1,-0.0,False,False,False,False,False,0,0,1,0,1,1,0,0,0,0,1
baseline,S_0039363,1,1,1,0,1,0,0.0,1.0,0.0,1,-0.0,False,False,False,False,False,0,0,1,0,1,1,0,0,0,0,1
baseline,S_0039365,1,1,1,0,1,0,0.0,1.0,0.0,1,-0.0,False,False,False,False,False,0,0,1,0,1,1,0,0,0,0,1
baseline,S_0039367,1,1,1,0,1,0,0.0,1.0,0.0,1,-0.0,False,False,False,False,False,0,0,1,0,1,1,0,0,0,0,1
baseline,S_0039371,1,1,1,0,1,0,0.0,1.0,0.0,1,-0.0,False,False,False,False,False,0,0,1,0,1,1,0,0,0,0,1
baseline,S_0039373,1,1,1,0,1,0,0.0,1.0,0.0,1,-0.0,False,False,False,False,False,0,0,1,0,1,1,0,0,0,0,1
baseline,S_0039439,1,1,1,1,0,0,1.0,0.0,0.0,1,-0.0,False,False,False,False,False,0,1,0,0,1,0,0,1,0,0,1
baseline,S_0039513,1,1,1,0,1,0,0.0,1.0,0.0,1,-0.0,False,False,False,False,False,0,0,1,0,1,0,0,0,0,1,1
baseline,S_0039514,1,1,1,0,1,0,0.0,1.0,0.0,1,-0.0,False,False,False,False,False,0,0,1,0,1,0,0,0,0,1,1
baseline,S_0039519,1,1,1,0,1,0,0.0,1.0,0.0,1,-0.0,False,False,False,False,False,0,0,1,0,1,0,1,0,0,0,1
baseline,S_0039520,1,1,1,0,1,0,0.0,1.0,0.0,1,-0.0,False,False,False,False,False,0,0,1,0,1,0,1,0,0,0,1
baseline,S_0039534,1,1,1,1,0,0,1.0,0.0,0.0,1,-0.0,False,False,False,False,False,0,0,0,1,1,0,0,0,0,1,1
baseline,S_0039639,1,1,1,1,0,0,1.0,0.0,0.0,1,-0.0,False,False,False,False,False,0,0,1,0,1,0,1,0,0,0,1
baseline,S_0039686,1,1,1,0,1,0,0.0,1.0,0.0,1,-0.0,False,False,False,False,False,0,0,0,1,1,0,0,0,0,1,1
baseline,S_0039733,1,1,1,0,1,0,0.0,1.0,0.0,1,-0.0,False,False,False,False,False,0,0,1,0,1,0,0,0,0,1,1
baseline,S_0039749,1,1,1,0,1,0,0.0,1.0,0.0,1,-0.0,False,False,False,False,False,0,1,0,0,1,0,0,0,1,0,1
baseline,S_0039750,1,1,1,0,1,0,0.0,1.0,0.0,1,-0.0,False,False,False,False,False,0,1,0,0,1,0,0,0,1,0,1
baseline,S_0039752,1,1,1,0,1,0,0.0,1.0,0.0,1,-0.0,False,False,False,False,False,0,1,0,0,1,0,0,0,1,0,1
baseline,S_0039753,1,1,1,0,1,0,0.0,1.0,0.0,1,-0.0,False,False,False,False,False,0,1,0,0,1,0,0,0,1,0,1
baseline,S_0039835,1,1,1,0,0,1,0.0,0.0,1.0,1,-0.0,False,False,False,False,False,0,0,1,0,1,0,1,0,0,0,1
baseline,S_0039849,2,1,2,1,0,0,1.0,0.0,0.0,1,-0.0,False,False,False,False,False,0,0,0,1,1,0,0,0,0,1,1
baseline,S_0039962,1,1,1,1,0,0,1.0,0.0,0.0,1,-0.0,False,False,False,False,False,0,0,0,1,1,0,0,0,1,0,1
baseline,S_0039990,1,1,1,1,0,0,1.0,0.0,0.0,1,-0.0,False,False,False,False,False,0,0,0,1,1,0,0,0,1,0,1
baseline,S_0039992,1,1,1,1,0,0,1.0,0.0,0.0,1,-0.0,False,False,False,False,False,0,0,0,1,1,0,0,0,1,0,1
baseline,S_0040045,1,1,1,0,1,0,0.0,1.0,0.0,1,-0.0,False,False,False,False,False,0,0,1,0,1,0,0,0,1,0,1
baseline,S_0040081,2,1,2,1,0,0,1.0,0.0,0.0,1,-0.0,False,False,False,False,False,0,0,0,1,1,1,0,0,0,0,1
baseline,S_0040082,1,1,1,1,0,0,1.0,0.0,0.0,1,-0.0,False,False,False,False,False,0,0,0,1,1,1,0,0,0,0,1
baseline,S_0040107,1,1,1,0,1,0,0.0,1.0,0.0,1,-0.0,False,False,False,False,False,0,0,1,0,1,0,1,0,0,0,1
baseline,S_0040189,1,1,1,0,1,0,0.0,1.0,0.0,1,-0.0,False,False,False,False,False,0,0,1,0,1,0,1,0,0,0,1
baseline,S_0040191,1,1,1,0,1,0,0.0,1.0,0.0,1,-0.0,False,False,False,False,False,0,0,1,0,1,0,1,0,0,0,1
baseline,S_0040192,2,2,2,1,1,0,0.5,0.5,0.0,2,0.6309297535714574,False,True,False,False,False,0,1,1,0,2,1,0,0,0,1,2
baseline,S_0040194,2,2,2,1,1,0,0.5,0.5,0.0,2,0.6309297535714574,False,True,False,False,False,0,1,1,0,2,1,0,0,0,1,2
baseline,S_0040231,1,1,1,0,1,0,0.0,1.0,0.0,1,-0.0,False,False,False,False,False,0,0,0,1,1,0,0,0,0,1,1
baseline,S_0040269,1,1,1,0,1,0,0.0,1.0,0.0,1,-0.0,False,False,False,False,False,0,0,1,0,1,0,0,1,0,0,1
baseline,S_0040270,1,1,1,0,1,0,0.0,1.0,0.0,1,-0.0,False,False,False,False,False,0,0,1,0,1,0,0,1,0,0,1
baseline,S_0040274,1,1,1,0,1,0,0.0,1.0,0.0,1,-0.0,False,False,False,False,False,0,0,1,0,1,0,0,1,0,0,1
baseline,S_0040275,1,1,1,0,1,0,0.0,1.0,0.0,1,-0.0,False,False,False,False,False,0,0,1,0,1,0,0,1,0,0,1
baseline,S_0040278,1,1,1,0,0,1,0.0,0.0,1.0,1,-0.0,False,False,False,False,False,0,0,0,1,1,0,0,0,1,0,1
baseline,S_0040300,1,1,1,0,1,0,0.0,1.0,0.0,1,-0.0,False,False,False,False,False,0,0,1,0,1,0,0,0,1,0,1
baseline,S_0040301,1,1,1,0,1,0,0.0,1.0,0.0,1,-0.0,False,False,False,False,False,0,0,1,0,1,0,0,0,1,0,1
baseline,S_0040302,4,4,4,1,3,0,0.25,0.75,0.0,2,0.5118595071429147,False,True,True,False,False,0,0,1,3,2,0,2,0,1,1,3
baseline,S_0040303,1,1,1,0,1,0,0.0,1.0,0.0,1,-0.0,False,False,False,False,False,0,0,1,0,1,0,1,0,0,0,1
baseline,S_0040347,4,4,4,1,3,0,0.25,0.75,0.0,2,0.5118595071429147,False,True,True,False,False,0,0,1,3,2,0,2,0,1,1,3
baseline,S_0040349,4,4,4,1,3,0,0.25,0.75,0.0,2,0.5118595071429147,False,True,True,False,False,0,0,1,3,2,0,2,0,1,1,3
baseline,S_0040366,4,4,4,1,3,0,0.25,0.75,0.0,2,0.5118595071429147,False,True,True,False,False,0,0,1,3,2,0,2,0,1,1,3
baseline,S_0040367,4,4,4,1,3,0,0.25,0.75,0.0,2,0.5118595071429147,False,True,True,False,False,0,0,1,3,2,0,2,0,1,1,3
baseline,S_0040433,3,1,3,0,1,0,0.0,1.0,0.0,1,-0.0,False,False,False,False,False,0,0,0,1,1,0,0,0,1,0,1
baseline,S_0040444,2,1,2,0,1,0,0.0,1.0,0.0,1,-0.0,False,False,False,False,False,0,0,0,1,1,0,0,0,1,0,1
baseline,S_0040460,1,1,1,0,1,0,0.0,1.0,0.0,1,-0.0,False,False,False,False,False,0,0,0,1,1,0,0,0,1,0,1
baseline,S_0040485,1,1,1,0,1,0,0.0,1.0,0.0,1,-0.0,False,False,False,False,False,0,0,0,1,1,0,0,0,1,0,1
baseline,S_0040490,1,1,1,0,1,0,0.0,1.0,0.0,1,-0.0,False,False,False,False,False,0,0,1,0,1,0,0,1,0,0,1
baseline,S_0040494,2,2,2,0,2,0,0.0,1.0,0.0,1,-0.0,False,True,False,False,False,0,0,1,1,2,0,0,0,0,2,1
baseline,S_0040495,2,2,2,0,2,0,0.0,1.0,0.0,1,-0.0,False,True,False,False,False,0,0,1,1,2,0,0,0,0,2,1
baseline,S_0040496,1,1,1,0,0,1,0.0,0.0,1.0,1,-0.0,False,False,False,False,False,0,0,0,1,1,0,0,0,1,0,1
baseline,S_0040498,1,1,1,0,1,0,0.0,1.0,0.0,1,-0.0,False,False,False,False,False,0,0,1,0,1,0,0,0,0,1,1
baseline,S_0040511,1,1,1,0,0,1,0.0,0.0,1.0,1,-0.0,False,False,False,False,False,0,0,1,0,1,1,0,0,0,0,1
baseline,S_0040512,1,1,1,0,0,1,0.0,0.0,1.0,1,-0.0,False,False,False,False,False,0,0,1,0,1,1,0,0,0,0,1
baseline,S_0040513,1,1,1,0,0,1,0.0,0.0,1.0,1,-0.0,False,False,False,False,False,0,0,1,0,1,1,0,0,0,0,1
baseline,S_0040516,1,1,1,0,0,1,0.0,0.0,1.0,1,-0.0,False,False,False,False,False,0,0,1,0,1,1,0,0,0,0,1
baseline,S_0040517,1,1,1,0,0,1,0.0,0.0,1.0,1,-0.0,False,False,False,False,False,0,0,1,0,1,1,0,0,0,0,1
baseline,S_0040519,1,1,1,0,0,1,0.0,0.0,1.0,1,-0.0,False,False,False,False,False,0,0,1,0,1,1,0,0,0,0,1
baseline,S_0040520,1,1,1,0,0,1,0.0,0.0,1.0,1,-0.0,False,False,False,False,False,0,0,1,0,1,1,0,0,0,0,1
baseline,S_0040521,1,1,1,0,0,1,0.0,0.0,1.0,1,-0.0,False,False,False,False,False,0,0,1,0,1,1,0,0,0,0,1
baseline,S_0040522,1,1,1,0,0,1,0.0,0.0,1.0,1,-0.0,False,False,False,False,False,0,0,1,0,1,1,0,0,0,0,1
baseline,S_0040525,1,1,1,0,0,1,0.0,0.0,1.0,1,-0.0,False,False,False,False,False,0,0,1,0,1,1,0,0,0,0,1
baseline,S_0040527,1,1,1,0,0,1,0.0,0.0,1.0,1,-0.0,False,False,False,False,False,0,0,1,0,1,1,0,0,0,0,1
baseline,S_0040528,1,1,1,0,0,1,0.0,0.0,1.0,1,-0.0,False,False,False,False,False,0,0,1,0,1,1,0,0,0,0,1
baseline,S_0040529,1,1,1,0,0,1,0.0,0.0,1.0,1,-0.0,False,False,False,False,False,0,0,1,0,1,1,0,0,0,0,1
baseline,S_0040531,1,1,1,0,0,1,0.0,0.0,1.0,1,-0.0,False,False,False,False,False,0,0,1,0,1,1,0,0,0,0,1
baseline,S_0040532,2,2,1,0,0,2,0.0,0.0,1.0,1,-0.0,False,True,False,False,False,0,0,2,0,1,1,1,0,0,0,2
baseline,S_0040533,1,1,1,0,0,1,0.0,0.0,1.0,1,-0.0,False,False,False,False,False,0,0,1,0,1,0,1,0,0,0,1
baseline,S_0040540,1,1,1,0,0,1,0.0,0.0,1.0,1,-0.0,False,False,False,False,False,0,0,0,1,1,1,0,0,0,0,1
baseline,S_0040549,1,1,1,1,0,0,1.0,0.0,0.0,1,-0.0,False,False,False,False,False,0,0,0,1,1,0,0,0,0,1,1
baseline,S_0040570,6,6,5,0,4,2,0.0,0.6666666666666666,0.3333333333333333,2,0.5793801642856949,True,True,True,True,False,0,0,0,6,1,1,1,0,2,2,4
baseline,S_0040577,2,2,1,0,1,1,0.0,0.5,0.5,2,0.6309297535714574,False,True,False,False,False,0,0,2,0,1,0,0,1,0,1,2
baseline,S_0040584,1,1,1,0,1,0,0.0,1.0,0.0,1,-0.0,False,False,False,False,False,0,0,0,1,1,0,1,0,0,0,1
baseline,S_0040585,1,1,1,0,1,0,0.0,1.0,0.0,1,-0.0,False,False,False,False,False,0,0,0,1,1,0,0,0,1,0,1
baseline,S_0040586,1,1,1,0,1,0,0.0,1.0,0.0,1,-0.0,False,False,False,False,False,0,0,0,1,1,0,0,0,1,0,1
baseline,S_0040588,1,1,1,0,0,1,0.0,0.0,1.0,1,-0.0,False,False,False,False,False,0,0,1,0,1,0,0,1,0,0,1
baseline,S_0040589,1,1,1,0,0,1,0.0,0.0,1.0,1,-0.0,False,False,False,False,False,0,0,1,0,1,0,0,1,0,0,1
baseline,S_0040602,1,1,1,0,1,0,0.0,1.0,0.0,1,-0.0,False,False,False,False,False,0,0,1,0,1,0,1,0,0,0,1
baseline,S_0040603,1,1,1,1,0,0,1.0,0.0,0.0,1,-0.0,False,False,False,False,False,0,1,0,0,1,0,0,1,0,0,1
baseline,S_0040620,1,1,1,0,1,0,0.0,1.0,0.0,1,-0.0,False,False,False,False,False,0,0,0,1,1,0,0,0,0,1,1
baseline,S_0040622,1,1,1,0,1,0,0.0,1.0,0.0,1,-0.0,False,False,False,False,False,0,0,0,1,1,0,0,0,0,1,1
baseline,S_0040624,1,1,1,0,1,0,0.0,1.0,0.0,1,-0.0,False,False,False,False,False,0,0,0,1,1,0,0,0,0,1,1
baseline,S_0040627,1,1,1,0,1,0,0.0,1.0,0.0,1,-0.0,False,False,False,False,False,0,0,1,0,1,0,1,0,0,0,1
baseline,S_0040628,5,5,4,1,4,0,0.2,0.8,0.0,2,0.4554859150035952,True,True,True,True,False,0,0,1,4,2,0,2,0,1,2,3
baseline,S_0040630,1,1,1,0,1,0,0.0,1.0,0.0,1,-0.0,False,False,False,False,False,0,0,1,0,1,0,1,0,0,0,1
baseline,S_0040634,5,5,4,1,4,0,0.2,0.8,0.0,2,0.4554859150035952,True,True,True,True,False,0,0,2,3,2,0,1,0,2,2,3
baseline,S_0040635,5,5,4,1,4,0,0.2,0.8,0.0,2,0.4554859150035952,True,True,True,True,False,0,0,2,3,2,0,1,0,2,2,3
baseline,S_0040637,1,1,1,0,1,0,0.0,1.0,0.0,1,-0.0,False,False,False,False,False,0,0,0,1,1,1,0,0,0,0,1
baseline,S_0040638,1,1,1,0,1,0,0.0,1.0,0.0,1,-0.0,False,False,False,False,False,0,0,0,1,1,1,0,0,0,0,1
baseline,S_0040639,1,1,1,0,1,0,0.0,1.0,0.0,1,-0.0,False,False,False,False,False,0,0,0,1,1,1,0,0,0,0,1
baseline,S_0040641,1,1,1,0,1,0,0.0,1.0,0.0,1,-0.0,False,False,False,False,False,0,0,0,1,1,1,0,0,0,0,1
baseline,S_0040648,1,1,1,0,0,1,0.0,0.0,1.0,1,-0.0,False,False,False,False,False,0,0,1,0,1,1,0,0,0,0,1
baseline,S_0040650,1,1,1,0,0,1,0.0,0.0,1.0,1,-0.0,False,False,False,False,False,0,0,1,0,1,1,0,0,0,0,1
baseline,S_0040662,1,1,1,0,1,0,0.0,1.0,0.0,1,-0.0,False,False,False,False,False,0,0,1,0,1,1,0,0,0,0,1
baseline,S_0040664,1,1,1,0,1,0,0.0,1.0,0.0,1,-0.0,False,False,False,False,False,0,0,1,0,1,1,0,0,0,0,1
baseline,S_0040665,2,2,2,0,2,0,0.0,1.0,0.0,1,-0.0,False,True,False,False,False,0,0,0,2,1,0,0,0,2,0,1
baseline,S_0040688,1,1,1,0,1,0,0.0,1.0,0.0,1,-0.0,False,False,False,False,False,0,0,0,1,1,1,0,0,0,0,1
baseline,S_0040690,1,1,1,0,1,0,0.0,1.0,0.0,1,-0.0,False,False,False,False,False,0,0,1,0,1,0,0,0,1,0,1
baseline,S_0040691,2,2,1,0,1,1,0.0,0.5,0.5,2,0.6309297535714574,False,True,False,False,False,0,0,2,0,1,0,1,0,1,0,2
baseline,S_0040692,2,2,1,0,2,0,0.0,1.0,0.0,1,-0.0,False,True,False,False,False,0,0,2,0,1,0,0,0,1,1,2
baseline,S_0040693,4,4,2,0,3,1,0.0,0.75,0.25,2,0.5118595071429147,False,True,True,False,False,0,0,4,0,1,0,1,0,2,1,3
baseline,S_0040694,2,2,1,0,1,1,0.0,0.5,0.5,2,0.6309297535714574,False,True,False,False,False,0,0,2,0,1,0,1,0,1,0,2
baseline,S_0040695,4,4,2,0,3,1,0.0,0.75,0.25,2,0.5118595071429147,False,True,True,False,False,0,0,4,0,1,0,1,0,2,1,3
baseline,S_0040696,4,4,2,0,3,1,0.0,0.75,0.25,2,0.5118595071429147,False,True,True,False,False,0,0,4,0,1,0,1,0,2,1,3
baseline,S_0040698,2,2,2,0,1,1,0.0,0.5,0.5,2,0.6309297535714574,False,True,False,False,False,0,0,2,0,1,0,1,0,1,0,2
baseline,S_0040700,2,2,2,0,1,1,0.0,0.5,0.5,2,0.6309297535714574,False,True,False,False,False,0,0,2,0,1,0,1,0,1,0,2
baseline,S_0040702,2,2,2,0,1,1,0.0,0.5,0.5,2,0.6309297535714574,False,True,False,False,False,0,0,2,0,1,0,1,0,1,0,2
baseline,S_0040703,3,3,2,0,1,2,0.0,0.3333333333333333,0.6666666666666666,2,0.5793801642856949,False,True,True,False,False,0,0,3,0,1,1,1,0,1,0,3
baseline,S_0040705,3,3,2,0,1,2,0.0,0.3333333333333333,0.6666666666666666,2,0.5793801642856949,False,True,True,False,False,0,0,3,0,1,1,1,0,1,0,3
baseline,S_0040706,3,3,2,0,1,2,0.0,0.3333333333333333,0.6666666666666666,2,0.5793801642856949,False,True,True,False,False,0,0,3,0,1,1,1,0,1,0,3
baseline,S_0040708,1,1,1,0,1,0,0.0,1.0,0.0,1,-0.0,False,False,False,False,False,0,0,1,0,1,0,0,0,1,0,1
baseline,S_0040711,2,2,1,0,0,2,0.0,0.0,1.0,1,-0.0,False,True,False,False,False,0,0,2,0,1,1,1,0,0,0,2
baseline,S_0040712,2,2,1,0,1,1,0.0,0.5,0.5,2,0.6309297535714574,False,True,False,False,False,0,0,2,0,1,0,1,0,1,0,2
baseline,S_0040713,2,2,1,0,2,0,0.0,1.0,0.0,1,-0.0,False,True,False,False,False,0,0,2,0,1,0,0,0,1,1,2
baseline,S_0040714,1,1,1,0,0,1,0.0,0.0,1.0,1,-0.0,False,False,False,False,False,0,0,1,0,1,0,1,0,0,0,1
baseline,S_0040715,1,1,1,0,1,0,0.0,1.0,0.0,1,-0.0,False,False,False,False,False,0,0,1,0,1,0,0,0,0,1,1
baseline,S_0040793,1,1,1,0,1,0,0.0,1.0,0.0,1,-0.0,False,False,False,False,False,0,1,0,0,1,1,0,0,0,0,1
baseline,S_0040828,1,1,1,0,1,0,0.0,1.0,0.0,1,-0.0,False,False,False,False,False,0,0,1,0,1,0,0,1,0,0,1
baseline,S_0040835,3,3,3,1,1,1,0.3333333333333333,0.3333333333333333,0.3333333333333333,3,0.9999999999999998,False,True,True,False,False,0,0,0,3,1,2,0,0,0,1,2
baseline,S_0040840,2,2,2,0,2,0,0.0,1.0,0.0,1,-0.0,False,True,False,False,False,0,0,0,2,1,1,1,0,0,0,2
baseline,S_0040841,1,1,1,0,0,1,0.0,0.0,1.0,1,-0.0,False,False,False,False,False,0,0,1,0,1,0,0,1,0,0,1
baseline,S_0040920,1,1,1,0,1,0,0.0,1.0,0.0,1,-0.0,False,False,False,False,False,0,0,1,0,1,0,0,1,0,0,1
baseline,S_0040923,4,4,2,0,3,1,0.0,0.75,0.25,2,0.5118595071429147,False,True,True,False,False,0,0,4,0,1,2,0,0,1,1,3
baseline,S_0040955,1,1,1,0,1,0,0.0,1.0,0.0,1,-0.0,False,False,False,False,False,0,0,1,0,1,0,0,0,1,0,1
baseline,S_0040958,1,1,1,0,1,0,0.0,1.0,0.0,1,-0.0,False,False,False,False,False,0,0,1,0,1,0,0,0,1,0,1
baseline,S_0040959,1,1,1,0,1,0,0.0,1.0,0.0,1,-0.0,False,False,False,False,False,0,0,1,0,1,0,0,0,1,0,1
baseline,S_0040960,1,1,1,0,0,1,0.0,0.0,1.0,1,-0.0,False,False,False,False,False,0,0,1,0,1,0,1,0,0,0,1
baseline,S_0040961,1,1,1,0,0,1,0.0,0.0,1.0,1,-0.0,False,False,False,False,False,0,0,1,0,1,0,1,0,0,0,1
baseline,S_0040964,1,1,1,0,1,0,0.0,1.0,0.0,1,-0.0,False,False,False,False,False,0,0,1,0,1,0,0,0,1,0,1
baseline,S_0040966,1,1,1,0,0,1,0.0,0.0,1.0,1,-0.0,False,False,False,False,False,0,0,1,0,1,0,1,0,0,0,1
baseline,S_0040968,1,1,1,0,1,0,0.0,1.0,0.0,1,-0.0,False,False,False,False,False,0,0,1,0,1,0,0,0,1,0,1
baseline,S_0040969,1,1,1,0,0,1,0.0,0.0,1.0,1,-0.0,False,False,False,False,False,0,0,1,0,1,0,1,0,0,0,1
baseline,S_0040971,1,1,1,0,1,0,0.0,1.0,0.0,1,-0.0,False,False,False,False,False,0,0,1,0,1,0,0,0,1,0,1
baseline,S_0040973,1,1,1,0,1,0,0.0,1.0,0.0,1,-0.0,False,False,False,False,False,0,0,1,0,1,0,0,0,1,0,1
baseline,S_0040974,1,1,1,0,0,1,0.0,0.0,1.0,1,-0.0,False,False,False,False,False,0,0,1,0,1,0,1,0,0,0,1
baseline,S_0040976,1,1,1,0,0,1,0.0,0.0,1.0,1,-0.0,False,False,False,False,False,0,0,1,0,1,0,1,0,0,0,1
baseline,S_0040982,1,1,1,1,0,0,1.0,0.0,0.0,1,-0.0,False,False,False,False,False,0,0,0,1,1,1,0,0,0,0,1
baseline,S_0040984,2,1,2,1,0,0,1.0,0.0,0.0,1,-0.0,False,False,False,False,False,0,0,0,1,1,1,0,0,0,0,1
baseline,S_0040987,1,1,1,1,0,0,1.0,0.0,0.0,1,-0.0,False,False,False,False,False,0,0,0,1,1,0,0,0,0,1,1
baseline,S_0040988,1,1,1,1,0,0,1.0,0.0,0.0,1,-0.0,False,False,False,False,False,0,0,0,1,1,0,0,0,0,1,1
baseline,S_0041021,2,2,1,0,0,2,0.0,0.0,1.0,1,-0.0,False,True,False,False,False,0,0,2,0,1,0,0,0,2,0,1
baseline,S_0041028,2,2,1,0,2,0,0.0,1.0,0.0,1,-0.0,False,True,False,False,False,0,0,2,0,1,0,1,0,1,0,2
baseline,S_0041037,1,1,1,0,1,0,0.0,1.0,0.0,1,-0.0,False,False,False,False,False,0,1,0,0,1,0,0,0,1,0,1
baseline,S_0041039,1,1,1,0,1,0,0.0,1.0,0.0,1,-0.0,False,False,False,False,False,0,1,0,0,1,0,0,0,1,0,1
baseline,S_0041041,1,1,1,0,1,0,0.0,1.0,0.0,1,-0.0,False,False,False,False,False,0,1,0,0,1,0,0,0,1,0,1
baseline,S_0041042,1,1,1,0,1,0,0.0,1.0,0.0,1,-0.0,False,False,False,False,False,0,1,0,0,1,0,0,0,1,0,1
baseline,S_0041043,1,1,1,0,1,0,0.0,1.0,0.0,1,-0.0,False,False,False,False,False,0,1,0,0,1,0,0,0,1,0,1
baseline,S_0041046,2,2,2,0,1,1,0.0,0.5,0.5,2,0.6309297535714574,False,True,False,False,False,0,0,0,2,1,2,0,0,0,0,1
baseline,S_0041048,4,2,4,0,1,1,0.0,0.5,0.5,2,0.6309297535714574,False,True,False,False,False,0,0,0,2,1,2,0,0,0,0,1
baseline,S_0041074,1,1,1,0,1,0,0.0,1.0,0.0,1,-0.0,False,False,False,False,False,0,0,1,0,1,1,0,0,0,0,1
baseline,S_0041076,1,1,1,0,1,0,0.0,1.0,0.0,1,-0.0,False,False,False,False,False,0,0,1,0,1,1,0,0,0,0,1
baseline,S_0041077,1,1,1,0,1,0,0.0,1.0,0.0,1,-0.0,False,False,False,False,False,0,0,1,0,1,1,0,0,0,0,1
baseline,S_0041090,1,1,1,0,1,0,0.0,1.0,0.0,1,-0.0,False,False,False,False,False,0,0,1,0,1,1,0,0,0,0,1
baseline,S_0041093,1,1,1,0,0,1,0.0,0.0,1.0,1,-0.0,False,False,False,False,False,0,0,1,0,1,0,0,0,1,0,1
baseline,S_0041120,13,5,13,1,2,2,0.2,0.4,0.4,3,0.9602297178607612,True,True,True,True,False,0,0,0,5,1,1,2,1,0,1,4
baseline,S_0041128,1,1,1,0,1,0,0.0,1.0,0.0,1,-0.0,False,False,False,False,False,0,1,0,0,1,0,0,0,1,0,1
baseline,S_0041129,1,1,1,0,0,1,0.0,0.0,1.0,1,-0.0,False,False,False,False,False,0,0,0,1,1,0,1,0,0,0,1
baseline,S_0041130,1,1,1,0,1,0,0.0,1.0,0.0,1,-0.0,False,False,False,False,False,0,1,0,0,1,0,0,0,1,0,1
baseline,S_0041149,1,1,1,0,1,0,0.0,1.0,0.0,1,-0.0,False,False,False,False,False,0,0,0,1,1,1,0,0,0,0,1
baseline,S_0041151,1,1,1,0,1,0,0.0,1.0,0.0,1,-0.0,False,False,False,False,False,0,0,0,1,1,1,0,0,0,0,1
baseline,S_0041165,1,1,1,0,1,0,0.0,1.0,0.0,1,-0.0,False,False,False,False,False,0,0,0,1,1,1,0,0,0,0,1
baseline,S_0041168,1,1,1,0,1,0,0.0,1.0,0.0,1,-0.0,False,False,False,False,False,0,0,0,1,1,1,0,0,0,0,1
baseline,S_0041174,1,1,1,0,1,0,0.0,1.0,0.0,1,-0.0,False,False,False,False,False,0,1,0,0,1,0,0,0,1,0,1
baseline,S_0041179,1,1,1,0,1,0,0.0,1.0,0.0,1,-0.0,False,False,False,False,False,0,1,0,0,1,0,0,0,1,0,1
baseline,S_0041180,1,1,1,0,1,0,0.0,1.0,0.0,1,-0.0,False,False,False,False,False,0,0,0,1,1,1,0,0,0,0,1
baseline,S_0041188,4,3,4,1,2,0,0.3333333333333333,0.6666666666666666,0.0,2,0.5793801642856949,False,True,True,False,False,0,0,0,3,1,1,1,0,0,1,3
baseline,S_0041190,2,2,1,2,0,0,1.0,0.0,0.0,1,-0.0,False,True,False,False,False,0,0,2,0,1,2,0,0,0,0,1
baseline,S_0041191,3,3,2,2,0,1,0.6666666666666666,0.0,0.3333333333333333,2,0.5793801642856949,False,True,True,False,False,0,0,2,1,2,2,0,0,0,1,2
baseline,S_0041206,1,1,1,0,1,0,0.0,1.0,0.0,1,-0.0,False,False,False,False,False,0,0,0,1,1,1,0,0,0,0,1
baseline,S_0041208,2,2,1,2,0,0,1.0,0.0,0.0,1,-0.0,False,True,False,False,False,0,0,2,0,1,2,0,0,0,0,1
baseline,S_0041209,2,2,1,0,2,0,0.0,1.0,0.0,1,-0.0,False,True,False,False,False,0,0,2,0,1,0,1,0,1,0,2
baseline,S_0041210,3,3,2,0,3,0,0.0,1.0,0.0,1,-0.0,False,True,True,False,False,0,1,2,0,2,1,1,0,1,0,3
baseline,S_0041211,1,1,1,0,1,0,0.0,1.0,0.0,1,-0.0,False,False,False,False,False,0,1,0,0,1,1,0,0,0,0,1
baseline,S_0041212,2,2,1,0,2,0,0.0,1.0,0.0,1,-0.0,False,True,False,False,False,0,0,2,0,1,0,1,0,1,0,2
baseline,S_0041214,1,1,1,0,1,0,0.0,1.0,0.0,1,-0.0,False,False,False,False,False,0,1,0,0,1,1,0,0,0,0,1
baseline,S_0041216,1,1,1,0,1,0,0.0,1.0,0.0,1,-0.0,False,False,False,False,False,0,1,0,0,1,1,0,0,0,0,1
baseline,S_0041218,1,1,1,0,1,0,0.0,1.0,0.0,1,-0.0,False,False,False,False,False,0,1,0,0,1,1,0,0,0,0,1
baseline,S_0041219,1,1,1,0,1,0,0.0,1.0,0.0,1,-0.0,False,False,False,False,False,0,1,0,0,1,1,0,0,0,0,1
baseline,S_0041220,1,1,1,0,1,0,0.0,1.0,0.0,1,-0.0,False,False,False,False,False,0,1,0,0,1,1,0,0,0,0,1
baseline,S_0041221,3,3,2,0,3,0,0.0,1.0,0.0,1,-0.0,False,True,True,False,False,0,1,2,0,2,1,1,0,1,0,3
baseline,S_0041222,1,1,1,0,1,0,0.0,1.0,0.0,1,-0.0,False,False,False,False,False,0,1,0,0,1,1,0,0,0,0,1
baseline,S_0041223,1,1,1,0,1,0,0.0,1.0,0.0,1,-0.0,False,False,False,False,False,0,1,0,0,1,1,0,0,0,0,1
baseline,S_0041225,2,2,2,0,1,1,0.0,0.5,0.5,2,0.6309297535714574,False,True,False,False,False,0,0,1,1,2,0,0,1,1,0,2
baseline,S_0041226,2,2,2,0,1,1,0.0,0.5,0.5,2,0.6309297535714574,False,True,False,False,False,0,0,1,1,2,0,0,1,1,0,2
baseline,S_0041250,2,2,2,1,1,0,0.5,0.5,0.0,2,0.6309297535714574,False,True,False,False,False,0,1,1,0,2,1,0,0,0,1,2
baseline,S_0041300,1,1,1,0,1,0,0.0,1.0,0.0,1,-0.0,False,False,False,False,False,0,0,1,0,1,0,0,1,0,0,1
baseline,S_0041370,1,1,1,0,1,0,0.0,1.0,0.0,1,-0.0,False,False,False,False,False,0,0,1,0,1,0,0,0,0,1,1
baseline,S_0041372,1,1,1,0,1,0,0.0,1.0,0.0,1,-0.0,False,False,False,False,False,0,0,1,0,1,0,0,0,0,1,1
baseline,S_0041376,1,1,1,0,1,0,0.0,1.0,0.0,1,-0.0,False,False,False,False,False,0,0,1,0,1,0,0,0,0,1,1
baseline,S_0041414,2,2,2,0,2,0,0.0,1.0,0.0,1,-0.0,False,True,False,False,False,0,0,0,2,1,0,0,0,2,0,1
baseline,S_0041415,2,2,2,0,2,0,0.0,1.0,0.0,1,-0.0,False,True,False,False,False,0,0,0,2,1,0,0,0,2,0,1
baseline,S_0041423,3,2,3,0,2,0,0.0,1.0,0.0,1,-0.0,False,True,False,False,False,0,0,0,2,1,0,0,0,2,0,1
baseline,S_0041424,1,1,1,1,0,0,1.0,0.0,0.0,1,-0.0,False,False,False,False,False,0,0,1,0,1,0,1,0,0,0,1
baseline,S_0041425,1,1,1,1,0,0,1.0,0.0,0.0,1,-0.0,False,False,False,False,False,0,0,1,0,1,0,1,0,0,0,1
baseline,S_0041427,1,1,1,1,0,0,1.0,0.0,0.0,1,-0.0,False,False,False,False,False,0,0,1,0,1,0,1,0,0,0,1
baseline,S_0041428,1,1,1,1,0,0,1.0,0.0,0.0,1,-0.0,False,False,False,False,False,0,0,1,0,1,0,1,0,0,0,1
baseline,S_0041429,1,1,1,1,0,0,1.0,0.0,0.0,1,-0.0,False,False,False,False,False,0,0,1,0,1,0,1,0,0,0,1
baseline,S_0041431,1,1,1,1,0,0,1.0,0.0,0.0,1,-0.0,False,False,False,False,False,0,0,1,0,1,0,1,0,0,0,1
baseline,S_0041451,1,1,1,0,0,1,0.0,0.0,1.0,1,-0.0,False,False,False,False,False,0,0,1,0,1,1,0,0,0,0,1
baseline,S_0041452,1,1,1,0,0,1,0.0,0.0,1.0,1,-0.0,False,False,False,False,False,0,0,1,0,1,1,0,0,0,0,1
baseline,S_0041454,1,1,1,0,0,1,0.0,0.0,1.0,1,-0.0,False,False,False,False,False,0,0,1,0,1,1,0,0,0,0,1
baseline,S_0041456,3,3,1,0,2,1,0.0,0.6666666666666666,0.3333333333333333,2,0.5793801642856949,False,True,True,False,False,0,0,3,0,1,1,1,1,0,0,3
baseline,S_0041457,2,2,1,0,2,0,0.0,1.0,0.0,1,-0.0,False,True,False,False,False,0,0,2,0,1,0,1,1,0,0,2
baseline,S_0041490,1,1,1,0,1,0,0.0,1.0,0.0,1,-0.0,False,False,False,False,False,0,0,1,0,1,0,0,0,0,1,1
baseline,S_0041491,1,1,1,0,1,0,0.0,1.0,0.0,1,-0.0,False,False,False,False,False,0,0,1,0,1,0,0,0,0,1,1
baseline,S_0041494,1,1,1,0,1,0,0.0,1.0,0.0,1,-0.0,False,False,False,False,False,0,0,1,0,1,0,0,0,0,1,1
baseline,S_0041497,1,1,1,0,1,0,0.0,1.0,0.0,1,-0.0,False,False,False,False,False,0,0,1,0,1,0,0,0,0,1,1
baseline,S_0041506,1,1,1,0,0,1,0.0,0.0,1.0,1,-0.0,False,False,False,False,False,0,0,1,0,1,1,0,0,0,0,1
baseline,S_0041507,1,1,1,0,1,0,0.0,1.0,0.0,1,-0.0,False,False,False,False,False,0,1,0,0,1,1,0,0,0,0,1
baseline,S_0041508,2,2,2,0,1,1,0.0,0.5,0.5,2,0.6309297535714574,False,True,False,False,False,0,1,1,0,2,2,0,0,0,0,1
baseline,S_0041510,1,1,1,0,1,0,0.0,1.0,0.0,1,-0.0,False,False,False,False,False,0,0,0,1,1,0,0,0,0,1,1
baseline,S_0041511,1,1,1,0,1,0,0.0,1.0,0.0,1,-0.0,False,False,False,False,False,0,0,0,1,1,0,0,0,0,1,1
baseline,S_0041513,1,1,1,0,1,0,0.0,1.0,0.0,1,-0.0,False,False,False,False,False,0,0,0,1,1,0,0,0,0,1,1
baseline,S_0041516,1,1,1,0,1,0,0.0,1.0,0.0,1,-0.0,False,False,False,False,False,0,0,0,1,1,0,0,0,0,1,1
baseline,S_0041517,1,1,1,0,1,0,0.0,1.0,0.0,1,-0.0,False,False,False,False,False,0,0,0,1,1,0,0,0,0,1,1
baseline,S_0041519,1,1,1,0,1,0,0.0,1.0,0.0,1,-0.0,False,False,False,False,False,0,0,0,1,1,0,0,0,0,1,1
baseline,S_0041531,1,1,1,0,1,0,0.0,1.0,0.0,1,-0.0,False,False,False,False,False,0,0,0,1,1,0,0,0,0,1,1
baseline,S_0041537,1,1,1,0,0,1,0.0,0.0,1.0,1,-0.0,False,False,False,False,False,0,0,1,0,1,1,0,0,0,0,1
baseline,S_0041542,1,1,1,0,0,1,0.0,0.0,1.0,1,-0.0,False,False,False,False,False,0,0,1,0,1,1,0,0,0,0,1
baseline,S_0041543,1,1,1,0,0,1,0.0,0.0,1.0,1,-0.0,False,False,False,False,False,0,0,1,0,1,1,0,0,0,0,1
baseline,S_0041550,1,1,1,0,1,0,0.0,1.0,0.0,1,-0.0,False,False,False,False,False,0,0,0,1,1,1,0,0,0,0,1
baseline,S_0041551,1,1,1,0,1,0,0.0,1.0,0.0,1,-0.0,False,False,False,False,False,0,0,0,1,1,1,0,0,0,0,1
baseline,S_0041553,1,1,1,0,1,0,0.0,1.0,0.0,1,-0.0,False,False,False,False,False,0,0,0,1,1,1,0,0,0,0,1
baseline,S_0041556,1,1,1,0,0,1,0.0,0.0,1.0,1,-0.0,False,False,False,False,False,0,0,1,0,1,1,0,0,0,0,1
baseline,S_0041564,1,1,1,0,1,0,0.0,1.0,0.0,1,-0.0,False,False,False,False,False,0,0,1,0,1,0,1,0,0,0,1
baseline,S_0041565,1,1,1,0,1,0,0.0,1.0,0.0,1,-0.0,False,False,False,False,False,0,0,1,0,1,0,1,0,0,0,1
baseline,S_0041578,1,1,1,0,1,0,0.0,1.0,0.0,1,-0.0,False,False,False,False,False,0,0,1,0,1,0,1,0,0,0,1
baseline,S_0041579,1,1,1,0,1,0,0.0,1.0,0.0,1,-0.0,False,False,False,False,False,0,0,1,0,1,0,1,0,0,0,1
baseline,S_0041591,1,1,1,0,1,0,0.0,1.0,0.0,1,-0.0,False,False,False,False,False,0,0,1,0,1,0,1,0,0,0,1
baseline,S_0041619,1,1,1,0,1,0,0.0,1.0,0.0,1,-0.0,False,False,False,False,False,0,0,1,0,1,0,1,0,0,0,1
baseline,S_0041638,1,1,1,0,1,0,0.0,1.0,0.0,1,-0.0,False,False,False,False,False,0,0,0,1,1,1,0,0,0,0,1
baseline,S_0041639,1,1,1,0,1,0,0.0,1.0,0.0,1,-0.0,False,False,False,False,False,0,0,0,1,1,1,0,0,0,0,1
baseline,S_0041641,1,1,1,1,0,0,1.0,0.0,0.0,1,-0.0,False,False,False,False,False,0,0,1,0,1,1,0,0,0,0,1
baseline,S_0041643,1,1,1,1,0,0,1.0,0.0,0.0,1,-0.0,False,False,False,False,False,0,0,1,0,1,1,0,0,0,0,1
baseline,S_0041644,1,1,1,1,0,0,1.0,0.0,0.0,1,-0.0,False,False,False,False,False,0,0,1,0,1,1,0,0,0,0,1
baseline,S_0041652,1,1,1,0,1,0,0.0,1.0,0.0,1,-0.0,False,False,False,False,False,0,0,0,1,1,1,0,0,0,0,1
baseline,S_0041656,1,1,1,0,1,0,0.0,1.0,0.0,1,-0.0,False,False,False,False,False,0,0,0,1,1,1,0,0,0,0,1
baseline,S_0041666,3,2,3,1,1,0,0.5,0.5,0.0,2,0.6309297535714574,False,True,False,False,False,0,0,0,2,1,0,1,0,0,1,2
baseline,S_0041667,3,2,3,1,1,0,0.5,0.5,0.0,2,0.6309297535714574,False,True,False,False,False,0,0,0,2,1,0,1,0,0,1,2
baseline,S_0041680,3,2,3,1,1,0,0.5,0.5,0.0,2,0.6309297535714574,False,True,False,False,False,0,0,0,2,1,0,1,0,0,1,2
baseline,S_0041700,3,2,3,1,1,0,0.5,0.5,0.0,2,0.6309297535714574,False,True,False,False,False,0,0,0,2,1,0,1,0,0,1,2
baseline,S_0041701,3,2,3,1,1,0,0.5,0.5,0.0,2,0.6309297535714574,False,True,False,False,False,0,0,0,2,1,0,1,0,0,1,2
baseline,S_0041714,3,2,3,1,1,0,0.5,0.5,0.0,2,0.6309297535714574,False,True,False,False,False,0,0,0,2,1,0,1,0,0,1,2
baseline,S_0041724,3,2,3,1,1,0,0.5,0.5,0.0,2,0.6309297535714574,False,True,False,False,False,0,0,0,2,1,0,1,0,0,1,2
baseline,S_0041725,3,2,3,1,1,0,0.5,0.5,0.0,2,0.6309297535714574,False,True,False,False,False,0,0,0,2,1,0,1,0,0,1,2
baseline,S_0041728,3,2,3,1,1,0,0.5,0.5,0.0,2,0.6309297535714574,False,True,False,False,False,0,0,0,2,1,0,1,0,0,1,2
baseline,S_0041730,3,2,3,1,1,0,0.5,0.5,0.0,2,0.6309297535714574,False,True,False,False,False,0,0,0,2,1,0,1,0,0,1,2
baseline,S_0041733,3,2,3,1,1,0,0.5,0.5,0.0,2,0.6309297535714574,False,True,False,False,False,0,0,0,2,1,0,1,0,0,1,2
baseline,S_0041735,3,2,3,1,1,0,0.5,0.5,0.0,2,0.6309297535714574,False,True,False,False,False,0,0,0,2,1,0,1,0,0,1,2
baseline,S_0041803,4,2,4,1,1,0,0.5,0.5,0.0,2,0.6309297535714574,False,True,False,False,False,0,0,0,2,1,0,1,0,0,1,2
baseline,S_0041804,1,1,1,1,0,0,1.0,0.0,0.0,1,-0.0,False,False,False,False,False,0,0,0,1,1,0,0,0,0,1,1
baseline,S_0041805,1,1,1,0,1,0,0.0,1.0,0.0,1,-0.0,False,False,False,False,False,0,0,1,0,1,1,0,0,0,0,1
baseline,S_0041806,1,1,1,1,0,0,1.0,0.0,0.0,1,-0.0,False,False,False,False,False,0,0,0,1,1,0,0,0,0,1,1
baseline,S_0041809,1,1,1,1,0,0,1.0,0.0,0.0,1,-0.0,False,False,False,False,False,0,0,0,1,1,0,0,0,0,1,1
baseline,S_0041812,1,1,1,1,0,0,1.0,0.0,0.0,1,-0.0,False,False,False,False,False,0,0,0,1,1,0,0,0,0,1,1
baseline,S_0041813,1,1,1,1,0,0,1.0,0.0,0.0,1,-0.0,False,False,False,False,False,0,0,0,1,1,0,0,0,0,1,1
baseline,S_0041816,1,1,1,1,0,0,1.0,0.0,0.0,1,-0.0,False,False,False,False,False,0,0,0,1,1,0,0,0,0,1,1
baseline,S_0041817,1,1,1,1,0,0,1.0,0.0,0.0,1,-0.0,False,False,False,False,False,0,0,0,1,1,0,0,0,0,1,1
baseline,S_0041819,2,1,2,1,0,0,1.0,0.0,0.0,1,-0.0,False,False,False,False,False,0,0,0,1,1,0,0,0,0,1,1
baseline,S_0041820,1,1,1,1,0,0,1.0,0.0,0.0,1,-0.0,False,False,False,False,False,0,0,0,1,1,0,0,0,0,1,1
baseline,S_0041824,1,1,1,0,1,0,0.0,1.0,0.0,1,-0.0,False,False,False,False,False,0,0,0,1,1,1,0,0,0,0,1
baseline,S_0041826,1,1,1,0,1,0,0.0,1.0,0.0,1,-0.0,False,False,False,False,False,0,0,0,1,1,1,0,0,0,0,1
baseline,S_0041828,2,2,2,1,1,0,0.5,0.5,0.0,2,0.6309297535714574,False,True,False,False,False,0,0,1,1,2,2,0,0,0,0,1
baseline,S_0041829,1,1,1,1,0,0,1.0,0.0,0.0,1,-0.0,False,False,False,False,False,0,0,1,0,1,1,0,0,0,0,1
baseline,S_0041835,1,1,1,0,1,0,0.0,1.0,0.0,1,-0.0,False,False,False,False,False,0,0,0,1,1,1,0,0,0,0,1
baseline,S_0041837,1,1,1,0,1,0,0.0,1.0,0.0,1,-0.0,False,False,False,False,False,0,0,1,0,1,1,0,0,0,0,1
baseline,S_0041839,1,1,1,0,1,0,0.0,1.0,0.0,1,-0.0,False,False,False,False,False,0,0,1,0,1,1,0,0,0,0,1
baseline,S_0041850,1,1,1,1,0,0,1.0,0.0,0.0,1,-0.0,False,False,False,False,False,0,0,1,0,1,1,0,0,0,0,1
baseline,S_0041851,1,1,1,1,0,0,1.0,0.0,0.0,1,-0.0,False,False,False,False,False,0,0,1,0,1,1,0,0,0,0,1
baseline,S_0041854,1,1,1,1,0,0,1.0,0.0,0.0,1,-0.0,False,False,False,False,False,0,0,1,0,1,1,0,0,0,0,1
baseline,S_0042021,5,5,4,2,2,1,0.4,0.4,0.2,3,0.9602297178607612,True,True,True,True,False,0,0,0,5,1,2,2,1,0,0,3
baseline,S_0042072,1,1,1,0,1,0,0.0,1.0,0.0,1,-0.0,False,False,False,False,False,0,0,1,0,1,0,1,0,0,0,1
baseline,S_0042084,1,1,1,0,0,1,0.0,0.0,1.0,1,-0.0,False,False,False,False,False,0,0,0,1,1,0,1,0,0,0,1
baseline,S_0042085,2,2,2,0,1,1,0.0,0.5,0.5,2,0.6309297535714574,False,True,False,False,False,0,0,0,2,1,1,1,0,0,0,2
baseline,S_0042086,1,1,1,0,0,1,0.0,0.0,1.0,1,-0.0,False,False,False,False,False,0,0,0,1,1,0,1,0,0,0,1
baseline,S_0042087,2,2,2,0,1,1,0.0,0.5,0.5,2,0.6309297535714574,False,True,False,False,False,0,0,0,2,1,1,1,0,0,0,2
baseline,S_0042088,2,2,2,0,1,1,0.0,0.5,0.5,2,0.6309297535714574,False,True,False,False,False,0,0,0,2,1,1,1,0,0,0,2
baseline,S_0042089,1,1,1,0,0,1,0.0,0.0,1.0,1,-0.0,False,False,False,False,False,0,0,0,1,1,0,1,0,0,0,1
baseline,S_0042097,1,1,1,0,0,1,0.0,0.0,1.0,1,-0.0,False,False,False,False,False,0,0,0,1,1,0,1,0,0,0,1
baseline,S_0042107,2,2,1,0,1,1,0.0,0.5,0.5,2,0.6309297535714574,False,True,False,False,False,0,0,2,0,1,0,0,1,1,0,2
baseline,S_0042131,1,1,1,0,1,0,0.0,1.0,0.0,1,-0.0,False,False,False,False,False,0,0,1,0,1,0,0,1,0,0,1
baseline,S_0042150,1,1,1,0,0,1,0.0,0.0,1.0,1,-0.0,False,False,False,False,False,1,0,0,0,1,1,0,0,0,0,1
baseline,S_0042151,1,1,1,0,0,1,0.0,0.0,1.0,1,-0.0,False,False,False,False,False,0,0,0,1,1,1,0,0,0,0,1
baseline,S_0042195,2,2,1,1,1,0,0.5,0.5,0.0,2,0.6309297535714574,False,True,False,False,False,0,0,0,2,1,1,0,0,1,0,2
baseline,S_0042210,1,1,1,0,0,1,0.0,0.0,1.0,1,-0.0,False,False,False,False,False,1,0,0,0,1,1,0,0,0,0,1
baseline,S_0042216,1,1,1,0,1,0,0.0,1.0,0.0,1,-0.0,False,False,False,False,False,0,0,1,0,1,1,0,0,0,0,1
baseline,S_0042219,1,1,1,0,1,0,0.0,1.0,0.0,1,-0.0,False,False,False,False,False,0,0,1,0,1,1,0,0,0,0,1
baseline,S_0042224,1,1,1,0,0,1,0.0,0.0,1.0,1,-0.0,False,False,False,False,False,1,0,0,0,1,1,0,0,0,0,1
baseline,S_0042225,1,1,1,0,0,1,0.0,0.0,1.0,1,-0.0,False,False,False,False,False,1,0,0,0,1,1,0,0,0,0,1
baseline,S_0042229,1,1,1,0,1,0,0.0,1.0,0.0,1,-0.0,False,False,False,False,False,0,0,1,0,1,1,0,0,0,0,1
baseline,S_0042230,1,1,1,0,0,1,0.0,0.0,1.0,1,-0.0,False,False,False,False,False,1,0,0,0,1,1,0,0,0,0,1
baseline,S_0042231,1,1,1,0,1,0,0.0,1.0,0.0,1,-0.0,False,False,False,False,False,0,0,1,0,1,1,0,0,0,0,1
baseline,S_0042246,1,1,1,0,1,0,0.0,1.0,0.0,1,-0.0,False,False,False,False,False,0,0,1,0,1,1,0,0,0,0,1
baseline,S_0042248,1,1,1,0,1,0,0.0,1.0,0.0,1,-0.0,False,False,False,False,False,0,0,1,0,1,1,0,0,0,0,1
baseline,S_0042252,1,1,1,0,0,1,0.0,0.0,1.0,1,-0.0,False,False,False,False,False,1,0,0,0,1,1,0,0,0,0,1
baseline,S_0042254,1,1,1,0,1,0,0.0,1.0,0.0,1,-0.0,False,False,False,False,False,0,0,1,0,1,1,0,0,0,0,1
baseline,S_0042256,1,1,1,0,1,0,0.0,1.0,0.0,1,-0.0,False,False,False,False,False,0,0,1,0,1,1,0,0,0,0,1
baseline,S_0042258,2,2,1,0,2,0,0.0,1.0,0.0,1,-0.0,False,True,False,False,False,0,0,2,0,1,0,1,0,1,0,2
baseline,S_0042259,2,2,1,0,2,0,0.0,1.0,0.0,1,-0.0,False,True,False,False,False,0,0,2,0,1,0,1,0,1,0,2
baseline,S_0042262,2,2,1,0,2,0,0.0,1.0,0.0,1,-0.0,False,True,False,False,False,0,0,2,0,1,0,1,0,1,0,2
baseline,S_0042265,2,2,1,0,2,0,0.0,1.0,0.0,1,-0.0,False,True,False,False,False,0,0,2,0,1,0,1,0,1,0,2
baseline,S_0042268,2,2,1,0,2,0,0.0,1.0,0.0,1,-0.0,False,True,False,False,False,0,0,2,0,1,0,1,0,1,0,2
baseline,S_0042271,2,2,1,0,2,0,0.0,1.0,0.0,1,-0.0,False,True,False,False,False,0,0,2,0,1,0,1,0,1,0,2
baseline,S_0042274,2,2,1,0,2,0,0.0,1.0,0.0,1,-0.0,False,True,False,False,False,0,0,2,0,1,0,1,0,1,0,2
baseline,S_0042277,2,2,1,0,2,0,0.0,1.0,0.0,1,-0.0,False,True,False,False,False,0,0,2,0,1,0,1,0,1,0,2
baseline,S_0042280,2,2,1,0,2,0,0.0,1.0,0.0,1,-0.0,False,True,False,False,False,0,0,2,0,1,0,1,0,1,0,2
baseline,S_0042288,1,1,1,0,1,0,0.0,1.0,0.0,1,-0.0,False,False,False,False,False,0,0,1,0,1,1,0,0,0,0,1
baseline,S_0042290,1,1,1,0,1,0,0.0,1.0,0.0,1,-0.0,False,False,False,False,False,0,0,1,0,1,1,0,0,0,0,1
baseline,S_0042300,1,1,1,0,1,0,0.0,1.0,0.0,1,-0.0,False,False,False,False,False,0,0,1,0,1,1,0,0,0,0,1
baseline,S_0042324,1,1,1,0,0,1,0.0,0.0,1.0,1,-0.0,False,False,False,False,False,0,0,1,0,1,0,0,0,1,0,1
baseline,S_0042338,2,2,2,1,1,0,0.5,0.5,0.0,2,0.6309297535714574,False,True,False,False,False,0,0,0,2,1,0,0,0,1,1,2
baseline,S_0042339,2,2,2,1,1,0,0.5,0.5,0.0,2,0.6309297535714574,False,True,False,False,False,0,0,0,2,1,0,0,0,1,1,2
baseline,S_0042343,2,2,2,1,1,0,0.5,0.5,0.0,2,0.6309297535714574,False,True,False,False,False,0,0,0,2,1,0,0,0,1,1,2
baseline,S_0042345,2,2,2,1,1,0,0.5,0.5,0.0,2,0.6309297535714574,False,True,False,False,False,0,0,0,2,1,0,0,0,1,1,2
baseline,S_0042348,2,2,2,1,1,0,0.5,0.5,0.0,2,0.6309297535714574,False,True,False,False,False,0,0,0,2,1,0,0,0,1,1,2
baseline,S_0042353,2,2,2,1,1,0,0.5,0.5,0.0,2,0.6309297535714574,False,True,False,False,False,0,0,0,2,1,0,0,0,1,1,2
baseline,S_0042354,2,2,2,1,1,0,0.5,0.5,0.0,2,0.6309297535714574,False,True,False,False,False,0,0,0,2,1,0,0,0,1,1,2
baseline,S_0042358,2,2,2,1,1,0,0.5,0.5,0.0,2,0.6309297535714574,False,True,False,False,False,0,0,0,2,1,0,0,0,1,1,2
baseline,S_0042359,2,2,2,1,1,0,0.5,0.5,0.0,2,0.6309297535714574,False,True,False,False,False,0,0,0,2,1,0,0,0,1,1,2
baseline,S_0042362,8,6,7,0,5,1,0.0,0.8333333333333334,0.16666666666666666,2,0.41011848630651804,True,True,True,True,False,0,0,0,6,1,0,1,0,3,2,3
baseline,S_0042364,1,1,1,0,1,0,0.0,1.0,0.0,1,-0.0,False,False,False,False,False,0,1,0,0,1,1,0,0,0,0,1
baseline,S_0042365,1,1,1,0,1,0,0.0,1.0,0.0,1,-0.0,False,False,False,False,False,0,1,0,0,1,1,0,0,0,0,1
baseline,S_0042366,1,1,1,0,1,0,0.0,1.0,0.0,1,-0.0,False,False,False,False,False,0,1,0,0,1,1,0,0,0,0,1
baseline,S_0042368,1,1,1,0,1,0,0.0,1.0,0.0,1,-0.0,False,False,False,False,False,0,1,0,0,1,1,0,0,0,0,1
baseline,S_0042371,1,1,1,1,0,0,1.0,0.0,0.0,1,-0.0,False,False,False,False,False,0,0,1,0,1,1,0,0,0,0,1
baseline,S_0042372,1,1,1,1,0,0,1.0,0.0,0.0,1,-0.0,False,False,False,False,False,0,0,1,0,1,1,0,0,0,0,1
baseline,S_0042373,1,1,1,1,0,0,1.0,0.0,0.0,1,-0.0,False,False,False,False,False,0,0,1,0,1,1,0,0,0,0,1
baseline,S_0042397,1,1,1,0,1,0,0.0,1.0,0.0,1,-0.0,False,False,False,False,False,0,0,1,0,1,0,1,0,0,0,1
baseline,S_0042400,1,1,1,0,1,0,0.0,1.0,0.0,1,-0.0,False,False,False,False,False,0,1,0,0,1,1,0,0,0,0,1
baseline,S_0042401,1,1,1,0,1,0,0.0,1.0,0.0,1,-0.0,False,False,False,False,False,0,1,0,0,1,1,0,0,0,0,1
baseline,S_0042420,1,1,1,0,1,0,0.0,1.0,0.0,1,-0.0,False,False,False,False,False,0,0,1,0,1,0,0,1,0,0,1
baseline,S_0042461,1,1,1,0,1,0,0.0,1.0,0.0,1,-0.0,False,False,False,False,False,0,0,0,1,1,0,0,0,0,1,1
baseline,S_0042477,11,6,11,1,3,2,0.16666666666666666,0.5,0.3333333333333333,3,0.920619835714305,True,True,True,True,False,0,1,0,5,2,2,1,0,2,1,4
baseline,S_0042478,5,5,5,1,3,1,0.2,0.6,0.2,3,0.8649735207179272,True,True,True,True,False,0,0,0,5,1,1,1,0,2,1,4
baseline,S_0042486,1,1,1,1,0,0,1.0,0.0,0.0,1,-0.0,False,False,False,False,False,0,0,1,0,1,0,1,0,0,0,1
baseline,S_0042488,1,1,1,1,0,0,1.0,0.0,0.0,1,-0.0,False,False,False,False,False,0,0,1,0,1,0,1,0,0,0,1
baseline,S_0042490,1,1,1,1,0,0,1.0,0.0,0.0,1,-0.0,False,False,False,False,False,0,0,1,0,1,0,1,0,0,0,1
baseline,S_0042518,2,2,1,0,2,0,0.0,1.0,0.0,1,-0.0,False,True,False,False,False,0,0,2,0,1,1,0,0,1,0,2
baseline,S_0042520,2,2,1,0,2,0,0.0,1.0,0.0,1,-0.0,False,True,False,False,False,0,0,2,0,1,1,0,0,1,0,2
baseline,S_0042522,2,2,1,0,2,0,0.0,1.0,0.0,1,-0.0,False,True,False,False,False,0,0,2,0,1,1,0,0,1,0,2
baseline,S_0042527,2,2,1,0,1,1,0.0,0.5,0.5,2,0.6309297535714574,False,True,False,False,False,0,0,2,0,1,0,1,1,0,0,2
baseline,S_0042556,4,2,2,2,0,0,1.0,0.0,0.0,1,-0.0,False,True,False,False,False,0,0,0,2,1,1,0,0,1,0,2
baseline,S_0042559,6,2,3,2,0,0,1.0,0.0,0.0,1,-0.0,False,True,False,False,False,0,0,0,2,1,1,0,0,1,0,2
baseline,S_0042588,4,2,2,2,0,0,1.0,0.0,0.0,1,-0.0,False,True,False,False,False,0,0,0,2,1,1,0,0,1,0,2
baseline,S_0042589,4,2,2,2,0,0,1.0,0.0,0.0,1,-0.0,False,True,False,False,False,0,0,0,2,1,1,0,0,1,0,2
baseline,S_0042591,4,2,2,2,0,0,1.0,0.0,0.0,1,-0.0,False,True,False,False,False,0,0,0,2,1,1,0,0,1,0,2
baseline,S_0042596,4,2,2,2,0,0,1.0,0.0,0.0,1,-0.0,False,True,False,False,False,0,0,0,2,1,1,0,0,1,0,2
baseline,S_0042603,1,1,1,1,0,0,1.0,0.0,0.0,1,-0.0,False,False,False,False,False,0,1,0,0,1,0,0,1,0,0,1
baseline,S_0042628,1,1,1,0,0,1,0.0,0.0,1.0,1,-0.0,False,False,False,False,False,0,0,1,0,1,0,0,0,1,0,1
baseline,S_0042629,2,2,2,0,2,0,0.0,1.0,0.0,1,-0.0,False,True,False,False,False,0,1,1,0,2,1,0,0,0,1,2
baseline,S_0042631,2,2,2,0,2,0,0.0,1.0,0.0,1,-0.0,False,True,False,False,False,0,1,1,0,2,1,0,0,0,1,2
baseline,S_0042633,2,2,2,0,2,0,0.0,1.0,0.0,1,-0.0,False,True,False,False,False,0,1,1,0,2,1,0,0,0,1,2
baseline,S_0042634,2,2,2,1,1,0,0.5,0.5,0.0,2,0.6309297535714574,False,True,False,False,False,0,0,1,1,2,0,0,1,0,1,2
baseline,S_0042635,4,4,4,1,3,0,0.25,0.75,0.0,2,0.5118595071429147,False,True,True,False,False,0,1,2,1,3,1,0,1,0,2,3
baseline,S_0042636,2,2,2,0,2,0,0.0,1.0,0.0,1,-0.0,False,True,False,False,False,0,1,1,0,2,1,0,0,0,1,2
baseline,S_0042638,1,1,1,0,1,0,0.0,1.0,0.0,1,-0.0,False,False,False,False,False,0,0,1,0,1,1,0,0,0,0,1
baseline,S_0042639,1,1,1,0,1,0,0.0,1.0,0.0,1,-0.0,False,False,False,False,False,0,0,1,0,1,1,0,0,0,0,1
baseline,S_0042668,2,2,1,1,1,0,0.5,0.5,0.0,2,0.6309297535714574,False,True,False,False,False,0,0,2,0,1,1,0,0,0,1,2
baseline,S_0042691,2,1,2,0,0,1,0.0,0.0,1.0,1,-0.0,False,False,False,False,False,0,0,0,1,1,0,1,0,0,0,1
baseline,S_0042713,1,1,1,0,1,0,0.0,1.0,0.0,1,-0.0,False,False,False,False,False,0,0,1,0,1,0,1,0,0,0,1
baseline,S_0042717,1,1,1,0,1,0,0.0,1.0,0.0,1,-0.0,False,False,False,False,False,0,0,1,0,1,1,0,0,0,0,1
baseline,S_0042722,1,1,1,0,1,0,0.0,1.0,0.0,1,-0.0,False,False,False,False,False,0,0,1,0,1,0,1,0,0,0,1
baseline,S_0042723,1,1,1,0,1,0,0.0,1.0,0.0,1,-0.0,False,False,False,False,False,0,0,1,0,1,0,1,0,0,0,1
baseline,S_0042726,1,1,1,0,1,0,0.0,1.0,0.0,1,-0.0,False,False,False,False,False,0,0,1,0,1,0,1,0,0,0,1
baseline,S_0042728,1,1,1,0,1,0,0.0,1.0,0.0,1,-0.0,False,False,False,False,False,0,0,1,0,1,0,1,0,0,0,1
baseline,S_0042731,1,1,1,0,1,0,0.0,1.0,0.0,1,-0.0,False,False,False,False,False,0,0,1,0,1,0,1,0,0,0,1
baseline,S_0042736,1,1,1,0,1,0,0.0,1.0,0.0,1,-0.0,False,False,False,False,False,0,0,1,0,1,0,1,0,0,0,1
baseline,S_0042740,1,1,1,0,1,0,0.0,1.0,0.0,1,-0.0,False,False,False,False,False,0,0,1,0,1,0,1,0,0,0,1
baseline,S_0042811,2,2,1,0,2,0,0.0,1.0,0.0,1,-0.0,False,True,False,False,False,0,0,2,0,1,0,1,0,1,0,2
baseline,S_0042812,2,2,1,0,2,0,0.0,1.0,0.0,1,-0.0,False,True,False,False,False,0,0,2,0,1,0,1,0,1,0,2
baseline,S_0042815,1,1,1,0,1,0,0.0,1.0,0.0,1,-0.0,False,False,False,False,False,0,0,1,0,1,1,0,0,0,0,1
baseline,S_0042817,1,1,1,0,1,0,0.0,1.0,0.0,1,-0.0,False,False,False,False,False,0,0,1,0,1,1,0,0,0,0,1
baseline,S_0042906,1,1,1,0,1,0,0.0,1.0,0.0,1,-0.0,False,False,False,False,False,0,0,0,1,1,0,0,0,0,1,1
baseline,S_0042987,8,5,6,2,2,1,0.4,0.4,0.2,3,0.9602297178607612,True,True,True,True,False,0,0,0,5,1,2,2,1,0,0,3
baseline,S_0042989,8,5,6,2,2,1,0.4,0.4,0.2,3,0.9602297178607612,True,True,True,True,False,0,0,0,5,1,2,2,1,0,0,3
baseline,S_0042990,8,5,6,2,2,1,0.4,0.4,0.2,3,0.9602297178607612,True,True,True,True,False,0,0,0,5,1,2,2,1,0,0,3
baseline,S_0042991,8,5,6,2,2,1,0.4,0.4,0.2,3,0.9602297178607612,True,True,True,True,False,0,0,0,5,1,2,2,1,0,0,3
baseline,S_0043070,3,1,3,0,1,0,0.0,1.0,0.0,1,-0.0,False,False,False,False,False,0,0,0,1,1,1,0,0,0,0,1
baseline,S_0043079,1,1,1,0,1,0,0.0,1.0,0.0,1,-0.0,False,False,False,False,False,0,0,1,0,1,0,0,1,0,0,1
baseline,S_0043080,1,1,1,0,1,0,0.0,1.0,0.0,1,-0.0,False,False,False,False,False,0,0,1,0,1,0,0,1,0,0,1
baseline,S_0043086,3,3,1,0,2,1,0.0,0.6666666666666666,0.3333333333333333,2,0.5793801642856949,False,True,True,False,False,0,0,3,0,1,0,0,2,1,0,2
baseline,S_0043087,6,3,2,0,2,1,0.0,0.6666666666666666,0.3333333333333333,2,0.5793801642856949,False,True,True,False,False,0,0,3,0,1,0,0,2,1,0,2
baseline,S_0043088,2,2,1,0,2,0,0.0,1.0,0.0,1,-0.0,False,True,False,False,False,0,0,2,0,1,0,0,1,1,0,2
baseline,S_0043102,1,1,1,1,0,0,1.0,0.0,0.0,1,-0.0,False,False,False,False,False,0,0,0,1,1,0,0,0,0,1,1
baseline,S_0043106,1,1,1,1,0,0,1.0,0.0,0.0,1,-0.0,False,False,False,False,False,0,0,0,1,1,0,0,0,0,1,1
baseline,S_0043107,1,1,1,0,1,0,0.0,1.0,0.0,1,-0.0,False,False,False,False,False,0,0,1,0,1,0,1,0,0,0,1
baseline,S_0043119,4,4,4,1,3,0,0.25,0.75,0.0,2,0.5118595071429147,False,True,True,False,False,0,0,0,4,1,1,1,0,1,1,4
baseline,S_0043122,4,4,4,1,3,0,0.25,0.75,0.0,2,0.5118595071429147,False,True,True,False,False,0,0,0,4,1,1,1,0,1,1,4
baseline,S_0043140,1,1,1,0,0,1,0.0,0.0,1.0,1,-0.0,False,False,False,False,False,0,0,1,0,1,0,0,0,1,0,1
baseline,S_0043141,1,1,1,0,0,1,0.0,0.0,1.0,1,-0.0,False,False,False,False,False,0,0,1,0,1,0,0,0,1,0,1
baseline,S_0043158,1,1,1,1,0,0,1.0,0.0,0.0,1,-0.0,False,False,False,False,False,0,1,0,0,1,0,0,1,0,0,1
baseline,S_0043159,2,2,2,1,1,0,0.5,0.5,0.0,2,0.6309297535714574,False,True,False,False,False,0,0,1,1,2,1,0,0,0,1,2
baseline,S_0043160,1,1,1,1,0,0,1.0,0.0,0.0,1,-0.0,False,False,False,False,False,0,1,0,0,1,0,0,1,0,0,1
baseline,S_0043191,1,1,1,0,0,1,0.0,0.0,1.0,1,-0.0,False,False,False,False,False,0,0,1,0,1,1,0,0,0,0,1
baseline,S_0043192,1,1,1,0,0,1,0.0,0.0,1.0,1,-0.0,False,False,False,False,False,0,0,1,0,1,1,0,0,0,0,1
baseline,S_0043193,1,1,1,0,0,1,0.0,0.0,1.0,1,-0.0,False,False,False,False,False,0,0,1,0,1,1,0,0,0,0,1
baseline,S_0043214,2,2,2,2,0,0,1.0,0.0,0.0,1,-0.0,False,True,False,False,False,0,0,0,2,1,0,1,0,1,0,2
baseline,S_0043269,1,1,1,0,1,0,0.0,1.0,0.0,1,-0.0,False,False,False,False,False,0,0,0,1,1,0,0,0,0,1,1
baseline,S_0043316,1,1,1,0,1,0,0.0,1.0,0.0,1,-0.0,False,False,False,False,False,0,0,1,0,1,0,0,1,0,0,1
baseline,S_0043328,3,2,3,1,1,0,0.5,0.5,0.0,2,0.6309297535714574,False,True,False,False,False,0,0,0,2,1,0,1,0,0,1,2
baseline,S_0043342,1,1,1,0,1,0,0.0,1.0,0.0,1,-0.0,False,False,False,False,False,0,0,0,1,1,1,0,0,0,0,1
baseline,S_0043343,1,1,1,0,1,0,0.0,1.0,0.0,1,-0.0,False,False,False,False,False,0,0,0,1,1,1,0,0,0,0,1
baseline,S_0043344,1,1,1,0,1,0,0.0,1.0,0.0,1,-0.0,False,False,False,False,False,0,0,1,0,1,0,0,1,0,0,1
baseline,S_0043348,2,2,1,0,2,0,0.0,1.0,0.0,1,-0.0,False,True,False,False,False,0,0,2,0,1,0,1,0,1,0,2
baseline,S_0043350,2,2,1,0,2,0,0.0,1.0,0.0,1,-0.0,False,True,False,False,False,0,0,2,0,1,0,1,0,1,0,2
baseline,S_0043360,1,1,1,0,1,0,0.0,1.0,0.0,1,-0.0,False,False,False,False,False,0,0,1,0,1,0,0,1,0,0,1
baseline,S_0043372,1,1,1,0,0,1,0.0,0.0,1.0,1,-0.0,False,False,False,False,False,0,0,0,1,1,0,1,0,0,0,1
baseline,S_0043373,1,1,1,0,1,0,0.0,1.0,0.0,1,-0.0,False,False,False,False,False,0,0,1,0,1,0,0,0,0,1,1
baseline,S_0043374,3,2,3,0,1,1,0.0,0.5,0.5,2,0.6309297535714574,False,True,False,False,False,0,0,1,1,2,0,0,0,0,2,1
baseline,S_0043394,8,6,6,4,2,0,0.6666666666666666,0.3333333333333333,0.0,2,0.5793801642856949,True,True,True,True,False,0,1,3,2,3,4,0,0,1,1,3
baseline,S_0043400,2,2,1,1,1,0,0.5,0.5,0.0,2,0.6309297535714574,False,True,False,False,False,0,0,2,0,1,0,1,0,0,1,2
baseline,S_0043414,1,1,1,1,0,0,1.0,0.0,0.0,1,-0.0,False,False,False,False,False,0,0,0,1,1,0,0,0,0,1,1
baseline,S_0043415,1,1,1,1,0,0,1.0,0.0,0.0,1,-0.0,False,False,False,False,False,0,0,0,1,1,0,0,0,0,1,1
baseline,S_0043418,2,2,2,1,1,0,0.5,0.5,0.0,2,0.6309297535714574,False,True,False,False,False,0,1,1,0,2,1,0,0,0,1,2
baseline,S_0043420,2,2,2,1,1,0,0.5,0.5,0.0,2,0.6309297535714574,False,True,False,False,False,0,1,1,0,2,1,0,0,0,1,2
baseline,S_0043452,1,1,1,0,1,0,0.0,1.0,0.0,1,-0.0,False,False,False,False,False,0,0,1,0,1,1,0,0,0,0,1
baseline,S_0043458,5,5,4,0,5,0,0.0,1.0,0.0,1,-0.0,True,True,True,True,False,0,0,0,5,1,0,1,0,3,1,3
baseline,S_0043477,1,1,1,1,0,0,1.0,0.0,0.0,1,-0.0,False,False,False,False,False,0,0,0,1,1,1,0,0,0,0,1
baseline,S_0043478,1,1,1,1,0,0,1.0,0.0,0.0,1,-0.0,False,False,False,False,False,0,0,0,1,1,1,0,0,0,0,1
baseline,S_0043496,2,1,2,1,0,0,1.0,0.0,0.0,1,-0.0,False,False,False,False,False,0,0,0,1,1,0,0,0,0,1,1
baseline,S_0043500,1,1,1,0,0,1,0.0,0.0,1.0,1,-0.0,False,False,False,False,False,0,0,1,0,1,0,0,0,0,1,1
baseline,S_0043503,1,1,1,0,0,1,0.0,0.0,1.0,1,-0.0,False,False,False,False,False,0,0,1,0,1,0,0,0,0,1,1
baseline,S_0043511,1,1,1,0,0,1,0.0,0.0,1.0,1,-0.0,False,False,False,False,False,1,0,0,0,1,1,0,0,0,0,1
baseline,S_0043559,1,1,1,0,1,0,0.0,1.0,0.0,1,-0.0,False,False,False,False,False,0,0,0,1,1,1,0,0,0,0,1
baseline,S_0043560,1,1,1,0,1,0,0.0,1.0,0.0,1,-0.0,False,False,False,False,False,0,0,0,1,1,1,0,0,0,0,1
baseline,S_0043564,2,1,2,0,1,0,0.0,1.0,0.0,1,-0.0,False,False,False,False,False,0,0,0,1,1,0,0,0,1,0,1
baseline,S_0043568,1,1,1,0,1,0,0.0,1.0,0.0,1,-0.0,False,False,False,False,False,0,0,0,1,1,0,0,0,1,0,1
baseline,S_0043570,1,1,1,1,0,0,1.0,0.0,0.0,1,-0.0,False,False,False,False,False,0,0,1,0,1,1,0,0,0,0,1
baseline,S_0043571,2,2,2,1,1,0,0.5,0.5,0.0,2,0.6309297535714574,False,True,False,False,False,0,1,1,0,2,2,0,0,0,0,1
baseline,S_0043572,2,2,2,1,1,0,0.5,0.5,0.0,2,0.6309297535714574,False,True,False,False,False,0,1,1,0,2,2,0,0,0,0,1
baseline,S_0043575,2,2,2,1,1,0,0.5,0.5,0.0,2,0.6309297535714574,False,True,False,False,False,0,1,1,0,2,2,0,0,0,0,1
baseline,S_0043585,2,2,2,1,1,0,0.5,0.5,0.0,2,0.6309297535714574,False,True,False,False,False,0,1,1,0,2,2,0,0,0,0,1
baseline,S_0043592,1,1,1,1,0,0,1.0,0.0,0.0,1,-0.0,False,False,False,False,False,0,0,1,0,1,1,0,0,0,0,1
baseline,S_0043593,1,1,1,1,0,0,1.0,0.0,0.0,1,-0.0,False,False,False,False,False,0,0,1,0,1,1,0,0,0,0,1
baseline,S_0043631,1,1,1,0,0,1,0.0,0.0,1.0,1,-0.0,False,False,False,False,False,0,0,0,1,1,0,1,0,0,0,1
baseline,S_0043632,1,1,1,0,0,1,0.0,0.0,1.0,1,-0.0,False,False,False,False,False,0,0,0,1,1,0,1,0,0,0,1
baseline,S_0043651,1,1,1,0,0,1,0.0,0.0,1.0,1,-0.0,False,False,False,False,False,0,0,0,1,1,0,1,0,0,0,1
baseline,S_0043669,2,1,2,1,0,0,1.0,0.0,0.0,1,-0.0,False,False,False,False,False,0,0,0,1,1,1,0,0,0,0,1
baseline,S_0043671,1,1,1,0,1,0,0.0,1.0,0.0,1,-0.0,False,False,False,False,False,0,1,0,0,1,0,0,0,1,0,1
baseline,S_0043678,1,1,1,0,1,0,0.0,1.0,0.0,1,-0.0,False,False,False,False,False,0,1,0,0,1,0,0,0,1,0,1
baseline,S_0043679,1,1,1,0,1,0,0.0,1.0,0.0,1,-0.0,False,False,False,False,False,0,0,0,1,1,0,0,0,0,1,1
baseline,S_0043680,3,2,3,0,2,0,0.0,1.0,0.0,1,-0.0,False,True,False,False,False,0,1,0,1,2,0,0,0,1,1,2
baseline,S_0043687,1,1,1,0,1,0,0.0,1.0,0.0,1,-0.0,False,False,False,False,False,0,0,0,1,1,0,0,0,0,1,1
baseline,S_0043690,1,1,1,0,1,0,0.0,1.0,0.0,1,-0.0,False,False,False,False,False,0,0,1,0,1,0,1,0,0,0,1
baseline,S_0043697,1,1,1,0,1,0,0.0,1.0,0.0,1,-0.0,False,False,False,False,False,0,0,1,0,1,0,1,0,0,0,1
baseline,S_0043698,1,1,1,0,1,0,0.0,1.0,0.0,1,-0.0,False,False,False,False,False,0,0,1,0,1,0,1,0,0,0,1
baseline,S_0043742,1,1,1,0,1,0,0.0,1.0,0.0,1,-0.0,False,False,False,False,False,0,0,1,0,1,1,0,0,0,0,1
baseline,S_0043743,3,3,2,1,0,2,0.3333333333333333,0.0,0.6666666666666666,2,0.5793801642856949,False,True,True,False,False,0,0,0,3,1,1,0,0,1,1,3
baseline,S_0043757,1,1,1,0,1,0,0.0,1.0,0.0,1,-0.0,False,False,False,False,False,0,0,1,0,1,0,0,1,0,0,1
baseline,S_0043758,1,1,1,0,1,0,0.0,1.0,0.0,1,-0.0,False,False,False,False,False,0,0,1,0,1,0,0,1,0,0,1
baseline,S_0043760,1,1,1,0,1,0,0.0,1.0,0.0,1,-0.0,False,False,False,False,False,0,0,1,0,1,0,0,0,1,0,1
baseline,S_0043761,2,2,1,0,2,0,0.0,1.0,0.0,1,-0.0,False,True,False,False,False,0,0,2,0,1,0,0,1,1,0,2
baseline,S_0043763,1,1,1,0,1,0,0.0,1.0,0.0,1,-0.0,False,False,False,False,False,0,0,1,0,1,0,0,1,0,0,1
baseline,S_0043764,1,1,1,0,1,0,0.0,1.0,0.0,1,-0.0,False,False,False,False,False,0,0,1,0,1,0,0,1,0,0,1
baseline,S_0043767,1,1,1,0,1,0,0.0,1.0,0.0,1,-0.0,False,False,False,False,False,0,0,1,0,1,0,0,1,0,0,1
baseline,S_0043770,1,1,1,0,1,0,0.0,1.0,0.0,1,-0.0,False,False,False,False,False,0,0,1,0,1,0,0,1,0,0,1
baseline,S_0043779,1,1,1,0,0,1,0.0,0.0,1.0,1,-0.0,False,False,False,False,False,0,0,1,0,1,0,1,0,0,0,1
baseline,S_0043780,1,1,1,0,0,1,0.0,0.0,1.0,1,-0.0,False,False,False,False,False,0,0,1,0,1,0,1,0,0,0,1
baseline,S_0043782,1,1,1,0,0,1,0.0,0.0,1.0,1,-0.0,False,False,False,False,False,0,0,1,0,1,0,1,0,0,0,1
baseline,S_0043784,1,1,1,0,0,1,0.0,0.0,1.0,1,-0.0,False,False,False,False,False,0,0,1,0,1,0,1,0,0,0,1
baseline,S_0043785,1,1,1,0,0,1,0.0,0.0,1.0,1,-0.0,False,False,False,False,False,0,0,1,0,1,0,1,0,0,0,1
baseline,S_0043787,1,1,1,0,0,1,0.0,0.0,1.0,1,-0.0,False,False,False,False,False,0,0,1,0,1,0,1,0,0,0,1
baseline,S_0043788,1,1,1,0,0,1,0.0,0.0,1.0,1,-0.0,False,False,False,False,False,0,0,1,0,1,0,1,0,0,0,1
baseline,S_0043789,1,1,1,0,0,1,0.0,0.0,1.0,1,-0.0,False,False,False,False,False,0,0,1,0,1,0,1,0,0,0,1
baseline,S_0043791,1,1,1,0,0,1,0.0,0.0,1.0,1,-0.0,False,False,False,False,False,0,0,1,0,1,0,1,0,0,0,1
baseline,S_0043792,5,5,5,1,4,0,0.2,0.8,0.0,2,0.4554859150035952,True,True,True,True,False,0,0,1,4,2,1,2,0,1,1,4
baseline,S_0043794,1,1,1,0,0,1,0.0,0.0,1.0,1,-0.0,False,False,False,False,False,0,0,1,0,1,0,1,0,0,0,1
baseline,S_0043795,1,1,1,0,0,1,0.0,0.0,1.0,1,-0.0,False,False,False,False,False,0,0,1,0,1,0,1,0,0,0,1
baseline,S_0043800,1,1,1,0,1,0,0.0,1.0,0.0,1,-0.0,False,False,False,False,False,0,0,0,1,1,0,1,0,0,0,1
baseline,S_0043837,1,1,1,0,1,0,0.0,1.0,0.0,1,-0.0,False,False,False,False,False,0,0,0,1,1,0,0,0,0,1,1
baseline,S_0043838,1,1,1,0,1,0,0.0,1.0,0.0,1,-0.0,False,False,False,False,False,0,0,0,1,1,0,0,0,0,1,1
baseline,S_0043841,2,1,2,0,1,0,0.0,1.0,0.0,1,-0.0,False,False,False,False,False,0,0,0,1,1,0,0,0,0,1,1
baseline,S_0043843,1,1,1,0,1,0,0.0,1.0,0.0,1,-0.0,False,False,False,False,False,0,0,0,1,1,0,0,0,0,1,1
baseline,S_0043847,1,1,1,0,1,0,0.0,1.0,0.0,1,-0.0,False,False,False,False,False,0,0,0,1,1,0,0,0,0,1,1
baseline,S_0043902,1,1,1,1,0,0,1.0,0.0,0.0,1,-0.0,False,False,False,False,False,0,0,1,0,1,0,0,0,0,1,1
baseline,S_0043904,1,1,1,0,1,0,0.0,1.0,0.0,1,-0.0,False,False,False,False,False,0,0,0,1,1,0,1,0,0,0,1
baseline,S_0043906,1,1,1,1,0,0,1.0,0.0,0.0,1,-0.0,False,False,False,False,False,0,0,0,1,1,1,0,0,0,0,1
baseline,S_0043907,1,1,1,1,0,0,1.0,0.0,0.0,1,-0.0,False,False,False,False,False,0,0,0,1,1,1,0,0,0,0,1
baseline,S_0043908,1,1,1,1,0,0,1.0,0.0,0.0,1,-0.0,False,False,False,False,False,0,0,0,1,1,1,0,0,0,0,1
baseline,S_0043913,1,1,1,0,0,1,0.0,0.0,1.0,1,-0.0,False,False,False,False,False,0,0,0,1,1,0,0,0,1,0,1
baseline,S_0043914,1,1,1,0,0,1,0.0,0.0,1.0,1,-0.0,False,False,False,False,False,0,0,0,1,1,0,0,0,1,0,1
baseline,S_0043915,1,1,1,0,0,1,0.0,0.0,1.0,1,-0.0,False,False,False,False,False,0,0,0,1,1,0,0,0,1,0,1
baseline,S_0043917,1,1,1,0,0,1,0.0,0.0,1.0,1,-0.0,False,False,False,False,False,0,0,0,1,1,0,0,0,1,0,1
baseline,S_0043919,1,1,1,0,0,1,0.0,0.0,1.0,1,-0.0,False,False,False,False,False,0,0,0,1,1,0,0,0,1,0,1
baseline,S_0043925,1,1,1,0,0,1,0.0,0.0,1.0,1,-0.0,False,False,False,False,False,0,0,1,0,1,0,0,0,1,0,1
baseline,S_0043933,1,1,1,0,1,0,0.0,1.0,0.0,1,-0.0,False,False,False,False,False,0,0,1,0,1,1,0,0,0,0,1
baseline,S_0043934,1,1,1,0,1,0,0.0,1.0,0.0,1,-0.0,False,False,False,False,False,0,0,1,0,1,1,0,0,0,0,1
baseline,S_0043939,1,1,1,0,0,1,0.0,0.0,1.0,1,-0.0,False,False,False,False,False,0,0,1,0,1,0,0,0,1,0,1
baseline,S_0043940,1,1,1,0,0,1,0.0,0.0,1.0,1,-0.0,False,False,False,False,False,0,0,1,0,1,0,0,0,1,0,1
baseline,S_0043941,1,1,1,0,0,1,0.0,0.0,1.0,1,-0.0,False,False,False,False,False,0,0,1,0,1,0,0,0,1,0,1
baseline,S_0043943,1,1,1,0,0,1,0.0,0.0,1.0,1,-0.0,False,False,False,False,False,0,0,1,0,1,0,0,0,1,0,1
baseline,S_0043944,1,1,1,0,0,1,0.0,0.0,1.0,1,-0.0,False,False,False,False,False,0,0,1,0,1,0,0,0,1,0,1
baseline,S_0043946,1,1,1,0,0,1,0.0,0.0,1.0,1,-0.0,False,False,False,False,False,0,0,1,0,1,0,0,0,1,0,1
baseline,S_0043948,1,1,1,0,0,1,0.0,0.0,1.0,1,-0.0,False,False,False,False,False,0,0,1,0,1,0,0,0,1,0,1
baseline,S_0043950,1,1,1,0,0,1,0.0,0.0,1.0,1,-0.0,False,False,False,False,False,0,0,1,0,1,0,0,0,1,0,1
baseline,S_0044102,2,2,2,0,1,1,0.0,0.5,0.5,2,0.6309297535714574,False,True,False,False,False,0,0,1,1,2,0,0,0,0,2,1
baseline,S_0044104,1,1,1,0,0,1,0.0,0.0,1.0,1,-0.0,False,False,False,False,False,0,0,0,1,1,0,0,0,0,1,1
baseline,S_0044105,2,2,2,0,1,1,0.0,0.5,0.5,2,0.6309297535714574,False,True,False,False,False,0,0,1,1,2,0,0,0,0,2,1
baseline,S_0044113,1,1,1,0,1,0,0.0,1.0,0.0,1,-0.0,False,False,False,False,False,0,0,1,0,1,0,1,0,0,0,1
baseline,S_0044114,1,1,1,0,1,0,0.0,1.0,0.0,1,-0.0,False,False,False,False,False,0,0,1,0,1,0,1,0,0,0,1
baseline,S_0044115,2,2,2,0,1,1,0.0,0.5,0.5,2,0.6309297535714574,False,True,False,False,False,0,0,1,1,2,0,0,0,0,2,1
baseline,S_0044119,1,1,1,0,1,0,0.0,1.0,0.0,1,-0.0,False,False,False,False,False,0,0,1,0,1,0,1,0,0,0,1
baseline,S_0044122,1,1,1,0,1,0,0.0,1.0,0.0,1,-0.0,False,False,False,False,False,0,0,1,0,1,1,0,0,0,0,1
baseline,S_0044123,1,1,1,0,1,0,0.0,1.0,0.0,1,-0.0,False,False,False,False,False,0,0,1,0,1,1,0,0,0,0,1
baseline,S_0044124,1,1,1,0,0,1,0.0,0.0,1.0,1,-0.0,False,False,False,False,False,0,0,1,0,1,0,0,0,1,0,1
baseline,S_0044125,1,1,1,0,0,1,0.0,0.0,1.0,1,-0.0,False,False,False,False,False,0,0,1,0,1,0,0,0,1,0,1
baseline,S_0044159,1,1,1,0,0,1,0.0,0.0,1.0,1,-0.0,False,False,False,False,False,0,0,1,0,1,0,1,0,0,0,1
baseline,S_0044161,1,1,1,0,0,1,0.0,0.0,1.0,1,-0.0,False,False,False,False,False,0,0,1,0,1,0,1,0,0,0,1
baseline,S_0044162,1,1,1,0,0,1,0.0,0.0,1.0,1,-0.0,False,False,False,False,False,0,0,1,0,1,0,1,0,0,0,1
baseline,S_0044199,2,2,2,1,1,0,0.5,0.5,0.0,2,0.6309297535714574,False,True,False,False,False,0,0,0,2,1,0,0,0,1,1,2
baseline,S_0044200,2,2,2,1,1,0,0.5,0.5,0.0,2,0.6309297535714574,False,True,False,False,False,0,0,0,2,1,0,0,0,1,1,2
baseline,S_0044202,2,2,2,1,1,0,0.5,0.5,0.0,2,0.6309297535714574,False,True,False,False,False,0,0,0,2,1,0,0,0,1,1,2
baseline,S_0044211,1,1,1,1,0,0,1.0,0.0,0.0,1,-0.0,False,False,False,False,False,0,0,1,0,1,1,0,0,0,0,1
baseline,S_0044212,1,1,1,1,0,0,1.0,0.0,0.0,1,-0.0,False,False,False,False,False,0,0,1,0,1,1,0,0,0,0,1
baseline,S_0044213,1,1,1,1,0,0,1.0,0.0,0.0,1,-0.0,False,False,False,False,False,0,0,1,0,1,1,0,0,0,0,1
baseline,S_0044220,1,1,1,0,1,0,0.0,1.0,0.0,1,-0.0,False,False,False,False,False,0,0,1,0,1,1,0,0,0,0,1
baseline,S_0044221,1,1,1,0,1,0,0.0,1.0,0.0,1,-0.0,False,False,False,False,False,0,0,1,0,1,1,0,0,0,0,1
baseline,S_0044222,1,1,1,0,1,0,0.0,1.0,0.0,1,-0.0,False,False,False,False,False,0,0,1,0,1,1,0,0,0,0,1
baseline,S_0044223,1,1,1,0,1,0,0.0,1.0,0.0,1,-0.0,False,False,False,False,False,0,0,1,0,1,1,0,0,0,0,1
baseline,S_0044227,1,1,1,0,1,0,0.0,1.0,0.0,1,-0.0,False,False,False,False,False,0,0,1,0,1,1,0,0,0,0,1
baseline,S_0044234,1,1,1,0,1,0,0.0,1.0,0.0,1,-0.0,False,False,False,False,False,0,0,1,0,1,1,0,0,0,0,1
baseline,S_0044237,1,1,1,0,1,0,0.0,1.0,0.0,1,-0.0,False,False,False,False,False,0,0,1,0,1,1,0,0,0,0,1
baseline,S_0044276,1,1,1,0,1,0,0.0,1.0,0.0,1,-0.0,False,False,False,False,False,0,0,1,0,1,0,0,1,0,0,1
baseline,S_0044277,1,1,1,0,1,0,0.0,1.0,0.0,1,-0.0,False,False,False,False,False,0,0,1,0,1,0,0,1,0,0,1
baseline,S_0044278,5,5,4,2,2,1,0.4,0.4,0.2,3,0.9602297178607612,True,True,True,True,False,0,0,0,5,1,2,2,1,0,0,3
baseline,S_0044305,1,1,1,1,0,0,1.0,0.0,0.0,1,-0.0,False,False,False,False,False,0,0,1,0,1,1,0,0,0,0,1
baseline,S_0044306,2,2,2,1,1,0,0.5,0.5,0.0,2,0.6309297535714574,False,True,False,False,False,0,0,1,1,2,2,0,0,0,0,1
baseline,S_0044308,2,2,2,1,1,0,0.5,0.5,0.0,2,0.6309297535714574,False,True,False,False,False,0,0,1,1,2,2,0,0,0,0,1
baseline,S_0044309,2,2,2,1,1,0,0.5,0.5,0.0,2,0.6309297535714574,False,True,False,False,False,0,0,1,1,2,2,0,0,0,0,1
baseline,S_0044315,1,1,1,1,0,0,1.0,0.0,0.0,1,-0.0,False,False,False,False,False,0,0,1,0,1,1,0,0,0,0,1
baseline,S_0044316,2,2,2,1,1,0,0.5,0.5,0.0,2,0.6309297535714574,False,True,False,False,False,0,0,1,1,2,2,0,0,0,0,1
baseline,S_0044317,1,1,1,0,1,0,0.0,1.0,0.0,1,-0.0,False,False,False,False,False,0,0,0,1,1,1,0,0,0,0,1
baseline,S_0044318,1,1,1,0,1,0,0.0,1.0,0.0,1,-0.0,False,False,False,False,False,0,0,0,1,1,1,0,0,0,0,1
baseline,S_0044319,1,1,1,0,1,0,0.0,1.0,0.0,1,-0.0,False,False,False,False,False,0,0,0,1,1,1,0,0,0,0,1
baseline,S_0044321,1,1,1,0,1,0,0.0,1.0,0.0,1,-0.0,False,False,False,False,False,0,0,0,1,1,1,0,0,0,0,1
baseline,S_0044323,1,1,1,0,1,0,0.0,1.0,0.0,1,-0.0,False,False,False,False,False,0,0,0,1,1,1,0,0,0,0,1
baseline,S_0044325,4,3,4,0,1,2,0.0,0.3333333333333333,0.6666666666666666,2,0.5793801642856949,False,True,True,False,False,0,0,0,3,1,1,0,0,1,1,3
baseline,S_0044327,3,3,3,0,1,2,0.0,0.3333333333333333,0.6666666666666666,2,0.5793801642856949,False,True,True,False,False,0,0,0,3,1,1,0,0,1,1,3
baseline,S_0044329,1,1,1,0,1,0,0.0,1.0,0.0,1,-0.0,False,False,False,False,False,0,0,0,1,1,1,0,0,0,0,1
baseline,S_0044338,1,1,1,1,0,0,1.0,0.0,0.0,1,-0.0,False,False,False,False,False,0,0,1,0,1,1,0,0,0,0,1
baseline,S_0044339,1,1,1,1,0,0,1.0,0.0,0.0,1,-0.0,False,False,False,False,False,0,0,1,0,1,1,0,0,0,0,1
baseline,S_0044341,1,1,1,1,0,0,1.0,0.0,0.0,1,-0.0,False,False,False,False,False,0,0,1,0,1,1,0,0,0,0,1
baseline,S_0044360,1,1,1,0,1,0,0.0,1.0,0.0,1,-0.0,False,False,False,False,False,0,0,1,0,1,0,1,0,0,0,1
baseline,S_0044361,1,1,1,0,1,0,0.0,1.0,0.0,1,-0.0,False,False,False,False,False,0,0,1,0,1,0,1,0,0,0,1
baseline,S_0044373,2,2,1,0,2,0,0.0,1.0,0.0,1,-0.0,False,True,False,False,False,0,0,2,0,1,0,1,0,1,0,2
baseline,S_0044375,1,1,1,0,1,0,0.0,1.0,0.0,1,-0.0,False,False,False,False,False,0,0,1,0,1,0,0,0,1,0,1
baseline,S_0044376,1,1,1,0,1,0,0.0,1.0,0.0,1,-0.0,False,False,False,False,False,0,0,1,0,1,0,0,0,1,0,1
baseline,S_0044403,1,1,1,0,1,0,0.0,1.0,0.0,1,-0.0,False,False,False,False,False,0,1,0,0,1,1,0,0,0,0,1
baseline,S_0044438,2,2,2,0,1,1,0.0,0.5,0.5,2,0.6309297535714574,False,True,False,False,False,0,1,1,0,2,0,0,0,2,0,1
baseline,S_0044439,2,2,2,0,1,1,0.0,0.5,0.5,2,0.6309297535714574,False,True,False,False,False,0,1,1,0,2,0,0,0,2,0,1
baseline,S_0044441,2,2,2,0,1,1,0.0,0.5,0.5,2,0.6309297535714574,False,True,False,False,False,0,1,1,0,2,0,0,0,2,0,1
baseline,S_0044444,1,1,1,0,1,0,0.0,1.0,0.0,1,-0.0,False,False,False,False,False,0,0,0,1,1,1,0,0,0,0,1
baseline,S_0044446,1,1,1,0,1,0,0.0,1.0,0.0,1,-0.0,False,False,False,False,False,0,0,0,1,1,1,0,0,0,0,1
baseline,S_0044472,2,2,1,0,1,1,0.0,0.5,0.5,2,0.6309297535714574,False,True,False,False,False,0,0,2,0,1,0,1,1,0,0,2
baseline,S_0044473,2,2,1,0,1,1,0.0,0.5,0.5,2,0.6309297535714574,False,True,False,False,False,0,0,2,0,1,0,1,1,0,0,2
baseline,S_0044475,2,2,1,0,1,1,0.0,0.5,0.5,2,0.6309297535714574,False,True,False,False,False,0,0,2,0,1,0,1,1,0,0,2
baseline,S_0044482,1,1,1,0,1,0,0.0,1.0,0.0,1,-0.0,False,False,False,False,False,0,0,1,0,1,0,1,0,0,0,1
baseline,S_0044484,1,1,1,0,1,0,0.0,1.0,0.0,1,-0.0,False,False,False,False,False,0,0,1,0,1,0,1,0,0,0,1
baseline,S_0044486,1,1,1,0,1,0,0.0,1.0,0.0,1,-0.0,False,False,False,False,False,0,0,1,0,1,0,1,0,0,0,1
baseline,S_0044488,1,1,1,0,1,0,0.0,1.0,0.0,1,-0.0,False,False,False,False,False,0,0,1,0,1,0,1,0,0,0,1
baseline,S_0044489,1,1,1,0,1,0,0.0,1.0,0.0,1,-0.0,False,False,False,False,False,0,0,1,0,1,0,1,0,0,0,1
baseline,S_0044490,1,1,1,0,1,0,0.0,1.0,0.0,1,-0.0,False,False,False,False,False,0,0,1,0,1,0,1,0,0,0,1
baseline,S_0044513,2,2,1,0,1,1,0.0,0.5,0.5,2,0.6309297535714574,False,True,False,False,False,0,0,2,0,1,0,1,1,0,0,2
baseline,S_0044514,2,2,1,0,1,1,0.0,0.5,0.5,2,0.6309297535714574,False,True,False,False,False,0,0,2,0,1,0,1,1,0,0,2
baseline,S_0044521,2,2,1,0,2,0,0.0,1.0,0.0,1,-0.0,False,True,False,False,False,0,0,2,0,1,0,1,0,1,0,2
baseline,S_0044522,2,2,1,0,2,0,0.0,1.0,0.0,1,-0.0,False,True,False,False,False,0,0,2,0,1,0,1,0,1,0,2
baseline,S_0044526,2,2,1,0,2,0,0.0,1.0,0.0,1,-0.0,False,True,False,False,False,0,0,2,0,1,0,1,0,1,0,2
baseline,S_0044527,2,2,1,0,2,0,0.0,1.0,0.0,1,-0.0,False,True,False,False,False,0,0,2,0,1,0,1,0,1,0,2
baseline,S_0044532,1,1,1,0,1,0,0.0,1.0,0.0,1,-0.0,False,False,False,False,False,0,0,1,0,1,1,0,0,0,0,1
baseline,S_0044533,2,2,1,0,2,0,0.0,1.0,0.0,1,-0.0,False,True,False,False,False,0,0,2,0,1,0,1,0,1,0,2
baseline,S_0044541,1,1,1,0,1,0,0.0,1.0,0.0,1,-0.0,False,False,False,False,False,0,0,1,0,1,1,0,0,0,0,1
baseline,S_0044542,1,1,1,0,1,0,0.0,1.0,0.0,1,-0.0,False,False,False,False,False,0,0,1,0,1,1,0,0,0,0,1
baseline,S_0044543,1,1,1,0,1,0,0.0,1.0,0.0,1,-0.0,False,False,False,False,False,0,0,1,0,1,1,0,0,0,0,1
baseline,S_0044549,1,1,1,0,0,1,0.0,0.0,1.0,1,-0.0,False,False,False,False,False,0,0,1,0,1,0,0,0,1,0,1
baseline,S_0044550,1,1,1,0,0,1,0.0,0.0,1.0,1,-0.0,False,False,False,False,False,0,0,1,0,1,0,0,0,1,0,1
baseline,S_0044575,1,1,1,0,1,0,0.0,1.0,0.0,1,-0.0,False,False,False,False,False,0,0,1,0,1,0,1,0,0,0,1
baseline,S_0044576,1,1,1,0,1,0,0.0,1.0,0.0,1,-0.0,False,False,False,False,False,0,0,1,0,1,0,1,0,0,0,1
baseline,S_0044578,1,1,1,0,1,0,0.0,1.0,0.0,1,-0.0,False,False,False,False,False,0,0,1,0,1,0,1,0,0,0,1
baseline,S_0044593,1,1,1,0,1,0,0.0,1.0,0.0,1,-0.0,False,False,False,False,False,0,0,1,0,1,0,1,0,0,0,1
baseline,S_0044597,1,1,1,0,1,0,0.0,1.0,0.0,1,-0.0,False,False,False,False,False,0,0,0,1,1,1,0,0,0,0,1
baseline,S_0044599,1,1,1,0,1,0,0.0,1.0,0.0,1,-0.0,False,False,False,False,False,0,0,0,1,1,1,0,0,0,0,1
baseline,S_0044605,1,1,1,1,0,0,1.0,0.0,0.0,1,-0.0,False,False,False,False,False,0,0,1,0,1,1,0,0,0,0,1
baseline,S_0044609,1,1,1,1,0,0,1.0,0.0,0.0,1,-0.0,False,False,False,False,False,0,0,1,0,1,1,0,0,0,0,1
baseline,S_0044610,1,1,1,0,1,0,0.0,1.0,0.0,1,-0.0,False,False,False,False,False,0,0,1,0,1,0,1,0,0,0,1
baseline,S_0044618,1,1,1,0,1,0,0.0,1.0,0.0,1,-0.0,False,False,False,False,False,0,0,1,0,1,1,0,0,0,0,1
baseline,S_0044619,1,1,1,0,1,0,0.0,1.0,0.0,1,-0.0,False,False,False,False,False,0,0,1,0,1,1,0,0,0,0,1
baseline,S_0044620,1,1,1,0,1,0,0.0,1.0,0.0,1,-0.0,False,False,False,False,False,0,0,1,0,1,1,0,0,0,0,1
baseline,S_0044622,1,1,1,0,1,0,0.0,1.0,0.0,1,-0.0,False,False,False,False,False,0,0,1,0,1,1,0,0,0,0,1
baseline,S_0044625,1,1,1,0,1,0,0.0,1.0,0.0,1,-0.0,False,False,False,False,False,0,0,1,0,1,1,0,0,0,0,1
baseline,S_0044626,1,1,1,0,1,0,0.0,1.0,0.0,1,-0.0,False,False,False,False,False,0,0,0,1,1,1,0,0,0,0,1
baseline,S_0044627,1,1,1,1,0,0,1.0,0.0,0.0,1,-0.0,False,False,False,False,False,0,0,1,0,1,1,0,0,0,0,1
baseline,S_0044628,2,2,2,1,1,0,0.5,0.5,0.0,2,0.6309297535714574,False,True,False,False,False,0,0,1,1,2,2,0,0,0,0,1
baseline,S_0044630,3,3,2,1,2,0,0.3333333333333333,0.6666666666666666,0.0,2,0.5793801642856949,False,True,True,False,False,0,0,2,1,2,3,0,0,0,0,1
baseline,S_0044631,2,2,2,1,1,0,0.5,0.5,0.0,2,0.6309297535714574,False,True,False,False,False,0,0,1,1,2,2,0,0,0,0,1
baseline,S_0044632,1,1,1,0,1,0,0.0,1.0,0.0,1,-0.0,False,False,False,False,False,0,0,1,0,1,1,0,0,0,0,1
baseline,S_0044634,5,3,5,1,2,0,0.3333333333333333,0.6666666666666666,0.0,2,0.5793801642856949,False,True,True,False,False,0,0,1,2,2,1,1,0,0,1,3
baseline,S_0044635,5,3,5,1,2,0,0.3333333333333333,0.6666666666666666,0.0,2,0.5793801642856949,False,True,True,False,False,0,0,1,2,2,1,1,0,0,1,3
baseline,S_0044637,1,1,1,0,1,0,0.0,1.0,0.0,1,-0.0,False,False,False,False,False,0,0,1,0,1,0,1,0,0,0,1
baseline,S_0044648,1,1,1,0,1,0,0.0,1.0,0.0,1,-0.0,False,False,False,False,False,0,0,1,0,1,0,1,0,0,0,1
baseline,S_0044649,1,1,1,0,1,0,0.0,1.0,0.0,1,-0.0,False,False,False,False,False,0,0,1,0,1,0,1,0,0,0,1
baseline,S_0044655,1,1,1,0,1,0,0.0,1.0,0.0,1,-0.0,False,False,False,False,False,0,0,0,1,1,0,1,0,0,0,1
baseline,S_0044662,2,2,2,0,2,0,0.0,1.0,0.0,1,-0.0,False,True,False,False,False,0,0,1,1,2,0,1,1,0,0,2
baseline,S_0044706,2,2,1,0,0,2,0.0,0.0,1.0,1,-0.0,False,True,False,False,False,0,0,2,0,1,0,0,0,2,0,1
baseline,S_0044707,2,2,1,0,0,2,0.0,0.0,1.0,1,-0.0,False,True,False,False,False,0,0,2,0,1,0,0,0,2,0,1
baseline,S_0044716,1,1,1,0,0,1,0.0,0.0,1.0,1,-0.0,False,False,False,False,False,0,0,1,0,1,0,0,0,1,0,1
baseline,S_0044718,1,1,1,0,0,1,0.0,0.0,1.0,1,-0.0,False,False,False,False,False,0,0,1,0,1,0,0,0,1,0,1
baseline,S_0044728,1,1,1,0,0,1,0.0,0.0,1.0,1,-0.0,False,False,False,False,False,0,0,1,0,1,0,0,0,1,0,1
baseline,S_0044729,1,1,1,0,0,1,0.0,0.0,1.0,1,-0.0,False,False,False,False,False,0,0,1,0,1,0,0,0,1,0,1
baseline,S_0044734,1,1,1,0,1,0,0.0,1.0,0.0,1,-0.0,False,False,False,False,False,0,0,1,0,1,0,0,0,0,1,1
baseline,S_0044740,6,5,4,2,3,0,0.4,0.6,0.0,2,0.6126016192893442,True,True,True,True,False,0,0,0,5,1,3,1,1,0,0,3
baseline,S_0044750,1,1,1,0,1,0,0.0,1.0,0.0,1,-0.0,False,False,False,False,False,0,0,1,0,1,1,0,0,0,0,1
baseline,S_0044752,1,1,1,0,1,0,0.0,1.0,0.0,1,-0.0,False,False,False,False,False,0,0,0,1,1,1,0,0,0,0,1
baseline,S_0044754,2,1,2,1,0,0,1.0,0.0,0.0,1,-0.0,False,False,False,False,False,0,0,0,1,1,0,0,0,1,0,1
baseline,S_0044770,2,2,2,1,1,0,0.5,0.5,0.0,2,0.6309297535714574,False,True,False,False,False,0,0,0,2,1,0,0,0,1,1,2
baseline,S_0044823,2,2,2,1,1,0,0.5,0.5,0.0,2,0.6309297535714574,False,True,False,False,False,0,0,1,1,2,2,0,0,0,0,1
baseline,S_0044824,1,1,1,0,1,0,0.0,1.0,0.0,1,-0.0,False,False,False,False,False,0,0,0,1,1,0,0,1,0,0,1
baseline,S_0044827,2,2,2,1,1,0,0.5,0.5,0.0,2,0.6309297535714574,False,True,False,False,False,0,1,1,0,2,1,0,0,0,1,2
baseline,S_0044828,2,2,1,1,1,0,0.5,0.5,0.0,2,0.6309297535714574,False,True,False,False,False,0,0,2,0,1,0,1,0,0,1,2
baseline,S_0044829,2,2,1,1,1,0,0.5,0.5,0.0,2,0.6309297535714574,False,True,False,False,False,0,0,2,0,1,0,1,0,0,1,2
baseline,S_0044839,1,1,1,1,0,0,1.0,0.0,0.0,1,-0.0,False,False,False,False,False,0,0,1,0,1,1,0,0,0,0,1
baseline,S_0044841,2,2,2,1,1,0,0.5,0.5,0.0,2,0.6309297535714574,False,True,False,False,False,0,1,1,0,2,2,0,0,0,0,1
baseline,S_0044842,2,2,2,1,1,0,0.5,0.5,0.0,2,0.6309297535714574,False,True,False,False,False,0,1,1,0,2,2,0,0,0,0,1
baseline,S_0044877,8,5,8,1,4,0,0.2,0.8,0.0,2,0.4554859150035952,True,True,True,True,False,0,0,1,4,2,1,2,0,1,1,4
baseline,S_0044895,3,3,1,0,2,1,0.0,0.6666666666666666,0.3333333333333333,2,0.5793801642856949,False,True,True,False,False,0,0,3,0,1,0,0,2,1,0,2
baseline,S_0044898,1,1,1,0,1,0,0.0,1.0,0.0,1,-0.0,False,False,False,False,False,0,0,1,0,1,0,0,0,0,1,1
baseline,S_0044899,1,1,1,0,1,0,0.0,1.0,0.0,1,-0.0,False,False,False,False,False,0,0,1,0,1,0,0,0,0,1,1
baseline,S_0044900,2,2,2,1,1,0,0.5,0.5,0.0,2,0.6309297535714574,False,True,False,False,False,0,1,1,0,2,1,0,0,0,1,2
baseline,S_0044910,1,1,1,0,1,0,0.0,1.0,0.0,1,-0.0,False,False,False,False,False,0,0,0,1,1,0,1,0,0,0,1
baseline,S_0044913,1,1,1,0,1,0,0.0,1.0,0.0,1,-0.0,False,False,False,False,False,0,0,1,0,1,0,1,0,0,0,1
baseline,S_0044917,2,2,1,2,0,0,1.0,0.0,0.0,1,-0.0,False,True,False,False,False,0,0,0,2,1,1,0,0,1,0,2
baseline,S_0044923,1,1,1,0,1,0,0.0,1.0,0.0,1,-0.0,False,False,False,False,False,0,0,1,0,1,1,0,0,0,0,1
baseline,S_0044932,1,1,1,0,1,0,0.0,1.0,0.0,1,-0.0,False,False,False,False,False,0,0,1,0,1,1,0,0,0,0,1
baseline,S_0044933,1,1,1,0,1,0,0.0,1.0,0.0,1,-0.0,False,False,False,False,False,0,0,1,0,1,1,0,0,0,0,1
baseline,S_0044942,1,1,1,0,1,0,0.0,1.0,0.0,1,-0.0,False,False,False,False,False,0,0,1,0,1,1,0,0,0,0,1
baseline,S_0044945,1,1,1,1,0,0,1.0,0.0,0.0,1,-0.0,False,False,False,False,False,0,0,1,0,1,1,0,0,0,0,1
baseline,S_0044950,1,1,1,0,1,0,0.0,1.0,0.0,1,-0.0,False,False,False,False,False,0,0,1,0,1,0,0,0,1,0,1
baseline,S_0044973,1,1,1,0,1,0,0.0,1.0,0.0,1,-0.0,False,False,False,False,False,0,0,1,0,1,1,0,0,0,0,1
baseline,S_0044980,9,3,9,2,1,0,0.6666666666666666,0.3333333333333333,0.0,2,0.5793801642856949,False,True,True,False,False,0,0,0,3,1,1,1,0,1,0,3
baseline,S_0044982,1,1,1,0,0,1,0.0,0.0,1.0,1,-0.0,False,False,False,False,False,0,0,1,0,1,1,0,0,0,0,1
baseline,S_0044993,1,1,1,1,0,0,1.0,0.0,0.0,1,-0.0,False,False,False,False,False,0,0,0,1,1,0,0,0,1,0,1
baseline,S_0044995,1,1,1,1,0,0,1.0,0.0,0.0,1,-0.0,False,False,False,False,False,0,0,0,1,1,0,0,0,1,0,1
baseline,S_0045003,1,1,1,1,0,0,1.0,0.0,0.0,1,-0.0,False,False,False,False,False,0,1,0,0,1,0,0,1,0,0,1
baseline,S_0045006,1,1,1,1,0,0,1.0,0.0,0.0,1,-0.0,False,False,False,False,False,0,1,0,0,1,0,0,1,0,0,1
baseline,S_0045008,1,1,1,1,0,0,1.0,0.0,0.0,1,-0.0,False,False,False,False,False,0,1,0,0,1,0,0,1,0,0,1
baseline,S_0045024,1,1,1,1,0,0,1.0,0.0,0.0,1,-0.0,False,False,False,False,False,0,1,0,0,1,0,0,1,0,0,1
baseline,S_0045025,1,1,1,1,0,0,1.0,0.0,0.0,1,-0.0,False,False,False,False,False,0,1,0,0,1,0,0,1,0,0,1
baseline,S_0045027,1,1,1,1,0,0,1.0,0.0,0.0,1,-0.0,False,False,False,False,False,0,1,0,0,1,0,0,1,0,0,1
baseline,S_0045029,1,1,1,0,1,0,0.0,1.0,0.0,1,-0.0,False,False,False,False,False,0,0,1,0,1,1,0,0,0,0,1
baseline,S_0045032,1,1,1,1,0,0,1.0,0.0,0.0,1,-0.0,False,False,False,False,False,0,1,0,0,1,0,0,1,0,0,1
baseline,S_0045033,1,1,1,1,0,0,1.0,0.0,0.0,1,-0.0,False,False,False,False,False,0,1,0,0,1,0,0,1,0,0,1
baseline,S_0045035,1,1,1,1,0,0,1.0,0.0,0.0,1,-0.0,False,False,False,False,False,0,0,0,1,1,0,0,0,1,0,1
baseline,S_0045036,1,1,1,0,0,1,0.0,0.0,1.0,1,-0.0,False,False,False,False,False,0,0,1,0,1,1,0,0,0,0,1
baseline,S_0045043,1,1,1,1,0,0,1.0,0.0,0.0,1,-0.0,False,False,False,False,False,0,1,0,0,1,0,0,1,0,0,1
baseline,S_0045052,1,1,1,0,1,0,0.0,1.0,0.0,1,-0.0,False,False,False,False,False,0,0,1,0,1,0,0,0,1,0,1
baseline,S_0045053,1,1,1,0,1,0,0.0,1.0,0.0,1,-0.0,False,False,False,False,False,0,0,0,1,1,0,0,0,1,0,1
baseline,S_0045054,1,1,1,0,1,0,0.0,1.0,0.0,1,-0.0,False,False,False,False,False,0,0,1,0,1,0,0,1,0,0,1
baseline,S_0045055,1,1,1,0,1,0,0.0,1.0,0.0,1,-0.0,False,False,False,False,False,0,0,1,0,1,0,0,1,0,0,1
baseline,S_0045056,1,1,1,0,0,1,0.0,0.0,1.0,1,-0.0,False,False,False,False,False,0,0,1,0,1,0,0,0,0,1,1
baseline,S_0045058,1,1,1,0,0,1,0.0,0.0,1.0,1,-0.0,False,False,False,False,False,0,0,1,0,1,0,0,0,0,1,1
baseline,S_0045069,2,2,1,2,0,0,1.0,0.0,0.0,1,-0.0,False,True,False,False,False,0,0,2,0,1,2,0,0,0,0,1
baseline,S_0045078,1,1,1,1,0,0,1.0,0.0,0.0,1,-0.0,False,False,False,False,False,0,0,0,1,1,0,0,0,0,1,1
baseline,S_0045085,2,1,2,1,0,0,1.0,0.0,0.0,1,-0.0,False,False,False,False,False,0,0,0,1,1,0,0,0,0,1,1
baseline,S_0045091,1,1,1,0,1,0,0.0,1.0,0.0,1,-0.0,False,False,False,False,False,0,0,1,0,1,0,0,0,0,1,1
baseline,S_0045093,1,1,1,1,0,0,1.0,0.0,0.0,1,-0.0,False,False,False,False,False,0,0,0,1,1,0,0,0,0,1,1
baseline,S_0045094,1,1,1,1,0,0,1.0,0.0,0.0,1,-0.0,False,False,False,False,False,0,0,0,1,1,0,0,0,0,1,1
baseline,S_0045095,1,1,1,1,0,0,1.0,0.0,0.0,1,-0.0,False,False,False,False,False,0,0,0,1,1,0,0,0,0,1,1
baseline,S_0045096,1,1,1,1,0,0,1.0,0.0,0.0,1,-0.0,False,False,False,False,False,0,0,0,1,1,0,0,0,0,1,1
baseline,S_0045098,1,1,1,0,1,0,0.0,1.0,0.0,1,-0.0,False,False,False,False,False,0,0,1,0,1,0,0,0,0,1,1
baseline,S_0045356,1,1,1,1,0,0,1.0,0.0,0.0,1,-0.0,False,False,False,False,False,0,0,1,0,1,1,0,0,0,0,1
baseline,S_0045357,1,1,1,0,1,0,0.0,1.0,0.0,1,-0.0,False,False,False,False,False,0,0,0,1,1,0,0,0,1,0,1
baseline,S_0045358,2,2,2,1,1,0,0.5,0.5,0.0,2,0.6309297535714574,False,True,False,False,False,0,0,1,1,2,1,0,0,1,0,2
baseline,S_0045363,1,1,1,1,0,0,1.0,0.0,0.0,1,-0.0,False,False,False,False,False,0,0,1,0,1,1,0,0,0,0,1
baseline,S_0045368,1,1,1,0,1,0,0.0,1.0,0.0,1,-0.0,False,False,False,False,False,0,0,0,1,1,0,0,0,1,0,1
baseline,S_0045369,1,1,1,1,0,0,1.0,0.0,0.0,1,-0.0,False,False,False,False,False,0,0,1,0,1,1,0,0,0,0,1
baseline,S_0045372,1,1,1,0,1,0,0.0,1.0,0.0,1,-0.0,False,False,False,False,False,0,0,0,1,1,0,0,0,1,0,1
baseline,S_0045373,1,1,1,0,1,0,0.0,1.0,0.0,1,-0.0,False,False,False,False,False,0,0,0,1,1,0,0,0,1,0,1
baseline,S_0045376,1,1,1,0,1,0,0.0,1.0,0.0,1,-0.0,False,False,False,False,False,0,0,0,1,1,0,0,0,1,0,1
baseline,S_0045383,1,1,1,1,0,0,1.0,0.0,0.0,1,-0.0,False,False,False,False,False,0,0,1,0,1,1,0,0,0,0,1
baseline,S_0045385,1,1,1,1,0,0,1.0,0.0,0.0,1,-0.0,False,False,False,False,False,0,0,1,0,1,1,0,0,0,0,1
baseline,S_0045389,1,1,1,0,1,0,0.0,1.0,0.0,1,-0.0,False,False,False,False,False,0,0,0,1,1,0,0,0,1,0,1
baseline,S_0045391,1,1,1,0,1,0,0.0,1.0,0.0,1,-0.0,False,False,False,False,False,0,0,0,1,1,0,0,0,1,0,1
baseline,S_0045396,1,1,1,1,0,0,1.0,0.0,0.0,1,-0.0,False,False,False,False,False,0,0,1,0,1,1,0,0,0,0,1
baseline,S_0045400,1,1,1,1,0,0,1.0,0.0,0.0,1,-0.0,False,False,False,False,False,0,0,1,0,1,1,0,0,0,0,1
baseline,S_0045407,1,1,1,0,1,0,0.0,1.0,0.0,1,-0.0,False,False,False,False,False,0,0,1,0,1,0,1,0,0,0,1
baseline,S_0045409,1,1,1,0,1,0,0.0,1.0,0.0,1,-0.0,False,False,False,False,False,0,0,1,0,1,0,1,0,0,0,1
baseline,S_0045410,1,1,1,0,1,0,0.0,1.0,0.0,1,-0.0,False,False,False,False,False,0,0,1,0,1,0,1,0,0,0,1
baseline,S_0045415,2,2,2,1,1,0,0.5,0.5,0.0,2,0.6309297535714574,False,True,False,False,False,0,0,2,0,1,1,1,0,0,0,2
baseline,S_0045422,1,1,1,0,1,0,0.0,1.0,0.0,1,-0.0,False,False,False,False,False,0,0,1,0,1,0,1,0,0,0,1
baseline,S_0045441,1,1,1,1,0,0,1.0,0.0,0.0,1,-0.0,False,False,False,False,False,0,0,1,0,1,1,0,0,0,0,1
baseline,S_0045443,1,1,1,1,0,0,1.0,0.0,0.0,1,-0.0,False,False,False,False,False,0,0,1,0,1,1,0,0,0,0,1
baseline,S_0045446,1,1,1,1,0,0,1.0,0.0,0.0,1,-0.0,False,False,False,False,False,0,0,1,0,1,1,0,0,0,0,1
baseline,S_0045448,1,1,1,0,1,0,0.0,1.0,0.0,1,-0.0,False,False,False,False,False,0,0,0,1,1,0,1,0,0,0,1
baseline,S_0045449,1,1,1,1,0,0,1.0,0.0,0.0,1,-0.0,False,False,False,False,False,0,0,1,0,1,1,0,0,0,0,1
baseline,S_0045450,1,1,1,0,1,0,0.0,1.0,0.0,1,-0.0,False,False,False,False,False,0,0,0,1,1,0,1,0,0,0,1
baseline,S_0045451,2,2,1,1,1,0,0.5,0.5,0.0,2,0.6309297535714574,False,True,False,False,False,0,0,2,0,1,1,0,0,1,0,2
baseline,S_0045453,2,2,1,1,1,0,0.5,0.5,0.0,2,0.6309297535714574,False,True,False,False,False,0,0,2,0,1,1,0,0,1,0,2
baseline,S_0045470,1,1,1,0,1,0,0.0,1.0,0.0,1,-0.0,False,False,False,False,False,0,0,0,1,1,0,1,0,0,0,1
baseline,S_0045481,1,1,1,0,1,0,0.0,1.0,0.0,1,-0.0,False,False,False,False,False,0,1,0,0,1,0,0,1,0,0,1
baseline,S_0045512,1,1,1,0,0,1,0.0,0.0,1.0,1,-0.0,False,False,False,False,False,0,0,1,0,1,0,1,0,0,0,1
baseline,S_0045513,1,1,1,0,1,0,0.0,1.0,0.0,1,-0.0,False,False,False,False,False,0,0,0,1,1,0,0,0,0,1,1
baseline,S_0045514,1,1,1,0,1,0,0.0,1.0,0.0,1,-0.0,False,False,False,False,False,0,0,0,1,1,0,0,0,0,1,1
baseline,S_0045544,1,1,1,0,1,0,0.0,1.0,0.0,1,-0.0,False,False,False,False,False,0,0,0,1,1,0,0,0,0,1,1
baseline,S_0045546,1,1,1,0,1,0,0.0,1.0,0.0,1,-0.0,False,False,False,False,False,0,0,0,1,1,0,0,0,0,1,1
baseline,S_0045556,1,1,1,0,1,0,0.0,1.0,0.0,1,-0.0,False,False,False,False,False,0,0,1,0,1,0,0,1,0,0,1
baseline,S_0045557,1,1,1,0,1,0,0.0,1.0,0.0,1,-0.0,False,False,False,False,False,0,0,1,0,1,0,0,1,0,0,1
baseline,S_0045564,1,1,1,0,1,0,0.0,1.0,0.0,1,-0.0,False,False,False,False,False,0,0,1,0,1,1,0,0,0,0,1
baseline,S_0045566,3,2,3,0,2,0,0.0,1.0,0.0,1,-0.0,False,True,False,False,False,0,0,0,2,1,0,0,0,2,0,1
baseline,S_0045585,1,1,1,0,1,0,0.0,1.0,0.0,1,-0.0,False,False,False,False,False,0,0,0,1,1,0,0,0,0,1,1
baseline,S_0045586,2,1,2,0,1,0,0.0,1.0,0.0,1,-0.0,False,False,False,False,False,0,0,0,1,1,0,0,0,0,1,1
baseline,S_0045590,1,1,1,0,1,0,0.0,1.0,0.0,1,-0.0,False,False,False,False,False,0,0,0,1,1,0,0,0,0,1,1
baseline,S_0045593,1,1,1,0,1,0,0.0,1.0,0.0,1,-0.0,False,False,False,False,False,0,0,0,1,1,0,0,0,0,1,1
baseline,S_0045595,5,5,4,1,4,0,0.2,0.8,0.0,2,0.4554859150035952,True,True,True,True,False,0,0,1,4,2,0,2,0,1,2,3
baseline,S_0045596,5,5,4,1,4,0,0.2,0.8,0.0,2,0.4554859150035952,True,True,True,True,False,0,0,1,4,2,0,2,0,1,2,3
baseline,S_0045597,5,5,4,1,4,0,0.2,0.8,0.0,2,0.4554859150035952,True,True,True,True,False,0,0,1,4,2,0,2,0,1,2,3
baseline,S_0045602,2,2,2,0,2,0,0.0,1.0,0.0,1,-0.0,False,True,False,False,False,0,0,2,0,1,0,0,1,0,1,2
baseline,S_0045603,2,2,2,0,2,0,0.0,1.0,0.0,1,-0.0,False,True,False,False,False,0,0,2,0,1,0,0,1,0,1,2
baseline,S_0045604,2,2,2,0,2,0,0.0,1.0,0.0,1,-0.0,False,True,False,False,False,0,0,2,0,1,0,0,1,0,1,2
baseline,S_0045606,2,2,2,0,2,0,0.0,1.0,0.0,1,-0.0,False,True,False,False,False,0,0,2,0,1,0,0,1,0,1,2
baseline,S_0045614,2,2,2,0,2,0,0.0,1.0,0.0,1,-0.0,False,True,False,False,False,0,0,2,0,1,0,0,1,0,1,2
baseline,S_0045616,2,2,2,0,2,0,0.0,1.0,0.0,1,-0.0,False,True,False,False,False,0,0,2,0,1,0,0,1,0,1,2
baseline,S_0045618,1,1,1,0,1,0,0.0,1.0,0.0,1,-0.0,False,False,False,False,False,0,0,1,0,1,0,0,1,0,0,1
baseline,S_0045619,1,1,1,0,1,0,0.0,1.0,0.0,1,-0.0,False,False,False,False,False,0,0,1,0,1,0,0,1,0,0,1
baseline,S_0045621,1,1,1,0,1,0,0.0,1.0,0.0,1,-0.0,False,False,False,False,False,0,0,1,0,1,0,0,1,0,0,1
baseline,S_0045622,1,1,1,0,1,0,0.0,1.0,0.0,1,-0.0,False,False,False,False,False,0,0,1,0,1,0,0,1,0,0,1
baseline,S_0045627,1,1,1,0,1,0,0.0,1.0,0.0,1,-0.0,False,False,False,False,False,0,0,1,0,1,0,0,1,0,0,1
baseline,S_0045628,1,1,1,0,1,0,0.0,1.0,0.0,1,-0.0,False,False,False,False,False,0,0,1,0,1,0,0,1,0,0,1
baseline,S_0045638,1,1,1,0,0,1,0.0,0.0,1.0,1,-0.0,False,False,False,False,False,0,0,1,0,1,0,1,0,0,0,1
baseline,S_0045639,1,1,1,0,0,1,0.0,0.0,1.0,1,-0.0,False,False,False,False,False,0,0,1,0,1,0,1,0,0,0,1
baseline,S_0045651,1,1,1,0,0,1,0.0,0.0,1.0,1,-0.0,False,False,False,False,False,0,0,1,0,1,0,1,0,0,0,1
baseline,S_0045653,1,1,1,0,0,1,0.0,0.0,1.0,1,-0.0,False,False,False,False,False,0,0,1,0,1,0,1,0,0,0,1
baseline,S_0045655,1,1,1,0,0,1,0.0,0.0,1.0,1,-0.0,False,False,False,False,False,0,0,1,0,1,0,1,0,0,0,1
baseline,S_0045663,1,1,1,0,0,1,0.0,0.0,1.0,1,-0.0,False,False,False,False,False,0,0,1,0,1,0,1,0,0,0,1
baseline,S_0045664,1,1,1,0,0,1,0.0,0.0,1.0,1,-0.0,False,False,False,False,False,0,0,1,0,1,0,1,0,0,0,1
baseline,S_0045686,1,1,1,0,0,1,0.0,0.0,1.0,1,-0.0,False,False,False,False,False,0,0,1,0,1,0,1,0,0,0,1
baseline,S_0045687,1,1,1,0,0,1,0.0,0.0,1.0,1,-0.0,False,False,False,False,False,0,0,1,0,1,0,1,0,0,0,1
baseline,S_0045690,1,1,1,0,0,1,0.0,0.0,1.0,1,-0.0,False,False,False,False,False,0,0,1,0,1,0,1,0,0,0,1
baseline,S_0045693,1,1,1,0,0,1,0.0,0.0,1.0,1,-0.0,False,False,False,False,False,0,0,1,0,1,0,1,0,0,0,1
baseline,S_0045694,1,1,1,0,0,1,0.0,0.0,1.0,1,-0.0,False,False,False,False,False,0,0,1,0,1,0,1,0,0,0,1
baseline,S_0045718,2,2,1,0,2,0,0.0,1.0,0.0,1,-0.0,False,True,False,False,False,0,0,2,0,1,0,0,2,0,0,1
baseline,S_0045720,1,1,1,0,1,0,0.0,1.0,0.0,1,-0.0,False,False,False,False,False,0,0,1,0,1,0,0,1,0,0,1
baseline,S_0045721,1,1,1,0,1,0,0.0,1.0,0.0,1,-0.0,False,False,False,False,False,0,0,1,0,1,0,0,1,0,0,1
baseline,S_0045722,1,1,1,0,1,0,0.0,1.0,0.0,1,-0.0,False,False,False,False,False,0,0,1,0,1,0,0,1,0,0,1
baseline,S_0045724,1,1,1,0,1,0,0.0,1.0,0.0,1,-0.0,False,False,False,False,False,0,0,1,0,1,0,0,1,0,0,1
baseline,S_0045728,1,1,1,0,1,0,0.0,1.0,0.0,1,-0.0,False,False,False,False,False,0,0,1,0,1,0,0,1,0,0,1
baseline,S_0045730,1,1,1,0,1,0,0.0,1.0,0.0,1,-0.0,False,False,False,False,False,0,0,1,0,1,0,0,1,0,0,1
baseline,S_0045732,2,2,1,0,2,0,0.0,1.0,0.0,1,-0.0,False,True,False,False,False,0,0,2,0,1,0,0,2,0,0,1
baseline,S_0045734,1,1,1,0,1,0,0.0,1.0,0.0,1,-0.0,False,False,False,False,False,0,0,1,0,1,0,0,1,0,0,1
baseline,S_0045735,1,1,1,0,1,0,0.0,1.0,0.0,1,-0.0,False,False,False,False,False,0,0,1,0,1,0,0,1,0,0,1
baseline,S_0045756,1,1,1,0,1,0,0.0,1.0,0.0,1,-0.0,False,False,False,False,False,0,0,1,0,1,0,0,0,1,0,1
baseline,S_0045778,2,2,2,0,1,1,0.0,0.5,0.5,2,0.6309297535714574,False,True,False,False,False,0,0,2,0,1,0,1,0,1,0,2
baseline,S_0045786,1,1,1,0,0,1,0.0,0.0,1.0,1,-0.0,False,False,False,False,False,0,0,1,0,1,0,0,0,1,0,1
baseline,S_0045801,1,1,1,0,1,0,0.0,1.0,0.0,1,-0.0,False,False,False,False,False,0,0,1,0,1,0,1,0,0,0,1
baseline,S_0045802,1,1,1,0,1,0,0.0,1.0,0.0,1,-0.0,False,False,False,False,False,0,0,1,0,1,0,1,0,0,0,1
baseline,S_0045803,1,1,1,0,1,0,0.0,1.0,0.0,1,-0.0,False,False,False,False,False,0,0,1,0,1,0,1,0,0,0,1
baseline,S_0045805,1,1,1,0,1,0,0.0,1.0,0.0,1,-0.0,False,False,False,False,False,0,0,1,0,1,0,1,0,0,0,1
baseline,S_0045834,1,1,1,0,0,1,0.0,0.0,1.0,1,-0.0,False,False,False,False,False,0,0,0,1,1,0,1,0,0,0,1
baseline,S_0045843,2,2,2,0,1,1,0.0,0.5,0.5,2,0.6309297535714574,False,True,False,False,False,0,0,0,2,1,1,1,0,0,0,2
baseline,S_0045845,2,2,2,0,1,1,0.0,0.5,0.5,2,0.6309297535714574,False,True,False,False,False,0,0,0,2,1,1,1,0,0,0,2
baseline,S_0045847,2,2,2,0,1,1,0.0,0.5,0.5,2,0.6309297535714574,False,True,False,False,False,0,0,0,2,1,1,1,0,0,0,2
baseline,S_0045865,1,1,1,0,1,0,0.0,1.0,0.0,1,-0.0,False,False,False,False,False,0,0,1,0,1,0,1,0,0,0,1
baseline,S_0045867,1,1,1,0,1,0,0.0,1.0,0.0,1,-0.0,False,False,False,False,False,0,0,1,0,1,0,1,0,0,0,1
baseline,S_0045877,1,1,1,1,0,0,1.0,0.0,0.0,1,-0.0,False,False,False,False,False,0,0,0,1,1,1,0,0,0,0,1
baseline,S_0045878,1,1,1,1,0,0,1.0,0.0,0.0,1,-0.0,False,False,False,False,False,0,0,0,1,1,1,0,0,0,0,1
baseline,S_0045882,1,1,1,1,0,0,1.0,0.0,0.0,1,-0.0,False,False,False,False,False,0,0,0,1,1,1,0,0,0,0,1
baseline,S_0045899,1,1,1,0,1,0,0.0,1.0,0.0,1,-0.0,False,False,False,False,False,0,1,0,0,1,1,0,0,0,0,1
baseline,S_0045901,2,2,2,0,1,1,0.0,0.5,0.5,2,0.6309297535714574,False,True,False,False,False,0,1,1,0,2,1,0,0,1,0,2
baseline,S_0045902,1,1,1,0,0,1,0.0,0.0,1.0,1,-0.0,False,False,False,False,False,0,0,1,0,1,0,0,0,1,0,1
baseline,S_0045903,1,1,1,0,0,1,0.0,0.0,1.0,1,-0.0,False,False,False,False,False,0,0,1,0,1,0,0,0,1,0,1
baseline,S_0045905,1,1,1,0,0,1,0.0,0.0,1.0,1,-0.0,False,False,False,False,False,0,0,1,0,1,0,0,0,1,0,1
baseline,S_0045916,1,1,1,0,0,1,0.0,0.0,1.0,1,-0.0,False,False,False,False,False,0,0,0,1,1,0,1,0,0,0,1
baseline,S_0045917,1,1,1,0,0,1,0.0,0.0,1.0,1,-0.0,False,False,False,False,False,0,0,0,1,1,0,1,0,0,0,1
baseline,S_0045918,1,1,1,0,0,1,0.0,0.0,1.0,1,-0.0,False,False,False,False,False,0,0,0,1,1,0,1,0,0,0,1
baseline,S_0045920,1,1,1,0,0,1,0.0,0.0,1.0,1,-0.0,False,False,False,False,False,0,0,0,1,1,0,1,0,0,0,1
baseline,S_0046011,2,2,2,0,2,0,0.0,1.0,0.0,1,-0.0,False,True,False,False,False,0,1,1,0,2,1,0,0,1,0,2
baseline,S_0046012,2,2,2,0,2,0,0.0,1.0,0.0,1,-0.0,False,True,False,False,False,0,1,1,0,2,1,0,0,1,0,2
baseline,S_0046047,1,1,1,0,1,0,0.0,1.0,0.0,1,-0.0,False,False,False,False,False,0,1,0,0,1,1,0,0,0,0,1
baseline,S_0046049,1,1,1,0,1,0,0.0,1.0,0.0,1,-0.0,False,False,False,False,False,0,1,0,0,1,1,0,0,0,0,1
baseline,S_0046060,2,2,1,2,0,0,1.0,0.0,0.0,1,-0.0,False,True,False,False,False,0,0,0,2,1,1,0,0,1,0,2
baseline,S_0046094,1,1,1,0,0,1,0.0,0.0,1.0,1,-0.0,False,False,False,False,False,0,0,1,0,1,1,0,0,0,0,1
baseline,S_0046098,2,2,1,2,0,0,1.0,0.0,0.0,1,-0.0,False,True,False,False,False,0,0,0,2,1,1,0,0,1,0,2
baseline,S_0046100,4,2,2,2,0,0,1.0,0.0,0.0,1,-0.0,False,True,False,False,False,0,0,0,2,1,1,0,0,1,0,2
baseline,S_0046106,2,2,1,2,0,0,1.0,0.0,0.0,1,-0.0,False,True,False,False,False,0,0,0,2,1,1,0,0,1,0,2
baseline,S_0046107,4,2,2,2,0,0,1.0,0.0,0.0,1,-0.0,False,True,False,False,False,0,0,0,2,1,1,0,0,1,0,2
baseline,S_0046137,1,1,1,1,0,0,1.0,0.0,0.0,1,-0.0,False,False,False,False,False,0,0,0,1,1,0,0,0,0,1,1
baseline,S_0046142,1,1,1,1,0,0,1.0,0.0,0.0,1,-0.0,False,False,False,False,False,0,0,1,0,1,1,0,0,0,0,1
baseline,S_0046198,1,1,1,1,0,0,1.0,0.0,0.0,1,-0.0,False,False,False,False,False,0,0,0,1,1,0,0,0,0,1,1
baseline,S_0046199,1,1,1,1,0,0,1.0,0.0,0.0,1,-0.0,False,False,False,False,False,0,0,1,0,1,1,0,0,0,0,1
baseline,S_0046200,1,1,1,1,0,0,1.0,0.0,0.0,1,-0.0,False,False,False,False,False,0,0,1,0,1,1,0,0,0,0,1
baseline,S_0046321,1,1,1,1,0,0,1.0,0.0,0.0,1,-0.0,False,False,False,False,False,0,0,1,0,1,0,1,0,0,0,1
baseline,S_0046322,1,1,1,1,0,0,1.0,0.0,0.0,1,-0.0,False,False,False,False,False,0,0,1,0,1,0,1,0,0,0,1
baseline,S_0046326,1,1,1,1,0,0,1.0,0.0,0.0,1,-0.0,False,False,False,False,False,0,0,1,0,1,0,1,0,0,0,1
baseline,S_0046336,1,1,1,0,1,0,0.0,1.0,0.0,1,-0.0,False,False,False,False,False,0,1,0,0,1,0,0,0,1,0,1
baseline,S_0046337,3,3,3,0,1,2,0.0,0.3333333333333333,0.6666666666666666,2,0.5793801642856949,False,True,True,False,False,0,0,1,2,2,0,1,1,0,1,3
baseline,S_0046338,2,2,2,0,1,1,0.0,0.5,0.5,2,0.6309297535714574,False,True,False,False,False,0,0,1,1,2,0,0,1,0,1,2
baseline,S_0046339,1,1,1,0,1,0,0.0,1.0,0.0,1,-0.0,False,False,False,False,False,0,0,0,1,1,0,0,1,0,0,1
baseline,S_0046340,3,2,3,0,1,1,0.0,0.5,0.5,2,0.6309297535714574,False,True,False,False,False,0,0,0,2,1,0,1,1,0,0,2
baseline,S_0046341,1,1,1,0,0,1,0.0,0.0,1.0,1,-0.0,False,False,False,False,False,0,0,0,1,1,0,1,0,0,0,1
baseline,S_0046342,1,1,1,0,0,1,0.0,0.0,1.0,1,-0.0,False,False,False,False,False,0,0,1,0,1,0,0,0,0,1,1
baseline,S_0046344,1,1,1,0,0,1,0.0,0.0,1.0,1,-0.0,False,False,False,False,False,0,0,1,0,1,0,0,0,0,1,1
baseline,S_0046349,3,2,3,0,1,1,0.0,0.5,0.5,2,0.6309297535714574,False,True,False,False,False,0,0,0,2,1,0,1,1,0,0,2
baseline,S_0046352,1,1,1,0,0,1,0.0,0.0,1.0,1,-0.0,False,False,False,False,False,0,0,1,0,1,0,0,0,0,1,1
baseline,S_0046465,2,2,1,2,0,0,1.0,0.0,0.0,1,-0.0,False,True,False,False,False,0,0,0,2,1,1,0,0,1,0,2
baseline,S_0046467,2,2,1,2,0,0,1.0,0.0,0.0,1,-0.0,False,True,False,False,False,0,0,0,2,1,1,0,0,1,0,2
baseline,S_0046481,4,2,2,2,0,0,1.0,0.0,0.0,1,-0.0,False,True,False,False,False,0,0,0,2,1,1,0,0,1,0,2
baseline,S_0046482,4,2,2,2,0,0,1.0,0.0,0.0,1,-0.0,False,True,False,False,False,0,0,0,2,1,1,0,0,1,0,2
baseline,S_0046509,2,2,2,1,1,0,0.5,0.5,0.0,2,0.6309297535714574,False,True,False,False,False,0,1,1,0,2,2,0,0,0,0,1
baseline,S_0046510,1,1,1,1,0,0,1.0,0.0,0.0,1,-0.0,False,False,False,False,False,0,0,1,0,1,1,0,0,0,0,1
baseline,S_0046511,1,1,1,0,1,0,0.0,1.0,0.0,1,-0.0,False,False,False,False,False,0,1,0,0,1,1,0,0,0,0,1
baseline,S_0046537,1,1,1,1,0,0,1.0,0.0,0.0,1,-0.0,False,False,False,False,False,0,0,0,1,1,1,0,0,0,0,1
baseline,S_0046540,4,4,3,3,1,0,0.75,0.25,0.0,2,0.5118595071429147,False,True,True,False,False,0,0,0,4,1,2,0,1,1,0,3
baseline,S_0046555,1,1,1,0,0,1,0.0,0.0,1.0,1,-0.0,False,False,False,False,False,0,0,1,0,1,0,0,0,1,0,1
baseline,S_0046556,1,1,1,0,0,1,0.0,0.0,1.0,1,-0.0,False,False,False,False,False,0,0,1,0,1,0,0,0,1,0,1
baseline,S_0046557,1,1,1,0,0,1,0.0,0.0,1.0,1,-0.0,False,False,False,False,False,0,0,1,0,1,0,0,0,1,0,1
baseline,S_0046599,1,1,1,0,0,1,0.0,0.0,1.0,1,-0.0,False,False,False,False,False,0,0,0,1,1,0,1,0,0,0,1
baseline,S_0046601,1,1,1,1,0,0,1.0,0.0,0.0,1,-0.0,False,False,False,False,False,0,0,1,0,1,1,0,0,0,0,1
baseline,S_0046612,1,1,1,0,1,0,0.0,1.0,0.0,1,-0.0,False,False,False,False,False,0,1,0,0,1,0,0,0,1,0,1
baseline,S_0046616,5,4,4,1,1,2,0.25,0.25,0.5,3,0.946394630357186,False,True,True,False,False,0,0,0,4,1,2,0,0,1,1,3
baseline,S_0046618,4,4,2,1,3,0,0.25,0.75,0.0,2,0.5118595071429147,False,True,True,False,False,0,1,3,0,2,2,0,0,1,1,3
baseline,S_0046679,1,1,1,0,0,1,0.0,0.0,1.0,1,-0.0,False,False,False,False,False,0,0,0,1,1,1,0,0,0,0,1
baseline,S_0046680,1,1,1,0,0,1,0.0,0.0,1.0,1,-0.0,False,False,False,False,False,0,0,0,1,1,1,0,0,0,0,1
baseline,S_0046686,1,1,1,0,0,1,0.0,0.0,1.0,1,-0.0,False,False,False,False,False,0,0,1,0,1,0,0,0,1,0,1
baseline,S_0046688,1,1,1,0,0,1,0.0,0.0,1.0,1,-0.0,False,False,False,False,False,0,0,1,0,1,0,0,0,1,0,1
baseline,S_0046693,1,1,1,0,1,0,0.0,1.0,0.0,1,-0.0,False,False,False,False,False,0,1,0,0,1,0,0,0,1,0,1
baseline,S_0046694,1,1,1,0,1,0,0.0,1.0,0.0,1,-0.0,False,False,False,False,False,0,1,0,0,1,0,0,0,1,0,1
baseline,S_0046701,1,1,1,0,0,1,0.0,0.0,1.0,1,-0.0,False,False,False,False,False,0,0,1,0,1,0,0,0,1,0,1
baseline,S_0046703,2,2,2,0,1,1,0.0,0.5,0.5,2,0.6309297535714574,False,True,False,False,False,0,1,1,0,2,0,0,0,2,0,1
baseline,S_0046718,2,2,2,0,1,1,0.0,0.5,0.5,2,0.6309297535714574,False,True,False,False,False,0,1,1,0,2,0,0,0,2,0,1
baseline,S_0046728,2,2,2,0,1,1,0.0,0.5,0.5,2,0.6309297535714574,False,True,False,False,False,0,1,1,0,2,0,0,0,2,0,1
baseline,S_0046734,1,1,1,0,0,1,0.0,0.0,1.0,1,-0.0,False,False,False,False,False,0,0,1,0,1,0,0,0,1,0,1
baseline,S_0046735,1,1,1,0,1,0,0.0,1.0,0.0,1,-0.0,False,False,False,False,False,0,1,0,0,1,0,0,0,1,0,1
baseline,S_0046736,1,1,1,0,1,0,0.0,1.0,0.0,1,-0.0,False,False,False,False,False,0,1,0,0,1,0,0,0,1,0,1
baseline,S_0046743,1,1,1,1,0,0,1.0,0.0,0.0,1,-0.0,False,False,False,False,False,0,1,0,0,1,0,0,1,0,0,1
baseline,S_0046744,1,1,1,1,0,0,1.0,0.0,0.0,1,-0.0,False,False,False,False,False,0,1,0,0,1,0,0,1,0,0,1
baseline,S_0046750,1,1,1,0,1,0,0.0,1.0,0.0,1,-0.0,False,False,False,False,False,0,0,1,0,1,1,0,0,0,0,1
baseline,S_0046751,1,1,1,0,1,0,0.0,1.0,0.0,1,-0.0,False,False,False,False,False,0,0,1,0,1,1,0,0,0,0,1
baseline,S_0046756,1,1,1,0,1,0,0.0,1.0,0.0,1,-0.0,False,False,False,False,False,0,0,1,0,1,1,0,0,0,0,1
baseline,S_0046764,4,2,4,0,2,0,0.0,1.0,0.0,1,-0.0,False,True,False,False,False,0,0,1,1,2,1,0,0,1,0,2
baseline,S_0046765,2,2,2,0,2,0,0.0,1.0,0.0,1,-0.0,False,True,False,False,False,0,0,1,1,2,1,0,0,1,0,2
baseline,S_0046767,1,1,1,0,1,0,0.0,1.0,0.0,1,-0.0,False,False,False,False,False,0,0,1,0,1,1,0,0,0,0,1
baseline,S_0046768,1,1,1,1,0,0,1.0,0.0,0.0,1,-0.0,False,False,False,False,False,0,0,0,1,1,0,0,0,1,0,1
baseline,S_0046823,2,2,1,0,1,1,0.0,0.5,0.5,2,0.6309297535714574,False,True,False,False,False,0,0,2,0,1,0,1,1,0,0,2
baseline,S_0046844,1,1,1,0,0,1,0.0,0.0,1.0,1,-0.0,False,False,False,False,False,0,0,1,0,1,0,0,0,1,0,1
baseline,S_0046890,2,2,1,2,0,0,1.0,0.0,0.0,1,-0.0,False,True,False,False,False,0,0,0,2,1,1,0,0,1,0,2
baseline,S_0046892,2,2,1,2,0,0,1.0,0.0,0.0,1,-0.0,False,True,False,False,False,0,0,0,2,1,1,0,0,1,0,2
baseline,S_0046900,2,2,1,2,0,0,1.0,0.0,0.0,1,-0.0,False,True,False,False,False,0,0,0,2,1,1,0,0,1,0,2
baseline,S_0046903,1,1,1,0,1,0,0.0,1.0,0.0,1,-0.0,False,False,False,False,False,0,0,1,0,1,1,0,0,0,0,1
baseline,S_0046904,1,1,1,0,1,0,0.0,1.0,0.0,1,-0.0,False,False,False,False,False,0,0,1,0,1,1,0,0,0,0,1
baseline,S_0046905,1,1,1,0,1,0,0.0,1.0,0.0,1,-0.0,False,False,False,False,False,0,0,1,0,1,1,0,0,0,0,1
baseline,S_0046913,2,2,1,2,0,0,1.0,0.0,0.0,1,-0.0,False,True,False,False,False,0,0,0,2,1,1,0,0,1,0,2
baseline,S_0046918,1,1,1,0,1,0,0.0,1.0,0.0,1,-0.0,False,False,False,False,False,0,0,1,0,1,1,0,0,0,0,1
baseline,S_0046923,1,1,1,0,1,0,0.0,1.0,0.0,1,-0.0,False,False,False,False,False,0,0,1,0,1,1,0,0,0,0,1
baseline,S_0046925,1,1,1,0,1,0,0.0,1.0,0.0,1,-0.0,False,False,False,False,False,0,0,1,0,1,1,0,0,0,0,1
baseline,S_0046927,2,2,2,0,2,0,0.0,1.0,0.0,1,-0.0,False,True,False,False,False,0,1,0,1,2,1,0,0,0,1,2
baseline,S_0046928,1,1,1,0,1,0,0.0,1.0,0.0,1,-0.0,False,False,False,False,False,0,0,0,1,1,0,0,0,0,1,1
baseline,S_0046930,1,1,1,0,1,0,0.0,1.0,0.0,1,-0.0,False,False,False,False,False,0,1,0,0,1,1,0,0,0,0,1
baseline,S_0046931,2,2,1,0,2,0,0.0,1.0,0.0,1,-0.0,False,True,False,False,False,0,0,2,0,1,1,0,0,1,0,2
baseline,S_0046932,2,2,1,0,2,0,0.0,1.0,0.0,1,-0.0,False,True,False,False,False,0,0,2,0,1,1,0,0,1,0,2
baseline,S_0046935,1,1,1,0,1,0,0.0,1.0,0.0,1,-0.0,False,False,False,False,False,0,0,1,0,1,0,0,0,1,0,1
baseline,S_0046936,1,1,1,0,1,0,0.0,1.0,0.0,1,-0.0,False,False,False,False,False,0,0,1,0,1,0,0,0,1,0,1
baseline,S_0046939,3,3,2,1,2,0,0.3333333333333333,0.6666666666666666,0.0,2,0.5793801642856949,False,True,True,False,False,0,0,1,2,2,1,0,0,2,0,2
baseline,S_0046943,1,1,1,1,0,0,1.0,0.0,0.0,1,-0.0,False,False,False,False,False,0,0,1,0,1,1,0,0,0,0,1
baseline,S_0046952,1,1,1,0,1,0,0.0,1.0,0.0,1,-0.0,False,False,False,False,False,0,0,0,1,1,1,0,0,0,0,1
baseline,S_0046953,1,1,1,0,1,0,0.0,1.0,0.0,1,-0.0,False,False,False,False,False,0,0,0,1,1,1,0,0,0,0,1
baseline,S_0046955,1,1,1,0,1,0,0.0,1.0,0.0,1,-0.0,False,False,False,False,False,0,0,0,1,1,1,0,0,0,0,1
baseline,S_0046956,1,1,1,0,1,0,0.0,1.0,0.0,1,-0.0,False,False,False,False,False,0,0,0,1,1,1,0,0,0,0,1
baseline,S_0046958,1,1,1,0,1,0,0.0,1.0,0.0,1,-0.0,False,False,False,False,False,0,0,0,1,1,1,0,0,0,0,1
baseline,S_0046960,2,2,1,2,0,0,1.0,0.0,0.0,1,-0.0,False,True,False,False,False,0,0,2,0,1,2,0,0,0,0,1
baseline,S_0046961,2,2,1,2,0,0,1.0,0.0,0.0,1,-0.0,False,True,False,False,False,0,0,2,0,1,2,0,0,0,0,1
baseline,S_0046963,2,2,1,2,0,0,1.0,0.0,0.0,1,-0.0,False,True,False,False,False,0,0,2,0,1,2,0,0,0,0,1
baseline,S_0046965,1,1,1,0,0,1,0.0,0.0,1.0,1,-0.0,False,False,False,False,False,0,0,1,0,1,0,0,0,0,1,1
baseline,S_0046967,1,1,1,0,0,1,0.0,0.0,1.0,1,-0.0,False,False,False,False,False,0,0,1,0,1,0,0,0,0,1,1
baseline,S_0046970,1,1,1,0,0,1,0.0,0.0,1.0,1,-0.0,False,False,False,False,False,0,0,1,0,1,0,0,0,0,1,1
baseline,S_0046971,1,1,1,0,0,1,0.0,0.0,1.0,1,-0.0,False,False,False,False,False,0,0,1,0,1,0,0,0,0,1,1
baseline,S_0046972,1,1,1,0,0,1,0.0,0.0,1.0,1,-0.0,False,False,False,False,False,0,0,1,0,1,0,0,0,0,1,1
baseline,S_0046973,1,1,1,0,0,1,0.0,0.0,1.0,1,-0.0,False,False,False,False,False,0,0,1,0,1,0,0,0,0,1,1
baseline,S_0046981,1,1,1,1,0,0,1.0,0.0,0.0,1,-0.0,False,False,False,False,False,0,0,1,0,1,0,1,0,0,0,1
baseline,S_0046985,1,1,1,0,0,1,0.0,0.0,1.0,1,-0.0,False,False,False,False,False,0,0,1,0,1,0,0,0,1,0,1
baseline,S_0046987,1,1,1,0,1,0,0.0,1.0,0.0,1,-0.0,False,False,False,False,False,0,0,1,0,1,0,0,1,0,0,1
baseline,S_0047004,1,1,1,1,0,0,1.0,0.0,0.0,1,-0.0,False,False,False,False,False,0,0,1,0,1,0,1,0,0,0,1
baseline,S_0047005,1,1,1,1,0,0,1.0,0.0,0.0,1,-0.0,False,False,False,False,False,0,0,1,0,1,0,1,0,0,0,1
baseline,S_0047008,1,1,1,1,0,0,1.0,0.0,0.0,1,-0.0,False,False,False,False,False,0,0,1,0,1,0,1,0,0,0,1
baseline,S_0047009,1,1,1,1,0,0,1.0,0.0,0.0,1,-0.0,False,False,False,False,False,0,0,1,0,1,0,1,0,0,0,1
baseline,S_0047012,1,1,1,1,0,0,1.0,0.0,0.0,1,-0.0,False,False,False,False,False,0,0,1,0,1,0,1,0,0,0,1
baseline,S_0047013,1,1,1,1,0,0,1.0,0.0,0.0,1,-0.0,False,False,False,False,False,0,0,1,0,1,0,1,0,0,0,1
baseline,S_0047039,1,1,1,0,1,0,0.0,1.0,0.0,1,-0.0,False,False,False,False,False,0,0,1,0,1,0,0,1,0,0,1
baseline,S_0047051,1,1,1,0,1,0,0.0,1.0,0.0,1,-0.0,False,False,False,False,False,0,0,1,0,1,0,0,1,0,0,1
baseline,S_0047052,1,1,1,0,1,0,0.0,1.0,0.0,1,-0.0,False,False,False,False,False,0,0,1,0,1,0,0,1,0,0,1
baseline,S_0047060,1,1,1,0,1,0,0.0,1.0,0.0,1,-0.0,False,False,False,False,False,0,0,1,0,1,0,0,1,0,0,1
baseline,S_0047061,1,1,1,0,1,0,0.0,1.0,0.0,1,-0.0,False,False,False,False,False,0,0,1,0,1,0,0,1,0,0,1
baseline,S_0047064,1,1,1,0,1,0,0.0,1.0,0.0,1,-0.0,False,False,False,False,False,0,0,1,0,1,0,0,1,0,0,1
baseline,S_0047065,1,1,1,0,1,0,0.0,1.0,0.0,1,-0.0,False,False,False,False,False,0,0,1,0,1,0,0,1,0,0,1
baseline,S_0047077,2,2,1,0,2,0,0.0,1.0,0.0,1,-0.0,False,True,False,False,False,0,0,2,0,1,0,1,1,0,0,2
baseline,S_0047082,1,1,1,0,0,1,0.0,0.0,1.0,1,-0.0,False,False,False,False,False,0,0,1,0,1,1,0,0,0,0,1
baseline,S_0047086,1,1,1,0,1,0,0.0,1.0,0.0,1,-0.0,False,False,False,False,False,0,0,1,0,1,0,0,1,0,0,1
baseline,S_0047087,2,2,2,0,2,0,0.0,1.0,0.0,1,-0.0,False,True,False,False,False,0,0,1,1,2,0,0,1,0,1,2
baseline,S_0047154,2,2,1,1,1,0,0.5,0.5,0.0,2,0.6309297535714574,False,True,False,False,False,0,0,2,0,1,1,0,0,0,1,2
baseline,S_0047162,5,5,4,0,5,0,0.0,1.0,0.0,1,-0.0,True,True,True,True,False,0,0,0,5,1,0,1,0,3,1,3
baseline,S_0047163,6,6,5,0,5,1,0.0,0.8333333333333334,0.16666666666666666,2,0.41011848630651804,True,True,True,True,False,0,0,1,5,2,0,1,0,4,1,3
baseline,S_0047164,6,6,5,0,5,1,0.0,0.8333333333333334,0.16666666666666666,2,0.41011848630651804,True,True,True,True,False,0,0,1,5,2,0,1,0,4,1,3
baseline,S_0047166,7,7,6,0,5,2,0.0,0.7142857142857143,0.2857142857142857,2,0.5445684476282007,True,True,True,True,False,0,0,1,6,2,0,1,0,4,2,3
baseline,S_0047167,1,1,1,0,0,1,0.0,0.0,1.0,1,-0.0,False,False,False,False,False,0,0,0,1,1,0,0,0,0,1,1
baseline,S_0047168,1,1,1,0,0,1,0.0,0.0,1.0,1,-0.0,False,False,False,False,False,0,0,0,1,1,0,0,0,0,1,1
baseline,S_0047172,11,6,9,0,5,1,0.0,0.8333333333333334,0.16666666666666666,2,0.41011848630651804,True,True,True,True,False,0,0,1,5,2,0,1,0,4,1,3
baseline,S_0047196,1,1,1,0,1,0,0.0,1.0,0.0,1,-0.0,False,False,False,False,False,0,1,0,0,1,1,0,0,0,0,1
baseline,S_0047197,1,1,1,0,1,0,0.0,1.0,0.0,1,-0.0,False,False,False,False,False,0,1,0,0,1,1,0,0,0,0,1
baseline,S_0047198,1,1,1,0,1,0,0.0,1.0,0.0,1,-0.0,False,False,False,False,False,0,1,0,0,1,1,0,0,0,0,1
baseline,S_0047215,2,1,2,0,1,0,0.0,1.0,0.0,1,-0.0,False,False,False,False,False,0,0,0,1,1,1,0,0,0,0,1
baseline,S_0047216,1,1,1,0,1,0,0.0,1.0,0.0,1,-0.0,False,False,False,False,False,0,0,0,1,1,1,0,0,0,0,1
baseline,S_0047225,1,1,1,0,1,0,0.0,1.0,0.0,1,-0.0,False,False,False,False,False,0,0,0,1,1,1,0,0,0,0,1
baseline,S_0047227,1,1,1,0,1,0,0.0,1.0,0.0,1,-0.0,False,False,False,False,False,0,0,0,1,1,1,0,0,0,0,1
baseline,S_0047287,1,1,1,0,1,0,0.0,1.0,0.0,1,-0.0,False,False,False,False,False,1,0,0,0,1,1,0,0,0,0,1
baseline,S_0047294,1,1,1,0,1,0,0.0,1.0,0.0,1,-0.0,False,False,False,False,False,0,0,1,0,1,0,0,1,0,0,1
baseline,S_0047295,1,1,1,0,1,0,0.0,1.0,0.0,1,-0.0,False,False,False,False,False,0,0,1,0,1,0,0,1,0,0,1
baseline,S_0047301,1,1,1,0,1,0,0.0,1.0,0.0,1,-0.0,False,False,False,False,False,0,0,1,0,1,0,0,1,0,0,1
baseline,S_0047302,1,1,1,0,1,0,0.0,1.0,0.0,1,-0.0,False,False,False,False,False,0,0,1,0,1,0,0,1,0,0,1
baseline,S_0047303,1,1,1,0,1,0,0.0,1.0,0.0,1,-0.0,False,False,False,False,False,0,0,1,0,1,0,0,1,0,0,1
baseline,S_0047305,1,1,1,0,1,0,0.0,1.0,0.0,1,-0.0,False,False,False,False,False,0,0,1,0,1,0,0,1,0,0,1
baseline,S_0047309,1,1,1,0,0,1,0.0,0.0,1.0,1,-0.0,False,False,False,False,False,0,0,1,0,1,0,0,0,1,0,1
baseline,S_0047311,1,1,1,0,0,1,0.0,0.0,1.0,1,-0.0,False,False,False,False,False,0,0,1,0,1,0,0,0,1,0,1
baseline,S_0047312,1,1,1,0,1,0,0.0,1.0,0.0,1,-0.0,False,False,False,False,False,0,0,1,0,1,0,1,0,0,0,1
baseline,S_0047313,1,1,1,0,1,0,0.0,1.0,0.0,1,-0.0,False,False,False,False,False,0,0,1,0,1,0,1,0,0,0,1
baseline,S_0047320,1,1,1,0,0,1,0.0,0.0,1.0,1,-0.0,False,False,False,False,False,0,0,1,0,1,0,0,0,1,0,1
baseline,S_0047323,6,6,5,0,5,1,0.0,0.8333333333333334,0.16666666666666666,2,0.41011848630651804,True,True,True,True,False,0,0,0,6,1,0,1,0,3,2,3
baseline,S_0047324,6,6,5,0,5,1,0.0,0.8333333333333334,0.16666666666666666,2,0.41011848630651804,True,True,True,True,False,0,0,0,6,1,0,1,0,3,2,3
baseline,S_0047327,1,1,1,0,0,1,0.0,0.0,1.0,1,-0.0,False,False,False,False,False,0,0,1,0,1,0,0,0,1,0,1
baseline,S_0047328,1,1,1,0,0,1,0.0,0.0,1.0,1,-0.0,False,False,False,False,False,0,0,1,0,1,0,0,0,1,0,1
baseline,S_0047330,1,1,1,0,0,1,0.0,0.0,1.0,1,-0.0,False,False,False,False,False,0,0,1,0,1,0,0,0,1,0,1
baseline,S_0047331,1,1,1,0,0,1,0.0,0.0,1.0,1,-0.0,False,False,False,False,False,0,0,1,0,1,0,0,0,1,0,1
baseline,S_0047337,2,2,2,0,1,1,0.0,0.5,0.5,2,0.6309297535714574,False,True,False,False,False,0,0,2,0,1,0,1,0,1,0,2
baseline,S_0047341,1,1,1,0,1,0,0.0,1.0,0.0,1,-0.0,False,False,False,False,False,0,0,1,0,1,0,1,0,0,0,1
baseline,S_0047365,1,1,1,0,1,0,0.0,1.0,0.0,1,-0.0,False,False,False,False,False,0,0,1,0,1,1,0,0,0,0,1
baseline,S_0047370,1,1,1,0,1,0,0.0,1.0,0.0,1,-0.0,False,False,False,False,False,0,0,1,0,1,1,0,0,0,0,1
baseline,S_0047385,1,1,1,0,1,0,0.0,1.0,0.0,1,-0.0,False,False,False,False,False,0,0,1,0,1,0,0,1,0,0,1
baseline,S_0047429,1,1,1,0,1,0,0.0,1.0,0.0,1,-0.0,False,False,False,False,False,0,0,1,0,1,0,1,0,0,0,1
baseline,S_0047431,1,1,1,0,1,0,0.0,1.0,0.0,1,-0.0,False,False,False,False,False,0,0,1,0,1,0,1,0,0,0,1
baseline,S_0047432,1,1,1,0,1,0,0.0,1.0,0.0,1,-0.0,False,False,False,False,False,0,0,1,0,1,0,1,0,0,0,1
baseline,S_0047455,3,3,3,1,2,0,0.3333333333333333,0.6666666666666666,0.0,2,0.5793801642856949,False,True,True,False,False,0,1,1,1,3,2,1,0,0,0,2
baseline,S_0047456,2,2,2,1,1,0,0.5,0.5,0.0,2,0.6309297535714574,False,True,False,False,False,0,1,1,0,2,2,0,0,0,0,1
baseline,S_0047459,1,1,1,1,0,0,1.0,0.0,0.0,1,-0.0,False,False,False,False,False,0,0,0,1,1,0,0,0,1,0,1
baseline,S_0047465,2,2,2,1,1,0,0.5,0.5,0.0,2,0.6309297535714574,False,True,False,False,False,0,0,2,0,1,1,1,0,0,0,2
baseline,S_0047468,1,1,1,0,1,0,0.0,1.0,0.0,1,-0.0,False,False,False,False,False,0,0,1,0,1,0,1,0,0,0,1
baseline,S_0047469,1,1,1,0,1,0,0.0,1.0,0.0,1,-0.0,False,False,False,False,False,0,0,1,0,1,0,1,0,0,0,1
baseline,S_0047699,1,1,1,0,1,0,0.0,1.0,0.0,1,-0.0,False,False,False,False,False,0,0,1,0,1,0,0,0,0,1,1
baseline,S_0047703,1,1,1,0,0,1,0.0,0.0,1.0,1,-0.0,False,False,False,False,False,0,0,1,0,1,0,0,0,1,0,1
baseline,S_0047704,6,6,5,0,5,1,0.0,0.8333333333333334,0.16666666666666666,2,0.41011848630651804,True,True,True,True,False,0,0,1,5,2,0,1,0,4,1,3
baseline,S_0047708,1,1,1,0,1,0,0.0,1.0,0.0,1,-0.0,False,False,False,False,False,0,0,1,0,1,0,0,0,1,0,1
baseline,S_0047718,1,1,1,0,1,0,0.0,1.0,0.0,1,-0.0,False,False,False,False,False,0,0,1,0,1,0,0,0,1,0,1
baseline,S_0047743,1,1,1,1,0,0,1.0,0.0,0.0,1,-0.0,False,False,False,False,False,0,0,0,1,1,1,0,0,0,0,1
baseline,S_0047744,1,1,1,1,0,0,1.0,0.0,0.0,1,-0.0,False,False,False,False,False,0,0,0,1,1,1,0,0,0,0,1
baseline,S_0047747,1,1,1,1,0,0,1.0,0.0,0.0,1,-0.0,False,False,False,False,False,0,0,0,1,1,1,0,0,0,0,1
baseline,S_0047748,1,1,1,1,0,0,1.0,0.0,0.0,1,-0.0,False,False,False,False,False,0,0,0,1,1,1,0,0,0,0,1
baseline,S_0047750,1,1,1,1,0,0,1.0,0.0,0.0,1,-0.0,False,False,False,False,False,0,0,0,1,1,1,0,0,0,0,1
baseline,S_0047803,2,2,1,0,2,0,0.0,1.0,0.0,1,-0.0,False,True,False,False,False,0,0,2,0,1,0,0,0,0,2,1
baseline,S_0047804,2,2,1,0,2,0,0.0,1.0,0.0,1,-0.0,False,True,False,False,False,0,0,2,0,1,0,0,0,0,2,1
baseline,S_0047856,4,4,3,2,2,0,0.5,0.5,0.0,2,0.6309297535714574,False,True,True,False,False,0,0,2,2,2,1,0,0,1,2,3
baseline,S_0047857,4,4,3,2,2,0,0.5,0.5,0.0,2,0.6309297535714574,False,True,True,False,False,0,0,2,2,2,1,0,0,1,2,3
baseline,S_0047858,4,4,3,2,2,0,0.5,0.5,0.0,2,0.6309297535714574,False,True,True,False,False,0,0,2,2,2,1,0,0,1,2,3
baseline,S_0047859,4,4,3,2,2,0,0.5,0.5,0.0,2,0.6309297535714574,False,True,True,False,False,0,0,2,2,2,1,0,0,1,2,3
baseline,S_0047878,1,1,1,1,0,0,1.0,0.0,0.0,1,-0.0,False,False,False,False,False,0,0,0,1,1,1,0,0,0,0,1
baseline,S_0047879,1,1,1,1,0,0,1.0,0.0,0.0,1,-0.0,False,False,False,False,False,0,0,0,1,1,1,0,0,0,0,1
baseline,S_0047880,1,1,1,1,0,0,1.0,0.0,0.0,1,-0.0,False,False,False,False,False,0,0,0,1,1,1,0,0,0,0,1
baseline,S_0047882,1,1,1,1,0,0,1.0,0.0,0.0,1,-0.0,False,False,False,False,False,0,0,0,1,1,1,0,0,0,0,1
baseline,S_0047909,1,1,1,0,1,0,0.0,1.0,0.0,1,-0.0,False,False,False,False,False,0,0,1,0,1,1,0,0,0,0,1
baseline,S_0047913,1,1,1,0,1,0,0.0,1.0,0.0,1,-0.0,False,False,False,False,False,0,0,0,1,1,0,0,0,0,1,1
baseline,S_0047914,1,1,1,0,1,0,0.0,1.0,0.0,1,-0.0,False,False,False,False,False,0,0,0,1,1,0,0,0,0,1,1
baseline,S_0047950,1,1,1,0,0,1,0.0,0.0,1.0,1,-0.0,False,False,False,False,False,0,0,1,0,1,0,1,0,0,0,1
baseline,S_0047951,1,1,1,0,0,1,0.0,0.0,1.0,1,-0.0,False,False,False,False,False,0,0,1,0,1,0,1,0,0,0,1
baseline,S_0047958,1,1,1,0,0,1,0.0,0.0,1.0,1,-0.0,False,False,False,False,False,0,0,1,0,1,0,1,0,0,0,1
baseline,S_0047980,1,1,1,0,1,0,0.0,1.0,0.0,1,-0.0,False,False,False,False,False,0,0,1,0,1,0,0,0,1,0,1
baseline,S_0047982,1,1,1,0,1,0,0.0,1.0,0.0,1,-0.0,False,False,False,False,False,0,0,1,0,1,0,0,0,1,0,1
baseline,S_0047990,2,2,1,0,2,0,0.0,1.0,0.0,1,-0.0,False,True,False,False,False,0,0,2,0,1,0,0,1,1,0,2
baseline,S_0047991,2,2,1,0,2,0,0.0,1.0,0.0,1,-0.0,False,True,False,False,False,0,0,2,0,1,0,0,1,1,0,2
baseline,S_0047994,2,2,1,0,2,0,0.0,1.0,0.0,1,-0.0,False,True,False,False,False,0,0,2,0,1,0,1,0,1,0,2
baseline,S_0047995,2,2,1,0,2,0,0.0,1.0,0.0,1,-0.0,False,True,False,False,False,0,0,2,0,1,0,1,0,1,0,2
baseline,S_0047996,2,2,1,0,2,0,0.0,1.0,0.0,1,-0.0,False,True,False,False,False,0,0,2,0,1,0,1,0,1,0,2
baseline,S_0047998,2,2,1,0,2,0,0.0,1.0,0.0,1,-0.0,False,True,False,False,False,0,0,2,0,1,0,1,0,1,0,2
baseline,S_0047999,2,2,1,0,2,0,0.0,1.0,0.0,1,-0.0,False,True,False,False,False,0,0,2,0,1,0,1,0,1,0,2
baseline,S_0048020,1,1,1,0,1,0,0.0,1.0,0.0,1,-0.0,False,False,False,False,False,0,0,1,0,1,0,0,0,1,0,1
baseline,S_0048087,7,5,7,1,4,0,0.2,0.8,0.0,2,0.4554859150035952,True,True,True,True,False,0,0,1,4,2,1,2,0,1,1,4
baseline,S_0048088,9,5,9,1,4,0,0.2,0.8,0.0,2,0.4554859150035952,True,True,True,True,False,0,0,1,4,2,1,2,0,1,1,4
baseline,S_0048089,4,4,4,1,3,0,0.25,0.75,0.0,2,0.5118595071429147,False,True,True,False,False,0,0,0,4,1,1,1,0,1,1,4
baseline,S_0048202,1,1,1,0,1,0,0.0,1.0,0.0,1,-0.0,False,False,False,False,False,0,0,0,1,1,0,0,0,0,1,1
baseline,S_0048203,1,1,1,0,1,0,0.0,1.0,0.0,1,-0.0,False,False,False,False,False,0,0,0,1,1,0,0,0,0,1,1
baseline,S_0048215,1,1,1,0,1,0,0.0,1.0,0.0,1,-0.0,False,False,False,False,False,0,0,1,0,1,1,0,0,0,0,1
baseline,S_0048220,1,1,1,0,1,0,0.0,1.0,0.0,1,-0.0,False,False,False,False,False,0,0,1,0,1,1,0,0,0,0,1
baseline,S_0048222,1,1,1,0,1,0,0.0,1.0,0.0,1,-0.0,False,False,False,False,False,0,0,1,0,1,1,0,0,0,0,1
baseline,S_0048248,1,1,1,1,0,0,1.0,0.0,0.0,1,-0.0,False,False,False,False,False,0,0,0,1,1,1,0,0,0,0,1
baseline,S_0048254,1,1,1,1,0,0,1.0,0.0,0.0,1,-0.0,False,False,False,False,False,0,0,0,1,1,1,0,0,0,0,1
baseline,S_0048275,2,2,2,0,2,0,0.0,1.0,0.0,1,-0.0,False,True,False,False,False,0,0,0,2,1,1,1,0,0,0,2
baseline,S_0048287,1,1,1,0,1,0,0.0,1.0,0.0,1,-0.0,False,False,False,False,False,0,0,1,0,1,1,0,0,0,0,1
baseline,S_0048288,1,1,1,0,1,0,0.0,1.0,0.0,1,-0.0,False,False,False,False,False,0,0,1,0,1,0,1,0,0,0,1
baseline,S_0048289,1,1,1,0,1,0,0.0,1.0,0.0,1,-0.0,False,False,False,False,False,0,0,1,0,1,0,1,0,0,0,1
baseline,S_0048291,1,1,1,0,1,0,0.0,1.0,0.0,1,-0.0,False,False,False,False,False,0,0,1,0,1,0,1,0,0,0,1
baseline,S_0048292,2,2,2,0,1,1,0.0,0.5,0.5,2,0.6309297535714574,False,True,False,False,False,0,0,0,2,1,0,0,0,1,1,2
baseline,S_0048300,2,2,1,0,2,0,0.0,1.0,0.0,1,-0.0,False,True,False,False,False,0,0,2,0,1,0,1,1,0,0,2
baseline,S_0048301,2,2,1,0,2,0,0.0,1.0,0.0,1,-0.0,False,True,False,False,False,0,0,2,0,1,0,1,1,0,0,2
baseline,S_0048303,2,2,1,0,2,0,0.0,1.0,0.0,1,-0.0,False,True,False,False,False,0,0,2,0,1,0,1,1,0,0,2
baseline,S_0048311,1,1,1,0,0,1,0.0,0.0,1.0,1,-0.0,False,False,False,False,False,0,0,1,0,1,1,0,0,0,0,1
baseline,S_0048312,2,2,2,1,0,1,0.5,0.0,0.5,2,0.6309297535714574,False,True,False,False,False,0,0,2,0,1,1,1,0,0,0,2
baseline,S_0048313,1,1,1,1,0,0,1.0,0.0,0.0,1,-0.0,False,False,False,False,False,0,0,1,0,1,0,1,0,0,0,1
baseline,S_0048321,1,1,1,1,0,0,1.0,0.0,0.0,1,-0.0,False,False,False,False,False,0,0,1,0,1,0,1,0,0,0,1
baseline,S_0048322,1,1,1,1,0,0,1.0,0.0,0.0,1,-0.0,False,False,False,False,False,0,0,1,0,1,0,1,0,0,0,1
baseline,S_0048324,1,1,1,0,0,1,0.0,0.0,1.0,1,-0.0,False,False,False,False,False,0,0,1,0,1,1,0,0,0,0,1
baseline,S_0048325,1,1,1,0,0,1,0.0,0.0,1.0,1,-0.0,False,False,False,False,False,0,0,1,0,1,1,0,0,0,0,1
baseline,S_0048327,1,1,1,1,0,0,1.0,0.0,0.0,1,-0.0,False,False,False,False,False,0,0,1,0,1,0,1,0,0,0,1
baseline,S_0048328,1,1,1,0,0,1,0.0,0.0,1.0,1,-0.0,False,False,False,False,False,0,0,1,0,1,1,0,0,0,0,1
baseline,S_0048329,1,1,1,1,0,0,1.0,0.0,0.0,1,-0.0,False,False,False,False,False,0,0,1,0,1,0,1,0,0,0,1
baseline,S_0048330,1,1,1,1,0,0,1.0,0.0,0.0,1,-0.0,False,False,False,False,False,0,0,1,0,1,0,1,0,0,0,1
baseline,S_0048332,1,1,1,1,0,0,1.0,0.0,0.0,1,-0.0,False,False,False,False,False,0,0,1,0,1,0,1,0,0,0,1
baseline,S_0048335,1,1,1,1,0,0,1.0,0.0,0.0,1,-0.0,False,False,False,False,False,0,0,1,0,1,0,1,0,0,0,1
baseline,S_0048336,1,1,1,1,0,0,1.0,0.0,0.0,1,-0.0,False,False,False,False,False,0,0,1,0,1,0,1,0,0,0,1
baseline,S_0048338,1,1,1,0,1,0,0.0,1.0,0.0,1,-0.0,False,False,False,False,False,0,0,0,1,1,0,0,0,0,1,1
baseline,S_0048349,1,1,1,0,1,0,0.0,1.0,0.0,1,-0.0,False,False,False,False,False,0,0,0,1,1,1,0,0,0,0,1
baseline,S_0048350,1,1,1,0,1,0,0.0,1.0,0.0,1,-0.0,False,False,False,False,False,0,1,0,0,1,0,0,0,0,1,1
baseline,S_0048353,1,1,1,0,1,0,0.0,1.0,0.0,1,-0.0,False,False,False,False,False,0,0,0,1,1,0,1,0,0,0,1
baseline,S_0048361,3,3,2,0,3,0,0.0,1.0,0.0,1,-0.0,False,True,True,False,False,0,1,2,0,2,2,0,0,0,1,2
baseline,S_0048402,1,1,1,1,0,0,1.0,0.0,0.0,1,-0.0,False,False,False,False,False,0,0,0,1,1,0,0,0,0,1,1
baseline,S_0048403,1,1,1,0,0,1,0.0,0.0,1.0,1,-0.0,False,False,False,False,False,0,0,1,0,1,1,0,0,0,0,1
baseline,S_0048404,1,1,1,0,1,0,0.0,1.0,0.0,1,-0.0,False,False,False,False,False,0,1,0,0,1,1,0,0,0,0,1
baseline,S_0048415,1,1,1,0,0,1,0.0,0.0,1.0,1,-0.0,False,False,False,False,False,0,0,0,1,1,0,1,0,0,0,1
baseline,S_0048416,1,1,1,0,1,0,0.0,1.0,0.0,1,-0.0,False,False,False,False,False,0,0,1,0,1,1,0,0,0,0,1
baseline,S_0048417,1,1,1,0,1,0,0.0,1.0,0.0,1,-0.0,False,False,False,False,False,0,0,1,0,1,1,0,0,0,0,1
baseline,S_0048419,1,1,1,0,1,0,0.0,1.0,0.0,1,-0.0,False,False,False,False,False,0,0,1,0,1,1,0,0,0,0,1
baseline,S_0048421,1,1,1,0,1,0,0.0,1.0,0.0,1,-0.0,False,False,False,False,False,0,0,1,0,1,1,0,0,0,0,1
baseline,S_0048423,1,1,1,0,1,0,0.0,1.0,0.0,1,-0.0,False,False,False,False,False,0,0,1,0,1,0,1,0,0,0,1
baseline,S_0048424,1,1,1,0,1,0,0.0,1.0,0.0,1,-0.0,False,False,False,False,False,0,1,0,0,1,1,0,0,0,0,1
baseline,S_0048427,1,1,1,0,1,0,0.0,1.0,0.0,1,-0.0,False,False,False,False,False,0,1,0,0,1,1,0,0,0,0,1
baseline,S_0048429,1,1,1,0,1,0,0.0,1.0,0.0,1,-0.0,False,False,False,False,False,0,0,1,0,1,0,1,0,0,0,1
baseline,S_0048430,1,1,1,0,1,0,0.0,1.0,0.0,1,-0.0,False,False,False,False,False,0,0,1,0,1,0,1,0,0,0,1
baseline,S_0048448,4,3,4,1,2,0,0.3333333333333333,0.6666666666666666,0.0,2,0.5793801642856949,False,True,True,False,False,0,0,1,2,2,1,1,0,0,1,3
baseline,S_0048449,4,2,4,1,1,0,0.5,0.5,0.0,2,0.6309297535714574,False,True,False,False,False,0,0,0,2,1,0,1,0,0,1,2
baseline,S_0048452,1,1,1,0,1,0,0.0,1.0,0.0,1,-0.0,False,False,False,False,False,0,0,1,0,1,0,0,0,0,1,1
baseline,S_0048453,3,3,2,0,3,0,0.0,1.0,0.0,1,-0.0,False,True,True,False,False,0,0,0,3,1,0,1,0,1,1,3
baseline,S_0048454,1,1,1,0,1,0,0.0,1.0,0.0,1,-0.0,False,False,False,False,False,0,0,0,1,1,1,0,0,0,0,1
baseline,S_0048455,2,1,2,0,1,0,0.0,1.0,0.0,1,-0.0,False,False,False,False,False,0,0,0,1,1,1,0,0,0,0,1
baseline,S_0048494,4,2,4,0,2,0,0.0,1.0,0.0,1,-0.0,False,True,False,False,False,0,0,0,2,1,1,1,0,0,0,2
baseline,S_0048495,2,2,2,0,2,0,0.0,1.0,0.0,1,-0.0,False,True,False,False,False,0,0,0,2,1,1,1,0,0,0,2
baseline,S_0048496,2,2,2,0,2,0,0.0,1.0,0.0,1,-0.0,False,True,False,False,False,0,0,0,2,1,1,1,0,0,0,2
baseline,S_0048497,2,2,2,0,2,0,0.0,1.0,0.0,1,-0.0,False,True,False,False,False,0,0,0,2,1,1,1,0,0,0,2
baseline,S_0048518,1,1,1,0,1,0,0.0,1.0,0.0,1,-0.0,False,False,False,False,False,0,0,1,0,1,0,1,0,0,0,1
baseline,S_0048525,2,2,1,0,1,1,0.0,0.5,0.5,2,0.6309297535714574,False,True,False,False,False,0,0,2,0,1,0,0,1,1,0,2
baseline,S_0048526,1,1,1,0,1,0,0.0,1.0,0.0,1,-0.0,False,False,False,False,False,0,0,1,0,1,0,0,0,1,0,1
baseline,S_0048528,1,1,1,0,1,0,0.0,1.0,0.0,1,-0.0,False,False,False,False,False,0,0,1,0,1,0,0,0,1,0,1
baseline,S_0048561,3,3,1,0,2,1,0.0,0.6666666666666666,0.3333333333333333,2,0.5793801642856949,False,True,True,False,False,0,0,3,0,1,0,1,1,0,1,3
baseline,S_0048575,1,1,1,0,1,0,0.0,1.0,0.0,1,-0.0,False,False,False,False,False,0,0,1,0,1,1,0,0,0,0,1
baseline,S_0048576,1,1,1,0,1,0,0.0,1.0,0.0,1,-0.0,False,False,False,False,False,0,0,1,0,1,1,0,0,0,0,1
baseline,S_0048579,1,1,1,0,1,0,0.0,1.0,0.0,1,-0.0,False,False,False,False,False,0,0,1,0,1,0,0,0,0,1,1
baseline,S_0048591,5,3,5,1,1,1,0.3333333333333333,0.3333333333333333,0.3333333333333333,3,0.9999999999999998,False,True,True,False,False,0,0,0,3,1,2,0,0,0,1,2
baseline,S_0048592,3,3,1,1,2,0,0.3333333333333333,0.6666666666666666,0.0,2,0.5793801642856949,False,True,True,False,False,0,0,3,0,1,2,0,0,0,1,2
baseline,S_0048597,1,1,1,0,0,1,0.0,0.0,1.0,1,-0.0,False,False,False,False,False,0,0,1,0,1,0,0,0,1,0,1
baseline,S_0048598,2,2,2,0,1,1,0.0,0.5,0.5,2,0.6309297535714574,False,True,False,False,False,0,0,1,1,2,1,0,0,1,0,2
baseline,S_0048637,1,1,1,0,1,0,0.0,1.0,0.0,1,-0.0,False,False,False,False,False,0,0,1,0,1,0,0,0,0,1,1
baseline,S_0048639,1,1,1,0,1,0,0.0,1.0,0.0,1,-0.0,False,False,False,False,False,0,0,1,0,1,0,0,0,0,1,1
baseline,S_0048641,1,1,1,0,1,0,0.0,1.0,0.0,1,-0.0,False,False,False,False,False,0,0,1,0,1,0,0,0,0,1,1
baseline,S_0048643,1,1,1,0,1,0,0.0,1.0,0.0,1,-0.0,False,False,False,False,False,0,0,1,0,1,0,0,0,0,1,1
baseline,S_0048687,2,2,2,0,1,1,0.0,0.5,0.5,2,0.6309297535714574,False,True,False,False,False,0,0,2,0,1,0,1,0,1,0,2
baseline,S_0048689,1,1,1,0,0,1,0.0,0.0,1.0,1,-0.0,False,False,False,False,False,0,0,1,0,1,1,0,0,0,0,1
baseline,S_0048698,1,1,1,0,0,1,0.0,0.0,1.0,1,-0.0,False,False,False,False,False,0,0,1,0,1,1,0,0,0,0,1
baseline,S_0048699,1,1,1,0,0,1,0.0,0.0,1.0,1,-0.0,False,False,False,False,False,0,0,1,0,1,1,0,0,0,0,1
baseline,S_0048724,1,1,1,0,1,0,0.0,1.0,0.0,1,-0.0,False,False,False,False,False,0,1,0,0,1,0,0,0,1,0,1
baseline,S_0048725,1,1,1,0,1,0,0.0,1.0,0.0,1,-0.0,False,False,False,False,False,0,1,0,0,1,0,0,0,1,0,1
baseline,S_0048764,1,1,1,0,1,0,0.0,1.0,0.0,1,-0.0,False,False,False,False,False,0,0,0,1,1,0,0,0,1,0,1
baseline,S_0048821,1,1,1,0,1,0,0.0,1.0,0.0,1,-0.0,False,False,False,False,False,0,0,1,0,1,1,0,0,0,0,1
baseline,S_0048825,1,1,1,0,1,0,0.0,1.0,0.0,1,-0.0,False,False,False,False,False,0,0,0,1,1,0,1,0,0,0,1
baseline,S_0048826,2,1,2,0,1,0,0.0,1.0,0.0,1,-0.0,False,False,False,False,False,0,0,0,1,1,0,1,0,0,0,1
baseline,S_0048827,1,1,1,0,1,0,0.0,1.0,0.0,1,-0.0,False,False,False,False,False,0,0,0,1,1,0,1,0,0,0,1
baseline,S_0048836,1,1,1,0,0,1,0.0,0.0,1.0,1,-0.0,False,False,False,False,False,0,0,0,1,1,0,0,0,1,0,1
baseline,S_0048842,1,1,1,0,1,0,0.0,1.0,0.0,1,-0.0,False,False,False,False,False,0,0,1,0,1,0,0,0,1,0,1
baseline,S_0048860,1,1,1,0,1,0,0.0,1.0,0.0,1,-0.0,False,False,False,False,False,0,0,0,1,1,0,1,0,0,0,1
baseline,S_0048897,1,1,1,0,1,0,0.0,1.0,0.0,1,-0.0,False,False,False,False,False,0,0,1,0,1,0,0,0,1,0,1
baseline,S_0048898,1,1,1,0,1,0,0.0,1.0,0.0,1,-0.0,False,False,False,False,False,0,0,1,0,1,0,0,0,1,0,1
baseline,S_0048904,2,2,1,0,2,0,0.0,1.0,0.0,1,-0.0,False,True,False,False,False,0,0,2,0,1,0,1,0,1,0,2
baseline,S_0048905,2,2,1,0,2,0,0.0,1.0,0.0,1,-0.0,False,True,False,False,False,0,0,2,0,1,0,1,0,1,0,2
baseline,S_0048907,2,2,1,0,2,0,0.0,1.0,0.0,1,-0.0,False,True,False,False,False,0,0,2,0,1,0,1,0,1,0,2
baseline,S_0048908,2,2,1,0,2,0,0.0,1.0,0.0,1,-0.0,False,True,False,False,False,0,0,2,0,1,0,1,0,1,0,2
baseline,S_0048918,1,1,1,0,1,0,0.0,1.0,0.0,1,-0.0,False,False,False,False,False,0,0,0,1,1,0,0,0,0,1,1
baseline,S_0048923,1,1,1,0,0,1,0.0,0.0,1.0,1,-0.0,False,False,False,False,False,0,0,1,0,1,0,0,0,0,1,1
baseline,S_0048938,1,1,1,0,1,0,0.0,1.0,0.0,1,-0.0,False,False,False,False,False,0,0,1,0,1,1,0,0,0,0,1
baseline,S_0048956,1,1,1,0,1,0,0.0,1.0,0.0,1,-0.0,False,False,False,False,False,0,0,1,0,1,1,0,0,0,0,1
baseline,S_0048957,1,1,1,0,1,0,0.0,1.0,0.0,1,-0.0,False,False,False,False,False,0,0,1,0,1,1,0,0,0,0,1
baseline,S_0049085,2,2,1,0,1,1,0.0,0.5,0.5,2,0.6309297535714574,False,True,False,False,False,0,0,2,0,1,0,0,1,1,0,2
baseline,S_0049087,1,1,1,0,1,0,0.0,1.0,0.0,1,-0.0,False,False,False,False,False,0,0,0,1,1,0,1,0,0,0,1
baseline,S_0049091,2,2,1,1,1,0,0.5,0.5,0.0,2,0.6309297535714574,False,True,False,False,False,0,0,0,2,1,0,1,0,1,0,2
baseline,S_0049093,2,2,1,1,1,0,0.5,0.5,0.0,2,0.6309297535714574,False,True,False,False,False,0,0,0,2,1,0,1,0,1,0,2
baseline,S_0049125,1,1,1,0,0,1,0.0,0.0,1.0,1,-0.0,False,False,False,False,False,0,0,1,0,1,1,0,0,0,0,1
baseline,S_0049133,1,1,1,1,0,0,1.0,0.0,0.0,1,-0.0,False,False,False,False,False,0,0,0,1,1,0,0,0,1,0,1
baseline,S_0049152,2,2,2,0,2,0,0.0,1.0,0.0,1,-0.0,False,True,False,False,False,1,1,0,0,2,1,0,1,0,0,2
baseline,S_0049180,1,1,1,0,0,1,0.0,0.0,1.0,1,-0.0,False,False,False,False,False,0,0,1,0,1,1,0,0,0,0,1
baseline,S_0049244,1,1,1,0,1,0,0.0,1.0,0.0,1,-0.0,False,False,False,False,False,0,0,0,1,1,0,1,0,0,0,1
baseline,S_0049251,1,1,1,0,0,1,0.0,0.0,1.0,1,-0.0,False,False,False,False,False,0,0,1,0,1,0,0,0,1,0,1
baseline,S_0049279,1,1,1,1,0,0,1.0,0.0,0.0,1,-0.0,False,False,False,False,False,0,1,0,0,1,0,0,1,0,0,1
baseline,S_0049330,1,1,1,0,1,0,0.0,1.0,0.0,1,-0.0,False,False,False,False,False,0,0,1,0,1,0,0,0,1,0,1
baseline,S_0049337,1,1,1,0,1,0,0.0,1.0,0.0,1,-0.0,False,False,False,False,False,0,1,0,0,1,1,0,0,0,0,1
baseline,S_0049341,1,1,1,0,1,0,0.0,1.0,0.0,1,-0.0,False,False,False,False,False,0,1,0,0,1,1,0,0,0,0,1
baseline,S_0049342,1,1,1,0,1,0,0.0,1.0,0.0,1,-0.0,False,False,False,False,False,0,1,0,0,1,1,0,0,0,0,1
baseline,S_0049347,2,2,1,0,2,0,0.0,1.0,0.0,1,-0.0,False,True,False,False,False,0,2,0,0,1,1,0,0,1,0,2
baseline,S_0049351,1,1,1,0,1,0,0.0,1.0,0.0,1,-0.0,False,False,False,False,False,0,1,0,0,1,1,0,0,0,0,1
baseline,S_0049352,1,1,1,0,1,0,0.0,1.0,0.0,1,-0.0,False,False,False,False,False,0,1,0,0,1,1,0,0,0,0,1
baseline,S_0049362,8,4,6,1,1,2,0.25,0.25,0.5,3,0.946394630357186,False,True,True,False,False,0,0,0,4,1,2,0,0,1,1,3
baseline,S_0049363,1,1,1,0,0,1,0.0,0.0,1.0,1,-0.0,False,False,False,False,False,0,0,1,0,1,0,0,0,1,0,1
baseline,S_0049364,1,1,1,0,0,1,0.0,0.0,1.0,1,-0.0,False,False,False,False,False,0,0,1,0,1,0,0,0,1,0,1
baseline,S_0049366,4,4,3,1,1,2,0.25,0.25,0.5,3,0.946394630357186,False,True,True,False,False,0,0,0,4,1,2,0,0,1,1,3
baseline,S_0049367,2,2,1,0,2,0,0.0,1.0,0.0,1,-0.0,False,True,False,False,False,0,2,0,0,1,1,0,0,1,0,2
baseline,S_0049372,1,1,1,0,1,0,0.0,1.0,0.0,1,-0.0,False,False,False,False,False,0,0,0,1,1,1,0,0,0,0,1
baseline,S_0049378,1,1,1,0,0,1,0.0,0.0,1.0,1,-0.0,False,False,False,False,False,0,0,1,0,1,0,0,0,1,0,1
baseline,S_0049425,3,3,3,2,1,0,0.6666666666666666,0.3333333333333333,0.0,2,0.5793801642856949,False,True,True,False,False,0,0,0,3,1,1,1,0,1,0,3
baseline,S_0049498,3,3,1,1,2,0,0.3333333333333333,0.6666666666666666,0.0,2,0.5793801642856949,False,True,True,False,False,0,0,3,0,1,2,0,0,0,1,2
baseline,S_0049500,3,3,1,1,2,0,0.3333333333333333,0.6666666666666666,0.0,2,0.5793801642856949,False,True,True,False,False,0,0,3,0,1,2,0,0,0,1,2
baseline,S_0049529,1,1,1,1,0,0,1.0,0.0,0.0,1,-0.0,False,False,False,False,False,0,0,0,1,1,1,0,0,0,0,1
baseline,S_0049538,1,1,1,1,0,0,1.0,0.0,0.0,1,-0.0,False,False,False,False,False,0,0,1,0,1,1,0,0,0,0,1
baseline,S_0049572,3,3,1,1,2,0,0.3333333333333333,0.6666666666666666,0.0,2,0.5793801642856949,False,True,True,False,False,0,0,3,0,1,2,0,0,0,1,2
baseline,S_0049576,1,1,1,0,1,0,0.0,1.0,0.0,1,-0.0,False,False,False,False,False,0,0,1,0,1,0,0,0,0,1,1
baseline,S_0049578,1,1,1,0,1,0,0.0,1.0,0.0,1,-0.0,False,False,False,False,False,0,0,1,0,1,0,0,0,0,1,1
baseline,S_0049580,1,1,1,0,1,0,0.0,1.0,0.0,1,-0.0,False,False,False,False,False,0,0,1,0,1,0,0,0,0,1,1
baseline,S_0049584,1,1,1,0,1,0,0.0,1.0,0.0,1,-0.0,False,False,False,False,False,0,0,1,0,1,0,0,0,0,1,1
baseline,S_0049585,1,1,1,0,1,0,0.0,1.0,0.0,1,-0.0,False,False,False,False,False,0,0,1,0,1,0,0,0,0,1,1
baseline,S_0049588,1,1,1,0,1,0,0.0,1.0,0.0,1,-0.0,False,False,False,False,False,0,0,1,0,1,0,0,0,0,1,1
baseline,S_0049643,1,1,1,1,0,0,1.0,0.0,0.0,1,-0.0,False,False,False,False,False,0,0,0,1,1,0,0,0,1,0,1
baseline,S_0049664,1,1,1,1,0,0,1.0,0.0,0.0,1,-0.0,False,False,False,False,False,0,0,1,0,1,1,0,0,0,0,1
baseline,S_0049669,1,1,1,0,1,0,0.0,1.0,0.0,1,-0.0,False,False,False,False,False,0,0,0,1,1,0,1,0,0,0,1
baseline,S_0049676,1,1,1,1,0,0,1.0,0.0,0.0,1,-0.0,False,False,False,False,False,0,0,1,0,1,1,0,0,0,0,1
baseline,S_0049677,1,1,1,1,0,0,1.0,0.0,0.0,1,-0.0,False,False,False,False,False,0,0,1,0,1,1,0,0,0,0,1
baseline,S_0049681,1,1,1,0,1,0,0.0,1.0,0.0,1,-0.0,False,False,False,False,False,0,0,0,1,1,0,1,0,0,0,1
baseline,S_0049701,1,1,1,1,0,0,1.0,0.0,0.0,1,-0.0,False,False,False,False,False,0,0,1,0,1,1,0,0,0,0,1
baseline,S_0049704,1,1,1,1,0,0,1.0,0.0,0.0,1,-0.0,False,False,False,False,False,0,0,1,0,1,1,0,0,0,0,1
baseline,S_0049726,3,3,3,0,3,0,0.0,1.0,0.0,1,-0.0,False,True,True,False,False,0,1,2,0,2,1,0,1,0,1,3
baseline,S_0049727,1,1,1,1,0,0,1.0,0.0,0.0,1,-0.0,False,False,False,False,False,0,0,0,1,1,0,0,0,0,1,1
baseline,S_0049786,2,2,2,1,1,0,0.5,0.5,0.0,2,0.6309297535714574,False,True,False,False,False,0,0,0,2,1,1,0,0,1,0,2
baseline,S_0049789,2,2,2,1,1,0,0.5,0.5,0.0,2,0.6309297535714574,False,True,False,False,False,0,0,0,2,1,1,0,0,1,0,2
baseline,S_0049807,3,3,2,1,2,0,0.3333333333333333,0.6666666666666666,0.0,2,0.5793801642856949,False,True,True,False,False,0,0,0,3,1,1,1,0,1,0,3
baseline,S_0049813,1,1,1,0,1,0,0.0,1.0,0.0,1,-0.0,False,False,False,False,False,0,0,0,1,1,0,0,0,1,0,1
baseline,S_0049816,1,1,1,0,1,0,0.0,1.0,0.0,1,-0.0,False,False,False,False,False,0,0,0,1,1,0,0,0,1,0,1
baseline,S_0049817,1,1,1,0,1,0,0.0,1.0,0.0,1,-0.0,False,False,False,False,False,0,0,0,1,1,0,0,0,1,0,1
baseline,S_0049834,1,1,1,1,0,0,1.0,0.0,0.0,1,-0.0,False,False,False,False,False,0,1,0,0,1,0,0,1,0,0,1
baseline,S_0049842,2,2,1,1,1,0,0.5,0.5,0.0,2,0.6309297535714574,False,True,False,False,False,0,0,0,2,1,1,0,0,1,0,2
baseline,S_0049843,2,2,1,1,1,0,0.5,0.5,0.0,2,0.6309297535714574,False,True,False,False,False,0,0,0,2,1,1,0,0,1,0,2
baseline,S_0049852,2,2,1,1,1,0,0.5,0.5,0.0,2,0.6309297535714574,False,True,False,False,False,0,0,0,2,1,1,0,0,1,0,2
baseline,S_0049853,2,2,1,1,1,0,0.5,0.5,0.0,2,0.6309297535714574,False,True,False,False,False,0,0,0,2,1,1,0,0,1,0,2
baseline,S_0049873,3,3,2,1,2,0,0.3333333333333333,0.6666666666666666,0.0,2,0.5793801642856949,False,True,True,False,False,0,0,0,3,1,1,1,0,1,0,3
baseline,S_0049874,1,1,1,0,1,0,0.0,1.0,0.0,1,-0.0,False,False,False,False,False,0,0,0,1,1,0,1,0,0,0,1
baseline,S_0049875,1,1,1,0,1,0,0.0,1.0,0.0,1,-0.0,False,False,False,False,False,0,0,0,1,1,0,1,0,0,0,1
baseline,S_0049888,3,3,2,1,2,0,0.3333333333333333,0.6666666666666666,0.0,2,0.5793801642856949,False,True,True,False,False,0,0,0,3,1,1,1,0,1,0,3
baseline,S_0049933,1,1,1,1,0,0,1.0,0.0,0.0,1,-0.0,False,False,False,False,False,0,0,1,0,1,1,0,0,0,0,1
baseline,S_0049935,1,1,1,1,0,0,1.0,0.0,0.0,1,-0.0,False,False,False,False,False,0,0,1,0,1,1,0,0,0,0,1
baseline,S_0049951,1,1,1,1,0,0,1.0,0.0,0.0,1,-0.0,False,False,False,False,False,0,1,0,0,1,0,0,1,0,0,1
baseline,S_0050012,1,1,1,1,0,0,1.0,0.0,0.0,1,-0.0,False,False,False,False,False,0,1,0,0,1,0,0,1,0,0,1
baseline,S_0050013,1,1,1,1,0,0,1.0,0.0,0.0,1,-0.0,False,False,False,False,False,0,1,0,0,1,0,0,1,0,0,1
baseline,S_0050029,1,1,1,0,1,0,0.0,1.0,0.0,1,-0.0,False,False,False,False,False,0,0,1,0,1,1,0,0,0,0,1
baseline,S_0050042,2,2,1,2,0,0,1.0,0.0,0.0,1,-0.0,False,True,False,False,False,0,0,0,2,1,1,0,0,1,0,2
baseline,S_0050052,1,1,1,0,1,0,0.0,1.0,0.0,1,-0.0,False,False,False,False,False,0,0,1,0,1,0,1,0,0,0,1
baseline,S_0050063,1,1,1,1,0,0,1.0,0.0,0.0,1,-0.0,False,False,False,False,False,0,0,1,0,1,1,0,0,0,0,1
baseline,S_0050076,1,1,1,1,0,0,1.0,0.0,0.0,1,-0.0,False,False,False,False,False,0,0,1,0,1,1,0,0,0,0,1
baseline,S_0050081,2,2,2,1,1,0,0.5,0.5,0.0,2,0.6309297535714574,False,True,False,False,False,0,0,1,1,2,2,0,0,0,0,1
baseline,S_0050084,1,1,1,1,0,0,1.0,0.0,0.0,1,-0.0,False,False,False,False,False,0,0,0,1,1,0,0,0,1,0,1
baseline,S_0050086,2,2,2,1,1,0,0.5,0.5,0.0,2,0.6309297535714574,False,True,False,False,False,0,1,1,0,2,2,0,0,0,0,1
baseline,S_0050093,3,3,3,2,1,0,0.6666666666666666,0.3333333333333333,0.0,2,0.5793801642856949,False,True,True,False,False,0,1,2,0,2,3,0,0,0,0,1
baseline,S_0050094,3,3,3,2,1,0,0.6666666666666666,0.3333333333333333,0.0,2,0.5793801642856949,False,True,True,False,False,0,1,2,0,2,3,0,0,0,0,1
baseline,S_0050095,2,2,2,1,1,0,0.5,0.5,0.0,2,0.6309297535714574,False,True,False,False,False,0,0,0,2,1,0,0,0,2,0,1
baseline,S_0050124,1,1,1,1,0,0,1.0,0.0,0.0,1,-0.0,False,False,False,False,False,0,0,1,0,1,1,0,0,0,0,1
baseline,S_0050138,1,1,1,0,1,0,0.0,1.0,0.0,1,-0.0,False,False,False,False,False,0,0,1,0,1,1,0,0,0,0,1
baseline,S_0050145,1,1,1,1,0,0,1.0,0.0,0.0,1,-0.0,False,False,False,False,False,0,0,1,0,1,1,0,0,0,0,1
baseline,S_0050152,1,1,1,0,1,0,0.0,1.0,0.0,1,-0.0,False,False,False,False,False,0,0,1,0,1,0,1,0,0,0,1
baseline,S_0050153,1,1,1,0,1,0,0.0,1.0,0.0,1,-0.0,False,False,False,False,False,0,0,1,0,1,0,1,0,0,0,1
baseline,S_0050156,1,1,1,0,1,0,0.0,1.0,0.0,1,-0.0,False,False,False,False,False,0,0,1,0,1,0,1,0,0,0,1
baseline,S_0050159,1,1,1,0,1,0,0.0,1.0,0.0,1,-0.0,False,False,False,False,False,0,0,1,0,1,0,1,0,0,0,1
baseline,S_0050162,1,1,1,0,1,0,0.0,1.0,0.0,1,-0.0,False,False,False,False,False,0,0,1,0,1,0,1,0,0,0,1
baseline,S_0050165,1,1,1,0,1,0,0.0,1.0,0.0,1,-0.0,False,False,False,False,False,0,0,1,0,1,0,1,0,0,0,1
baseline,S_0050168,1,1,1,0,1,0,0.0,1.0,0.0,1,-0.0,False,False,False,False,False,0,0,1,0,1,0,1,0,0,0,1
baseline,S_0050186,1,1,1,1,0,0,1.0,0.0,0.0,1,-0.0,False,False,False,False,False,0,0,1,0,1,1,0,0,0,0,1
baseline,S_0050188,1,1,1,1,0,0,1.0,0.0,0.0,1,-0.0,False,False,False,False,False,0,0,1,0,1,1,0,0,0,0,1
baseline,S_0050202,1,1,1,0,1,0,0.0,1.0,0.0,1,-0.0,False,False,False,False,False,0,0,1,0,1,0,1,0,0,0,1
baseline,S_0050204,1,1,1,0,1,0,0.0,1.0,0.0,1,-0.0,False,False,False,False,False,0,0,1,0,1,0,0,1,0,0,1
baseline,S_0050206,1,1,1,0,1,0,0.0,1.0,0.0,1,-0.0,False,False,False,False,False,0,0,1,0,1,0,0,1,0,0,1
baseline,S_0050208,1,1,1,0,1,0,0.0,1.0,0.0,1,-0.0,False,False,False,False,False,0,0,1,0,1,0,0,1,0,0,1
baseline,S_0050226,2,2,2,2,0,0,1.0,0.0,0.0,1,-0.0,False,True,False,False,False,0,0,1,1,2,0,1,0,1,0,2
baseline,S_0050227,2,2,2,2,0,0,1.0,0.0,0.0,1,-0.0,False,True,False,False,False,0,0,1,1,2,0,1,0,1,0,2
baseline,S_0050335,4,4,2,3,1,0,0.75,0.25,0.0,2,0.5118595071429147,False,True,True,False,False,0,0,0,4,1,2,0,1,1,0,3
baseline,S_0050367,1,1,1,1,0,0,1.0,0.0,0.0,1,-0.0,False,False,False,False,False,0,0,0,1,1,1,0,0,0,0,1
baseline,S_0050375,1,1,1,1,0,0,1.0,0.0,0.0,1,-0.0,False,False,False,False,False,0,0,1,0,1,1,0,0,0,0,1
baseline,S_0050387,2,2,2,1,1,0,0.5,0.5,0.0,2,0.6309297535714574,False,True,False,False,False,0,1,1,0,2,2,0,0,0,0,1
baseline,S_0050389,2,2,2,1,1,0,0.5,0.5,0.0,2,0.6309297535714574,False,True,False,False,False,0,1,1,0,2,2,0,0,0,0,1
baseline,S_0050390,2,2,2,1,1,0,0.5,0.5,0.0,2,0.6309297535714574,False,True,False,False,False,0,1,1,0,2,2,0,0,0,0,1
baseline,S_0050392,2,2,2,1,1,0,0.5,0.5,0.0,2,0.6309297535714574,False,True,False,False,False,0,1,1,0,2,2,0,0,0,0,1
baseline,S_0050409,1,1,1,0,1,0,0.0,1.0,0.0,1,-0.0,False,False,False,False,False,0,0,1,0,1,0,1,0,0,0,1
baseline,S_0050411,1,1,1,0,1,0,0.0,1.0,0.0,1,-0.0,False,False,False,False,False,0,0,1,0,1,0,1,0,0,0,1
baseline,S_0050430,1,1,1,0,1,0,0.0,1.0,0.0,1,-0.0,False,False,False,False,False,0,0,1,0,1,0,1,0,0,0,1
baseline,S_0050432,1,1,1,0,1,0,0.0,1.0,0.0,1,-0.0,False,False,False,False,False,0,0,1,0,1,0,1,0,0,0,1
baseline,S_0050497,3,3,3,2,1,0,0.6666666666666666,0.3333333333333333,0.0,2,0.5793801642856949,False,True,True,False,False,0,1,2,0,2,3,0,0,0,0,1
baseline,S_0050498,3,3,3,2,1,0,0.6666666666666666,0.3333333333333333,0.0,2,0.5793801642856949,False,True,True,False,False,0,1,2,0,2,3,0,0,0,0,1
baseline,S_0050536,2,2,2,1,1,0,0.5,0.5,0.0,2,0.6309297535714574,False,True,False,False,False,0,0,2,0,1,1,1,0,0,0,2
baseline,S_0050552,1,1,1,0,1,0,0.0,1.0,0.0,1,-0.0,False,False,False,False,False,0,1,0,0,1,1,0,0,0,0,1
baseline,S_0050636,1,1,1,0,0,1,0.0,0.0,1.0,1,-0.0,False,False,False,False,False,0,0,1,0,1,0,0,0,0,1,1
baseline,S_0050638,3,3,2,1,2,0,0.3333333333333333,0.6666666666666666,0.0,2,0.5793801642856949,False,True,True,False,False,0,0,0,3,1,1,0,0,1,1,3
baseline,S_0050639,3,3,2,1,2,0,0.3333333333333333,0.6666666666666666,0.0,2,0.5793801642856949,False,True,True,False,False,0,0,0,3,1,1,0,0,1,1,3
baseline,S_0050641,1,1,1,0,1,0,0.0,1.0,0.0,1,-0.0,False,False,False,False,False,0,1,0,0,1,1,0,0,0,0,1
baseline,S_0050686,3,3,2,1,1,1,0.3333333333333333,0.3333333333333333,0.3333333333333333,3,0.9999999999999998,False,True,True,False,False,0,0,2,1,2,1,0,0,2,0,2
baseline,S_0050687,3,3,2,1,1,1,0.3333333333333333,0.3333333333333333,0.3333333333333333,3,0.9999999999999998,False,True,True,False,False,0,0,2,1,2,1,0,0,2,0,2
baseline,S_0050712,1,1,1,0,1,0,0.0,1.0,0.0,1,-0.0,False,False,False,False,False,0,0,1,0,1,1,0,0,0,0,1
baseline,S_0050718,1,1,1,0,0,1,0.0,0.0,1.0,1,-0.0,False,False,False,False,False,0,0,1,0,1,0,0,0,1,0,1
baseline,S_0050720,1,1,1,0,0,1,0.0,0.0,1.0,1,-0.0,False,False,False,False,False,0,0,1,0,1,0,0,0,1,0,1
baseline,S_0050740,1,1,1,0,0,1,0.0,0.0,1.0,1,-0.0,False,False,False,False,False,0,0,1,0,1,0,0,0,1,0,1
baseline,S_0050742,1,1,1,0,0,1,0.0,0.0,1.0,1,-0.0,False,False,False,False,False,0,0,1,0,1,0,0,0,1,0,1
baseline,S_0050745,1,1,1,0,1,0,0.0,1.0,0.0,1,-0.0,False,False,False,False,False,0,0,1,0,1,1,0,0,0,0,1
baseline,S_0050755,1,1,1,0,0,1,0.0,0.0,1.0,1,-0.0,False,False,False,False,False,0,0,1,0,1,0,0,0,1,0,1
baseline,S_0050757,1,1,1,0,1,0,0.0,1.0,0.0,1,-0.0,False,False,False,False,False,0,0,1,0,1,1,0,0,0,0,1
baseline,S_0050758,1,1,1,0,1,0,0.0,1.0,0.0,1,-0.0,False,False,False,False,False,0,0,1,0,1,1,0,0,0,0,1
baseline,S_0050783,2,2,1,0,2,0,0.0,1.0,0.0,1,-0.0,False,True,False,False,False,0,0,2,0,1,1,0,0,1,0,2
baseline,S_0050786,2,2,1,0,2,0,0.0,1.0,0.0,1,-0.0,False,True,False,False,False,0,0,2,0,1,1,0,0,1,0,2
baseline,S_0050788,1,1,1,0,1,0,0.0,1.0,0.0,1,-0.0,False,False,False,False,False,0,1,0,0,1,1,0,0,0,0,1
baseline,S_0050789,1,1,1,0,1,0,0.0,1.0,0.0,1,-0.0,False,False,False,False,False,0,1,0,0,1,1,0,0,0,0,1
baseline,S_0050792,1,1,1,0,1,0,0.0,1.0,0.0,1,-0.0,False,False,False,False,False,0,1,0,0,1,1,0,0,0,0,1
baseline,S_0050824,1,1,1,0,1,0,0.0,1.0,0.0,1,-0.0,False,False,False,False,False,0,0,1,0,1,1,0,0,0,0,1
baseline,S_0050825,1,1,1,0,1,0,0.0,1.0,0.0,1,-0.0,False,False,False,False,False,0,0,1,0,1,1,0,0,0,0,1
baseline,S_0050829,1,1,1,0,1,0,0.0,1.0,0.0,1,-0.0,False,False,False,False,False,0,0,1,0,1,1,0,0,0,0,1
baseline,S_0050830,1,1,1,0,1,0,0.0,1.0,0.0,1,-0.0,False,False,False,False,False,0,0,1,0,1,1,0,0,0,0,1
baseline,S_0050831,1,1,1,0,1,0,0.0,1.0,0.0,1,-0.0,False,False,False,False,False,0,0,1,0,1,1,0,0,0,0,1
baseline,S_0050860,1,1,1,0,1,0,0.0,1.0,0.0,1,-0.0,False,False,False,False,False,0,1,0,0,1,0,0,0,1,0,1
baseline,S_0050901,3,3,2,0,3,0,0.0,1.0,0.0,1,-0.0,False,True,True,False,False,0,1,2,0,2,1,0,0,0,2,2
baseline,S_0050903,6,6,5,0,4,2,0.0,0.6666666666666666,0.3333333333333333,2,0.5793801642856949,True,True,True,True,False,0,0,0,6,1,1,1,0,2,2,4
baseline,S_0050907,2,2,1,0,2,0,0.0,1.0,0.0,1,-0.0,False,True,False,False,False,0,0,2,0,1,0,1,1,0,0,2
baseline,S_0050920,2,2,2,0,2,0,0.0,1.0,0.0,1,-0.0,False,True,False,False,False,0,1,1,0,2,1,0,0,0,1,2
baseline,S_0050925,1,1,1,1,0,0,1.0,0.0,0.0,1,-0.0,False,False,False,False,False,0,0,0,1,1,0,0,0,0,1,1
baseline,S_0050927,1,1,1,1,0,0,1.0,0.0,0.0,1,-0.0,False,False,False,False,False,0,0,0,1,1,0,0,0,0,1,1
baseline,S_0050936,1,1,1,0,1,0,0.0,1.0,0.0,1,-0.0,False,False,False,False,False,0,0,1,0,1,1,0,0,0,0,1
baseline,S_0050947,1,1,1,0,0,1,0.0,0.0,1.0,1,-0.0,False,False,False,False,False,0,0,1,0,1,0,0,0,1,0,1
baseline,S_0050964,1,1,1,0,1,0,0.0,1.0,0.0,1,-0.0,False,False,False,False,False,0,0,1,0,1,0,0,0,1,0,1
baseline,S_0050966,3,2,3,1,1,0,0.5,0.5,0.0,2,0.6309297535714574,False,True,False,False,False,0,0,0,2,1,1,0,0,0,1,2
baseline,S_0050967,4,2,4,1,1,0,0.5,0.5,0.0,2,0.6309297535714574,False,True,False,False,False,0,0,0,2,1,1,0,0,0,1,2
baseline,S_0050969,1,1,1,1,0,0,1.0,0.0,0.0,1,-0.0,False,False,False,False,False,0,0,1,0,1,1,0,0,0,0,1
baseline,S_0050970,1,1,1,1,0,0,1.0,0.0,0.0,1,-0.0,False,False,False,False,False,0,0,1,0,1,1,0,0,0,0,1
baseline,S_0050971,1,1,1,0,1,0,0.0,1.0,0.0,1,-0.0,False,False,False,False,False,0,0,1,0,1,0,0,0,1,0,1
baseline,S_0050972,1,1,1,0,1,0,0.0,1.0,0.0,1,-0.0,False,False,False,False,False,0,0,1,0,1,0,0,0,1,0,1
baseline,S_0051015,1,1,1,0,0,1,0.0,0.0,1.0,1,-0.0,False,False,False,False,False,0,0,0,1,1,0,0,0,0,1,1
baseline,S_0051016,1,1,1,0,0,1,0.0,0.0,1.0,1,-0.0,False,False,False,False,False,0,0,0,1,1,0,0,0,0,1,1
baseline,S_0051017,1,1,1,0,0,1,0.0,0.0,1.0,1,-0.0,False,False,False,False,False,0,0,0,1,1,0,0,0,0,1,1
baseline,S_0051018,1,1,1,0,0,1,0.0,0.0,1.0,1,-0.0,False,False,False,False,False,0,0,0,1,1,0,0,0,0,1,1
baseline,S_0051020,1,1,1,0,0,1,0.0,0.0,1.0,1,-0.0,False,False,False,False,False,0,0,0,1,1,0,0,0,0,1,1
baseline,S_0051022,1,1,1,0,1,0,0.0,1.0,0.0,1,-0.0,False,False,False,False,False,0,0,0,1,1,1,0,0,0,0,1
baseline,S_0051023,1,1,1,0,1,0,0.0,1.0,0.0,1,-0.0,False,False,False,False,False,0,0,0,1,1,1,0,0,0,0,1
baseline,S_0051024,1,1,1,0,1,0,0.0,1.0,0.0,1,-0.0,False,False,False,False,False,0,0,0,1,1,1,0,0,0,0,1
baseline,S_0051029,4,4,3,1,1,2,0.25,0.25,0.5,3,0.946394630357186,False,True,True,False,False,0,0,0,4,1,1,0,0,1,2,3
baseline,S_0051061,1,1,1,0,1,0,0.0,1.0,0.0,1,-0.0,False,False,False,False,False,0,0,1,0,1,1,0,0,0,0,1
baseline,S_0051080,3,3,2,0,3,0,0.0,1.0,0.0,1,-0.0,False,True,True,False,False,0,0,0,3,1,0,1,0,1,1,3
baseline,S_0051085,1,1,1,0,1,0,0.0,1.0,0.0,1,-0.0,False,False,False,False,False,0,0,0,1,1,1,0,0,0,0,1
baseline,S_0051104,2,2,2,2,0,0,1.0,0.0,0.0,1,-0.0,False,True,False,False,False,0,0,0,2,1,0,1,0,1,0,2
baseline,S_0051105,1,1,1,0,0,1,0.0,0.0,1.0,1,-0.0,False,False,False,False,False,0,1,0,0,1,1,0,0,0,0,1
baseline,S_0051134,1,1,1,0,1,0,0.0,1.0,0.0,1,-0.0,False,False,False,False,False,0,0,1,0,1,0,0,0,1,0,1
baseline,S_0051135,1,1,1,0,1,0,0.0,1.0,0.0,1,-0.0,False,False,False,False,False,0,0,1,0,1,0,0,0,1,0,1
baseline,S_0051138,1,1,1,0,0,1,0.0,0.0,1.0,1,-0.0,False,False,False,False,False,0,0,1,0,1,1,0,0,0,0,1
baseline,S_0051140,2,2,1,0,2,0,0.0,1.0,0.0,1,-0.0,False,True,False,False,False,0,0,2,0,1,0,0,0,1,1,2
baseline,S_0051141,1,1,1,0,1,0,0.0,1.0,0.0,1,-0.0,False,False,False,False,False,0,0,1,0,1,0,0,0,1,0,1
baseline,S_0051142,1,1,1,0,1,0,0.0,1.0,0.0,1,-0.0,False,False,False,False,False,0,0,1,0,1,0,0,0,1,0,1
baseline,S_0051143,1,1,1,0,1,0,0.0,1.0,0.0,1,-0.0,False,False,False,False,False,0,0,1,0,1,0,0,0,1,0,1
baseline,S_0051144,1,1,1,0,0,1,0.0,0.0,1.0,1,-0.0,False,False,False,False,False,0,0,1,0,1,0,1,0,0,0,1
baseline,S_0051146,1,1,1,0,0,1,0.0,0.0,1.0,1,-0.0,False,False,False,False,False,0,0,1,0,1,0,1,0,0,0,1
baseline,S_0051149,1,1,1,0,1,0,0.0,1.0,0.0,1,-0.0,False,False,False,False,False,0,0,1,0,1,0,1,0,0,0,1
baseline,S_0051174,1,1,1,0,1,0,0.0,1.0,0.0,1,-0.0,False,False,False,False,False,0,0,1,0,1,0,0,1,0,0,1
baseline,S_0051177,1,1,1,0,1,0,0.0,1.0,0.0,1,-0.0,False,False,False,False,False,0,0,1,0,1,0,0,0,1,0,1
baseline,S_0051178,2,2,2,0,1,1,0.0,0.5,0.5,2,0.6309297535714574,False,True,False,False,False,0,0,0,2,1,1,1,0,0,0,2
baseline,S_0051179,3,3,2,0,3,0,0.0,1.0,0.0,1,-0.0,False,True,True,False,False,0,0,0,3,1,0,1,0,1,1,3
baseline,S_0051180,3,3,2,0,3,0,0.0,1.0,0.0,1,-0.0,False,True,True,False,False,0,0,0,3,1,0,1,0,1,1,3
baseline,S_0051182,6,5,4,1,3,1,0.2,0.6,0.2,3,0.8649735207179272,True,True,True,True,False,0,0,0,5,1,0,1,0,2,2,3
baseline,S_0051183,1,1,1,0,0,1,0.0,0.0,1.0,1,-0.0,False,False,False,False,False,0,0,1,0,1,1,0,0,0,0,1
baseline,S_0051187,1,1,1,1,0,0,1.0,0.0,0.0,1,-0.0,False,False,False,False,False,0,0,0,1,1,0,0,0,0,1,1
baseline,S_0051192,1,1,1,1,0,0,1.0,0.0,0.0,1,-0.0,False,False,False,False,False,0,0,0,1,1,0,0,0,1,0,1
baseline,S_0051194,1,1,1,1,0,0,1.0,0.0,0.0,1,-0.0,False,False,False,False,False,0,0,0,1,1,0,0,0,1,0,1
baseline,S_0051195,2,2,1,2,0,0,1.0,0.0,0.0,1,-0.0,False,True,False,False,False,0,0,0,2,1,1,0,0,1,0,2
baseline,S_0051210,6,4,4,1,1,2,0.25,0.25,0.5,3,0.946394630357186,False,True,True,False,False,0,0,0,4,1,2,0,0,1,1,3
baseline,S_0051211,3,3,3,0,2,1,0.0,0.6666666666666666,0.3333333333333333,2,0.5793801642856949,False,True,True,False,False,0,0,1,2,2,3,0,0,0,0,1
baseline,S_0051212,2,2,2,0,1,1,0.0,0.5,0.5,2,0.6309297535714574,False,True,False,False,False,0,0,0,2,1,2,0,0,0,0,1
baseline,S_0051213,3,3,3,0,2,1,0.0,0.6666666666666666,0.3333333333333333,2,0.5793801642856949,False,True,True,False,False,0,0,1,2,2,3,0,0,0,0,1
baseline,S_0051214,1,1,1,0,1,0,0.0,1.0,0.0,1,-0.0,False,False,False,False,False,0,0,1,0,1,0,0,1,0,0,1
baseline,S_0051215,2,2,2,0,1,1,0.0,0.5,0.5,2,0.6309297535714574,False,True,False,False,False,0,0,0,2,1,2,0,0,0,0,1
baseline,S_0051218,1,1,1,0,1,0,0.0,1.0,0.0,1,-0.0,False,False,False,False,False,0,0,1,0,1,0,1,0,0,0,1
baseline,S_0051237,1,1,1,0,0,1,0.0,0.0,1.0,1,-0.0,False,False,False,False,False,0,0,0,1,1,0,0,0,0,1,1
baseline,S_0051258,3,2,3,2,0,0,1.0,0.0,0.0,1,-0.0,False,True,False,False,False,0,0,1,1,2,1,0,0,0,1,2
baseline,S_0051269,6,6,4,4,2,0,0.6666666666666666,0.3333333333333333,0.0,2,0.5793801642856949,True,True,True,True,False,0,1,3,2,3,4,0,0,1,1,3
baseline,S_0051271,2,2,2,1,1,0,0.5,0.5,0.0,2,0.6309297535714574,False,True,False,False,False,0,1,1,0,2,1,0,0,0,1,2
baseline,S_0051273,1,1,1,0,1,0,0.0,1.0,0.0,1,-0.0,False,False,False,False,False,0,0,1,0,1,0,0,0,0,1,1
baseline,S_0051274,4,4,2,2,2,0,0.5,0.5,0.0,2,0.6309297535714574,False,True,True,False,False,0,1,3,0,2,3,0,0,0,1,2
baseline,S_0051276,4,4,2,2,2,0,0.5,0.5,0.0,2,0.6309297535714574,False,True,True,False,False,0,1,3,0,2,3,0,0,0,1,2
baseline,S_0051281,4,4,4,3,1,0,0.75,0.25,0.0,2,0.5118595071429147,False,True,True,False,False,0,1,1,2,3,2,0,0,1,1,3
baseline,S_0051283,1,1,1,0,1,0,0.0,1.0,0.0,1,-0.0,False,False,False,False,False,0,0,1,0,1,0,0,0,0,1,1
baseline,S_0051284,4,4,2,2,2,0,0.5,0.5,0.0,2,0.6309297535714574,False,True,True,False,False,0,1,3,0,2,3,0,0,0,1,2
baseline,S_0051285,4,4,2,2,2,0,0.5,0.5,0.0,2,0.6309297535714574,False,True,True,False,False,0,1,3,0,2,3,0,0,0,1,2
baseline,S_0051287,2,2,2,1,1,0,0.5,0.5,0.0,2,0.6309297535714574,False,True,False,False,False,0,1,1,0,2,1,0,0,0,1,2
baseline,S_0051288,2,2,2,1,1,0,0.5,0.5,0.0,2,0.6309297535714574,False,True,False,False,False,0,1,1,0,2,1,0,0,0,1,2
baseline,S_0051289,1,1,1,0,0,1,0.0,0.0,1.0,1,-0.0,False,False,False,False,False,0,0,0,1,1,0,1,0,0,0,1
baseline,S_0051290,1,1,1,1,0,0,1.0,0.0,0.0,1,-0.0,False,False,False,False,False,0,0,0,1,1,0,0,0,0,1,1
baseline,S_0051291,1,1,1,1,0,0,1.0,0.0,0.0,1,-0.0,False,False,False,False,False,0,0,0,1,1,0,0,0,0,1,1
baseline,S_0051292,1,1,1,1,0,0,1.0,0.0,0.0,1,-0.0,False,False,False,False,False,0,0,0,1,1,0,0,0,0,1,1
baseline,S_0051296,3,2,3,1,1,0,0.5,0.5,0.0,2,0.6309297535714574,False,True,False,False,False,0,1,1,0,2,1,0,0,0,1,2
baseline,S_0051299,2,2,2,1,1,0,0.5,0.5,0.0,2,0.6309297535714574,False,True,False,False,False,0,1,1,0,2,1,0,0,0,1,2
baseline,S_0051300,2,2,2,1,1,0,0.5,0.5,0.0,2,0.6309297535714574,False,True,False,False,False,0,1,1,0,2,1,0,0,0,1,2
baseline,S_0051301,2,2,1,1,1,0,0.5,0.5,0.0,2,0.6309297535714574,False,True,False,False,False,0,0,2,0,1,0,1,0,0,1,2
baseline,S_0051303,3,3,3,2,1,0,0.6666666666666666,0.3333333333333333,0.0,2,0.5793801642856949,False,True,True,False,False,0,1,1,1,3,2,0,0,0,1,2
baseline,S_0051318,1,1,1,0,0,1,0.0,0.0,1.0,1,-0.0,False,False,False,False,False,0,0,0,1,1,0,1,0,0,0,1
baseline,S_0051341,1,1,1,0,1,0,0.0,1.0,0.0,1,-0.0,False,False,False,False,False,0,0,1,0,1,0,0,0,0,1,1
baseline,S_0051360,1,1,1,0,1,0,0.0,1.0,0.0,1,-0.0,False,False,False,False,False,0,0,0,1,1,0,0,0,0,1,1
baseline,S_0051361,2,2,1,0,2,0,0.0,1.0,0.0,1,-0.0,False,True,False,False,False,0,0,2,0,1,0,1,0,1,0,2
baseline,S_0051372,1,1,1,1,0,0,1.0,0.0,0.0,1,-0.0,False,False,False,False,False,0,0,1,0,1,1,0,0,0,0,1
baseline,S_0051441,1,1,1,0,0,1,0.0,0.0,1.0,1,-0.0,False,False,False,False,False,0,0,1,0,1,1,0,0,0,0,1
baseline,S_0051445,4,4,3,1,1,2,0.25,0.25,0.5,3,0.946394630357186,False,True,True,False,False,0,0,0,4,1,2,0,0,1,1,3
baseline,S_0051461,2,2,1,2,0,0,1.0,0.0,0.0,1,-0.0,False,True,False,False,False,0,0,0,2,1,1,0,0,1,0,2
baseline,S_0051465,4,2,2,2,0,0,1.0,0.0,0.0,1,-0.0,False,True,False,False,False,0,0,0,2,1,1,0,0,1,0,2
baseline,S_0051466,2,2,1,2,0,0,1.0,0.0,0.0,1,-0.0,False,True,False,False,False,0,0,0,2,1,1,0,0,1,0,2
baseline,S_0051484,1,1,1,0,1,0,0.0,1.0,0.0,1,-0.0,False,False,False,False,False,0,0,1,0,1,0,0,1,0,0,1
baseline,S_0051509,1,1,1,0,1,0,0.0,1.0,0.0,1,-0.0,False,False,False,False,False,0,0,1,0,1,0,0,0,0,1,1
baseline,S_0051520,1,1,1,0,0,1,0.0,0.0,1.0,1,-0.0,False,False,False,False,False,0,0,1,0,1,0,0,0,1,0,1
baseline,S_0051522,1,1,1,0,0,1,0.0,0.0,1.0,1,-0.0,False,False,False,False,False,0,0,1,0,1,0,0,0,1,0,1
baseline,S_0051523,1,1,1,0,0,1,0.0,0.0,1.0,1,-0.0,False,False,False,False,False,0,0,1,0,1,0,0,0,1,0,1
baseline,S_0051524,1,1,1,0,0,1,0.0,0.0,1.0,1,-0.0,False,False,False,False,False,0,0,1,0,1,0,0,0,1,0,1
baseline,S_0051525,1,1,1,0,0,1,0.0,0.0,1.0,1,-0.0,False,False,False,False,False,0,0,1,0,1,0,0,0,1,0,1
baseline,S_0051547,1,1,1,1,0,0,1.0,0.0,0.0,1,-0.0,False,False,False,False,False,0,0,0,1,1,0,0,0,1,0,1
baseline,S_0051554,1,1,1,0,0,1,0.0,0.0,1.0,1,-0.0,False,False,False,False,False,0,0,1,0,1,1,0,0,0,0,1
baseline,S_0051559,1,1,1,0,1,0,0.0,1.0,0.0,1,-0.0,False,False,False,False,False,0,0,1,0,1,0,0,0,1,0,1
baseline,S_0051564,1,1,1,1,0,0,1.0,0.0,0.0,1,-0.0,False,False,False,False,False,0,1,0,0,1,0,0,1,0,0,1
baseline,S_0051612,2,2,1,0,0,2,0.0,0.0,1.0,1,-0.0,False,True,False,False,False,0,0,2,0,1,1,1,0,0,0,2
baseline,S_0051613,1,1,1,0,1,0,0.0,1.0,0.0,1,-0.0,False,False,False,False,False,0,0,1,0,1,0,0,0,1,0,1
baseline,S_0051615,1,1,1,0,0,1,0.0,0.0,1.0,1,-0.0,False,False,False,False,False,0,0,1,0,1,0,1,0,0,0,1
baseline,S_0051616,1,1,1,0,1,0,0.0,1.0,0.0,1,-0.0,False,False,False,False,False,0,0,1,0,1,0,0,0,1,0,1
baseline,S_0051636,1,1,1,1,0,0,1.0,0.0,0.0,1,-0.0,False,False,False,False,False,0,0,0,1,1,0,0,0,1,0,1
baseline,S_0051649,1,1,1,0,1,0,0.0,1.0,0.0,1,-0.0,False,False,False,False,False,0,0,0,1,1,0,0,0,1,0,1
baseline,S_0051651,1,1,1,1,0,0,1.0,0.0,0.0,1,-0.0,False,False,False,False,False,0,0,1,0,1,0,1,0,0,0,1
baseline,S_0051652,1,1,1,1,0,0,1.0,0.0,0.0,1,-0.0,False,False,False,False,False,0,0,1,0,1,0,1,0,0,0,1
baseline,S_0051654,4,4,4,1,3,0,0.25,0.75,0.0,2,0.5118595071429147,False,True,True,False,False,0,0,0,4,1,1,1,0,1,1,4
baseline,S_0051655,5,5,5,1,4,0,0.2,0.8,0.0,2,0.4554859150035952,True,True,True,True,False,0,0,1,4,2,1,2,0,1,1,4
baseline,S_0051665,1,1,1,0,1,0,0.0,1.0,0.0,1,-0.0,False,False,False,False,False,0,0,1,0,1,0,1,0,0,0,1
baseline,S_0051675,1,1,1,0,1,0,0.0,1.0,0.0,1,-0.0,False,False,False,False,False,0,0,1,0,1,0,1,0,0,0,1
baseline,S_0051678,2,2,1,0,2,0,0.0,1.0,0.0,1,-0.0,False,True,False,False,False,0,0,2,0,1,0,0,0,1,1,2
baseline,S_0051722,4,4,2,1,3,0,0.25,0.75,0.0,2,0.5118595071429147,False,True,True,False,False,0,1,3,0,2,2,0,0,1,1,3
baseline,S_0051725,1,1,1,0,1,0,0.0,1.0,0.0,1,-0.0,False,False,False,False,False,0,0,1,0,1,0,0,1,0,0,1
baseline,S_0051752,1,1,1,0,0,1,0.0,0.0,1.0,1,-0.0,False,False,False,False,False,1,0,0,0,1,1,0,0,0,0,1
baseline,S_0051756,1,1,1,0,1,0,0.0,1.0,0.0,1,-0.0,False,False,False,False,False,0,0,1,0,1,0,0,0,1,0,1
baseline,S_0051761,1,1,1,1,0,0,1.0,0.0,0.0,1,-0.0,False,False,False,False,False,0,0,0,1,1,1,0,0,0,0,1
baseline,S_0051767,1,1,1,1,0,0,1.0,0.0,0.0,1,-0.0,False,False,False,False,False,0,0,1,0,1,0,1,0,0,0,1
baseline,S_0051772,1,1,1,1,0,0,1.0,0.0,0.0,1,-0.0,False,False,False,False,False,0,0,1,0,1,0,1,0,0,0,1
baseline,S_0051773,1,1,1,1,0,0,1.0,0.0,0.0,1,-0.0,False,False,False,False,False,0,0,1,0,1,0,1,0,0,0,1
baseline,S_0051784,1,1,1,1,0,0,1.0,0.0,0.0,1,-0.0,False,False,False,False,False,0,0,1,0,1,0,1,0,0,0,1
baseline,S_0051788,2,2,2,0,2,0,0.0,1.0,0.0,1,-0.0,False,True,False,False,False,0,1,1,0,2,1,0,0,1,0,2
baseline,S_0051800,4,4,3,0,4,0,0.0,1.0,0.0,1,-0.0,False,True,True,False,False,0,0,1,3,2,0,2,0,1,1,3
baseline,S_0051821,4,3,4,1,2,0,0.3333333333333333,0.6666666666666666,0.0,2,0.5793801642856949,False,True,True,False,False,0,1,1,1,3,0,0,1,2,0,2
baseline,S_0051823,3,3,3,1,2,0,0.3333333333333333,0.6666666666666666,0.0,2,0.5793801642856949,False,True,True,False,False,0,1,1,1,3,0,0,1,2,0,2
baseline,S_0051839,1,1,1,0,1,0,0.0,1.0,0.0,1,-0.0,False,False,False,False,False,0,0,1,0,1,1,0,0,0,0,1
baseline,S_0051840,1,1,1,0,1,0,0.0,1.0,0.0,1,-0.0,False,False,False,False,False,0,0,1,0,1,1,0,0,0,0,1
baseline,S_0051841,1,1,1,1,0,0,1.0,0.0,0.0,1,-0.0,False,False,False,False,False,0,0,0,1,1,0,0,0,1,0,1
baseline,S_0051914,1,1,1,1,0,0,1.0,0.0,0.0,1,-0.0,False,False,False,False,False,0,0,1,0,1,0,1,0,0,0,1
baseline,S_0051934,1,1,1,0,1,0,0.0,1.0,0.0,1,-0.0,False,False,False,False,False,0,0,0,1,1,1,0,0,0,0,1
baseline,S_0052046,1,1,1,0,1,0,0.0,1.0,0.0,1,-0.0,False,False,False,False,False,0,1,0,0,1,0,0,0,1,0,1
baseline,S_0052049,1,1,1,0,1,0,0.0,1.0,0.0,1,-0.0,False,False,False,False,False,0,1,0,0,1,0,0,0,1,0,1
baseline,S_0052050,1,1,1,0,1,0,0.0,1.0,0.0,1,-0.0,False,False,False,False,False,0,1,0,0,1,0,0,0,1,0,1
baseline,S_0052051,2,2,2,0,2,0,0.0,1.0,0.0,1,-0.0,False,True,False,False,False,0,1,1,0,2,1,0,0,1,0,2
baseline,S_0052053,2,2,2,0,2,0,0.0,1.0,0.0,1,-0.0,False,True,False,False,False,0,1,1,0,2,1,0,0,1,0,2
baseline,S_0052074,1,1,1,0,1,0,0.0,1.0,0.0,1,-0.0,False,False,False,False,False,0,1,0,0,1,0,0,0,1,0,1
baseline,S_0052077,1,1,1,0,1,0,0.0,1.0,0.0,1,-0.0,False,False,False,False,False,0,1,0,0,1,0,0,0,1,0,1
baseline,S_0052078,1,1,1,0,1,0,0.0,1.0,0.0,1,-0.0,False,False,False,False,False,0,0,1,0,1,1,0,0,0,0,1
baseline,S_0052156,1,1,1,0,1,0,0.0,1.0,0.0,1,-0.0,False,False,False,False,False,0,0,1,0,1,1,0,0,0,0,1
baseline,S_0052158,1,1,1,0,1,0,0.0,1.0,0.0,1,-0.0,False,False,False,False,False,0,0,1,0,1,1,0,0,0,0,1
baseline,S_0052160,1,1,1,0,1,0,0.0,1.0,0.0,1,-0.0,False,False,False,False,False,0,1,0,0,1,0,0,0,1,0,1
baseline,S_0052162,1,1,1,0,1,0,0.0,1.0,0.0,1,-0.0,False,False,False,False,False,0,0,1,0,1,1,0,0,0,0,1
baseline,S_0052163,1,1,1,0,1,0,0.0,1.0,0.0,1,-0.0,False,False,False,False,False,0,1,0,0,1,0,0,0,1,0,1
baseline,S_0052171,2,2,2,1,1,0,0.5,0.5,0.0,2,0.6309297535714574,False,True,False,False,False,0,1,1,0,2,1,0,0,0,1,2
baseline,S_0052181,1,1,1,1,0,0,1.0,0.0,0.0,1,-0.0,False,False,False,False,False,0,0,1,0,1,0,1,0,0,0,1
baseline,S_0052182,1,1,1,1,0,0,1.0,0.0,0.0,1,-0.0,False,False,False,False,False,0,0,1,0,1,0,1,0,0,0,1
baseline,S_0052184,1,1,1,1,0,0,1.0,0.0,0.0,1,-0.0,False,False,False,False,False,0,0,1,0,1,0,1,0,0,0,1
baseline,S_0052185,1,1,1,1,0,0,1.0,0.0,0.0,1,-0.0,False,False,False,False,False,0,0,1,0,1,0,1,0,0,0,1
baseline,S_0052190,1,1,1,1,0,0,1.0,0.0,0.0,1,-0.0,False,False,False,False,False,0,0,1,0,1,0,1,0,0,0,1
baseline,S_0052193,1,1,1,0,1,0,0.0,1.0,0.0,1,-0.0,False,False,False,False,False,0,0,1,0,1,0,0,0,0,1,1
baseline,S_0052194,2,2,1,1,1,0,0.5,0.5,0.0,2,0.6309297535714574,False,True,False,False,False,0,0,2,0,1,0,1,0,0,1,2
baseline,S_0052235,1,1,1,0,0,1,0.0,0.0,1.0,1,-0.0,False,False,False,False,False,0,0,1,0,1,0,0,0,1,0,1
baseline,S_0052240,3,3,2,0,1,2,0.0,0.3333333333333333,0.6666666666666666,2,0.5793801642856949,False,True,True,False,False,0,0,3,0,1,1,1,0,1,0,3
baseline,S_0052253,1,1,1,0,1,0,0.0,1.0,0.0,1,-0.0,False,False,False,False,False,0,0,1,0,1,1,0,0,0,0,1
baseline,S_0052262,2,2,1,0,2,0,0.0,1.0,0.0,1,-0.0,False,True,False,False,False,0,0,2,0,1,0,0,0,0,2,1
baseline,S_0052296,5,3,3,1,0,2,0.3333333333333333,0.0,0.6666666666666666,2,0.5793801642856949,False,True,True,False,False,0,0,0,3,1,1,0,0,1,1,3
baseline,S_0052297,3,3,2,1,0,2,0.3333333333333333,0.0,0.6666666666666666,2,0.5793801642856949,False,True,True,False,False,0,0,0,3,1,1,0,0,1,1,3
baseline,S_0052315,2,2,2,1,1,0,0.5,0.5,0.0,2,0.6309297535714574,False,True,False,False,False,0,0,2,0,1,0,1,0,0,1,2
baseline,S_0052358,1,1,1,0,1,0,0.0,1.0,0.0,1,-0.0,False,False,False,False,False,0,0,1,0,1,0,0,0,0,1,1
baseline,S_0052359,1,1,1,0,1,0,0.0,1.0,0.0,1,-0.0,False,False,False,False,False,0,0,1,0,1,0,0,0,0,1,1
baseline,S_0052371,4,4,3,1,1,2,0.25,0.25,0.5,3,0.946394630357186,False,True,True,False,False,0,0,0,4,1,1,0,0,1,2,3
baseline,S_0052384,1,1,1,0,1,0,0.0,1.0,0.0,1,-0.0,False,False,False,False,False,0,0,1,0,1,0,0,0,0,1,1
baseline,S_0052398,1,1,1,0,1,0,0.0,1.0,0.0,1,-0.0,False,False,False,False,False,0,0,1,0,1,0,0,0,0,1,1
baseline,S_0052406,1,1,1,0,1,0,0.0,1.0,0.0,1,-0.0,False,False,False,False,False,0,0,1,0,1,0,0,0,0,1,1
baseline,S_0052411,1,1,1,0,1,0,0.0,1.0,0.0,1,-0.0,False,False,False,False,False,0,0,1,0,1,0,0,0,0,1,1
baseline,S_0052415,1,1,1,0,0,1,0.0,0.0,1.0,1,-0.0,False,False,False,False,False,0,0,1,0,1,1,0,0,0,0,1
baseline,S_0052428,1,1,1,0,0,1,0.0,0.0,1.0,1,-0.0,False,False,False,False,False,0,0,1,0,1,0,1,0,0,0,1
baseline,S_0052445,1,1,1,0,1,0,0.0,1.0,0.0,1,-0.0,False,False,False,False,False,0,0,1,0,1,0,0,1,0,0,1
baseline,S_0052450,1,1,1,0,1,0,0.0,1.0,0.0,1,-0.0,False,False,False,False,False,0,0,0,1,1,1,0,0,0,0,1
baseline,S_0052451,2,2,2,1,1,0,0.5,0.5,0.0,2,0.6309297535714574,False,True,False,False,False,0,0,1,1,2,2,0,0,0,0,1
baseline,S_0052465,1,1,1,1,0,0,1.0,0.0,0.0,1,-0.0,False,False,False,False,False,0,0,1,0,1,1,0,0,0,0,1
baseline,S_0052492,1,1,1,0,0,1,0.0,0.0,1.0,1,-0.0,False,False,False,False,False,0,0,1,0,1,1,0,0,0,0,1
baseline,S_0052494,1,1,1,0,0,1,0.0,0.0,1.0,1,-0.0,False,False,False,False,False,0,0,1,0,1,1,0,0,0,0,1
baseline,S_0052521,2,2,2,1,1,0,0.5,0.5,0.0,2,0.6309297535714574,False,True,False,False,False,0,0,0,2,1,0,0,0,1,1,2
baseline,S_0052547,2,2,1,0,2,0,0.0,1.0,0.0,1,-0.0,False,True,False,False,False,0,0,2,0,1,0,1,1,0,0,2
baseline,S_0052549,2,2,1,0,2,0,0.0,1.0,0.0,1,-0.0,False,True,False,False,False,0,0,2,0,1,0,1,1,0,0,2
baseline,S_0052570,2,2,1,0,2,0,0.0,1.0,0.0,1,-0.0,False,True,False,False,False,0,0,2,0,1,0,1,1,0,0,2
baseline,S_0052588,1,1,1,0,0,1,0.0,0.0,1.0,1,-0.0,False,False,False,False,False,0,0,1,0,1,1,0,0,0,0,1
baseline,S_0052591,6,6,5,0,4,2,0.0,0.6666666666666666,0.3333333333333333,2,0.5793801642856949,True,True,True,True,False,0,0,0,6,1,1,1,0,2,2,4
baseline,S_0052592,1,1,1,1,0,0,1.0,0.0,0.0,1,-0.0,False,False,False,False,False,0,0,1,0,1,0,1,0,0,0,1
baseline,S_0052597,4,4,3,0,3,1,0.0,0.75,0.25,2,0.5118595071429147,False,True,True,False,False,0,0,0,4,1,0,1,0,2,1,3
baseline,S_0052599,6,6,5,0,4,2,0.0,0.6666666666666666,0.3333333333333333,2,0.5793801642856949,True,True,True,True,False,0,0,0,6,1,1,1,0,2,2,4
baseline,S_0052605,1,1,1,0,0,1,0.0,0.0,1.0,1,-0.0,False,False,False,False,False,0,0,0,1,1,1,0,0,0,0,1
baseline,S_0052614,1,1,1,0,1,0,0.0,1.0,0.0,1,-0.0,False,False,False,False,False,0,0,1,0,1,0,0,0,0,1,1
baseline,S_0052626,1,1,1,0,0,1,0.0,0.0,1.0,1,-0.0,False,False,False,False,False,0,0,1,0,1,1,0,0,0,0,1
baseline,S_0052666,1,1,1,1,0,0,1.0,0.0,0.0,1,-0.0,False,False,False,False,False,0,0,0,1,1,1,0,0,0,0,1
baseline,S_0052669,2,2,1,0,2,0,0.0,1.0,0.0,1,-0.0,False,True,False,False,False,0,0,2,0,1,0,0,1,1,0,2
baseline,S_0052680,1,1,1,1,0,0,1.0,0.0,0.0,1,-0.0,False,False,False,False,False,0,0,1,0,1,0,1,0,0,0,1
baseline,S_0052682,1,1,1,1,0,0,1.0,0.0,0.0,1,-0.0,False,False,False,False,False,0,0,1,0,1,0,1,0,0,0,1
baseline,S_0052702,1,1,1,0,1,0,0.0,1.0,0.0,1,-0.0,False,False,False,False,False,0,0,0,1,1,1,0,0,0,0,1
baseline,S_0052703,1,1,1,0,1,0,0.0,1.0,0.0,1,-0.0,False,False,False,False,False,0,1,0,0,1,0,0,0,0,1,1
baseline,S_0052712,1,1,1,0,1,0,0.0,1.0,0.0,1,-0.0,False,False,False,False,False,0,0,0,1,1,1,0,0,0,0,1
baseline,S_0052760,2,2,2,0,2,0,0.0,1.0,0.0,1,-0.0,False,True,False,False,False,0,0,2,0,1,0,0,1,0,1,2
baseline,S_0052763,2,2,2,0,2,0,0.0,1.0,0.0,1,-0.0,False,True,False,False,False,0,0,2,0,1,0,0,1,0,1,2
baseline,S_0052780,1,1,1,0,1,0,0.0,1.0,0.0,1,-0.0,False,False,False,False,False,0,0,0,1,1,1,0,0,0,0,1
baseline,S_0052793,1,1,1,1,0,0,1.0,0.0,0.0,1,-0.0,False,False,False,False,False,0,0,0,1,1,0,0,0,0,1,1
baseline,S_0052856,1,1,1,0,1,0,0.0,1.0,0.0,1,-0.0,False,False,False,False,False,0,0,1,0,1,0,0,0,0,1,1
baseline,S_0052859,1,1,1,0,1,0,0.0,1.0,0.0,1,-0.0,False,False,False,False,False,0,0,1,0,1,0,0,0,0,1,1
baseline,S_0052920,1,1,1,1,0,0,1.0,0.0,0.0,1,-0.0,False,False,False,False,False,0,0,0,1,1,0,0,0,0,1,1
baseline,S_0052923,1,1,1,1,0,0,1.0,0.0,0.0,1,-0.0,False,False,False,False,False,0,0,0,1,1,0,0,0,0,1,1
baseline,S_0052933,1,1,1,1,0,0,1.0,0.0,0.0,1,-0.0,False,False,False,False,False,0,0,0,1,1,0,0,0,0,1,1
baseline,S_0052943,1,1,1,1,0,0,1.0,0.0,0.0,1,-0.0,False,False,False,False,False,0,0,0,1,1,0,0,0,0,1,1
baseline,S_0052962,1,1,1,0,1,0,0.0,1.0,0.0,1,-0.0,False,False,False,False,False,0,0,1,0,1,0,0,0,0,1,1
baseline,S_0052981,1,1,1,0,1,0,0.0,1.0,0.0,1,-0.0,False,False,False,False,False,0,0,1,0,1,0,0,1,0,0,1
baseline,S_0053002,1,1,1,0,1,0,0.0,1.0,0.0,1,-0.0,False,False,False,False,False,0,0,1,0,1,0,0,0,0,1,1
baseline,S_0053004,1,1,1,0,1,0,0.0,1.0,0.0,1,-0.0,False,False,False,False,False,0,0,1,0,1,0,0,0,0,1,1
baseline,S_0053021,3,3,2,0,3,0,0.0,1.0,0.0,1,-0.0,False,True,True,False,False,0,0,0,3,1,0,1,0,1,1,3
baseline,S_0053041,1,1,1,1,0,0,1.0,0.0,0.0,1,-0.0,False,False,False,False,False,0,0,0,1,1,0,0,0,0,1,1
baseline,S_0053046,2,2,2,0,2,0,0.0,1.0,0.0,1,-0.0,False,True,False,False,False,0,0,2,0,1,0,0,1,0,1,2
baseline,S_0053050,1,1,1,0,1,0,0.0,1.0,0.0,1,-0.0,False,False,False,False,False,0,0,1,0,1,0,0,0,0,1,1
baseline,S_0053053,1,1,1,0,1,0,0.0,1.0,0.0,1,-0.0,False,False,False,False,False,0,0,1,0,1,0,0,0,0,1,1
baseline,S_0053057,1,1,1,0,1,0,0.0,1.0,0.0,1,-0.0,False,False,False,False,False,0,0,1,0,1,0,1,0,0,0,1
baseline,S_0053063,1,1,1,0,1,0,0.0,1.0,0.0,1,-0.0,False,False,False,False,False,0,0,1,0,1,0,1,0,0,0,1
baseline,S_0053069,1,1,1,0,0,1,0.0,0.0,1.0,1,-0.0,False,False,False,False,False,0,0,1,0,1,0,1,0,0,0,1
baseline,S_0053132,1,1,1,1,0,0,1.0,0.0,0.0,1,-0.0,False,False,False,False,False,0,0,0,1,1,0,0,0,0,1,1
baseline,S_0053151,1,1,1,1,0,0,1.0,0.0,0.0,1,-0.0,False,False,False,False,False,0,0,0,1,1,0,0,0,0,1,1
baseline,S_0053190,1,1,1,1,0,0,1.0,0.0,0.0,1,-0.0,False,False,False,False,False,0,0,0,1,1,0,0,0,0,1,1
baseline,S_0053239,2,1,2,1,0,0,1.0,0.0,0.0,1,-0.0,False,False,False,False,False,0,0,0,1,1,0,0,0,0,1,1
baseline,S_0053248,1,1,1,0,0,1,0.0,0.0,1.0,1,-0.0,False,False,False,False,False,0,0,1,0,1,0,1,0,0,0,1
baseline,S_0053276,1,1,1,0,0,1,0.0,0.0,1.0,1,-0.0,False,False,False,False,False,0,0,1,0,1,0,1,0,0,0,1
baseline,S_0053288,2,2,2,1,1,0,0.5,0.5,0.0,2,0.6309297535714574,False,True,False,False,False,0,0,0,2,1,0,0,0,1,1,2
baseline,S_0053305,1,1,1,0,1,0,0.0,1.0,0.0,1,-0.0,False,False,False,False,False,0,1,0,0,1,0,0,0,1,0,1
baseline,S_0053317,1,1,1,0,1,0,0.0,1.0,0.0,1,-0.0,False,False,False,False,False,0,1,0,0,1,0,0,0,1,0,1
baseline,S_0053320,1,1,1,0,1,0,0.0,1.0,0.0,1,-0.0,False,False,False,False,False,0,1,0,0,1,0,0,0,1,0,1
baseline,S_0053343,1,1,1,0,1,0,0.0,1.0,0.0,1,-0.0,False,False,False,False,False,0,0,0,1,1,1,0,0,0,0,1
baseline,S_0053344,1,1,1,0,1,0,0.0,1.0,0.0,1,-0.0,False,False,False,False,False,0,0,0,1,1,1,0,0,0,0,1
baseline,S_0053345,1,1,1,0,1,0,0.0,1.0,0.0,1,-0.0,False,False,False,False,False,0,0,0,1,1,1,0,0,0,0,1
baseline,S_0053350,1,1,1,0,1,0,0.0,1.0,0.0,1,-0.0,False,False,False,False,False,0,0,0,1,1,1,0,0,0,0,1
baseline,S_0053351,1,1,1,0,1,0,0.0,1.0,0.0,1,-0.0,False,False,False,False,False,0,0,0,1,1,1,0,0,0,0,1
baseline,S_0053380,2,1,2,0,1,0,0.0,1.0,0.0,1,-0.0,False,False,False,False,False,0,0,0,1,1,1,0,0,0,0,1
baseline,S_0053382,1,1,1,0,1,0,0.0,1.0,0.0,1,-0.0,False,False,False,False,False,0,0,0,1,1,1,0,0,0,0,1
baseline,S_0053402,1,1,1,0,1,0,0.0,1.0,0.0,1,-0.0,False,False,False,False,False,0,0,0,1,1,1,0,0,0,0,1
baseline,S_0053434,2,1,2,0,1,0,0.0,1.0,0.0,1,-0.0,False,False,False,False,False,0,0,0,1,1,1,0,0,0,0,1
baseline,S_0053452,1,1,1,0,1,0,0.0,1.0,0.0,1,-0.0,False,False,False,False,False,0,0,1,0,1,0,0,0,0,1,1
baseline,S_0053475,1,1,1,0,1,0,0.0,1.0,0.0,1,-0.0,False,False,False,False,False,0,1,0,0,1,0,0,0,1,0,1
baseline,S_0053476,1,1,1,0,1,0,0.0,1.0,0.0,1,-0.0,False,False,False,False,False,0,1,0,0,1,0,0,0,1,0,1
baseline,S_0053478,2,1,2,0,1,0,0.0,1.0,0.0,1,-0.0,False,False,False,False,False,0,0,0,1,1,0,0,0,0,1,1
baseline,S_0053485,1,1,1,0,1,0,0.0,1.0,0.0,1,-0.0,False,False,False,False,False,0,0,1,0,1,0,0,0,0,1,1
baseline,S_0053487,1,1,1,0,1,0,0.0,1.0,0.0,1,-0.0,False,False,False,False,False,0,0,1,0,1,0,0,0,0,1,1
baseline,S_0053489,1,1,1,0,1,0,0.0,1.0,0.0,1,-0.0,False,False,False,False,False,0,0,1,0,1,0,0,0,0,1,1
baseline,S_0053492,1,1,1,0,1,0,0.0,1.0,0.0,1,-0.0,False,False,False,False,False,0,0,0,1,1,1,0,0,0,0,1
baseline,S_0053520,1,1,1,0,1,0,0.0,1.0,0.0,1,-0.0,False,False,False,False,False,0,0,0,1,1,1,0,0,0,0,1
baseline,S_0053521,1,1,1,0,1,0,0.0,1.0,0.0,1,-0.0,False,False,False,False,False,0,0,0,1,1,1,0,0,0,0,1
baseline,S_0053524,1,1,1,0,1,0,0.0,1.0,0.0,1,-0.0,False,False,False,False,False,0,0,0,1,1,0,0,0,0,1,1
baseline,S_0053525,1,1,1,0,1,0,0.0,1.0,0.0,1,-0.0,False,False,False,False,False,0,0,0,1,1,0,0,0,0,1,1
baseline,S_0053549,1,1,1,0,1,0,0.0,1.0,0.0,1,-0.0,False,False,False,False,False,0,0,0,1,1,0,0,0,0,1,1
baseline,S_0053575,1,1,1,0,1,0,0.0,1.0,0.0,1,-0.0,False,False,False,False,False,0,1,0,0,1,0,0,0,0,1,1
baseline,S_0053585,1,1,1,0,1,0,0.0,1.0,0.0,1,-0.0,False,False,False,False,False,0,0,0,1,1,1,0,0,0,0,1
baseline,S_0053596,1,1,1,1,0,0,1.0,0.0,0.0,1,-0.0,False,False,False,False,False,0,0,0,1,1,1,0,0,0,0,1
baseline,S_0053599,1,1,1,0,1,0,0.0,1.0,0.0,1,-0.0,False,False,False,False,False,0,0,1,0,1,0,0,0,0,1,1
baseline,S_0053608,1,1,1,0,1,0,0.0,1.0,0.0,1,-0.0,False,False,False,False,False,0,1,0,0,1,0,0,0,1,0,1
baseline,S_0053609,1,1,1,0,1,0,0.0,1.0,0.0,1,-0.0,False,False,False,False,False,0,1,0,0,1,0,0,0,1,0,1
baseline,S_0053610,2,1,2,0,1,0,0.0,1.0,0.0,1,-0.0,False,False,False,False,False,0,0,0,1,1,1,0,0,0,0,1
baseline,S_0053615,1,1,1,0,1,0,0.0,1.0,0.0,1,-0.0,False,False,False,False,False,0,0,0,1,1,0,0,0,0,1,1
baseline,S_0053626,1,1,1,0,1,0,0.0,1.0,0.0,1,-0.0,False,False,False,False,False,0,0,1,0,1,0,0,0,0,1,1
baseline,S_0053627,1,1,1,0,1,0,0.0,1.0,0.0,1,-0.0,False,False,False,False,False,0,0,1,0,1,0,0,0,0,1,1
baseline,S_0053628,1,1,1,0,1,0,0.0,1.0,0.0,1,-0.0,False,False,False,False,False,0,0,0,1,1,1,0,0,0,0,1
baseline,S_0053664,4,4,2,3,1,0,0.75,0.25,0.0,2,0.5118595071429147,False,True,True,False,False,0,0,0,4,1,2,0,1,1,0,3
baseline,S_0053707,1,1,1,0,1,0,0.0,1.0,0.0,1,-0.0,False,False,False,False,False,0,0,0,1,1,0,0,0,0,1,1
baseline,S_0053708,2,1,2,0,1,0,0.0,1.0,0.0,1,-0.0,False,False,False,False,False,0,0,0,1,1,0,0,0,0,1,1
baseline,S_0053718,1,1,1,0,1,0,0.0,1.0,0.0,1,-0.0,False,False,False,False,False,0,0,0,1,1,0,0,0,0,1,1
baseline,S_0053719,1,1,1,0,1,0,0.0,1.0,0.0,1,-0.0,False,False,False,False,False,0,0,0,1,1,0,0,0,0,1,1
baseline,S_0053722,2,2,2,0,2,0,0.0,1.0,0.0,1,-0.0,False,True,False,False,False,0,0,2,0,1,0,0,0,0,2,1
baseline,S_0053726,2,1,2,0,1,0,0.0,1.0,0.0,1,-0.0,False,False,False,False,False,0,0,0,1,1,0,0,0,0,1,1
baseline,S_0053727,1,1,1,0,1,0,0.0,1.0,0.0,1,-0.0,False,False,False,False,False,0,0,0,1,1,0,0,0,0,1,1
baseline,S_0053733,8,4,4,3,1,0,0.75,0.25,0.0,2,0.5118595071429147,False,True,True,False,False,0,0,0,4,1,2,0,1,1,0,3
baseline,S_0053741,4,4,2,3,1,0,0.75,0.25,0.0,2,0.5118595071429147,False,True,True,False,False,0,0,0,4,1,2,0,1,1,0,3
baseline,S_0053776,1,1,1,0,1,0,0.0,1.0,0.0,1,-0.0,False,False,False,False,False,0,0,0,1,1,0,0,0,0,1,1
baseline,S_0053778,1,1,1,0,1,0,0.0,1.0,0.0,1,-0.0,False,False,False,False,False,0,0,0,1,1,0,0,0,0,1,1
baseline,S_0053788,1,1,1,0,1,0,0.0,1.0,0.0,1,-0.0,False,False,False,False,False,0,0,0,1,1,0,0,0,0,1,1
baseline,S_0053789,2,2,2,0,2,0,0.0,1.0,0.0,1,-0.0,False,True,False,False,False,0,0,2,0,1,0,0,0,0,2,1
baseline,S_0053790,2,2,2,0,2,0,0.0,1.0,0.0,1,-0.0,False,True,False,False,False,0,0,2,0,1,0,0,0,0,2,1
baseline,S_0053794,1,1,1,0,1,0,0.0,1.0,0.0,1,-0.0,False,False,False,False,False,0,0,0,1,1,0,0,0,0,1,1
baseline,S_0053795,1,1,1,0,1,0,0.0,1.0,0.0,1,-0.0,False,False,False,False,False,0,0,0,1,1,0,0,0,0,1,1
baseline,S_0053801,2,1,2,0,1,0,0.0,1.0,0.0,1,-0.0,False,False,False,False,False,0,0,0,1,1,0,0,0,0,1,1
baseline,S_0053802,1,1,1,0,1,0,0.0,1.0,0.0,1,-0.0,False,False,False,False,False,0,0,0,1,1,0,0,0,0,1,1
baseline,S_0053822,2,1,2,0,1,0,0.0,1.0,0.0,1,-0.0,False,False,False,False,False,0,0,0,1,1,0,0,0,0,1,1
baseline,S_0053823,1,1,1,0,1,0,0.0,1.0,0.0,1,-0.0,False,False,False,False,False,0,0,0,1,1,0,0,0,0,1,1
baseline,S_0053828,2,2,2,0,2,0,0.0,1.0,0.0,1,-0.0,False,True,False,False,False,0,0,2,0,1,0,0,0,0,2,1
baseline,S_0053833,1,1,1,0,1,0,0.0,1.0,0.0,1,-0.0,False,False,False,False,False,0,0,0,1,1,0,0,0,0,1,1
baseline,S_0053838,1,1,1,0,1,0,0.0,1.0,0.0,1,-0.0,False,False,False,False,False,0,0,0,1,1,0,0,0,0,1,1
baseline,S_0053839,2,1,2,0,1,0,0.0,1.0,0.0,1,-0.0,False,False,False,False,False,0,0,0,1,1,0,0,0,0,1,1
baseline,S_0053852,1,1,1,0,1,0,0.0,1.0,0.0,1,-0.0,False,False,False,False,False,0,0,0,1,1,0,0,0,0,1,1
baseline,S_0053853,1,1,1,0,1,0,0.0,1.0,0.0,1,-0.0,False,False,False,False,False,0,0,0,1,1,0,0,0,0,1,1
baseline,S_0053856,2,1,2,0,1,0,0.0,1.0,0.0,1,-0.0,False,False,False,False,False,0,0,0,1,1,0,0,0,0,1,1
baseline,S_0053861,2,2,2,0,2,0,0.0,1.0,0.0,1,-0.0,False,True,False,False,False,0,0,2,0,1,0,0,0,0,2,1
baseline,S_0053862,1,1,1,0,1,0,0.0,1.0,0.0,1,-0.0,False,False,False,False,False,0,0,1,0,1,0,0,0,0,1,1
baseline,S_0053863,2,2,2,0,2,0,0.0,1.0,0.0,1,-0.0,False,True,False,False,False,0,0,2,0,1,0,0,0,0,2,1
baseline,S_0053864,2,2,2,0,2,0,0.0,1.0,0.0,1,-0.0,False,True,False,False,False,0,0,2,0,1,0,0,0,0,2,1
baseline,S_0053896,2,2,2,0,2,0,0.0,1.0,0.0,1,-0.0,False,True,False,False,False,0,0,2,0,1,0,0,0,0,2,1
baseline,S_0053898,2,2,2,0,2,0,0.0,1.0,0.0,1,-0.0,False,True,False,False,False,0,0,2,0,1,0,0,0,0,2,1
baseline,S_0053903,2,2,2,0,2,0,0.0,1.0,0.0,1,-0.0,False,True,False,False,False,0,0,2,0,1,0,0,0,0,2,1
baseline,S_0053946,2,2,2,0,2,0,0.0,1.0,0.0,1,-0.0,False,True,False,False,False,0,0,2,0,1,0,0,0,0,2,1
baseline,S_0053947,2,2,2,0,2,0,0.0,1.0,0.0,1,-0.0,False,True,False,False,False,0,0,2,0,1,0,0,0,0,2,1
baseline,S_0053959,2,2,2,0,2,0,0.0,1.0,0.0,1,-0.0,False,True,False,False,False,0,0,2,0,1,0,0,0,0,2,1
baseline,S_0053973,2,2,2,0,2,0,0.0,1.0,0.0,1,-0.0,False,True,False,False,False,0,0,2,0,1,0,0,0,0,2,1
baseline,S_0053978,2,2,2,0,2,0,0.0,1.0,0.0,1,-0.0,False,True,False,False,False,0,0,2,0,1,0,0,0,0,2,1
baseline,S_0053979,2,2,2,0,2,0,0.0,1.0,0.0,1,-0.0,False,True,False,False,False,0,0,2,0,1,0,0,0,0,2,1
baseline,S_0053985,1,1,1,0,1,0,0.0,1.0,0.0,1,-0.0,False,False,False,False,False,0,0,1,0,1,0,0,0,0,1,1
baseline,S_0054002,1,1,1,0,1,0,0.0,1.0,0.0,1,-0.0,False,False,False,False,False,0,0,1,0,1,0,0,1,0,0,1
baseline,S_0054003,1,1,1,0,1,0,0.0,1.0,0.0,1,-0.0,False,False,False,False,False,0,0,1,0,1,0,0,1,0,0,1
baseline,S_0054073,1,1,1,0,1,0,0.0,1.0,0.0,1,-0.0,False,False,False,False,False,0,0,1,0,1,0,0,1,0,0,1
baseline,S_0054074,1,1,1,0,1,0,0.0,1.0,0.0,1,-0.0,False,False,False,False,False,0,0,1,0,1,0,0,1,0,0,1
baseline,S_0054119,1,1,1,1,0,0,1.0,0.0,0.0,1,-0.0,False,False,False,False,False,0,1,0,0,1,0,0,1,0,0,1
baseline,S_0054124,2,2,2,0,2,0,0.0,1.0,0.0,1,-0.0,False,True,False,False,False,0,1,1,0,2,2,0,0,0,0,1
baseline,S_0054141,1,1,1,1,0,0,1.0,0.0,0.0,1,-0.0,False,False,False,False,False,0,0,0,1,1,0,0,0,0,1,1
baseline,S_0054142,1,1,1,1,0,0,1.0,0.0,0.0,1,-0.0,False,False,False,False,False,0,0,0,1,1,0,0,0,0,1,1
baseline,S_0054144,1,1,1,1,0,0,1.0,0.0,0.0,1,-0.0,False,False,False,False,False,0,0,0,1,1,0,0,0,0,1,1
baseline,S_0054158,1,1,1,1,0,0,1.0,0.0,0.0,1,-0.0,False,False,False,False,False,0,0,0,1,1,0,0,0,0,1,1
baseline,S_0054159,1,1,1,1,0,0,1.0,0.0,0.0,1,-0.0,False,False,False,False,False,0,0,0,1,1,0,0,0,0,1,1
baseline,S_0054161,2,1,2,1,0,0,1.0,0.0,0.0,1,-0.0,False,False,False,False,False,0,0,0,1,1,0,0,0,0,1,1
baseline,S_0054189,1,1,1,1,0,0,1.0,0.0,0.0,1,-0.0,False,False,False,False,False,0,0,0,1,1,0,0,0,0,1,1
baseline,S_0054190,1,1,1,1,0,0,1.0,0.0,0.0,1,-0.0,False,False,False,False,False,0,0,0,1,1,0,0,0,0,1,1
baseline,S_0054191,1,1,1,1,0,0,1.0,0.0,0.0,1,-0.0,False,False,False,False,False,0,0,0,1,1,0,0,0,0,1,1
baseline,S_0054216,1,1,1,0,1,0,0.0,1.0,0.0,1,-0.0,False,False,False,False,False,0,0,1,0,1,0,0,1,0,0,1
baseline,S_0054222,1,1,1,0,1,0,0.0,1.0,0.0,1,-0.0,False,False,False,False,False,0,0,1,0,1,0,0,1,0,0,1
baseline,S_0054228,1,1,1,0,1,0,0.0,1.0,0.0,1,-0.0,False,False,False,False,False,0,0,1,0,1,0,0,1,0,0,1
baseline,S_0054230,1,1,1,0,1,0,0.0,1.0,0.0,1,-0.0,False,False,False,False,False,0,0,1,0,1,0,0,1,0,0,1
baseline,S_0054251,1,1,1,0,1,0,0.0,1.0,0.0,1,-0.0,False,False,False,False,False,0,0,1,0,1,0,0,1,0,0,1
baseline,S_0054253,1,1,1,0,1,0,0.0,1.0,0.0,1,-0.0,False,False,False,False,False,0,0,1,0,1,0,0,1,0,0,1
baseline,S_0054292,1,1,1,1,0,0,1.0,0.0,0.0,1,-0.0,False,False,False,False,False,0,0,0,1,1,1,0,0,0,0,1
baseline,S_0054377,4,4,2,3,1,0,0.75,0.25,0.0,2,0.5118595071429147,False,True,True,False,False,0,0,0,4,1,2,0,1,1,0,3
baseline,S_0054414,1,1,1,0,1,0,0.0,1.0,0.0,1,-0.0,False,False,False,False,False,0,0,1,0,1,0,1,0,0,0,1
baseline,S_0054415,1,1,1,0,1,0,0.0,1.0,0.0,1,-0.0,False,False,False,False,False,0,0,1,0,1,0,1,0,0,0,1
baseline,S_0054416,3,3,2,2,1,0,0.6666666666666666,0.3333333333333333,0.0,2,0.5793801642856949,False,True,True,False,False,0,0,0,3,1,1,0,1,1,0,3
baseline,S_0054417,3,3,2,2,1,0,0.6666666666666666,0.3333333333333333,0.0,2,0.5793801642856949,False,True,True,False,False,0,0,0,3,1,1,0,1,1,0,3
baseline,S_0054418,4,3,3,2,1,0,0.6666666666666666,0.3333333333333333,0.0,2,0.5793801642856949,False,True,True,False,False,0,0,0,3,1,1,0,1,1,0,3
baseline,S_0054419,5,4,4,2,2,0,0.5,0.5,0.0,2,0.6309297535714574,False,True,True,False,False,0,0,1,3,2,1,1,1,1,0,4
baseline,S_0054420,5,4,4,2,2,0,0.5,0.5,0.0,2,0.6309297535714574,False,True,True,False,False,0,0,1,3,2,1,1,1,1,0,4
baseline,S_0054421,2,2,2,1,1,0,0.5,0.5,0.0,2,0.6309297535714574,False,True,False,False,False,0,0,1,1,2,1,1,0,0,0,2
baseline,S_0054422,7,4,5,2,2,0,0.5,0.5,0.0,2,0.6309297535714574,False,True,True,False,False,0,0,1,3,2,1,1,1,1,0,4
baseline,S_0054423,4,2,2,1,1,0,0.5,0.5,0.0,2,0.6309297535714574,False,True,False,False,False,0,0,0,2,1,0,0,1,1,0,2
baseline,S_0054425,2,2,2,1,1,0,0.5,0.5,0.0,2,0.6309297535714574,False,True,False,False,False,0,0,1,1,2,1,1,0,0,0,2
baseline,S_0054426,1,1,1,0,1,0,0.0,1.0,0.0,1,-0.0,False,False,False,False,False,0,0,1,0,1,0,1,0,0,0,1
baseline,S_0054427,1,1,1,0,1,0,0.0,1.0,0.0,1,-0.0,False,False,False,False,False,0,0,1,0,1,0,1,0,0,0,1
baseline,S_0054428,1,1,1,0,1,0,0.0,1.0,0.0,1,-0.0,False,False,False,False,False,0,0,1,0,1,0,1,0,0,0,1
baseline,S_0054431,1,1,1,1,0,0,1.0,0.0,0.0,1,-0.0,False,False,False,False,False,0,0,0,1,1,0,0,0,1,0,1
baseline,S_0054449,1,1,1,0,1,0,0.0,1.0,0.0,1,-0.0,False,False,False,False,False,0,1,0,0,1,1,0,0,0,0,1
baseline,S_0054451,1,1,1,0,1,0,0.0,1.0,0.0,1,-0.0,False,False,False,False,False,0,1,0,0,1,1,0,0,0,0,1
baseline,S_0054464,1,1,1,0,1,0,0.0,1.0,0.0,1,-0.0,False,False,False,False,False,0,0,1,0,1,0,1,0,0,0,1
baseline,S_0054465,1,1,1,0,1,0,0.0,1.0,0.0,1,-0.0,False,False,False,False,False,0,0,1,0,1,0,1,0,0,0,1
baseline,S_0054467,1,1,1,0,1,0,0.0,1.0,0.0,1,-0.0,False,False,False,False,False,0,0,1,0,1,0,1,0,0,0,1
baseline,S_0054468,1,1,1,0,1,0,0.0,1.0,0.0,1,-0.0,False,False,False,False,False,0,0,1,0,1,0,1,0,0,0,1
baseline,S_0054469,1,1,1,1,0,0,1.0,0.0,0.0,1,-0.0,False,False,False,False,False,0,0,1,0,1,1,0,0,0,0,1
baseline,S_0054471,1,1,1,1,0,0,1.0,0.0,0.0,1,-0.0,False,False,False,False,False,0,0,1,0,1,1,0,0,0,0,1
baseline,S_0054477,2,2,2,1,1,0,0.5,0.5,0.0,2,0.6309297535714574,False,True,False,False,False,0,0,2,0,1,1,1,0,0,0,2
baseline,S_0054487,1,1,1,0,1,0,0.0,1.0,0.0,1,-0.0,False,False,False,False,False,0,0,1,0,1,0,1,0,0,0,1
baseline,S_0054491,2,2,2,1,1,0,0.5,0.5,0.0,2,0.6309297535714574,False,True,False,False,False,0,0,2,0,1,1,1,0,0,0,2
baseline,S_0054528,1,1,1,0,1,0,0.0,1.0,0.0,1,-0.0,False,False,False,False,False,0,0,1,0,1,0,1,0,0,0,1
baseline,S_0054531,1,1,1,0,1,0,0.0,1.0,0.0,1,-0.0,False,False,False,False,False,0,0,1,0,1,0,1,0,0,0,1
baseline,S_0054535,1,1,1,0,1,0,0.0,1.0,0.0,1,-0.0,False,False,False,False,False,0,0,1,0,1,0,1,0,0,0,1
baseline,S_0054557,1,1,1,0,1,0,0.0,1.0,0.0,1,-0.0,False,False,False,False,False,0,0,1,0,1,0,0,0,0,1,1
baseline,S_0054567,1,1,1,1,0,0,1.0,0.0,0.0,1,-0.0,False,False,False,False,False,0,0,1,0,1,1,0,0,0,0,1
baseline,S_0054575,1,1,1,0,0,1,0.0,0.0,1.0,1,-0.0,False,False,False,False,False,0,0,1,0,1,0,0,0,1,0,1
baseline,S_0054576,1,1,1,0,1,0,0.0,1.0,0.0,1,-0.0,False,False,False,False,False,0,1,0,0,1,0,0,0,1,0,1
baseline,S_0054577,4,4,2,1,3,0,0.25,0.75,0.0,2,0.5118595071429147,False,True,True,False,False,0,1,3,0,2,2,0,0,1,1,3
baseline,S_0054579,5,4,3,1,3,0,0.25,0.75,0.0,2,0.5118595071429147,False,True,True,False,False,0,0,3,1,2,3,0,0,0,1,2
baseline,S_0054580,4,4,2,1,3,0,0.25,0.75,0.0,2,0.5118595071429147,False,True,True,False,False,0,0,3,1,2,3,0,0,0,1,2
baseline,S_0054581,1,1,1,0,1,0,0.0,1.0,0.0,1,-0.0,False,False,False,False,False,0,0,1,0,1,1,0,0,0,0,1
baseline,S_0054582,2,2,1,1,1,0,0.5,0.5,0.0,2,0.6309297535714574,False,True,False,False,False,0,0,2,0,1,1,0,0,0,1,2
baseline,S_0054585,3,3,1,1,2,0,0.3333333333333333,0.6666666666666666,0.0,2,0.5793801642856949,False,True,True,False,False,0,0,3,0,1,2,0,0,0,1,2
baseline,S_0054586,3,3,1,1,2,0,0.3333333333333333,0.6666666666666666,0.0,2,0.5793801642856949,False,True,True,False,False,0,0,3,0,1,2,0,0,0,1,2
baseline,S_0054588,4,4,3,1,1,2,0.25,0.25,0.5,3,0.946394630357186,False,True,True,False,False,0,0,0,4,1,2,0,0,1,1,3
baseline,S_0054589,2,2,1,1,0,1,0.5,0.0,0.5,2,0.6309297535714574,False,True,False,False,False,0,0,0,2,1,0,0,0,1,1,2
baseline,S_0054590,1,1,1,0,1,0,0.0,1.0,0.0,1,-0.0,False,False,False,False,False,0,1,0,0,1,0,0,0,1,0,1
baseline,S_0054591,1,1,1,0,0,1,0.0,0.0,1.0,1,-0.0,False,False,False,False,False,0,0,1,0,1,0,0,0,1,0,1
baseline,S_0054593,3,3,3,1,1,1,0.3333333333333333,0.3333333333333333,0.3333333333333333,3,0.9999999999999998,False,True,True,False,False,0,0,0,3,1,2,0,0,0,1,2
baseline,S_0054594,3,3,3,1,1,1,0.3333333333333333,0.3333333333333333,0.3333333333333333,3,0.9999999999999998,False,True,True,False,False,0,0,0,3,1,2,0,0,0,1,2
baseline,S_0054595,1,1,1,0,1,0,0.0,1.0,0.0,1,-0.0,False,False,False,False,False,0,0,0,1,1,1,0,0,0,0,1
baseline,S_0054611,1,1,1,0,1,0,0.0,1.0,0.0,1,-0.0,False,False,False,False,False,0,1,0,0,1,1,0,0,0,0,1
baseline,S_0054620,1,1,1,0,1,0,0.0,1.0,0.0,1,-0.0,False,False,False,False,False,0,1,0,0,1,1,0,0,0,0,1
baseline,S_0054634,2,2,1,2,0,0,1.0,0.0,0.0,1,-0.0,False,True,False,False,False,0,0,2,0,1,2,0,0,0,0,1
baseline,S_0054635,2,2,1,2,0,0,1.0,0.0,0.0,1,-0.0,False,True,False,False,False,0,0,2,0,1,2,0,0,0,0,1
baseline,S_0054637,1,1,1,1,0,0,1.0,0.0,0.0,1,-0.0,False,False,False,False,False,0,0,1,0,1,1,0,0,0,0,1
baseline,S_0054640,1,1,1,0,1,0,0.0,1.0,0.0,1,-0.0,False,False,False,False,False,0,0,1,0,1,0,1,0,0,0,1
baseline,S_0054656,1,1,1,0,1,0,0.0,1.0,0.0,1,-0.0,False,False,False,False,False,0,1,0,0,1,0,0,0,1,0,1
baseline,S_0054657,1,1,1,0,1,0,0.0,1.0,0.0,1,-0.0,False,False,False,False,False,0,1,0,0,1,0,0,0,1,0,1
baseline,S_0054658,1,1,1,1,0,0,1.0,0.0,0.0,1,-0.0,False,False,False,False,False,0,0,1,0,1,0,1,0,0,0,1
baseline,S_0054661,1,1,1,1,0,0,1.0,0.0,0.0,1,-0.0,False,False,False,False,False,0,0,1,0,1,0,1,0,0,0,1
baseline,S_0054667,1,1,1,1,0,0,1.0,0.0,0.0,1,-0.0,False,False,False,False,False,0,0,1,0,1,0,1,0,0,0,1
baseline,S_0054668,1,1,1,1,0,0,1.0,0.0,0.0,1,-0.0,False,False,False,False,False,0,0,1,0,1,0,1,0,0,0,1
baseline,S_0054669,2,2,1,1,1,0,0.5,0.5,0.0,2,0.6309297535714574,False,True,False,False,False,0,0,2,0,1,1,1,0,0,0,2
baseline,S_0054679,1,1,1,1,0,0,1.0,0.0,0.0,1,-0.0,False,False,False,False,False,0,0,1,0,1,0,1,0,0,0,1
baseline,S_0054680,1,1,1,1,0,0,1.0,0.0,0.0,1,-0.0,False,False,False,False,False,0,0,1,0,1,0,1,0,0,0,1
baseline,S_0054691,1,1,1,0,1,0,0.0,1.0,0.0,1,-0.0,False,False,False,False,False,0,0,1,0,1,0,1,0,0,0,1
baseline,S_0054692,1,1,1,0,1,0,0.0,1.0,0.0,1,-0.0,False,False,False,False,False,0,0,1,0,1,0,1,0,0,0,1
baseline,S_0054695,1,1,1,0,1,0,0.0,1.0,0.0,1,-0.0,False,False,False,False,False,0,0,1,0,1,0,1,0,0,0,1
baseline,S_0054702,1,1,1,0,1,0,0.0,1.0,0.0,1,-0.0,False,False,False,False,False,0,0,1,0,1,0,1,0,0,0,1
baseline,S_0054704,1,1,1,0,1,0,0.0,1.0,0.0,1,-0.0,False,False,False,False,False,0,0,1,0,1,0,1,0,0,0,1
baseline,S_0054707,1,1,1,0,1,0,0.0,1.0,0.0,1,-0.0,False,False,False,False,False,0,0,1,0,1,0,1,0,0,0,1
baseline,S_0054721,1,1,1,0,1,0,0.0,1.0,0.0,1,-0.0,False,False,False,False,False,0,0,1,0,1,0,1,0,0,0,1
baseline,S_0054732,1,1,1,0,1,0,0.0,1.0,0.0,1,-0.0,False,False,False,False,False,0,0,1,0,1,0,1,0,0,0,1
baseline,S_0054733,1,1,1,0,1,0,0.0,1.0,0.0,1,-0.0,False,False,False,False,False,0,0,1,0,1,0,1,0,0,0,1
baseline,S_0054737,1,1,1,0,1,0,0.0,1.0,0.0,1,-0.0,False,False,False,False,False,0,0,1,0,1,0,1,0,0,0,1
baseline,S_0054740,1,1,1,0,1,0,0.0,1.0,0.0,1,-0.0,False,False,False,False,False,0,0,1,0,1,0,1,0,0,0,1
baseline,S_0054792,1,1,1,0,1,0,0.0,1.0,0.0,1,-0.0,False,False,False,False,False,0,0,1,0,1,1,0,0,0,0,1
baseline,S_0054810,4,4,3,2,0,2,0.5,0.0,0.5,2,0.6309297535714574,False,True,True,False,False,0,0,1,3,2,2,0,0,1,1,3
baseline,S_0054812,1,1,1,1,0,0,1.0,0.0,0.0,1,-0.0,False,False,False,False,False,0,0,1,0,1,1,0,0,0,0,1
baseline,S_0054820,1,1,1,1,0,0,1.0,0.0,0.0,1,-0.0,False,False,False,False,False,0,0,1,0,1,0,1,0,0,0,1
baseline,S_0054824,1,1,1,1,0,0,1.0,0.0,0.0,1,-0.0,False,False,False,False,False,0,0,1,0,1,1,0,0,0,0,1
baseline,S_0054839,1,1,1,0,1,0,0.0,1.0,0.0,1,-0.0,False,False,False,False,False,0,0,0,1,1,0,0,0,0,1,1
baseline,S_0054855,2,2,2,0,1,1,0.0,0.5,0.5,2,0.6309297535714574,False,True,False,False,False,0,1,1,0,2,2,0,0,0,0,1
baseline,S_0054856,5,5,4,0,4,1,0.0,0.8,0.2,2,0.4554859150035952,True,True,True,True,False,0,0,0,5,1,0,1,0,2,2,3
baseline,S_0054857,1,1,1,0,1,0,0.0,1.0,0.0,1,-0.0,False,False,False,False,False,0,0,0,1,1,0,0,0,0,1,1
baseline,S_0054858,2,2,1,0,2,0,0.0,1.0,0.0,1,-0.0,False,True,False,False,False,0,0,2,0,1,0,0,0,0,2,1
baseline,S_0054886,1,1,1,0,1,0,0.0,1.0,0.0,1,-0.0,False,False,False,False,False,0,0,1,0,1,1,0,0,0,0,1
baseline,S_0054887,1,1,1,0,1,0,0.0,1.0,0.0,1,-0.0,False,False,False,False,False,0,0,1,0,1,1,0,0,0,0,1
baseline,S_0054894,1,1,1,1,0,0,1.0,0.0,0.0,1,-0.0,False,False,False,False,False,0,0,1,0,1,0,1,0,0,0,1
baseline,S_0054905,3,3,1,1,2,0,0.3333333333333333,0.6666666666666666,0.0,2,0.5793801642856949,False,True,True,False,False,0,0,3,0,1,2,0,0,0,1,2
baseline,S_0054915,1,1,1,1,0,0,1.0,0.0,0.0,1,-0.0,False,False,False,False,False,0,0,1,0,1,0,1,0,0,0,1
baseline,S_0054923,1,1,1,1,0,0,1.0,0.0,0.0,1,-0.0,False,False,False,False,False,0,0,1,0,1,0,1,0,0,0,1
baseline,S_0054932,1,1,1,1,0,0,1.0,0.0,0.0,1,-0.0,False,False,False,False,False,0,0,1,0,1,0,1,0,0,0,1
baseline,S_0054964,3,2,3,1,1,0,0.5,0.5,0.0,2,0.6309297535714574,False,True,False,False,False,0,0,0,2,1,1,0,0,0,1,2
baseline,S_0054968,3,2,3,1,1,0,0.5,0.5,0.0,2,0.6309297535714574,False,True,False,False,False,0,0,0,2,1,1,0,0,0,1,2
baseline,S_0054978,2,2,1,0,1,1,0.0,0.5,0.5,2,0.6309297535714574,False,True,False,False,False,0,0,2,0,1,0,1,0,1,0,2
baseline,S_0054980,1,1,1,0,1,0,0.0,1.0,0.0,1,-0.0,False,False,False,False,False,0,0,1,0,1,0,0,0,1,0,1
baseline,S_0055109,1,1,1,0,0,1,0.0,0.0,1.0,1,-0.0,False,False,False,False,False,1,0,0,0,1,1,0,0,0,0,1
baseline,S_0055110,2,2,2,0,0,2,0.0,0.0,1.0,1,-0.0,False,True,False,False,False,1,0,0,1,2,1,1,0,0,0,2
baseline,S_0055115,1,1,1,0,1,0,0.0,1.0,0.0,1,-0.0,False,False,False,False,False,0,0,0,1,1,0,0,0,0,1,1
baseline,S_0055121,1,1,1,0,1,0,0.0,1.0,0.0,1,-0.0,False,False,False,False,False,0,0,0,1,1,0,0,0,0,1,1
baseline,S_0055142,3,3,2,2,1,0,0.6666666666666666,0.3333333333333333,0.0,2,0.5793801642856949,False,True,True,False,False,0,0,0,3,1,1,0,1,1,0,3
baseline,S_0055149,2,2,1,2,0,0,1.0,0.0,0.0,1,-0.0,False,True,False,False,False,0,0,0,2,1,1,0,0,1,0,2
baseline,S_0055167,2,2,1,0,2,0,0.0,1.0,0.0,1,-0.0,False,True,False,False,False,0,0,2,0,1,1,0,0,1,0,2
baseline,S_0055168,2,2,1,0,2,0,0.0,1.0,0.0,1,-0.0,False,True,False,False,False,0,0,2,0,1,1,0,0,1,0,2
baseline,S_0055172,2,2,1,0,2,0,0.0,1.0,0.0,1,-0.0,False,True,False,False,False,0,0,2,0,1,1,0,0,1,0,2
baseline,S_0055182,2,2,1,0,2,0,0.0,1.0,0.0,1,-0.0,False,True,False,False,False,0,0,2,0,1,1,0,0,1,0,2
baseline,S_0055198,1,1,1,0,1,0,0.0,1.0,0.0,1,-0.0,False,False,False,False,False,0,0,1,0,1,0,0,1,0,0,1
baseline,S_0055207,1,1,1,0,1,0,0.0,1.0,0.0,1,-0.0,False,False,False,False,False,0,1,0,0,1,1,0,0,0,0,1
baseline,S_0055241,1,1,1,0,0,1,0.0,0.0,1.0,1,-0.0,False,False,False,False,False,0,0,1,0,1,0,0,1,0,0,1
baseline,S_0055246,1,1,1,0,1,0,0.0,1.0,0.0,1,-0.0,False,False,False,False,False,0,0,0,1,1,1,0,0,0,0,1
baseline,S_0055252,1,1,1,0,1,0,0.0,1.0,0.0,1,-0.0,False,False,False,False,False,0,0,1,0,1,0,0,0,0,1,1
baseline,S_0055254,1,1,1,0,1,0,0.0,1.0,0.0,1,-0.0,False,False,False,False,False,0,0,1,0,1,0,0,0,0,1,1
baseline,S_0055255,1,1,1,0,1,0,0.0,1.0,0.0,1,-0.0,False,False,False,False,False,0,0,1,0,1,0,0,0,0,1,1
baseline,S_0055256,1,1,1,0,1,0,0.0,1.0,0.0,1,-0.0,False,False,False,False,False,0,0,1,0,1,0,0,0,0,1,1
baseline,S_0055271,1,1,1,0,0,1,0.0,0.0,1.0,1,-0.0,False,False,False,False,False,0,0,1,0,1,1,0,0,0,0,1
baseline,S_0055293,1,1,1,0,1,0,0.0,1.0,0.0,1,-0.0,False,False,False,False,False,0,0,1,0,1,0,0,0,1,0,1
baseline,S_0055296,1,1,1,0,1,0,0.0,1.0,0.0,1,-0.0,False,False,False,False,False,0,0,1,0,1,0,1,0,0,0,1
baseline,S_0055298,1,1,1,0,1,0,0.0,1.0,0.0,1,-0.0,False,False,False,False,False,0,0,1,0,1,0,1,0,0,0,1
baseline,S_0055320,1,1,1,0,1,0,0.0,1.0,0.0,1,-0.0,False,False,False,False,False,0,0,1,0,1,0,0,1,0,0,1
baseline,S_0055321,1,1,1,0,1,0,0.0,1.0,0.0,1,-0.0,False,False,False,False,False,0,0,1,0,1,0,0,1,0,0,1
baseline,S_0055346,1,1,1,0,1,0,0.0,1.0,0.0,1,-0.0,False,False,False,False,False,0,0,1,0,1,0,1,0,0,0,1
baseline,S_0055383,1,1,1,0,1,0,0.0,1.0,0.0,1,-0.0,False,False,False,False,False,0,0,1,0,1,0,0,0,0,1,1
baseline,S_0055400,3,2,3,2,0,0,1.0,0.0,0.0,1,-0.0,False,True,False,False,False,0,0,1,1,2,0,1,0,1,0,2
baseline,S_0055411,1,1,1,1,0,0,1.0,0.0,0.0,1,-0.0,False,False,False,False,False,0,0,1,0,1,1,0,0,0,0,1
baseline,S_0055419,1,1,1,0,1,0,0.0,1.0,0.0,1,-0.0,False,False,False,False,False,0,0,0,1,1,1,0,0,0,0,1
baseline,S_0055420,1,1,1,0,1,0,0.0,1.0,0.0,1,-0.0,False,False,False,False,False,0,0,0,1,1,1,0,0,0,0,1
baseline,S_0055428,2,2,2,0,1,1,0.0,0.5,0.5,2,0.6309297535714574,False,True,False,False,False,0,0,2,0,1,0,1,0,1,0,2
baseline,S_0055430,2,2,2,0,1,1,0.0,0.5,0.5,2,0.6309297535714574,False,True,False,False,False,0,0,2,0,1,0,1,0,1,0,2
baseline,S_0055459,1,1,1,0,1,0,0.0,1.0,0.0,1,-0.0,False,False,False,False,False,0,1,0,0,1,0,0,0,1,0,1
baseline,S_0055460,1,1,1,0,1,0,0.0,1.0,0.0,1,-0.0,False,False,False,False,False,0,1,0,0,1,0,0,0,1,0,1
baseline,S_0055489,1,1,1,1,0,0,1.0,0.0,0.0,1,-0.0,False,False,False,False,False,0,0,0,1,1,0,0,0,0,1,1
baseline,S_0055495,1,1,1,0,1,0,0.0,1.0,0.0,1,-0.0,False,False,False,False,False,0,0,0,1,1,1,0,0,0,0,1
baseline,S_0055516,1,1,1,0,1,0,0.0,1.0,0.0,1,-0.0,False,False,False,False,False,0,0,0,1,1,1,0,0,0,0,1
baseline,S_0055518,1,1,1,0,1,0,0.0,1.0,0.0,1,-0.0,False,False,False,False,False,0,0,0,1,1,1,0,0,0,0,1
baseline,S_0055521,1,1,1,0,0,1,0.0,0.0,1.0,1,-0.0,False,False,False,False,False,0,0,1,0,1,0,0,0,1,0,1
baseline,S_0055522,1,1,1,0,0,1,0.0,0.0,1.0,1,-0.0,False,False,False,False,False,0,0,1,0,1,0,0,0,1,0,1
baseline,S_0055524,1,1,1,0,0,1,0.0,0.0,1.0,1,-0.0,False,False,False,False,False,0,0,1,0,1,0,0,0,1,0,1
baseline,S_0055529,1,1,1,0,1,0,0.0,1.0,0.0,1,-0.0,False,False,False,False,False,0,0,1,0,1,0,1,0,0,0,1
baseline,S_0055543,1,1,1,0,1,0,0.0,1.0,0.0,1,-0.0,False,False,False,False,False,0,0,1,0,1,0,0,0,1,0,1
baseline,S_0055548,2,2,2,2,0,0,1.0,0.0,0.0,1,-0.0,False,True,False,False,False,0,0,0,2,1,0,1,0,1,0,2
baseline,S_0055585,1,1,1,0,1,0,0.0,1.0,0.0,1,-0.0,False,False,False,False,False,0,0,1,0,1,0,0,0,0,1,1
baseline,S_0055591,1,1,1,1,0,0,1.0,0.0,0.0,1,-0.0,False,False,False,False,False,0,0,1,0,1,0,1,0,0,0,1
baseline,S_0055619,10,6,8,0,5,1,0.0,0.8333333333333334,0.16666666666666666,2,0.41011848630651804,True,True,True,True,False,0,0,0,6,1,0,1,0,3,2,3
baseline,S_0055631,1,1,1,0,1,0,0.0,1.0,0.0,1,-0.0,False,False,False,False,False,0,0,1,0,1,0,1,0,0,0,1
baseline,S_0055642,2,2,2,1,1,0,0.5,0.5,0.0,2,0.6309297535714574,False,True,False,False,False,0,1,1,0,2,2,0,0,0,0,1
baseline,S_0055649,1,1,1,0,1,0,0.0,1.0,0.0,1,-0.0,False,False,False,False,False,0,1,0,0,1,1,0,0,0,0,1
baseline,S_0055650,2,2,1,1,1,0,0.5,0.5,0.0,2,0.6309297535714574,False,True,False,False,False,0,0,0,2,1,1,0,0,1,0,2
baseline,S_0055651,3,3,2,1,2,0,0.3333333333333333,0.6666666666666666,0.0,2,0.5793801642856949,False,True,True,False,False,0,0,0,3,1,1,1,0,1,0,3
baseline,S_0055652,3,3,2,1,2,0,0.3333333333333333,0.6666666666666666,0.0,2,0.5793801642856949,False,True,True,False,False,0,0,0,3,1,1,1,0,1,0,3
baseline,S_0055653,3,3,2,1,2,0,0.3333333333333333,0.6666666666666666,0.0,2,0.5793801642856949,False,True,True,False,False,0,0,0,3,1,1,1,0,1,0,3
baseline,S_0055654,1,1,1,0,1,0,0.0,1.0,0.0,1,-0.0,False,False,False,False,False,0,1,0,0,1,1,0,0,0,0,1
baseline,S_0055656,1,1,1,0,1,0,0.0,1.0,0.0,1,-0.0,False,False,False,False,False,0,1,0,0,1,1,0,0,0,0,1
baseline,S_0055677,1,1,1,1,0,0,1.0,0.0,0.0,1,-0.0,False,False,False,False,False,0,0,1,0,1,0,1,0,0,0,1
baseline,S_0055741,1,1,1,1,0,0,1.0,0.0,0.0,1,-0.0,False,False,False,False,False,0,0,0,1,1,1,0,0,0,0,1
baseline,S_0055747,1,1,1,0,1,0,0.0,1.0,0.0,1,-0.0,False,False,False,False,False,0,0,0,1,1,0,1,0,0,0,1
baseline,S_0055748,1,1,1,0,1,0,0.0,1.0,0.0,1,-0.0,False,False,False,False,False,0,0,0,1,1,0,1,0,0,0,1
baseline,S_0055749,2,2,2,0,1,1,0.0,0.5,0.5,2,0.6309297535714574,False,True,False,False,False,0,0,0,2,1,0,2,0,0,0,1
baseline,S_0055771,3,3,2,1,2,0,0.3333333333333333,0.6666666666666666,0.0,2,0.5793801642856949,False,True,True,False,False,0,0,0,3,1,1,1,0,1,0,3
baseline,S_0055775,1,1,1,0,1,0,0.0,1.0,0.0,1,-0.0,False,False,False,False,False,0,0,0,1,1,1,0,0,0,0,1
baseline,S_0055788,3,3,3,0,2,1,0.0,0.6666666666666666,0.3333333333333333,2,0.5793801642856949,False,True,True,False,False,0,0,0,3,1,1,1,0,1,0,3
baseline,S_0055793,1,1,1,0,1,0,0.0,1.0,0.0,1,-0.0,False,False,False,False,False,0,0,0,1,1,0,0,0,1,0,1
baseline,S_0055794,1,1,1,0,1,0,0.0,1.0,0.0,1,-0.0,False,False,False,False,False,0,0,0,1,1,0,0,0,1,0,1
baseline,S_0055801,1,1,1,0,1,0,0.0,1.0,0.0,1,-0.0,False,False,False,False,False,0,0,0,1,1,0,0,0,1,0,1
baseline,S_0055825,1,1,1,0,1,0,0.0,1.0,0.0,1,-0.0,False,False,False,False,False,0,1,0,0,1,1,0,0,0,0,1
baseline,S_0055829,1,1,1,0,1,0,0.0,1.0,0.0,1,-0.0,False,False,False,False,False,0,1,0,0,1,1,0,0,0,0,1
baseline,S_0055831,1,1,1,0,1,0,0.0,1.0,0.0,1,-0.0,False,False,False,False,False,0,1,0,0,1,1,0,0,0,0,1
baseline,S_0055856,1,1,1,0,1,0,0.0,1.0,0.0,1,-0.0,False,False,False,False,False,0,0,1,0,1,0,1,0,0,0,1
baseline,S_0055868,5,5,4,0,4,1,0.0,0.8,0.2,2,0.4554859150035952,True,True,True,True,False,0,0,0,5,1,0,1,0,2,2,3
baseline,S_0055899,1,1,1,0,1,0,0.0,1.0,0.0,1,-0.0,False,False,False,False,False,0,0,1,0,1,0,1,0,0,0,1
baseline,S_0055967,2,2,1,1,1,0,0.5,0.5,0.0,2,0.6309297535714574,False,True,False,False,False,0,0,2,0,1,1,0,1,0,0,2
baseline,S_0055968,2,2,2,0,2,0,0.0,1.0,0.0,1,-0.0,False,True,False,False,False,0,0,0,2,1,1,1,0,0,0,2
baseline,S_0055970,2,2,2,2,0,0,1.0,0.0,0.0,1,-0.0,False,True,False,False,False,0,0,0,2,1,0,1,0,1,0,2
baseline,S_0056000,1,1,1,0,1,0,0.0,1.0,0.0,1,-0.0,False,False,False,False,False,0,0,1,0,1,0,0,0,0,1,1
baseline,S_0056003,2,2,2,1,1,0,0.5,0.5,0.0,2,0.6309297535714574,False,True,False,False,False,0,0,0,2,1,0,0,0,1,1,2
baseline,S_0056005,2,2,2,1,1,0,0.5,0.5,0.0,2,0.6309297535714574,False,True,False,False,False,0,0,0,2,1,0,0,0,1,1,2
baseline,S_0056007,2,2,2,1,1,0,0.5,0.5,0.0,2,0.6309297535714574,False,True,False,False,False,0,0,0,2,1,0,0,0,1,1,2
baseline,S_0056009,4,2,4,1,1,0,0.5,0.5,0.0,2,0.6309297535714574,False,True,False,False,False,0,0,0,2,1,0,0,0,1,1,2
baseline,S_0056020,1,1,1,1,0,0,1.0,0.0,0.0,1,-0.0,False,False,False,False,False,0,0,0,1,1,1,0,0,0,0,1
baseline,S_0056097,3,2,3,0,2,0,0.0,1.0,0.0,1,-0.0,False,True,False,False,False,0,0,1,1,2,1,0,0,1,0,2
baseline,S_0056106,1,1,1,0,1,0,0.0,1.0,0.0,1,-0.0,False,False,False,False,False,0,0,1,0,1,1,0,0,0,0,1
baseline,S_0056110,1,1,1,0,1,0,0.0,1.0,0.0,1,-0.0,False,False,False,False,False,0,0,1,0,1,0,0,0,1,0,1
baseline,S_0056166,2,1,2,1,0,0,1.0,0.0,0.0,1,-0.0,False,False,False,False,False,0,0,0,1,1,1,0,0,0,0,1
baseline,S_0056167,1,1,1,1,0,0,1.0,0.0,0.0,1,-0.0,False,False,False,False,False,0,0,0,1,1,1,0,0,0,0,1
baseline,S_0056169,1,1,1,1,0,0,1.0,0.0,0.0,1,-0.0,False,False,False,False,False,0,0,0,1,1,1,0,0,0,0,1
baseline,S_0056243,2,2,2,1,1,0,0.5,0.5,0.0,2,0.6309297535714574,False,True,False,False,False,0,0,0,2,1,0,1,0,1,0,2
baseline,S_0056258,1,1,1,0,1,0,0.0,1.0,0.0,1,-0.0,False,False,False,False,False,0,0,1,0,1,0,1,0,0,0,1
baseline,S_0056269,2,2,1,1,1,0,0.5,0.5,0.0,2,0.6309297535714574,False,True,False,False,False,0,0,2,0,1,1,0,1,0,0,2
baseline,S_0056270,2,2,2,0,2,0,0.0,1.0,0.0,1,-0.0,False,True,False,False,False,0,0,0,2,1,1,1,0,0,0,2
baseline,S_0056295,2,2,2,1,1,0,0.5,0.5,0.0,2,0.6309297535714574,False,True,False,False,False,0,1,1,0,2,1,0,0,0,1,2
baseline,S_0056378,4,4,2,1,2,1,0.25,0.5,0.25,3,0.946394630357186,False,True,True,False,False,0,0,2,2,2,1,2,1,0,0,3
baseline,S_0056379,2,2,2,0,2,0,0.0,1.0,0.0,1,-0.0,False,True,False,False,False,1,0,1,0,2,1,1,0,0,0,2
baseline,S_0056380,4,4,2,0,3,1,0.0,0.75,0.25,2,0.5118595071429147,False,True,True,False,False,0,0,3,1,2,1,2,1,0,0,3
baseline,S_0056382,1,1,1,1,0,0,1.0,0.0,0.0,1,-0.0,False,False,False,False,False,0,1,0,0,1,0,0,1,0,0,1
baseline,S_0056383,4,4,2,1,2,1,0.25,0.5,0.25,3,0.946394630357186,False,True,True,False,False,0,0,2,2,2,1,2,1,0,0,3
baseline,S_0056385,1,1,1,1,0,0,1.0,0.0,0.0,1,-0.0,False,False,False,False,False,0,0,1,0,1,1,0,0,0,0,1
baseline,S_0056386,1,1,1,1,0,0,1.0,0.0,0.0,1,-0.0,False,False,False,False,False,0,0,1,0,1,1,0,0,0,0,1
baseline,S_0056403,2,2,1,2,0,0,1.0,0.0,0.0,1,-0.0,False,True,False,False,False,0,0,2,0,1,2,0,0,0,0,1
baseline,S_0056404,1,1,1,1,0,0,1.0,0.0,0.0,1,-0.0,False,False,False,False,False,0,0,0,1,1,1,0,0,0,0,1
baseline,S_0056405,3,3,3,1,2,0,0.3333333333333333,0.6666666666666666,0.0,2,0.5793801642856949,False,True,True,False,False,0,0,0,3,1,1,1,0,0,1,3
baseline,S_0056406,3,3,3,1,2,0,0.3333333333333333,0.6666666666666666,0.0,2,0.5793801642856949,False,True,True,False,False,0,0,0,3,1,1,1,0,0,1,3
baseline,S_0056407,1,1,1,1,0,0,1.0,0.0,0.0,1,-0.0,False,False,False,False,False,0,0,0,1,1,1,0,0,0,0,1
baseline,S_0056408,2,2,1,2,0,0,1.0,0.0,0.0,1,-0.0,False,True,False,False,False,0,0,2,0,1,2,0,0,0,0,1
baseline,S_0056409,1,1,1,1,0,0,1.0,0.0,0.0,1,-0.0,False,False,False,False,False,0,0,0,1,1,1,0,0,0,0,1
baseline,S_0056410,2,2,1,2,0,0,1.0,0.0,0.0,1,-0.0,False,True,False,False,False,0,0,2,0,1,2,0,0,0,0,1
baseline,S_0056411,4,3,4,1,2,0,0.3333333333333333,0.6666666666666666,0.0,2,0.5793801642856949,False,True,True,False,False,0,0,0,3,1,1,1,0,0,1,3
baseline,S_0056413,4,3,4,1,2,0,0.3333333333333333,0.6666666666666666,0.0,2,0.5793801642856949,False,True,True,False,False,0,0,0,3,1,1,1,0,0,1,3
baseline,S_0056414,2,2,1,2,0,0,1.0,0.0,0.0,1,-0.0,False,True,False,False,False,0,0,2,0,1,2,0,0,0,0,1
baseline,S_0056415,2,2,1,2,0,0,1.0,0.0,0.0,1,-0.0,False,True,False,False,False,0,0,2,0,1,2,0,0,0,0,1
baseline,S_0056416,4,3,4,1,2,0,0.3333333333333333,0.6666666666666666,0.0,2,0.5793801642856949,False,True,True,False,False,0,0,0,3,1,1,1,0,0,1,3
baseline,S_0056417,2,2,1,2,0,0,1.0,0.0,0.0,1,-0.0,False,True,False,False,False,0,0,2,0,1,2,0,0,0,0,1
baseline,S_0056418,2,2,1,2,0,0,1.0,0.0,0.0,1,-0.0,False,True,False,False,False,0,0,2,0,1,2,0,0,0,0,1
baseline,S_0056419,2,2,1,2,0,0,1.0,0.0,0.0,1,-0.0,False,True,False,False,False,0,0,2,0,1,2,0,0,0,0,1
baseline,S_0056420,2,2,1,2,0,0,1.0,0.0,0.0,1,-0.0,False,True,False,False,False,0,0,2,0,1,2,0,0,0,0,1
baseline,S_0056421,2,2,1,2,0,0,1.0,0.0,0.0,1,-0.0,False,True,False,False,False,0,0,2,0,1,2,0,0,0,0,1
baseline,S_0056422,1,1,1,1,0,0,1.0,0.0,0.0,1,-0.0,False,False,False,False,False,0,0,1,0,1,1,0,0,0,0,1
baseline,S_0056423,1,1,1,0,1,0,0.0,1.0,0.0,1,-0.0,False,False,False,False,False,0,0,0,1,1,1,0,0,0,0,1
baseline,S_0056424,1,1,1,0,1,0,0.0,1.0,0.0,1,-0.0,False,False,False,False,False,0,0,0,1,1,1,0,0,0,0,1
baseline,S_0056425,1,1,1,0,1,0,0.0,1.0,0.0,1,-0.0,False,False,False,False,False,0,0,0,1,1,1,0,0,0,0,1
baseline,S_0056426,1,1,1,0,1,0,0.0,1.0,0.0,1,-0.0,False,False,False,False,False,0,0,0,1,1,1,0,0,0,0,1
baseline,S_0056446,1,1,1,0,1,0,0.0,1.0,0.0,1,-0.0,False,False,False,False,False,0,0,1,0,1,1,0,0,0,0,1
baseline,S_0056447,1,1,1,0,1,0,0.0,1.0,0.0,1,-0.0,False,False,False,False,False,0,0,1,0,1,1,0,0,0,0,1
baseline,S_0056448,1,1,1,0,1,0,0.0,1.0,0.0,1,-0.0,False,False,False,False,False,0,0,1,0,1,1,0,0,0,0,1
baseline,S_0056449,1,1,1,0,1,0,0.0,1.0,0.0,1,-0.0,False,False,False,False,False,0,0,1,0,1,1,0,0,0,0,1
baseline,S_0056451,1,1,1,0,1,0,0.0,1.0,0.0,1,-0.0,False,False,False,False,False,0,0,1,0,1,1,0,0,0,0,1
baseline,S_0056453,1,1,1,0,1,0,0.0,1.0,0.0,1,-0.0,False,False,False,False,False,0,0,1,0,1,1,0,0,0,0,1
baseline,S_0056454,1,1,1,0,1,0,0.0,1.0,0.0,1,-0.0,False,False,False,False,False,0,0,1,0,1,1,0,0,0,0,1
baseline,S_0056456,1,1,1,0,1,0,0.0,1.0,0.0,1,-0.0,False,False,False,False,False,0,0,1,0,1,1,0,0,0,0,1
baseline,S_0056459,1,1,1,0,1,0,0.0,1.0,0.0,1,-0.0,False,False,False,False,False,0,0,1,0,1,1,0,0,0,0,1
baseline,S_0056460,1,1,1,0,1,0,0.0,1.0,0.0,1,-0.0,False,False,False,False,False,0,0,1,0,1,1,0,0,0,0,1
baseline,S_0056462,2,2,1,0,2,0,0.0,1.0,0.0,1,-0.0,False,True,False,False,False,0,0,2,0,1,1,0,0,1,0,2
baseline,S_0056463,2,2,1,0,2,0,0.0,1.0,0.0,1,-0.0,False,True,False,False,False,0,0,2,0,1,1,0,0,1,0,2
baseline,S_0056465,1,1,1,0,1,0,0.0,1.0,0.0,1,-0.0,False,False,False,False,False,0,0,1,0,1,1,0,0,0,0,1
baseline,S_0056466,1,1,1,0,1,0,0.0,1.0,0.0,1,-0.0,False,False,False,False,False,0,0,1,0,1,0,0,0,1,0,1
baseline,S_0056467,2,2,1,0,2,0,0.0,1.0,0.0,1,-0.0,False,True,False,False,False,0,0,2,0,1,1,0,0,1,0,2
baseline,S_0056468,1,1,1,0,1,0,0.0,1.0,0.0,1,-0.0,False,False,False,False,False,0,0,1,0,1,1,0,0,0,0,1
baseline,S_0056469,1,1,1,0,1,0,0.0,1.0,0.0,1,-0.0,False,False,False,False,False,0,0,1,0,1,1,0,0,0,0,1
baseline,S_0056477,1,1,1,0,1,0,0.0,1.0,0.0,1,-0.0,False,False,False,False,False,0,1,0,0,1,1,0,0,0,0,1
baseline,S_0056478,1,1,1,0,1,0,0.0,1.0,0.0,1,-0.0,False,False,False,False,False,0,1,0,0,1,1,0,0,0,0,1
baseline,S_0056479,1,1,1,0,1,0,0.0,1.0,0.0,1,-0.0,False,False,False,False,False,0,1,0,0,1,1,0,0,0,0,1
baseline,S_0056480,1,1,1,0,1,0,0.0,1.0,0.0,1,-0.0,False,False,False,False,False,0,1,0,0,1,1,0,0,0,0,1
baseline,S_0056482,1,1,1,0,1,0,0.0,1.0,0.0,1,-0.0,False,False,False,False,False,0,1,0,0,1,1,0,0,0,0,1
baseline,S_0056484,1,1,1,1,0,0,1.0,0.0,0.0,1,-0.0,False,False,False,False,False,0,0,1,0,1,1,0,0,0,0,1
baseline,S_0056491,1,1,1,0,1,0,0.0,1.0,0.0,1,-0.0,False,False,False,False,False,0,0,1,0,1,0,1,0,0,0,1
baseline,S_0056494,1,1,1,0,1,0,0.0,1.0,0.0,1,-0.0,False,False,False,False,False,0,0,1,0,1,0,1,0,0,0,1
baseline,S_0056507,1,1,1,0,1,0,0.0,1.0,0.0,1,-0.0,False,False,False,False,False,0,1,0,0,1,1,0,0,0,0,1
baseline,S_0056508,1,1,1,0,1,0,0.0,1.0,0.0,1,-0.0,False,False,False,False,False,0,1,0,0,1,1,0,0,0,0,1
baseline,S_0056512,2,2,1,0,2,0,0.0,1.0,0.0,1,-0.0,False,True,False,False,False,0,0,2,0,1,1,0,0,1,0,2
baseline,S_0056513,2,2,1,0,2,0,0.0,1.0,0.0,1,-0.0,False,True,False,False,False,0,0,2,0,1,1,0,0,1,0,2
baseline,S_0056515,2,2,2,0,1,1,0.0,0.5,0.5,2,0.6309297535714574,False,True,False,False,False,0,1,1,0,2,1,0,0,1,0,2
baseline,S_0056522,1,1,1,0,1,0,0.0,1.0,0.0,1,-0.0,False,False,False,False,False,0,0,1,0,1,0,0,0,1,0,1
baseline,S_0056528,1,1,1,0,1,0,0.0,1.0,0.0,1,-0.0,False,False,False,False,False,0,0,1,0,1,0,0,0,1,0,1
baseline,S_0056530,1,1,1,0,1,0,0.0,1.0,0.0,1,-0.0,False,False,False,False,False,0,0,1,0,1,0,0,0,1,0,1
baseline,S_0056576,2,2,1,1,1,0,0.5,0.5,0.0,2,0.6309297535714574,False,True,False,False,False,0,0,0,2,1,1,0,0,1,0,2
baseline,S_0056581,1,1,1,0,1,0,0.0,1.0,0.0,1,-0.0,False,False,False,False,False,0,1,0,0,1,1,0,0,0,0,1
baseline,S_0056586,1,1,1,0,1,0,0.0,1.0,0.0,1,-0.0,False,False,False,False,False,0,0,1,0,1,1,0,0,0,0,1
baseline,S_0056588,1,1,1,0,1,0,0.0,1.0,0.0,1,-0.0,False,False,False,False,False,0,0,1,0,1,1,0,0,0,0,1
baseline,S_0056589,1,1,1,0,1,0,0.0,1.0,0.0,1,-0.0,False,False,False,False,False,0,0,1,0,1,1,0,0,0,0,1
baseline,S_0056590,1,1,1,0,1,0,0.0,1.0,0.0,1,-0.0,False,False,False,False,False,0,0,1,0,1,0,1,0,0,0,1
baseline,S_0056591,1,1,1,0,1,0,0.0,1.0,0.0,1,-0.0,False,False,False,False,False,0,0,1,0,1,0,1,0,0,0,1
baseline,S_0056592,2,2,1,0,2,0,0.0,1.0,0.0,1,-0.0,False,True,False,False,False,0,0,2,0,1,0,1,0,1,0,2
baseline,S_0056593,2,2,1,0,2,0,0.0,1.0,0.0,1,-0.0,False,True,False,False,False,0,0,2,0,1,0,1,0,1,0,2
baseline,S_0056597,5,5,3,3,2,0,0.6,0.4,0.0,2,0.6126016192893442,True,True,True,True,False,0,0,0,5,1,2,0,1,1,1,4
baseline,S_0056598,2,2,1,1,1,0,0.5,0.5,0.0,2,0.6309297535714574,False,True,False,False,False,0,0,0,2,1,1,0,0,1,0,2
baseline,S_0056599,1,1,1,0,1,0,0.0,1.0,0.0,1,-0.0,False,False,False,False,False,0,0,0,1,1,0,0,0,0,1,1
baseline,S_0056606,4,4,2,3,1,0,0.75,0.25,0.0,2,0.5118595071429147,False,True,True,False,False,0,0,0,4,1,2,0,1,1,0,3
baseline,S_0056609,1,1,1,0,1,0,0.0,1.0,0.0,1,-0.0,False,False,False,False,False,0,0,1,0,1,1,0,0,0,0,1
baseline,S_0056610,2,2,1,2,0,0,1.0,0.0,0.0,1,-0.0,False,True,False,False,False,0,0,0,2,1,1,0,0,1,0,2
baseline,S_0056611,1,1,1,0,1,0,0.0,1.0,0.0,1,-0.0,False,False,False,False,False,0,0,1,0,1,1,0,0,0,0,1
baseline,S_0056612,1,1,1,0,1,0,0.0,1.0,0.0,1,-0.0,False,False,False,False,False,0,0,1,0,1,1,0,0,0,0,1
baseline,S_0056613,1,1,1,0,1,0,0.0,1.0,0.0,1,-0.0,False,False,False,False,False,0,0,1,0,1,1,0,0,0,0,1
baseline,S_0056617,1,1,1,0,1,0,0.0,1.0,0.0,1,-0.0,False,False,False,False,False,0,0,1,0,1,1,0,0,0,0,1
baseline,S_0056620,1,1,1,0,0,1,0.0,0.0,1.0,1,-0.0,False,False,False,False,False,0,0,0,1,1,0,1,0,0,0,1
baseline,S_0056622,1,1,1,0,1,0,0.0,1.0,0.0,1,-0.0,False,False,False,False,False,0,0,1,0,1,1,0,0,0,0,1
baseline,S_0056625,1,1,1,0,1,0,0.0,1.0,0.0,1,-0.0,False,False,False,False,False,0,0,1,0,1,1,0,0,0,0,1
baseline,S_0056633,1,1,1,0,0,1,0.0,0.0,1.0,1,-0.0,False,False,False,False,False,0,0,0,1,1,1,0,0,0,0,1
baseline,S_0056692,8,4,6,3,1,0,0.75,0.25,0.0,2,0.5118595071429147,False,True,True,False,False,0,0,0,4,1,2,0,1,1,0,3
baseline,S_0056693,1,1,1,1,0,0,1.0,0.0,0.0,1,-0.0,False,False,False,False,False,0,0,0,1,1,1,0,0,0,0,1
baseline,S_0056694,1,1,1,1,0,0,1.0,0.0,0.0,1,-0.0,False,False,False,False,False,0,0,0,1,1,1,0,0,0,0,1
baseline,S_0056696,3,3,2,2,1,0,0.6666666666666666,0.3333333333333333,0.0,2,0.5793801642856949,False,True,True,False,False,0,0,0,3,1,1,0,1,1,0,3
baseline,S_0056737,2,2,1,0,0,2,0.0,0.0,1.0,1,-0.0,False,True,False,False,False,0,0,2,0,1,0,0,0,2,0,1
baseline,S_0056743,1,1,1,0,1,0,0.0,1.0,0.0,1,-0.0,False,False,False,False,False,0,0,0,1,1,0,1,0,0,0,1
baseline,S_0056745,1,1,1,0,1,0,0.0,1.0,0.0,1,-0.0,False,False,False,False,False,0,0,0,1,1,0,1,0,0,0,1
baseline,S_0056767,1,1,1,0,1,0,0.0,1.0,0.0,1,-0.0,False,False,False,False,False,0,0,1,0,1,0,0,0,1,0,1
baseline,S_0056769,1,1,1,0,1,0,0.0,1.0,0.0,1,-0.0,False,False,False,False,False,0,0,1,0,1,0,0,0,1,0,1
baseline,S_0056786,1,1,1,0,1,0,0.0,1.0,0.0,1,-0.0,False,False,False,False,False,0,0,1,0,1,0,0,0,0,1,1
baseline,S_0056800,1,1,1,1,0,0,1.0,0.0,0.0,1,-0.0,False,False,False,False,False,0,0,1,0,1,1,0,0,0,0,1
baseline,S_0056802,1,1,1,0,0,1,0.0,0.0,1.0,1,-0.0,False,False,False,False,False,0,0,1,0,1,0,0,0,1,0,1
baseline,S_0056812,1,1,1,0,1,0,0.0,1.0,0.0,1,-0.0,False,False,False,False,False,0,1,0,0,1,0,0,0,1,0,1
baseline,S_0056813,1,1,1,0,1,0,0.0,1.0,0.0,1,-0.0,False,False,False,False,False,0,0,0,1,1,0,1,0,0,0,1
baseline,S_0056814,1,1,1,0,0,1,0.0,0.0,1.0,1,-0.0,False,False,False,False,False,0,0,1,0,1,0,0,0,1,0,1
baseline,S_0056815,1,1,1,0,1,0,0.0,1.0,0.0,1,-0.0,False,False,False,False,False,0,0,0,1,1,0,1,0,0,0,1
baseline,S_0056816,1,1,1,0,1,0,0.0,1.0,0.0,1,-0.0,False,False,False,False,False,0,0,0,1,1,0,1,0,0,0,1
baseline,S_0056817,1,1,1,0,1,0,0.0,1.0,0.0,1,-0.0,False,False,False,False,False,0,0,0,1,1,0,1,0,0,0,1
baseline,S_0056818,1,1,1,0,1,0,0.0,1.0,0.0,1,-0.0,False,False,False,False,False,0,0,0,1,1,0,1,0,0,0,1
baseline,S_0056822,1,1,1,1,0,0,1.0,0.0,0.0,1,-0.0,False,False,False,False,False,0,0,0,1,1,1,0,0,0,0,1
baseline,S_0056823,1,1,1,1,0,0,1.0,0.0,0.0,1,-0.0,False,False,False,False,False,0,0,0,1,1,1,0,0,0,0,1
baseline,S_0056830,2,2,1,0,2,0,0.0,1.0,0.0,1,-0.0,False,True,False,False,False,0,0,2,0,1,0,1,1,0,0,2
baseline,S_0056832,1,1,1,0,1,0,0.0,1.0,0.0,1,-0.0,False,False,False,False,False,0,0,1,0,1,1,0,0,0,0,1
baseline,S_0056845,1,1,1,0,1,0,0.0,1.0,0.0,1,-0.0,False,False,False,False,False,0,0,1,0,1,0,1,0,0,0,1
baseline,S_0056859,1,1,1,1,0,0,1.0,0.0,0.0,1,-0.0,False,False,False,False,False,0,0,1,0,1,0,1,0,0,0,1
baseline,S_0056865,3,2,3,0,2,0,0.0,1.0,0.0,1,-0.0,False,True,False,False,False,0,0,0,2,1,0,0,0,2,0,1
baseline,S_0056866,2,2,2,0,2,0,0.0,1.0,0.0,1,-0.0,False,True,False,False,False,0,0,0,2,1,0,0,0,2,0,1
baseline,S_0056945,2,2,2,0,2,0,0.0,1.0,0.0,1,-0.0,False,True,False,False,False,0,0,1,1,2,0,0,1,0,1,2
baseline,S_0056962,1,1,1,0,1,0,0.0,1.0,0.0,1,-0.0,False,False,False,False,False,0,0,1,0,1,0,0,0,0,1,1
baseline,S_0056963,1,1,1,0,1,0,0.0,1.0,0.0,1,-0.0,False,False,False,False,False,0,0,1,0,1,0,0,0,0,1,1
baseline,S_0056965,1,1,1,0,1,0,0.0,1.0,0.0,1,-0.0,False,False,False,False,False,0,0,1,0,1,0,0,0,0,1,1
baseline,S_0056966,2,2,1,0,2,0,0.0,1.0,0.0,1,-0.0,False,True,False,False,False,0,0,2,0,1,0,1,0,0,1,2
baseline,S_0056973,1,1,1,0,1,0,0.0,1.0,0.0,1,-0.0,False,False,False,False,False,0,0,1,0,1,0,0,0,0,1,1
baseline,S_0056976,1,1,1,0,1,0,0.0,1.0,0.0,1,-0.0,False,False,False,False,False,0,0,1,0,1,0,0,0,0,1,1
baseline,S_0056977,2,2,1,0,2,0,0.0,1.0,0.0,1,-0.0,False,True,False,False,False,0,0,2,0,1,0,1,0,0,1,2
baseline,S_0056981,1,1,1,0,1,0,0.0,1.0,0.0,1,-0.0,False,False,False,False,False,0,0,1,0,1,0,0,0,0,1,1
baseline,S_0056983,1,1,1,0,1,0,0.0,1.0,0.0,1,-0.0,False,False,False,False,False,0,0,1,0,1,0,0,0,0,1,1
baseline,S_0056984,1,1,1,0,1,0,0.0,1.0,0.0,1,-0.0,False,False,False,False,False,0,0,1,0,1,0,0,0,0,1,1
baseline,S_0056986,1,1,1,0,1,0,0.0,1.0,0.0,1,-0.0,False,False,False,False,False,0,0,1,0,1,0,0,0,0,1,1
baseline,S_0056995,1,1,1,0,1,0,0.0,1.0,0.0,1,-0.0,False,False,False,False,False,0,0,1,0,1,0,0,0,0,1,1
baseline,S_0056996,5,5,2,2,3,0,0.4,0.6,0.0,2,0.6126016192893442,True,True,True,True,False,0,1,4,0,2,3,0,0,0,2,2
baseline,S_0056997,4,4,2,2,2,0,0.5,0.5,0.0,2,0.6309297535714574,False,True,True,False,False,0,1,3,0,2,3,0,0,0,1,2
baseline,S_0057006,1,1,1,1,0,0,1.0,0.0,0.0,1,-0.0,False,False,False,False,False,0,0,1,0,1,1,0,0,0,0,1
baseline,S_0057007,1,1,1,1,0,0,1.0,0.0,0.0,1,-0.0,False,False,False,False,False,0,0,1,0,1,1,0,0,0,0,1
baseline,S_0057013,2,2,1,2,0,0,1.0,0.0,0.0,1,-0.0,False,True,False,False,False,0,0,2,0,1,2,0,0,0,0,1
baseline,S_0057015,1,1,1,0,1,0,0.0,1.0,0.0,1,-0.0,False,False,False,False,False,0,0,1,0,1,0,0,0,0,1,1
baseline,S_0057020,1,1,1,1,0,0,1.0,0.0,0.0,1,-0.0,False,False,False,False,False,0,0,1,0,1,1,0,0,0,0,1
baseline,S_0057023,1,1,1,1,0,0,1.0,0.0,0.0,1,-0.0,False,False,False,False,False,0,0,1,0,1,1,0,0,0,0,1
baseline,S_0057024,2,2,1,0,2,0,0.0,1.0,0.0,1,-0.0,False,True,False,False,False,0,0,2,0,1,1,1,0,0,0,2
baseline,S_0057036,1,1,1,0,1,0,0.0,1.0,0.0,1,-0.0,False,False,False,False,False,0,0,1,0,1,1,0,0,0,0,1
baseline,S_0057064,6,6,5,1,4,1,0.16666666666666666,0.6666666666666666,0.16666666666666666,3,0.7896900821428474,True,True,True,True,False,0,0,2,4,2,1,3,0,1,1,4
baseline,S_0057084,1,1,1,0,1,0,0.0,1.0,0.0,1,-0.0,False,False,False,False,False,0,0,0,1,1,0,0,0,0,1,1
baseline,S_0057085,1,1,1,0,1,0,0.0,1.0,0.0,1,-0.0,False,False,False,False,False,0,0,1,0,1,0,0,1,0,0,1
baseline,S_0057087,1,1,1,0,1,0,0.0,1.0,0.0,1,-0.0,False,False,False,False,False,0,0,1,0,1,0,0,1,0,0,1
baseline,S_0057105,1,1,1,0,1,0,0.0,1.0,0.0,1,-0.0,False,False,False,False,False,0,0,0,1,1,0,0,0,0,1,1
baseline,S_0057116,1,1,1,0,1,0,0.0,1.0,0.0,1,-0.0,False,False,False,False,False,0,0,0,1,1,0,0,0,0,1,1
baseline,S_0057142,1,1,1,1,0,0,1.0,0.0,0.0,1,-0.0,False,False,False,False,False,0,1,0,0,1,0,0,1,0,0,1
baseline,S_0057144,2,2,2,0,2,0,0.0,1.0,0.0,1,-0.0,False,True,False,False,False,0,0,1,1,2,0,0,0,2,0,1
baseline,S_0057190,4,4,3,1,1,2,0.25,0.25,0.5,3,0.946394630357186,False,True,True,False,False,0,0,0,4,1,2,0,0,1,1,3
baseline,S_0057191,4,4,3,1,1,2,0.25,0.25,0.5,3,0.946394630357186,False,True,True,False,False,0,0,0,4,1,2,0,0,1,1,3
baseline,S_0057199,1,1,1,0,1,0,0.0,1.0,0.0,1,-0.0,False,False,False,False,False,0,0,1,0,1,0,0,1,0,0,1
baseline,S_0057205,1,1,1,0,1,0,0.0,1.0,0.0,1,-0.0,False,False,False,False,False,0,0,1,0,1,0,0,1,0,0,1
baseline,S_0057206,1,1,1,0,1,0,0.0,1.0,0.0,1,-0.0,False,False,False,False,False,0,0,1,0,1,0,0,1,0,0,1
baseline,S_0057239,1,1,1,0,1,0,0.0,1.0,0.0,1,-0.0,False,False,False,False,False,0,0,0,1,1,0,1,0,0,0,1
baseline,S_0057241,1,1,1,0,1,0,0.0,1.0,0.0,1,-0.0,False,False,False,False,False,0,0,0,1,1,0,0,0,0,1,1
baseline,S_0057255,3,3,2,1,2,0,0.3333333333333333,0.6666666666666666,0.0,2,0.5793801642856949,False,True,True,False,False,0,1,2,0,2,2,0,0,0,1,2
baseline,S_0057300,1,1,1,0,0,1,0.0,0.0,1.0,1,-0.0,False,False,False,False,False,0,0,1,0,1,0,0,1,0,0,1
baseline,S_0057301,1,1,1,0,0,1,0.0,0.0,1.0,1,-0.0,False,False,False,False,False,0,0,1,0,1,0,0,1,0,0,1
baseline,S_0057302,1,1,1,0,0,1,0.0,0.0,1.0,1,-0.0,False,False,False,False,False,0,0,1,0,1,0,0,1,0,0,1
baseline,S_0057321,1,1,1,0,1,0,0.0,1.0,0.0,1,-0.0,False,False,False,False,False,0,0,1,0,1,0,0,0,0,1,1
baseline,S_0057329,1,1,1,0,1,0,0.0,1.0,0.0,1,-0.0,False,False,False,False,False,0,0,1,0,1,0,0,0,1,0,1
baseline,S_0057340,1,1,1,0,1,0,0.0,1.0,0.0,1,-0.0,False,False,False,False,False,0,1,0,0,1,1,0,0,0,0,1
baseline,S_0057341,1,1,1,1,0,0,1.0,0.0,0.0,1,-0.0,False,False,False,False,False,0,0,1,0,1,0,1,0,0,0,1
baseline,S_0057346,1,1,1,0,0,1,0.0,0.0,1.0,1,-0.0,False,False,False,False,False,0,0,1,0,1,0,0,0,1,0,1
baseline,S_0057348,1,1,1,0,1,0,0.0,1.0,0.0,1,-0.0,False,False,False,False,False,0,0,1,0,1,0,0,1,0,0,1
baseline,S_0057349,1,1,1,0,1,0,0.0,1.0,0.0,1,-0.0,False,False,False,False,False,0,0,0,1,1,0,0,0,1,0,1
baseline,S_0057350,2,2,2,0,2,0,0.0,1.0,0.0,1,-0.0,False,True,False,False,False,0,0,1,1,2,0,0,0,2,0,1
baseline,S_0057351,2,2,2,0,2,0,0.0,1.0,0.0,1,-0.0,False,True,False,False,False,0,0,1,1,2,0,0,0,2,0,1
baseline,S_0057358,2,2,1,0,2,0,0.0,1.0,0.0,1,-0.0,False,True,False,False,False,0,0,2,0,1,1,0,0,1,0,2
baseline,S_0057378,2,2,1,0,2,0,0.0,1.0,0.0,1,-0.0,False,True,False,False,False,0,0,2,0,1,1,1,0,0,0,2
baseline,S_0057382,1,1,1,0,1,0,0.0,1.0,0.0,1,-0.0,False,False,False,False,False,0,0,1,0,1,0,0,0,0,1,1
baseline,S_0057412,1,1,1,0,0,1,0.0,0.0,1.0,1,-0.0,False,False,False,False,False,0,0,1,0,1,0,0,0,1,0,1
baseline,S_0057414,1,1,1,0,0,1,0.0,0.0,1.0,1,-0.0,False,False,False,False,False,0,0,1,0,1,0,0,0,1,0,1
baseline,S_0057416,2,2,1,0,0,2,0.0,0.0,1.0,1,-0.0,False,True,False,False,False,0,0,2,0,1,0,0,0,2,0,1
baseline,S_0057419,3,3,1,0,3,0,0.0,1.0,0.0,1,-0.0,False,True,True,False,False,0,0,3,0,1,0,1,0,2,0,2
baseline,S_0057420,1,1,1,0,1,0,0.0,1.0,0.0,1,-0.0,False,False,False,False,False,0,0,1,0,1,0,0,0,1,0,1
baseline,S_0057421,2,2,1,0,2,0,0.0,1.0,0.0,1,-0.0,False,True,False,False,False,0,0,2,0,1,0,1,0,1,0,2
baseline,S_0057425,1,1,1,0,1,0,0.0,1.0,0.0,1,-0.0,False,False,False,False,False,0,0,1,0,1,0,0,0,1,0,1
baseline,S_0057438,1,1,1,0,1,0,0.0,1.0,0.0,1,-0.0,False,False,False,False,False,0,0,1,0,1,0,0,0,1,0,1
baseline,S_0057439,2,2,1,0,2,0,0.0,1.0,0.0,1,-0.0,False,True,False,False,False,0,0,2,0,1,0,0,0,1,1,2
baseline,S_0057440,2,2,1,0,2,0,0.0,1.0,0.0,1,-0.0,False,True,False,False,False,0,0,2,0,1,0,0,0,1,1,2
baseline,S_0057442,1,1,1,0,1,0,0.0,1.0,0.0,1,-0.0,False,False,False,False,False,0,0,1,0,1,0,0,0,1,0,1
baseline,S_0057474,2,2,2,0,2,0,0.0,1.0,0.0,1,-0.0,False,True,False,False,False,0,0,1,1,2,0,0,0,2,0,1
baseline,S_0057476,3,3,3,1,2,0,0.3333333333333333,0.6666666666666666,0.0,2,0.5793801642856949,False,True,True,False,False,0,1,1,1,3,0,0,1,2,0,2
baseline,S_0057480,1,1,1,0,1,0,0.0,1.0,0.0,1,-0.0,False,False,False,False,False,0,0,1,0,1,0,0,0,1,0,1
baseline,S_0057519,1,1,1,0,1,0,0.0,1.0,0.0,1,-0.0,False,False,False,False,False,0,0,1,0,1,0,0,1,0,0,1
baseline,S_0057525,2,2,2,0,2,0,0.0,1.0,0.0,1,-0.0,False,True,False,False,False,0,0,0,2,1,0,0,0,2,0,1
baseline,S_0057528,3,2,3,0,2,0,0.0,1.0,0.0,1,-0.0,False,True,False,False,False,0,0,0,2,1,0,0,0,2,0,1
baseline,S_0057529,3,3,3,0,3,0,0.0,1.0,0.0,1,-0.0,False,True,True,False,False,0,0,1,2,2,1,0,0,2,0,2
baseline,S_0057531,2,2,2,0,2,0,0.0,1.0,0.0,1,-0.0,False,True,False,False,False,0,0,0,2,1,0,0,0,2,0,1
baseline,S_0057533,1,1,1,0,1,0,0.0,1.0,0.0,1,-0.0,False,False,False,False,False,0,0,0,1,1,0,1,0,0,0,1
baseline,S_0057537,1,1,1,0,1,0,0.0,1.0,0.0,1,-0.0,False,False,False,False,False,0,0,0,1,1,0,1,0,0,0,1
baseline,S_0057572,2,2,2,0,2,0,0.0,1.0,0.0,1,-0.0,False,True,False,False,False,0,0,1,1,2,1,0,0,0,1,2
baseline,S_0057574,4,4,2,2,2,0,0.5,0.5,0.0,2,0.6309297535714574,False,True,True,False,False,0,1,3,0,2,3,0,0,0,1,2
baseline,S_0057588,1,1,1,1,0,0,1.0,0.0,0.0,1,-0.0,False,False,False,False,False,0,1,0,0,1,0,0,1,0,0,1
baseline,S_0057590,1,1,1,0,1,0,0.0,1.0,0.0,1,-0.0,False,False,False,False,False,0,0,1,0,1,0,0,0,0,1,1
baseline,S_0057592,1,1,1,0,1,0,0.0,1.0,0.0,1,-0.0,False,False,False,False,False,0,0,1,0,1,0,0,0,0,1,1
baseline,S_0057602,1,1,1,0,1,0,0.0,1.0,0.0,1,-0.0,False,False,False,False,False,0,0,1,0,1,0,0,0,0,1,1
baseline,S_0057603,1,1,1,0,1,0,0.0,1.0,0.0,1,-0.0,False,False,False,False,False,0,0,1,0,1,0,0,0,0,1,1
baseline,S_0057604,1,1,1,0,1,0,0.0,1.0,0.0,1,-0.0,False,False,False,False,False,0,0,1,0,1,0,0,0,0,1,1
baseline,S_0057606,2,2,2,0,2,0,0.0,1.0,0.0,1,-0.0,False,True,False,False,False,0,1,1,0,2,2,0,0,0,0,1
baseline,S_0057607,2,2,2,0,2,0,0.0,1.0,0.0,1,-0.0,False,True,False,False,False,0,1,1,0,2,2,0,0,0,0,1
baseline,S_0057608,1,1,1,0,1,0,0.0,1.0,0.0,1,-0.0,False,False,False,False,False,0,0,1,0,1,0,0,0,0,1,1
baseline,S_0057609,1,1,1,0,1,0,0.0,1.0,0.0,1,-0.0,False,False,False,False,False,0,0,1,0,1,0,0,0,0,1,1
baseline,S_0057610,1,1,1,0,1,0,0.0,1.0,0.0,1,-0.0,False,False,False,False,False,0,0,1,0,1,0,0,0,0,1,1
baseline,S_0057611,1,1,1,0,1,0,0.0,1.0,0.0,1,-0.0,False,False,False,False,False,0,0,1,0,1,0,0,0,0,1,1
baseline,S_0057614,1,1,1,0,0,1,0.0,0.0,1.0,1,-0.0,False,False,False,False,False,0,0,1,0,1,1,0,0,0,0,1
baseline,S_0057616,1,1,1,0,0,1,0.0,0.0,1.0,1,-0.0,False,False,False,False,False,0,0,1,0,1,1,0,0,0,0,1
baseline,S_0057619,1,1,1,1,0,0,1.0,0.0,0.0,1,-0.0,False,False,False,False,False,0,0,0,1,1,1,0,0,0,0,1
baseline,S_0057622,1,1,1,0,1,0,0.0,1.0,0.0,1,-0.0,False,False,False,False,False,0,0,1,0,1,0,0,0,1,0,1
baseline,S_0057623,1,1,1,0,1,0,0.0,1.0,0.0,1,-0.0,False,False,False,False,False,0,0,1,0,1,0,0,0,1,0,1
baseline,S_0057629,1,1,1,0,1,0,0.0,1.0,0.0,1,-0.0,False,False,False,False,False,0,0,0,1,1,0,0,0,1,0,1
baseline,S_0057639,2,2,1,0,0,2,0.0,0.0,1.0,1,-0.0,False,True,False,False,False,0,0,2,0,1,0,0,0,2,0,1
baseline,S_0057643,1,1,1,0,1,0,0.0,1.0,0.0,1,-0.0,False,False,False,False,False,0,0,0,1,1,0,1,0,0,0,1
baseline,S_0057644,1,1,1,0,1,0,0.0,1.0,0.0,1,-0.0,False,False,False,False,False,0,1,0,0,1,0,0,0,1,0,1
baseline,S_0057645,1,1,1,0,1,0,0.0,1.0,0.0,1,-0.0,False,False,False,False,False,0,1,0,0,1,0,0,0,1,0,1
baseline,S_0057647,1,1,1,0,1,0,0.0,1.0,0.0,1,-0.0,False,False,False,False,False,0,1,0,0,1,0,0,0,1,0,1
baseline,S_0057648,2,1,2,1,0,0,1.0,0.0,0.0,1,-0.0,False,False,False,False,False,0,0,0,1,1,1,0,0,0,0,1
baseline,S_0057649,2,1,2,1,0,0,1.0,0.0,0.0,1,-0.0,False,False,False,False,False,0,0,0,1,1,1,0,0,0,0,1
baseline,S_0057650,1,1,1,0,1,0,0.0,1.0,0.0,1,-0.0,False,False,False,False,False,0,1,0,0,1,0,0,0,1,0,1
baseline,S_0057654,1,1,1,0,1,0,0.0,1.0,0.0,1,-0.0,False,False,False,False,False,0,1,0,0,1,0,0,0,1,0,1
baseline,S_0057656,1,1,1,0,1,0,0.0,1.0,0.0,1,-0.0,False,False,False,False,False,0,1,0,0,1,0,0,0,1,0,1
baseline,S_0057657,1,1,1,0,1,0,0.0,1.0,0.0,1,-0.0,False,False,False,False,False,0,1,0,0,1,0,0,0,1,0,1
baseline,S_0057658,2,2,2,0,2,0,0.0,1.0,0.0,1,-0.0,False,True,False,False,False,0,0,1,1,2,0,0,0,2,0,1
baseline,S_0057659,2,2,2,0,2,0,0.0,1.0,0.0,1,-0.0,False,True,False,False,False,0,0,1,1,2,0,1,0,1,0,2
baseline,S_0057660,2,2,2,0,2,0,0.0,1.0,0.0,1,-0.0,False,True,False,False,False,0,0,1,1,2,0,0,0,2,0,1
baseline,S_0057661,1,1,1,0,1,0,0.0,1.0,0.0,1,-0.0,False,False,False,False,False,0,0,1,0,1,0,0,0,1,0,1
baseline,S_0057662,2,2,2,1,1,0,0.5,0.5,0.0,2,0.6309297535714574,False,True,False,False,False,0,1,0,1,2,0,0,1,1,0,2
baseline,S_0057663,3,2,3,0,2,0,0.0,1.0,0.0,1,-0.0,False,True,False,False,False,0,0,1,1,2,0,0,0,2,0,1
baseline,S_0057669,1,1,1,0,0,1,0.0,0.0,1.0,1,-0.0,False,False,False,False,False,0,0,1,0,1,0,0,0,1,0,1
baseline,S_0057700,3,3,1,0,3,0,0.0,1.0,0.0,1,-0.0,False,True,True,False,False,0,0,3,0,1,1,1,0,1,0,3
baseline,S_0057701,2,2,1,0,2,0,0.0,1.0,0.0,1,-0.0,False,True,False,False,False,0,0,2,0,1,0,1,0,1,0,2
baseline,S_0057703,1,1,1,0,1,0,0.0,1.0,0.0,1,-0.0,False,False,False,False,False,0,0,1,0,1,1,0,0,0,0,1
baseline,S_0057705,1,1,1,1,0,0,1.0,0.0,0.0,1,-0.0,False,False,False,False,False,0,0,1,0,1,1,0,0,0,0,1
baseline,S_0057707,1,1,1,1,0,0,1.0,0.0,0.0,1,-0.0,False,False,False,False,False,0,0,1,0,1,1,0,0,0,0,1
baseline,S_0057710,1,1,1,1,0,0,1.0,0.0,0.0,1,-0.0,False,False,False,False,False,0,0,1,0,1,1,0,0,0,0,1
baseline,S_0057711,1,1,1,1,0,0,1.0,0.0,0.0,1,-0.0,False,False,False,False,False,0,0,1,0,1,1,0,0,0,0,1
baseline,S_0057713,1,1,1,1,0,0,1.0,0.0,0.0,1,-0.0,False,False,False,False,False,0,0,1,0,1,1,0,0,0,0,1
baseline,S_0057714,1,1,1,1,0,0,1.0,0.0,0.0,1,-0.0,False,False,False,False,False,0,0,1,0,1,1,0,0,0,0,1
baseline,S_0057715,1,1,1,1,0,0,1.0,0.0,0.0,1,-0.0,False,False,False,False,False,0,0,1,0,1,1,0,0,0,0,1
baseline,S_0057716,1,1,1,1,0,0,1.0,0.0,0.0,1,-0.0,False,False,False,False,False,0,0,1,0,1,1,0,0,0,0,1
baseline,S_0057719,1,1,1,1,0,0,1.0,0.0,0.0,1,-0.0,False,False,False,False,False,0,0,1,0,1,1,0,0,0,0,1
baseline,S_0057720,1,1,1,1,0,0,1.0,0.0,0.0,1,-0.0,False,False,False,False,False,0,0,1,0,1,1,0,0,0,0,1
baseline,S_0057723,1,1,1,0,1,0,0.0,1.0,0.0,1,-0.0,False,False,False,False,False,0,0,1,0,1,0,1,0,0,0,1
baseline,S_0057725,1,1,1,0,1,0,0.0,1.0,0.0,1,-0.0,False,False,False,False,False,0,0,1,0,1,0,1,0,0,0,1
baseline,S_0057726,1,1,1,0,1,0,0.0,1.0,0.0,1,-0.0,False,False,False,False,False,0,0,1,0,1,0,1,0,0,0,1
baseline,S_0057746,1,1,1,0,1,0,0.0,1.0,0.0,1,-0.0,False,False,False,False,False,0,0,1,0,1,0,0,1,0,0,1
baseline,S_0057748,1,1,1,0,1,0,0.0,1.0,0.0,1,-0.0,False,False,False,False,False,0,0,1,0,1,0,0,1,0,0,1
baseline,S_0057761,1,1,1,0,1,0,0.0,1.0,0.0,1,-0.0,False,False,False,False,False,0,0,0,1,1,0,1,0,0,0,1
baseline,S_0057769,1,1,1,0,1,0,0.0,1.0,0.0,1,-0.0,False,False,False,False,False,0,0,1,0,1,0,0,1,0,0,1
baseline,S_0057788,2,2,1,0,2,0,0.0,1.0,0.0,1,-0.0,False,True,False,False,False,0,0,2,0,1,1,0,0,1,0,2
baseline,S_0057791,2,2,1,0,2,0,0.0,1.0,0.0,1,-0.0,False,True,False,False,False,0,0,2,0,1,1,0,0,1,0,2
baseline,S_0057792,2,2,1,0,2,0,0.0,1.0,0.0,1,-0.0,False,True,False,False,False,0,0,2,0,1,1,0,0,1,0,2
baseline,S_0057794,1,1,1,0,1,0,0.0,1.0,0.0,1,-0.0,False,False,False,False,False,0,1,0,0,1,1,0,0,0,0,1
baseline,S_0057795,1,1,1,0,1,0,0.0,1.0,0.0,1,-0.0,False,False,False,False,False,0,0,1,0,1,1,0,0,0,0,1
baseline,S_0057800,1,1,1,0,1,0,0.0,1.0,0.0,1,-0.0,False,False,False,False,False,0,0,1,0,1,1,0,0,0,0,1
baseline,S_0057801,2,2,1,1,1,0,0.5,0.5,0.0,2,0.6309297535714574,False,True,False,False,False,0,0,0,2,1,1,0,0,1,0,2
baseline,S_0057808,1,1,1,0,0,1,0.0,0.0,1.0,1,-0.0,False,False,False,False,False,0,0,1,0,1,1,0,0,0,0,1
baseline,S_0057820,1,1,1,0,1,0,0.0,1.0,0.0,1,-0.0,False,False,False,False,False,0,0,1,0,1,0,0,0,0,1,1
baseline,S_0057821,1,1,1,0,1,0,0.0,1.0,0.0,1,-0.0,False,False,False,False,False,0,0,1,0,1,0,0,0,0,1,1
baseline,S_0057822,1,1,1,0,1,0,0.0,1.0,0.0,1,-0.0,False,False,False,False,False,0,0,1,0,1,0,0,0,0,1,1
baseline,S_0057823,1,1,1,0,1,0,0.0,1.0,0.0,1,-0.0,False,False,False,False,False,0,0,1,0,1,0,0,0,0,1,1
baseline,S_0057825,1,1,1,0,1,0,0.0,1.0,0.0,1,-0.0,False,False,False,False,False,0,0,1,0,1,0,0,0,0,1,1
baseline,S_0057826,1,1,1,0,1,0,0.0,1.0,0.0,1,-0.0,False,False,False,False,False,0,0,1,0,1,0,0,0,0,1,1
baseline,S_0057828,1,1,1,0,1,0,0.0,1.0,0.0,1,-0.0,False,False,False,False,False,0,0,1,0,1,0,0,0,0,1,1
baseline,S_0057829,1,1,1,0,1,0,0.0,1.0,0.0,1,-0.0,False,False,False,False,False,0,0,1,0,1,0,0,0,0,1,1
baseline,S_0057834,1,1,1,0,1,0,0.0,1.0,0.0,1,-0.0,False,False,False,False,False,0,0,1,0,1,0,0,0,0,1,1
baseline,S_0057836,1,1,1,0,1,0,0.0,1.0,0.0,1,-0.0,False,False,False,False,False,0,0,1,0,1,0,0,0,0,1,1
baseline,S_0057837,1,1,1,0,1,0,0.0,1.0,0.0,1,-0.0,False,False,False,False,False,0,0,1,0,1,0,0,0,0,1,1
baseline,S_0057838,1,1,1,0,1,0,0.0,1.0,0.0,1,-0.0,False,False,False,False,False,0,0,1,0,1,0,0,0,0,1,1
baseline,S_0057841,1,1,1,0,1,0,0.0,1.0,0.0,1,-0.0,False,False,False,False,False,0,0,1,0,1,0,0,0,0,1,1
baseline,S_0057843,1,1,1,0,1,0,0.0,1.0,0.0,1,-0.0,False,False,False,False,False,0,0,0,1,1,0,1,0,0,0,1
baseline,S_0057844,1,1,1,0,1,0,0.0,1.0,0.0,1,-0.0,False,False,False,False,False,0,0,0,1,1,0,1,0,0,0,1
baseline,S_0057852,3,3,1,1,2,0,0.3333333333333333,0.6666666666666666,0.0,2,0.5793801642856949,False,True,True,False,False,0,0,3,0,1,2,0,0,0,1,2
baseline,S_0057854,3,3,1,1,2,0,0.3333333333333333,0.6666666666666666,0.0,2,0.5793801642856949,False,True,True,False,False,0,0,3,0,1,2,0,0,0,1,2
baseline,S_0057855,5,4,4,1,1,2,0.25,0.25,0.5,3,0.946394630357186,False,True,True,False,False,0,0,1,3,2,2,0,0,1,1,3
baseline,S_0057856,2,2,2,1,1,0,0.5,0.5,0.0,2,0.6309297535714574,False,True,False,False,False,0,0,1,1,2,1,1,0,0,0,2
baseline,S_0057867,3,3,2,1,2,0,0.3333333333333333,0.6666666666666666,0.0,2,0.5793801642856949,False,True,True,False,False,0,1,2,0,2,2,0,0,0,1,2
baseline,S_0057879,1,1,1,0,0,1,0.0,0.0,1.0,1,-0.0,False,False,False,False,False,0,0,1,0,1,0,0,0,1,0,1
baseline,S_0057880,1,1,1,0,1,0,0.0,1.0,0.0,1,-0.0,False,False,False,False,False,0,0,0,1,1,0,1,0,0,0,1
baseline,S_0057886,1,1,1,1,0,0,1.0,0.0,0.0,1,-0.0,False,False,False,False,False,0,1,0,0,1,0,0,1,0,0,1
baseline,S_0057892,1,1,1,0,1,0,0.0,1.0,0.0,1,-0.0,False,False,False,False,False,0,0,0,1,1,0,1,0,0,0,1
baseline,S_0057895,2,2,2,0,1,1,0.0,0.5,0.5,2,0.6309297535714574,False,True,False,False,False,0,0,1,1,2,1,1,0,0,0,2
baseline,S_0057900,2,2,2,0,1,1,0.0,0.5,0.5,2,0.6309297535714574,False,True,False,False,False,0,0,1,1,2,0,0,0,0,2,1
baseline,S_0057901,2,2,2,0,1,1,0.0,0.5,0.5,2,0.6309297535714574,False,True,False,False,False,0,0,1,1,2,0,0,0,0,2,1
baseline,S_0057902,1,1,1,0,0,1,0.0,0.0,1.0,1,-0.0,False,False,False,False,False,0,0,0,1,1,0,0,0,0,1,1
baseline,S_0057903,1,1,1,0,0,1,0.0,0.0,1.0,1,-0.0,False,False,False,False,False,0,0,0,1,1,0,0,0,0,1,1
baseline,S_0057919,1,1,1,0,1,0,0.0,1.0,0.0,1,-0.0,False,False,False,False,False,0,0,1,0,1,0,0,0,0,1,1
baseline,S_0057921,1,1,1,0,1,0,0.0,1.0,0.0,1,-0.0,False,False,False,False,False,0,0,1,0,1,0,0,0,0,1,1
baseline,S_0057922,1,1,1,0,1,0,0.0,1.0,0.0,1,-0.0,False,False,False,False,False,0,0,1,0,1,0,0,0,0,1,1
baseline,S_0057923,1,1,1,0,1,0,0.0,1.0,0.0,1,-0.0,False,False,False,False,False,0,0,1,0,1,0,0,0,0,1,1
baseline,S_0057925,1,1,1,0,1,0,0.0,1.0,0.0,1,-0.0,False,False,False,False,False,0,0,1,0,1,0,0,0,0,1,1
baseline,S_0057929,2,2,1,0,1,1,0.0,0.5,0.5,2,0.6309297535714574,False,True,False,False,False,0,0,2,0,1,0,0,1,0,1,2
baseline,S_0057930,1,1,1,0,1,0,0.0,1.0,0.0,1,-0.0,False,False,False,False,False,0,0,1,0,1,0,0,0,1,0,1
baseline,S_0057931,1,1,1,0,1,0,0.0,1.0,0.0,1,-0.0,False,False,False,False,False,0,0,1,0,1,0,0,0,0,1,1
baseline,S_0057932,2,2,1,0,1,1,0.0,0.5,0.5,2,0.6309297535714574,False,True,False,False,False,0,0,2,0,1,0,0,1,1,0,2
baseline,S_0057934,2,2,1,0,1,1,0.0,0.5,0.5,2,0.6309297535714574,False,True,False,False,False,0,0,2,0,1,0,0,1,1,0,2
baseline,S_0057935,1,1,1,0,0,1,0.0,0.0,1.0,1,-0.0,False,False,False,False,False,0,1,0,0,1,1,0,0,0,0,1
baseline,S_0057936,1,1,1,0,1,0,0.0,1.0,0.0,1,-0.0,False,False,False,False,False,0,0,1,0,1,0,0,0,1,0,1
baseline,S_0057938,1,1,1,0,1,0,0.0,1.0,0.0,1,-0.0,False,False,False,False,False,0,0,1,0,1,0,0,0,1,0,1
baseline,S_0057947,1,1,1,0,1,0,0.0,1.0,0.0,1,-0.0,False,False,False,False,False,0,0,1,0,1,0,0,0,0,1,1
baseline,S_0057953,1,1,1,0,1,0,0.0,1.0,0.0,1,-0.0,False,False,False,False,False,0,0,1,0,1,0,0,0,0,1,1
baseline,S_0057959,1,1,1,0,1,0,0.0,1.0,0.0,1,-0.0,False,False,False,False,False,0,0,1,0,1,1,0,0,0,0,1
baseline,S_0057960,3,3,2,0,3,0,0.0,1.0,0.0,1,-0.0,False,True,True,False,False,0,0,3,0,1,1,0,0,2,0,2
baseline,S_0057966,2,2,2,0,2,0,0.0,1.0,0.0,1,-0.0,False,True,False,False,False,0,0,1,1,2,0,1,0,1,0,2
baseline,S_0057967,1,1,1,0,1,0,0.0,1.0,0.0,1,-0.0,False,False,False,False,False,0,0,0,1,1,0,0,0,1,0,1
baseline,S_0057969,2,2,2,1,1,0,0.5,0.5,0.0,2,0.6309297535714574,False,True,False,False,False,0,1,0,1,2,0,0,1,1,0,2
baseline,S_0057970,1,1,1,0,1,0,0.0,1.0,0.0,1,-0.0,False,False,False,False,False,0,0,0,1,1,0,0,0,0,1,1
baseline,S_0057980,1,1,1,0,1,0,0.0,1.0,0.0,1,-0.0,False,False,False,False,False,0,0,1,0,1,0,0,0,0,1,1
baseline,S_0057982,2,2,2,0,2,0,0.0,1.0,0.0,1,-0.0,False,True,False,False,False,0,1,1,0,2,2,0,0,0,0,1
baseline,S_0057983,2,2,2,0,2,0,0.0,1.0,0.0,1,-0.0,False,True,False,False,False,0,1,1,0,2,2,0,0,0,0,1
baseline,S_0058025,1,1,1,1,0,0,1.0,0.0,0.0,1,-0.0,False,False,False,False,False,0,0,1,0,1,1,0,0,0,0,1
baseline,S_0058026,1,1,1,1,0,0,1.0,0.0,0.0,1,-0.0,False,False,False,False,False,0,0,1,0,1,1,0,0,0,0,1
baseline,S_0058044,1,1,1,0,1,0,0.0,1.0,0.0,1,-0.0,False,False,False,False,False,0,1,0,0,1,1,0,0,0,0,1
baseline,S_0058045,1,1,1,0,1,0,0.0,1.0,0.0,1,-0.0,False,False,False,False,False,0,0,0,1,1,0,0,0,1,0,1
baseline,S_0058046,1,1,1,0,1,0,0.0,1.0,0.0,1,-0.0,False,False,False,False,False,0,0,0,1,1,0,0,0,1,0,1
baseline,S_0058048,1,1,1,0,1,0,0.0,1.0,0.0,1,-0.0,False,False,False,False,False,0,0,1,0,1,0,1,0,0,0,1
baseline,S_0058050,1,1,1,0,1,0,0.0,1.0,0.0,1,-0.0,False,False,False,False,False,0,0,1,0,1,0,0,0,0,1,1
baseline,S_0058051,1,1,1,0,1,0,0.0,1.0,0.0,1,-0.0,False,False,False,False,False,0,0,1,0,1,1,0,0,0,0,1
baseline,S_0058062,1,1,1,0,1,0,0.0,1.0,0.0,1,-0.0,False,False,False,False,False,0,0,1,0,1,0,0,0,0,1,1
baseline,S_0058067,1,1,1,1,0,0,1.0,0.0,0.0,1,-0.0,False,False,False,False,False,0,1,0,0,1,0,0,1,0,0,1
baseline,S_0058079,4,4,2,2,2,0,0.5,0.5,0.0,2,0.6309297535714574,False,True,True,False,False,0,1,3,0,2,3,0,0,0,1,2
baseline,S_0058080,4,4,2,2,2,0,0.5,0.5,0.0,2,0.6309297535714574,False,True,True,False,False,0,1,3,0,2,3,0,0,0,1,2
baseline,S_0058085,1,1,1,0,1,0,0.0,1.0,0.0,1,-0.0,False,False,False,False,False,0,0,1,0,1,0,0,0,0,1,1
baseline,S_0058098,1,1,1,0,0,1,0.0,0.0,1.0,1,-0.0,False,False,False,False,False,0,0,1,0,1,0,0,1,0,0,1
baseline,S_0058131,4,4,2,2,2,0,0.5,0.5,0.0,2,0.6309297535714574,False,True,True,False,False,0,1,3,0,2,3,0,0,0,1,2
baseline,S_0058132,4,4,2,2,2,0,0.5,0.5,0.0,2,0.6309297535714574,False,True,True,False,False,0,1,3,0,2,3,0,0,0,1,2
baseline,S_0058135,2,2,2,1,1,0,0.5,0.5,0.0,2,0.6309297535714574,False,True,False,False,False,0,1,1,0,2,1,0,0,0,1,2
baseline,S_0058147,1,1,1,1,0,0,1.0,0.0,0.0,1,-0.0,False,False,False,False,False,0,0,1,0,1,1,0,0,0,0,1
baseline,S_0058149,1,1,1,1,0,0,1.0,0.0,0.0,1,-0.0,False,False,False,False,False,0,0,1,0,1,1,0,0,0,0,1
baseline,S_0058162,2,2,2,0,1,1,0.0,0.5,0.5,2,0.6309297535714574,False,True,False,False,False,0,0,0,2,1,0,1,0,0,1,2
baseline,S_0058163,2,2,2,0,1,1,0.0,0.5,0.5,2,0.6309297535714574,False,True,False,False,False,0,0,0,2,1,0,1,0,0,1,2
baseline,S_0058164,2,2,2,0,1,1,0.0,0.5,0.5,2,0.6309297535714574,False,True,False,False,False,0,0,0,2,1,0,1,0,0,1,2
baseline,S_0058166,3,1,3,0,1,0,0.0,1.0,0.0,1,-0.0,False,False,False,False,False,0,0,1,0,1,1,0,0,0,0,1
baseline,S_0058168,1,1,1,1,0,0,1.0,0.0,0.0,1,-0.0,False,False,False,False,False,0,1,0,0,1,0,0,1,0,0,1
baseline,S_0058180,1,1,1,1,0,0,1.0,0.0,0.0,1,-0.0,False,False,False,False,False,0,1,0,0,1,0,0,1,0,0,1
baseline,S_0058183,1,1,1,0,1,0,0.0,1.0,0.0,1,-0.0,False,False,False,False,False,0,0,1,0,1,0,0,1,0,0,1
baseline,S_0058187,1,1,1,0,1,0,0.0,1.0,0.0,1,-0.0,False,False,False,False,False,0,0,1,0,1,0,0,0,0,1,1
baseline,S_0058188,1,1,1,0,1,0,0.0,1.0,0.0,1,-0.0,False,False,False,False,False,0,0,1,0,1,0,0,0,0,1,1
baseline,S_0058191,4,4,2,2,2,0,0.5,0.5,0.0,2,0.6309297535714574,False,True,True,False,False,0,1,3,0,2,3,0,0,0,1,2
baseline,S_0058195,1,1,1,0,1,0,0.0,1.0,0.0,1,-0.0,False,False,False,False,False,0,0,1,0,1,0,0,0,1,0,1
baseline,S_0058213,1,1,1,0,1,0,0.0,1.0,0.0,1,-0.0,False,False,False,False,False,0,0,1,0,1,0,0,0,0,1,1
baseline,S_0058215,1,1,1,0,1,0,0.0,1.0,0.0,1,-0.0,False,False,False,False,False,0,0,1,0,1,0,0,0,0,1,1
baseline,S_0058216,1,1,1,0,1,0,0.0,1.0,0.0,1,-0.0,False,False,False,False,False,0,0,1,0,1,1,0,0,0,0,1
baseline,S_0058218,1,1,1,0,1,0,0.0,1.0,0.0,1,-0.0,False,False,False,False,False,0,0,1,0,1,1,0,0,0,0,1
baseline,S_0058221,1,1,1,1,0,0,1.0,0.0,0.0,1,-0.0,False,False,False,False,False,0,0,1,0,1,0,1,0,0,0,1
baseline,S_0058222,1,1,1,1,0,0,1.0,0.0,0.0,1,-0.0,False,False,False,False,False,0,0,1,0,1,0,1,0,0,0,1
baseline,S_0058229,2,2,2,0,2,0,0.0,1.0,0.0,1,-0.0,False,True,False,False,False,0,0,2,0,1,0,0,0,1,1,2
baseline,S_0058230,1,1,1,0,0,1,0.0,0.0,1.0,1,-0.0,False,False,False,False,False,0,0,1,0,1,0,1,0,0,0,1
baseline,S_0058231,1,1,1,1,0,0,1.0,0.0,0.0,1,-0.0,False,False,False,False,False,0,0,1,0,1,1,0,0,0,0,1
baseline,S_0058239,1,1,1,0,1,0,0.0,1.0,0.0,1,-0.0,False,False,False,False,False,0,0,0,1,1,0,0,0,1,0,1
baseline,S_0058252,1,1,1,1,0,0,1.0,0.0,0.0,1,-0.0,False,False,False,False,False,0,0,1,0,1,1,0,0,0,0,1
baseline,S_0058253,1,1,1,1,0,0,1.0,0.0,0.0,1,-0.0,False,False,False,False,False,0,0,1,0,1,1,0,0,0,0,1
baseline,S_0058258,2,2,2,0,2,0,0.0,1.0,0.0,1,-0.0,False,True,False,False,False,0,0,0,2,1,0,0,0,2,0,1
baseline,S_0058281,3,3,2,0,3,0,0.0,1.0,0.0,1,-0.0,False,True,True,False,False,0,0,0,3,1,0,1,0,1,1,3
baseline,S_0058286,4,4,4,0,3,1,0.0,0.75,0.25,2,0.5118595071429147,False,True,True,False,False,0,0,1,3,2,1,0,0,2,1,3
baseline,S_0058287,1,1,1,0,1,0,0.0,1.0,0.0,1,-0.0,False,False,False,False,False,0,0,1,0,1,1,0,0,0,0,1
baseline,S_0058288,1,1,1,0,1,0,0.0,1.0,0.0,1,-0.0,False,False,False,False,False,0,0,1,0,1,0,1,0,0,0,1
baseline,S_0058289,3,3,3,0,2,1,0.0,0.6666666666666666,0.3333333333333333,2,0.5793801642856949,False,True,True,False,False,0,0,1,2,2,0,1,0,1,1,3
baseline,S_0058317,1,1,1,0,1,0,0.0,1.0,0.0,1,-0.0,False,False,False,False,False,0,0,1,0,1,0,0,0,0,1,1
baseline,S_0058336,3,3,3,0,3,0,0.0,1.0,0.0,1,-0.0,False,True,True,False,False,0,0,1,2,2,1,0,0,2,0,2
baseline,S_0058337,7,7,5,0,6,1,0.0,0.8571428571428571,0.14285714285714285,2,0.37330396038588726,True,True,True,True,False,0,1,2,4,3,2,1,0,1,3,4
baseline,S_0058339,9,9,7,0,7,2,0.0,0.7777777777777778,0.2222222222222222,2,0.482159360969681,True,True,True,True,False,0,1,2,6,3,2,1,0,2,4,4
baseline,S_0058341,6,5,6,1,4,0,0.2,0.8,0.0,2,0.4554859150035952,True,True,True,True,False,0,0,1,4,2,1,2,0,1,1,4
baseline,S_0058385,1,1,1,0,0,1,0.0,0.0,1.0,1,-0.0,False,False,False,False,False,0,0,1,0,1,0,1,0,0,0,1
baseline,S_0058403,1,1,1,0,1,0,0.0,1.0,0.0,1,-0.0,False,False,False,False,False,0,0,1,0,1,0,0,1,0,0,1
baseline,S_0058405,1,1,1,0,1,0,0.0,1.0,0.0,1,-0.0,False,False,False,False,False,0,0,1,0,1,0,0,1,0,0,1
baseline,S_0058499,1,1,1,1,0,0,1.0,0.0,0.0,1,-0.0,False,False,False,False,False,0,0,1,0,1,1,0,0,0,0,1
baseline,S_0058500,1,1,1,1,0,0,1.0,0.0,0.0,1,-0.0,False,False,False,False,False,0,0,1,0,1,1,0,0,0,0,1
baseline,S_0058512,1,1,1,1,0,0,1.0,0.0,0.0,1,-0.0,False,False,False,False,False,0,0,1,0,1,0,1,0,0,0,1
baseline,S_0058513,1,1,1,1,0,0,1.0,0.0,0.0,1,-0.0,False,False,False,False,False,0,0,1,0,1,0,1,0,0,0,1
baseline,S_0058524,1,1,1,0,1,0,0.0,1.0,0.0,1,-0.0,False,False,False,False,False,0,0,1,0,1,0,0,1,0,0,1
baseline,S_0058525,1,1,1,0,1,0,0.0,1.0,0.0,1,-0.0,False,False,False,False,False,0,0,1,0,1,0,0,1,0,0,1
baseline,S_0058546,1,1,1,1,0,0,1.0,0.0,0.0,1,-0.0,False,False,False,False,False,0,0,1,0,1,0,1,0,0,0,1
baseline,S_0058547,1,1,1,1,0,0,1.0,0.0,0.0,1,-0.0,False,False,False,False,False,0,0,1,0,1,0,1,0,0,0,1
baseline,S_0058559,2,2,1,0,2,0,0.0,1.0,0.0,1,-0.0,False,True,False,False,False,0,0,2,0,1,1,1,0,0,0,2
baseline,S_0058582,1,1,1,0,0,1,0.0,0.0,1.0,1,-0.0,False,False,False,False,False,0,0,0,1,1,0,0,0,0,1,1
baseline,S_0058601,1,1,1,0,1,0,0.0,1.0,0.0,1,-0.0,False,False,False,False,False,0,0,1,0,1,0,0,1,0,0,1
baseline,S_0058640,6,6,5,1,4,1,0.16666666666666666,0.6666666666666666,0.16666666666666666,3,0.7896900821428474,True,True,True,True,False,0,0,2,4,2,1,3,0,1,1,4
baseline,S_0058650,1,1,1,0,1,0,0.0,1.0,0.0,1,-0.0,False,False,False,False,False,0,0,1,0,1,0,0,1,0,0,1
baseline,S_0058652,2,2,2,1,1,0,0.5,0.5,0.0,2,0.6309297535714574,False,True,False,False,False,0,0,0,2,1,0,0,0,1,1,2
baseline,S_0058664,1,1,1,0,1,0,0.0,1.0,0.0,1,-0.0,False,False,False,False,False,0,0,1,0,1,1,0,0,0,0,1
baseline,S_0058676,3,3,3,1,2,0,0.3333333333333333,0.6666666666666666,0.0,2,0.5793801642856949,False,True,True,False,False,0,1,1,1,3,0,0,1,2,0,2
baseline,S_0058685,1,1,1,0,0,1,0.0,0.0,1.0,1,-0.0,False,False,False,False,False,0,0,1,0,1,0,1,0,0,0,1
baseline,S_0058696,1,1,1,0,1,0,0.0,1.0,0.0,1,-0.0,False,False,False,False,False,0,0,1,0,1,1,0,0,0,0,1
baseline,S_0058707,1,1,1,1,0,0,1.0,0.0,0.0,1,-0.0,False,False,False,False,False,0,0,1,0,1,1,0,0,0,0,1
baseline,S_0058709,1,1,1,1,0,0,1.0,0.0,0.0,1,-0.0,False,False,False,False,False,0,0,1,0,1,1,0,0,0,0,1
baseline,S_0058711,1,1,1,1,0,0,1.0,0.0,0.0,1,-0.0,False,False,False,False,False,0,0,1,0,1,1,0,0,0,0,1
baseline,S_0058716,1,1,1,0,1,0,0.0,1.0,0.0,1,-0.0,False,False,False,False,False,0,0,1,0,1,0,0,0,1,0,1
baseline,S_0058737,1,1,1,0,1,0,0.0,1.0,0.0,1,-0.0,False,False,False,False,False,0,0,0,1,1,0,1,0,0,0,1
baseline,S_0058738,1,1,1,0,1,0,0.0,1.0,0.0,1,-0.0,False,False,False,False,False,0,0,0,1,1,0,1,0,0,0,1
baseline,S_0058739,2,2,2,1,1,0,0.5,0.5,0.0,2,0.6309297535714574,False,True,False,False,False,0,1,1,0,2,2,0,0,0,0,1
baseline,S_0058743,1,1,1,0,0,1,0.0,0.0,1.0,1,-0.0,False,False,False,False,False,0,0,1,0,1,0,0,0,1,0,1
baseline,S_0058744,1,1,1,0,0,1,0.0,0.0,1.0,1,-0.0,False,False,False,False,False,0,0,1,0,1,0,0,0,1,0,1
baseline,S_0058746,1,1,1,1,0,0,1.0,0.0,0.0,1,-0.0,False,False,False,False,False,0,0,1,0,1,1,0,0,0,0,1
baseline,S_0058751,1,1,1,1,0,0,1.0,0.0,0.0,1,-0.0,False,False,False,False,False,0,0,1,0,1,0,1,0,0,0,1
baseline,S_0058765,1,1,1,0,1,0,0.0,1.0,0.0,1,-0.0,False,False,False,False,False,0,0,0,1,1,0,0,0,1,0,1
baseline,S_0058773,1,1,1,0,1,0,0.0,1.0,0.0,1,-0.0,False,False,False,False,False,0,0,1,0,1,0,0,1,0,0,1
baseline,S_0058777,2,2,2,0,2,0,0.0,1.0,0.0,1,-0.0,False,True,False,False,False,0,0,1,1,2,0,0,1,0,1,2
baseline,S_0058793,1,1,1,0,1,0,0.0,1.0,0.0,1,-0.0,False,False,False,False,False,0,0,1,0,1,0,0,1,0,0,1
baseline,S_0058819,1,1,1,0,1,0,0.0,1.0,0.0,1,-0.0,False,False,False,False,False,0,1,0,0,1,1,0,0,0,0,1
baseline,S_0058830,2,2,2,0,2,0,0.0,1.0,0.0,1,-0.0,False,True,False,False,False,0,0,0,2,1,0,0,0,2,0,1
baseline,S_0058831,1,1,1,0,1,0,0.0,1.0,0.0,1,-0.0,False,False,False,False,False,0,0,0,1,1,0,0,0,1,0,1
baseline,S_0058850,2,2,2,0,2,0,0.0,1.0,0.0,1,-0.0,False,True,False,False,False,0,0,1,1,2,0,1,0,1,0,2
baseline,S_0058851,3,3,3,0,2,1,0.0,0.6666666666666666,0.3333333333333333,2,0.5793801642856949,False,True,True,False,False,0,0,1,2,2,0,1,0,1,1,3
baseline,S_0058869,1,1,1,0,1,0,0.0,1.0,0.0,1,-0.0,False,False,False,False,False,0,1,0,0,1,0,0,0,1,0,1
baseline,S_0058871,1,1,1,0,1,0,0.0,1.0,0.0,1,-0.0,False,False,False,False,False,0,1,0,0,1,0,0,0,1,0,1
baseline,S_0058877,1,1,1,1,0,0,1.0,0.0,0.0,1,-0.0,False,False,False,False,False,0,0,1,0,1,1,0,0,0,0,1
baseline,S_0058885,1,1,1,1,0,0,1.0,0.0,0.0,1,-0.0,False,False,False,False,False,0,0,1,0,1,1,0,0,0,0,1
baseline,S_0058892,1,1,1,1,0,0,1.0,0.0,0.0,1,-0.0,False,False,False,False,False,0,0,1,0,1,1,0,0,0,0,1
baseline,S_0058894,1,1,1,1,0,0,1.0,0.0,0.0,1,-0.0,False,False,False,False,False,0,0,1,0,1,1,0,0,0,0,1
baseline,S_0058917,1,1,1,0,1,0,0.0,1.0,0.0,1,-0.0,False,False,False,False,False,0,0,1,0,1,0,0,0,0,1,1
baseline,S_0058919,1,1,1,0,1,0,0.0,1.0,0.0,1,-0.0,False,False,False,False,False,0,0,1,0,1,0,0,0,0,1,1
baseline,S_0058923,1,1,1,0,1,0,0.0,1.0,0.0,1,-0.0,False,False,False,False,False,0,0,1,0,1,0,0,0,0,1,1
baseline,S_0058927,1,1,1,1,0,0,1.0,0.0,0.0,1,-0.0,False,False,False,False,False,0,0,0,1,1,1,0,0,0,0,1
baseline,S_0058944,1,1,1,0,0,1,0.0,0.0,1.0,1,-0.0,False,False,False,False,False,0,0,1,0,1,0,0,0,1,0,1
baseline,S_0058979,1,1,1,0,1,0,0.0,1.0,0.0,1,-0.0,False,False,False,False,False,0,0,1,0,1,0,0,0,0,1,1
baseline,S_0058980,1,1,1,0,1,0,0.0,1.0,0.0,1,-0.0,False,False,False,False,False,0,0,1,0,1,0,0,0,0,1,1
baseline,S_0058986,1,1,1,0,1,0,0.0,1.0,0.0,1,-0.0,False,False,False,False,False,0,0,1,0,1,0,0,0,0,1,1
baseline,S_0059001,1,1,1,0,1,0,0.0,1.0,0.0,1,-0.0,False,False,False,False,False,0,0,1,0,1,0,0,0,0,1,1
baseline,S_0059005,1,1,1,0,1,0,0.0,1.0,0.0,1,-0.0,False,False,False,False,False,0,0,1,0,1,0,0,0,0,1,1
baseline,S_0059039,4,4,2,1,3,0,0.25,0.75,0.0,2,0.5118595071429147,False,True,True,False,False,0,1,3,0,2,2,0,0,1,1,3
baseline,S_0059056,1,1,1,1,0,0,1.0,0.0,0.0,1,-0.0,False,False,False,False,False,0,0,1,0,1,1,0,0,0,0,1
baseline,S_0059101,1,1,1,0,1,0,0.0,1.0,0.0,1,-0.0,False,False,False,False,False,0,0,0,1,1,0,1,0,0,0,1
baseline,S_0059102,1,1,1,0,1,0,0.0,1.0,0.0,1,-0.0,False,False,False,False,False,0,0,0,1,1,0,1,0,0,0,1
baseline,S_0059103,1,1,1,0,1,0,0.0,1.0,0.0,1,-0.0,False,False,False,False,False,0,0,0,1,1,0,1,0,0,0,1
baseline,S_0059104,1,1,1,0,1,0,0.0,1.0,0.0,1,-0.0,False,False,False,False,False,0,0,0,1,1,0,1,0,0,0,1
baseline,S_0059138,1,1,1,0,1,0,0.0,1.0,0.0,1,-0.0,False,False,False,False,False,0,0,1,0,1,0,1,0,0,0,1
baseline,S_0059139,1,1,1,0,1,0,0.0,1.0,0.0,1,-0.0,False,False,False,False,False,0,0,1,0,1,0,1,0,0,0,1
baseline,S_0059152,1,1,1,0,1,0,0.0,1.0,0.0,1,-0.0,False,False,False,False,False,0,0,1,0,1,0,1,0,0,0,1
baseline,S_0059154,1,1,1,0,1,0,0.0,1.0,0.0,1,-0.0,False,False,False,False,False,0,0,1,0,1,0,1,0,0,0,1
baseline,S_0059171,1,1,1,0,1,0,0.0,1.0,0.0,1,-0.0,False,False,False,False,False,0,0,1,0,1,1,0,0,0,0,1
baseline,S_0059172,1,1,1,0,1,0,0.0,1.0,0.0,1,-0.0,False,False,False,False,False,0,0,1,0,1,1,0,0,0,0,1
baseline,S_0059175,1,1,1,0,1,0,0.0,1.0,0.0,1,-0.0,False,False,False,False,False,0,0,1,0,1,1,0,0,0,0,1
baseline,S_0059176,1,1,1,0,1,0,0.0,1.0,0.0,1,-0.0,False,False,False,False,False,0,0,1,0,1,1,0,0,0,0,1
baseline,S_0059177,1,1,1,0,1,0,0.0,1.0,0.0,1,-0.0,False,False,False,False,False,0,0,1,0,1,1,0,0,0,0,1
baseline,S_0059182,1,1,1,1,0,0,1.0,0.0,0.0,1,-0.0,False,False,False,False,False,0,0,0,1,1,0,0,0,0,1,1
baseline,S_0059183,1,1,1,0,0,1,0.0,0.0,1.0,1,-0.0,False,False,False,False,False,0,0,1,0,1,0,0,0,1,0,1
baseline,S_0059185,4,4,3,2,0,2,0.5,0.0,0.5,2,0.6309297535714574,False,True,True,False,False,0,0,1,3,2,2,0,0,1,1,3
baseline,S_0059186,1,1,1,0,1,0,0.0,1.0,0.0,1,-0.0,False,False,False,False,False,0,0,1,0,1,0,1,0,0,0,1
baseline,S_0059226,1,1,1,0,0,1,0.0,0.0,1.0,1,-0.0,False,False,False,False,False,0,0,1,0,1,0,0,0,1,0,1
baseline,S_0059254,1,1,1,0,0,1,0.0,0.0,1.0,1,-0.0,False,False,False,False,False,0,0,1,0,1,0,0,0,0,1,1
baseline,S_0059256,1,1,1,0,0,1,0.0,0.0,1.0,1,-0.0,False,False,False,False,False,0,0,1,0,1,0,0,0,0,1,1
baseline,S_0059271,1,1,1,0,1,0,0.0,1.0,0.0,1,-0.0,False,False,False,False,False,0,0,0,1,1,1,0,0,0,0,1
baseline,S_0059277,1,1,1,0,1,0,0.0,1.0,0.0,1,-0.0,False,False,False,False,False,0,0,1,0,1,0,0,1,0,0,1
baseline,S_0059292,1,1,1,1,0,0,1.0,0.0,0.0,1,-0.0,False,False,False,False,False,0,0,0,1,1,0,0,0,0,1,1
baseline,S_0059333,1,1,1,0,1,0,0.0,1.0,0.0,1,-0.0,False,False,False,False,False,0,0,1,0,1,0,1,0,0,0,1
baseline,S_0059334,1,1,1,0,1,0,0.0,1.0,0.0,1,-0.0,False,False,False,False,False,0,0,1,0,1,0,1,0,0,0,1
baseline,S_0059338,1,1,1,0,1,0,0.0,1.0,0.0,1,-0.0,False,False,False,False,False,0,0,1,0,1,0,1,0,0,0,1
baseline,S_0059373,1,1,1,0,1,0,0.0,1.0,0.0,1,-0.0,False,False,False,False,False,0,0,1,0,1,0,1,0,0,0,1
baseline,S_0059374,1,1,1,0,1,0,0.0,1.0,0.0,1,-0.0,False,False,False,False,False,0,0,1,0,1,0,1,0,0,0,1
baseline,S_0059395,2,2,1,0,2,0,0.0,1.0,0.0,1,-0.0,False,True,False,False,False,0,0,2,0,1,0,1,0,1,0,2
baseline,S_0059398,2,2,1,1,1,0,0.5,0.5,0.0,2,0.6309297535714574,False,True,False,False,False,0,0,2,0,1,1,0,0,0,1,2
baseline,S_0059399,1,1,1,1,0,0,1.0,0.0,0.0,1,-0.0,False,False,False,False,False,0,0,1,0,1,0,0,0,0,1,1
baseline,S_0059400,6,5,4,2,1,2,0.4,0.2,0.4,3,0.9602297178607612,True,True,True,True,False,0,0,2,3,2,3,0,0,1,1,3
baseline,S_0059401,4,4,3,1,1,2,0.25,0.25,0.5,3,0.946394630357186,False,True,True,False,False,0,0,0,4,1,2,0,0,1,1,3
baseline,S_0059402,1,1,1,0,1,0,0.0,1.0,0.0,1,-0.0,False,False,False,False,False,0,0,1,0,1,0,0,1,0,0,1
baseline,S_0059431,1,1,1,1,0,0,1.0,0.0,0.0,1,-0.0,False,False,False,False,False,0,0,0,1,1,1,0,0,0,0,1
baseline,S_0059503,4,4,3,1,1,2,0.25,0.25,0.5,3,0.946394630357186,False,True,True,False,False,0,0,1,3,2,2,0,0,1,1,3
baseline,S_0059505,1,1,1,0,1,0,0.0,1.0,0.0,1,-0.0,False,False,False,False,False,0,0,1,0,1,0,1,0,0,0,1
baseline,S_0059506,1,1,1,0,1,0,0.0,1.0,0.0,1,-0.0,False,False,False,False,False,0,0,1,0,1,0,1,0,0,0,1
baseline,S_0059508,1,1,1,0,1,0,0.0,1.0,0.0,1,-0.0,False,False,False,False,False,0,0,1,0,1,0,1,0,0,0,1
baseline,S_0059553,1,1,1,0,1,0,0.0,1.0,0.0,1,-0.0,False,False,False,False,False,0,0,1,0,1,1,0,0,0,0,1
baseline,S_0059554,1,1,1,0,1,0,0.0,1.0,0.0,1,-0.0,False,False,False,False,False,0,0,1,0,1,0,0,1,0,0,1
baseline,S_0059575,1,1,1,0,1,0,0.0,1.0,0.0,1,-0.0,False,False,False,False,False,0,0,1,0,1,0,1,0,0,0,1
baseline,S_0059577,1,1,1,0,1,0,0.0,1.0,0.0,1,-0.0,False,False,False,False,False,0,0,1,0,1,0,1,0,0,0,1
baseline,S_0059624,2,2,1,0,2,0,0.0,1.0,0.0,1,-0.0,False,True,False,False,False,0,0,2,0,1,0,1,0,1,0,2
baseline,S_0059626,4,4,3,0,4,0,0.0,1.0,0.0,1,-0.0,False,True,True,False,False,0,0,0,4,1,0,1,0,2,1,3
baseline,S_0059630,6,5,4,1,3,1,0.2,0.6,0.2,3,0.8649735207179272,True,True,True,True,False,0,0,3,2,2,4,0,0,0,1,2
baseline,S_0059631,1,1,1,0,1,0,0.0,1.0,0.0,1,-0.0,False,False,False,False,False,0,0,1,0,1,0,1,0,0,0,1
baseline,S_0059643,2,2,2,1,1,0,0.5,0.5,0.0,2,0.6309297535714574,False,True,False,False,False,0,0,0,2,1,0,0,0,1,1,2
baseline,S_0059656,5,5,4,2,2,1,0.4,0.4,0.2,3,0.9602297178607612,True,True,True,True,False,0,0,0,5,1,2,2,1,0,0,3
baseline,S_0059668,2,2,2,0,2,0,0.0,1.0,0.0,1,-0.0,False,True,False,False,False,0,0,0,2,1,0,1,0,0,1,2
baseline,S_0059706,3,3,3,1,2,0,0.3333333333333333,0.6666666666666666,0.0,2,0.5793801642856949,False,True,True,False,False,0,0,0,3,1,0,1,0,1,1,3
baseline,S_0059736,3,2,3,2,0,0,1.0,0.0,0.0,1,-0.0,False,True,False,False,False,0,0,0,2,1,1,0,0,1,0,2
baseline,S_0059745,1,1,1,0,0,1,0.0,0.0,1.0,1,-0.0,False,False,False,False,False,0,0,0,1,1,0,1,0,0,0,1
baseline,S_0059750,1,1,1,0,1,0,0.0,1.0,0.0,1,-0.0,False,False,False,False,False,0,0,0,1,1,1,0,0,0,0,1
baseline,S_0059751,1,1,1,0,1,0,0.0,1.0,0.0,1,-0.0,False,False,False,False,False,0,0,0,1,1,1,0,0,0,0,1
baseline,S_0059757,1,1,1,0,0,1,0.0,0.0,1.0,1,-0.0,False,False,False,False,False,0,0,0,1,1,0,1,0,0,0,1
baseline,S_0059818,1,1,1,0,1,0,0.0,1.0,0.0,1,-0.0,False,False,False,False,False,0,0,0,1,1,0,1,0,0,0,1
baseline,S_0059819,1,1,1,0,1,0,0.0,1.0,0.0,1,-0.0,False,False,False,False,False,0,0,0,1,1,0,1,0,0,0,1
baseline,S_0059837,1,1,1,1,0,0,1.0,0.0,0.0,1,-0.0,False,False,False,False,False,0,0,0,1,1,0,0,0,1,0,1
baseline,S_0059858,1,1,1,1,0,0,1.0,0.0,0.0,1,-0.0,False,False,False,False,False,0,0,0,1,1,0,0,0,0,1,1
baseline,S_0059868,1,1,1,0,1,0,0.0,1.0,0.0,1,-0.0,False,False,False,False,False,0,0,0,1,1,1,0,0,0,0,1
baseline,S_0059869,1,1,1,0,1,0,0.0,1.0,0.0,1,-0.0,False,False,False,False,False,0,0,0,1,1,1,0,0,0,0,1
baseline,S_0059884,4,4,3,2,1,1,0.5,0.25,0.25,3,0.946394630357186,False,True,True,False,False,0,0,0,4,1,2,1,1,0,0,3
baseline,S_0059885,4,4,3,2,1,1,0.5,0.25,0.25,3,0.946394630357186,False,True,True,False,False,0,0,0,4,1,2,1,1,0,0,3
baseline,S_0059925,1,1,1,1,0,0,1.0,0.0,0.0,1,-0.0,False,False,False,False,False,0,0,0,1,1,1,0,0,0,0,1
baseline,S_0059953,1,1,1,1,0,0,1.0,0.0,0.0,1,-0.0,False,False,False,False,False,0,0,0,1,1,0,0,0,1,0,1
baseline,S_0059972,3,3,3,1,2,0,0.3333333333333333,0.6666666666666666,0.0,2,0.5793801642856949,False,True,True,False,False,0,0,0,3,1,0,1,0,1,1,3
baseline,S_0059973,2,2,2,2,0,0,1.0,0.0,0.0,1,-0.0,False,True,False,False,False,0,0,0,2,1,1,0,0,1,0,2
baseline,S_0059978,1,1,1,0,1,0,0.0,1.0,0.0,1,-0.0,False,False,False,False,False,0,0,0,1,1,1,0,0,0,0,1
baseline,S_0059996,3,3,3,1,2,0,0.3333333333333333,0.6666666666666666,0.0,2,0.5793801642856949,False,True,True,False,False,0,0,0,3,1,0,1,0,1,1,3
baseline,S_0060027,1,1,1,1,0,0,1.0,0.0,0.0,1,-0.0,False,False,False,False,False,0,0,0,1,1,0,0,0,1,0,1
baseline,S_0060030,1,1,1,1,0,0,1.0,0.0,0.0,1,-0.0,False,False,False,False,False,0,0,0,1,1,0,0,0,1,0,1
baseline,S_0060034,2,2,2,2,0,0,1.0,0.0,0.0,1,-0.0,False,True,False,False,False,0,0,0,2,1,1,0,0,1,0,2
baseline,S_0060039,1,1,1,0,1,0,0.0,1.0,0.0,1,-0.0,False,False,False,False,False,0,0,0,1,1,0,1,0,0,0,1
baseline,S_0060040,1,1,1,0,1,0,0.0,1.0,0.0,1,-0.0,False,False,False,False,False,0,0,0,1,1,0,1,0,0,0,1
baseline,S_0060044,1,1,1,0,0,1,0.0,0.0,1.0,1,-0.0,False,False,False,False,False,0,0,0,1,1,0,1,0,0,0,1
baseline,S_0060045,2,2,1,1,1,0,0.5,0.5,0.0,2,0.6309297535714574,False,True,False,False,False,0,0,0,2,1,1,0,0,1,0,2
baseline,S_0060053,3,3,3,1,2,0,0.3333333333333333,0.6666666666666666,0.0,2,0.5793801642856949,False,True,True,False,False,0,0,0,3,1,0,1,0,1,1,3
baseline,S_0060061,1,1,1,0,0,1,0.0,0.0,1.0,1,-0.0,False,False,False,False,False,0,0,0,1,1,0,0,0,0,1,1
baseline,S_0060066,3,3,3,1,2,0,0.3333333333333333,0.6666666666666666,0.0,2,0.5793801642856949,False,True,True,False,False,0,0,0,3,1,0,1,0,1,1,3
baseline,S_0060068,1,1,1,1,0,0,1.0,0.0,0.0,1,-0.0,False,False,False,False,False,0,0,0,1,1,0,0,0,1,0,1
baseline,S_0060087,1,1,1,1,0,0,1.0,0.0,0.0,1,-0.0,False,False,False,False,False,0,0,0,1,1,0,0,0,0,1,1
baseline,S_0060095,1,1,1,0,1,0,0.0,1.0,0.0,1,-0.0,False,False,False,False,False,0,0,0,1,1,1,0,0,0,0,1
baseline,S_0060099,1,1,1,1,0,0,1.0,0.0,0.0,1,-0.0,False,False,False,False,False,0,0,0,1,1,0,0,0,1,0,1
baseline,S_0060101,1,1,1,0,1,0,0.0,1.0,0.0,1,-0.0,False,False,False,False,False,0,0,0,1,1,1,0,0,0,0,1
baseline,S_0060110,4,4,2,2,2,0,0.5,0.5,0.0,2,0.6309297535714574,False,True,True,False,False,0,0,0,4,1,2,1,1,0,0,3
baseline,S_0060124,4,4,3,1,1,2,0.25,0.25,0.5,3,0.946394630357186,False,True,True,False,False,0,0,0,4,1,2,0,0,1,1,3
baseline,S_0060138,1,1,1,1,0,0,1.0,0.0,0.0,1,-0.0,False,False,False,False,False,0,0,0,1,1,0,0,0,1,0,1
baseline,S_0060139,4,4,3,1,1,2,0.25,0.25,0.5,3,0.946394630357186,False,True,True,False,False,0,0,0,4,1,2,0,0,1,1,3
baseline,S_0060151,1,1,1,0,1,0,0.0,1.0,0.0,1,-0.0,False,False,False,False,False,0,0,0,1,1,0,0,0,0,1,1
baseline,S_0060156,1,1,1,1,0,0,1.0,0.0,0.0,1,-0.0,False,False,False,False,False,0,0,0,1,1,0,0,0,1,0,1
baseline,S_0060163,1,1,1,1,0,0,1.0,0.0,0.0,1,-0.0,False,False,False,False,False,0,0,0,1,1,0,0,0,1,0,1
baseline,S_0060164,1,1,1,1,0,0,1.0,0.0,0.0,1,-0.0,False,False,False,False,False,0,0,0,1,1,0,0,0,1,0,1
baseline,S_0060185,4,4,3,1,1,2,0.25,0.25,0.5,3,0.946394630357186,False,True,True,False,False,0,0,0,4,1,2,0,0,1,1,3
baseline,S_0060187,1,1,1,0,1,0,0.0,1.0,0.0,1,-0.0,False,False,False,False,False,0,0,0,1,1,1,0,0,0,0,1
baseline,S_0060189,1,1,1,1,0,0,1.0,0.0,0.0,1,-0.0,False,False,False,False,False,0,0,0,1,1,0,0,0,1,0,1
baseline,S_0060190,1,1,1,0,1,0,0.0,1.0,0.0,1,-0.0,False,False,False,False,False,0,0,0,1,1,1,0,0,0,0,1
baseline,S_0060220,1,1,1,1,0,0,1.0,0.0,0.0,1,-0.0,False,False,False,False,False,0,0,0,1,1,0,0,0,0,1,1
baseline,S_0060254,3,3,3,1,2,0,0.3333333333333333,0.6666666666666666,0.0,2,0.5793801642856949,False,True,True,False,False,0,0,0,3,1,0,1,0,1,1,3
baseline,S_0060259,2,2,2,0,1,1,0.0,0.5,0.5,2,0.6309297535714574,False,True,False,False,False,0,0,0,2,1,2,0,0,0,0,1
baseline,S_0060284,1,1,1,1,0,0,1.0,0.0,0.0,1,-0.0,False,False,False,False,False,0,0,0,1,1,0,0,0,1,0,1
baseline,S_0060316,1,1,1,0,1,0,0.0,1.0,0.0,1,-0.0,False,False,False,False,False,0,0,0,1,1,0,0,0,1,0,1
baseline,S_0060317,1,1,1,0,1,0,0.0,1.0,0.0,1,-0.0,False,False,False,False,False,0,0,0,1,1,0,0,0,1,0,1
baseline,S_0060330,1,1,1,1,0,0,1.0,0.0,0.0,1,-0.0,False,False,False,False,False,0,0,0,1,1,1,0,0,0,0,1
baseline,S_0060342,3,3,3,2,1,0,0.6666666666666666,0.3333333333333333,0.0,2,0.5793801642856949,False,True,True,False,False,0,0,0,3,1,1,1,0,1,0,3
baseline,S_0060349,1,1,1,1,0,0,1.0,0.0,0.0,1,-0.0,False,False,False,False,False,0,0,0,1,1,0,0,0,1,0,1
baseline,S_0060356,2,2,2,2,0,0,1.0,0.0,0.0,1,-0.0,False,True,False,False,False,0,0,0,2,1,0,1,0,1,0,2
baseline,S_0060359,1,1,1,1,0,0,1.0,0.0,0.0,1,-0.0,False,False,False,False,False,0,0,0,1,1,0,0,0,1,0,1
baseline,S_0060367,1,1,1,0,1,0,0.0,1.0,0.0,1,-0.0,False,False,False,False,False,0,0,0,1,1,0,0,0,1,0,1
baseline,S_0060368,1,1,1,0,1,0,0.0,1.0,0.0,1,-0.0,False,False,False,False,False,0,0,0,1,1,0,0,0,1,0,1
baseline,S_0060369,2,2,2,2,0,0,1.0,0.0,0.0,1,-0.0,False,True,False,False,False,0,0,0,2,1,0,1,0,1,0,2
baseline,S_0060376,1,1,1,0,0,1,0.0,0.0,1.0,1,-0.0,False,False,False,False,False,0,0,0,1,1,0,1,0,0,0,1
baseline,S_0060384,1,1,1,0,0,1,0.0,0.0,1.0,1,-0.0,False,False,False,False,False,0,0,0,1,1,0,1,0,0,0,1
baseline,S_0060385,1,1,1,0,1,0,0.0,1.0,0.0,1,-0.0,False,False,False,False,False,0,0,0,1,1,1,0,0,0,0,1
baseline,S_0060394,1,1,1,0,1,0,0.0,1.0,0.0,1,-0.0,False,False,False,False,False,0,0,0,1,1,1,0,0,0,0,1
baseline,S_0060395,2,2,2,2,0,0,1.0,0.0,0.0,1,-0.0,False,True,False,False,False,0,0,0,2,1,0,1,0,1,0,2
baseline,S_0060414,1,1,1,0,0,1,0.0,0.0,1.0,1,-0.0,False,False,False,False,False,0,0,0,1,1,0,1,0,0,0,1
baseline,S_0060416,1,1,1,1,0,0,1.0,0.0,0.0,1,-0.0,False,False,False,False,False,0,0,0,1,1,0,0,0,1,0,1
baseline,S_0060440,6,6,5,0,4,2,0.0,0.6666666666666666,0.3333333333333333,2,0.5793801642856949,True,True,True,True,False,0,0,0,6,1,1,1,0,2,2,4
baseline,S_0060441,6,6,5,0,4,2,0.0,0.6666666666666666,0.3333333333333333,2,0.5793801642856949,True,True,True,True,False,0,0,0,6,1,1,1,0,2,2,4
baseline,S_0060448,2,2,2,1,1,0,0.5,0.5,0.0,2,0.6309297535714574,False,True,False,False,False,0,0,0,2,1,0,0,0,1,1,2
baseline,S_0060454,2,2,2,1,1,0,0.5,0.5,0.0,2,0.6309297535714574,False,True,False,False,False,0,0,0,2,1,0,0,0,1,1,2
baseline,S_0060468,1,1,1,1,0,0,1.0,0.0,0.0,1,-0.0,False,False,False,False,False,0,0,0,1,1,0,0,0,1,0,1
baseline,S_0060475,3,3,3,0,1,2,0.0,0.3333333333333333,0.6666666666666666,2,0.5793801642856949,False,True,True,False,False,0,0,0,3,1,1,0,0,1,1,3
baseline,S_0060487,2,2,2,2,0,0,1.0,0.0,0.0,1,-0.0,False,True,False,False,False,0,0,0,2,1,1,0,0,1,0,2
baseline,S_0060496,1,1,1,0,1,0,0.0,1.0,0.0,1,-0.0,False,False,False,False,False,0,0,0,1,1,0,0,0,1,0,1
baseline,S_0060497,1,1,1,0,1,0,0.0,1.0,0.0,1,-0.0,False,False,False,False,False,0,0,0,1,1,0,0,0,1,0,1
baseline,S_0060498,3,3,3,0,1,2,0.0,0.3333333333333333,0.6666666666666666,2,0.5793801642856949,False,True,True,False,False,0,0,0,3,1,1,0,0,1,1,3
baseline,S_0060512,2,2,2,1,1,0,0.5,0.5,0.0,2,0.6309297535714574,False,True,False,False,False,0,0,0,2,1,0,0,0,1,1,2
baseline,S_0060517,2,2,2,1,1,0,0.5,0.5,0.0,2,0.6309297535714574,False,True,False,False,False,0,0,0,2,1,0,0,0,1,1,2
baseline,S_0060518,1,1,1,1,0,0,1.0,0.0,0.0,1,-0.0,False,False,False,False,False,0,0,0,1,1,0,0,0,1,0,1
baseline,S_0060522,1,1,1,1,0,0,1.0,0.0,0.0,1,-0.0,False,False,False,False,False,0,0,0,1,1,0,0,0,1,0,1
baseline,S_0060531,2,2,2,2,0,0,1.0,0.0,0.0,1,-0.0,False,True,False,False,False,0,0,0,2,1,0,1,0,1,0,2
baseline,S_0060546,1,1,1,1,0,0,1.0,0.0,0.0,1,-0.0,False,False,False,False,False,0,0,0,1,1,0,0,0,1,0,1
baseline,S_0060551,4,4,2,2,2,0,0.5,0.5,0.0,2,0.6309297535714574,False,True,True,False,False,0,0,0,4,1,2,1,1,0,0,3
baseline,S_0060553,4,4,2,2,2,0,0.5,0.5,0.0,2,0.6309297535714574,False,True,True,False,False,0,0,0,4,1,2,1,1,0,0,3
baseline,S_0060574,1,1,1,0,1,0,0.0,1.0,0.0,1,-0.0,False,False,False,False,False,0,0,0,1,1,0,0,0,0,1,1
baseline,S_0060580,1,1,1,0,0,1,0.0,0.0,1.0,1,-0.0,False,False,False,False,False,0,0,0,1,1,0,1,0,0,0,1
baseline,S_0060584,1,1,1,1,0,0,1.0,0.0,0.0,1,-0.0,False,False,False,False,False,0,0,0,1,1,0,0,0,1,0,1
baseline,S_0060586,1,1,1,0,0,1,0.0,0.0,1.0,1,-0.0,False,False,False,False,False,0,0,0,1,1,0,1,0,0,0,1
baseline,S_0060587,1,1,1,0,0,1,0.0,0.0,1.0,1,-0.0,False,False,False,False,False,0,0,0,1,1,0,1,0,0,0,1
baseline,S_0060588,1,1,1,0,0,1,0.0,0.0,1.0,1,-0.0,False,False,False,False,False,0,0,0,1,1,0,1,0,0,0,1
baseline,S_0060592,1,1,1,1,0,0,1.0,0.0,0.0,1,-0.0,False,False,False,False,False,0,0,0,1,1,0,0,0,1,0,1
baseline,S_0060603,4,4,3,1,1,2,0.25,0.25,0.5,3,0.946394630357186,False,True,True,False,False,0,0,0,4,1,2,0,0,1,1,3
baseline,S_0060606,2,2,2,2,0,0,1.0,0.0,0.0,1,-0.0,False,True,False,False,False,0,0,0,2,1,1,0,0,1,0,2
baseline,S_0060628,1,1,1,0,1,0,0.0,1.0,0.0,1,-0.0,False,False,False,False,False,0,0,0,1,1,0,0,0,0,1,1
baseline,S_0060634,3,3,3,0,1,2,0.0,0.3333333333333333,0.6666666666666666,2,0.5793801642856949,False,True,True,False,False,0,0,0,3,1,1,0,0,1,1,3
baseline,S_0060635,3,3,3,0,1,2,0.0,0.3333333333333333,0.6666666666666666,2,0.5793801642856949,False,True,True,False,False,0,0,0,3,1,1,0,0,1,1,3
baseline,S_0060642,4,4,3,2,1,1,0.5,0.25,0.25,3,0.946394630357186,False,True,True,False,False,0,0,0,4,1,2,1,1,0,0,3
baseline,S_0060644,4,4,3,2,1,1,0.5,0.25,0.25,3,0.946394630357186,False,True,True,False,False,0,0,0,4,1,2,1,1,0,0,3
baseline,S_0060646,1,1,1,0,1,0,0.0,1.0,0.0,1,-0.0,False,False,False,False,False,0,0,0,1,1,0,0,0,0,1,1
baseline,S_0060673,1,1,1,1,0,0,1.0,0.0,0.0,1,-0.0,False,False,False,False,False,0,0,0,1,1,0,0,0,0,1,1
baseline,S_0060678,2,2,2,2,0,0,1.0,0.0,0.0,1,-0.0,False,True,False,False,False,0,0,0,2,1,1,0,0,1,0,2
baseline,S_0060704,2,2,2,2,0,0,1.0,0.0,0.0,1,-0.0,False,True,False,False,False,0,0,0,2,1,1,0,0,1,0,2
baseline,S_0060709,1,1,1,0,1,0,0.0,1.0,0.0,1,-0.0,False,False,False,False,False,0,0,0,1,1,1,0,0,0,0,1
baseline,S_0060726,1,1,1,1,0,0,1.0,0.0,0.0,1,-0.0,False,False,False,False,False,0,0,0,1,1,0,0,0,1,0,1
baseline,S_0060739,1,1,1,0,1,0,0.0,1.0,0.0,1,-0.0,False,False,False,False,False,0,0,0,1,1,1,0,0,0,0,1
baseline,S_0060760,5,5,4,2,2,1,0.4,0.4,0.2,3,0.9602297178607612,True,True,True,True,False,0,0,0,5,1,2,2,1,0,0,3
baseline,S_0060763,5,5,4,2,2,1,0.4,0.4,0.2,3,0.9602297178607612,True,True,True,True,False,0,0,0,5,1,2,2,1,0,0,3
baseline,S_0060764,1,1,1,0,1,0,0.0,1.0,0.0,1,-0.0,False,False,False,False,False,0,0,0,1,1,0,0,0,0,1,1
baseline,S_0060765,1,1,1,0,1,0,0.0,1.0,0.0,1,-0.0,False,False,False,False,False,0,0,0,1,1,0,0,0,0,1,1
baseline,S_0060770,1,1,1,1,0,0,1.0,0.0,0.0,1,-0.0,False,False,False,False,False,0,0,0,1,1,0,0,0,1,0,1
baseline,S_0060785,1,1,1,1,0,0,1.0,0.0,0.0,1,-0.0,False,False,False,False,False,0,0,0,1,1,0,0,0,0,1,1
baseline,S_0060804,1,1,1,0,1,0,0.0,1.0,0.0,1,-0.0,False,False,False,False,False,0,0,0,1,1,1,0,0,0,0,1
baseline,S_0060812,1,1,1,1,0,0,1.0,0.0,0.0,1,-0.0,False,False,False,False,False,0,0,0,1,1,0,0,0,1,0,1
baseline,S_0060821,7,7,6,2,5,0,0.2857142857142857,0.7142857142857143,0.0,2,0.5445684476282007,True,True,True,True,False,0,0,0,7,1,1,2,0,3,1,4
baseline,S_0060833,7,7,6,2,5,0,0.2857142857142857,0.7142857142857143,0.0,2,0.5445684476282007,True,True,True,True,False,0,0,0,7,1,1,2,0,3,1,4
baseline,S_0060849,1,1,1,1,0,0,1.0,0.0,0.0,1,-0.0,False,False,False,False,False,0,0,0,1,1,0,0,0,1,0,1
baseline,S_0060863,1,1,1,1,0,0,1.0,0.0,0.0,1,-0.0,False,False,False,False,False,0,0,0,1,1,0,0,0,1,0,1
baseline,S_0060864,1,1,1,1,0,0,1.0,0.0,0.0,1,-0.0,False,False,False,False,False,0,0,0,1,1,0,0,0,1,0,1
baseline,S_0060880,1,1,1,0,1,0,0.0,1.0,0.0,1,-0.0,False,False,False,False,False,0,0,0,1,1,0,0,0,1,0,1
baseline,S_0060881,1,1,1,0,1,0,0.0,1.0,0.0,1,-0.0,False,False,False,False,False,0,0,0,1,1,0,0,0,1,0,1
baseline,S_0060892,2,2,2,0,1,1,0.0,0.5,0.5,2,0.6309297535714574,False,True,False,False,False,0,0,0,2,1,0,0,0,1,1,2
baseline,S_0060893,2,2,2,0,1,1,0.0,0.5,0.5,2,0.6309297535714574,False,True,False,False,False,0,0,0,2,1,0,0,0,1,1,2
baseline,S_0060912,2,2,2,0,1,1,0.0,0.5,0.5,2,0.6309297535714574,False,True,False,False,False,0,0,0,2,1,0,0,0,1,1,2
baseline,S_0060913,2,2,2,0,1,1,0.0,0.5,0.5,2,0.6309297535714574,False,True,False,False,False,0,0,0,2,1,0,0,0,1,1,2
baseline,S_0060941,2,2,2,2,0,0,1.0,0.0,0.0,1,-0.0,False,True,False,False,False,0,0,0,2,1,1,0,0,1,0,2
baseline,S_0060972,2,2,2,2,0,0,1.0,0.0,0.0,1,-0.0,False,True,False,False,False,0,0,0,2,1,1,0,0,1,0,2
baseline,S_0060980,1,1,1,1,0,0,1.0,0.0,0.0,1,-0.0,False,False,False,False,False,0,0,0,1,1,0,0,0,1,0,1
baseline,S_0061020,3,3,3,0,1,2,0.0,0.3333333333333333,0.6666666666666666,2,0.5793801642856949,False,True,True,False,False,0,0,0,3,1,1,0,0,1,1,3
baseline,S_0061027,3,3,3,0,1,2,0.0,0.3333333333333333,0.6666666666666666,2,0.5793801642856949,False,True,True,False,False,0,0,0,3,1,1,0,0,1,1,3
baseline,S_0061076,2,2,2,2,0,0,1.0,0.0,0.0,1,-0.0,False,True,False,False,False,0,0,0,2,1,1,0,0,1,0,2
baseline,S_0061085,1,1,1,1,0,0,1.0,0.0,0.0,1,-0.0,False,False,False,False,False,0,0,0,1,1,0,0,0,1,0,1
baseline,S_0061092,2,2,2,2,0,0,1.0,0.0,0.0,1,-0.0,False,True,False,False,False,0,0,0,2,1,1,0,0,1,0,2
baseline,S_0061104,1,1,1,1,0,0,1.0,0.0,0.0,1,-0.0,False,False,False,False,False,0,0,0,1,1,0,0,0,1,0,1
baseline,S_0061110,2,2,2,1,1,0,0.5,0.5,0.0,2,0.6309297535714574,False,True,False,False,False,0,0,0,2,1,0,0,0,1,1,2
baseline,S_0061111,2,2,2,1,1,0,0.5,0.5,0.0,2,0.6309297535714574,False,True,False,False,False,0,0,0,2,1,0,0,0,1,1,2
baseline,S_0061113,4,4,3,1,1,2,0.25,0.25,0.5,3,0.946394630357186,False,True,True,False,False,0,0,0,4,1,2,0,0,1,1,3
baseline,S_0061115,1,1,1,0,1,0,0.0,1.0,0.0,1,-0.0,False,False,False,False,False,0,0,0,1,1,0,0,0,1,0,1
baseline,S_0061116,1,1,1,1,0,0,1.0,0.0,0.0,1,-0.0,False,False,False,False,False,0,0,0,1,1,0,0,0,1,0,1
baseline,S_0061120,1,1,1,0,1,0,0.0,1.0,0.0,1,-0.0,False,False,False,False,False,0,0,0,1,1,0,0,0,1,0,1
baseline,S_0061121,2,2,2,2,0,0,1.0,0.0,0.0,1,-0.0,False,True,False,False,False,0,0,0,2,1,1,0,0,1,0,2
baseline,S_0061130,1,1,1,0,1,0,0.0,1.0,0.0,1,-0.0,False,False,False,False,False,0,0,0,1,1,1,0,0,0,0,1
baseline,S_0061133,1,1,1,1,0,0,1.0,0.0,0.0,1,-0.0,False,False,False,False,False,0,0,0,1,1,0,0,0,1,0,1
baseline,S_0061144,1,1,1,0,1,0,0.0,1.0,0.0,1,-0.0,False,False,False,False,False,0,0,0,1,1,1,0,0,0,0,1
baseline,S_0061152,1,1,1,1,0,0,1.0,0.0,0.0,1,-0.0,False,False,False,False,False,0,0,0,1,1,0,0,0,1,0,1
baseline,S_0061175,4,4,3,1,1,2,0.25,0.25,0.5,3,0.946394630357186,False,True,True,False,False,0,0,0,4,1,2,0,0,1,1,3
baseline,S_0061198,1,1,1,1,0,0,1.0,0.0,0.0,1,-0.0,False,False,False,False,False,0,0,0,1,1,0,0,0,1,0,1
baseline,S_0061203,5,5,4,2,2,1,0.4,0.4,0.2,3,0.9602297178607612,True,True,True,True,False,0,0,0,5,1,2,2,1,0,0,3
baseline,S_0061205,5,5,4,2,2,1,0.4,0.4,0.2,3,0.9602297178607612,True,True,True,True,False,0,0,0,5,1,2,2,1,0,0,3
baseline,S_0061208,1,1,1,1,0,0,1.0,0.0,0.0,1,-0.0,False,False,False,False,False,0,0,0,1,1,0,0,0,1,0,1
baseline,S_0061235,1,1,1,1,0,0,1.0,0.0,0.0,1,-0.0,False,False,False,False,False,0,0,0,1,1,0,0,0,1,0,1
baseline,S_0061238,2,2,2,2,0,0,1.0,0.0,0.0,1,-0.0,False,True,False,False,False,0,0,0,2,1,1,0,0,1,0,2
baseline,S_0061244,2,2,2,2,0,0,1.0,0.0,0.0,1,-0.0,False,True,False,False,False,0,0,0,2,1,0,1,0,1,0,2
baseline,S_0061256,3,3,3,2,1,0,0.6666666666666666,0.3333333333333333,0.0,2,0.5793801642856949,False,True,True,False,False,0,0,0,3,1,1,1,0,1,0,3
baseline,S_0061260,1,1,1,1,0,0,1.0,0.0,0.0,1,-0.0,False,False,False,False,False,0,0,0,1,1,0,0,0,1,0,1
baseline,S_0061265,3,3,3,0,1,2,0.0,0.3333333333333333,0.6666666666666666,2,0.5793801642856949,False,True,True,False,False,0,0,0,3,1,1,0,0,1,1,3
baseline,S_0061268,4,4,2,2,2,0,0.5,0.5,0.0,2,0.6309297535714574,False,True,True,False,False,0,0,0,4,1,2,1,1,0,0,3
baseline,S_0061270,1,1,1,1,0,0,1.0,0.0,0.0,1,-0.0,False,False,False,False,False,0,0,0,1,1,0,0,0,1,0,1
baseline,S_0061281,1,1,1,1,0,0,1.0,0.0,0.0,1,-0.0,False,False,False,False,False,0,0,0,1,1,0,0,0,1,0,1
baseline,S_0061305,1,1,1,1,0,0,1.0,0.0,0.0,1,-0.0,False,False,False,False,False,0,0,0,1,1,0,0,0,1,0,1
baseline,S_0061306,1,1,1,0,1,0,0.0,1.0,0.0,1,-0.0,False,False,False,False,False,0,0,0,1,1,1,0,0,0,0,1
baseline,S_0061309,1,1,1,0,1,0,0.0,1.0,0.0,1,-0.0,False,False,False,False,False,0,0,0,1,1,1,0,0,0,0,1
baseline,S_0061317,1,1,1,1,0,0,1.0,0.0,0.0,1,-0.0,False,False,False,False,False,0,0,0,1,1,0,0,0,1,0,1
baseline,S_0061330,1,1,1,1,0,0,1.0,0.0,0.0,1,-0.0,False,False,False,False,False,0,0,0,1,1,0,0,0,1,0,1
baseline,S_0061332,2,2,2,1,1,0,0.5,0.5,0.0,2,0.6309297535714574,False,True,False,False,False,0,0,0,2,1,0,0,0,1,1,2
baseline,S_0061333,2,2,2,1,1,0,0.5,0.5,0.0,2,0.6309297535714574,False,True,False,False,False,0,0,0,2,1,0,0,0,1,1,2
baseline,S_0061334,1,1,1,0,1,0,0.0,1.0,0.0,1,-0.0,False,False,False,False,False,0,0,0,1,1,0,0,0,0,1,1
baseline,S_0061344,1,1,1,0,0,1,0.0,0.0,1.0,1,-0.0,False,False,False,False,False,0,0,0,1,1,0,1,0,0,0,1
baseline,S_0061345,1,1,1,0,0,1,0.0,0.0,1.0,1,-0.0,False,False,False,False,False,0,0,0,1,1,0,1,0,0,0,1
baseline,S_0061355,1,1,1,0,0,1,0.0,0.0,1.0,1,-0.0,False,False,False,False,False,0,0,0,1,1,0,0,0,0,1,1
baseline,S_0061361,1,1,1,0,1,0,0.0,1.0,0.0,1,-0.0,False,False,False,False,False,0,0,0,1,1,0,0,0,1,0,1
baseline,S_0061364,1,1,1,0,1,0,0.0,1.0,0.0,1,-0.0,False,False,False,False,False,0,0,0,1,1,0,0,0,1,0,1
baseline,S_0061366,1,1,1,1,0,0,1.0,0.0,0.0,1,-0.0,False,False,False,False,False,0,0,0,1,1,0,0,0,1,0,1
baseline,S_0061371,1,1,1,1,0,0,1.0,0.0,0.0,1,-0.0,False,False,False,False,False,0,0,0,1,1,0,0,0,1,0,1
baseline,S_0061378,4,4,3,2,1,1,0.5,0.25,0.25,3,0.946394630357186,False,True,True,False,False,0,0,0,4,1,2,1,1,0,0,3
baseline,S_0061379,4,4,3,2,1,1,0.5,0.25,0.25,3,0.946394630357186,False,True,True,False,False,0,0,0,4,1,2,1,1,0,0,3
baseline,S_0061387,1,1,1,1,0,0,1.0,0.0,0.0,1,-0.0,False,False,False,False,False,0,0,0,1,1,0,0,0,0,1,1
baseline,S_0061388,2,2,2,0,1,1,0.0,0.5,0.5,2,0.6309297535714574,False,True,False,False,False,0,0,0,2,1,2,0,0,0,0,1
baseline,S_0061390,2,2,2,2,0,0,1.0,0.0,0.0,1,-0.0,False,True,False,False,False,0,0,0,2,1,1,0,0,1,0,2
baseline,S_0061396,2,2,2,2,0,0,1.0,0.0,0.0,1,-0.0,False,True,False,False,False,0,0,0,2,1,1,0,0,1,0,2
baseline,S_0061402,5,5,4,0,5,0,0.0,1.0,0.0,1,-0.0,True,True,True,True,False,0,0,0,5,1,0,1,0,3,1,3
baseline,S_0061410,1,1,1,0,1,0,0.0,1.0,0.0,1,-0.0,False,False,False,False,False,0,0,0,1,1,0,0,0,0,1,1
baseline,S_0061418,1,1,1,1,0,0,1.0,0.0,0.0,1,-0.0,False,False,False,False,False,0,0,0,1,1,0,0,0,0,1,1
baseline,S_0061433,1,1,1,0,0,1,0.0,0.0,1.0,1,-0.0,False,False,False,False,False,0,0,0,1,1,0,1,0,0,0,1
baseline,S_0061447,2,2,2,0,1,1,0.0,0.5,0.5,2,0.6309297535714574,False,True,False,False,False,0,0,0,2,1,2,0,0,0,0,1
baseline,S_0061448,5,5,4,0,4,1,0.0,0.8,0.2,2,0.4554859150035952,True,True,True,True,False,0,0,0,5,1,0,1,0,2,2,3
baseline,S_0061449,5,5,4,0,4,1,0.0,0.8,0.2,2,0.4554859150035952,True,True,True,True,False,0,0,0,5,1,0,1,0,2,2,3
baseline,S_0061467,2,2,2,1,1,0,0.5,0.5,0.0,2,0.6309297535714574,False,True,False,False,False,0,0,0,2,1,0,0,0,1,1,2
baseline,S_0061468,2,2,2,1,1,0,0.5,0.5,0.0,2,0.6309297535714574,False,True,False,False,False,0,0,0,2,1,0,0,0,1,1,2
baseline,S_0061470,1,1,1,1,0,0,1.0,0.0,0.0,1,-0.0,False,False,False,False,False,0,0,0,1,1,0,0,0,1,0,1
baseline,S_0061471,1,1,1,1,0,0,1.0,0.0,0.0,1,-0.0,False,False,False,False,False,0,0,0,1,1,0,0,0,1,0,1
baseline,S_0061472,1,1,1,1,0,0,1.0,0.0,0.0,1,-0.0,False,False,False,False,False,0,0,0,1,1,0,0,0,1,0,1
baseline,S_0061478,2,2,2,2,0,0,1.0,0.0,0.0,1,-0.0,False,True,False,False,False,0,0,0,2,1,1,0,0,1,0,2
baseline,S_0061482,1,1,1,0,0,1,0.0,0.0,1.0,1,-0.0,False,False,False,False,False,0,0,0,1,1,0,0,0,0,1,1
baseline,S_0061484,1,1,1,1,0,0,1.0,0.0,0.0,1,-0.0,False,False,False,False,False,0,0,0,1,1,0,0,0,1,0,1
baseline,S_0061491,1,1,1,0,1,0,0.0,1.0,0.0,1,-0.0,False,False,False,False,False,0,0,0,1,1,0,0,0,1,0,1
baseline,S_0061492,1,1,1,0,1,0,0.0,1.0,0.0,1,-0.0,False,False,False,False,False,0,0,0,1,1,0,0,0,1,0,1
baseline,S_0061498,1,1,1,1,0,0,1.0,0.0,0.0,1,-0.0,False,False,False,False,False,0,0,0,1,1,0,0,0,1,0,1
baseline,S_0061517,4,4,3,2,1,1,0.5,0.25,0.25,3,0.946394630357186,False,True,True,False,False,0,0,0,4,1,2,1,1,0,0,3
baseline,S_0061518,4,4,3,2,1,1,0.5,0.25,0.25,3,0.946394630357186,False,True,True,False,False,0,0,0,4,1,2,1,1,0,0,3
baseline,S_0061519,4,4,2,2,2,0,0.5,0.5,0.0,2,0.6309297535714574,False,True,True,False,False,0,0,0,4,1,2,1,1,0,0,3
baseline,S_0061520,4,4,2,2,2,0,0.5,0.5,0.0,2,0.6309297535714574,False,True,True,False,False,0,0,0,4,1,2,1,1,0,0,3
baseline,S_0061526,1,1,1,1,0,0,1.0,0.0,0.0,1,-0.0,False,False,False,False,False,0,0,0,1,1,0,0,0,1,0,1
baseline,S_0061528,2,2,2,2,0,0,1.0,0.0,0.0,1,-0.0,False,True,False,False,False,0,0,0,2,1,1,0,0,1,0,2
baseline,S_0061530,3,3,3,2,1,0,0.6666666666666666,0.3333333333333333,0.0,2,0.5793801642856949,False,True,True,False,False,0,0,0,3,1,1,1,0,1,0,3
baseline,S_0061545,1,1,1,0,0,1,0.0,0.0,1.0,1,-0.0,False,False,False,False,False,0,0,0,1,1,0,1,0,0,0,1
baseline,S_0061546,1,1,1,0,0,1,0.0,0.0,1.0,1,-0.0,False,False,False,False,False,0,0,0,1,1,0,1,0,0,0,1
baseline,S_0061557,4,4,3,2,1,1,0.5,0.25,0.25,3,0.946394630357186,False,True,True,False,False,0,0,0,4,1,2,1,1,0,0,3
baseline,S_0061558,4,4,3,2,1,1,0.5,0.25,0.25,3,0.946394630357186,False,True,True,False,False,0,0,0,4,1,2,1,1,0,0,3
baseline,S_0061563,3,3,3,2,1,0,0.6666666666666666,0.3333333333333333,0.0,2,0.5793801642856949,False,True,True,False,False,0,0,0,3,1,1,1,0,1,0,3
baseline,S_0061571,1,1,1,0,0,1,0.0,0.0,1.0,1,-0.0,False,False,False,False,False,0,0,0,1,1,1,0,0,0,0,1
baseline,S_0061572,1,1,1,1,0,0,1.0,0.0,0.0,1,-0.0,False,False,False,False,False,0,0,0,1,1,0,0,0,1,0,1
baseline,S_0061579,1,1,1,1,0,0,1.0,0.0,0.0,1,-0.0,False,False,False,False,False,0,0,0,1,1,0,0,0,1,0,1
baseline,S_0061602,3,3,3,1,2,0,0.3333333333333333,0.6666666666666666,0.0,2,0.5793801642856949,False,True,True,False,False,0,0,0,3,1,0,1,0,1,1,3
baseline,S_0061609,1,1,1,1,0,0,1.0,0.0,0.0,1,-0.0,False,False,False,False,False,0,0,0,1,1,0,0,0,0,1,1
baseline,S_0061614,3,3,3,1,2,0,0.3333333333333333,0.6666666666666666,0.0,2,0.5793801642856949,False,True,True,False,False,0,0,0,3,1,0,1,0,1,1,3
baseline,S_0061624,3,3,3,2,1,0,0.6666666666666666,0.3333333333333333,0.0,2,0.5793801642856949,False,True,True,False,False,0,0,0,3,1,1,1,0,1,0,3
baseline,S_0061646,3,3,3,2,1,0,0.6666666666666666,0.3333333333333333,0.0,2,0.5793801642856949,False,True,True,False,False,0,0,0,3,1,1,1,0,1,0,3
baseline,S_0061650,3,3,3,2,1,0,0.6666666666666666,0.3333333333333333,0.0,2,0.5793801642856949,False,True,True,False,False,0,0,0,3,1,1,1,0,1,0,3
baseline,S_0061652,2,2,2,0,1,1,0.0,0.5,0.5,2,0.6309297535714574,False,True,False,False,False,0,0,0,2,1,0,0,0,1,1,2
baseline,S_0061653,2,2,2,0,1,1,0.0,0.5,0.5,2,0.6309297535714574,False,True,False,False,False,0,0,0,2,1,0,0,0,1,1,2
baseline,S_0061655,1,1,1,0,0,1,0.0,0.0,1.0,1,-0.0,False,False,False,False,False,0,0,0,1,1,0,0,0,0,1,1
baseline,S_0061664,2,2,2,1,1,0,0.5,0.5,0.0,2,0.6309297535714574,False,True,False,False,False,0,0,0,2,1,0,0,0,1,1,2
baseline,S_0061665,2,2,2,1,1,0,0.5,0.5,0.0,2,0.6309297535714574,False,True,False,False,False,0,0,0,2,1,0,0,0,1,1,2
baseline,S_0061670,1,1,1,1,0,0,1.0,0.0,0.0,1,-0.0,False,False,False,False,False,0,0,0,1,1,0,0,0,1,0,1
baseline,S_0061672,1,1,1,0,1,0,0.0,1.0,0.0,1,-0.0,False,False,False,False,False,0,0,0,1,1,1,0,0,0,0,1
baseline,S_0061678,2,2,2,2,0,0,1.0,0.0,0.0,1,-0.0,False,True,False,False,False,0,0,0,2,1,1,0,0,1,0,2
baseline,S_0061694,1,1,1,0,1,0,0.0,1.0,0.0,1,-0.0,False,False,False,False,False,0,0,0,1,1,1,0,0,0,0,1
baseline,S_0061704,1,1,1,1,0,0,1.0,0.0,0.0,1,-0.0,False,False,False,False,False,0,0,0,1,1,0,0,0,1,0,1
baseline,S_0061718,5,5,4,0,5,0,0.0,1.0,0.0,1,-0.0,True,True,True,True,False,0,0,0,5,1,0,1,0,3,1,3
baseline,S_0061719,1,1,1,1,0,0,1.0,0.0,0.0,1,-0.0,False,False,False,False,False,0,0,0,1,1,0,0,0,1,0,1
baseline,S_0061726,5,5,4,0,5,0,0.0,1.0,0.0,1,-0.0,True,True,True,True,False,0,0,0,5,1,0,1,0,3,1,3
baseline,S_0061732,1,1,1,0,0,1,0.0,0.0,1.0,1,-0.0,False,False,False,False,False,0,0,0,1,1,0,1,0,0,0,1
baseline,S_0061733,1,1,1,0,0,1,0.0,0.0,1.0,1,-0.0,False,False,False,False,False,0,0,0,1,1,0,1,0,0,0,1
baseline,S_0061754,2,2,2,1,1,0,0.5,0.5,0.0,2,0.6309297535714574,False,True,False,False,False,0,0,0,2,1,0,0,0,1,1,2
baseline,S_0061755,2,2,2,1,1,0,0.5,0.5,0.0,2,0.6309297535714574,False,True,False,False,False,0,0,0,2,1,0,0,0,1,1,2
baseline,S_0061757,1,1,1,0,0,1,0.0,0.0,1.0,1,-0.0,False,False,False,False,False,0,0,0,1,1,0,1,0,0,0,1
baseline,S_0061760,1,1,1,0,0,1,0.0,0.0,1.0,1,-0.0,False,False,False,False,False,0,0,0,1,1,0,1,0,0,0,1
baseline,S_0061766,1,1,1,0,0,1,0.0,0.0,1.0,1,-0.0,False,False,False,False,False,0,0,0,1,1,0,0,0,0,1,1
baseline,S_0061768,2,2,2,1,1,0,0.5,0.5,0.0,2,0.6309297535714574,False,True,False,False,False,0,0,0,2,1,0,0,0,1,1,2
baseline,S_0061769,2,2,2,1,1,0,0.5,0.5,0.0,2,0.6309297535714574,False,True,False,False,False,0,0,0,2,1,0,0,0,1,1,2
baseline,S_0061793,4,4,2,2,2,0,0.5,0.5,0.0,2,0.6309297535714574,False,True,True,False,False,0,0,0,4,1,2,1,1,0,0,3
baseline,S_0061797,1,1,1,1,0,0,1.0,0.0,0.0,1,-0.0,False,False,False,False,False,0,0,0,1,1,0,0,0,1,0,1
baseline,S_0061801,2,2,2,2,0,0,1.0,0.0,0.0,1,-0.0,False,True,False,False,False,0,0,0,2,1,1,0,0,1,0,2
baseline,S_0061805,3,3,3,2,1,0,0.6666666666666666,0.3333333333333333,0.0,2,0.5793801642856949,False,True,True,False,False,0,0,0,3,1,1,1,0,1,0,3
baseline,S_0061811,5,5,4,0,5,0,0.0,1.0,0.0,1,-0.0,True,True,True,True,False,0,0,0,5,1,0,1,0,3,1,3
baseline,S_0061812,5,5,4,0,5,0,0.0,1.0,0.0,1,-0.0,True,True,True,True,False,0,0,0,5,1,0,1,0,3,1,3
baseline,S_0061813,1,1,1,0,0,1,0.0,0.0,1.0,1,-0.0,False,False,False,False,False,0,0,0,1,1,0,1,0,0,0,1
baseline,S_0061814,1,1,1,0,0,1,0.0,0.0,1.0,1,-0.0,False,False,False,False,False,0,0,0,1,1,0,1,0,0,0,1
baseline,S_0061822,3,3,3,2,1,0,0.6666666666666666,0.3333333333333333,0.0,2,0.5793801642856949,False,True,True,False,False,0,0,0,3,1,1,1,0,1,0,3
baseline,S_0061826,1,1,1,1,0,0,1.0,0.0,0.0,1,-0.0,False,False,False,False,False,0,0,0,1,1,0,0,0,1,0,1
baseline,S_0061830,1,1,1,0,1,0,0.0,1.0,0.0,1,-0.0,False,False,False,False,False,0,0,0,1,1,0,1,0,0,0,1
baseline,S_0061831,1,1,1,1,0,0,1.0,0.0,0.0,1,-0.0,False,False,False,False,False,0,0,0,1,1,0,0,0,1,0,1
baseline,S_0061840,1,1,1,0,1,0,0.0,1.0,0.0,1,-0.0,False,False,False,False,False,0,0,0,1,1,0,1,0,0,0,1
baseline,S_0061844,2,2,2,2,0,0,1.0,0.0,0.0,1,-0.0,False,True,False,False,False,0,0,0,2,1,0,1,0,1,0,2
baseline,S_0061845,1,1,1,1,0,0,1.0,0.0,0.0,1,-0.0,False,False,False,False,False,0,0,0,1,1,0,0,0,1,0,1
baseline,S_0061859,2,2,2,2,0,0,1.0,0.0,0.0,1,-0.0,False,True,False,False,False,0,0,0,2,1,1,0,0,1,0,2
baseline,S_0061870,1,1,1,0,1,0,0.0,1.0,0.0,1,-0.0,False,False,False,False,False,0,0,0,1,1,1,0,0,0,0,1
baseline,S_0061876,2,2,2,2,0,0,1.0,0.0,0.0,1,-0.0,False,True,False,False,False,0,0,0,2,1,0,1,0,1,0,2
baseline,S_0061877,1,1,1,1,0,0,1.0,0.0,0.0,1,-0.0,False,False,False,False,False,0,0,0,1,1,0,0,0,0,1,1
baseline,S_0061883,2,2,2,2,0,0,1.0,0.0,0.0,1,-0.0,False,True,False,False,False,0,0,0,2,1,1,0,0,1,0,2
baseline,S_0061887,2,2,2,0,2,0,0.0,1.0,0.0,1,-0.0,False,True,False,False,False,0,0,0,2,1,0,1,0,0,1,2
baseline,S_0061888,1,1,1,1,0,0,1.0,0.0,0.0,1,-0.0,False,False,False,False,False,0,0,0,1,1,0,0,0,1,0,1
baseline,S_0061890,2,2,2,0,2,0,0.0,1.0,0.0,1,-0.0,False,True,False,False,False,0,0,0,2,1,0,1,0,0,1,2
baseline,S_0061911,1,1,1,1,0,0,1.0,0.0,0.0,1,-0.0,False,False,False,False,False,0,0,0,1,1,0,0,0,0,1,1
baseline,S_0061921,1,1,1,1,0,0,1.0,0.0,0.0,1,-0.0,False,False,False,False,False,0,0,0,1,1,0,0,0,1,0,1
baseline,S_0061927,3,3,3,0,1,2,0.0,0.3333333333333333,0.6666666666666666,2,0.5793801642856949,False,True,True,False,False,0,0,0,3,1,1,0,0,1,1,3
baseline,S_0061928,3,3,3,0,1,2,0.0,0.3333333333333333,0.6666666666666666,2,0.5793801642856949,False,True,True,False,False,0,0,0,3,1,1,0,0,1,1,3
baseline,S_0061933,2,2,2,2,0,0,1.0,0.0,0.0,1,-0.0,False,True,False,False,False,0,0,0,2,1,1,0,0,1,0,2
baseline,S_0061938,2,2,2,2,0,0,1.0,0.0,0.0,1,-0.0,False,True,False,False,False,0,0,0,2,1,0,1,0,1,0,2
baseline,S_0061948,1,1,1,1,0,0,1.0,0.0,0.0,1,-0.0,False,False,False,False,False,0,0,0,1,1,0,0,0,1,0,1
baseline,S_0061949,2,2,2,0,1,1,0.0,0.5,0.5,2,0.6309297535714574,False,True,False,False,False,0,0,0,2,1,0,0,0,1,1,2
baseline,S_0061951,2,2,2,0,1,1,0.0,0.5,0.5,2,0.6309297535714574,False,True,False,False,False,0,0,0,2,1,0,0,0,1,1,2
baseline,S_0061956,1,1,1,1,0,0,1.0,0.0,0.0,1,-0.0,False,False,False,False,False,0,0,0,1,1,0,0,0,1,0,1
baseline,S_0061957,4,4,3,0,3,1,0.0,0.75,0.25,2,0.5118595071429147,False,True,True,False,False,0,0,0,4,1,1,1,0,1,1,4
baseline,S_0061958,4,4,3,0,3,1,0.0,0.75,0.25,2,0.5118595071429147,False,True,True,False,False,0,0,0,4,1,1,1,0,1,1,4
baseline,S_0061962,1,1,1,1,0,0,1.0,0.0,0.0,1,-0.0,False,False,False,False,False,0,0,0,1,1,0,0,0,1,0,1
baseline,S_0061968,1,1,1,0,1,0,0.0,1.0,0.0,1,-0.0,False,False,False,False,False,0,0,0,1,1,0,0,0,0,1,1
baseline,S_0061970,1,1,1,0,1,0,0.0,1.0,0.0,1,-0.0,False,False,False,False,False,0,0,0,1,1,1,0,0,0,0,1
baseline,S_0061973,1,1,1,0,1,0,0.0,1.0,0.0,1,-0.0,False,False,False,False,False,0,0,0,1,1,1,0,0,0,0,1
baseline,S_0061974,2,2,2,2,0,0,1.0,0.0,0.0,1,-0.0,False,True,False,False,False,0,0,0,2,1,1,0,0,1,0,2
baseline,S_0062012,2,2,2,0,1,1,0.0,0.5,0.5,2,0.6309297535714574,False,True,False,False,False,0,0,0,2,1,2,0,0,0,0,1
baseline,S_0062035,1,1,1,0,0,1,0.0,0.0,1.0,1,-0.0,False,False,False,False,False,0,0,0,1,1,1,0,0,0,0,1
baseline,S_0062059,1,1,1,0,0,1,0.0,0.0,1.0,1,-0.0,False,False,False,False,False,0,0,0,1,1,0,1,0,0,0,1
baseline,S_0062075,1,1,1,1,0,0,1.0,0.0,0.0,1,-0.0,False,False,False,False,False,0,0,0,1,1,1,0,0,0,0,1
baseline,S_0062086,4,4,3,2,1,1,0.5,0.25,0.25,3,0.946394630357186,False,True,True,False,False,0,0,0,4,1,2,1,1,0,0,3
baseline,S_0062087,4,4,3,2,1,1,0.5,0.25,0.25,3,0.946394630357186,False,True,True,False,False,0,0,0,4,1,2,1,1,0,0,3
baseline,S_0062106,2,2,2,2,0,0,1.0,0.0,0.0,1,-0.0,False,True,False,False,False,0,0,0,2,1,0,1,0,1,0,2
baseline,S_0062108,2,2,2,2,0,0,1.0,0.0,0.0,1,-0.0,False,True,False,False,False,0,0,0,2,1,1,0,0,1,0,2
baseline,S_0062110,2,2,2,2,0,0,1.0,0.0,0.0,1,-0.0,False,True,False,False,False,0,0,0,2,1,0,1,0,1,0,2
baseline,S_0062129,1,1,1,0,1,0,0.0,1.0,0.0,1,-0.0,False,False,False,False,False,0,0,0,1,1,1,0,0,0,0,1
baseline,S_0062140,1,1,1,1,0,0,1.0,0.0,0.0,1,-0.0,False,False,False,False,False,0,0,0,1,1,0,0,0,1,0,1
baseline,S_0062148,2,2,2,2,0,0,1.0,0.0,0.0,1,-0.0,False,True,False,False,False,0,0,0,2,1,1,0,0,1,0,2
baseline,S_0062149,2,2,2,0,1,1,0.0,0.5,0.5,2,0.6309297535714574,False,True,False,False,False,0,0,0,2,1,0,0,0,1,1,2
baseline,S_0062151,5,5,4,0,4,1,0.0,0.8,0.2,2,0.4554859150035952,True,True,True,True,False,0,0,0,5,1,0,1,0,2,2,3
baseline,S_0062152,5,5,4,0,4,1,0.0,0.8,0.2,2,0.4554859150035952,True,True,True,True,False,0,0,0,5,1,0,1,0,2,2,3
baseline,S_0062155,1,1,1,0,1,0,0.0,1.0,0.0,1,-0.0,False,False,False,False,False,0,0,0,1,1,1,0,0,0,0,1
baseline,S_0062164,1,1,1,0,1,0,0.0,1.0,0.0,1,-0.0,False,False,False,False,False,0,0,0,1,1,1,0,0,0,0,1
baseline,S_0062190,2,2,2,1,1,0,0.5,0.5,0.0,2,0.6309297535714574,False,True,False,False,False,0,0,0,2,1,0,0,0,1,1,2
baseline,S_0062191,2,2,2,1,1,0,0.5,0.5,0.0,2,0.6309297535714574,False,True,False,False,False,0,0,0,2,1,0,0,0,1,1,2
baseline,S_0062195,1,1,1,1,0,0,1.0,0.0,0.0,1,-0.0,False,False,False,False,False,0,0,0,1,1,0,0,0,1,0,1
baseline,S_0062203,1,1,1,1,0,0,1.0,0.0,0.0,1,-0.0,False,False,False,False,False,0,0,0,1,1,0,0,0,1,0,1
baseline,S_0062209,1,1,1,0,1,0,0.0,1.0,0.0,1,-0.0,False,False,False,False,False,0,0,0,1,1,0,0,0,0,1,1
baseline,S_0062210,2,2,2,1,1,0,0.5,0.5,0.0,2,0.6309297535714574,False,True,False,False,False,0,0,0,2,1,0,0,0,1,1,2
baseline,S_0062211,2,2,2,1,1,0,0.5,0.5,0.0,2,0.6309297535714574,False,True,False,False,False,0,0,0,2,1,0,0,0,1,1,2
baseline,S_0062214,1,1,1,0,1,0,0.0,1.0,0.0,1,-0.0,False,False,False,False,False,0,0,0,1,1,1,0,0,0,0,1
baseline,S_0062217,4,4,3,2,1,1,0.5,0.25,0.25,3,0.946394630357186,False,True,True,False,False,0,0,0,4,1,2,1,1,0,0,3
baseline,S_0062218,4,4,3,2,1,1,0.5,0.25,0.25,3,0.946394630357186,False,True,True,False,False,0,0,0,4,1,2,1,1,0,0,3
baseline,S_0062219,1,1,1,1,0,0,1.0,0.0,0.0,1,-0.0,False,False,False,False,False,0,0,0,1,1,0,0,0,1,0,1
baseline,S_0062236,1,1,1,0,1,0,0.0,1.0,0.0,1,-0.0,False,False,False,False,False,0,0,0,1,1,0,0,0,1,0,1
baseline,S_0062237,1,1,1,0,1,0,0.0,1.0,0.0,1,-0.0,False,False,False,False,False,0,0,0,1,1,0,0,0,1,0,1
baseline,S_0062238,1,1,1,0,1,0,0.0,1.0,0.0,1,-0.0,False,False,False,False,False,0,0,0,1,1,1,0,0,0,0,1
baseline,S_0062244,1,1,1,0,1,0,0.0,1.0,0.0,1,-0.0,False,False,False,False,False,0,0,0,1,1,0,0,0,1,0,1
baseline,S_0062245,1,1,1,0,1,0,0.0,1.0,0.0,1,-0.0,False,False,False,False,False,0,0,0,1,1,0,0,0,1,0,1
baseline,S_0062262,3,3,2,1,1,1,0.3333333333333333,0.3333333333333333,0.3333333333333333,3,0.9999999999999998,False,True,True,False,False,0,0,0,3,1,0,0,0,1,2,2
baseline,S_0062270,2,2,2,0,2,0,0.0,1.0,0.0,1,-0.0,False,True,False,False,False,0,0,0,2,1,0,1,0,0,1,2
baseline,S_0062277,2,2,2,0,2,0,0.0,1.0,0.0,1,-0.0,False,True,False,False,False,0,0,0,2,1,0,1,0,0,1,2
baseline,S_0062290,1,1,1,1,0,0,1.0,0.0,0.0,1,-0.0,False,False,False,False,False,0,0,0,1,1,0,0,0,1,0,1
baseline,S_0062301,1,1,1,1,0,0,1.0,0.0,0.0,1,-0.0,False,False,False,False,False,0,0,0,1,1,0,0,0,1,0,1
baseline,S_0062305,3,3,3,2,1,0,0.6666666666666666,0.3333333333333333,0.0,2,0.5793801642856949,False,True,True,False,False,0,0,0,3,1,1,1,0,1,0,3
baseline,S_0062306,3,3,3,1,2,0,0.3333333333333333,0.6666666666666666,0.0,2,0.5793801642856949,False,True,True,False,False,0,0,0,3,1,0,1,0,1,1,3
baseline,S_0062307,3,3,3,1,2,0,0.3333333333333333,0.6666666666666666,0.0,2,0.5793801642856949,False,True,True,False,False,0,0,0,3,1,0,1,0,1,1,3
baseline,S_0062310,1,1,1,1,0,0,1.0,0.0,0.0,1,-0.0,False,False,False,False,False,0,0,0,1,1,0,0,0,1,0,1
baseline,S_0062322,1,1,1,1,0,0,1.0,0.0,0.0,1,-0.0,False,False,False,False,False,0,0,0,1,1,0,0,0,1,0,1
baseline,S_0062324,1,1,1,0,1,0,0.0,1.0,0.0,1,-0.0,False,False,False,False,False,0,0,0,1,1,1,0,0,0,0,1
baseline,S_0062328,1,1,1,0,1,0,0.0,1.0,0.0,1,-0.0,False,False,False,False,False,0,0,0,1,1,1,0,0,0,0,1
baseline,S_0062333,5,5,5,1,4,0,0.2,0.8,0.0,2,0.4554859150035952,True,True,True,True,False,0,0,0,5,1,1,1,0,2,1,4
baseline,S_0062334,5,5,5,1,4,0,0.2,0.8,0.0,2,0.4554859150035952,True,True,True,True,False,0,0,0,5,1,1,1,0,2,1,4
baseline,S_0062347,1,1,1,0,1,0,0.0,1.0,0.0,1,-0.0,False,False,False,False,False,0,0,0,1,1,0,0,0,0,1,1
baseline,S_0062353,6,6,5,0,4,2,0.0,0.6666666666666666,0.3333333333333333,2,0.5793801642856949,True,True,True,True,False,0,0,0,6,1,1,1,0,2,2,4
baseline,S_0062354,6,6,5,0,4,2,0.0,0.6666666666666666,0.3333333333333333,2,0.5793801642856949,True,True,True,True,False,0,0,0,6,1,1,1,0,2,2,4
baseline,S_0062382,1,1,1,0,0,1,0.0,0.0,1.0,1,-0.0,False,False,False,False,False,0,0,0,1,1,0,1,0,0,0,1
baseline,S_0062383,2,2,2,1,1,0,0.5,0.5,0.0,2,0.6309297535714574,False,True,False,False,False,0,0,0,2,1,0,0,0,1,1,2
baseline,S_0062384,2,2,2,1,1,0,0.5,0.5,0.0,2,0.6309297535714574,False,True,False,False,False,0,0,0,2,1,0,0,0,1,1,2
baseline,S_0062395,2,2,2,1,1,0,0.5,0.5,0.0,2,0.6309297535714574,False,True,False,False,False,0,0,0,2,1,0,0,0,1,1,2
baseline,S_0062397,2,2,2,1,1,0,0.5,0.5,0.0,2,0.6309297535714574,False,True,False,False,False,0,0,0,2,1,0,0,0,1,1,2
baseline,S_0062399,1,1,1,0,1,0,0.0,1.0,0.0,1,-0.0,False,False,False,False,False,0,0,0,1,1,0,0,0,0,1,1
baseline,S_0062403,1,1,1,0,0,1,0.0,0.0,1.0,1,-0.0,False,False,False,False,False,0,0,0,1,1,0,0,0,0,1,1
baseline,S_0062410,1,1,1,1,0,0,1.0,0.0,0.0,1,-0.0,False,False,False,False,False,0,0,0,1,1,0,0,0,1,0,1
baseline,S_0062419,1,1,1,0,1,0,0.0,1.0,0.0,1,-0.0,False,False,False,False,False,0,0,0,1,1,0,0,0,1,0,1
baseline,S_0062429,1,1,1,1,0,0,1.0,0.0,0.0,1,-0.0,False,False,False,False,False,0,0,0,1,1,0,0,0,0,1,1
baseline,S_0062431,1,1,1,1,0,0,1.0,0.0,0.0,1,-0.0,False,False,False,False,False,0,0,0,1,1,0,0,0,1,0,1
baseline,S_0062433,2,2,2,2,0,0,1.0,0.0,0.0,1,-0.0,False,True,False,False,False,0,0,0,2,1,0,1,0,1,0,2
baseline,S_0062463,2,2,2,1,1,0,0.5,0.5,0.0,2,0.6309297535714574,False,True,False,False,False,0,0,0,2,1,0,0,0,1,1,2
baseline,S_0062464,2,2,2,1,1,0,0.5,0.5,0.0,2,0.6309297535714574,False,True,False,False,False,0,0,0,2,1,0,0,0,1,1,2
baseline,S_0062472,1,1,1,0,1,0,0.0,1.0,0.0,1,-0.0,False,False,False,False,False,0,0,0,1,1,0,0,0,0,1,1
baseline,S_0062476,4,4,3,1,1,2,0.25,0.25,0.5,3,0.946394630357186,False,True,True,False,False,0,0,0,4,1,2,0,0,1,1,3
baseline,S_0062490,1,1,1,0,1,0,0.0,1.0,0.0,1,-0.0,False,False,False,False,False,0,0,0,1,1,0,1,0,0,0,1
baseline,S_0062512,2,2,2,2,0,0,1.0,0.0,0.0,1,-0.0,False,True,False,False,False,0,0,0,2,1,1,0,0,1,0,2
baseline,S_0062521,7,7,6,2,5,0,0.2857142857142857,0.7142857142857143,0.0,2,0.5445684476282007,True,True,True,True,False,0,0,0,7,1,1,2,0,3,1,4
baseline,S_0062529,7,7,6,2,5,0,0.2857142857142857,0.7142857142857143,0.0,2,0.5445684476282007,True,True,True,True,False,0,0,0,7,1,1,2,0,3,1,4
baseline,S_0062586,3,3,3,0,1,2,0.0,0.3333333333333333,0.6666666666666666,2,0.5793801642856949,False,True,True,False,False,0,0,0,3,1,1,0,0,1,1,3
baseline,S_0062587,1,1,1,1,0,0,1.0,0.0,0.0,1,-0.0,False,False,False,False,False,0,0,0,1,1,0,0,0,1,0,1
baseline,S_0062638,1,1,1,0,1,0,0.0,1.0,0.0,1,-0.0,False,False,False,False,False,0,0,0,1,1,1,0,0,0,0,1
baseline,S_0062650,2,2,2,0,1,1,0.0,0.5,0.5,2,0.6309297535714574,False,True,False,False,False,0,0,0,2,1,2,0,0,0,0,1
baseline,S_0062656,4,4,2,2,2,0,0.5,0.5,0.0,2,0.6309297535714574,False,True,True,False,False,0,0,0,4,1,2,1,1,0,0,3
baseline,S_0062657,4,4,2,2,2,0,0.5,0.5,0.0,2,0.6309297535714574,False,True,True,False,False,0,0,0,4,1,2,1,1,0,0,3
baseline,S_0062658,1,1,1,0,1,0,0.0,1.0,0.0,1,-0.0,False,False,False,False,False,0,0,0,1,1,0,0,0,1,0,1
baseline,S_0062682,1,1,1,0,0,1,0.0,0.0,1.0,1,-0.0,False,False,False,False,False,0,0,0,1,1,0,1,0,0,0,1
baseline,S_0062683,1,1,1,0,0,1,0.0,0.0,1.0,1,-0.0,False,False,False,False,False,0,0,0,1,1,0,1,0,0,0,1
baseline,S_0062688,1,1,1,0,1,0,0.0,1.0,0.0,1,-0.0,False,False,False,False,False,0,0,0,1,1,0,1,0,0,0,1
baseline,S_0062690,4,4,3,2,1,1,0.5,0.25,0.25,3,0.946394630357186,False,True,True,False,False,0,0,0,4,1,2,1,1,0,0,3
baseline,S_0062691,4,4,3,2,1,1,0.5,0.25,0.25,3,0.946394630357186,False,True,True,False,False,0,0,0,4,1,2,1,1,0,0,3
baseline,S_0062692,1,1,1,0,1,0,0.0,1.0,0.0,1,-0.0,False,False,False,False,False,0,0,0,1,1,0,1,0,0,0,1
baseline,S_0062693,2,2,2,2,0,0,1.0,0.0,0.0,1,-0.0,False,True,False,False,False,0,0,0,2,1,0,1,0,1,0,2
baseline,S_0062696,1,1,1,1,0,0,1.0,0.0,0.0,1,-0.0,False,False,False,False,False,0,0,0,1,1,0,0,0,1,0,1
baseline,S_0062700,1,1,1,0,1,0,0.0,1.0,0.0,1,-0.0,False,False,False,False,False,0,0,0,1,1,1,0,0,0,0,1
baseline,S_0062701,1,1,1,0,1,0,0.0,1.0,0.0,1,-0.0,False,False,False,False,False,0,0,0,1,1,1,0,0,0,0,1
baseline,S_0062711,1,1,1,1,0,0,1.0,0.0,0.0,1,-0.0,False,False,False,False,False,0,0,0,1,1,0,0,0,1,0,1
baseline,S_0062718,1,1,1,1,0,0,1.0,0.0,0.0,1,-0.0,False,False,False,False,False,0,0,0,1,1,0,0,0,1,0,1
baseline,S_0062733,1,1,1,1,0,0,1.0,0.0,0.0,1,-0.0,False,False,False,False,False,0,0,0,1,1,0,0,0,1,0,1
baseline,S_0062782,1,1,1,1,0,0,1.0,0.0,0.0,1,-0.0,False,False,False,False,False,0,0,0,1,1,0,0,0,1,0,1
baseline,S_0062789,1,1,1,1,0,0,1.0,0.0,0.0,1,-0.0,False,False,False,False,False,0,0,0,1,1,0,0,0,1,0,1
baseline,S_0062798,1,1,1,0,1,0,0.0,1.0,0.0,1,-0.0,False,False,False,False,False,0,0,0,1,1,0,0,0,1,0,1
baseline,S_0062805,1,1,1,0,1,0,0.0,1.0,0.0,1,-0.0,False,False,False,False,False,0,0,0,1,1,0,0,0,1,0,1
baseline,S_0062823,1,1,1,1,0,0,1.0,0.0,0.0,1,-0.0,False,False,False,False,False,0,0,0,1,1,0,0,0,1,0,1
baseline,S_0062852,1,1,1,1,0,0,1.0,0.0,0.0,1,-0.0,False,False,False,False,False,0,0,0,1,1,0,0,0,1,0,1
baseline,S_0062860,1,1,1,1,0,0,1.0,0.0,0.0,1,-0.0,False,False,False,False,False,0,0,0,1,1,0,0,0,1,0,1
baseline,S_0062865,1,1,1,0,1,0,0.0,1.0,0.0,1,-0.0,False,False,False,False,False,0,0,0,1,1,0,0,0,1,0,1
baseline,S_0062866,1,1,1,0,1,0,0.0,1.0,0.0,1,-0.0,False,False,False,False,False,0,0,0,1,1,0,0,0,1,0,1
baseline,S_0062894,1,1,1,0,1,0,0.0,1.0,0.0,1,-0.0,False,False,False,False,False,0,0,0,1,1,0,0,0,1,0,1
baseline,S_0062895,1,1,1,0,1,0,0.0,1.0,0.0,1,-0.0,False,False,False,False,False,0,0,0,1,1,0,0,0,1,0,1
baseline,S_0062898,1,1,1,0,1,0,0.0,1.0,0.0,1,-0.0,False,False,False,False,False,0,0,0,1,1,0,0,0,1,0,1
baseline,S_0062899,1,1,1,0,1,0,0.0,1.0,0.0,1,-0.0,False,False,False,False,False,0,0,0,1,1,0,0,0,1,0,1
baseline,S_0062916,1,1,1,1,0,0,1.0,0.0,0.0,1,-0.0,False,False,False,False,False,0,0,0,1,1,0,0,0,1,0,1
baseline,S_0062924,1,1,1,0,1,0,0.0,1.0,0.0,1,-0.0,False,False,False,False,False,0,0,0,1,1,0,0,0,1,0,1
baseline,S_0062925,1,1,1,0,1,0,0.0,1.0,0.0,1,-0.0,False,False,False,False,False,0,0,0,1,1,0,0,0,1,0,1
baseline,S_0062928,1,1,1,1,0,0,1.0,0.0,0.0,1,-0.0,False,False,False,False,False,0,0,0,1,1,0,0,0,1,0,1
baseline,S_0062936,1,1,1,1,0,0,1.0,0.0,0.0,1,-0.0,False,False,False,False,False,0,0,0,1,1,0,0,0,1,0,1
baseline,S_0062939,1,1,1,0,1,0,0.0,1.0,0.0,1,-0.0,False,False,False,False,False,0,0,0,1,1,0,0,0,1,0,1
baseline,S_0062945,1,1,1,0,1,0,0.0,1.0,0.0,1,-0.0,False,False,False,False,False,0,0,0,1,1,0,0,0,1,0,1
baseline,S_0062950,1,1,1,1,0,0,1.0,0.0,0.0,1,-0.0,False,False,False,False,False,0,0,0,1,1,0,0,0,1,0,1
baseline,S_0062983,1,1,1,0,1,0,0.0,1.0,0.0,1,-0.0,False,False,False,False,False,0,0,0,1,1,0,0,0,0,1,1
baseline,S_0062984,2,2,2,0,1,1,0.0,0.5,0.5,2,0.6309297535714574,False,True,False,False,False,0,0,0,2,1,2,0,0,0,0,1
baseline,S_0062991,3,3,3,2,1,0,0.6666666666666666,0.3333333333333333,0.0,2,0.5793801642856949,False,True,True,False,False,0,0,0,3,1,1,1,0,1,0,3
baseline,S_0063000,1,1,1,1,0,0,1.0,0.0,0.0,1,-0.0,False,False,False,False,False,0,0,0,1,1,0,0,0,1,0,1
baseline,S_0063014,1,1,1,1,0,0,1.0,0.0,0.0,1,-0.0,False,False,False,False,False,0,0,0,1,1,0,0,0,1,0,1
baseline,S_0063018,2,2,2,0,1,1,0.0,0.5,0.5,2,0.6309297535714574,False,True,False,False,False,0,0,0,2,1,2,0,0,0,0,1
baseline,S_0063020,1,1,1,1,0,0,1.0,0.0,0.0,1,-0.0,False,False,False,False,False,0,0,0,1,1,0,0,0,1,0,1
baseline,S_0063022,1,1,1,1,0,0,1.0,0.0,0.0,1,-0.0,False,False,False,False,False,0,0,0,1,1,0,0,0,1,0,1
baseline,S_0063035,1,1,1,1,0,0,1.0,0.0,0.0,1,-0.0,False,False,False,False,False,0,0,0,1,1,0,0,0,1,0,1
baseline,S_0063038,4,4,3,0,3,1,0.0,0.75,0.25,2,0.5118595071429147,False,True,True,False,False,0,0,0,4,1,1,1,0,1,1,4
baseline,S_0063040,4,4,3,0,3,1,0.0,0.75,0.25,2,0.5118595071429147,False,True,True,False,False,0,0,0,4,1,1,1,0,1,1,4
baseline,S_0063049,6,6,5,0,4,2,0.0,0.6666666666666666,0.3333333333333333,2,0.5793801642856949,True,True,True,True,False,0,0,0,6,1,1,1,0,2,2,4
baseline,S_0063050,6,6,5,0,4,2,0.0,0.6666666666666666,0.3333333333333333,2,0.5793801642856949,True,True,True,True,False,0,0,0,6,1,1,1,0,2,2,4
baseline,S_0063051,2,2,2,0,2,0,0.0,1.0,0.0,1,-0.0,False,True,False,False,False,0,0,0,2,1,0,1,0,0,1,2
baseline,S_0063052,2,2,2,0,2,0,0.0,1.0,0.0,1,-0.0,False,True,False,False,False,0,0,0,2,1,0,1,0,0,1,2
baseline,S_0063106,5,5,4,2,2,1,0.4,0.4,0.2,3,0.9602297178607612,True,True,True,True,False,0,0,0,5,1,2,2,1,0,0,3
baseline,S_0063107,5,5,4,2,2,1,0.4,0.4,0.2,3,0.9602297178607612,True,True,True,True,False,0,0,0,5,1,2,2,1,0,0,3
baseline,S_0063113,1,1,1,1,0,0,1.0,0.0,0.0,1,-0.0,False,False,False,False,False,0,0,0,1,1,0,0,0,1,0,1
baseline,S_0063125,2,2,2,0,1,1,0.0,0.5,0.5,2,0.6309297535714574,False,True,False,False,False,0,0,0,2,1,0,0,0,1,1,2
baseline,S_0063143,5,5,4,2,2,1,0.4,0.4,0.2,3,0.9602297178607612,True,True,True,True,False,0,0,0,5,1,2,2,1,0,0,3
baseline,S_0063144,2,2,2,2,0,0,1.0,0.0,0.0,1,-0.0,False,True,False,False,False,0,0,0,2,1,1,0,0,1,0,2
baseline,S_0063145,5,5,4,2,2,1,0.4,0.4,0.2,3,0.9602297178607612,True,True,True,True,False,0,0,0,5,1,2,2,1,0,0,3
baseline,S_0063156,6,6,5,0,4,2,0.0,0.6666666666666666,0.3333333333333333,2,0.5793801642856949,True,True,True,True,False,0,0,0,6,1,1,1,0,2,2,4
baseline,S_0063158,6,6,5,0,4,2,0.0,0.6666666666666666,0.3333333333333333,2,0.5793801642856949,True,True,True,True,False,0,0,0,6,1,1,1,0,2,2,4
baseline,S_0063174,1,1,1,1,0,0,1.0,0.0,0.0,1,-0.0,False,False,False,False,False,0,0,0,1,1,0,0,0,1,0,1
baseline,S_0063181,2,2,2,2,0,0,1.0,0.0,0.0,1,-0.0,False,True,False,False,False,0,0,0,2,1,1,0,0,1,0,2
baseline,S_0063186,1,1,1,0,1,0,0.0,1.0,0.0,1,-0.0,False,False,False,False,False,0,0,0,1,1,0,0,0,1,0,1
baseline,S_0063188,1,1,1,0,1,0,0.0,1.0,0.0,1,-0.0,False,False,False,False,False,0,0,0,1,1,0,0,0,1,0,1
baseline,S_0063201,1,1,1,0,0,1,0.0,0.0,1.0,1,-0.0,False,False,False,False,False,0,0,0,1,1,0,1,0,0,0,1
baseline,S_0063210,2,2,1,1,0,1,0.5,0.0,0.5,2,0.6309297535714574,False,True,False,False,False,0,0,0,2,1,0,0,0,1,1,2
baseline,S_0063232,2,2,2,0,1,1,0.0,0.5,0.5,2,0.6309297535714574,False,True,False,False,False,0,0,0,2,1,2,0,0,0,0,1
baseline,S_0063254,2,2,2,0,2,0,0.0,1.0,0.0,1,-0.0,False,True,False,False,False,0,0,0,2,1,0,1,0,0,1,2
baseline,S_0063255,2,2,2,0,2,0,0.0,1.0,0.0,1,-0.0,False,True,False,False,False,0,0,0,2,1,0,1,0,0,1,2
baseline,S_0063256,2,2,2,2,0,0,1.0,0.0,0.0,1,-0.0,False,True,False,False,False,0,0,0,2,1,1,0,0,1,0,2
baseline,S_0063265,1,1,1,0,0,1,0.0,0.0,1.0,1,-0.0,False,False,False,False,False,0,0,0,1,1,0,0,0,0,1,1
baseline,S_0063285,4,4,3,1,1,2,0.25,0.25,0.5,3,0.946394630357186,False,True,True,False,False,0,0,0,4,1,2,0,0,1,1,3
baseline,S_0063293,3,3,3,0,1,2,0.0,0.3333333333333333,0.6666666666666666,2,0.5793801642856949,False,True,True,False,False,0,0,0,3,1,1,0,0,1,1,3
baseline,S_0063313,2,2,2,2,0,0,1.0,0.0,0.0,1,-0.0,False,True,False,False,False,0,0,0,2,1,0,1,0,1,0,2
baseline,S_0063328,1,1,1,0,1,0,0.0,1.0,0.0,1,-0.0,False,False,False,False,False,0,0,0,1,1,1,0,0,0,0,1
baseline,S_0063329,1,1,1,0,1,0,0.0,1.0,0.0,1,-0.0,False,False,False,False,False,0,0,0,1,1,1,0,0,0,0,1
baseline,S_0063330,2,2,1,1,1,0,0.5,0.5,0.0,2,0.6309297535714574,False,True,False,False,False,0,0,0,2,1,1,0,0,1,0,2
baseline,S_0063332,2,2,2,2,0,0,1.0,0.0,0.0,1,-0.0,False,True,False,False,False,0,0,0,2,1,0,1,0,1,0,2
baseline,S_0063368,1,1,1,1,0,0,1.0,0.0,0.0,1,-0.0,False,False,False,False,False,0,0,0,1,1,0,0,0,1,0,1
baseline,S_0063372,2,2,2,2,0,0,1.0,0.0,0.0,1,-0.0,False,True,False,False,False,0,0,0,2,1,1,0,0,1,0,2
baseline,S_0063374,1,1,1,1,0,0,1.0,0.0,0.0,1,-0.0,False,False,False,False,False,0,0,0,1,1,0,0,0,1,0,1
baseline,S_0063376,1,1,1,1,0,0,1.0,0.0,0.0,1,-0.0,False,False,False,False,False,0,0,0,1,1,0,0,0,1,0,1
baseline,S_0063383,1,1,1,1,0,0,1.0,0.0,0.0,1,-0.0,False,False,False,False,False,0,0,0,1,1,0,0,0,1,0,1
baseline,S_0063388,2,2,2,1,1,0,0.5,0.5,0.0,2,0.6309297535714574,False,True,False,False,False,0,0,0,2,1,0,0,0,2,0,1
baseline,S_0063397,2,2,2,1,1,0,0.5,0.5,0.0,2,0.6309297535714574,False,True,False,False,False,0,0,0,2,1,0,0,0,1,1,2
baseline,S_0063398,2,2,2,1,1,0,0.5,0.5,0.0,2,0.6309297535714574,False,True,False,False,False,0,0,0,2,1,0,0,0,1,1,2
baseline,S_0063403,1,1,1,0,0,1,0.0,0.0,1.0,1,-0.0,False,False,False,False,False,0,0,0,1,1,0,0,0,0,1,1
baseline,S_0063412,2,2,2,2,0,0,1.0,0.0,0.0,1,-0.0,False,True,False,False,False,0,0,0,2,1,1,0,0,1,0,2
baseline,S_0063415,2,2,2,2,0,0,1.0,0.0,0.0,1,-0.0,False,True,False,False,False,0,0,0,2,1,1,0,0,1,0,2
baseline,S_0063433,5,5,4,0,5,0,0.0,1.0,0.0,1,-0.0,True,True,True,True,False,0,0,0,5,1,0,1,0,3,1,3
baseline,S_0063435,5,5,4,0,5,0,0.0,1.0,0.0,1,-0.0,True,True,True,True,False,0,0,0,5,1,0,1,0,3,1,3
baseline,S_0063441,6,6,5,0,4,2,0.0,0.6666666666666666,0.3333333333333333,2,0.5793801642856949,True,True,True,True,False,0,0,0,6,1,1,1,0,2,2,4
baseline,S_0063443,1,1,1,0,1,0,0.0,1.0,0.0,1,-0.0,False,False,False,False,False,0,0,0,1,1,0,0,0,1,0,1
baseline,S_0063444,1,1,1,0,1,0,0.0,1.0,0.0,1,-0.0,False,False,False,False,False,0,0,0,1,1,0,0,0,1,0,1
baseline,S_0063447,6,6,5,0,4,2,0.0,0.6666666666666666,0.3333333333333333,2,0.5793801642856949,True,True,True,True,False,0,0,0,6,1,1,1,0,2,2,4
baseline,S_0063454,4,4,2,2,2,0,0.5,0.5,0.0,2,0.6309297535714574,False,True,True,False,False,0,0,0,4,1,2,1,1,0,0,3
baseline,S_0063457,1,1,1,0,1,0,0.0,1.0,0.0,1,-0.0,False,False,False,False,False,0,0,0,1,1,0,1,0,0,0,1
baseline,S_0063458,1,1,1,0,1,0,0.0,1.0,0.0,1,-0.0,False,False,False,False,False,0,0,0,1,1,0,1,0,0,0,1
baseline,S_0063461,1,1,1,0,1,0,0.0,1.0,0.0,1,-0.0,False,False,False,False,False,0,0,0,1,1,1,0,0,0,0,1
baseline,S_0063481,1,1,1,1,0,0,1.0,0.0,0.0,1,-0.0,False,False,False,False,False,0,0,0,1,1,0,0,0,1,0,1
baseline,S_0063515,3,3,3,2,1,0,0.6666666666666666,0.3333333333333333,0.0,2,0.5793801642856949,False,True,True,False,False,0,0,0,3,1,1,1,0,1,0,3
baseline,S_0063519,3,3,3,2,1,0,0.6666666666666666,0.3333333333333333,0.0,2,0.5793801642856949,False,True,True,False,False,0,0,0,3,1,1,1,0,1,0,3
baseline,S_0063520,2,2,2,0,1,1,0.0,0.5,0.5,2,0.6309297535714574,False,True,False,False,False,0,0,0,2,1,0,0,0,1,1,2
baseline,S_0063521,2,2,2,0,1,1,0.0,0.5,0.5,2,0.6309297535714574,False,True,False,False,False,0,0,0,2,1,0,0,0,1,1,2
baseline,S_0063523,1,1,1,0,1,0,0.0,1.0,0.0,1,-0.0,False,False,False,False,False,0,0,0,1,1,1,0,0,0,0,1
baseline,S_0063546,1,1,1,1,0,0,1.0,0.0,0.0,1,-0.0,False,False,False,False,False,0,0,0,1,1,0,0,0,1,0,1
baseline,S_0063562,1,1,1,1,0,0,1.0,0.0,0.0,1,-0.0,False,False,False,False,False,0,0,0,1,1,0,0,0,1,0,1
baseline,S_0063563,1,1,1,0,1,0,0.0,1.0,0.0,1,-0.0,False,False,False,False,False,0,0,0,1,1,1,0,0,0,0,1
baseline,S_0063571,2,2,2,0,1,1,0.0,0.5,0.5,2,0.6309297535714574,False,True,False,False,False,0,0,0,2,1,2,0,0,0,0,1
baseline,S_0063585,5,5,4,0,4,1,0.0,0.8,0.2,2,0.4554859150035952,True,True,True,True,False,0,0,0,5,1,0,1,0,2,2,3
baseline,S_0063586,5,5,4,0,4,1,0.0,0.8,0.2,2,0.4554859150035952,True,True,True,True,False,0,0,0,5,1,0,1,0,2,2,3
baseline,S_0063596,2,2,2,2,0,0,1.0,0.0,0.0,1,-0.0,False,True,False,False,False,0,0,0,2,1,1,0,0,1,0,2
baseline,S_0063604,1,1,1,1,0,0,1.0,0.0,0.0,1,-0.0,False,False,False,False,False,0,0,0,1,1,0,0,0,1,0,1
baseline,S_0063605,1,1,1,1,0,0,1.0,0.0,0.0,1,-0.0,False,False,False,False,False,0,0,0,1,1,0,0,0,1,0,1
baseline,S_0063613,1,1,1,0,1,0,0.0,1.0,0.0,1,-0.0,False,False,False,False,False,0,0,0,1,1,1,0,0,0,0,1
baseline,S_0063616,1,1,1,0,1,0,0.0,1.0,0.0,1,-0.0,False,False,False,False,False,0,0,0,1,1,1,0,0,0,0,1
baseline,S_0063630,1,1,1,0,1,0,0.0,1.0,0.0,1,-0.0,False,False,False,False,False,0,0,0,1,1,0,0,0,1,0,1
baseline,S_0063631,1,1,1,0,1,0,0.0,1.0,0.0,1,-0.0,False,False,False,False,False,0,0,0,1,1,0,0,0,1,0,1
baseline,S_0063638,1,1,1,0,1,0,0.0,1.0,0.0,1,-0.0,False,False,False,False,False,0,0,0,1,1,1,0,0,0,0,1
baseline,S_0063656,2,2,2,0,2,0,0.0,1.0,0.0,1,-0.0,False,True,False,False,False,0,0,0,2,1,0,1,0,0,1,2
baseline,S_0063657,2,2,2,0,2,0,0.0,1.0,0.0,1,-0.0,False,True,False,False,False,0,0,0,2,1,0,1,0,0,1,2
baseline,S_0063659,3,3,3,2,1,0,0.6666666666666666,0.3333333333333333,0.0,2,0.5793801642856949,False,True,True,False,False,0,0,0,3,1,1,1,0,1,0,3
baseline,S_0063671,1,1,1,0,1,0,0.0,1.0,0.0,1,-0.0,False,False,False,False,False,0,0,0,1,1,1,0,0,0,0,1
baseline,S_0063677,3,3,3,2,1,0,0.6666666666666666,0.3333333333333333,0.0,2,0.5793801642856949,False,True,True,False,False,0,0,0,3,1,1,1,0,1,0,3
baseline,S_0063679,4,4,2,2,2,0,0.5,0.5,0.0,2,0.6309297535714574,False,True,True,False,False,0,0,0,4,1,2,1,1,0,0,3
baseline,S_0063684,2,2,2,2,0,0,1.0,0.0,0.0,1,-0.0,False,True,False,False,False,0,0,0,2,1,1,0,0,1,0,2
baseline,S_0063695,1,1,1,1,0,0,1.0,0.0,0.0,1,-0.0,False,False,False,False,False,0,0,0,1,1,0,0,0,1,0,1
baseline,S_0063696,1,1,1,0,1,0,0.0,1.0,0.0,1,-0.0,False,False,False,False,False,0,0,0,1,1,1,0,0,0,0,1
baseline,S_0063697,1,1,1,0,1,0,0.0,1.0,0.0,1,-0.0,False,False,False,False,False,0,0,0,1,1,1,0,0,0,0,1
baseline,S_0063701,2,2,2,1,1,0,0.5,0.5,0.0,2,0.6309297535714574,False,True,False,False,False,0,0,0,2,1,0,0,0,1,1,2
baseline,S_0063702,2,2,2,1,1,0,0.5,0.5,0.0,2,0.6309297535714574,False,True,False,False,False,0,0,0,2,1,0,0,0,1,1,2
baseline,S_0063707,1,1,1,0,0,1,0.0,0.0,1.0,1,-0.0,False,False,False,False,False,0,0,0,1,1,0,1,0,0,0,1
baseline,S_0063708,1,1,1,1,0,0,1.0,0.0,0.0,1,-0.0,False,False,False,False,False,0,0,0,1,1,0,0,0,1,0,1
baseline,S_0063711,3,3,3,2,1,0,0.6666666666666666,0.3333333333333333,0.0,2,0.5793801642856949,False,True,True,False,False,0,0,0,3,1,1,1,0,1,0,3
baseline,S_0063721,5,5,4,0,5,0,0.0,1.0,0.0,1,-0.0,True,True,True,True,False,0,0,0,5,1,0,1,0,3,1,3
baseline,S_0063726,1,1,1,0,1,0,0.0,1.0,0.0,1,-0.0,False,False,False,False,False,0,0,0,1,1,0,0,0,1,0,1
baseline,S_0063729,1,1,1,0,0,1,0.0,0.0,1.0,1,-0.0,False,False,False,False,False,0,0,0,1,1,0,0,0,0,1,1
baseline,S_0063732,1,1,1,1,0,0,1.0,0.0,0.0,1,-0.0,False,False,False,False,False,0,0,0,1,1,0,0,0,1,0,1
baseline,S_0063737,1,1,1,1,0,0,1.0,0.0,0.0,1,-0.0,False,False,False,False,False,0,0,0,1,1,0,0,0,1,0,1
baseline,S_0063743,2,2,2,2,0,0,1.0,0.0,0.0,1,-0.0,False,True,False,False,False,0,0,0,2,1,0,1,0,1,0,2
baseline,S_0063746,1,1,1,0,1,0,0.0,1.0,0.0,1,-0.0,False,False,False,False,False,0,0,0,1,1,1,0,0,0,0,1
baseline,S_0063747,1,1,1,0,1,0,0.0,1.0,0.0,1,-0.0,False,False,False,False,False,0,0,0,1,1,1,0,0,0,0,1
baseline,S_0063753,1,1,1,1,0,0,1.0,0.0,0.0,1,-0.0,False,False,False,False,False,0,0,0,1,1,0,0,0,1,0,1
baseline,S_0063763,1,1,1,1,0,0,1.0,0.0,0.0,1,-0.0,False,False,False,False,False,0,0,0,1,1,0,0,0,1,0,1
baseline,S_0063766,2,2,2,2,0,0,1.0,0.0,0.0,1,-0.0,False,True,False,False,False,0,0,0,2,1,0,1,0,1,0,2
baseline,S_0063774,2,2,2,2,0,0,1.0,0.0,0.0,1,-0.0,False,True,False,False,False,0,0,0,2,1,0,1,0,1,0,2
baseline,S_0063777,1,1,1,1,0,0,1.0,0.0,0.0,1,-0.0,False,False,False,False,False,0,0,0,1,1,0,0,0,1,0,1
baseline,S_0063778,4,4,3,1,1,2,0.25,0.25,0.5,3,0.946394630357186,False,True,True,False,False,0,0,0,4,1,2,0,0,1,1,3
baseline,S_0063782,1,1,1,1,0,0,1.0,0.0,0.0,1,-0.0,False,False,False,False,False,0,0,0,1,1,0,0,0,1,0,1
baseline,S_0063786,1,1,1,0,1,0,0.0,1.0,0.0,1,-0.0,False,False,False,False,False,0,0,0,1,1,1,0,0,0,0,1
baseline,S_0063807,3,3,3,0,1,2,0.0,0.3333333333333333,0.6666666666666666,2,0.5793801642856949,False,True,True,False,False,0,0,0,3,1,1,0,0,1,1,3
baseline,S_0063808,3,3,3,0,1,2,0.0,0.3333333333333333,0.6666666666666666,2,0.5793801642856949,False,True,True,False,False,0,0,0,3,1,1,0,0,1,1,3
baseline,S_0063813,1,1,1,1,0,0,1.0,0.0,0.0,1,-0.0,False,False,False,False,False,0,0,0,1,1,0,0,0,1,0,1
baseline,S_0063829,1,1,1,1,0,0,1.0,0.0,0.0,1,-0.0,False,False,False,False,False,0,0,0,1,1,0,0,0,1,0,1
baseline,S_0063853,1,1,1,0,1,0,0.0,1.0,0.0,1,-0.0,False,False,False,False,False,0,0,0,1,1,0,0,0,1,0,1
baseline,S_0063854,1,1,1,0,1,0,0.0,1.0,0.0,1,-0.0,False,False,False,False,False,0,0,0,1,1,0,0,0,1,0,1
baseline,S_0063864,2,2,2,0,1,1,0.0,0.5,0.5,2,0.6309297535714574,False,True,False,False,False,0,0,0,2,1,0,0,0,1,1,2
baseline,S_0063883,1,1,1,0,1,0,0.0,1.0,0.0,1,-0.0,False,False,False,False,False,0,0,0,1,1,0,0,0,1,0,1
baseline,S_0063884,1,1,1,0,1,0,0.0,1.0,0.0,1,-0.0,False,False,False,False,False,0,0,0,1,1,0,0,0,1,0,1
baseline,S_0063891,1,1,1,0,1,0,0.0,1.0,0.0,1,-0.0,False,False,False,False,False,0,0,0,1,1,1,0,0,0,0,1
baseline,S_0063892,1,1,1,0,1,0,0.0,1.0,0.0,1,-0.0,False,False,False,False,False,0,0,0,1,1,1,0,0,0,0,1
baseline,S_0063898,1,1,1,1,0,0,1.0,0.0,0.0,1,-0.0,False,False,False,False,False,0,0,0,1,1,0,0,0,1,0,1
baseline,S_0063913,1,1,1,0,1,0,0.0,1.0,0.0,1,-0.0,False,False,False,False,False,0,0,0,1,1,1,0,0,0,0,1
baseline,S_0063914,1,1,1,0,1,0,0.0,1.0,0.0,1,-0.0,False,False,False,False,False,0,0,0,1,1,1,0,0,0,0,1
baseline,S_0063915,4,4,3,2,1,1,0.5,0.25,0.25,3,0.946394630357186,False,True,True,False,False,0,0,0,4,1,2,1,1,0,0,3
baseline,S_0063916,4,4,3,2,1,1,0.5,0.25,0.25,3,0.946394630357186,False,True,True,False,False,0,0,0,4,1,2,1,1,0,0,3
baseline,S_0063962,1,1,1,0,1,0,0.0,1.0,0.0,1,-0.0,False,False,False,False,False,0,0,0,1,1,1,0,0,0,0,1
baseline,S_0063963,1,1,1,0,1,0,0.0,1.0,0.0,1,-0.0,False,False,False,False,False,0,0,0,1,1,1,0,0,0,0,1
baseline,S_0063964,2,2,2,2,0,0,1.0,0.0,0.0,1,-0.0,False,True,False,False,False,0,0,0,2,1,0,1,0,1,0,2
baseline,S_0064010,2,2,2,0,2,0,0.0,1.0,0.0,1,-0.0,False,True,False,False,False,0,0,0,2,1,0,1,0,0,1,2
baseline,S_0064011,2,2,2,0,2,0,0.0,1.0,0.0,1,-0.0,False,True,False,False,False,0,0,0,2,1,0,1,0,0,1,2
baseline,S_0064040,1,1,1,0,1,0,0.0,1.0,0.0,1,-0.0,False,False,False,False,False,0,0,0,1,1,0,0,0,1,0,1
baseline,S_0064047,1,1,1,1,0,0,1.0,0.0,0.0,1,-0.0,False,False,False,False,False,0,0,0,1,1,0,0,0,1,0,1
baseline,S_0064062,1,1,1,1,0,0,1.0,0.0,0.0,1,-0.0,False,False,False,False,False,0,0,0,1,1,0,0,0,1,0,1
baseline,S_0064067,2,2,2,2,0,0,1.0,0.0,0.0,1,-0.0,False,True,False,False,False,0,0,0,2,1,1,0,0,1,0,2
baseline,S_0064072,5,5,4,0,5,0,0.0,1.0,0.0,1,-0.0,True,True,True,True,False,0,0,0,5,1,0,1,0,3,1,3
baseline,S_0064085,3,3,2,1,1,1,0.3333333333333333,0.3333333333333333,0.3333333333333333,3,0.9999999999999998,False,True,True,False,False,0,0,0,3,1,0,0,0,1,2,2
baseline,S_0064098,4,4,3,2,1,1,0.5,0.25,0.25,3,0.946394630357186,False,True,True,False,False,0,0,0,4,1,2,1,1,0,0,3
baseline,S_0064099,4,4,3,2,1,1,0.5,0.25,0.25,3,0.946394630357186,False,True,True,False,False,0,0,0,4,1,2,1,1,0,0,3
baseline,S_0064116,1,1,1,0,0,1,0.0,0.0,1.0,1,-0.0,False,False,False,False,False,0,0,0,1,1,0,1,0,0,0,1
baseline,S_0064130,2,2,2,1,1,0,0.5,0.5,0.0,2,0.6309297535714574,False,True,False,False,False,0,0,0,2,1,0,0,0,1,1,2
baseline,S_0064131,2,2,2,1,1,0,0.5,0.5,0.0,2,0.6309297535714574,False,True,False,False,False,0,0,0,2,1,0,0,0,1,1,2
baseline,S_0064132,1,1,1,0,1,0,0.0,1.0,0.0,1,-0.0,False,False,False,False,False,0,0,0,1,1,1,0,0,0,0,1
baseline,S_0064133,1,1,1,0,1,0,0.0,1.0,0.0,1,-0.0,False,False,False,False,False,0,0,0,1,1,1,0,0,0,0,1
baseline,S_0064134,1,1,1,0,1,0,0.0,1.0,0.0,1,-0.0,False,False,False,False,False,0,0,0,1,1,0,0,0,1,0,1
baseline,S_0064138,3,3,3,0,1,2,0.0,0.3333333333333333,0.6666666666666666,2,0.5793801642856949,False,True,True,False,False,0,0,0,3,1,1,0,0,1,1,3
baseline,S_0064176,3,3,3,2,1,0,0.6666666666666666,0.3333333333333333,0.0,2,0.5793801642856949,False,True,True,False,False,0,0,0,3,1,1,1,0,1,0,3
baseline,S_0064181,3,3,3,0,1,2,0.0,0.3333333333333333,0.6666666666666666,2,0.5793801642856949,False,True,True,False,False,0,0,0,3,1,1,0,0,1,1,3
baseline,S_0064182,3,3,3,0,1,2,0.0,0.3333333333333333,0.6666666666666666,2,0.5793801642856949,False,True,True,False,False,0,0,0,3,1,1,0,0,1,1,3
baseline,S_0064184,7,7,6,2,5,0,0.2857142857142857,0.7142857142857143,0.0,2,0.5445684476282007,True,True,True,True,False,0,0,0,7,1,1,2,0,3,1,4
baseline,S_0064185,7,7,6,2,5,0,0.2857142857142857,0.7142857142857143,0.0,2,0.5445684476282007,True,True,True,True,False,0,0,0,7,1,1,2,0,3,1,4
baseline,S_0064188,4,4,3,1,1,2,0.25,0.25,0.5,3,0.946394630357186,False,True,True,False,False,0,0,0,4,1,2,0,0,1,1,3
baseline,S_0064204,1,1,1,1,0,0,1.0,0.0,0.0,1,-0.0,False,False,False,False,False,0,0,0,1,1,0,0,0,1,0,1
baseline,S_0064249,1,1,1,0,1,0,0.0,1.0,0.0,1,-0.0,False,False,False,False,False,0,0,0,1,1,0,0,0,1,0,1
baseline,S_0064250,1,1,1,0,1,0,0.0,1.0,0.0,1,-0.0,False,False,False,False,False,0,0,0,1,1,0,0,0,1,0,1
baseline,S_0064267,3,3,3,0,1,2,0.0,0.3333333333333333,0.6666666666666666,2,0.5793801642856949,False,True,True,False,False,0,0,0,3,1,1,0,0,1,1,3
baseline,S_0064268,3,3,3,0,1,2,0.0,0.3333333333333333,0.6666666666666666,2,0.5793801642856949,False,True,True,False,False,0,0,0,3,1,1,0,0,1,1,3
baseline,S_0064281,3,3,2,1,1,1,0.3333333333333333,0.3333333333333333,0.3333333333333333,3,0.9999999999999998,False,True,True,False,False,0,0,0,3,1,0,0,0,1,2,2
baseline,S_0064287,1,1,1,0,1,0,0.0,1.0,0.0,1,-0.0,False,False,False,False,False,0,0,0,1,1,0,0,0,0,1,1
baseline,S_0064293,1,1,1,1,0,0,1.0,0.0,0.0,1,-0.0,False,False,False,False,False,0,0,0,1,1,0,0,0,1,0,1
baseline,S_0064305,2,2,2,0,2,0,0.0,1.0,0.0,1,-0.0,False,True,False,False,False,0,0,0,2,1,0,1,0,0,1,2
baseline,S_0064307,2,2,2,0,2,0,0.0,1.0,0.0,1,-0.0,False,True,False,False,False,0,0,0,2,1,0,1,0,0,1,2
baseline,S_0064315,1,1,1,0,1,0,0.0,1.0,0.0,1,-0.0,False,False,False,False,False,0,0,0,1,1,0,0,0,1,0,1
baseline,S_0064316,1,1,1,0,1,0,0.0,1.0,0.0,1,-0.0,False,False,False,False,False,0,0,0,1,1,0,0,0,1,0,1
baseline,S_0064330,5,5,4,0,4,1,0.0,0.8,0.2,2,0.4554859150035952,True,True,True,True,False,0,0,0,5,1,0,1,0,2,2,3
baseline,S_0064331,5,5,4,0,4,1,0.0,0.8,0.2,2,0.4554859150035952,True,True,True,True,False,0,0,0,5,1,0,1,0,2,2,3
baseline,S_0064332,1,1,1,0,1,0,0.0,1.0,0.0,1,-0.0,False,False,False,False,False,0,0,0,1,1,1,0,0,0,0,1
baseline,S_0064333,1,1,1,0,1,0,0.0,1.0,0.0,1,-0.0,False,False,False,False,False,0,0,0,1,1,1,0,0,0,0,1
baseline,S_0064336,1,1,1,1,0,0,1.0,0.0,0.0,1,-0.0,False,False,False,False,False,0,0,0,1,1,0,0,0,1,0,1
baseline,S_0064352,1,1,1,0,1,0,0.0,1.0,0.0,1,-0.0,False,False,False,False,False,0,0,0,1,1,0,0,0,1,0,1
baseline,S_0064353,1,1,1,0,1,0,0.0,1.0,0.0,1,-0.0,False,False,False,False,False,0,0,0,1,1,0,0,0,1,0,1
baseline,S_0064369,3,3,2,1,1,1,0.3333333333333333,0.3333333333333333,0.3333333333333333,3,0.9999999999999998,False,True,True,False,False,0,0,0,3,1,0,0,0,1,2,2
baseline,S_0064384,1,1,1,1,0,0,1.0,0.0,0.0,1,-0.0,False,False,False,False,False,0,0,0,1,1,0,0,0,1,0,1
baseline,S_0064406,1,1,1,0,1,0,0.0,1.0,0.0,1,-0.0,False,False,False,False,False,0,0,0,1,1,1,0,0,0,0,1
baseline,S_0064410,1,1,1,0,1,0,0.0,1.0,0.0,1,-0.0,False,False,False,False,False,0,0,0,1,1,0,0,0,0,1,1
baseline,S_0064443,2,2,2,0,2,0,0.0,1.0,0.0,1,-0.0,False,True,False,False,False,0,0,0,2,1,0,1,0,0,1,2
baseline,S_0064444,2,2,2,0,2,0,0.0,1.0,0.0,1,-0.0,False,True,False,False,False,0,0,0,2,1,0,1,0,0,1,2
baseline,S_0064480,1,1,1,0,1,0,0.0,1.0,0.0,1,-0.0,False,False,False,False,False,0,0,0,1,1,1,0,0,0,0,1
baseline,S_0064481,2,2,2,2,0,0,1.0,0.0,0.0,1,-0.0,False,True,False,False,False,0,0,0,2,1,0,1,0,1,0,2
baseline,S_0064498,2,2,2,1,1,0,0.5,0.5,0.0,2,0.6309297535714574,False,True,False,False,False,0,0,0,2,1,0,0,0,2,0,1
baseline,S_0064522,1,1,1,0,1,0,0.0,1.0,0.0,1,-0.0,False,False,False,False,False,0,0,0,1,1,1,0,0,0,0,1
baseline,S_0064523,1,1,1,0,1,0,0.0,1.0,0.0,1,-0.0,False,False,False,False,False,0,0,0,1,1,1,0,0,0,0,1
baseline,S_0064565,4,4,2,2,2,0,0.5,0.5,0.0,2,0.6309297535714574,False,True,True,False,False,0,0,0,4,1,2,1,1,0,0,3
baseline,S_0064584,1,1,1,0,1,0,0.0,1.0,0.0,1,-0.0,False,False,False,False,False,0,0,0,1,1,0,1,0,0,0,1
baseline,S_0064598,2,2,2,2,0,0,1.0,0.0,0.0,1,-0.0,False,True,False,False,False,0,0,0,2,1,1,0,0,1,0,2
baseline,S_0064603,1,1,1,0,1,0,0.0,1.0,0.0,1,-0.0,False,False,False,False,False,0,0,0,1,1,0,0,0,0,1,1
baseline,S_0064605,1,1,1,0,1,0,0.0,1.0,0.0,1,-0.0,False,False,False,False,False,0,0,0,1,1,1,0,0,0,0,1
baseline,S_0064619,1,1,1,0,1,0,0.0,1.0,0.0,1,-0.0,False,False,False,False,False,0,0,0,1,1,0,0,0,1,0,1
baseline,S_0064637,1,1,1,1,0,0,1.0,0.0,0.0,1,-0.0,False,False,False,False,False,0,0,0,1,1,0,0,0,1,0,1
baseline,S_0064641,3,3,3,1,2,0,0.3333333333333333,0.6666666666666666,0.0,2,0.5793801642856949,False,True,True,False,False,0,0,0,3,1,0,1,0,1,1,3
baseline,S_0064642,3,3,3,1,2,0,0.3333333333333333,0.6666666666666666,0.0,2,0.5793801642856949,False,True,True,False,False,0,0,0,3,1,0,1,0,1,1,3
baseline,S_0064644,2,2,2,2,0,0,1.0,0.0,0.0,1,-0.0,False,True,False,False,False,0,0,0,2,1,1,0,0,1,0,2
baseline,S_0064702,2,2,2,2,0,0,1.0,0.0,0.0,1,-0.0,False,True,False,False,False,0,0,0,2,1,1,0,0,1,0,2
baseline,S_0064709,2,1,2,0,1,0,0.0,1.0,0.0,1,-0.0,False,False,False,False,False,0,0,0,1,1,0,0,0,0,1,1
