scenario,analysis_segment_id,n_passages,n_agents,n_modal_edges,n_low,n_middle,n_high,p_low,p_middle,p_high,income_groups_present,H_soc,sufficient_flow,flow_ge_2,flow_ge_3,flow_ge_5,flow_ge_10,n_mode_walk,n_mode_bike,n_mode_car,n_mode_transit,modes_present,n_purpose_work,n_purpose_education,n_purpose_health,n_purpose_shopping,n_purpose_leisure,purposes_present
differentiated,S_0000002,1,1,1,0,0,1,0.0,0.0,1.0,1,-0.0,False,False,False,False,False,0,0,1,0,1,0,1,0,0,0,1
differentiated,S_0000003,1,1,1,0,1,0,0.0,1.0,0.0,1,-0.0,False,False,False,False,False,0,0,1,0,1,1,0,0,0,0,1
differentiated,S_0000044,2,2,2,2,0,0,1.0,0.0,0.0,1,-0.0,False,True,False,False,False,0,0,0,2,1,2,0,0,0,0,1
differentiated,S_0000046,2,2,2,1,1,0,0.5,0.5,0.0,2,0.6309297535714574,False,True,False,False,False,0,0,0,2,1,0,1,1,0,0,2
differentiated,S_0000100,2,2,1,0,0,2,0.0,0.0,1.0,1,-0.0,False,True,False,False,False,0,0,2,0,1,1,1,0,0,0,2
differentiated,S_0000102,2,2,1,0,0,2,0.0,0.0,1.0,1,-0.0,False,True,False,False,False,0,0,2,0,1,1,1,0,0,0,2
differentiated,S_0000117,2,2,2,1,0,1,0.5,0.0,0.5,2,0.6309297535714574,False,True,False,False,False,0,0,1,1,2,1,0,0,0,1,2
differentiated,S_0000118,1,1,1,1,0,0,1.0,0.0,0.0,1,-0.0,False,False,False,False,False,0,0,0,1,1,1,0,0,0,0,1
differentiated,S_0000120,2,2,2,1,0,1,0.5,0.0,0.5,2,0.6309297535714574,False,True,False,False,False,0,0,1,1,2,1,0,0,0,1,2
differentiated,S_0000124,1,1,1,0,1,0,0.0,1.0,0.0,1,-0.0,False,False,False,False,False,0,0,1,0,1,0,0,0,1,0,1
differentiated,S_0000125,1,1,1,0,1,0,0.0,1.0,0.0,1,-0.0,False,False,False,False,False,0,0,1,0,1,0,0,0,1,0,1
differentiated,S_0000198,1,1,1,1,0,0,1.0,0.0,0.0,1,-0.0,False,False,False,False,False,0,0,0,1,1,1,0,0,0,0,1
differentiated,S_0000217,1,1,1,1,0,0,1.0,0.0,0.0,1,-0.0,False,False,False,False,False,0,0,0,1,1,1,0,0,0,0,1
differentiated,S_0000225,1,1,1,1,0,0,1.0,0.0,0.0,1,-0.0,False,False,False,False,False,0,0,0,1,1,1,0,0,0,0,1
differentiated,S_0000227,1,1,1,1,0,0,1.0,0.0,0.0,1,-0.0,False,False,False,False,False,0,0,0,1,1,1,0,0,0,0,1
differentiated,S_0000240,1,1,1,0,0,1,0.0,0.0,1.0,1,-0.0,False,False,False,False,False,0,0,1,0,1,0,0,0,0,1,1
differentiated,S_0000242,1,1,1,0,0,1,0.0,0.0,1.0,1,-0.0,False,False,False,False,False,0,0,1,0,1,0,0,0,0,1,1
differentiated,S_0000265,3,3,3,2,1,0,0.6666666666666666,0.3333333333333333,0.0,2,0.5793801642856949,False,True,True,False,False,0,0,0,3,1,3,0,0,0,0,1
differentiated,S_0000276,2,1,2,1,0,0,1.0,0.0,0.0,1,-0.0,False,False,False,False,False,0,0,0,1,1,1,0,0,0,0,1
differentiated,S_0000307,1,1,1,1,0,0,1.0,0.0,0.0,1,-0.0,False,False,False,False,False,0,0,0,1,1,1,0,0,0,0,1
differentiated,S_0000327,1,1,1,1,0,0,1.0,0.0,0.0,1,-0.0,False,False,False,False,False,0,0,0,1,1,1,0,0,0,0,1
differentiated,S_0000328,1,1,1,0,1,0,0.0,1.0,0.0,1,-0.0,False,False,False,False,False,0,0,1,0,1,0,1,0,0,0,1
differentiated,S_0000329,1,1,1,0,1,0,0.0,1.0,0.0,1,-0.0,False,False,False,False,False,0,0,1,0,1,0,1,0,0,0,1
differentiated,S_0000343,1,1,1,1,0,0,1.0,0.0,0.0,1,-0.0,False,False,False,False,False,0,0,0,1,1,1,0,0,0,0,1
differentiated,S_0000344,1,1,1,1,0,0,1.0,0.0,0.0,1,-0.0,False,False,False,False,False,0,0,0,1,1,1,0,0,0,0,1
differentiated,S_0000361,1,1,1,1,0,0,1.0,0.0,0.0,1,-0.0,False,False,False,False,False,0,0,0,1,1,1,0,0,0,0,1
differentiated,S_0000400,1,1,1,0,0,1,0.0,0.0,1.0,1,-0.0,False,False,False,False,False,0,0,1,0,1,0,0,0,0,1,1
differentiated,S_0000401,1,1,1,0,0,1,0.0,0.0,1.0,1,-0.0,False,False,False,False,False,0,0,1,0,1,0,0,0,0,1,1
differentiated,S_0000407,1,1,1,0,0,1,0.0,0.0,1.0,1,-0.0,False,False,False,False,False,0,0,1,0,1,0,0,0,0,1,1
differentiated,S_0000408,1,1,1,0,0,1,0.0,0.0,1.0,1,-0.0,False,False,False,False,False,0,0,1,0,1,0,0,0,0,1,1
differentiated,S_0000419,1,1,1,0,0,1,0.0,0.0,1.0,1,-0.0,False,False,False,False,False,0,0,1,0,1,0,0,0,0,1,1
differentiated,S_0000421,1,1,1,0,0,1,0.0,0.0,1.0,1,-0.0,False,False,False,False,False,0,0,1,0,1,0,0,0,0,1,1
differentiated,S_0000424,3,3,1,0,2,1,0.0,0.6666666666666666,0.3333333333333333,2,0.5793801642856949,False,True,True,False,False,0,0,3,0,1,2,0,0,0,1,2
differentiated,S_0000425,3,3,1,0,2,1,0.0,0.6666666666666666,0.3333333333333333,2,0.5793801642856949,False,True,True,False,False,0,0,3,0,1,2,0,0,0,1,2
differentiated,S_0000430,2,2,1,0,2,0,0.0,1.0,0.0,1,-0.0,False,True,False,False,False,0,0,2,0,1,1,0,0,0,1,2
differentiated,S_0000431,2,2,1,0,2,0,0.0,1.0,0.0,1,-0.0,False,True,False,False,False,0,0,2,0,1,1,0,0,0,1,2
differentiated,S_0000440,1,1,1,0,0,1,0.0,0.0,1.0,1,-0.0,False,False,False,False,False,0,0,1,0,1,0,0,0,0,1,1
differentiated,S_0000441,1,1,1,0,0,1,0.0,0.0,1.0,1,-0.0,False,False,False,False,False,0,0,1,0,1,0,0,0,0,1,1
differentiated,S_0000450,1,1,1,0,0,1,0.0,0.0,1.0,1,-0.0,False,False,False,False,False,0,0,1,0,1,0,0,0,0,1,1
differentiated,S_0000451,1,1,1,0,0,1,0.0,0.0,1.0,1,-0.0,False,False,False,False,False,0,0,1,0,1,0,0,0,0,1,1
differentiated,S_0000457,1,1,1,0,0,1,0.0,0.0,1.0,1,-0.0,False,False,False,False,False,0,0,1,0,1,0,0,0,0,1,1
differentiated,S_0000458,1,1,1,0,0,1,0.0,0.0,1.0,1,-0.0,False,False,False,False,False,0,0,1,0,1,0,0,0,0,1,1
differentiated,S_0000460,3,3,1,0,2,1,0.0,0.6666666666666666,0.3333333333333333,2,0.5793801642856949,False,True,True,False,False,0,0,3,0,1,2,0,0,0,1,2
differentiated,S_0000461,3,3,1,0,2,1,0.0,0.6666666666666666,0.3333333333333333,2,0.5793801642856949,False,True,True,False,False,0,0,3,0,1,2,0,0,0,1,2
differentiated,S_0000475,2,2,2,1,1,0,0.5,0.5,0.0,2,0.6309297535714574,False,True,False,False,False,0,0,0,2,1,2,0,0,0,0,1
differentiated,S_0000476,3,3,3,2,1,0,0.6666666666666666,0.3333333333333333,0.0,2,0.5793801642856949,False,True,True,False,False,0,0,0,3,1,3,0,0,0,0,1
differentiated,S_0000477,3,3,3,2,1,0,0.6666666666666666,0.3333333333333333,0.0,2,0.5793801642856949,False,True,True,False,False,0,0,0,3,1,3,0,0,0,0,1
differentiated,S_0000478,3,3,3,2,1,0,0.6666666666666666,0.3333333333333333,0.0,2,0.5793801642856949,False,True,True,False,False,0,0,0,3,1,3,0,0,0,0,1
differentiated,S_0000484,3,3,3,2,1,0,0.6666666666666666,0.3333333333333333,0.0,2,0.5793801642856949,False,True,True,False,False,0,0,0,3,1,3,0,0,0,0,1
differentiated,S_0000505,2,2,2,1,1,0,0.5,0.5,0.0,2,0.6309297535714574,False,True,False,False,False,0,0,0,2,1,2,0,0,0,0,1
differentiated,S_0000509,2,2,2,1,1,0,0.5,0.5,0.0,2,0.6309297535714574,False,True,False,False,False,0,0,0,2,1,2,0,0,0,0,1
differentiated,S_0000510,2,2,2,1,1,0,0.5,0.5,0.0,2,0.6309297535714574,False,True,False,False,False,0,0,0,2,1,2,0,0,0,0,1
differentiated,S_0000519,2,2,2,1,1,0,0.5,0.5,0.0,2,0.6309297535714574,False,True,False,False,False,0,0,0,2,1,2,0,0,0,0,1
differentiated,S_0000549,1,1,1,0,1,0,0.0,1.0,0.0,1,-0.0,False,False,False,False,False,0,0,1,0,1,0,0,0,1,0,1
differentiated,S_0000550,1,1,1,0,1,0,0.0,1.0,0.0,1,-0.0,False,False,False,False,False,0,0,1,0,1,0,0,0,1,0,1
differentiated,S_0000553,1,1,1,0,1,0,0.0,1.0,0.0,1,-0.0,False,False,False,False,False,0,0,1,0,1,0,0,0,1,0,1
differentiated,S_0000681,1,1,1,1,0,0,1.0,0.0,0.0,1,-0.0,False,False,False,False,False,0,0,0,1,1,1,0,0,0,0,1
differentiated,S_0000704,1,1,1,1,0,0,1.0,0.0,0.0,1,-0.0,False,False,False,False,False,0,0,0,1,1,1,0,0,0,0,1
differentiated,S_0000728,1,1,1,1,0,0,1.0,0.0,0.0,1,-0.0,False,False,False,False,False,0,0,0,1,1,1,0,0,0,0,1
differentiated,S_0000730,2,1,2,1,0,0,1.0,0.0,0.0,1,-0.0,False,False,False,False,False,0,0,0,1,1,1,0,0,0,0,1
differentiated,S_0000936,1,1,1,0,1,0,0.0,1.0,0.0,1,-0.0,False,False,False,False,False,0,0,0,1,1,0,0,0,1,0,1
differentiated,S_0000937,2,1,2,0,1,0,0.0,1.0,0.0,1,-0.0,False,False,False,False,False,0,0,0,1,1,0,0,0,1,0,1
differentiated,S_0000967,2,2,1,0,2,0,0.0,1.0,0.0,1,-0.0,False,True,False,False,False,0,0,2,0,1,2,0,0,0,0,1
differentiated,S_0000986,3,2,3,1,0,1,0.5,0.0,0.5,2,0.6309297535714574,False,True,False,False,False,0,0,1,1,2,1,0,0,0,1,2
differentiated,S_0000987,2,2,2,1,0,1,0.5,0.0,0.5,2,0.6309297535714574,False,True,False,False,False,0,0,1,1,2,1,0,0,0,1,2
differentiated,S_0000990,1,1,1,1,0,0,1.0,0.0,0.0,1,-0.0,False,False,False,False,False,0,0,0,1,1,1,0,0,0,0,1
differentiated,S_0000992,3,3,1,1,2,0,0.3333333333333333,0.6666666666666666,0.0,2,0.5793801642856949,False,True,True,False,False,0,0,0,3,1,0,0,1,1,1,3
differentiated,S_0000993,3,3,1,1,2,0,0.3333333333333333,0.6666666666666666,0.0,2,0.5793801642856949,False,True,True,False,False,0,0,0,3,1,0,0,1,1,1,3
differentiated,S_0000994,3,3,1,1,2,0,0.3333333333333333,0.6666666666666666,0.0,2,0.5793801642856949,False,True,True,False,False,0,0,0,3,1,0,0,1,1,1,3
differentiated,S_0000995,1,1,1,0,1,0,0.0,1.0,0.0,1,-0.0,False,False,False,False,False,0,0,1,0,1,1,0,0,0,0,1
differentiated,S_0000996,1,1,1,0,1,0,0.0,1.0,0.0,1,-0.0,False,False,False,False,False,0,0,1,0,1,1,0,0,0,0,1
differentiated,S_0001000,1,1,1,0,0,1,0.0,0.0,1.0,1,-0.0,False,False,False,False,False,0,0,1,0,1,1,0,0,0,0,1
differentiated,S_0001001,1,1,1,0,0,1,0.0,0.0,1.0,1,-0.0,False,False,False,False,False,0,0,1,0,1,1,0,0,0,0,1
differentiated,S_0001015,2,2,1,0,2,0,0.0,1.0,0.0,1,-0.0,False,True,False,False,False,0,0,2,0,1,0,0,0,2,0,1
differentiated,S_0001032,1,1,1,0,1,0,0.0,1.0,0.0,1,-0.0,False,False,False,False,False,0,0,1,0,1,0,0,0,1,0,1
differentiated,S_0001034,1,1,1,0,1,0,0.0,1.0,0.0,1,-0.0,False,False,False,False,False,0,0,1,0,1,0,0,0,1,0,1
differentiated,S_0001035,1,1,1,0,1,0,0.0,1.0,0.0,1,-0.0,False,False,False,False,False,0,0,1,0,1,1,0,0,0,0,1
differentiated,S_0001041,1,1,1,1,0,0,1.0,0.0,0.0,1,-0.0,False,False,False,False,False,0,0,0,1,1,1,0,0,0,0,1
differentiated,S_0001052,1,1,1,0,1,0,0.0,1.0,0.0,1,-0.0,False,False,False,False,False,0,0,1,0,1,0,0,0,1,0,1
differentiated,S_0001055,1,1,1,0,1,0,0.0,1.0,0.0,1,-0.0,False,False,False,False,False,0,0,0,1,1,1,0,0,0,0,1
differentiated,S_0001056,1,1,1,0,1,0,0.0,1.0,0.0,1,-0.0,False,False,False,False,False,0,0,0,1,1,1,0,0,0,0,1
differentiated,S_0001063,1,1,1,0,1,0,0.0,1.0,0.0,1,-0.0,False,False,False,False,False,0,0,1,0,1,0,0,0,0,1,1
differentiated,S_0001083,3,3,1,1,1,1,0.3333333333333333,0.3333333333333333,0.3333333333333333,3,0.9999999999999998,False,True,True,False,False,0,0,3,0,1,1,1,0,0,1,3
differentiated,S_0001084,2,2,1,0,1,1,0.0,0.5,0.5,2,0.6309297535714574,False,True,False,False,False,0,0,2,0,1,0,1,0,0,1,2
differentiated,S_0001085,1,1,1,1,0,0,1.0,0.0,0.0,1,-0.0,False,False,False,False,False,0,0,1,0,1,1,0,0,0,0,1
differentiated,S_0001091,4,4,2,0,2,2,0.0,0.5,0.5,2,0.6309297535714574,False,True,True,False,False,0,1,3,0,2,1,1,0,1,1,4
differentiated,S_0001092,4,4,2,0,2,2,0.0,0.5,0.5,2,0.6309297535714574,False,True,True,False,False,0,1,3,0,2,1,1,0,1,1,4
differentiated,S_0001093,4,4,2,0,2,2,0.0,0.5,0.5,2,0.6309297535714574,False,True,True,False,False,0,1,3,0,2,1,1,0,1,1,4
differentiated,S_0001097,2,2,1,0,2,0,0.0,1.0,0.0,1,-0.0,False,True,False,False,False,0,0,2,0,1,1,1,0,0,0,2
differentiated,S_0001099,2,2,1,0,2,0,0.0,1.0,0.0,1,-0.0,False,True,False,False,False,0,0,2,0,1,1,1,0,0,0,2
differentiated,S_0001103,2,2,1,1,0,1,0.5,0.0,0.5,2,0.6309297535714574,False,True,False,False,False,0,0,2,0,1,1,1,0,0,0,2
differentiated,S_0001105,2,2,1,0,1,1,0.0,0.5,0.5,2,0.6309297535714574,False,True,False,False,False,0,0,2,0,1,0,1,0,0,1,2
differentiated,S_0001108,2,1,2,1,0,0,1.0,0.0,0.0,1,-0.0,False,False,False,False,False,0,0,0,1,1,0,1,0,0,0,1
differentiated,S_0001111,3,3,1,0,3,0,0.0,1.0,0.0,1,-0.0,False,True,True,False,False,0,0,3,0,1,1,1,0,0,1,3
differentiated,S_0001138,3,3,3,1,2,0,0.3333333333333333,0.6666666666666666,0.0,2,0.5793801642856949,False,True,True,False,False,0,0,0,3,1,2,0,0,0,1,2
differentiated,S_0001139,1,1,1,1,0,0,1.0,0.0,0.0,1,-0.0,False,False,False,False,False,0,0,0,1,1,0,0,0,1,0,1
differentiated,S_0001202,3,1,3,1,0,0,1.0,0.0,0.0,1,-0.0,False,False,False,False,False,0,0,0,1,1,0,0,0,1,0,1
differentiated,S_0001204,1,1,1,1,0,0,1.0,0.0,0.0,1,-0.0,False,False,False,False,False,0,0,0,1,1,0,1,0,0,0,1
differentiated,S_0001211,3,1,3,1,0,0,1.0,0.0,0.0,1,-0.0,False,False,False,False,False,0,0,0,1,1,0,0,0,1,0,1
differentiated,S_0001217,2,2,2,2,0,0,1.0,0.0,0.0,1,-0.0,False,True,False,False,False,0,0,0,2,1,2,0,0,0,0,1
differentiated,S_0001237,2,2,2,1,1,0,0.5,0.5,0.0,2,0.6309297535714574,False,True,False,False,False,0,0,1,1,2,0,0,1,1,0,2
differentiated,S_0001238,3,2,3,1,1,0,0.5,0.5,0.0,2,0.6309297535714574,False,True,False,False,False,0,0,1,1,2,0,0,1,1,0,2
differentiated,S_0001239,2,2,2,1,1,0,0.5,0.5,0.0,2,0.6309297535714574,False,True,False,False,False,0,0,1,1,2,0,0,1,1,0,2
differentiated,S_0001244,2,1,2,0,1,0,0.0,1.0,0.0,1,-0.0,False,False,False,False,False,0,0,0,1,1,0,0,0,1,0,1
differentiated,S_0001249,2,2,2,1,1,0,0.5,0.5,0.0,2,0.6309297535714574,False,True,False,False,False,0,0,1,1,2,0,0,1,1,0,2
differentiated,S_0001250,2,1,2,0,1,0,0.0,1.0,0.0,1,-0.0,False,False,False,False,False,0,0,0,1,1,0,0,0,1,0,1
differentiated,S_0001252,1,1,1,0,0,1,0.0,0.0,1.0,1,-0.0,False,False,False,False,False,0,1,0,0,1,0,0,0,1,0,1
differentiated,S_0001255,2,1,2,0,1,0,0.0,1.0,0.0,1,-0.0,False,False,False,False,False,0,0,0,1,1,0,0,0,1,0,1
differentiated,S_0001257,1,1,1,0,1,0,0.0,1.0,0.0,1,-0.0,False,False,False,False,False,0,0,0,1,1,0,0,0,1,0,1
differentiated,S_0001261,3,3,2,1,1,1,0.3333333333333333,0.3333333333333333,0.3333333333333333,3,0.9999999999999998,False,True,True,False,False,0,0,3,0,1,0,0,2,1,0,2
differentiated,S_0001262,3,3,2,1,1,1,0.3333333333333333,0.3333333333333333,0.3333333333333333,3,0.9999999999999998,False,True,True,False,False,0,0,3,0,1,0,0,2,1,0,2
differentiated,S_0001277,1,1,1,1,0,0,1.0,0.0,0.0,1,-0.0,False,False,False,False,False,0,0,1,0,1,0,0,1,0,0,1
differentiated,S_0001278,2,2,2,1,1,0,0.5,0.5,0.0,2,0.6309297535714574,False,True,False,False,False,0,0,2,0,1,0,0,2,0,0,1
differentiated,S_0001280,1,1,1,0,0,1,0.0,0.0,1.0,1,-0.0,False,False,False,False,False,0,0,1,0,1,0,0,0,1,0,1
differentiated,S_0001281,1,1,1,1,0,0,1.0,0.0,0.0,1,-0.0,False,False,False,False,False,0,0,1,0,1,0,0,1,0,0,1
differentiated,S_0001282,1,1,1,1,0,0,1.0,0.0,0.0,1,-0.0,False,False,False,False,False,0,0,1,0,1,0,0,1,0,0,1
differentiated,S_0001283,2,2,2,0,1,1,0.0,0.5,0.5,2,0.6309297535714574,False,True,False,False,False,0,1,0,1,2,1,0,0,1,0,2
differentiated,S_0001289,1,1,1,1,0,0,1.0,0.0,0.0,1,-0.0,False,False,False,False,False,0,0,1,0,1,0,0,1,0,0,1
differentiated,S_0001301,1,1,1,0,0,1,0.0,0.0,1.0,1,-0.0,False,False,False,False,False,0,0,1,0,1,0,0,0,0,1,1
differentiated,S_0001317,1,1,1,0,0,1,0.0,0.0,1.0,1,-0.0,False,False,False,False,False,0,0,1,0,1,0,0,0,0,1,1
differentiated,S_0001322,5,5,2,1,4,0,0.2,0.8,0.0,2,0.4554859150035952,True,True,True,True,False,0,0,2,3,2,1,0,1,2,1,4
differentiated,S_0001324,5,5,2,1,4,0,0.2,0.8,0.0,2,0.4554859150035952,True,True,True,True,False,0,0,2,3,2,1,0,1,2,1,4
differentiated,S_0001345,1,1,1,0,0,1,0.0,0.0,1.0,1,-0.0,False,False,False,False,False,0,0,1,0,1,0,0,0,0,1,1
differentiated,S_0001358,1,1,1,0,0,1,0.0,0.0,1.0,1,-0.0,False,False,False,False,False,0,0,1,0,1,0,0,0,0,1,1
differentiated,S_0001361,1,1,1,0,0,1,0.0,0.0,1.0,1,-0.0,False,False,False,False,False,0,0,1,0,1,0,0,0,0,1,1
differentiated,S_0001372,1,1,1,0,1,0,0.0,1.0,0.0,1,-0.0,False,False,False,False,False,0,0,1,0,1,1,0,0,0,0,1
differentiated,S_0001377,1,1,1,0,0,1,0.0,0.0,1.0,1,-0.0,False,False,False,False,False,0,0,1,0,1,0,0,0,0,1,1
differentiated,S_0001378,1,1,1,0,0,1,0.0,0.0,1.0,1,-0.0,False,False,False,False,False,0,0,1,0,1,0,0,0,0,1,1
differentiated,S_0001388,2,2,1,0,2,0,0.0,1.0,0.0,1,-0.0,False,True,False,False,False,0,0,2,0,1,1,0,0,1,0,2
differentiated,S_0001389,1,1,1,0,1,0,0.0,1.0,0.0,1,-0.0,False,False,False,False,False,0,0,1,0,1,0,0,0,1,0,1
differentiated,S_0001390,2,2,1,0,2,0,0.0,1.0,0.0,1,-0.0,False,True,False,False,False,0,0,2,0,1,1,0,0,1,0,2
differentiated,S_0001395,1,1,1,0,0,1,0.0,0.0,1.0,1,-0.0,False,False,False,False,False,0,0,1,0,1,0,0,0,0,1,1
differentiated,S_0001396,1,1,1,0,1,0,0.0,1.0,0.0,1,-0.0,False,False,False,False,False,0,0,1,0,1,0,0,0,1,0,1
differentiated,S_0001404,1,1,1,0,0,1,0.0,0.0,1.0,1,-0.0,False,False,False,False,False,0,0,1,0,1,0,0,0,0,1,1
differentiated,S_0001405,1,1,1,0,0,1,0.0,0.0,1.0,1,-0.0,False,False,False,False,False,0,0,1,0,1,0,0,0,0,1,1
differentiated,S_0001407,1,1,1,0,0,1,0.0,0.0,1.0,1,-0.0,False,False,False,False,False,0,0,1,0,1,1,0,0,0,0,1
differentiated,S_0001408,4,4,3,0,4,0,0.0,1.0,0.0,1,-0.0,False,True,True,False,False,0,0,0,4,1,2,0,1,1,0,3
differentiated,S_0001409,4,4,3,0,4,0,0.0,1.0,0.0,1,-0.0,False,True,True,False,False,0,0,0,4,1,2,0,1,1,0,3
differentiated,S_0001410,3,3,1,1,0,2,0.3333333333333333,0.0,0.6666666666666666,2,0.5793801642856949,False,True,True,False,False,0,0,3,0,1,0,0,1,1,1,3
differentiated,S_0001411,1,1,1,0,0,1,0.0,0.0,1.0,1,-0.0,False,False,False,False,False,0,0,1,0,1,0,0,0,0,1,1
differentiated,S_0001412,4,4,1,1,0,3,0.25,0.0,0.75,2,0.5118595071429147,False,True,True,False,False,0,0,4,0,1,0,0,1,1,2,3
differentiated,S_0001419,2,2,2,0,2,0,0.0,1.0,0.0,1,-0.0,False,True,False,False,False,0,1,1,0,2,1,0,0,1,0,2
differentiated,S_0001420,2,2,2,0,2,0,0.0,1.0,0.0,1,-0.0,False,True,False,False,False,0,1,1,0,2,1,0,0,1,0,2
differentiated,S_0001421,1,1,1,0,1,0,0.0,1.0,0.0,1,-0.0,False,False,False,False,False,0,0,1,0,1,0,0,0,0,1,1
differentiated,S_0001424,2,2,1,1,0,1,0.5,0.0,0.5,2,0.6309297535714574,False,True,False,False,False,0,0,2,0,1,0,0,1,1,0,2
differentiated,S_0001426,2,2,1,0,2,0,0.0,1.0,0.0,1,-0.0,False,True,False,False,False,0,0,2,0,1,1,0,0,1,0,2
differentiated,S_0001429,2,2,1,0,2,0,0.0,1.0,0.0,1,-0.0,False,True,False,False,False,0,0,2,0,1,1,0,0,1,0,2
differentiated,S_0001432,1,1,1,0,1,0,0.0,1.0,0.0,1,-0.0,False,False,False,False,False,0,0,1,0,1,0,0,0,1,0,1
differentiated,S_0001435,1,1,1,0,1,0,0.0,1.0,0.0,1,-0.0,False,False,False,False,False,0,0,1,0,1,0,0,1,0,0,1
differentiated,S_0001436,1,1,1,0,1,0,0.0,1.0,0.0,1,-0.0,False,False,False,False,False,0,0,1,0,1,0,0,1,0,0,1
differentiated,S_0001437,2,2,2,0,2,0,0.0,1.0,0.0,1,-0.0,False,True,False,False,False,0,0,0,2,1,1,0,0,1,0,2
differentiated,S_0001438,3,3,2,1,1,1,0.3333333333333333,0.3333333333333333,0.3333333333333333,3,0.9999999999999998,False,True,True,False,False,0,0,3,0,1,0,0,2,1,0,2
differentiated,S_0001439,2,2,1,1,0,1,0.5,0.0,0.5,2,0.6309297535714574,False,True,False,False,False,0,0,2,0,1,0,0,1,1,0,2
differentiated,S_0001440,2,2,1,0,2,0,0.0,1.0,0.0,1,-0.0,False,True,False,False,False,0,0,2,0,1,1,0,0,1,0,2
differentiated,S_0001441,2,2,1,0,2,0,0.0,1.0,0.0,1,-0.0,False,True,False,False,False,0,0,2,0,1,1,0,0,1,0,2
differentiated,S_0001483,2,2,2,1,1,0,0.5,0.5,0.0,2,0.6309297535714574,False,True,False,False,False,0,0,0,2,1,0,0,0,2,0,1
differentiated,S_0001490,4,2,4,0,2,0,0.0,1.0,0.0,1,-0.0,False,True,False,False,False,0,1,1,0,2,0,0,0,0,2,1
differentiated,S_0001491,2,2,2,0,2,0,0.0,1.0,0.0,1,-0.0,False,True,False,False,False,0,1,1,0,2,0,0,0,0,2,1
differentiated,S_0001495,2,2,2,0,2,0,0.0,1.0,0.0,1,-0.0,False,True,False,False,False,0,1,1,0,2,0,0,0,0,2,1
differentiated,S_0001496,1,1,1,0,1,0,0.0,1.0,0.0,1,-0.0,False,False,False,False,False,0,0,1,0,1,0,0,0,0,1,1
differentiated,S_0001497,2,2,2,0,2,0,0.0,1.0,0.0,1,-0.0,False,True,False,False,False,0,0,1,1,2,0,0,0,2,0,1
differentiated,S_0001499,1,1,1,0,1,0,0.0,1.0,0.0,1,-0.0,False,False,False,False,False,0,0,1,0,1,0,0,0,1,0,1
differentiated,S_0001634,1,1,1,0,0,1,0.0,0.0,1.0,1,-0.0,False,False,False,False,False,0,0,1,0,1,0,0,0,0,1,1
differentiated,S_0001637,2,2,1,0,2,0,0.0,1.0,0.0,1,-0.0,False,True,False,False,False,0,0,0,2,1,1,0,0,0,1,2
differentiated,S_0001638,2,2,1,0,2,0,0.0,1.0,0.0,1,-0.0,False,True,False,False,False,0,0,0,2,1,1,0,0,0,1,2
differentiated,S_0001645,2,2,2,1,1,0,0.5,0.5,0.0,2,0.6309297535714574,False,True,False,False,False,0,0,1,1,2,0,0,1,0,1,2
differentiated,S_0001646,1,1,1,1,0,0,1.0,0.0,0.0,1,-0.0,False,False,False,False,False,0,0,1,0,1,0,0,1,0,0,1
differentiated,S_0001648,1,1,1,0,0,1,0.0,0.0,1.0,1,-0.0,False,False,False,False,False,0,0,1,0,1,1,0,0,0,0,1
differentiated,S_0001649,1,1,1,0,0,1,0.0,0.0,1.0,1,-0.0,False,False,False,False,False,0,0,1,0,1,1,0,0,0,0,1
differentiated,S_0001661,3,3,1,0,3,0,0.0,1.0,0.0,1,-0.0,False,True,True,False,False,0,0,3,0,1,1,1,0,0,1,3
differentiated,S_0001663,1,1,1,0,1,0,0.0,1.0,0.0,1,-0.0,False,False,False,False,False,0,0,1,0,1,1,0,0,0,0,1
differentiated,S_0001665,2,2,2,2,0,0,1.0,0.0,0.0,1,-0.0,False,True,False,False,False,0,0,0,2,1,2,0,0,0,0,1
differentiated,S_0001666,3,3,3,2,1,0,0.6666666666666666,0.3333333333333333,0.0,2,0.5793801642856949,False,True,True,False,False,0,0,0,3,1,2,0,0,1,0,2
differentiated,S_0001667,3,3,3,2,1,0,0.6666666666666666,0.3333333333333333,0.0,2,0.5793801642856949,False,True,True,False,False,0,0,0,3,1,2,0,0,1,0,2
differentiated,S_0001674,2,2,2,0,2,0,0.0,1.0,0.0,1,-0.0,False,True,False,False,False,0,1,1,0,2,0,0,0,1,1,2
differentiated,S_0001675,2,2,2,0,2,0,0.0,1.0,0.0,1,-0.0,False,True,False,False,False,0,1,1,0,2,0,0,0,1,1,2
differentiated,S_0001678,1,1,1,1,0,0,1.0,0.0,0.0,1,-0.0,False,False,False,False,False,0,0,1,0,1,0,0,0,0,1,1
differentiated,S_0001679,1,1,1,1,0,0,1.0,0.0,0.0,1,-0.0,False,False,False,False,False,0,0,1,0,1,0,0,0,0,1,1
differentiated,S_0001681,1,1,1,1,0,0,1.0,0.0,0.0,1,-0.0,False,False,False,False,False,0,0,1,0,1,0,0,0,0,1,1
differentiated,S_0001682,1,1,1,1,0,0,1.0,0.0,0.0,1,-0.0,False,False,False,False,False,0,0,1,0,1,0,0,0,0,1,1
differentiated,S_0001685,1,1,1,0,1,0,0.0,1.0,0.0,1,-0.0,False,False,False,False,False,0,1,0,0,1,0,0,0,0,1,1
differentiated,S_0001687,1,1,1,0,1,0,0.0,1.0,0.0,1,-0.0,False,False,False,False,False,0,0,1,0,1,1,0,0,0,0,1
differentiated,S_0001688,1,1,1,0,1,0,0.0,1.0,0.0,1,-0.0,False,False,False,False,False,0,0,1,0,1,1,0,0,0,0,1
differentiated,S_0001693,3,3,3,2,1,0,0.6666666666666666,0.3333333333333333,0.0,2,0.5793801642856949,False,True,True,False,False,0,0,0,3,1,2,0,0,1,0,2
differentiated,S_0001694,3,3,3,2,1,0,0.6666666666666666,0.3333333333333333,0.0,2,0.5793801642856949,False,True,True,False,False,0,0,0,3,1,2,0,0,1,0,2
differentiated,S_0001696,3,3,3,2,1,0,0.6666666666666666,0.3333333333333333,0.0,2,0.5793801642856949,False,True,True,False,False,0,0,0,3,1,2,0,0,1,0,2
differentiated,S_0001698,1,1,1,0,1,0,0.0,1.0,0.0,1,-0.0,False,False,False,False,False,0,0,1,0,1,0,0,0,1,0,1
differentiated,S_0001700,1,1,1,0,1,0,0.0,1.0,0.0,1,-0.0,False,False,False,False,False,0,0,1,0,1,0,0,0,1,0,1
differentiated,S_0001707,2,2,2,0,2,0,0.0,1.0,0.0,1,-0.0,False,True,False,False,False,0,1,1,0,2,0,0,0,0,2,1
differentiated,S_0001708,2,2,2,0,2,0,0.0,1.0,0.0,1,-0.0,False,True,False,False,False,0,1,1,0,2,0,0,0,0,2,1
differentiated,S_0001712,1,1,1,1,0,0,1.0,0.0,0.0,1,-0.0,False,False,False,False,False,0,0,0,1,1,1,0,0,0,0,1
differentiated,S_0001757,1,1,1,0,1,0,0.0,1.0,0.0,1,-0.0,False,False,False,False,False,0,0,0,1,1,0,0,0,1,0,1
differentiated,S_0001758,1,1,1,1,0,0,1.0,0.0,0.0,1,-0.0,False,False,False,False,False,0,0,0,1,1,0,0,0,1,0,1
differentiated,S_0001759,1,1,1,1,0,0,1.0,0.0,0.0,1,-0.0,False,False,False,False,False,0,0,0,1,1,0,0,0,1,0,1
differentiated,S_0001760,1,1,1,1,0,0,1.0,0.0,0.0,1,-0.0,False,False,False,False,False,0,0,0,1,1,0,0,0,1,0,1
differentiated,S_0001762,2,1,2,1,0,0,1.0,0.0,0.0,1,-0.0,False,False,False,False,False,0,0,0,1,1,0,0,0,1,0,1
differentiated,S_0001763,2,1,2,1,0,0,1.0,0.0,0.0,1,-0.0,False,False,False,False,False,0,0,0,1,1,0,0,0,1,0,1
differentiated,S_0001765,1,1,1,1,0,0,1.0,0.0,0.0,1,-0.0,False,False,False,False,False,0,0,0,1,1,0,0,0,1,0,1
differentiated,S_0001766,1,1,1,1,0,0,1.0,0.0,0.0,1,-0.0,False,False,False,False,False,0,0,0,1,1,0,0,0,1,0,1
differentiated,S_0001767,1,1,1,1,0,0,1.0,0.0,0.0,1,-0.0,False,False,False,False,False,0,0,0,1,1,0,0,0,1,0,1
differentiated,S_0001768,1,1,1,1,0,0,1.0,0.0,0.0,1,-0.0,False,False,False,False,False,0,0,0,1,1,0,0,0,1,0,1
differentiated,S_0001769,1,1,1,1,0,0,1.0,0.0,0.0,1,-0.0,False,False,False,False,False,0,0,0,1,1,0,0,0,1,0,1
differentiated,S_0001770,8,8,8,4,4,0,0.5,0.5,0.0,2,0.6309297535714574,True,True,True,True,False,0,0,0,8,1,5,2,0,1,0,3
differentiated,S_0001771,8,8,8,4,4,0,0.5,0.5,0.0,2,0.6309297535714574,True,True,True,True,False,0,0,0,8,1,5,2,0,1,0,3
differentiated,S_0001775,1,1,1,1,0,0,1.0,0.0,0.0,1,-0.0,False,False,False,False,False,0,0,0,1,1,0,0,0,1,0,1
differentiated,S_0001777,1,1,1,0,1,0,0.0,1.0,0.0,1,-0.0,False,False,False,False,False,0,0,1,0,1,1,0,0,0,0,1
differentiated,S_0001778,1,1,1,0,1,0,0.0,1.0,0.0,1,-0.0,False,False,False,False,False,0,0,1,0,1,1,0,0,0,0,1
differentiated,S_0001779,1,1,1,0,1,0,0.0,1.0,0.0,1,-0.0,False,False,False,False,False,0,0,1,0,1,1,0,0,0,0,1
differentiated,S_0001789,2,1,2,1,0,0,1.0,0.0,0.0,1,-0.0,False,False,False,False,False,0,0,0,1,1,0,0,0,1,0,1
differentiated,S_0001803,6,6,4,6,0,0,1.0,0.0,0.0,1,-0.0,True,True,True,True,False,0,0,0,6,1,4,1,0,1,0,3
differentiated,S_0001843,2,2,1,0,2,0,0.0,1.0,0.0,1,-0.0,False,True,False,False,False,0,0,2,0,1,2,0,0,0,0,1
differentiated,S_0001844,2,2,1,0,2,0,0.0,1.0,0.0,1,-0.0,False,True,False,False,False,0,0,2,0,1,2,0,0,0,0,1
differentiated,S_0001856,2,1,2,0,1,0,0.0,1.0,0.0,1,-0.0,False,False,False,False,False,0,0,0,1,1,0,0,0,0,1,1
differentiated,S_0001859,1,1,1,0,0,1,0.0,0.0,1.0,1,-0.0,False,False,False,False,False,0,0,1,0,1,0,0,0,0,1,1
differentiated,S_0001862,1,1,1,0,0,1,0.0,0.0,1.0,1,-0.0,False,False,False,False,False,0,0,1,0,1,0,0,0,0,1,1
differentiated,S_0001866,1,1,1,1,0,0,1.0,0.0,0.0,1,-0.0,False,False,False,False,False,0,0,0,1,1,0,0,0,1,0,1
differentiated,S_0001874,1,1,1,0,1,0,0.0,1.0,0.0,1,-0.0,False,False,False,False,False,0,0,0,1,1,0,0,0,1,0,1
differentiated,S_0001877,3,3,3,2,1,0,0.6666666666666666,0.3333333333333333,0.0,2,0.5793801642856949,False,True,True,False,False,0,0,0,3,1,2,0,0,1,0,2
differentiated,S_0001920,1,1,1,1,0,0,1.0,0.0,0.0,1,-0.0,False,False,False,False,False,0,0,0,1,1,1,0,0,0,0,1
differentiated,S_0001921,1,1,1,1,0,0,1.0,0.0,0.0,1,-0.0,False,False,False,False,False,0,0,0,1,1,1,0,0,0,0,1
differentiated,S_0001938,1,1,1,0,1,0,0.0,1.0,0.0,1,-0.0,False,False,False,False,False,0,0,0,1,1,0,0,0,0,1,1
differentiated,S_0001939,1,1,1,0,1,0,0.0,1.0,0.0,1,-0.0,False,False,False,False,False,0,0,0,1,1,0,0,0,0,1,1
differentiated,S_0001941,1,1,1,0,1,0,0.0,1.0,0.0,1,-0.0,False,False,False,False,False,0,0,0,1,1,0,0,0,0,1,1
differentiated,S_0001942,1,1,1,0,1,0,0.0,1.0,0.0,1,-0.0,False,False,False,False,False,0,0,0,1,1,0,0,0,0,1,1
differentiated,S_0001972,1,1,1,0,1,0,0.0,1.0,0.0,1,-0.0,False,False,False,False,False,0,0,1,0,1,0,0,0,1,0,1
differentiated,S_0001998,1,1,1,0,1,0,0.0,1.0,0.0,1,-0.0,False,False,False,False,False,0,0,1,0,1,1,0,0,0,0,1
differentiated,S_0001999,5,5,2,0,4,1,0.0,0.8,0.2,2,0.4554859150035952,True,True,True,True,False,0,0,5,0,1,3,0,0,0,2,2
differentiated,S_0002000,5,5,2,0,4,1,0.0,0.8,0.2,2,0.4554859150035952,True,True,True,True,False,0,0,5,0,1,3,0,0,0,2,2
differentiated,S_0002002,1,1,1,0,1,0,0.0,1.0,0.0,1,-0.0,False,False,False,False,False,0,0,1,0,1,1,0,0,0,0,1
differentiated,S_0002117,1,1,1,0,1,0,0.0,1.0,0.0,1,-0.0,False,False,False,False,False,0,0,1,0,1,0,0,0,1,0,1
differentiated,S_0002138,1,1,1,0,0,1,0.0,0.0,1.0,1,-0.0,False,False,False,False,False,0,0,1,0,1,0,0,0,0,1,1
differentiated,S_0002198,1,1,1,0,1,0,0.0,1.0,0.0,1,-0.0,False,False,False,False,False,1,0,0,0,1,0,1,0,0,0,1
differentiated,S_0002200,1,1,1,0,1,0,0.0,1.0,0.0,1,-0.0,False,False,False,False,False,1,0,0,0,1,0,1,0,0,0,1
differentiated,S_0002201,1,1,1,0,1,0,0.0,1.0,0.0,1,-0.0,False,False,False,False,False,1,0,0,0,1,0,1,0,0,0,1
differentiated,S_0002217,1,1,1,0,1,0,0.0,1.0,0.0,1,-0.0,False,False,False,False,False,0,0,1,0,1,1,0,0,0,0,1
differentiated,S_0002260,1,1,1,1,0,0,1.0,0.0,0.0,1,-0.0,False,False,False,False,False,0,0,0,1,1,0,1,0,0,0,1
differentiated,S_0002275,1,1,1,1,0,0,1.0,0.0,0.0,1,-0.0,False,False,False,False,False,0,0,0,1,1,1,0,0,0,0,1
differentiated,S_0002276,1,1,1,1,0,0,1.0,0.0,0.0,1,-0.0,False,False,False,False,False,0,0,0,1,1,1,0,0,0,0,1
differentiated,S_0002286,2,2,1,0,1,1,0.0,0.5,0.5,2,0.6309297535714574,False,True,False,False,False,0,0,2,0,1,1,0,1,0,0,2
differentiated,S_0002288,1,1,1,0,1,0,0.0,1.0,0.0,1,-0.0,False,False,False,False,False,0,0,1,0,1,1,0,0,0,0,1
differentiated,S_0002289,1,1,1,0,1,0,0.0,1.0,0.0,1,-0.0,False,False,False,False,False,0,0,1,0,1,1,0,0,0,0,1
differentiated,S_0002290,1,1,1,0,0,1,0.0,0.0,1.0,1,-0.0,False,False,False,False,False,0,0,1,0,1,0,0,1,0,0,1
differentiated,S_0002292,1,1,1,0,0,1,0.0,0.0,1.0,1,-0.0,False,False,False,False,False,0,0,1,0,1,0,0,1,0,0,1
differentiated,S_0002294,2,2,2,1,1,0,0.5,0.5,0.0,2,0.6309297535714574,False,True,False,False,False,0,0,1,1,2,1,1,0,0,0,2
differentiated,S_0002295,2,2,2,1,1,0,0.5,0.5,0.0,2,0.6309297535714574,False,True,False,False,False,0,0,1,1,2,1,1,0,0,0,2
differentiated,S_0002300,2,1,2,1,0,0,1.0,0.0,0.0,1,-0.0,False,False,False,False,False,0,0,0,1,1,0,1,0,0,0,1
differentiated,S_0002304,1,1,1,1,0,0,1.0,0.0,0.0,1,-0.0,False,False,False,False,False,0,0,0,1,1,0,1,0,0,0,1
differentiated,S_0002306,1,1,1,1,0,0,1.0,0.0,0.0,1,-0.0,False,False,False,False,False,0,0,0,1,1,0,1,0,0,0,1
differentiated,S_0002309,2,2,2,1,1,0,0.5,0.5,0.0,2,0.6309297535714574,False,True,False,False,False,0,0,1,1,2,1,1,0,0,0,2
differentiated,S_0002310,3,2,3,1,1,0,0.5,0.5,0.0,2,0.6309297535714574,False,True,False,False,False,0,0,1,1,2,1,1,0,0,0,2
differentiated,S_0002311,2,1,2,1,0,0,1.0,0.0,0.0,1,-0.0,False,False,False,False,False,0,0,0,1,1,0,1,0,0,0,1
differentiated,S_0002315,2,1,2,1,0,0,1.0,0.0,0.0,1,-0.0,False,False,False,False,False,0,0,0,1,1,0,1,0,0,0,1
differentiated,S_0002316,1,1,1,0,1,0,0.0,1.0,0.0,1,-0.0,False,False,False,False,False,0,0,1,0,1,0,0,1,0,0,1
differentiated,S_0002317,2,2,2,2,0,0,1.0,0.0,0.0,1,-0.0,False,True,False,False,False,0,0,0,2,1,0,1,0,1,0,2
differentiated,S_0002318,1,1,1,0,1,0,0.0,1.0,0.0,1,-0.0,False,False,False,False,False,0,0,1,0,1,0,0,1,0,0,1
differentiated,S_0002372,3,3,2,1,1,1,0.3333333333333333,0.3333333333333333,0.3333333333333333,3,0.9999999999999998,False,True,True,False,False,0,0,2,1,2,0,1,0,1,1,3
differentiated,S_0002397,1,1,1,0,1,0,0.0,1.0,0.0,1,-0.0,False,False,False,False,False,0,0,1,0,1,1,0,0,0,0,1
differentiated,S_0002408,1,1,1,1,0,0,1.0,0.0,0.0,1,-0.0,False,False,False,False,False,0,0,0,1,1,1,0,0,0,0,1
differentiated,S_0002409,1,1,1,1,0,0,1.0,0.0,0.0,1,-0.0,False,False,False,False,False,0,0,0,1,1,1,0,0,0,0,1
differentiated,S_0002411,1,1,1,1,0,0,1.0,0.0,0.0,1,-0.0,False,False,False,False,False,0,0,0,1,1,1,0,0,0,0,1
differentiated,S_0002413,1,1,1,1,0,0,1.0,0.0,0.0,1,-0.0,False,False,False,False,False,0,0,0,1,1,1,0,0,0,0,1
differentiated,S_0002528,1,1,1,0,1,0,0.0,1.0,0.0,1,-0.0,False,False,False,False,False,0,0,1,0,1,0,1,0,0,0,1
differentiated,S_0002555,1,1,1,1,0,0,1.0,0.0,0.0,1,-0.0,False,False,False,False,False,0,0,0,1,1,0,1,0,0,0,1
differentiated,S_0002571,2,2,2,1,1,0,0.5,0.5,0.0,2,0.6309297535714574,False,True,False,False,False,0,0,1,1,2,1,1,0,0,0,2
differentiated,S_0002572,2,2,2,1,1,0,0.5,0.5,0.0,2,0.6309297535714574,False,True,False,False,False,0,0,1,1,2,1,1,0,0,0,2
differentiated,S_0002598,1,1,1,0,0,1,0.0,0.0,1.0,1,-0.0,False,False,False,False,False,0,0,1,0,1,0,0,0,0,1,1
differentiated,S_0002611,1,1,1,0,0,1,0.0,0.0,1.0,1,-0.0,False,False,False,False,False,0,0,1,0,1,0,1,0,0,0,1
differentiated,S_0002613,1,1,1,0,0,1,0.0,0.0,1.0,1,-0.0,False,False,False,False,False,0,0,1,0,1,0,1,0,0,0,1
differentiated,S_0002614,1,1,1,0,0,1,0.0,0.0,1.0,1,-0.0,False,False,False,False,False,0,0,1,0,1,0,1,0,0,0,1
differentiated,S_0002618,1,1,1,0,0,1,0.0,0.0,1.0,1,-0.0,False,False,False,False,False,0,0,1,0,1,0,1,0,0,0,1
differentiated,S_0002621,1,1,1,0,0,1,0.0,0.0,1.0,1,-0.0,False,False,False,False,False,0,0,1,0,1,0,1,0,0,0,1
differentiated,S_0002707,2,2,1,0,2,0,0.0,1.0,0.0,1,-0.0,False,True,False,False,False,0,0,0,2,1,1,0,0,0,1,2
differentiated,S_0002736,1,1,1,0,1,0,0.0,1.0,0.0,1,-0.0,False,False,False,False,False,0,0,1,0,1,1,0,0,0,0,1
differentiated,S_0002738,1,1,1,0,0,1,0.0,0.0,1.0,1,-0.0,False,False,False,False,False,0,0,1,0,1,0,0,0,0,1,1
differentiated,S_0002746,1,1,1,0,0,1,0.0,0.0,1.0,1,-0.0,False,False,False,False,False,0,0,1,0,1,0,0,0,0,1,1
differentiated,S_0002749,1,1,1,0,1,0,0.0,1.0,0.0,1,-0.0,False,False,False,False,False,0,0,1,0,1,0,0,0,1,0,1
differentiated,S_0002757,2,2,1,1,0,1,0.5,0.0,0.5,2,0.6309297535714574,False,True,False,False,False,0,0,2,0,1,0,0,1,1,0,2
differentiated,S_0002770,2,2,1,1,0,1,0.5,0.0,0.5,2,0.6309297535714574,False,True,False,False,False,0,0,2,0,1,0,0,1,1,0,2
differentiated,S_0002777,1,1,1,0,1,0,0.0,1.0,0.0,1,-0.0,False,False,False,False,False,0,0,1,0,1,0,0,0,1,0,1
differentiated,S_0002778,1,1,1,0,1,0,0.0,1.0,0.0,1,-0.0,False,False,False,False,False,0,0,1,0,1,0,0,0,1,0,1
differentiated,S_0002865,1,1,1,0,1,0,0.0,1.0,0.0,1,-0.0,False,False,False,False,False,0,0,1,0,1,0,0,0,1,0,1
differentiated,S_0002866,1,1,1,0,1,0,0.0,1.0,0.0,1,-0.0,False,False,False,False,False,0,0,1,0,1,0,0,0,1,0,1
differentiated,S_0002869,1,1,1,0,1,0,0.0,1.0,0.0,1,-0.0,False,False,False,False,False,0,0,1,0,1,0,0,0,1,0,1
differentiated,S_0002871,1,1,1,0,1,0,0.0,1.0,0.0,1,-0.0,False,False,False,False,False,0,0,1,0,1,0,0,0,1,0,1
differentiated,S_0002893,1,1,1,0,0,1,0.0,0.0,1.0,1,-0.0,False,False,False,False,False,0,0,1,0,1,0,0,1,0,0,1
differentiated,S_0002912,1,1,1,0,1,0,0.0,1.0,0.0,1,-0.0,False,False,False,False,False,0,0,1,0,1,1,0,0,0,0,1
differentiated,S_0002920,2,2,1,0,2,0,0.0,1.0,0.0,1,-0.0,False,True,False,False,False,0,0,2,0,1,1,0,1,0,0,2
differentiated,S_0002939,1,1,1,0,1,0,0.0,1.0,0.0,1,-0.0,False,False,False,False,False,0,0,0,1,1,1,0,0,0,0,1
differentiated,S_0002946,2,2,1,0,2,0,0.0,1.0,0.0,1,-0.0,False,True,False,False,False,0,0,2,0,1,1,0,1,0,0,2
differentiated,S_0002948,1,1,1,0,1,0,0.0,1.0,0.0,1,-0.0,False,False,False,False,False,0,0,0,1,1,0,0,0,1,0,1
differentiated,S_0002950,1,1,1,1,0,0,1.0,0.0,0.0,1,-0.0,False,False,False,False,False,0,0,0,1,1,1,0,0,0,0,1
differentiated,S_0002951,1,1,1,1,0,0,1.0,0.0,0.0,1,-0.0,False,False,False,False,False,0,0,0,1,1,1,0,0,0,0,1
differentiated,S_0002988,1,1,1,0,0,1,0.0,0.0,1.0,1,-0.0,False,False,False,False,False,0,0,1,0,1,0,0,0,0,1,1
differentiated,S_0002991,1,1,1,0,0,1,0.0,0.0,1.0,1,-0.0,False,False,False,False,False,0,0,1,0,1,0,0,0,0,1,1
differentiated,S_0003009,1,1,1,0,1,0,0.0,1.0,0.0,1,-0.0,False,False,False,False,False,0,0,1,0,1,0,0,0,0,1,1
differentiated,S_0003029,4,2,2,0,2,0,0.0,1.0,0.0,1,-0.0,False,True,False,False,False,0,0,2,0,1,1,0,0,0,1,2
differentiated,S_0003030,2,2,1,0,2,0,0.0,1.0,0.0,1,-0.0,False,True,False,False,False,0,0,2,0,1,1,0,0,0,1,2
differentiated,S_0003031,2,2,1,0,2,0,0.0,1.0,0.0,1,-0.0,False,True,False,False,False,0,0,2,0,1,1,0,0,0,1,2
differentiated,S_0003078,1,1,1,1,0,0,1.0,0.0,0.0,1,-0.0,False,False,False,False,False,0,0,0,1,1,1,0,0,0,0,1
differentiated,S_0003115,1,1,1,0,1,0,0.0,1.0,0.0,1,-0.0,False,False,False,False,False,0,0,1,0,1,0,0,0,0,1,1
differentiated,S_0003123,2,2,1,0,2,0,0.0,1.0,0.0,1,-0.0,False,True,False,False,False,0,0,2,0,1,1,0,0,1,0,2
differentiated,S_0003125,2,2,1,0,2,0,0.0,1.0,0.0,1,-0.0,False,True,False,False,False,0,0,2,0,1,1,0,0,1,0,2
differentiated,S_0003151,2,2,1,0,2,0,0.0,1.0,0.0,1,-0.0,False,True,False,False,False,0,0,2,0,1,1,0,0,1,0,2
differentiated,S_0003152,2,2,1,0,2,0,0.0,1.0,0.0,1,-0.0,False,True,False,False,False,0,0,2,0,1,1,0,0,1,0,2
differentiated,S_0003192,2,2,1,0,2,0,0.0,1.0,0.0,1,-0.0,False,True,False,False,False,0,0,2,0,1,1,0,0,1,0,2
differentiated,S_0003195,1,1,1,0,1,0,0.0,1.0,0.0,1,-0.0,False,False,False,False,False,0,0,1,0,1,1,0,0,0,0,1
differentiated,S_0003196,1,1,1,0,1,0,0.0,1.0,0.0,1,-0.0,False,False,False,False,False,0,0,1,0,1,1,0,0,0,0,1
differentiated,S_0003270,1,1,1,1,0,0,1.0,0.0,0.0,1,-0.0,False,False,False,False,False,0,0,0,1,1,0,1,0,0,0,1
differentiated,S_0003271,1,1,1,1,0,0,1.0,0.0,0.0,1,-0.0,False,False,False,False,False,0,0,0,1,1,0,1,0,0,0,1
differentiated,S_0003291,1,1,1,1,0,0,1.0,0.0,0.0,1,-0.0,False,False,False,False,False,0,0,0,1,1,0,1,0,0,0,1
differentiated,S_0003294,1,1,1,1,0,0,1.0,0.0,0.0,1,-0.0,False,False,False,False,False,0,0,0,1,1,1,0,0,0,0,1
differentiated,S_0003300,1,1,1,0,1,0,0.0,1.0,0.0,1,-0.0,False,False,False,False,False,0,0,1,0,1,1,0,0,0,0,1
differentiated,S_0003302,1,1,1,0,1,0,0.0,1.0,0.0,1,-0.0,False,False,False,False,False,0,0,1,0,1,1,0,0,0,0,1
differentiated,S_0003305,1,1,1,0,1,0,0.0,1.0,0.0,1,-0.0,False,False,False,False,False,0,0,1,0,1,1,0,0,0,0,1
differentiated,S_0003306,1,1,1,0,1,0,0.0,1.0,0.0,1,-0.0,False,False,False,False,False,0,0,1,0,1,1,0,0,0,0,1
differentiated,S_0003307,1,1,1,0,1,0,0.0,1.0,0.0,1,-0.0,False,False,False,False,False,0,0,1,0,1,1,0,0,0,0,1
differentiated,S_0003308,1,1,1,0,0,1,0.0,0.0,1.0,1,-0.0,False,False,False,False,False,0,0,1,0,1,0,1,0,0,0,1
differentiated,S_0003309,1,1,1,0,0,1,0.0,0.0,1.0,1,-0.0,False,False,False,False,False,0,0,1,0,1,0,1,0,0,0,1
differentiated,S_0003311,1,1,1,0,0,1,0.0,0.0,1.0,1,-0.0,False,False,False,False,False,0,0,1,0,1,0,1,0,0,0,1
differentiated,S_0003312,1,1,1,0,0,1,0.0,0.0,1.0,1,-0.0,False,False,False,False,False,0,0,1,0,1,0,1,0,0,0,1
differentiated,S_0003313,1,1,1,1,0,0,1.0,0.0,0.0,1,-0.0,False,False,False,False,False,0,0,0,1,1,0,0,0,1,0,1
differentiated,S_0003316,1,1,1,0,0,1,0.0,0.0,1.0,1,-0.0,False,False,False,False,False,0,0,1,0,1,0,0,0,0,1,1
differentiated,S_0003317,3,3,1,0,2,1,0.0,0.6666666666666666,0.3333333333333333,2,0.5793801642856949,False,True,True,False,False,0,0,3,0,1,2,0,0,0,1,2
differentiated,S_0003318,2,2,1,0,2,0,0.0,1.0,0.0,1,-0.0,False,True,False,False,False,0,0,2,0,1,2,0,0,0,0,1
differentiated,S_0003321,2,2,2,0,2,0,0.0,1.0,0.0,1,-0.0,False,True,False,False,False,0,0,2,0,1,1,0,0,0,1,2
differentiated,S_0003323,2,2,2,0,2,0,0.0,1.0,0.0,1,-0.0,False,True,False,False,False,0,0,2,0,1,1,0,0,0,1,2
differentiated,S_0003324,2,2,2,0,2,0,0.0,1.0,0.0,1,-0.0,False,True,False,False,False,0,0,2,0,1,1,0,0,0,1,2
differentiated,S_0003329,3,3,1,0,2,1,0.0,0.6666666666666666,0.3333333333333333,2,0.5793801642856949,False,True,True,False,False,0,0,3,0,1,2,0,0,0,1,2
differentiated,S_0003351,1,1,1,0,1,0,0.0,1.0,0.0,1,-0.0,False,False,False,False,False,0,0,1,0,1,1,0,0,0,0,1
differentiated,S_0003352,1,1,1,0,1,0,0.0,1.0,0.0,1,-0.0,False,False,False,False,False,0,0,1,0,1,1,0,0,0,0,1
differentiated,S_0003368,1,1,1,0,1,0,0.0,1.0,0.0,1,-0.0,False,False,False,False,False,0,0,1,0,1,1,0,0,0,0,1
differentiated,S_0003370,1,1,1,0,1,0,0.0,1.0,0.0,1,-0.0,False,False,False,False,False,0,0,1,0,1,1,0,0,0,0,1
differentiated,S_0003372,1,1,1,0,1,0,0.0,1.0,0.0,1,-0.0,False,False,False,False,False,0,0,1,0,1,1,0,0,0,0,1
differentiated,S_0003373,1,1,1,0,1,0,0.0,1.0,0.0,1,-0.0,False,False,False,False,False,0,0,1,0,1,1,0,0,0,0,1
differentiated,S_0003376,2,2,1,0,2,0,0.0,1.0,0.0,1,-0.0,False,True,False,False,False,0,0,2,0,1,2,0,0,0,0,1
differentiated,S_0003377,2,2,1,0,2,0,0.0,1.0,0.0,1,-0.0,False,True,False,False,False,0,0,2,0,1,2,0,0,0,0,1
differentiated,S_0003384,2,2,1,0,2,0,0.0,1.0,0.0,1,-0.0,False,True,False,False,False,0,0,2,0,1,2,0,0,0,0,1
differentiated,S_0003388,2,2,1,0,2,0,0.0,1.0,0.0,1,-0.0,False,True,False,False,False,0,0,2,0,1,2,0,0,0,0,1
differentiated,S_0003391,1,1,1,0,1,0,0.0,1.0,0.0,1,-0.0,False,False,False,False,False,0,0,1,0,1,1,0,0,0,0,1
differentiated,S_0003394,2,2,1,0,2,0,0.0,1.0,0.0,1,-0.0,False,True,False,False,False,0,0,2,0,1,2,0,0,0,0,1
differentiated,S_0003395,1,1,1,0,1,0,0.0,1.0,0.0,1,-0.0,False,False,False,False,False,0,0,1,0,1,0,0,0,0,1,1
differentiated,S_0003396,2,2,1,0,2,0,0.0,1.0,0.0,1,-0.0,False,True,False,False,False,0,0,2,0,1,1,0,0,0,1,2
differentiated,S_0003397,1,1,1,0,1,0,0.0,1.0,0.0,1,-0.0,False,False,False,False,False,0,0,1,0,1,1,0,0,0,0,1
differentiated,S_0003404,1,1,1,0,1,0,0.0,1.0,0.0,1,-0.0,False,False,False,False,False,0,0,1,0,1,0,0,0,0,1,1
differentiated,S_0003405,1,1,1,0,1,0,0.0,1.0,0.0,1,-0.0,False,False,False,False,False,0,0,1,0,1,0,0,0,0,1,1
differentiated,S_0003407,1,1,1,0,1,0,0.0,1.0,0.0,1,-0.0,False,False,False,False,False,0,0,1,0,1,0,0,0,0,1,1
differentiated,S_0003410,2,2,2,0,2,0,0.0,1.0,0.0,1,-0.0,False,True,False,False,False,0,0,2,0,1,1,0,0,0,1,2
differentiated,S_0003411,2,2,2,0,2,0,0.0,1.0,0.0,1,-0.0,False,True,False,False,False,0,0,2,0,1,1,0,0,0,1,2
differentiated,S_0003412,2,2,2,0,2,0,0.0,1.0,0.0,1,-0.0,False,True,False,False,False,0,0,2,0,1,1,0,0,0,1,2
differentiated,S_0003413,2,2,2,0,2,0,0.0,1.0,0.0,1,-0.0,False,True,False,False,False,0,0,2,0,1,1,0,0,0,1,2
differentiated,S_0003427,1,1,1,0,1,0,0.0,1.0,0.0,1,-0.0,False,False,False,False,False,0,0,1,0,1,1,0,0,0,0,1
differentiated,S_0003429,1,1,1,0,1,0,0.0,1.0,0.0,1,-0.0,False,False,False,False,False,0,0,1,0,1,1,0,0,0,0,1
differentiated,S_0003430,1,1,1,0,1,0,0.0,1.0,0.0,1,-0.0,False,False,False,False,False,0,0,1,0,1,0,0,0,1,0,1
differentiated,S_0003432,1,1,1,0,1,0,0.0,1.0,0.0,1,-0.0,False,False,False,False,False,0,0,1,0,1,0,0,0,1,0,1
differentiated,S_0003434,1,1,1,0,1,0,0.0,1.0,0.0,1,-0.0,False,False,False,False,False,0,0,1,0,1,0,0,0,1,0,1
differentiated,S_0003438,1,1,1,0,1,0,0.0,1.0,0.0,1,-0.0,False,False,False,False,False,0,0,1,0,1,0,0,0,0,1,1
differentiated,S_0003439,1,1,1,0,1,0,0.0,1.0,0.0,1,-0.0,False,False,False,False,False,0,0,1,0,1,0,0,0,0,1,1
differentiated,S_0003442,2,2,2,1,1,0,0.5,0.5,0.0,2,0.6309297535714574,False,True,False,False,False,0,0,2,0,1,1,0,0,0,1,2
differentiated,S_0003443,2,2,2,1,1,0,0.5,0.5,0.0,2,0.6309297535714574,False,True,False,False,False,0,0,2,0,1,1,0,0,0,1,2
differentiated,S_0003444,1,1,1,0,1,0,0.0,1.0,0.0,1,-0.0,False,False,False,False,False,0,0,1,0,1,0,0,0,0,1,1
differentiated,S_0003445,1,1,1,0,1,0,0.0,1.0,0.0,1,-0.0,False,False,False,False,False,0,0,1,0,1,0,0,0,0,1,1
differentiated,S_0003448,1,1,1,0,1,0,0.0,1.0,0.0,1,-0.0,False,False,False,False,False,0,0,1,0,1,0,0,0,1,0,1
differentiated,S_0003449,1,1,1,0,1,0,0.0,1.0,0.0,1,-0.0,False,False,False,False,False,0,0,1,0,1,0,0,0,1,0,1
differentiated,S_0003453,2,2,2,1,1,0,0.5,0.5,0.0,2,0.6309297535714574,False,True,False,False,False,0,0,2,0,1,1,0,0,0,1,2
differentiated,S_0003455,2,2,2,1,1,0,0.5,0.5,0.0,2,0.6309297535714574,False,True,False,False,False,0,0,2,0,1,1,0,0,0,1,2
differentiated,S_0003460,1,1,1,1,0,0,1.0,0.0,0.0,1,-0.0,False,False,False,False,False,0,0,1,0,1,0,0,0,0,1,1
differentiated,S_0003461,2,2,2,1,1,0,0.5,0.5,0.0,2,0.6309297535714574,False,True,False,False,False,0,0,2,0,1,1,0,0,0,1,2
differentiated,S_0003462,1,1,1,0,1,0,0.0,1.0,0.0,1,-0.0,False,False,False,False,False,0,0,1,0,1,1,0,0,0,0,1
differentiated,S_0003466,2,2,2,1,1,0,0.5,0.5,0.0,2,0.6309297535714574,False,True,False,False,False,0,0,2,0,1,1,0,0,0,1,2
differentiated,S_0003468,2,2,2,1,1,0,0.5,0.5,0.0,2,0.6309297535714574,False,True,False,False,False,0,0,2,0,1,1,0,0,0,1,2
differentiated,S_0003469,2,2,1,0,2,0,0.0,1.0,0.0,1,-0.0,False,True,False,False,False,0,0,2,0,1,2,0,0,0,0,1
differentiated,S_0003471,2,2,1,0,2,0,0.0,1.0,0.0,1,-0.0,False,True,False,False,False,0,0,2,0,1,2,0,0,0,0,1
differentiated,S_0003474,2,2,1,0,2,0,0.0,1.0,0.0,1,-0.0,False,True,False,False,False,0,0,2,0,1,2,0,0,0,0,1
differentiated,S_0003478,2,2,1,0,2,0,0.0,1.0,0.0,1,-0.0,False,True,False,False,False,0,0,2,0,1,2,0,0,0,0,1
differentiated,S_0003480,2,2,1,0,2,0,0.0,1.0,0.0,1,-0.0,False,True,False,False,False,0,0,2,0,1,2,0,0,0,0,1
differentiated,S_0003481,1,1,1,1,0,0,1.0,0.0,0.0,1,-0.0,False,False,False,False,False,0,0,0,1,1,0,0,0,1,0,1
differentiated,S_0003482,2,2,1,0,2,0,0.0,1.0,0.0,1,-0.0,False,True,False,False,False,0,0,2,0,1,2,0,0,0,0,1
differentiated,S_0003484,2,2,1,0,2,0,0.0,1.0,0.0,1,-0.0,False,True,False,False,False,0,0,2,0,1,2,0,0,0,0,1
differentiated,S_0003485,3,3,2,1,2,0,0.3333333333333333,0.6666666666666666,0.0,2,0.5793801642856949,False,True,True,False,False,0,0,3,0,1,2,0,0,0,1,2
differentiated,S_0003487,2,2,1,0,2,0,0.0,1.0,0.0,1,-0.0,False,True,False,False,False,0,0,2,0,1,2,0,0,0,0,1
differentiated,S_0003488,3,3,2,1,2,0,0.3333333333333333,0.6666666666666666,0.0,2,0.5793801642856949,False,True,True,False,False,0,0,3,0,1,2,0,0,0,1,2
differentiated,S_0003489,2,2,1,0,2,0,0.0,1.0,0.0,1,-0.0,False,True,False,False,False,0,0,2,0,1,2,0,0,0,0,1
differentiated,S_0003491,3,3,2,0,3,0,0.0,1.0,0.0,1,-0.0,False,True,True,False,False,0,0,3,0,1,2,0,0,1,0,2
differentiated,S_0003492,3,3,2,0,3,0,0.0,1.0,0.0,1,-0.0,False,True,True,False,False,0,0,3,0,1,2,0,0,1,0,2
differentiated,S_0003494,1,1,1,0,1,0,0.0,1.0,0.0,1,-0.0,False,False,False,False,False,0,0,1,0,1,0,0,0,1,0,1
differentiated,S_0003495,2,2,1,0,2,0,0.0,1.0,0.0,1,-0.0,False,True,False,False,False,0,0,2,0,1,2,0,0,0,0,1
differentiated,S_0003496,3,3,2,0,3,0,0.0,1.0,0.0,1,-0.0,False,True,True,False,False,0,0,3,0,1,2,0,0,1,0,2
differentiated,S_0003500,2,2,1,0,2,0,0.0,1.0,0.0,1,-0.0,False,True,False,False,False,0,0,2,0,1,2,0,0,0,0,1
differentiated,S_0003501,2,2,1,0,2,0,0.0,1.0,0.0,1,-0.0,False,True,False,False,False,0,0,2,0,1,2,0,0,0,0,1
differentiated,S_0003502,2,2,1,0,2,0,0.0,1.0,0.0,1,-0.0,False,True,False,False,False,0,0,2,0,1,2,0,0,0,0,1
differentiated,S_0003503,2,2,1,0,2,0,0.0,1.0,0.0,1,-0.0,False,True,False,False,False,0,0,2,0,1,2,0,0,0,0,1
differentiated,S_0003505,4,4,2,1,3,0,0.25,0.75,0.0,2,0.5118595071429147,False,True,True,False,False,0,0,4,0,1,2,0,0,1,1,3
differentiated,S_0003506,4,4,2,1,3,0,0.25,0.75,0.0,2,0.5118595071429147,False,True,True,False,False,0,0,4,0,1,2,0,0,1,1,3
differentiated,S_0003631,1,1,1,0,1,0,0.0,1.0,0.0,1,-0.0,False,False,False,False,False,0,0,0,1,1,0,0,0,1,0,1
differentiated,S_0003639,1,1,1,0,1,0,0.0,1.0,0.0,1,-0.0,False,False,False,False,False,0,0,0,1,1,0,0,0,1,0,1
differentiated,S_0003643,1,1,1,0,1,0,0.0,1.0,0.0,1,-0.0,False,False,False,False,False,0,0,0,1,1,0,0,0,1,0,1
differentiated,S_0003652,1,1,1,0,1,0,0.0,1.0,0.0,1,-0.0,False,False,False,False,False,0,0,1,0,1,1,0,0,0,0,1
differentiated,S_0003653,1,1,1,0,1,0,0.0,1.0,0.0,1,-0.0,False,False,False,False,False,0,0,1,0,1,1,0,0,0,0,1
differentiated,S_0003686,1,1,1,0,1,0,0.0,1.0,0.0,1,-0.0,False,False,False,False,False,0,0,0,1,1,0,0,0,1,0,1
differentiated,S_0003748,1,1,1,1,0,0,1.0,0.0,0.0,1,-0.0,False,False,False,False,False,0,0,0,1,1,1,0,0,0,0,1
differentiated,S_0003749,1,1,1,1,0,0,1.0,0.0,0.0,1,-0.0,False,False,False,False,False,0,0,0,1,1,1,0,0,0,0,1
differentiated,S_0003819,2,2,1,0,2,0,0.0,1.0,0.0,1,-0.0,False,True,False,False,False,0,0,2,0,1,2,0,0,0,0,1
differentiated,S_0003827,1,1,1,0,0,1,0.0,0.0,1.0,1,-0.0,False,False,False,False,False,0,0,1,0,1,0,0,0,0,1,1
differentiated,S_0003828,1,1,1,0,0,1,0.0,0.0,1.0,1,-0.0,False,False,False,False,False,0,0,1,0,1,0,0,0,0,1,1
differentiated,S_0003851,1,1,1,0,1,0,0.0,1.0,0.0,1,-0.0,False,False,False,False,False,0,0,1,0,1,1,0,0,0,0,1
differentiated,S_0003853,1,1,1,0,1,0,0.0,1.0,0.0,1,-0.0,False,False,False,False,False,0,0,1,0,1,1,0,0,0,0,1
differentiated,S_0003855,1,1,1,0,1,0,0.0,1.0,0.0,1,-0.0,False,False,False,False,False,0,0,0,1,1,0,0,0,1,0,1
differentiated,S_0003867,1,1,1,0,1,0,0.0,1.0,0.0,1,-0.0,False,False,False,False,False,0,0,1,0,1,1,0,0,0,0,1
differentiated,S_0003869,1,1,1,0,1,0,0.0,1.0,0.0,1,-0.0,False,False,False,False,False,0,0,1,0,1,1,0,0,0,0,1
differentiated,S_0003892,1,1,1,0,1,0,0.0,1.0,0.0,1,-0.0,False,False,False,False,False,0,0,1,0,1,1,0,0,0,0,1
differentiated,S_0003893,1,1,1,0,1,0,0.0,1.0,0.0,1,-0.0,False,False,False,False,False,0,0,0,1,1,0,0,0,1,0,1
differentiated,S_0003903,1,1,1,0,1,0,0.0,1.0,0.0,1,-0.0,False,False,False,False,False,0,0,1,0,1,1,0,0,0,0,1
differentiated,S_0003904,1,1,1,0,1,0,0.0,1.0,0.0,1,-0.0,False,False,False,False,False,0,0,1,0,1,1,0,0,0,0,1
differentiated,S_0003916,1,1,1,0,1,0,0.0,1.0,0.0,1,-0.0,False,False,False,False,False,0,0,0,1,1,0,0,0,1,0,1
differentiated,S_0003917,1,1,1,0,1,0,0.0,1.0,0.0,1,-0.0,False,False,False,False,False,0,0,0,1,1,0,0,0,1,0,1
differentiated,S_0003918,1,1,1,0,1,0,0.0,1.0,0.0,1,-0.0,False,False,False,False,False,0,0,0,1,1,0,0,0,1,0,1
differentiated,S_0003920,1,1,1,0,1,0,0.0,1.0,0.0,1,-0.0,False,False,False,False,False,0,0,0,1,1,0,0,0,1,0,1
differentiated,S_0003922,1,1,1,0,1,0,0.0,1.0,0.0,1,-0.0,False,False,False,False,False,0,0,1,0,1,1,0,0,0,0,1
differentiated,S_0003923,1,1,1,0,1,0,0.0,1.0,0.0,1,-0.0,False,False,False,False,False,0,0,1,0,1,1,0,0,0,0,1
differentiated,S_0003927,1,1,1,0,1,0,0.0,1.0,0.0,1,-0.0,False,False,False,False,False,0,0,0,1,1,0,0,0,1,0,1
differentiated,S_0003928,1,1,1,0,1,0,0.0,1.0,0.0,1,-0.0,False,False,False,False,False,0,0,0,1,1,0,0,0,1,0,1
differentiated,S_0003929,1,1,1,0,1,0,0.0,1.0,0.0,1,-0.0,False,False,False,False,False,0,0,0,1,1,0,0,0,1,0,1
differentiated,S_0003958,1,1,1,0,0,1,0.0,0.0,1.0,1,-0.0,False,False,False,False,False,0,0,1,0,1,0,0,0,0,1,1
differentiated,S_0003960,1,1,1,0,0,1,0.0,0.0,1.0,1,-0.0,False,False,False,False,False,0,0,1,0,1,0,0,0,0,1,1
differentiated,S_0003961,1,1,1,0,1,0,0.0,1.0,0.0,1,-0.0,False,False,False,False,False,0,0,1,0,1,1,0,0,0,0,1
differentiated,S_0003963,1,1,1,0,1,0,0.0,1.0,0.0,1,-0.0,False,False,False,False,False,0,0,1,0,1,1,0,0,0,0,1
differentiated,S_0003970,2,2,1,0,2,0,0.0,1.0,0.0,1,-0.0,False,True,False,False,False,0,0,2,0,1,0,0,0,1,1,2
differentiated,S_0003972,2,2,1,0,2,0,0.0,1.0,0.0,1,-0.0,False,True,False,False,False,0,0,2,0,1,0,0,0,1,1,2
differentiated,S_0003975,1,1,1,0,0,1,0.0,0.0,1.0,1,-0.0,False,False,False,False,False,0,0,1,0,1,0,0,0,0,1,1
differentiated,S_0003977,1,1,1,0,0,1,0.0,0.0,1.0,1,-0.0,False,False,False,False,False,0,0,1,0,1,0,0,0,0,1,1
differentiated,S_0003978,2,2,1,0,2,0,0.0,1.0,0.0,1,-0.0,False,True,False,False,False,0,0,2,0,1,0,0,0,1,1,2
differentiated,S_0003979,2,2,1,0,2,0,0.0,1.0,0.0,1,-0.0,False,True,False,False,False,0,0,2,0,1,0,0,0,1,1,2
differentiated,S_0003988,1,1,1,0,1,0,0.0,1.0,0.0,1,-0.0,False,False,False,False,False,0,0,1,0,1,1,0,0,0,0,1
differentiated,S_0003989,1,1,1,0,1,0,0.0,1.0,0.0,1,-0.0,False,False,False,False,False,0,0,1,0,1,1,0,0,0,0,1
differentiated,S_0003992,2,2,1,0,2,0,0.0,1.0,0.0,1,-0.0,False,True,False,False,False,0,0,2,0,1,0,0,0,1,1,2
differentiated,S_0003995,1,1,1,0,0,1,0.0,0.0,1.0,1,-0.0,False,False,False,False,False,0,0,1,0,1,0,0,0,0,1,1
differentiated,S_0003996,1,1,1,0,0,1,0.0,0.0,1.0,1,-0.0,False,False,False,False,False,0,0,1,0,1,0,0,0,0,1,1
differentiated,S_0003999,1,1,1,0,0,1,0.0,0.0,1.0,1,-0.0,False,False,False,False,False,0,0,1,0,1,0,0,0,0,1,1
differentiated,S_0004001,2,2,1,0,2,0,0.0,1.0,0.0,1,-0.0,False,True,False,False,False,0,0,2,0,1,0,0,0,1,1,2
differentiated,S_0004002,2,2,1,0,2,0,0.0,1.0,0.0,1,-0.0,False,True,False,False,False,0,0,2,0,1,0,0,0,1,1,2
differentiated,S_0004007,1,1,1,0,1,0,0.0,1.0,0.0,1,-0.0,False,False,False,False,False,0,0,1,0,1,1,0,0,0,0,1
differentiated,S_0004009,1,1,1,0,1,0,0.0,1.0,0.0,1,-0.0,False,False,False,False,False,0,0,1,0,1,1,0,0,0,0,1
differentiated,S_0004010,1,1,1,0,1,0,0.0,1.0,0.0,1,-0.0,False,False,False,False,False,0,0,1,0,1,1,0,0,0,0,1
differentiated,S_0004016,2,2,1,0,2,0,0.0,1.0,0.0,1,-0.0,False,True,False,False,False,0,0,2,0,1,0,0,0,1,1,2
differentiated,S_0004017,1,1,1,0,0,1,0.0,0.0,1.0,1,-0.0,False,False,False,False,False,0,0,1,0,1,0,0,0,0,1,1
differentiated,S_0004020,1,1,1,0,0,1,0.0,0.0,1.0,1,-0.0,False,False,False,False,False,0,0,1,0,1,0,0,0,0,1,1
differentiated,S_0004026,1,1,1,0,0,1,0.0,0.0,1.0,1,-0.0,False,False,False,False,False,0,0,1,0,1,0,0,0,0,1,1
differentiated,S_0004027,1,1,1,0,0,1,0.0,0.0,1.0,1,-0.0,False,False,False,False,False,0,0,1,0,1,0,0,0,0,1,1
differentiated,S_0004028,3,3,2,0,2,1,0.0,0.6666666666666666,0.3333333333333333,2,0.5793801642856949,False,True,True,False,False,0,0,3,0,1,0,0,0,1,2,2
differentiated,S_0004029,3,3,2,0,2,1,0.0,0.6666666666666666,0.3333333333333333,2,0.5793801642856949,False,True,True,False,False,0,0,3,0,1,0,0,0,1,2,2
differentiated,S_0004040,2,2,1,0,2,0,0.0,1.0,0.0,1,-0.0,False,True,False,False,False,0,0,2,0,1,0,0,0,1,1,2
differentiated,S_0004041,3,3,1,0,3,0,0.0,1.0,0.0,1,-0.0,False,True,True,False,False,0,0,3,0,1,0,0,0,1,2,2
differentiated,S_0004042,1,1,1,0,1,0,0.0,1.0,0.0,1,-0.0,False,False,False,False,False,0,0,1,0,1,0,0,0,0,1,1
differentiated,S_0004043,2,2,1,0,2,0,0.0,1.0,0.0,1,-0.0,False,True,False,False,False,0,0,2,0,1,0,0,0,1,1,2
differentiated,S_0004044,1,1,1,0,0,1,0.0,0.0,1.0,1,-0.0,False,False,False,False,False,0,0,1,0,1,0,0,0,0,1,1
differentiated,S_0004045,1,1,1,0,1,0,0.0,1.0,0.0,1,-0.0,False,False,False,False,False,0,0,1,0,1,0,0,0,0,1,1
differentiated,S_0004047,1,1,1,0,1,0,0.0,1.0,0.0,1,-0.0,False,False,False,False,False,0,0,1,0,1,0,0,0,0,1,1
differentiated,S_0004048,1,1,1,0,1,0,0.0,1.0,0.0,1,-0.0,False,False,False,False,False,0,0,1,0,1,0,0,0,0,1,1
differentiated,S_0004050,1,1,1,0,1,0,0.0,1.0,0.0,1,-0.0,False,False,False,False,False,0,0,1,0,1,0,0,0,0,1,1
differentiated,S_0004054,1,1,1,0,1,0,0.0,1.0,0.0,1,-0.0,False,False,False,False,False,0,0,1,0,1,0,0,0,0,1,1
differentiated,S_0004055,1,1,1,0,1,0,0.0,1.0,0.0,1,-0.0,False,False,False,False,False,0,0,1,0,1,0,0,0,0,1,1
differentiated,S_0004057,1,1,1,0,1,0,0.0,1.0,0.0,1,-0.0,False,False,False,False,False,0,0,1,0,1,0,0,0,0,1,1
differentiated,S_0004059,2,2,1,0,2,0,0.0,1.0,0.0,1,-0.0,False,True,False,False,False,0,0,2,0,1,0,0,0,1,1,2
differentiated,S_0004064,1,1,1,0,1,0,0.0,1.0,0.0,1,-0.0,False,False,False,False,False,0,0,1,0,1,0,0,0,0,1,1
differentiated,S_0004065,1,1,1,0,1,0,0.0,1.0,0.0,1,-0.0,False,False,False,False,False,0,0,1,0,1,0,0,0,0,1,1
differentiated,S_0004066,2,2,1,0,2,0,0.0,1.0,0.0,1,-0.0,False,True,False,False,False,0,0,2,0,1,0,0,0,1,1,2
differentiated,S_0004067,3,3,1,0,3,0,0.0,1.0,0.0,1,-0.0,False,True,True,False,False,0,0,3,0,1,0,0,0,1,2,2
differentiated,S_0004068,1,1,1,0,1,0,0.0,1.0,0.0,1,-0.0,False,False,False,False,False,0,0,1,0,1,0,0,0,0,1,1
differentiated,S_0004072,1,1,1,0,1,0,0.0,1.0,0.0,1,-0.0,False,False,False,False,False,0,0,1,0,1,0,0,0,0,1,1
differentiated,S_0004073,1,1,1,0,1,0,0.0,1.0,0.0,1,-0.0,False,False,False,False,False,0,0,1,0,1,0,0,0,0,1,1
differentiated,S_0004075,1,1,1,0,1,0,0.0,1.0,0.0,1,-0.0,False,False,False,False,False,0,0,1,0,1,0,0,0,0,1,1
differentiated,S_0004083,1,1,1,0,0,1,0.0,0.0,1.0,1,-0.0,False,False,False,False,False,0,0,1,0,1,0,0,0,0,1,1
differentiated,S_0004085,1,1,1,0,0,1,0.0,0.0,1.0,1,-0.0,False,False,False,False,False,0,0,1,0,1,0,0,0,0,1,1
differentiated,S_0004120,3,3,3,2,1,0,0.6666666666666666,0.3333333333333333,0.0,2,0.5793801642856949,False,True,True,False,False,0,0,0,3,1,3,0,0,0,0,1
differentiated,S_0004165,1,1,1,0,1,0,0.0,1.0,0.0,1,-0.0,False,False,False,False,False,0,0,0,1,1,0,0,0,1,0,1
differentiated,S_0004234,1,1,1,0,0,1,0.0,0.0,1.0,1,-0.0,False,False,False,False,False,0,0,1,0,1,0,0,0,0,1,1
differentiated,S_0004235,1,1,1,0,0,1,0.0,0.0,1.0,1,-0.0,False,False,False,False,False,0,0,1,0,1,0,0,0,0,1,1
differentiated,S_0004241,3,3,1,0,2,1,0.0,0.6666666666666666,0.3333333333333333,2,0.5793801642856949,False,True,True,False,False,0,0,3,0,1,2,0,0,0,1,2
differentiated,S_0004242,3,3,1,0,2,1,0.0,0.6666666666666666,0.3333333333333333,2,0.5793801642856949,False,True,True,False,False,0,0,3,0,1,2,0,0,0,1,2
differentiated,S_0004245,3,3,1,0,2,1,0.0,0.6666666666666666,0.3333333333333333,2,0.5793801642856949,False,True,True,False,False,0,0,3,0,1,2,0,0,0,1,2
differentiated,S_0004250,2,2,2,0,2,0,0.0,1.0,0.0,1,-0.0,False,True,False,False,False,0,0,2,0,1,1,0,0,0,1,2
differentiated,S_0004254,4,4,2,0,4,0,0.0,1.0,0.0,1,-0.0,False,True,True,False,False,0,0,4,0,1,3,0,0,0,1,2
differentiated,S_0004255,4,4,2,0,4,0,0.0,1.0,0.0,1,-0.0,False,True,True,False,False,0,0,4,0,1,3,0,0,0,1,2
differentiated,S_0004267,1,1,1,0,1,0,0.0,1.0,0.0,1,-0.0,False,False,False,False,False,0,0,1,0,1,1,0,0,0,0,1
differentiated,S_0004268,1,1,1,0,1,0,0.0,1.0,0.0,1,-0.0,False,False,False,False,False,0,0,1,0,1,1,0,0,0,0,1
differentiated,S_0004270,1,1,1,0,1,0,0.0,1.0,0.0,1,-0.0,False,False,False,False,False,0,0,1,0,1,1,0,0,0,0,1
differentiated,S_0004272,1,1,1,0,1,0,0.0,1.0,0.0,1,-0.0,False,False,False,False,False,0,0,1,0,1,1,0,0,0,0,1
differentiated,S_0004274,1,1,1,0,1,0,0.0,1.0,0.0,1,-0.0,False,False,False,False,False,0,0,1,0,1,1,0,0,0,0,1
differentiated,S_0004275,1,1,1,0,1,0,0.0,1.0,0.0,1,-0.0,False,False,False,False,False,0,0,1,0,1,1,0,0,0,0,1
differentiated,S_0004276,1,1,1,0,1,0,0.0,1.0,0.0,1,-0.0,False,False,False,False,False,0,0,1,0,1,1,0,0,0,0,1
differentiated,S_0004277,1,1,1,1,0,0,1.0,0.0,0.0,1,-0.0,False,False,False,False,False,0,0,1,0,1,0,0,0,0,1,1
differentiated,S_0004278,1,1,1,1,0,0,1.0,0.0,0.0,1,-0.0,False,False,False,False,False,0,0,1,0,1,0,0,0,0,1,1
differentiated,S_0004280,1,1,1,1,0,0,1.0,0.0,0.0,1,-0.0,False,False,False,False,False,0,0,1,0,1,0,0,0,0,1,1
differentiated,S_0004283,1,1,1,1,0,0,1.0,0.0,0.0,1,-0.0,False,False,False,False,False,0,0,1,0,1,0,0,0,0,1,1
differentiated,S_0004285,1,1,1,1,0,0,1.0,0.0,0.0,1,-0.0,False,False,False,False,False,0,0,1,0,1,0,0,0,0,1,1
differentiated,S_0004286,1,1,1,1,0,0,1.0,0.0,0.0,1,-0.0,False,False,False,False,False,0,0,1,0,1,0,0,0,0,1,1
differentiated,S_0004292,2,2,1,0,2,0,0.0,1.0,0.0,1,-0.0,False,True,False,False,False,0,0,2,0,1,2,0,0,0,0,1
differentiated,S_0004294,2,2,1,0,2,0,0.0,1.0,0.0,1,-0.0,False,True,False,False,False,0,0,2,0,1,2,0,0,0,0,1
differentiated,S_0004299,3,3,1,0,1,2,0.0,0.3333333333333333,0.6666666666666666,2,0.5793801642856949,False,True,True,False,False,0,0,3,0,1,1,1,0,0,1,3
differentiated,S_0004310,1,1,1,0,1,0,0.0,1.0,0.0,1,-0.0,False,False,False,False,False,0,0,0,1,1,0,0,0,1,0,1
differentiated,S_0004311,1,1,1,0,1,0,0.0,1.0,0.0,1,-0.0,False,False,False,False,False,0,0,0,1,1,0,0,0,1,0,1
differentiated,S_0004312,2,2,2,0,2,0,0.0,1.0,0.0,1,-0.0,False,True,False,False,False,0,0,0,2,1,1,0,0,0,1,2
differentiated,S_0004313,1,1,1,0,1,0,0.0,1.0,0.0,1,-0.0,False,False,False,False,False,0,0,0,1,1,0,0,0,1,0,1
differentiated,S_0004325,2,2,2,0,2,0,0.0,1.0,0.0,1,-0.0,False,True,False,False,False,0,1,0,1,2,1,0,0,1,0,2
differentiated,S_0004332,8,8,6,2,4,2,0.25,0.5,0.25,3,0.946394630357186,True,True,True,True,False,0,1,3,4,3,3,1,0,3,1,4
differentiated,S_0004334,4,4,2,0,2,2,0.0,0.5,0.5,2,0.6309297535714574,False,True,True,False,False,0,1,3,0,2,1,1,0,1,1,4
differentiated,S_0004384,1,1,1,0,1,0,0.0,1.0,0.0,1,-0.0,False,False,False,False,False,0,0,1,0,1,1,0,0,0,0,1
differentiated,S_0004385,1,1,1,0,1,0,0.0,1.0,0.0,1,-0.0,False,False,False,False,False,0,0,1,0,1,1,0,0,0,0,1
differentiated,S_0004396,1,1,1,0,1,0,0.0,1.0,0.0,1,-0.0,False,False,False,False,False,0,0,1,0,1,1,0,0,0,0,1
differentiated,S_0004399,1,1,1,0,1,0,0.0,1.0,0.0,1,-0.0,False,False,False,False,False,0,0,1,0,1,1,0,0,0,0,1
differentiated,S_0004424,2,2,1,0,2,0,0.0,1.0,0.0,1,-0.0,False,True,False,False,False,0,0,2,0,1,0,0,0,1,1,2
differentiated,S_0004425,2,2,1,0,2,0,0.0,1.0,0.0,1,-0.0,False,True,False,False,False,0,0,2,0,1,0,0,0,1,1,2
differentiated,S_0004482,2,2,1,0,2,0,0.0,1.0,0.0,1,-0.0,False,True,False,False,False,0,0,2,0,1,0,0,0,1,1,2
differentiated,S_0004483,2,2,1,0,2,0,0.0,1.0,0.0,1,-0.0,False,True,False,False,False,0,0,2,0,1,0,0,0,1,1,2
differentiated,S_0004516,2,2,1,0,2,0,0.0,1.0,0.0,1,-0.0,False,True,False,False,False,0,0,2,0,1,0,0,0,1,1,2
differentiated,S_0004518,2,2,1,0,2,0,0.0,1.0,0.0,1,-0.0,False,True,False,False,False,0,0,2,0,1,0,0,0,1,1,2
differentiated,S_0004523,1,1,1,0,1,0,0.0,1.0,0.0,1,-0.0,False,False,False,False,False,0,0,1,0,1,0,0,0,1,0,1
differentiated,S_0004524,1,1,1,0,1,0,0.0,1.0,0.0,1,-0.0,False,False,False,False,False,0,0,1,0,1,0,0,0,1,0,1
differentiated,S_0004530,2,2,1,0,2,0,0.0,1.0,0.0,1,-0.0,False,True,False,False,False,0,0,2,0,1,0,0,0,1,1,2
differentiated,S_0004531,2,2,1,0,2,0,0.0,1.0,0.0,1,-0.0,False,True,False,False,False,0,0,2,0,1,0,0,0,1,1,2
differentiated,S_0004539,2,2,1,0,2,0,0.0,1.0,0.0,1,-0.0,False,True,False,False,False,0,0,2,0,1,0,0,0,1,1,2
differentiated,S_0004540,2,2,1,0,2,0,0.0,1.0,0.0,1,-0.0,False,True,False,False,False,0,0,2,0,1,0,0,0,1,1,2
differentiated,S_0004558,1,1,1,0,0,1,0.0,0.0,1.0,1,-0.0,False,False,False,False,False,0,0,1,0,1,0,0,0,0,1,1
differentiated,S_0004560,2,2,1,0,2,0,0.0,1.0,0.0,1,-0.0,False,True,False,False,False,0,0,2,0,1,2,0,0,0,0,1
differentiated,S_0004561,2,2,1,0,2,0,0.0,1.0,0.0,1,-0.0,False,True,False,False,False,0,0,2,0,1,2,0,0,0,0,1
differentiated,S_0004565,2,2,1,0,2,0,0.0,1.0,0.0,1,-0.0,False,True,False,False,False,0,0,2,0,1,0,0,0,1,1,2
differentiated,S_0004567,2,2,1,0,2,0,0.0,1.0,0.0,1,-0.0,False,True,False,False,False,0,0,2,0,1,0,0,0,1,1,2
differentiated,S_0004569,1,1,1,0,1,0,0.0,1.0,0.0,1,-0.0,False,False,False,False,False,0,0,1,0,1,0,0,0,1,0,1
differentiated,S_0004570,1,1,1,0,1,0,0.0,1.0,0.0,1,-0.0,False,False,False,False,False,0,0,1,0,1,0,0,0,1,0,1
differentiated,S_0004575,2,2,1,0,2,0,0.0,1.0,0.0,1,-0.0,False,True,False,False,False,0,0,2,0,1,0,0,0,1,1,2
differentiated,S_0004592,1,1,1,0,1,0,0.0,1.0,0.0,1,-0.0,False,False,False,False,False,0,0,0,1,1,0,0,0,1,0,1
differentiated,S_0004609,3,2,3,1,1,0,0.5,0.5,0.0,2,0.6309297535714574,False,True,False,False,False,0,0,0,2,1,2,0,0,0,0,1
differentiated,S_0004610,1,1,1,1,0,0,1.0,0.0,0.0,1,-0.0,False,False,False,False,False,0,0,0,1,1,1,0,0,0,0,1
differentiated,S_0004628,1,1,1,0,1,0,0.0,1.0,0.0,1,-0.0,False,False,False,False,False,0,0,1,0,1,0,0,0,0,1,1
differentiated,S_0004640,2,2,1,0,2,0,0.0,1.0,0.0,1,-0.0,False,True,False,False,False,0,0,2,0,1,1,0,0,0,1,2
differentiated,S_0004646,3,3,2,0,3,0,0.0,1.0,0.0,1,-0.0,False,True,True,False,False,0,0,3,0,1,1,0,0,0,2,2
differentiated,S_0004647,1,1,1,1,0,0,1.0,0.0,0.0,1,-0.0,False,False,False,False,False,0,0,0,1,1,1,0,0,0,0,1
differentiated,S_0004648,3,3,2,0,3,0,0.0,1.0,0.0,1,-0.0,False,True,True,False,False,0,0,3,0,1,1,0,0,0,2,2
differentiated,S_0004670,3,3,2,0,3,0,0.0,1.0,0.0,1,-0.0,False,True,True,False,False,0,0,3,0,1,1,0,0,0,2,2
differentiated,S_0004672,3,3,2,0,3,0,0.0,1.0,0.0,1,-0.0,False,True,True,False,False,0,0,3,0,1,1,0,0,0,2,2
differentiated,S_0004688,1,1,1,1,0,0,1.0,0.0,0.0,1,-0.0,False,False,False,False,False,0,0,0,1,1,1,0,0,0,0,1
differentiated,S_0004697,3,3,2,0,3,0,0.0,1.0,0.0,1,-0.0,False,True,True,False,False,0,0,3,0,1,1,0,0,0,2,2
differentiated,S_0004706,3,3,2,0,3,0,0.0,1.0,0.0,1,-0.0,False,True,True,False,False,0,0,3,0,1,1,0,0,0,2,2
differentiated,S_0004708,3,3,2,0,3,0,0.0,1.0,0.0,1,-0.0,False,True,True,False,False,0,0,3,0,1,1,0,0,0,2,2
differentiated,S_0004711,1,1,1,1,0,0,1.0,0.0,0.0,1,-0.0,False,False,False,False,False,0,0,0,1,1,1,0,0,0,0,1
differentiated,S_0004712,1,1,1,1,0,0,1.0,0.0,0.0,1,-0.0,False,False,False,False,False,0,0,0,1,1,1,0,0,0,0,1
differentiated,S_0004740,2,2,2,0,2,0,0.0,1.0,0.0,1,-0.0,False,True,False,False,False,0,0,2,0,1,0,1,0,1,0,2
differentiated,S_0004742,2,2,2,0,2,0,0.0,1.0,0.0,1,-0.0,False,True,False,False,False,0,0,2,0,1,0,1,0,1,0,2
differentiated,S_0004748,2,2,1,0,2,0,0.0,1.0,0.0,1,-0.0,False,True,False,False,False,0,0,2,0,1,1,0,0,1,0,2
differentiated,S_0004749,3,3,1,0,3,0,0.0,1.0,0.0,1,-0.0,False,True,True,False,False,0,0,3,0,1,1,0,0,1,1,3
differentiated,S_0004759,1,1,1,0,0,1,0.0,0.0,1.0,1,-0.0,False,False,False,False,False,0,0,1,0,1,0,0,0,0,1,1
differentiated,S_0004760,1,1,1,0,0,1,0.0,0.0,1.0,1,-0.0,False,False,False,False,False,0,0,1,0,1,0,0,0,0,1,1
differentiated,S_0004790,1,1,1,0,0,1,0.0,0.0,1.0,1,-0.0,False,False,False,False,False,0,0,1,0,1,0,0,0,0,1,1
differentiated,S_0004792,1,1,1,0,0,1,0.0,0.0,1.0,1,-0.0,False,False,False,False,False,0,0,1,0,1,0,0,0,0,1,1
differentiated,S_0004805,1,1,1,1,0,0,1.0,0.0,0.0,1,-0.0,False,False,False,False,False,0,0,1,0,1,0,0,0,0,1,1
differentiated,S_0004806,1,1,1,1,0,0,1.0,0.0,0.0,1,-0.0,False,False,False,False,False,0,0,1,0,1,0,0,0,0,1,1
differentiated,S_0004808,1,1,1,1,0,0,1.0,0.0,0.0,1,-0.0,False,False,False,False,False,0,0,1,0,1,0,0,0,0,1,1
differentiated,S_0004810,1,1,1,1,0,0,1.0,0.0,0.0,1,-0.0,False,False,False,False,False,0,0,1,0,1,0,0,0,0,1,1
differentiated,S_0004811,1,1,1,1,0,0,1.0,0.0,0.0,1,-0.0,False,False,False,False,False,0,0,1,0,1,0,0,0,0,1,1
differentiated,S_0004821,1,1,1,1,0,0,1.0,0.0,0.0,1,-0.0,False,False,False,False,False,0,0,1,0,1,0,0,0,0,1,1
differentiated,S_0004823,1,1,1,1,0,0,1.0,0.0,0.0,1,-0.0,False,False,False,False,False,0,0,1,0,1,0,0,0,0,1,1
differentiated,S_0004824,2,2,1,0,2,0,0.0,1.0,0.0,1,-0.0,False,True,False,False,False,0,0,2,0,1,2,0,0,0,0,1
differentiated,S_0004835,2,2,2,1,1,0,0.5,0.5,0.0,2,0.6309297535714574,False,True,False,False,False,0,0,2,0,1,1,0,0,0,1,2
differentiated,S_0004846,1,1,1,0,1,0,0.0,1.0,0.0,1,-0.0,False,False,False,False,False,0,0,1,0,1,0,0,0,0,1,1
differentiated,S_0004860,1,1,1,0,1,0,0.0,1.0,0.0,1,-0.0,False,False,False,False,False,0,0,1,0,1,1,0,0,0,0,1
differentiated,S_0004861,1,1,1,0,1,0,0.0,1.0,0.0,1,-0.0,False,False,False,False,False,0,0,1,0,1,1,0,0,0,0,1
differentiated,S_0004863,1,1,1,0,1,0,0.0,1.0,0.0,1,-0.0,False,False,False,False,False,0,0,1,0,1,1,0,0,0,0,1
differentiated,S_0004864,1,1,1,0,1,0,0.0,1.0,0.0,1,-0.0,False,False,False,False,False,0,0,1,0,1,0,0,0,0,1,1
differentiated,S_0004866,1,1,1,0,1,0,0.0,1.0,0.0,1,-0.0,False,False,False,False,False,0,0,1,0,1,0,0,0,0,1,1
differentiated,S_0004876,1,1,1,0,1,0,0.0,1.0,0.0,1,-0.0,False,False,False,False,False,0,0,1,0,1,0,0,0,0,1,1
differentiated,S_0004878,1,1,1,0,1,0,0.0,1.0,0.0,1,-0.0,False,False,False,False,False,0,0,1,0,1,0,0,0,0,1,1
differentiated,S_0004882,1,1,1,0,1,0,0.0,1.0,0.0,1,-0.0,False,False,False,False,False,0,0,1,0,1,0,0,0,0,1,1
differentiated,S_0004883,1,1,1,0,1,0,0.0,1.0,0.0,1,-0.0,False,False,False,False,False,0,0,1,0,1,0,0,0,0,1,1
differentiated,S_0004884,1,1,1,0,1,0,0.0,1.0,0.0,1,-0.0,False,False,False,False,False,0,0,1,0,1,0,0,0,0,1,1
differentiated,S_0004885,1,1,1,0,1,0,0.0,1.0,0.0,1,-0.0,False,False,False,False,False,0,0,1,0,1,0,0,0,0,1,1
differentiated,S_0004939,1,1,1,0,0,1,0.0,0.0,1.0,1,-0.0,False,False,False,False,False,0,0,1,0,1,0,0,0,0,1,1
differentiated,S_0004940,1,1,1,0,0,1,0.0,0.0,1.0,1,-0.0,False,False,False,False,False,0,0,1,0,1,0,0,0,0,1,1
differentiated,S_0004947,1,1,1,0,0,1,0.0,0.0,1.0,1,-0.0,False,False,False,False,False,0,0,1,0,1,0,0,0,0,1,1
differentiated,S_0004949,1,1,1,0,0,1,0.0,0.0,1.0,1,-0.0,False,False,False,False,False,0,0,1,0,1,0,0,0,0,1,1
differentiated,S_0004960,1,1,1,0,0,1,0.0,0.0,1.0,1,-0.0,False,False,False,False,False,0,0,1,0,1,0,0,0,0,1,1
differentiated,S_0004961,1,1,1,0,0,1,0.0,0.0,1.0,1,-0.0,False,False,False,False,False,0,0,1,0,1,0,0,0,0,1,1
differentiated,S_0004962,2,2,1,0,2,0,0.0,1.0,0.0,1,-0.0,False,True,False,False,False,0,0,2,0,1,0,0,0,1,1,2
differentiated,S_0004964,2,2,1,0,2,0,0.0,1.0,0.0,1,-0.0,False,True,False,False,False,0,0,2,0,1,0,0,0,1,1,2
differentiated,S_0004978,2,2,1,0,2,0,0.0,1.0,0.0,1,-0.0,False,True,False,False,False,0,0,2,0,1,0,0,0,1,1,2
differentiated,S_0004979,2,2,1,0,2,0,0.0,1.0,0.0,1,-0.0,False,True,False,False,False,0,0,2,0,1,0,0,0,1,1,2
differentiated,S_0004982,1,1,1,0,1,0,0.0,1.0,0.0,1,-0.0,False,False,False,False,False,0,0,1,0,1,0,0,0,1,0,1
differentiated,S_0004983,2,2,1,0,2,0,0.0,1.0,0.0,1,-0.0,False,True,False,False,False,0,0,2,0,1,0,0,0,1,1,2
differentiated,S_0004984,1,1,1,0,1,0,0.0,1.0,0.0,1,-0.0,False,False,False,False,False,0,0,1,0,1,0,0,0,0,1,1
differentiated,S_0004993,1,1,1,0,1,0,0.0,1.0,0.0,1,-0.0,False,False,False,False,False,0,0,1,0,1,0,0,0,1,0,1
differentiated,S_0004995,2,2,1,0,2,0,0.0,1.0,0.0,1,-0.0,False,True,False,False,False,0,0,2,0,1,0,0,0,1,1,2
differentiated,S_0004997,1,1,1,0,1,0,0.0,1.0,0.0,1,-0.0,False,False,False,False,False,0,0,1,0,1,0,0,0,0,1,1
differentiated,S_0004999,1,1,1,0,1,0,0.0,1.0,0.0,1,-0.0,False,False,False,False,False,0,0,1,0,1,0,0,0,0,1,1
differentiated,S_0005004,5,5,4,2,3,0,0.4,0.6,0.0,2,0.6126016192893442,True,True,True,True,False,0,0,2,3,2,3,0,0,2,0,2
differentiated,S_0005005,7,4,7,2,2,0,0.5,0.5,0.0,2,0.6309297535714574,False,True,True,False,False,0,0,1,3,2,3,0,0,1,0,2
differentiated,S_0005006,1,1,1,0,1,0,0.0,1.0,0.0,1,-0.0,False,False,False,False,False,0,0,1,0,1,0,0,0,1,0,1
differentiated,S_0005019,1,1,1,0,1,0,0.0,1.0,0.0,1,-0.0,False,False,False,False,False,0,0,1,0,1,0,0,0,1,0,1
differentiated,S_0005021,1,1,1,0,1,0,0.0,1.0,0.0,1,-0.0,False,False,False,False,False,0,0,1,0,1,0,0,0,1,0,1
differentiated,S_0005022,1,1,1,0,1,0,0.0,1.0,0.0,1,-0.0,False,False,False,False,False,0,0,1,0,1,0,0,0,1,0,1
differentiated,S_0005023,1,1,1,0,1,0,0.0,1.0,0.0,1,-0.0,False,False,False,False,False,0,0,1,0,1,0,0,0,1,0,1
differentiated,S_0005029,1,1,1,0,1,0,0.0,1.0,0.0,1,-0.0,False,False,False,False,False,0,0,1,0,1,0,0,0,1,0,1
differentiated,S_0005031,1,1,1,0,1,0,0.0,1.0,0.0,1,-0.0,False,False,False,False,False,0,0,1,0,1,0,0,0,1,0,1
differentiated,S_0005033,1,1,1,0,1,0,0.0,1.0,0.0,1,-0.0,False,False,False,False,False,0,0,1,0,1,0,0,0,1,0,1
differentiated,S_0005043,1,1,1,1,0,0,1.0,0.0,0.0,1,-0.0,False,False,False,False,False,0,0,1,0,1,0,0,0,0,1,1
differentiated,S_0005044,1,1,1,0,1,0,0.0,1.0,0.0,1,-0.0,False,False,False,False,False,0,0,1,0,1,0,0,0,0,1,1
differentiated,S_0005047,1,1,1,1,0,0,1.0,0.0,0.0,1,-0.0,False,False,False,False,False,0,0,0,1,1,1,0,0,0,0,1
differentiated,S_0005049,1,1,1,1,0,0,1.0,0.0,0.0,1,-0.0,False,False,False,False,False,0,0,0,1,1,1,0,0,0,0,1
differentiated,S_0005053,1,1,1,1,0,0,1.0,0.0,0.0,1,-0.0,False,False,False,False,False,0,0,0,1,1,1,0,0,0,0,1
differentiated,S_0005054,2,2,2,1,1,0,0.5,0.5,0.0,2,0.6309297535714574,False,True,False,False,False,0,0,2,0,1,1,0,0,0,1,2
differentiated,S_0005055,1,1,1,0,1,0,0.0,1.0,0.0,1,-0.0,False,False,False,False,False,0,0,1,0,1,1,0,0,0,0,1
differentiated,S_0005056,1,1,1,1,0,0,1.0,0.0,0.0,1,-0.0,False,False,False,False,False,0,0,1,0,1,0,0,0,0,1,1
differentiated,S_0005060,1,1,1,1,0,0,1.0,0.0,0.0,1,-0.0,False,False,False,False,False,0,0,0,1,1,1,0,0,0,0,1
differentiated,S_0005062,1,1,1,1,0,0,1.0,0.0,0.0,1,-0.0,False,False,False,False,False,0,0,0,1,1,1,0,0,0,0,1
differentiated,S_0005081,1,1,1,1,0,0,1.0,0.0,0.0,1,-0.0,False,False,False,False,False,0,0,0,1,1,1,0,0,0,0,1
differentiated,S_0005082,1,1,1,1,0,0,1.0,0.0,0.0,1,-0.0,False,False,False,False,False,0,0,0,1,1,1,0,0,0,0,1
differentiated,S_0005090,1,1,1,1,0,0,1.0,0.0,0.0,1,-0.0,False,False,False,False,False,0,0,0,1,1,1,0,0,0,0,1
differentiated,S_0005091,1,1,1,1,0,0,1.0,0.0,0.0,1,-0.0,False,False,False,False,False,0,0,0,1,1,1,0,0,0,0,1
differentiated,S_0005096,2,1,2,1,0,0,1.0,0.0,0.0,1,-0.0,False,False,False,False,False,0,0,0,1,1,1,0,0,0,0,1
differentiated,S_0005097,2,1,2,1,0,0,1.0,0.0,0.0,1,-0.0,False,False,False,False,False,0,0,0,1,1,1,0,0,0,0,1
differentiated,S_0005100,1,1,1,1,0,0,1.0,0.0,0.0,1,-0.0,False,False,False,False,False,0,0,0,1,1,1,0,0,0,0,1
differentiated,S_0005101,1,1,1,1,0,0,1.0,0.0,0.0,1,-0.0,False,False,False,False,False,0,0,0,1,1,1,0,0,0,0,1
differentiated,S_0005104,1,1,1,1,0,0,1.0,0.0,0.0,1,-0.0,False,False,False,False,False,0,0,1,0,1,0,0,0,0,1,1
differentiated,S_0005108,2,2,2,1,1,0,0.5,0.5,0.0,2,0.6309297535714574,False,True,False,False,False,0,0,0,2,1,1,0,0,1,0,2
differentiated,S_0005113,1,1,1,1,0,0,1.0,0.0,0.0,1,-0.0,False,False,False,False,False,0,0,0,1,1,1,0,0,0,0,1
differentiated,S_0005114,1,1,1,1,0,0,1.0,0.0,0.0,1,-0.0,False,False,False,False,False,0,0,0,1,1,1,0,0,0,0,1
differentiated,S_0005123,2,2,2,1,1,0,0.5,0.5,0.0,2,0.6309297535714574,False,True,False,False,False,0,0,0,2,1,1,0,0,1,0,2
differentiated,S_0005127,2,2,1,0,2,0,0.0,1.0,0.0,1,-0.0,False,True,False,False,False,0,0,2,0,1,2,0,0,0,0,1
differentiated,S_0005128,2,2,1,0,2,0,0.0,1.0,0.0,1,-0.0,False,True,False,False,False,0,0,2,0,1,2,0,0,0,0,1
differentiated,S_0005136,1,1,1,1,0,0,1.0,0.0,0.0,1,-0.0,False,False,False,False,False,0,0,1,0,1,0,0,0,0,1,1
differentiated,S_0005137,1,1,1,1,0,0,1.0,0.0,0.0,1,-0.0,False,False,False,False,False,0,0,1,0,1,0,0,0,0,1,1
differentiated,S_0005143,1,1,1,0,1,0,0.0,1.0,0.0,1,-0.0,False,False,False,False,False,0,0,1,0,1,1,0,0,0,0,1
differentiated,S_0005144,1,1,1,0,1,0,0.0,1.0,0.0,1,-0.0,False,False,False,False,False,0,0,1,0,1,1,0,0,0,0,1
differentiated,S_0005154,1,1,1,1,0,0,1.0,0.0,0.0,1,-0.0,False,False,False,False,False,0,0,0,1,1,1,0,0,0,0,1
differentiated,S_0005158,1,1,1,1,0,0,1.0,0.0,0.0,1,-0.0,False,False,False,False,False,0,0,0,1,1,1,0,0,0,0,1
differentiated,S_0005159,1,1,1,1,0,0,1.0,0.0,0.0,1,-0.0,False,False,False,False,False,0,0,0,1,1,1,0,0,0,0,1
differentiated,S_0005162,1,1,1,1,0,0,1.0,0.0,0.0,1,-0.0,False,False,False,False,False,0,0,0,1,1,1,0,0,0,0,1
differentiated,S_0005163,1,1,1,1,0,0,1.0,0.0,0.0,1,-0.0,False,False,False,False,False,0,0,0,1,1,1,0,0,0,0,1
differentiated,S_0005164,2,2,2,1,1,0,0.5,0.5,0.0,2,0.6309297535714574,False,True,False,False,False,0,0,2,0,1,1,0,0,0,1,2
differentiated,S_0005165,2,2,2,1,1,0,0.5,0.5,0.0,2,0.6309297535714574,False,True,False,False,False,0,0,2,0,1,1,0,0,0,1,2
differentiated,S_0005176,1,1,1,1,0,0,1.0,0.0,0.0,1,-0.0,False,False,False,False,False,0,0,0,1,1,1,0,0,0,0,1
differentiated,S_0005177,4,2,2,1,1,0,0.5,0.5,0.0,2,0.6309297535714574,False,True,False,False,False,0,0,0,2,1,0,1,1,0,0,2
differentiated,S_0005178,2,2,1,1,1,0,0.5,0.5,0.0,2,0.6309297535714574,False,True,False,False,False,0,0,0,2,1,0,1,1,0,0,2
differentiated,S_0005189,2,2,2,1,1,0,0.5,0.5,0.0,2,0.6309297535714574,False,True,False,False,False,0,0,0,2,1,0,0,0,2,0,1
differentiated,S_0005192,2,2,2,1,1,0,0.5,0.5,0.0,2,0.6309297535714574,False,True,False,False,False,0,0,0,2,1,0,0,0,2,0,1
differentiated,S_0005199,2,2,2,0,2,0,0.0,1.0,0.0,1,-0.0,False,True,False,False,False,0,1,1,0,2,0,0,0,0,2,1
differentiated,S_0005323,1,1,1,1,0,0,1.0,0.0,0.0,1,-0.0,False,False,False,False,False,0,0,0,1,1,1,0,0,0,0,1
differentiated,S_0005440,1,1,1,0,1,0,0.0,1.0,0.0,1,-0.0,False,False,False,False,False,0,0,1,0,1,0,1,0,0,0,1
differentiated,S_0005441,1,1,1,0,1,0,0.0,1.0,0.0,1,-0.0,False,False,False,False,False,0,0,1,0,1,0,1,0,0,0,1
differentiated,S_0005453,1,1,1,0,1,0,0.0,1.0,0.0,1,-0.0,False,False,False,False,False,0,0,1,0,1,0,0,0,1,0,1
differentiated,S_0005454,2,2,2,0,2,0,0.0,1.0,0.0,1,-0.0,False,True,False,False,False,0,0,2,0,1,0,1,0,1,0,2
differentiated,S_0005460,2,2,2,0,2,0,0.0,1.0,0.0,1,-0.0,False,True,False,False,False,0,0,2,0,1,0,1,0,1,0,2
differentiated,S_0005475,1,1,1,0,1,0,0.0,1.0,0.0,1,-0.0,False,False,False,False,False,0,0,1,0,1,0,1,0,0,0,1
differentiated,S_0005477,1,1,1,0,1,0,0.0,1.0,0.0,1,-0.0,False,False,False,False,False,0,0,1,0,1,0,1,0,0,0,1
differentiated,S_0005506,3,3,3,2,1,0,0.6666666666666666,0.3333333333333333,0.0,2,0.5793801642856949,False,True,True,False,False,0,0,0,3,1,3,0,0,0,0,1
differentiated,S_0005516,1,1,1,0,1,0,0.0,1.0,0.0,1,-0.0,False,False,False,False,False,0,0,1,0,1,0,1,0,0,0,1
differentiated,S_0005519,4,4,4,2,2,0,0.5,0.5,0.0,2,0.6309297535714574,False,True,True,False,False,0,0,1,3,2,3,1,0,0,0,2
differentiated,S_0005525,1,1,1,0,1,0,0.0,1.0,0.0,1,-0.0,False,False,False,False,False,0,0,1,0,1,0,0,0,1,0,1
differentiated,S_0005532,1,1,1,0,1,0,0.0,1.0,0.0,1,-0.0,False,False,False,False,False,0,0,1,0,1,0,1,0,0,0,1
differentiated,S_0005537,1,1,1,0,1,0,0.0,1.0,0.0,1,-0.0,False,False,False,False,False,0,0,1,0,1,0,0,0,1,0,1
differentiated,S_0005558,1,1,1,0,1,0,0.0,1.0,0.0,1,-0.0,False,False,False,False,False,0,0,1,0,1,0,1,0,0,0,1
differentiated,S_0005560,1,1,1,0,1,0,0.0,1.0,0.0,1,-0.0,False,False,False,False,False,0,0,1,0,1,0,1,0,0,0,1
differentiated,S_0005572,1,1,1,0,1,0,0.0,1.0,0.0,1,-0.0,False,False,False,False,False,0,0,1,0,1,0,0,0,1,0,1
differentiated,S_0005587,2,2,1,0,1,1,0.0,0.5,0.5,2,0.6309297535714574,False,True,False,False,False,0,0,2,0,1,0,1,0,0,1,2
differentiated,S_0005588,4,3,3,1,1,1,0.3333333333333333,0.3333333333333333,0.3333333333333333,3,0.9999999999999998,False,True,True,False,False,0,0,2,1,2,0,1,0,1,1,3
differentiated,S_0005589,4,3,3,1,1,1,0.3333333333333333,0.3333333333333333,0.3333333333333333,3,0.9999999999999998,False,True,True,False,False,0,0,2,1,2,0,1,0,1,1,3
differentiated,S_0005593,5,3,4,1,1,1,0.3333333333333333,0.3333333333333333,0.3333333333333333,3,0.9999999999999998,False,True,True,False,False,0,0,2,1,2,0,1,0,1,1,3
differentiated,S_0005595,3,3,2,1,1,1,0.3333333333333333,0.3333333333333333,0.3333333333333333,3,0.9999999999999998,False,True,True,False,False,0,0,2,1,2,0,1,0,1,1,3
differentiated,S_0005596,3,3,2,1,1,1,0.3333333333333333,0.3333333333333333,0.3333333333333333,3,0.9999999999999998,False,True,True,False,False,0,0,2,1,2,0,1,0,1,1,3
differentiated,S_0005597,3,3,2,1,1,1,0.3333333333333333,0.3333333333333333,0.3333333333333333,3,0.9999999999999998,False,True,True,False,False,0,0,2,1,2,0,1,0,1,1,3
differentiated,S_0005600,2,2,1,0,1,1,0.0,0.5,0.5,2,0.6309297535714574,False,True,False,False,False,0,0,2,0,1,0,1,0,0,1,2
differentiated,S_0005603,3,3,2,1,1,1,0.3333333333333333,0.3333333333333333,0.3333333333333333,3,0.9999999999999998,False,True,True,False,False,0,0,2,1,2,0,1,0,1,1,3
differentiated,S_0005613,1,1,1,0,0,1,0.0,0.0,1.0,1,-0.0,False,False,False,False,False,0,0,1,0,1,0,0,0,0,1,1
differentiated,S_0005615,1,1,1,0,0,1,0.0,0.0,1.0,1,-0.0,False,False,False,False,False,0,0,1,0,1,0,0,0,0,1,1
differentiated,S_0005616,1,1,1,0,0,1,0.0,0.0,1.0,1,-0.0,False,False,False,False,False,0,0,1,0,1,0,0,0,0,1,1
differentiated,S_0005618,1,1,1,0,0,1,0.0,0.0,1.0,1,-0.0,False,False,False,False,False,0,0,1,0,1,0,0,0,0,1,1
differentiated,S_0005619,1,1,1,0,0,1,0.0,0.0,1.0,1,-0.0,False,False,False,False,False,0,0,1,0,1,0,0,0,0,1,1
differentiated,S_0005622,1,1,1,0,0,1,0.0,0.0,1.0,1,-0.0,False,False,False,False,False,0,0,1,0,1,0,0,0,0,1,1
differentiated,S_0005625,1,1,1,0,0,1,0.0,0.0,1.0,1,-0.0,False,False,False,False,False,0,0,1,0,1,0,0,0,0,1,1
differentiated,S_0005628,1,1,1,0,0,1,0.0,0.0,1.0,1,-0.0,False,False,False,False,False,0,0,1,0,1,0,0,0,0,1,1
differentiated,S_0005630,1,1,1,0,0,1,0.0,0.0,1.0,1,-0.0,False,False,False,False,False,0,0,1,0,1,0,0,0,0,1,1
differentiated,S_0005633,1,1,1,0,0,1,0.0,0.0,1.0,1,-0.0,False,False,False,False,False,0,0,1,0,1,0,0,0,0,1,1
differentiated,S_0005634,1,1,1,0,0,1,0.0,0.0,1.0,1,-0.0,False,False,False,False,False,0,0,1,0,1,0,0,0,0,1,1
differentiated,S_0005638,1,1,1,0,0,1,0.0,0.0,1.0,1,-0.0,False,False,False,False,False,0,0,1,0,1,0,0,0,0,1,1
differentiated,S_0005639,1,1,1,0,0,1,0.0,0.0,1.0,1,-0.0,False,False,False,False,False,0,0,1,0,1,0,0,0,0,1,1
differentiated,S_0005641,1,1,1,0,0,1,0.0,0.0,1.0,1,-0.0,False,False,False,False,False,0,0,1,0,1,0,0,0,0,1,1
differentiated,S_0005655,1,1,1,0,0,1,0.0,0.0,1.0,1,-0.0,False,False,False,False,False,0,0,1,0,1,0,0,0,0,1,1
differentiated,S_0005656,1,1,1,0,0,1,0.0,0.0,1.0,1,-0.0,False,False,False,False,False,0,0,1,0,1,0,0,0,0,1,1
differentiated,S_0005658,1,1,1,0,0,1,0.0,0.0,1.0,1,-0.0,False,False,False,False,False,0,0,1,0,1,0,0,0,0,1,1
differentiated,S_0005670,1,1,1,0,0,1,0.0,0.0,1.0,1,-0.0,False,False,False,False,False,0,0,1,0,1,0,0,0,0,1,1
differentiated,S_0005671,1,1,1,0,0,1,0.0,0.0,1.0,1,-0.0,False,False,False,False,False,0,0,1,0,1,0,0,0,0,1,1
differentiated,S_0005673,1,1,1,0,0,1,0.0,0.0,1.0,1,-0.0,False,False,False,False,False,0,0,1,0,1,0,0,0,0,1,1
differentiated,S_0005674,1,1,1,0,0,1,0.0,0.0,1.0,1,-0.0,False,False,False,False,False,0,0,1,0,1,0,0,0,0,1,1
differentiated,S_0005676,1,1,1,0,0,1,0.0,0.0,1.0,1,-0.0,False,False,False,False,False,0,0,1,0,1,0,0,0,0,1,1
differentiated,S_0005682,2,2,1,0,0,2,0.0,0.0,1.0,1,-0.0,False,True,False,False,False,0,0,2,0,1,1,1,0,0,0,2
differentiated,S_0005685,2,2,1,0,0,2,0.0,0.0,1.0,1,-0.0,False,True,False,False,False,0,0,2,0,1,1,1,0,0,0,2
differentiated,S_0005686,1,1,1,0,1,0,0.0,1.0,0.0,1,-0.0,False,False,False,False,False,0,1,0,0,1,0,0,0,0,1,1
differentiated,S_0005691,1,1,1,0,1,0,0.0,1.0,0.0,1,-0.0,False,False,False,False,False,0,0,1,0,1,1,0,0,0,0,1
differentiated,S_0005692,1,1,1,0,1,0,0.0,1.0,0.0,1,-0.0,False,False,False,False,False,0,0,1,0,1,1,0,0,0,0,1
differentiated,S_0005693,1,1,1,0,1,0,0.0,1.0,0.0,1,-0.0,False,False,False,False,False,0,0,1,0,1,1,0,0,0,0,1
differentiated,S_0005701,1,1,1,0,0,1,0.0,0.0,1.0,1,-0.0,False,False,False,False,False,0,0,1,0,1,1,0,0,0,0,1
differentiated,S_0005702,1,1,1,0,1,0,0.0,1.0,0.0,1,-0.0,False,False,False,False,False,0,0,1,0,1,1,0,0,0,0,1
differentiated,S_0005704,1,1,1,0,1,0,0.0,1.0,0.0,1,-0.0,False,False,False,False,False,0,0,1,0,1,1,0,0,0,0,1
differentiated,S_0005706,1,1,1,0,0,1,0.0,0.0,1.0,1,-0.0,False,False,False,False,False,0,0,1,0,1,1,0,0,0,0,1
differentiated,S_0005717,1,1,1,0,0,1,0.0,0.0,1.0,1,-0.0,False,False,False,False,False,0,0,1,0,1,0,0,0,1,0,1
differentiated,S_0005722,2,2,2,0,2,0,0.0,1.0,0.0,1,-0.0,False,True,False,False,False,0,0,1,1,2,0,1,0,1,0,2
differentiated,S_0005723,2,2,2,0,2,0,0.0,1.0,0.0,1,-0.0,False,True,False,False,False,0,0,1,1,2,0,1,0,1,0,2
differentiated,S_0005749,1,1,1,0,1,0,0.0,1.0,0.0,1,-0.0,False,False,False,False,False,0,0,1,0,1,0,0,0,1,0,1
differentiated,S_0005753,1,1,1,0,1,0,0.0,1.0,0.0,1,-0.0,False,False,False,False,False,0,0,0,1,1,0,1,0,0,0,1
differentiated,S_0005769,6,3,2,1,2,0,0.3333333333333333,0.6666666666666666,0.0,2,0.5793801642856949,False,True,True,False,False,0,0,0,3,1,0,0,1,1,1,3
differentiated,S_0005770,1,1,1,0,0,1,0.0,0.0,1.0,1,-0.0,False,False,False,False,False,0,0,1,0,1,0,0,0,0,1,1
differentiated,S_0005771,1,1,1,0,1,0,0.0,1.0,0.0,1,-0.0,False,False,False,False,False,0,0,1,0,1,1,0,0,0,0,1
differentiated,S_0005773,1,1,1,0,1,0,0.0,1.0,0.0,1,-0.0,False,False,False,False,False,0,1,0,0,1,1,0,0,0,0,1
differentiated,S_0005793,1,1,1,0,1,0,0.0,1.0,0.0,1,-0.0,False,False,False,False,False,0,0,1,0,1,1,0,0,0,0,1
differentiated,S_0005796,2,2,2,1,1,0,0.5,0.5,0.0,2,0.6309297535714574,False,True,False,False,False,0,0,1,1,2,0,0,1,1,0,2
differentiated,S_0005797,1,1,1,0,0,1,0.0,0.0,1.0,1,-0.0,False,False,False,False,False,0,0,1,0,1,1,0,0,0,0,1
differentiated,S_0005820,1,1,1,1,0,0,1.0,0.0,0.0,1,-0.0,False,False,False,False,False,0,0,1,0,1,0,0,0,0,1,1
differentiated,S_0005822,1,1,1,1,0,0,1.0,0.0,0.0,1,-0.0,False,False,False,False,False,0,0,1,0,1,0,0,0,0,1,1
differentiated,S_0005830,1,1,1,1,0,0,1.0,0.0,0.0,1,-0.0,False,False,False,False,False,0,0,1,0,1,0,0,0,0,1,1
differentiated,S_0005831,1,1,1,1,0,0,1.0,0.0,0.0,1,-0.0,False,False,False,False,False,0,0,1,0,1,0,0,0,0,1,1
differentiated,S_0005832,1,1,1,1,0,0,1.0,0.0,0.0,1,-0.0,False,False,False,False,False,0,0,1,0,1,0,0,0,0,1,1
differentiated,S_0005835,1,1,1,1,0,0,1.0,0.0,0.0,1,-0.0,False,False,False,False,False,0,0,1,0,1,0,0,0,0,1,1
differentiated,S_0005836,1,1,1,1,0,0,1.0,0.0,0.0,1,-0.0,False,False,False,False,False,0,0,1,0,1,0,0,0,0,1,1
differentiated,S_0005842,1,1,1,1,0,0,1.0,0.0,0.0,1,-0.0,False,False,False,False,False,0,0,0,1,1,1,0,0,0,0,1
differentiated,S_0005843,1,1,1,1,0,0,1.0,0.0,0.0,1,-0.0,False,False,False,False,False,0,0,1,0,1,0,0,0,0,1,1
differentiated,S_0005844,1,1,1,1,0,0,1.0,0.0,0.0,1,-0.0,False,False,False,False,False,0,0,0,1,1,1,0,0,0,0,1
differentiated,S_0005850,1,1,1,1,0,0,1.0,0.0,0.0,1,-0.0,False,False,False,False,False,0,0,0,1,1,1,0,0,0,0,1
differentiated,S_0005859,1,1,1,1,0,0,1.0,0.0,0.0,1,-0.0,False,False,False,False,False,0,0,0,1,1,1,0,0,0,0,1
differentiated,S_0005872,2,2,2,1,1,0,0.5,0.5,0.0,2,0.6309297535714574,False,True,False,False,False,0,0,0,2,1,1,0,0,1,0,2
differentiated,S_0005874,2,2,2,1,1,0,0.5,0.5,0.0,2,0.6309297535714574,False,True,False,False,False,0,0,0,2,1,1,0,0,1,0,2
differentiated,S_0005875,3,2,3,2,0,0,1.0,0.0,0.0,1,-0.0,False,True,False,False,False,0,0,1,1,2,1,0,0,0,1,2
differentiated,S_0005877,2,2,2,2,0,0,1.0,0.0,0.0,1,-0.0,False,True,False,False,False,0,0,1,1,2,1,0,0,0,1,2
differentiated,S_0005883,1,1,1,1,0,0,1.0,0.0,0.0,1,-0.0,False,False,False,False,False,0,0,0,1,1,1,0,0,0,0,1
differentiated,S_0005887,1,1,1,1,0,0,1.0,0.0,0.0,1,-0.0,False,False,False,False,False,0,0,0,1,1,1,0,0,0,0,1
differentiated,S_0005899,2,2,2,1,1,0,0.5,0.5,0.0,2,0.6309297535714574,False,True,False,False,False,0,0,0,2,1,1,0,0,1,0,2
differentiated,S_0005900,2,2,2,2,0,0,1.0,0.0,0.0,1,-0.0,False,True,False,False,False,0,0,1,1,2,1,0,0,0,1,2
differentiated,S_0005902,1,1,1,1,0,0,1.0,0.0,0.0,1,-0.0,False,False,False,False,False,0,0,0,1,1,1,0,0,0,0,1
differentiated,S_0005903,1,1,1,1,0,0,1.0,0.0,0.0,1,-0.0,False,False,False,False,False,0,0,1,0,1,0,0,0,0,1,1
differentiated,S_0005908,3,2,3,2,0,0,1.0,0.0,0.0,1,-0.0,False,True,False,False,False,0,0,1,1,2,1,0,0,0,1,2
differentiated,S_0005921,1,1,1,1,0,0,1.0,0.0,0.0,1,-0.0,False,False,False,False,False,0,0,0,1,1,1,0,0,0,0,1
differentiated,S_0005924,1,1,1,1,0,0,1.0,0.0,0.0,1,-0.0,False,False,False,False,False,0,0,1,0,1,0,0,0,0,1,1
differentiated,S_0005938,2,2,2,0,2,0,0.0,1.0,0.0,1,-0.0,False,True,False,False,False,0,0,2,0,1,1,0,0,0,1,2
differentiated,S_0005940,2,2,2,0,2,0,0.0,1.0,0.0,1,-0.0,False,True,False,False,False,0,0,2,0,1,1,0,0,0,1,2
differentiated,S_0005941,1,1,1,0,1,0,0.0,1.0,0.0,1,-0.0,False,False,False,False,False,0,0,1,0,1,0,0,0,0,1,1
differentiated,S_0005944,2,2,2,1,1,0,0.5,0.5,0.0,2,0.6309297535714574,False,True,False,False,False,0,0,2,0,1,1,0,0,0,1,2
differentiated,S_0005946,2,2,2,1,1,0,0.5,0.5,0.0,2,0.6309297535714574,False,True,False,False,False,0,0,2,0,1,1,0,0,0,1,2
differentiated,S_0005947,1,1,1,0,1,0,0.0,1.0,0.0,1,-0.0,False,False,False,False,False,0,0,1,0,1,0,0,0,0,1,1
differentiated,S_0005950,1,1,1,0,1,0,0.0,1.0,0.0,1,-0.0,False,False,False,False,False,0,0,1,0,1,0,0,0,0,1,1
differentiated,S_0005962,1,1,1,0,1,0,0.0,1.0,0.0,1,-0.0,False,False,False,False,False,0,0,1,0,1,0,0,0,0,1,1
differentiated,S_0005967,1,1,1,0,1,0,0.0,1.0,0.0,1,-0.0,False,False,False,False,False,0,0,1,0,1,0,0,0,0,1,1
differentiated,S_0005969,1,1,1,0,1,0,0.0,1.0,0.0,1,-0.0,False,False,False,False,False,0,0,1,0,1,0,0,0,0,1,1
differentiated,S_0005974,1,1,1,0,1,0,0.0,1.0,0.0,1,-0.0,False,False,False,False,False,0,0,1,0,1,0,0,0,0,1,1
differentiated,S_0005975,1,1,1,0,1,0,0.0,1.0,0.0,1,-0.0,False,False,False,False,False,0,0,1,0,1,0,0,0,0,1,1
differentiated,S_0005999,1,1,1,0,1,0,0.0,1.0,0.0,1,-0.0,False,False,False,False,False,0,0,1,0,1,0,0,0,0,1,1
differentiated,S_0006000,1,1,1,0,1,0,0.0,1.0,0.0,1,-0.0,False,False,False,False,False,0,0,1,0,1,0,0,0,0,1,1
differentiated,S_0006012,1,1,1,0,1,0,0.0,1.0,0.0,1,-0.0,False,False,False,False,False,0,0,1,0,1,0,0,0,0,1,1
differentiated,S_0006028,2,2,2,1,1,0,0.5,0.5,0.0,2,0.6309297535714574,False,True,False,False,False,0,0,2,0,1,1,0,0,0,1,2
differentiated,S_0006041,2,2,2,1,1,0,0.5,0.5,0.0,2,0.6309297535714574,False,True,False,False,False,0,0,2,0,1,1,0,0,0,1,2
differentiated,S_0006061,1,1,1,0,1,0,0.0,1.0,0.0,1,-0.0,False,False,False,False,False,0,0,1,0,1,1,0,0,0,0,1
differentiated,S_0006062,1,1,1,0,1,0,0.0,1.0,0.0,1,-0.0,False,False,False,False,False,0,0,1,0,1,1,0,0,0,0,1
differentiated,S_0006081,1,1,1,0,1,0,0.0,1.0,0.0,1,-0.0,False,False,False,False,False,0,0,1,0,1,0,0,0,0,1,1
differentiated,S_0006086,2,2,2,1,1,0,0.5,0.5,0.0,2,0.6309297535714574,False,True,False,False,False,0,0,2,0,1,1,0,0,0,1,2
differentiated,S_0006107,1,1,1,0,1,0,0.0,1.0,0.0,1,-0.0,False,False,False,False,False,0,0,1,0,1,1,0,0,0,0,1
differentiated,S_0006109,1,1,1,0,1,0,0.0,1.0,0.0,1,-0.0,False,False,False,False,False,0,0,1,0,1,1,0,0,0,0,1
differentiated,S_0006116,1,1,1,0,1,0,0.0,1.0,0.0,1,-0.0,False,False,False,False,False,0,0,1,0,1,1,0,0,0,0,1
differentiated,S_0006144,1,1,1,0,1,0,0.0,1.0,0.0,1,-0.0,False,False,False,False,False,0,0,1,0,1,1,0,0,0,0,1
differentiated,S_0006145,1,1,1,0,1,0,0.0,1.0,0.0,1,-0.0,False,False,False,False,False,0,0,1,0,1,1,0,0,0,0,1
differentiated,S_0006146,1,1,1,0,1,0,0.0,1.0,0.0,1,-0.0,False,False,False,False,False,0,0,1,0,1,1,0,0,0,0,1
differentiated,S_0006147,1,1,1,0,1,0,0.0,1.0,0.0,1,-0.0,False,False,False,False,False,0,0,1,0,1,1,0,0,0,0,1
differentiated,S_0006152,1,1,1,0,1,0,0.0,1.0,0.0,1,-0.0,False,False,False,False,False,0,0,1,0,1,1,0,0,0,0,1
differentiated,S_0006157,1,1,1,1,0,0,1.0,0.0,0.0,1,-0.0,False,False,False,False,False,0,0,1,0,1,0,0,0,0,1,1
differentiated,S_0006159,1,1,1,1,0,0,1.0,0.0,0.0,1,-0.0,False,False,False,False,False,0,0,1,0,1,0,0,0,0,1,1
differentiated,S_0006160,1,1,1,0,1,0,0.0,1.0,0.0,1,-0.0,False,False,False,False,False,0,0,1,0,1,1,0,0,0,0,1
differentiated,S_0006164,1,1,1,0,1,0,0.0,1.0,0.0,1,-0.0,False,False,False,False,False,0,0,1,0,1,1,0,0,0,0,1
differentiated,S_0006189,1,1,1,1,0,0,1.0,0.0,0.0,1,-0.0,False,False,False,False,False,0,0,0,1,1,0,0,0,1,0,1
differentiated,S_0006190,1,1,1,0,1,0,0.0,1.0,0.0,1,-0.0,False,False,False,False,False,0,0,1,0,1,1,0,0,0,0,1
differentiated,S_0006191,1,1,1,0,1,0,0.0,1.0,0.0,1,-0.0,False,False,False,False,False,0,0,1,0,1,1,0,0,0,0,1
differentiated,S_0006193,1,1,1,0,1,0,0.0,1.0,0.0,1,-0.0,False,False,False,False,False,0,0,1,0,1,1,0,0,0,0,1
differentiated,S_0006197,1,1,1,1,0,0,1.0,0.0,0.0,1,-0.0,False,False,False,False,False,0,0,0,1,1,0,0,0,1,0,1
differentiated,S_0006198,1,1,1,1,0,0,1.0,0.0,0.0,1,-0.0,False,False,False,False,False,0,0,0,1,1,0,0,0,1,0,1
differentiated,S_0006200,1,1,1,1,0,0,1.0,0.0,0.0,1,-0.0,False,False,False,False,False,0,0,0,1,1,0,0,0,1,0,1
differentiated,S_0006201,1,1,1,1,0,0,1.0,0.0,0.0,1,-0.0,False,False,False,False,False,0,0,0,1,1,0,0,0,1,0,1
differentiated,S_0006202,1,1,1,1,0,0,1.0,0.0,0.0,1,-0.0,False,False,False,False,False,0,0,0,1,1,0,0,0,1,0,1
differentiated,S_0006206,1,1,1,0,0,1,0.0,0.0,1.0,1,-0.0,False,False,False,False,False,0,0,1,0,1,0,0,0,0,1,1
differentiated,S_0006208,1,1,1,0,0,1,0.0,0.0,1.0,1,-0.0,False,False,False,False,False,0,0,1,0,1,0,0,0,0,1,1
differentiated,S_0006210,3,2,2,1,1,0,0.5,0.5,0.0,2,0.6309297535714574,False,True,False,False,False,0,0,0,2,1,1,0,0,1,0,2
differentiated,S_0006212,1,1,1,0,1,0,0.0,1.0,0.0,1,-0.0,False,False,False,False,False,0,0,0,1,1,1,0,0,0,0,1
differentiated,S_0006213,3,3,1,1,1,1,0.3333333333333333,0.3333333333333333,0.3333333333333333,3,0.9999999999999998,False,True,True,False,False,0,0,3,0,1,0,0,1,2,0,2
differentiated,S_0006214,2,2,1,1,0,1,0.5,0.0,0.5,2,0.6309297535714574,False,True,False,False,False,0,0,2,0,1,0,0,1,1,0,2
differentiated,S_0006215,1,1,1,0,0,1,0.0,0.0,1.0,1,-0.0,False,False,False,False,False,0,0,1,0,1,0,0,0,1,0,1
differentiated,S_0006216,2,2,2,1,1,0,0.5,0.5,0.0,2,0.6309297535714574,False,True,False,False,False,0,1,1,0,2,1,0,0,1,0,2
differentiated,S_0006219,1,1,1,0,0,1,0.0,0.0,1.0,1,-0.0,False,False,False,False,False,0,0,1,0,1,0,1,0,0,0,1
differentiated,S_0006220,1,1,1,1,0,0,1.0,0.0,0.0,1,-0.0,False,False,False,False,False,0,0,0,1,1,0,0,0,1,0,1
differentiated,S_0006221,1,1,1,0,0,1,0.0,0.0,1.0,1,-0.0,False,False,False,False,False,0,0,1,0,1,0,1,0,0,0,1
differentiated,S_0006224,1,1,1,0,1,0,0.0,1.0,0.0,1,-0.0,False,False,False,False,False,0,0,1,0,1,1,0,0,0,0,1
differentiated,S_0006225,2,2,1,1,1,0,0.5,0.5,0.0,2,0.6309297535714574,False,True,False,False,False,0,0,2,0,1,2,0,0,0,0,1
differentiated,S_0006226,3,3,2,0,3,0,0.0,1.0,0.0,1,-0.0,False,True,True,False,False,0,1,2,0,2,0,0,0,3,0,1
differentiated,S_0006228,3,3,2,0,3,0,0.0,1.0,0.0,1,-0.0,False,True,True,False,False,0,1,2,0,2,0,0,0,3,0,1
differentiated,S_0006236,1,1,1,0,1,0,0.0,1.0,0.0,1,-0.0,False,False,False,False,False,0,0,1,0,1,1,0,0,0,0,1
differentiated,S_0006250,3,1,3,1,0,0,1.0,0.0,0.0,1,-0.0,False,False,False,False,False,0,0,0,1,1,0,0,0,1,0,1
differentiated,S_0006251,1,1,1,1,0,0,1.0,0.0,0.0,1,-0.0,False,False,False,False,False,0,0,0,1,1,0,0,0,1,0,1
differentiated,S_0006252,1,1,1,1,0,0,1.0,0.0,0.0,1,-0.0,False,False,False,False,False,0,0,0,1,1,0,0,0,1,0,1
differentiated,S_0006253,1,1,1,0,1,0,0.0,1.0,0.0,1,-0.0,False,False,False,False,False,0,0,1,0,1,0,1,0,0,0,1
differentiated,S_0006255,4,3,3,1,2,0,0.3333333333333333,0.6666666666666666,0.0,2,0.5793801642856949,False,True,True,False,False,0,0,0,3,1,0,1,0,2,0,2
differentiated,S_0006257,3,2,3,0,2,0,0.0,1.0,0.0,1,-0.0,False,True,False,False,False,0,0,0,2,1,0,1,0,1,0,2
differentiated,S_0006258,1,1,1,1,0,0,1.0,0.0,0.0,1,-0.0,False,False,False,False,False,0,0,1,0,1,1,0,0,0,0,1
differentiated,S_0006292,12,7,7,2,5,0,0.2857142857142857,0.7142857142857143,0.0,2,0.5445684476282007,True,True,True,True,False,0,0,1,6,2,2,4,0,1,0,3
differentiated,S_0006296,1,1,1,1,0,0,1.0,0.0,0.0,1,-0.0,False,False,False,False,False,1,0,0,0,1,1,0,0,0,0,1
differentiated,S_0006297,3,3,2,1,1,1,0.3333333333333333,0.3333333333333333,0.3333333333333333,3,0.9999999999999998,False,True,True,False,False,1,0,1,1,3,1,1,0,0,1,3
differentiated,S_0006299,1,1,1,1,0,0,1.0,0.0,0.0,1,-0.0,False,False,False,False,False,1,0,0,0,1,1,0,0,0,0,1
differentiated,S_0006313,2,2,1,0,2,0,0.0,1.0,0.0,1,-0.0,False,True,False,False,False,0,0,0,2,1,0,0,1,0,1,2
differentiated,S_0006317,2,2,2,1,1,0,0.5,0.5,0.0,2,0.6309297535714574,False,True,False,False,False,0,0,0,2,1,1,0,0,0,1,2
differentiated,S_0006359,1,1,1,0,1,0,0.0,1.0,0.0,1,-0.0,False,False,False,False,False,0,0,1,0,1,0,0,0,0,1,1
differentiated,S_0006360,3,3,1,0,3,0,0.0,1.0,0.0,1,-0.0,False,True,True,False,False,0,0,3,0,1,2,0,0,0,1,2
differentiated,S_0006361,2,2,1,0,2,0,0.0,1.0,0.0,1,-0.0,False,True,False,False,False,0,0,2,0,1,2,0,0,0,0,1
differentiated,S_0006415,1,1,1,0,1,0,0.0,1.0,0.0,1,-0.0,False,False,False,False,False,0,0,1,0,1,1,0,0,0,0,1
differentiated,S_0006456,2,2,1,0,0,2,0.0,0.0,1.0,1,-0.0,False,True,False,False,False,0,0,2,0,1,1,1,0,0,0,2
differentiated,S_0006457,2,2,1,0,0,2,0.0,0.0,1.0,1,-0.0,False,True,False,False,False,0,0,2,0,1,1,1,0,0,0,2
differentiated,S_0006458,2,2,1,0,0,2,0.0,0.0,1.0,1,-0.0,False,True,False,False,False,0,0,2,0,1,1,1,0,0,0,2
differentiated,S_0006485,1,1,1,1,0,0,1.0,0.0,0.0,1,-0.0,False,False,False,False,False,0,0,1,0,1,0,0,0,0,1,1
differentiated,S_0006489,1,1,1,0,1,0,0.0,1.0,0.0,1,-0.0,False,False,False,False,False,0,0,1,0,1,0,0,0,0,1,1
differentiated,S_0006490,1,1,1,0,1,0,0.0,1.0,0.0,1,-0.0,False,False,False,False,False,0,0,1,0,1,0,0,0,0,1,1
differentiated,S_0006511,1,1,1,0,1,0,0.0,1.0,0.0,1,-0.0,False,False,False,False,False,0,0,1,0,1,1,0,0,0,0,1
differentiated,S_0006521,1,1,1,0,1,0,0.0,1.0,0.0,1,-0.0,False,False,False,False,False,0,0,1,0,1,0,0,0,0,1,1
differentiated,S_0006522,1,1,1,0,1,0,0.0,1.0,0.0,1,-0.0,False,False,False,False,False,0,0,1,0,1,0,0,0,0,1,1
differentiated,S_0006550,1,1,1,0,0,1,0.0,0.0,1.0,1,-0.0,False,False,False,False,False,0,0,1,0,1,0,0,0,0,1,1
differentiated,S_0006551,1,1,1,0,0,1,0.0,0.0,1.0,1,-0.0,False,False,False,False,False,0,0,1,0,1,0,0,0,0,1,1
differentiated,S_0006552,2,2,1,0,2,0,0.0,1.0,0.0,1,-0.0,False,True,False,False,False,0,0,2,0,1,0,0,0,1,1,2
differentiated,S_0006553,2,2,1,0,2,0,0.0,1.0,0.0,1,-0.0,False,True,False,False,False,0,0,2,0,1,0,0,0,1,1,2
differentiated,S_0006572,1,1,1,0,0,1,0.0,0.0,1.0,1,-0.0,False,False,False,False,False,0,0,1,0,1,1,0,0,0,0,1
differentiated,S_0006600,2,2,2,1,1,0,0.5,0.5,0.0,2,0.6309297535714574,False,True,False,False,False,0,0,1,1,2,1,1,0,0,0,2
differentiated,S_0006601,2,2,2,1,1,0,0.5,0.5,0.0,2,0.6309297535714574,False,True,False,False,False,0,0,1,1,2,1,1,0,0,0,2
differentiated,S_0006606,1,1,1,0,1,0,0.0,1.0,0.0,1,-0.0,False,False,False,False,False,0,0,0,1,1,0,0,0,1,0,1
differentiated,S_0006625,1,1,1,0,1,0,0.0,1.0,0.0,1,-0.0,False,False,False,False,False,0,0,1,0,1,1,0,0,0,0,1
differentiated,S_0006626,1,1,1,0,1,0,0.0,1.0,0.0,1,-0.0,False,False,False,False,False,0,0,1,0,1,1,0,0,0,0,1
differentiated,S_0006645,1,1,1,0,0,1,0.0,0.0,1.0,1,-0.0,False,False,False,False,False,0,0,1,0,1,0,0,0,1,0,1
differentiated,S_0006676,1,1,1,0,1,0,0.0,1.0,0.0,1,-0.0,False,False,False,False,False,0,0,1,0,1,1,0,0,0,0,1
differentiated,S_0006677,1,1,1,0,1,0,0.0,1.0,0.0,1,-0.0,False,False,False,False,False,0,0,1,0,1,0,0,0,0,1,1
differentiated,S_0006690,1,1,1,0,1,0,0.0,1.0,0.0,1,-0.0,False,False,False,False,False,0,0,1,0,1,0,0,0,0,1,1
differentiated,S_0006691,1,1,1,0,1,0,0.0,1.0,0.0,1,-0.0,False,False,False,False,False,0,0,1,0,1,0,0,0,0,1,1
differentiated,S_0006692,1,1,1,0,1,0,0.0,1.0,0.0,1,-0.0,False,False,False,False,False,0,0,1,0,1,0,0,0,0,1,1
differentiated,S_0006702,3,3,3,1,2,0,0.3333333333333333,0.6666666666666666,0.0,2,0.5793801642856949,False,True,True,False,False,0,0,0,3,1,2,0,0,0,1,2
differentiated,S_0006703,2,2,2,1,1,0,0.5,0.5,0.0,2,0.6309297535714574,False,True,False,False,False,0,0,0,2,1,1,0,0,0,1,2
differentiated,S_0006705,2,2,2,1,1,0,0.5,0.5,0.0,2,0.6309297535714574,False,True,False,False,False,0,0,0,2,1,1,0,0,0,1,2
differentiated,S_0006706,1,1,1,1,0,0,1.0,0.0,0.0,1,-0.0,False,False,False,False,False,0,0,0,1,1,0,0,0,1,0,1
differentiated,S_0006710,1,1,1,0,1,0,0.0,1.0,0.0,1,-0.0,False,False,False,False,False,0,0,0,1,1,1,0,0,0,0,1
differentiated,S_0006719,3,3,1,1,2,0,0.3333333333333333,0.6666666666666666,0.0,2,0.5793801642856949,False,True,True,False,False,0,0,0,3,1,0,0,1,1,1,3
differentiated,S_0006730,1,1,1,0,1,0,0.0,1.0,0.0,1,-0.0,False,False,False,False,False,0,0,1,0,1,0,1,0,0,0,1
differentiated,S_0006794,3,3,1,0,2,1,0.0,0.6666666666666666,0.3333333333333333,2,0.5793801642856949,False,True,True,False,False,0,0,3,0,1,1,1,0,1,0,3
differentiated,S_0006795,3,3,1,0,2,1,0.0,0.6666666666666666,0.3333333333333333,2,0.5793801642856949,False,True,True,False,False,0,0,3,0,1,1,1,0,1,0,3
differentiated,S_0006801,3,3,1,0,2,1,0.0,0.6666666666666666,0.3333333333333333,2,0.5793801642856949,False,True,True,False,False,0,0,3,0,1,1,1,0,1,0,3
differentiated,S_0006808,1,1,1,0,1,0,0.0,1.0,0.0,1,-0.0,False,False,False,False,False,0,0,1,0,1,0,1,0,0,0,1
differentiated,S_0006816,1,1,1,0,1,0,0.0,1.0,0.0,1,-0.0,False,False,False,False,False,0,0,1,0,1,0,1,0,0,0,1
differentiated,S_0006817,1,1,1,0,1,0,0.0,1.0,0.0,1,-0.0,False,False,False,False,False,0,0,1,0,1,0,1,0,0,0,1
differentiated,S_0006822,1,1,1,0,1,0,0.0,1.0,0.0,1,-0.0,False,False,False,False,False,0,0,0,1,1,0,0,1,0,0,1
differentiated,S_0006824,1,1,1,0,1,0,0.0,1.0,0.0,1,-0.0,False,False,False,False,False,0,1,0,0,1,0,0,0,0,1,1
differentiated,S_0006827,1,1,1,0,1,0,0.0,1.0,0.0,1,-0.0,False,False,False,False,False,0,1,0,0,1,0,0,0,0,1,1
differentiated,S_0006829,1,1,1,0,1,0,0.0,1.0,0.0,1,-0.0,False,False,False,False,False,0,1,0,0,1,0,0,0,0,1,1
differentiated,S_0006830,1,1,1,0,1,0,0.0,1.0,0.0,1,-0.0,False,False,False,False,False,0,1,0,0,1,0,0,0,0,1,1
differentiated,S_0006831,1,1,1,0,1,0,0.0,1.0,0.0,1,-0.0,False,False,False,False,False,0,1,0,0,1,0,0,0,0,1,1
differentiated,S_0006833,2,2,1,0,2,0,0.0,1.0,0.0,1,-0.0,False,True,False,False,False,0,0,2,0,1,0,1,0,0,1,2
differentiated,S_0006834,2,2,1,0,2,0,0.0,1.0,0.0,1,-0.0,False,True,False,False,False,0,0,2,0,1,0,1,0,0,1,2
differentiated,S_0006835,2,2,2,2,0,0,1.0,0.0,0.0,1,-0.0,False,True,False,False,False,0,0,0,2,1,2,0,0,0,0,1
differentiated,S_0006836,6,4,6,2,2,0,0.5,0.5,0.0,2,0.6309297535714574,False,True,True,False,False,0,0,0,4,1,2,0,0,2,0,2
differentiated,S_0006838,2,2,1,0,2,0,0.0,1.0,0.0,1,-0.0,False,True,False,False,False,0,0,2,0,1,0,1,0,0,1,2
differentiated,S_0006844,1,1,1,0,1,0,0.0,1.0,0.0,1,-0.0,False,False,False,False,False,0,0,1,0,1,1,0,0,0,0,1
differentiated,S_0006854,1,1,1,1,0,0,1.0,0.0,0.0,1,-0.0,False,False,False,False,False,0,0,0,1,1,0,1,0,0,0,1
differentiated,S_0006856,1,1,1,1,0,0,1.0,0.0,0.0,1,-0.0,False,False,False,False,False,0,0,0,1,1,0,1,0,0,0,1
differentiated,S_0006874,2,2,1,0,1,1,0.0,0.5,0.5,2,0.6309297535714574,False,True,False,False,False,0,0,2,0,1,1,0,0,1,0,2
differentiated,S_0006875,2,2,1,0,1,1,0.0,0.5,0.5,2,0.6309297535714574,False,True,False,False,False,0,0,2,0,1,1,0,0,1,0,2
differentiated,S_0006904,2,2,1,0,1,1,0.0,0.5,0.5,2,0.6309297535714574,False,True,False,False,False,0,0,2,0,1,1,0,0,1,0,2
differentiated,S_0006905,2,2,1,0,1,1,0.0,0.5,0.5,2,0.6309297535714574,False,True,False,False,False,0,0,2,0,1,1,0,0,1,0,2
differentiated,S_0006906,1,1,1,1,0,0,1.0,0.0,0.0,1,-0.0,False,False,False,False,False,0,0,0,1,1,1,0,0,0,0,1
differentiated,S_0006908,1,1,1,1,0,0,1.0,0.0,0.0,1,-0.0,False,False,False,False,False,0,0,0,1,1,1,0,0,0,0,1
differentiated,S_0006911,1,1,1,1,0,0,1.0,0.0,0.0,1,-0.0,False,False,False,False,False,0,0,0,1,1,1,0,0,0,0,1
differentiated,S_0006912,1,1,1,1,0,0,1.0,0.0,0.0,1,-0.0,False,False,False,False,False,0,0,0,1,1,1,0,0,0,0,1
differentiated,S_0006915,1,1,1,1,0,0,1.0,0.0,0.0,1,-0.0,False,False,False,False,False,0,0,0,1,1,1,0,0,0,0,1
differentiated,S_0006917,1,1,1,1,0,0,1.0,0.0,0.0,1,-0.0,False,False,False,False,False,0,0,0,1,1,1,0,0,0,0,1
differentiated,S_0006919,1,1,1,1,0,0,1.0,0.0,0.0,1,-0.0,False,False,False,False,False,0,0,0,1,1,1,0,0,0,0,1
differentiated,S_0006920,1,1,1,1,0,0,1.0,0.0,0.0,1,-0.0,False,False,False,False,False,0,0,0,1,1,1,0,0,0,0,1
differentiated,S_0006921,1,1,1,1,0,0,1.0,0.0,0.0,1,-0.0,False,False,False,False,False,0,0,0,1,1,1,0,0,0,0,1
differentiated,S_0006924,1,1,1,1,0,0,1.0,0.0,0.0,1,-0.0,False,False,False,False,False,0,0,0,1,1,1,0,0,0,0,1
differentiated,S_0006925,1,1,1,1,0,0,1.0,0.0,0.0,1,-0.0,False,False,False,False,False,0,0,0,1,1,1,0,0,0,0,1
differentiated,S_0006939,2,2,2,2,0,0,1.0,0.0,0.0,1,-0.0,False,True,False,False,False,0,0,0,2,1,2,0,0,0,0,1
differentiated,S_0006940,6,4,5,2,2,0,0.5,0.5,0.0,2,0.6309297535714574,False,True,True,False,False,0,0,2,2,2,2,1,0,0,1,3
differentiated,S_0006941,5,5,3,2,2,1,0.4,0.4,0.2,3,0.9602297178607612,True,True,True,True,False,0,0,3,2,2,3,1,0,1,0,3
differentiated,S_0006943,4,4,3,2,2,0,0.5,0.5,0.0,2,0.6309297535714574,False,True,True,False,False,0,0,2,2,2,2,1,0,0,1,3
differentiated,S_0006944,4,4,3,2,2,0,0.5,0.5,0.0,2,0.6309297535714574,False,True,True,False,False,0,0,2,2,2,2,1,0,0,1,3
differentiated,S_0006948,1,1,1,0,1,0,0.0,1.0,0.0,1,-0.0,False,False,False,False,False,0,0,1,0,1,0,1,0,0,0,1
differentiated,S_0006949,1,1,1,0,1,0,0.0,1.0,0.0,1,-0.0,False,False,False,False,False,0,0,1,0,1,0,1,0,0,0,1
differentiated,S_0006950,3,3,1,0,2,1,0.0,0.6666666666666666,0.3333333333333333,2,0.5793801642856949,False,True,True,False,False,0,0,3,0,1,1,1,0,1,0,3
differentiated,S_0006951,3,3,1,0,2,1,0.0,0.6666666666666666,0.3333333333333333,2,0.5793801642856949,False,True,True,False,False,0,0,3,0,1,1,1,0,1,0,3
differentiated,S_0006953,1,1,1,0,1,0,0.0,1.0,0.0,1,-0.0,False,False,False,False,False,0,0,1,0,1,0,0,0,0,1,1
differentiated,S_0006955,1,1,1,0,1,0,0.0,1.0,0.0,1,-0.0,False,False,False,False,False,0,0,1,0,1,0,0,0,0,1,1
differentiated,S_0007002,1,1,1,0,1,0,0.0,1.0,0.0,1,-0.0,False,False,False,False,False,0,0,1,0,1,0,0,0,0,1,1
differentiated,S_0007004,1,1,1,0,1,0,0.0,1.0,0.0,1,-0.0,False,False,False,False,False,0,0,1,0,1,0,0,0,0,1,1
differentiated,S_0007008,1,1,1,0,1,0,0.0,1.0,0.0,1,-0.0,False,False,False,False,False,0,0,1,0,1,0,0,0,0,1,1
differentiated,S_0007017,1,1,1,0,1,0,0.0,1.0,0.0,1,-0.0,False,False,False,False,False,0,0,1,0,1,0,0,0,0,1,1
differentiated,S_0007042,1,1,1,0,1,0,0.0,1.0,0.0,1,-0.0,False,False,False,False,False,0,0,1,0,1,1,0,0,0,0,1
differentiated,S_0007048,1,1,1,0,1,0,0.0,1.0,0.0,1,-0.0,False,False,False,False,False,0,0,1,0,1,1,0,0,0,0,1
differentiated,S_0007065,2,2,2,1,1,0,0.5,0.5,0.0,2,0.6309297535714574,False,True,False,False,False,0,0,0,2,1,0,1,1,0,0,2
differentiated,S_0007066,2,2,1,0,1,1,0.0,0.5,0.5,2,0.6309297535714574,False,True,False,False,False,0,0,2,0,1,1,0,1,0,0,2
differentiated,S_0007067,1,1,1,0,1,0,0.0,1.0,0.0,1,-0.0,False,False,False,False,False,0,0,1,0,1,1,0,0,0,0,1
differentiated,S_0007068,1,1,1,0,1,0,0.0,1.0,0.0,1,-0.0,False,False,False,False,False,0,0,1,0,1,1,0,0,0,0,1
differentiated,S_0007077,1,1,1,0,1,0,0.0,1.0,0.0,1,-0.0,False,False,False,False,False,0,0,1,0,1,1,0,0,0,0,1
differentiated,S_0007080,2,2,1,0,1,1,0.0,0.5,0.5,2,0.6309297535714574,False,True,False,False,False,0,0,2,0,1,1,0,1,0,0,2
differentiated,S_0007081,2,2,1,0,1,1,0.0,0.5,0.5,2,0.6309297535714574,False,True,False,False,False,0,0,2,0,1,1,0,1,0,0,2
differentiated,S_0007083,4,3,4,1,1,1,0.3333333333333333,0.3333333333333333,0.3333333333333333,3,0.9999999999999998,False,True,True,False,False,0,0,1,2,2,0,1,2,0,0,2
differentiated,S_0007085,4,3,4,1,1,1,0.3333333333333333,0.3333333333333333,0.3333333333333333,3,0.9999999999999998,False,True,True,False,False,0,0,1,2,2,0,1,2,0,0,2
differentiated,S_0007088,1,1,1,0,1,0,0.0,1.0,0.0,1,-0.0,False,False,False,False,False,0,0,1,0,1,1,0,0,0,0,1
differentiated,S_0007094,1,1,1,0,1,0,0.0,1.0,0.0,1,-0.0,False,False,False,False,False,0,0,1,0,1,1,0,0,0,0,1
differentiated,S_0007095,1,1,1,0,1,0,0.0,1.0,0.0,1,-0.0,False,False,False,False,False,0,0,1,0,1,1,0,0,0,0,1
differentiated,S_0007104,1,1,1,0,1,0,0.0,1.0,0.0,1,-0.0,False,False,False,False,False,0,0,1,0,1,1,0,0,0,0,1
differentiated,S_0007209,4,4,3,1,2,1,0.25,0.5,0.25,3,0.946394630357186,False,True,True,False,False,0,0,2,2,2,1,1,2,0,0,3
differentiated,S_0007210,4,4,3,1,2,1,0.25,0.5,0.25,3,0.946394630357186,False,True,True,False,False,0,0,2,2,2,1,1,2,0,0,3
differentiated,S_0007375,5,4,4,1,2,1,0.25,0.5,0.25,3,0.946394630357186,False,True,True,False,False,0,0,2,2,2,1,1,2,0,0,3
differentiated,S_0007399,6,4,5,1,2,1,0.25,0.5,0.25,3,0.946394630357186,False,True,True,False,False,0,0,2,2,2,1,1,2,0,0,3
differentiated,S_0007402,4,4,3,1,2,1,0.25,0.5,0.25,3,0.946394630357186,False,True,True,False,False,0,0,2,2,2,1,1,2,0,0,3
differentiated,S_0007407,4,4,3,1,2,1,0.25,0.5,0.25,3,0.946394630357186,False,True,True,False,False,0,0,2,2,2,1,1,2,0,0,3
differentiated,S_0007409,4,4,3,1,2,1,0.25,0.5,0.25,3,0.946394630357186,False,True,True,False,False,0,0,2,2,2,1,1,2,0,0,3
differentiated,S_0007410,4,4,3,1,2,1,0.25,0.5,0.25,3,0.946394630357186,False,True,True,False,False,0,0,2,2,2,1,1,2,0,0,3
differentiated,S_0007430,1,1,1,0,1,0,0.0,1.0,0.0,1,-0.0,False,False,False,False,False,0,0,1,0,1,0,1,0,0,0,1
differentiated,S_0007432,3,3,2,0,2,1,0.0,0.6666666666666666,0.3333333333333333,2,0.5793801642856949,False,True,True,False,False,0,1,2,0,2,1,0,0,1,1,3
differentiated,S_0007433,3,3,2,0,2,1,0.0,0.6666666666666666,0.3333333333333333,2,0.5793801642856949,False,True,True,False,False,0,1,2,0,2,1,0,0,1,1,3
differentiated,S_0007435,2,2,1,0,2,0,0.0,1.0,0.0,1,-0.0,False,True,False,False,False,0,0,2,0,1,0,1,0,0,1,2
differentiated,S_0007436,1,1,1,0,1,0,0.0,1.0,0.0,1,-0.0,False,False,False,False,False,0,1,0,0,1,0,0,0,0,1,1
differentiated,S_0007437,1,1,1,0,1,0,0.0,1.0,0.0,1,-0.0,False,False,False,False,False,0,1,0,0,1,0,0,0,0,1,1
differentiated,S_0007449,1,1,1,0,1,0,0.0,1.0,0.0,1,-0.0,False,False,False,False,False,0,0,1,0,1,1,0,0,0,0,1
differentiated,S_0007450,1,1,1,0,1,0,0.0,1.0,0.0,1,-0.0,False,False,False,False,False,0,0,1,0,1,1,0,0,0,0,1
differentiated,S_0007472,3,3,3,1,1,1,0.3333333333333333,0.3333333333333333,0.3333333333333333,3,0.9999999999999998,False,True,True,False,False,0,0,1,2,2,0,1,2,0,0,2
differentiated,S_0007473,3,3,3,1,1,1,0.3333333333333333,0.3333333333333333,0.3333333333333333,3,0.9999999999999998,False,True,True,False,False,0,0,1,2,2,0,1,2,0,0,2
differentiated,S_0007497,1,1,1,1,0,0,1.0,0.0,0.0,1,-0.0,False,False,False,False,False,0,0,0,1,1,1,0,0,0,0,1
differentiated,S_0007562,2,2,1,1,0,1,0.5,0.0,0.5,2,0.6309297535714574,False,True,False,False,False,0,0,2,0,1,0,0,1,1,0,2
differentiated,S_0007646,1,1,1,0,0,1,0.0,0.0,1.0,1,-0.0,False,False,False,False,False,0,0,1,0,1,0,0,1,0,0,1
differentiated,S_0007647,1,1,1,0,0,1,0.0,0.0,1.0,1,-0.0,False,False,False,False,False,0,0,1,0,1,0,0,1,0,0,1
differentiated,S_0007649,1,1,1,0,1,0,0.0,1.0,0.0,1,-0.0,False,False,False,False,False,0,0,1,0,1,1,0,0,0,0,1
differentiated,S_0007652,2,2,1,0,2,0,0.0,1.0,0.0,1,-0.0,False,True,False,False,False,0,0,2,0,1,1,0,0,1,0,2
differentiated,S_0007653,2,2,1,0,2,0,0.0,1.0,0.0,1,-0.0,False,True,False,False,False,0,0,2,0,1,1,0,0,1,0,2
differentiated,S_0007654,1,1,1,0,1,0,0.0,1.0,0.0,1,-0.0,False,False,False,False,False,0,0,1,0,1,0,0,0,0,1,1
differentiated,S_0007655,3,3,1,0,3,0,0.0,1.0,0.0,1,-0.0,False,True,True,False,False,0,0,3,0,1,1,0,0,1,1,3
differentiated,S_0007656,1,1,1,0,1,0,0.0,1.0,0.0,1,-0.0,False,False,False,False,False,0,0,1,0,1,0,0,0,0,1,1
differentiated,S_0007657,1,1,1,0,1,0,0.0,1.0,0.0,1,-0.0,False,False,False,False,False,0,0,1,0,1,0,0,0,0,1,1
differentiated,S_0007661,1,1,1,0,1,0,0.0,1.0,0.0,1,-0.0,False,False,False,False,False,0,0,1,0,1,0,1,0,0,0,1
differentiated,S_0007662,1,1,1,0,1,0,0.0,1.0,0.0,1,-0.0,False,False,False,False,False,0,0,1,0,1,0,1,0,0,0,1
differentiated,S_0007663,1,1,1,0,1,0,0.0,1.0,0.0,1,-0.0,False,False,False,False,False,0,0,1,0,1,1,0,0,0,0,1
differentiated,S_0007687,1,1,1,0,1,0,0.0,1.0,0.0,1,-0.0,False,False,False,False,False,0,0,0,1,1,0,0,0,1,0,1
differentiated,S_0007688,1,1,1,0,1,0,0.0,1.0,0.0,1,-0.0,False,False,False,False,False,0,0,0,1,1,0,0,0,1,0,1
differentiated,S_0007721,2,2,2,0,2,0,0.0,1.0,0.0,1,-0.0,False,True,False,False,False,0,0,0,2,1,1,0,0,1,0,2
differentiated,S_0007723,1,1,1,0,1,0,0.0,1.0,0.0,1,-0.0,False,False,False,False,False,0,0,1,0,1,0,0,0,0,1,1
differentiated,S_0007729,1,1,1,1,0,0,1.0,0.0,0.0,1,-0.0,False,False,False,False,False,0,0,0,1,1,1,0,0,0,0,1
differentiated,S_0007730,2,2,1,0,2,0,0.0,1.0,0.0,1,-0.0,False,True,False,False,False,0,0,2,0,1,0,1,0,0,1,2
differentiated,S_0007731,2,2,1,0,2,0,0.0,1.0,0.0,1,-0.0,False,True,False,False,False,0,0,2,0,1,0,1,0,0,1,2
differentiated,S_0007734,3,3,2,1,2,0,0.3333333333333333,0.6666666666666666,0.0,2,0.5793801642856949,False,True,True,False,False,0,0,2,1,2,1,1,0,0,1,3
differentiated,S_0007766,1,1,1,0,0,1,0.0,0.0,1.0,1,-0.0,False,False,False,False,False,0,0,1,0,1,0,0,0,1,0,1
differentiated,S_0007840,1,1,1,0,1,0,0.0,1.0,0.0,1,-0.0,False,False,False,False,False,0,0,1,0,1,1,0,0,0,0,1
differentiated,S_0007841,1,1,1,0,1,0,0.0,1.0,0.0,1,-0.0,False,False,False,False,False,0,0,1,0,1,1,0,0,0,0,1
differentiated,S_0007842,2,2,1,0,2,0,0.0,1.0,0.0,1,-0.0,False,True,False,False,False,0,0,2,0,1,1,0,1,0,0,2
differentiated,S_0007864,1,1,1,0,1,0,0.0,1.0,0.0,1,-0.0,False,False,False,False,False,0,0,1,0,1,0,0,0,1,0,1
differentiated,S_0007923,1,1,1,0,0,1,0.0,0.0,1.0,1,-0.0,False,False,False,False,False,0,0,1,0,1,0,0,1,0,0,1
differentiated,S_0007924,1,1,1,0,0,1,0.0,0.0,1.0,1,-0.0,False,False,False,False,False,0,0,1,0,1,0,0,1,0,0,1
differentiated,S_0007952,1,1,1,0,1,0,0.0,1.0,0.0,1,-0.0,False,False,False,False,False,0,0,1,0,1,1,0,0,0,0,1
differentiated,S_0007953,2,2,1,0,1,1,0.0,0.5,0.5,2,0.6309297535714574,False,True,False,False,False,0,0,2,0,1,1,0,0,0,1,2
differentiated,S_0007954,2,2,1,0,1,1,0.0,0.5,0.5,2,0.6309297535714574,False,True,False,False,False,0,0,2,0,1,1,0,0,0,1,2
differentiated,S_0007955,2,2,1,0,1,1,0.0,0.5,0.5,2,0.6309297535714574,False,True,False,False,False,0,0,2,0,1,1,0,0,0,1,2
differentiated,S_0007987,1,1,1,0,1,0,0.0,1.0,0.0,1,-0.0,False,False,False,False,False,0,0,1,0,1,1,0,0,0,0,1
differentiated,S_0008014,1,1,1,0,1,0,0.0,1.0,0.0,1,-0.0,False,False,False,False,False,0,0,1,0,1,1,0,0,0,0,1
differentiated,S_0008021,1,1,1,0,0,1,0.0,0.0,1.0,1,-0.0,False,False,False,False,False,0,0,1,0,1,0,0,1,0,0,1
differentiated,S_0008022,1,1,1,0,0,1,0.0,0.0,1.0,1,-0.0,False,False,False,False,False,0,0,1,0,1,0,0,1,0,0,1
differentiated,S_0008032,1,1,1,0,0,1,0.0,0.0,1.0,1,-0.0,False,False,False,False,False,0,0,1,0,1,0,0,1,0,0,1
differentiated,S_0008036,1,1,1,0,1,0,0.0,1.0,0.0,1,-0.0,False,False,False,False,False,0,0,1,0,1,1,0,0,0,0,1
differentiated,S_0008101,1,1,1,0,0,1,0.0,0.0,1.0,1,-0.0,False,False,False,False,False,0,0,1,0,1,0,1,0,0,0,1
differentiated,S_0008103,1,1,1,0,0,1,0.0,0.0,1.0,1,-0.0,False,False,False,False,False,0,0,1,0,1,0,1,0,0,0,1
differentiated,S_0008123,1,1,1,0,1,0,0.0,1.0,0.0,1,-0.0,False,False,False,False,False,0,0,1,0,1,1,0,0,0,0,1
differentiated,S_0008134,2,2,2,2,0,0,1.0,0.0,0.0,1,-0.0,False,True,False,False,False,0,0,0,2,1,0,1,0,1,0,2
differentiated,S_0008135,2,2,2,2,0,0,1.0,0.0,0.0,1,-0.0,False,True,False,False,False,0,0,0,2,1,0,1,0,1,0,2
differentiated,S_0008136,2,2,2,2,0,0,1.0,0.0,0.0,1,-0.0,False,True,False,False,False,0,0,0,2,1,0,1,0,1,0,2
differentiated,S_0008139,2,2,2,2,0,0,1.0,0.0,0.0,1,-0.0,False,True,False,False,False,0,0,0,2,1,0,1,0,1,0,2
differentiated,S_0008148,1,1,1,0,1,0,0.0,1.0,0.0,1,-0.0,False,False,False,False,False,0,0,1,0,1,1,0,0,0,0,1
differentiated,S_0008150,2,2,1,0,1,1,0.0,0.5,0.5,2,0.6309297535714574,False,True,False,False,False,0,0,2,0,1,1,0,0,0,1,2
differentiated,S_0008165,1,1,1,0,1,0,0.0,1.0,0.0,1,-0.0,False,False,False,False,False,0,0,1,0,1,1,0,0,0,0,1
differentiated,S_0008200,4,4,3,1,2,1,0.25,0.5,0.25,3,0.946394630357186,False,True,True,False,False,0,0,2,2,2,1,1,2,0,0,3
differentiated,S_0008240,1,1,1,0,0,1,0.0,0.0,1.0,1,-0.0,False,False,False,False,False,0,0,1,0,1,0,0,1,0,0,1
differentiated,S_0008241,1,1,1,0,0,1,0.0,0.0,1.0,1,-0.0,False,False,False,False,False,0,0,1,0,1,0,0,1,0,0,1
differentiated,S_0008242,2,2,2,1,0,1,0.5,0.0,0.5,2,0.6309297535714574,False,True,False,False,False,0,0,1,1,2,0,1,1,0,0,2
differentiated,S_0008252,2,2,1,0,0,2,0.0,0.0,1.0,1,-0.0,False,True,False,False,False,0,0,2,0,1,1,1,0,0,0,2
differentiated,S_0008254,2,2,2,0,2,0,0.0,1.0,0.0,1,-0.0,False,True,False,False,False,0,0,0,2,1,1,0,0,1,0,2
differentiated,S_0008255,2,2,2,0,2,0,0.0,1.0,0.0,1,-0.0,False,True,False,False,False,0,0,0,2,1,1,0,0,1,0,2
differentiated,S_0008265,2,2,2,0,2,0,0.0,1.0,0.0,1,-0.0,False,True,False,False,False,0,0,0,2,1,1,0,0,1,0,2
differentiated,S_0008269,2,2,2,0,2,0,0.0,1.0,0.0,1,-0.0,False,True,False,False,False,0,0,0,2,1,1,0,0,1,0,2
differentiated,S_0008270,2,2,2,0,2,0,0.0,1.0,0.0,1,-0.0,False,True,False,False,False,0,0,0,2,1,1,0,0,1,0,2
differentiated,S_0008274,2,2,2,0,2,0,0.0,1.0,0.0,1,-0.0,False,True,False,False,False,0,0,0,2,1,1,0,0,1,0,2
differentiated,S_0008275,2,2,2,0,2,0,0.0,1.0,0.0,1,-0.0,False,True,False,False,False,0,0,0,2,1,1,0,0,1,0,2
differentiated,S_0008282,2,2,2,0,2,0,0.0,1.0,0.0,1,-0.0,False,True,False,False,False,0,0,0,2,1,1,0,0,1,0,2
differentiated,S_0008287,2,2,1,1,0,1,0.5,0.0,0.5,2,0.6309297535714574,False,True,False,False,False,0,0,2,0,1,0,0,1,1,0,2
differentiated,S_0008288,2,2,1,1,0,1,0.5,0.0,0.5,2,0.6309297535714574,False,True,False,False,False,0,0,2,0,1,0,0,1,1,0,2
differentiated,S_0008290,2,2,2,0,2,0,0.0,1.0,0.0,1,-0.0,False,True,False,False,False,0,0,0,2,1,1,0,0,1,0,2
differentiated,S_0008291,2,2,2,0,2,0,0.0,1.0,0.0,1,-0.0,False,True,False,False,False,0,0,0,2,1,1,0,0,1,0,2
differentiated,S_0008292,2,2,2,0,2,0,0.0,1.0,0.0,1,-0.0,False,True,False,False,False,0,0,0,2,1,1,0,0,1,0,2
differentiated,S_0008309,2,2,2,0,2,0,0.0,1.0,0.0,1,-0.0,False,True,False,False,False,0,0,0,2,1,1,0,0,1,0,2
differentiated,S_0008370,3,3,1,0,2,1,0.0,0.6666666666666666,0.3333333333333333,2,0.5793801642856949,False,True,True,False,False,0,0,3,0,1,1,1,1,0,0,3
differentiated,S_0008375,3,3,1,0,2,1,0.0,0.6666666666666666,0.3333333333333333,2,0.5793801642856949,False,True,True,False,False,0,0,3,0,1,1,1,1,0,0,3
differentiated,S_0008382,1,1,1,0,0,1,0.0,0.0,1.0,1,-0.0,False,False,False,False,False,0,0,1,0,1,0,0,1,0,0,1
differentiated,S_0008384,2,2,2,0,2,0,0.0,1.0,0.0,1,-0.0,False,True,False,False,False,0,0,0,2,1,1,0,0,1,0,2
differentiated,S_0008387,2,2,2,0,2,0,0.0,1.0,0.0,1,-0.0,False,True,False,False,False,0,0,0,2,1,1,0,0,1,0,2
differentiated,S_0008388,2,2,2,0,2,0,0.0,1.0,0.0,1,-0.0,False,True,False,False,False,0,0,0,2,1,1,0,0,1,0,2
differentiated,S_0008390,2,2,2,0,2,0,0.0,1.0,0.0,1,-0.0,False,True,False,False,False,0,0,0,2,1,1,0,0,1,0,2
differentiated,S_0008394,2,2,2,0,2,0,0.0,1.0,0.0,1,-0.0,False,True,False,False,False,0,0,0,2,1,1,0,0,1,0,2
differentiated,S_0008397,2,2,2,0,2,0,0.0,1.0,0.0,1,-0.0,False,True,False,False,False,0,0,0,2,1,1,0,0,1,0,2
differentiated,S_0008399,2,2,2,0,2,0,0.0,1.0,0.0,1,-0.0,False,True,False,False,False,0,0,0,2,1,1,0,0,1,0,2
differentiated,S_0008401,2,2,2,0,2,0,0.0,1.0,0.0,1,-0.0,False,True,False,False,False,0,0,0,2,1,1,0,0,1,0,2
differentiated,S_0008402,2,2,2,0,2,0,0.0,1.0,0.0,1,-0.0,False,True,False,False,False,0,0,0,2,1,1,0,0,1,0,2
differentiated,S_0008427,2,2,1,0,2,0,0.0,1.0,0.0,1,-0.0,False,True,False,False,False,0,0,2,0,1,1,0,1,0,0,2
differentiated,S_0008468,1,1,1,0,1,0,0.0,1.0,0.0,1,-0.0,False,False,False,False,False,0,0,1,0,1,0,1,0,0,0,1
differentiated,S_0008472,1,1,1,0,1,0,0.0,1.0,0.0,1,-0.0,False,False,False,False,False,0,0,1,0,1,0,0,0,0,1,1
differentiated,S_0008486,1,1,1,0,1,0,0.0,1.0,0.0,1,-0.0,False,False,False,False,False,0,0,1,0,1,1,0,0,0,0,1
differentiated,S_0008487,1,1,1,0,1,0,0.0,1.0,0.0,1,-0.0,False,False,False,False,False,0,0,1,0,1,1,0,0,0,0,1
differentiated,S_0008490,1,1,1,0,1,0,0.0,1.0,0.0,1,-0.0,False,False,False,False,False,0,0,1,0,1,1,0,0,0,0,1
differentiated,S_0008499,1,1,1,0,1,0,0.0,1.0,0.0,1,-0.0,False,False,False,False,False,0,0,1,0,1,0,0,0,0,1,1
differentiated,S_0008501,1,1,1,1,0,0,1.0,0.0,0.0,1,-0.0,False,False,False,False,False,0,0,0,1,1,1,0,0,0,0,1
differentiated,S_0008516,1,1,1,0,1,0,0.0,1.0,0.0,1,-0.0,False,False,False,False,False,0,0,1,0,1,0,0,0,1,0,1
differentiated,S_0008518,1,1,1,0,1,0,0.0,1.0,0.0,1,-0.0,False,False,False,False,False,0,0,1,0,1,0,0,0,1,0,1
differentiated,S_0008519,1,1,1,0,1,0,0.0,1.0,0.0,1,-0.0,False,False,False,False,False,0,0,1,0,1,1,0,0,0,0,1
differentiated,S_0008521,1,1,1,0,0,1,0.0,0.0,1.0,1,-0.0,False,False,False,False,False,0,0,1,0,1,0,0,0,1,0,1
differentiated,S_0008523,1,1,1,0,1,0,0.0,1.0,0.0,1,-0.0,False,False,False,False,False,0,0,1,0,1,1,0,0,0,0,1
differentiated,S_0008525,1,1,1,0,1,0,0.0,1.0,0.0,1,-0.0,False,False,False,False,False,0,0,1,0,1,1,0,0,0,0,1
differentiated,S_0008526,1,1,1,0,1,0,0.0,1.0,0.0,1,-0.0,False,False,False,False,False,0,0,1,0,1,1,0,0,0,0,1
differentiated,S_0008537,1,1,1,0,1,0,0.0,1.0,0.0,1,-0.0,False,False,False,False,False,0,0,1,0,1,0,0,0,0,1,1
differentiated,S_0008538,1,1,1,0,1,0,0.0,1.0,0.0,1,-0.0,False,False,False,False,False,0,0,1,0,1,0,0,0,0,1,1
differentiated,S_0008539,1,1,1,0,1,0,0.0,1.0,0.0,1,-0.0,False,False,False,False,False,0,0,1,0,1,1,0,0,0,0,1
differentiated,S_0008542,1,1,1,0,1,0,0.0,1.0,0.0,1,-0.0,False,False,False,False,False,0,0,1,0,1,1,0,0,0,0,1
differentiated,S_0008545,1,1,1,0,1,0,0.0,1.0,0.0,1,-0.0,False,False,False,False,False,0,0,1,0,1,0,0,0,0,1,1
differentiated,S_0008549,1,1,1,0,1,0,0.0,1.0,0.0,1,-0.0,False,False,False,False,False,0,0,1,0,1,1,0,0,0,0,1
differentiated,S_0008551,1,1,1,0,1,0,0.0,1.0,0.0,1,-0.0,False,False,False,False,False,0,0,1,0,1,0,0,0,0,1,1
differentiated,S_0008552,1,1,1,0,1,0,0.0,1.0,0.0,1,-0.0,False,False,False,False,False,0,0,1,0,1,0,0,0,0,1,1
differentiated,S_0008553,1,1,1,0,1,0,0.0,1.0,0.0,1,-0.0,False,False,False,False,False,0,0,1,0,1,1,0,0,0,0,1
differentiated,S_0008554,2,2,1,0,1,1,0.0,0.5,0.5,2,0.6309297535714574,False,True,False,False,False,0,0,2,0,1,2,0,0,0,0,1
differentiated,S_0008555,2,2,2,0,2,0,0.0,1.0,0.0,1,-0.0,False,True,False,False,False,0,0,2,0,1,1,0,0,0,1,2
differentiated,S_0008559,2,2,2,0,2,0,0.0,1.0,0.0,1,-0.0,False,True,False,False,False,0,0,2,0,1,1,0,0,0,1,2
differentiated,S_0008633,6,3,6,2,1,0,0.6666666666666666,0.3333333333333333,0.0,2,0.5793801642856949,False,True,True,False,False,0,0,0,3,1,3,0,0,0,0,1
differentiated,S_0008718,2,2,2,0,2,0,0.0,1.0,0.0,1,-0.0,False,True,False,False,False,0,0,2,0,1,0,1,0,1,0,2
differentiated,S_0008719,2,2,2,0,2,0,0.0,1.0,0.0,1,-0.0,False,True,False,False,False,0,0,2,0,1,0,1,0,1,0,2
differentiated,S_0008746,6,3,6,2,1,0,0.6666666666666666,0.3333333333333333,0.0,2,0.5793801642856949,False,True,True,False,False,0,0,0,3,1,3,0,0,0,0,1
differentiated,S_0008757,1,1,1,1,0,0,1.0,0.0,0.0,1,-0.0,False,False,False,False,False,0,0,0,1,1,0,1,0,0,0,1
differentiated,S_0008758,1,1,1,1,0,0,1.0,0.0,0.0,1,-0.0,False,False,False,False,False,0,0,0,1,1,0,1,0,0,0,1
differentiated,S_0008760,1,1,1,1,0,0,1.0,0.0,0.0,1,-0.0,False,False,False,False,False,0,0,0,1,1,0,1,0,0,0,1
differentiated,S_0008762,1,1,1,1,0,0,1.0,0.0,0.0,1,-0.0,False,False,False,False,False,0,0,0,1,1,0,1,0,0,0,1
differentiated,S_0008832,1,1,1,0,1,0,0.0,1.0,0.0,1,-0.0,False,False,False,False,False,0,0,1,0,1,1,0,0,0,0,1
differentiated,S_0008835,1,1,1,0,1,0,0.0,1.0,0.0,1,-0.0,False,False,False,False,False,0,0,1,0,1,1,0,0,0,0,1
differentiated,S_0008879,2,2,1,1,0,1,0.5,0.0,0.5,2,0.6309297535714574,False,True,False,False,False,0,0,2,0,1,1,1,0,0,0,2
differentiated,S_0008880,2,2,1,1,0,1,0.5,0.0,0.5,2,0.6309297535714574,False,True,False,False,False,0,0,2,0,1,1,1,0,0,0,2
differentiated,S_0008882,2,2,1,1,0,1,0.5,0.0,0.5,2,0.6309297535714574,False,True,False,False,False,0,0,2,0,1,1,1,0,0,0,2
differentiated,S_0008883,2,2,1,1,0,1,0.5,0.0,0.5,2,0.6309297535714574,False,True,False,False,False,0,0,2,0,1,1,1,0,0,0,2
differentiated,S_0008885,2,2,1,1,0,1,0.5,0.0,0.5,2,0.6309297535714574,False,True,False,False,False,0,0,2,0,1,1,1,0,0,0,2
differentiated,S_0008886,2,2,1,1,0,1,0.5,0.0,0.5,2,0.6309297535714574,False,True,False,False,False,0,0,2,0,1,1,1,0,0,0,2
differentiated,S_0008888,2,2,1,1,0,1,0.5,0.0,0.5,2,0.6309297535714574,False,True,False,False,False,0,0,2,0,1,1,1,0,0,0,2
differentiated,S_0008889,4,2,2,1,0,1,0.5,0.0,0.5,2,0.6309297535714574,False,True,False,False,False,0,0,2,0,1,1,1,0,0,0,2
differentiated,S_0008890,2,2,1,1,0,1,0.5,0.0,0.5,2,0.6309297535714574,False,True,False,False,False,0,0,2,0,1,1,1,0,0,0,2
differentiated,S_0008892,2,2,1,1,0,1,0.5,0.0,0.5,2,0.6309297535714574,False,True,False,False,False,0,0,2,0,1,1,1,0,0,0,2
differentiated,S_0008894,2,2,1,1,0,1,0.5,0.0,0.5,2,0.6309297535714574,False,True,False,False,False,0,0,2,0,1,1,1,0,0,0,2
differentiated,S_0008896,2,2,1,1,0,1,0.5,0.0,0.5,2,0.6309297535714574,False,True,False,False,False,0,0,2,0,1,1,1,0,0,0,2
differentiated,S_0008900,2,2,1,1,0,1,0.5,0.0,0.5,2,0.6309297535714574,False,True,False,False,False,0,0,2,0,1,1,1,0,0,0,2
differentiated,S_0008920,1,1,1,0,0,1,0.0,0.0,1.0,1,-0.0,False,False,False,False,False,0,0,1,0,1,0,1,0,0,0,1
differentiated,S_0008921,1,1,1,1,0,0,1.0,0.0,0.0,1,-0.0,False,False,False,False,False,0,0,1,0,1,1,0,0,0,0,1
differentiated,S_0008957,1,1,1,0,1,0,0.0,1.0,0.0,1,-0.0,False,False,False,False,False,0,0,1,0,1,1,0,0,0,0,1
differentiated,S_0008958,1,1,1,0,1,0,0.0,1.0,0.0,1,-0.0,False,False,False,False,False,0,0,1,0,1,1,0,0,0,0,1
differentiated,S_0009002,3,2,3,1,1,0,0.5,0.5,0.0,2,0.6309297535714574,False,True,False,False,False,0,0,1,1,2,1,1,0,0,0,2
differentiated,S_0009003,2,2,2,1,1,0,0.5,0.5,0.0,2,0.6309297535714574,False,True,False,False,False,0,0,1,1,2,1,1,0,0,0,2
differentiated,S_0009004,2,2,2,1,1,0,0.5,0.5,0.0,2,0.6309297535714574,False,True,False,False,False,0,0,1,1,2,1,1,0,0,0,2
differentiated,S_0009240,2,2,2,1,1,0,0.5,0.5,0.0,2,0.6309297535714574,False,True,False,False,False,0,0,1,1,2,1,1,0,0,0,2
differentiated,S_0009278,1,1,1,0,1,0,0.0,1.0,0.0,1,-0.0,False,False,False,False,False,0,0,1,0,1,1,0,0,0,0,1
differentiated,S_0009279,1,1,1,0,1,0,0.0,1.0,0.0,1,-0.0,False,False,False,False,False,0,0,1,0,1,1,0,0,0,0,1
differentiated,S_0009310,2,2,2,1,1,0,0.5,0.5,0.0,2,0.6309297535714574,False,True,False,False,False,0,0,1,1,2,1,1,0,0,0,2
differentiated,S_0009313,1,1,1,1,0,0,1.0,0.0,0.0,1,-0.0,False,False,False,False,False,0,0,0,1,1,0,1,0,0,0,1
differentiated,S_0009327,1,1,1,0,1,0,0.0,1.0,0.0,1,-0.0,False,False,False,False,False,0,0,1,0,1,1,0,0,0,0,1
differentiated,S_0009328,1,1,1,0,1,0,0.0,1.0,0.0,1,-0.0,False,False,False,False,False,0,0,1,0,1,1,0,0,0,0,1
differentiated,S_0009340,1,1,1,0,1,0,0.0,1.0,0.0,1,-0.0,False,False,False,False,False,0,0,1,0,1,1,0,0,0,0,1
differentiated,S_0009375,1,1,1,0,1,0,0.0,1.0,0.0,1,-0.0,False,False,False,False,False,0,0,1,0,1,1,0,0,0,0,1
differentiated,S_0009376,1,1,1,0,1,0,0.0,1.0,0.0,1,-0.0,False,False,False,False,False,0,0,1,0,1,1,0,0,0,0,1
differentiated,S_0009378,1,1,1,1,0,0,1.0,0.0,0.0,1,-0.0,False,False,False,False,False,0,0,0,1,1,0,1,0,0,0,1
differentiated,S_0009379,2,2,2,1,1,0,0.5,0.5,0.0,2,0.6309297535714574,False,True,False,False,False,0,0,1,1,2,1,1,0,0,0,2
differentiated,S_0009400,2,2,2,1,1,0,0.5,0.5,0.0,2,0.6309297535714574,False,True,False,False,False,0,0,1,1,2,1,1,0,0,0,2
differentiated,S_0009401,2,2,2,1,1,0,0.5,0.5,0.0,2,0.6309297535714574,False,True,False,False,False,0,0,1,1,2,1,1,0,0,0,2
differentiated,S_0009402,2,2,2,1,1,0,0.5,0.5,0.0,2,0.6309297535714574,False,True,False,False,False,0,0,1,1,2,1,1,0,0,0,2
differentiated,S_0009403,2,2,2,1,1,0,0.5,0.5,0.0,2,0.6309297535714574,False,True,False,False,False,0,0,1,1,2,1,1,0,0,0,2
differentiated,S_0009414,2,2,2,1,1,0,0.5,0.5,0.0,2,0.6309297535714574,False,True,False,False,False,0,0,0,2,1,1,0,0,0,1,2
differentiated,S_0009415,2,2,2,1,1,0,0.5,0.5,0.0,2,0.6309297535714574,False,True,False,False,False,0,0,0,2,1,1,0,0,0,1,2
differentiated,S_0009421,2,2,2,1,1,0,0.5,0.5,0.0,2,0.6309297535714574,False,True,False,False,False,0,0,0,2,1,1,0,0,0,1,2
differentiated,S_0009433,1,1,1,1,0,0,1.0,0.0,0.0,1,-0.0,False,False,False,False,False,0,0,0,1,1,1,0,0,0,0,1
differentiated,S_0009434,1,1,1,1,0,0,1.0,0.0,0.0,1,-0.0,False,False,False,False,False,0,0,0,1,1,1,0,0,0,0,1
differentiated,S_0009500,1,1,1,1,0,0,1.0,0.0,0.0,1,-0.0,False,False,False,False,False,0,0,0,1,1,0,1,0,0,0,1
differentiated,S_0009501,1,1,1,1,0,0,1.0,0.0,0.0,1,-0.0,False,False,False,False,False,0,0,0,1,1,0,1,0,0,0,1
differentiated,S_0009534,1,1,1,1,0,0,1.0,0.0,0.0,1,-0.0,False,False,False,False,False,0,0,0,1,1,0,1,0,0,0,1
differentiated,S_0009536,1,1,1,1,0,0,1.0,0.0,0.0,1,-0.0,False,False,False,False,False,0,0,0,1,1,0,1,0,0,0,1
differentiated,S_0009772,1,1,1,0,1,0,0.0,1.0,0.0,1,-0.0,False,False,False,False,False,0,0,0,1,1,1,0,0,0,0,1
differentiated,S_0009776,1,1,1,0,1,0,0.0,1.0,0.0,1,-0.0,False,False,False,False,False,0,0,0,1,1,1,0,0,0,0,1
differentiated,S_0009778,1,1,1,0,1,0,0.0,1.0,0.0,1,-0.0,False,False,False,False,False,0,0,0,1,1,1,0,0,0,0,1
differentiated,S_0009779,1,1,1,0,1,0,0.0,1.0,0.0,1,-0.0,False,False,False,False,False,0,0,0,1,1,1,0,0,0,0,1
differentiated,S_0009781,1,1,1,0,1,0,0.0,1.0,0.0,1,-0.0,False,False,False,False,False,0,0,0,1,1,1,0,0,0,0,1
differentiated,S_0009782,1,1,1,0,1,0,0.0,1.0,0.0,1,-0.0,False,False,False,False,False,0,0,0,1,1,1,0,0,0,0,1
differentiated,S_0009786,1,1,1,0,1,0,0.0,1.0,0.0,1,-0.0,False,False,False,False,False,0,0,0,1,1,1,0,0,0,0,1
differentiated,S_0009789,1,1,1,0,1,0,0.0,1.0,0.0,1,-0.0,False,False,False,False,False,0,0,0,1,1,1,0,0,0,0,1
differentiated,S_0009803,1,1,1,0,1,0,0.0,1.0,0.0,1,-0.0,False,False,False,False,False,0,0,0,1,1,1,0,0,0,0,1
differentiated,S_0009828,1,1,1,1,0,0,1.0,0.0,0.0,1,-0.0,False,False,False,False,False,0,0,0,1,1,1,0,0,0,0,1
differentiated,S_0009830,1,1,1,1,0,0,1.0,0.0,0.0,1,-0.0,False,False,False,False,False,0,0,0,1,1,1,0,0,0,0,1
differentiated,S_0009839,1,1,1,1,0,0,1.0,0.0,0.0,1,-0.0,False,False,False,False,False,0,0,0,1,1,1,0,0,0,0,1
differentiated,S_0009858,1,1,1,0,1,0,0.0,1.0,0.0,1,-0.0,False,False,False,False,False,0,0,1,0,1,1,0,0,0,0,1
differentiated,S_0009860,1,1,1,0,1,0,0.0,1.0,0.0,1,-0.0,False,False,False,False,False,0,0,1,0,1,1,0,0,0,0,1
differentiated,S_0010006,1,1,1,0,1,0,0.0,1.0,0.0,1,-0.0,False,False,False,False,False,0,0,0,1,1,1,0,0,0,0,1
differentiated,S_0010008,1,1,1,0,1,0,0.0,1.0,0.0,1,-0.0,False,False,False,False,False,0,0,0,1,1,1,0,0,0,0,1
differentiated,S_0010012,1,1,1,0,1,0,0.0,1.0,0.0,1,-0.0,False,False,False,False,False,0,0,1,0,1,1,0,0,0,0,1
differentiated,S_0010017,1,1,1,0,1,0,0.0,1.0,0.0,1,-0.0,False,False,False,False,False,0,0,0,1,1,1,0,0,0,0,1
differentiated,S_0010020,1,1,1,0,1,0,0.0,1.0,0.0,1,-0.0,False,False,False,False,False,0,0,1,0,1,1,0,0,0,0,1
differentiated,S_0010022,4,4,4,1,3,0,0.25,0.75,0.0,2,0.5118595071429147,False,True,True,False,False,0,0,1,3,2,4,0,0,0,0,1
differentiated,S_0010026,1,1,1,0,1,0,0.0,1.0,0.0,1,-0.0,False,False,False,False,False,0,0,0,1,1,1,0,0,0,0,1
differentiated,S_0010029,1,1,1,0,1,0,0.0,1.0,0.0,1,-0.0,False,False,False,False,False,0,0,0,1,1,1,0,0,0,0,1
differentiated,S_0010030,1,1,1,0,1,0,0.0,1.0,0.0,1,-0.0,False,False,False,False,False,0,0,0,1,1,1,0,0,0,0,1
differentiated,S_0010031,1,1,1,0,1,0,0.0,1.0,0.0,1,-0.0,False,False,False,False,False,0,0,0,1,1,1,0,0,0,0,1
differentiated,S_0010033,1,1,1,0,1,0,0.0,1.0,0.0,1,-0.0,False,False,False,False,False,0,0,0,1,1,1,0,0,0,0,1
differentiated,S_0010034,1,1,1,0,1,0,0.0,1.0,0.0,1,-0.0,False,False,False,False,False,0,0,0,1,1,1,0,0,0,0,1
differentiated,S_0010038,1,1,1,0,1,0,0.0,1.0,0.0,1,-0.0,False,False,False,False,False,0,0,0,1,1,1,0,0,0,0,1
differentiated,S_0010081,1,1,1,1,0,0,1.0,0.0,0.0,1,-0.0,False,False,False,False,False,0,0,0,1,1,1,0,0,0,0,1
differentiated,S_0010098,1,1,1,0,0,1,0.0,0.0,1.0,1,-0.0,False,False,False,False,False,0,0,1,0,1,0,0,0,1,0,1
differentiated,S_0010100,1,1,1,0,0,1,0.0,0.0,1.0,1,-0.0,False,False,False,False,False,0,0,1,0,1,0,0,0,1,0,1
differentiated,S_0010108,7,5,5,1,2,2,0.2,0.4,0.4,3,0.9602297178607612,True,True,True,True,False,0,0,3,2,2,3,1,0,0,1,3
differentiated,S_0010115,1,1,1,0,1,0,0.0,1.0,0.0,1,-0.0,False,False,False,False,False,0,0,0,1,1,1,0,0,0,0,1
differentiated,S_0010116,1,1,1,0,1,0,0.0,1.0,0.0,1,-0.0,False,False,False,False,False,0,0,0,1,1,1,0,0,0,0,1
differentiated,S_0010117,1,1,1,0,1,0,0.0,1.0,0.0,1,-0.0,False,False,False,False,False,0,0,1,0,1,1,0,0,0,0,1
differentiated,S_0010122,2,2,1,0,2,0,0.0,1.0,0.0,1,-0.0,False,True,False,False,False,0,0,2,0,1,1,0,0,1,0,2
differentiated,S_0010123,1,1,1,0,0,1,0.0,0.0,1.0,1,-0.0,False,False,False,False,False,0,0,1,0,1,0,0,0,0,1,1
differentiated,S_0010124,1,1,1,0,0,1,0.0,0.0,1.0,1,-0.0,False,False,False,False,False,0,0,1,0,1,0,0,0,0,1,1
differentiated,S_0010262,3,3,1,1,2,0,0.3333333333333333,0.6666666666666666,0.0,2,0.5793801642856949,False,True,True,False,False,0,0,0,3,1,0,0,1,1,1,3
differentiated,S_0010266,3,3,1,1,2,0,0.3333333333333333,0.6666666666666666,0.0,2,0.5793801642856949,False,True,True,False,False,0,0,0,3,1,0,0,1,1,1,3
differentiated,S_0010267,1,1,1,0,1,0,0.0,1.0,0.0,1,-0.0,False,False,False,False,False,0,1,0,0,1,0,0,0,1,0,1
differentiated,S_0010268,1,1,1,0,1,0,0.0,1.0,0.0,1,-0.0,False,False,False,False,False,0,1,0,0,1,0,0,0,1,0,1
differentiated,S_0010286,1,1,1,0,1,0,0.0,1.0,0.0,1,-0.0,False,False,False,False,False,0,0,1,0,1,0,0,1,0,0,1
differentiated,S_0010315,2,2,2,2,0,0,1.0,0.0,0.0,1,-0.0,False,True,False,False,False,0,0,0,2,1,0,1,0,1,0,2
differentiated,S_0010316,1,1,1,0,0,1,0.0,0.0,1.0,1,-0.0,False,False,False,False,False,0,0,1,0,1,0,0,1,0,0,1
differentiated,S_0010317,1,1,1,0,0,1,0.0,0.0,1.0,1,-0.0,False,False,False,False,False,0,0,1,0,1,0,0,1,0,0,1
differentiated,S_0010334,1,1,1,0,1,0,0.0,1.0,0.0,1,-0.0,False,False,False,False,False,0,0,1,0,1,0,0,0,0,1,1
differentiated,S_0010335,1,1,1,0,1,0,0.0,1.0,0.0,1,-0.0,False,False,False,False,False,0,0,1,0,1,0,0,0,0,1,1
differentiated,S_0010338,1,1,1,0,1,0,0.0,1.0,0.0,1,-0.0,False,False,False,False,False,0,0,1,0,1,0,0,0,0,1,1
differentiated,S_0010343,1,1,1,0,1,0,0.0,1.0,0.0,1,-0.0,False,False,False,False,False,0,0,1,0,1,0,0,0,0,1,1
differentiated,S_0010345,1,1,1,0,1,0,0.0,1.0,0.0,1,-0.0,False,False,False,False,False,0,0,1,0,1,0,0,0,1,0,1
differentiated,S_0010379,3,3,1,0,3,0,0.0,1.0,0.0,1,-0.0,False,True,True,False,False,0,0,3,0,1,1,1,0,0,1,3
differentiated,S_0010380,4,4,2,0,2,2,0.0,0.5,0.5,2,0.6309297535714574,False,True,True,False,False,0,1,3,0,2,1,1,0,1,1,4
differentiated,S_0010423,8,8,8,4,4,0,0.5,0.5,0.0,2,0.6309297535714574,True,True,True,True,False,0,0,0,8,1,5,2,0,1,0,3
differentiated,S_0010424,9,7,9,3,4,0,0.42857142857142855,0.5714285714285714,0.0,2,0.6216097450797566,True,True,True,True,False,0,0,0,7,1,4,2,0,1,0,3
differentiated,S_0010425,14,8,13,4,4,0,0.5,0.5,0.0,2,0.6309297535714574,True,True,True,True,False,0,0,0,8,1,5,2,0,1,0,3
differentiated,S_0010464,1,1,1,1,0,0,1.0,0.0,0.0,1,-0.0,False,False,False,False,False,0,0,0,1,1,1,0,0,0,0,1
differentiated,S_0010468,8,8,3,2,5,1,0.25,0.625,0.125,3,0.8194483718728035,True,True,True,True,False,0,0,0,8,1,5,2,0,0,1,3
differentiated,S_0010471,1,1,1,1,0,0,1.0,0.0,0.0,1,-0.0,False,False,False,False,False,0,0,0,1,1,1,0,0,0,0,1
differentiated,S_0010473,1,1,1,0,0,1,0.0,0.0,1.0,1,-0.0,False,False,False,False,False,0,0,1,0,1,1,0,0,0,0,1
differentiated,S_0010474,1,1,1,0,0,1,0.0,0.0,1.0,1,-0.0,False,False,False,False,False,0,0,1,0,1,1,0,0,0,0,1
differentiated,S_0010495,1,1,1,0,1,0,0.0,1.0,0.0,1,-0.0,False,False,False,False,False,0,0,1,0,1,0,0,0,0,1,1
differentiated,S_0010496,1,1,1,0,1,0,0.0,1.0,0.0,1,-0.0,False,False,False,False,False,0,0,1,0,1,0,0,0,0,1,1
differentiated,S_0010525,1,1,1,1,0,0,1.0,0.0,0.0,1,-0.0,False,False,False,False,False,0,0,0,1,1,0,1,0,0,0,1
differentiated,S_0010526,1,1,1,1,0,0,1.0,0.0,0.0,1,-0.0,False,False,False,False,False,0,0,0,1,1,0,1,0,0,0,1
differentiated,S_0010532,1,1,1,1,0,0,1.0,0.0,0.0,1,-0.0,False,False,False,False,False,0,0,0,1,1,0,1,0,0,0,1
differentiated,S_0010541,1,1,1,1,0,0,1.0,0.0,0.0,1,-0.0,False,False,False,False,False,0,0,0,1,1,0,1,0,0,0,1
differentiated,S_0010550,1,1,1,1,0,0,1.0,0.0,0.0,1,-0.0,False,False,False,False,False,1,0,0,0,1,1,0,0,0,0,1
differentiated,S_0010561,1,1,1,0,1,0,0.0,1.0,0.0,1,-0.0,False,False,False,False,False,0,0,1,0,1,0,1,0,0,0,1
differentiated,S_0010562,1,1,1,0,1,0,0.0,1.0,0.0,1,-0.0,False,False,False,False,False,0,0,1,0,1,0,1,0,0,0,1
differentiated,S_0010611,2,2,2,0,2,0,0.0,1.0,0.0,1,-0.0,False,True,False,False,False,0,0,1,1,2,0,0,0,2,0,1
differentiated,S_0010612,2,2,2,0,2,0,0.0,1.0,0.0,1,-0.0,False,True,False,False,False,0,0,1,1,2,0,0,0,2,0,1
differentiated,S_0010623,2,2,2,0,2,0,0.0,1.0,0.0,1,-0.0,False,True,False,False,False,0,0,1,1,2,0,0,0,2,0,1
differentiated,S_0010624,2,2,2,0,2,0,0.0,1.0,0.0,1,-0.0,False,True,False,False,False,0,0,1,1,2,0,0,0,2,0,1
differentiated,S_0010625,2,2,2,0,2,0,0.0,1.0,0.0,1,-0.0,False,True,False,False,False,1,0,0,1,2,0,1,0,1,0,2
differentiated,S_0010626,2,2,2,0,2,0,0.0,1.0,0.0,1,-0.0,False,True,False,False,False,1,0,0,1,2,0,1,0,1,0,2
differentiated,S_0010646,1,1,1,0,1,0,0.0,1.0,0.0,1,-0.0,False,False,False,False,False,0,0,1,0,1,0,0,0,0,1,1
differentiated,S_0010647,1,1,1,0,1,0,0.0,1.0,0.0,1,-0.0,False,False,False,False,False,0,1,0,0,1,0,0,0,0,1,1
differentiated,S_0010648,2,2,2,2,0,0,1.0,0.0,0.0,1,-0.0,False,True,False,False,False,0,0,0,2,1,2,0,0,0,0,1
differentiated,S_0010650,1,1,1,0,1,0,0.0,1.0,0.0,1,-0.0,False,False,False,False,False,0,0,1,0,1,0,1,0,0,0,1
differentiated,S_0010655,1,1,1,0,0,1,0.0,0.0,1.0,1,-0.0,False,False,False,False,False,0,0,1,0,1,0,0,1,0,0,1
differentiated,S_0010656,1,1,1,0,0,1,0.0,0.0,1.0,1,-0.0,False,False,False,False,False,0,0,1,0,1,0,0,1,0,0,1
differentiated,S_0010659,1,1,1,0,0,1,0.0,0.0,1.0,1,-0.0,False,False,False,False,False,0,0,1,0,1,0,0,1,0,0,1
differentiated,S_0010712,1,1,1,0,0,1,0.0,0.0,1.0,1,-0.0,False,False,False,False,False,0,0,1,0,1,0,1,0,0,0,1
differentiated,S_0010758,1,1,1,0,1,0,0.0,1.0,0.0,1,-0.0,False,False,False,False,False,0,0,1,0,1,0,1,0,0,0,1
differentiated,S_0010759,1,1,1,0,1,0,0.0,1.0,0.0,1,-0.0,False,False,False,False,False,0,0,1,0,1,0,1,0,0,0,1
differentiated,S_0010761,5,5,4,1,4,0,0.2,0.8,0.0,2,0.4554859150035952,True,True,True,True,False,0,0,1,4,2,1,3,1,0,0,3
differentiated,S_0010764,1,1,1,0,1,0,0.0,1.0,0.0,1,-0.0,False,False,False,False,False,0,0,0,1,1,0,0,1,0,0,1
differentiated,S_0010765,1,1,1,0,1,0,0.0,1.0,0.0,1,-0.0,False,False,False,False,False,0,0,0,1,1,0,0,1,0,0,1
differentiated,S_0010775,1,1,1,0,1,0,0.0,1.0,0.0,1,-0.0,False,False,False,False,False,0,0,0,1,1,1,0,0,0,0,1
differentiated,S_0010901,3,3,3,2,1,0,0.6666666666666666,0.3333333333333333,0.0,2,0.5793801642856949,False,True,True,False,False,0,0,1,2,2,2,1,0,0,0,2
differentiated,S_0010913,2,2,2,0,1,1,0.0,0.5,0.5,2,0.6309297535714574,False,True,False,False,False,0,0,2,0,1,1,1,0,0,0,2
differentiated,S_0010914,2,2,2,0,1,1,0.0,0.5,0.5,2,0.6309297535714574,False,True,False,False,False,0,0,2,0,1,1,1,0,0,0,2
differentiated,S_0010920,2,2,2,0,1,1,0.0,0.5,0.5,2,0.6309297535714574,False,True,False,False,False,0,0,2,0,1,1,1,0,0,0,2
differentiated,S_0010921,2,2,2,0,1,1,0.0,0.5,0.5,2,0.6309297535714574,False,True,False,False,False,0,0,2,0,1,1,1,0,0,0,2
differentiated,S_0010929,1,1,1,0,1,0,0.0,1.0,0.0,1,-0.0,False,False,False,False,False,0,0,1,0,1,1,0,0,0,0,1
differentiated,S_0010958,1,1,1,0,1,0,0.0,1.0,0.0,1,-0.0,False,False,False,False,False,0,0,0,1,1,0,0,0,0,1,1
differentiated,S_0011088,1,1,1,0,1,0,0.0,1.0,0.0,1,-0.0,False,False,False,False,False,0,0,1,0,1,0,0,0,1,0,1
differentiated,S_0011090,1,1,1,0,0,1,0.0,0.0,1.0,1,-0.0,False,False,False,False,False,0,0,1,0,1,0,0,0,1,0,1
differentiated,S_0011091,1,1,1,0,0,1,0.0,0.0,1.0,1,-0.0,False,False,False,False,False,0,0,1,0,1,0,0,0,1,0,1
differentiated,S_0011093,1,1,1,0,1,0,0.0,1.0,0.0,1,-0.0,False,False,False,False,False,0,0,0,1,1,0,0,0,0,1,1
differentiated,S_0011106,2,1,2,0,1,0,0.0,1.0,0.0,1,-0.0,False,False,False,False,False,0,0,0,1,1,0,0,0,0,1,1
differentiated,S_0011118,1,1,1,0,1,0,0.0,1.0,0.0,1,-0.0,False,False,False,False,False,0,0,0,1,1,0,0,0,0,1,1
differentiated,S_0011123,1,1,1,0,1,0,0.0,1.0,0.0,1,-0.0,False,False,False,False,False,0,0,0,1,1,0,0,0,0,1,1
differentiated,S_0011132,1,1,1,0,1,0,0.0,1.0,0.0,1,-0.0,False,False,False,False,False,0,0,0,1,1,0,0,0,0,1,1
differentiated,S_0011134,1,1,1,0,1,0,0.0,1.0,0.0,1,-0.0,False,False,False,False,False,0,1,0,0,1,0,0,0,1,0,1
differentiated,S_0011135,1,1,1,0,1,0,0.0,1.0,0.0,1,-0.0,False,False,False,False,False,0,1,0,0,1,0,0,0,1,0,1
differentiated,S_0011136,1,1,1,0,1,0,0.0,1.0,0.0,1,-0.0,False,False,False,False,False,0,1,0,0,1,0,0,0,1,0,1
differentiated,S_0011149,1,1,1,0,1,0,0.0,1.0,0.0,1,-0.0,False,False,False,False,False,0,0,0,1,1,0,0,0,1,0,1
differentiated,S_0011159,1,1,1,0,1,0,0.0,1.0,0.0,1,-0.0,False,False,False,False,False,0,0,1,0,1,0,0,0,0,1,1
differentiated,S_0011160,1,1,1,0,1,0,0.0,1.0,0.0,1,-0.0,False,False,False,False,False,0,0,1,0,1,0,0,0,0,1,1
differentiated,S_0011162,1,1,1,0,1,0,0.0,1.0,0.0,1,-0.0,False,False,False,False,False,0,0,1,0,1,0,0,0,0,1,1
differentiated,S_0011163,1,1,1,0,1,0,0.0,1.0,0.0,1,-0.0,False,False,False,False,False,0,0,1,0,1,0,0,0,0,1,1
differentiated,S_0011164,1,1,1,0,1,0,0.0,1.0,0.0,1,-0.0,False,False,False,False,False,0,0,1,0,1,0,0,0,0,1,1
differentiated,S_0011166,2,2,1,0,2,0,0.0,1.0,0.0,1,-0.0,False,True,False,False,False,0,0,2,0,1,1,0,0,0,1,2
differentiated,S_0011191,1,1,1,0,1,0,0.0,1.0,0.0,1,-0.0,False,False,False,False,False,0,0,0,1,1,0,0,0,1,0,1
differentiated,S_0011269,1,1,1,0,1,0,0.0,1.0,0.0,1,-0.0,False,False,False,False,False,0,0,1,0,1,1,0,0,0,0,1
differentiated,S_0011302,1,1,1,0,1,0,0.0,1.0,0.0,1,-0.0,False,False,False,False,False,0,0,1,0,1,1,0,0,0,0,1
differentiated,S_0011303,1,1,1,0,1,0,0.0,1.0,0.0,1,-0.0,False,False,False,False,False,0,0,1,0,1,1,0,0,0,0,1
differentiated,S_0011309,1,1,1,0,1,0,0.0,1.0,0.0,1,-0.0,False,False,False,False,False,0,0,1,0,1,1,0,0,0,0,1
differentiated,S_0011313,1,1,1,0,1,0,0.0,1.0,0.0,1,-0.0,False,False,False,False,False,0,0,1,0,1,1,0,0,0,0,1
differentiated,S_0011320,1,1,1,0,1,0,0.0,1.0,0.0,1,-0.0,False,False,False,False,False,0,0,1,0,1,1,0,0,0,0,1
differentiated,S_0011351,1,1,1,0,1,0,0.0,1.0,0.0,1,-0.0,False,False,False,False,False,0,0,1,0,1,1,0,0,0,0,1
differentiated,S_0011415,1,1,1,0,1,0,0.0,1.0,0.0,1,-0.0,False,False,False,False,False,0,0,0,1,1,0,0,0,1,0,1
differentiated,S_0011441,2,1,2,0,1,0,0.0,1.0,0.0,1,-0.0,False,False,False,False,False,0,0,0,1,1,0,0,0,1,0,1
differentiated,S_0011460,1,1,1,0,1,0,0.0,1.0,0.0,1,-0.0,False,False,False,False,False,0,0,0,1,1,0,0,0,1,0,1
differentiated,S_0011475,1,1,1,0,1,0,0.0,1.0,0.0,1,-0.0,False,False,False,False,False,0,0,0,1,1,0,0,0,1,0,1
differentiated,S_0011477,1,1,1,0,1,0,0.0,1.0,0.0,1,-0.0,False,False,False,False,False,0,0,0,1,1,0,0,0,1,0,1
differentiated,S_0011484,1,1,1,0,1,0,0.0,1.0,0.0,1,-0.0,False,False,False,False,False,0,0,0,1,1,0,0,0,1,0,1
differentiated,S_0011700,1,1,1,0,1,0,0.0,1.0,0.0,1,-0.0,False,False,False,False,False,0,0,1,0,1,1,0,0,0,0,1
differentiated,S_0011716,1,1,1,0,1,0,0.0,1.0,0.0,1,-0.0,False,False,False,False,False,0,0,1,0,1,1,0,0,0,0,1
differentiated,S_0011728,1,1,1,0,1,0,0.0,1.0,0.0,1,-0.0,False,False,False,False,False,0,0,1,0,1,1,0,0,0,0,1
differentiated,S_0011761,2,2,1,0,2,0,0.0,1.0,0.0,1,-0.0,False,True,False,False,False,0,0,2,0,1,2,0,0,0,0,1
differentiated,S_0011768,1,1,1,0,1,0,0.0,1.0,0.0,1,-0.0,False,False,False,False,False,0,0,0,1,1,1,0,0,0,0,1
differentiated,S_0011769,1,1,1,0,1,0,0.0,1.0,0.0,1,-0.0,False,False,False,False,False,0,0,0,1,1,1,0,0,0,0,1
differentiated,S_0011771,1,1,1,0,0,1,0.0,0.0,1.0,1,-0.0,False,False,False,False,False,0,0,1,0,1,0,0,0,1,0,1
differentiated,S_0011772,1,1,1,0,0,1,0.0,0.0,1.0,1,-0.0,False,False,False,False,False,0,0,1,0,1,0,0,0,1,0,1
differentiated,S_0011775,1,1,1,0,0,1,0.0,0.0,1.0,1,-0.0,False,False,False,False,False,0,0,1,0,1,0,0,0,0,1,1
differentiated,S_0011806,1,1,1,0,1,0,0.0,1.0,0.0,1,-0.0,False,False,False,False,False,0,0,1,0,1,0,1,0,0,0,1
differentiated,S_0011812,1,1,1,0,1,0,0.0,1.0,0.0,1,-0.0,False,False,False,False,False,0,0,1,0,1,0,1,0,0,0,1
differentiated,S_0011845,2,2,1,0,2,0,0.0,1.0,0.0,1,-0.0,False,True,False,False,False,0,0,0,2,1,1,0,0,0,1,2
differentiated,S_0011847,2,2,1,0,2,0,0.0,1.0,0.0,1,-0.0,False,True,False,False,False,0,0,0,2,1,1,0,0,0,1,2
differentiated,S_0011853,1,1,1,0,1,0,0.0,1.0,0.0,1,-0.0,False,False,False,False,False,0,0,1,0,1,0,1,0,0,0,1
differentiated,S_0011855,1,1,1,0,1,0,0.0,1.0,0.0,1,-0.0,False,False,False,False,False,0,0,1,0,1,0,1,0,0,0,1
differentiated,S_0011866,4,4,2,2,0,2,0.5,0.0,0.5,2,0.6309297535714574,False,True,True,False,False,0,0,2,2,2,3,1,0,0,0,2
differentiated,S_0011867,10,10,4,3,4,3,0.3,0.4,0.3,3,0.9911594714322187,True,True,True,True,True,0,0,2,8,2,7,3,0,0,0,2
differentiated,S_0011871,1,1,1,0,0,1,0.0,0.0,1.0,1,-0.0,False,False,False,False,False,0,1,0,0,1,0,0,0,1,0,1
differentiated,S_0011873,1,1,1,0,0,1,0.0,0.0,1.0,1,-0.0,False,False,False,False,False,0,1,0,0,1,0,0,0,1,0,1
differentiated,S_0011876,4,4,2,2,0,2,0.5,0.0,0.5,2,0.6309297535714574,False,True,True,False,False,0,0,2,2,2,3,1,0,0,0,2
differentiated,S_0011882,1,1,1,0,1,0,0.0,1.0,0.0,1,-0.0,False,False,False,False,False,0,0,1,0,1,1,0,0,0,0,1
differentiated,S_0011883,1,1,1,0,1,0,0.0,1.0,0.0,1,-0.0,False,False,False,False,False,0,0,1,0,1,1,0,0,0,0,1
differentiated,S_0011885,1,1,1,0,1,0,0.0,1.0,0.0,1,-0.0,False,False,False,False,False,0,0,1,0,1,1,0,0,0,0,1
differentiated,S_0011886,8,8,3,2,5,1,0.25,0.625,0.125,3,0.8194483718728035,True,True,True,True,False,0,0,0,8,1,5,2,0,0,1,3
differentiated,S_0011888,2,2,1,0,2,0,0.0,1.0,0.0,1,-0.0,False,True,False,False,False,0,0,0,2,1,1,0,0,0,1,2
differentiated,S_0011892,1,1,1,0,1,0,0.0,1.0,0.0,1,-0.0,False,False,False,False,False,0,0,0,1,1,0,0,0,0,1,1
differentiated,S_0011893,1,1,1,0,1,0,0.0,1.0,0.0,1,-0.0,False,False,False,False,False,0,0,1,0,1,1,0,0,0,0,1
differentiated,S_0011896,1,1,1,0,1,0,0.0,1.0,0.0,1,-0.0,False,False,False,False,False,0,0,1,0,1,1,0,0,0,0,1
differentiated,S_0011901,3,3,2,0,1,2,0.0,0.3333333333333333,0.6666666666666666,2,0.5793801642856949,False,True,True,False,False,0,0,3,0,1,2,1,0,0,0,2
differentiated,S_0011905,3,3,2,0,1,2,0.0,0.3333333333333333,0.6666666666666666,2,0.5793801642856949,False,True,True,False,False,0,0,3,0,1,2,1,0,0,0,2
differentiated,S_0011906,3,3,2,0,1,2,0.0,0.3333333333333333,0.6666666666666666,2,0.5793801642856949,False,True,True,False,False,0,0,3,0,1,2,1,0,0,0,2
differentiated,S_0011923,2,2,1,0,0,2,0.0,0.0,1.0,1,-0.0,False,True,False,False,False,0,0,2,0,1,1,1,0,0,0,2
differentiated,S_0011941,2,2,2,1,0,1,0.5,0.0,0.5,2,0.6309297535714574,False,True,False,False,False,0,0,1,1,2,0,1,1,0,0,2
differentiated,S_0011942,2,2,2,1,0,1,0.5,0.0,0.5,2,0.6309297535714574,False,True,False,False,False,0,0,1,1,2,0,1,1,0,0,2
differentiated,S_0011948,1,1,1,0,1,0,0.0,1.0,0.0,1,-0.0,False,False,False,False,False,0,0,1,0,1,0,1,0,0,0,1
differentiated,S_0011953,1,1,1,0,1,0,0.0,1.0,0.0,1,-0.0,False,False,False,False,False,0,0,1,0,1,0,0,0,0,1,1
differentiated,S_0011965,3,3,3,1,2,0,0.3333333333333333,0.6666666666666666,0.0,2,0.5793801642856949,False,True,True,False,False,0,0,0,3,1,2,0,0,0,1,2
differentiated,S_0011968,4,4,4,1,2,1,0.25,0.5,0.25,3,0.946394630357186,False,True,True,False,False,0,0,1,3,2,3,0,0,0,1,2
differentiated,S_0011969,1,1,1,0,1,0,0.0,1.0,0.0,1,-0.0,False,False,False,False,False,0,0,1,0,1,0,0,0,0,1,1
differentiated,S_0011970,1,1,1,0,1,0,0.0,1.0,0.0,1,-0.0,False,False,False,False,False,0,0,1,0,1,0,0,0,0,1,1
differentiated,S_0011971,2,2,2,0,2,0,0.0,1.0,0.0,1,-0.0,False,True,False,False,False,0,1,1,0,2,0,0,0,0,2,1
differentiated,S_0011972,4,4,4,1,2,1,0.25,0.5,0.25,3,0.946394630357186,False,True,True,False,False,0,0,1,3,2,3,0,0,0,1,2
differentiated,S_0011973,2,2,2,0,2,0,0.0,1.0,0.0,1,-0.0,False,True,False,False,False,0,1,1,0,2,0,0,0,0,2,1
differentiated,S_0011976,1,1,1,0,0,1,0.0,0.0,1.0,1,-0.0,False,False,False,False,False,0,0,1,0,1,1,0,0,0,0,1
differentiated,S_0011988,1,1,1,0,1,0,0.0,1.0,0.0,1,-0.0,False,False,False,False,False,0,1,0,0,1,1,0,0,0,0,1
differentiated,S_0011992,6,6,4,0,6,0,0.0,1.0,0.0,1,-0.0,True,True,True,True,False,0,0,2,4,2,3,0,1,2,0,3
differentiated,S_0012173,2,2,1,1,0,1,0.5,0.0,0.5,2,0.6309297535714574,False,True,False,False,False,0,0,2,0,1,0,0,1,1,0,2
differentiated,S_0012174,2,2,1,1,0,1,0.5,0.0,0.5,2,0.6309297535714574,False,True,False,False,False,0,0,2,0,1,0,0,1,1,0,2
differentiated,S_0012176,2,2,2,0,2,0,0.0,1.0,0.0,1,-0.0,False,True,False,False,False,0,1,1,0,2,1,0,0,1,0,2
differentiated,S_0012242,1,1,1,0,1,0,0.0,1.0,0.0,1,-0.0,False,False,False,False,False,0,0,1,0,1,1,0,0,0,0,1
differentiated,S_0012245,1,1,1,0,1,0,0.0,1.0,0.0,1,-0.0,False,False,False,False,False,0,0,1,0,1,1,0,0,0,0,1
differentiated,S_0012248,1,1,1,0,1,0,0.0,1.0,0.0,1,-0.0,False,False,False,False,False,0,0,1,0,1,1,0,0,0,0,1
differentiated,S_0012260,1,1,1,1,0,0,1.0,0.0,0.0,1,-0.0,False,False,False,False,False,0,0,0,1,1,1,0,0,0,0,1
differentiated,S_0012271,1,1,1,1,0,0,1.0,0.0,0.0,1,-0.0,False,False,False,False,False,0,0,0,1,1,0,1,0,0,0,1
differentiated,S_0012272,1,1,1,0,1,0,0.0,1.0,0.0,1,-0.0,False,False,False,False,False,0,0,0,1,1,0,0,1,0,0,1
differentiated,S_0012273,1,1,1,0,1,0,0.0,1.0,0.0,1,-0.0,False,False,False,False,False,0,1,0,0,1,0,0,0,1,0,1
differentiated,S_0012276,1,1,1,0,0,1,0.0,0.0,1.0,1,-0.0,False,False,False,False,False,0,1,0,0,1,0,0,0,1,0,1
differentiated,S_0012277,2,2,2,0,2,0,0.0,1.0,0.0,1,-0.0,False,True,False,False,False,0,0,1,1,2,0,0,0,2,0,1
differentiated,S_0012278,2,2,2,0,2,0,0.0,1.0,0.0,1,-0.0,False,True,False,False,False,0,0,1,1,2,0,1,0,1,0,2
differentiated,S_0012318,1,1,1,1,0,0,1.0,0.0,0.0,1,-0.0,False,False,False,False,False,0,0,0,1,1,0,0,0,1,0,1
differentiated,S_0012323,1,1,1,1,0,0,1.0,0.0,0.0,1,-0.0,False,False,False,False,False,0,0,0,1,1,0,0,0,1,0,1
differentiated,S_0012324,1,1,1,1,0,0,1.0,0.0,0.0,1,-0.0,False,False,False,False,False,0,0,0,1,1,0,0,0,1,0,1
differentiated,S_0012363,2,2,2,0,2,0,0.0,1.0,0.0,1,-0.0,False,True,False,False,False,0,0,0,2,1,1,0,0,1,0,2
differentiated,S_0012369,1,1,1,0,1,0,0.0,1.0,0.0,1,-0.0,False,False,False,False,False,0,0,1,0,1,1,0,0,0,0,1
differentiated,S_0012429,1,1,1,1,0,0,1.0,0.0,0.0,1,-0.0,False,False,False,False,False,0,0,1,0,1,0,0,1,0,0,1
differentiated,S_0012430,1,1,1,1,0,0,1.0,0.0,0.0,1,-0.0,False,False,False,False,False,0,0,1,0,1,0,0,1,0,0,1
differentiated,S_0012431,1,1,1,1,0,0,1.0,0.0,0.0,1,-0.0,False,False,False,False,False,0,0,1,0,1,0,0,1,0,0,1
differentiated,S_0012439,3,3,2,1,1,1,0.3333333333333333,0.3333333333333333,0.3333333333333333,3,0.9999999999999998,False,True,True,False,False,0,0,3,0,1,0,0,2,1,0,2
differentiated,S_0012445,3,3,2,0,3,0,0.0,1.0,0.0,1,-0.0,False,True,True,False,False,0,0,0,3,1,1,0,1,1,0,3
differentiated,S_0012447,1,1,1,0,1,0,0.0,1.0,0.0,1,-0.0,False,False,False,False,False,0,0,0,1,1,0,0,1,0,0,1
differentiated,S_0012450,2,2,2,0,2,0,0.0,1.0,0.0,1,-0.0,False,True,False,False,False,0,1,1,0,2,1,0,0,1,0,2
differentiated,S_0012451,2,2,2,0,2,0,0.0,1.0,0.0,1,-0.0,False,True,False,False,False,0,1,1,0,2,1,0,0,1,0,2
differentiated,S_0012452,3,3,3,0,3,0,0.0,1.0,0.0,1,-0.0,False,True,True,False,False,0,1,1,1,3,1,0,1,1,0,3
differentiated,S_0012483,1,1,1,0,1,0,0.0,1.0,0.0,1,-0.0,False,False,False,False,False,0,1,0,0,1,0,0,0,1,0,1
differentiated,S_0012484,1,1,1,0,1,0,0.0,1.0,0.0,1,-0.0,False,False,False,False,False,0,1,0,0,1,0,0,0,1,0,1
differentiated,S_0012488,1,1,1,0,0,1,0.0,0.0,1.0,1,-0.0,False,False,False,False,False,0,0,1,0,1,0,0,0,1,0,1
differentiated,S_0012490,1,1,1,0,1,0,0.0,1.0,0.0,1,-0.0,False,False,False,False,False,0,1,0,0,1,0,0,0,1,0,1
differentiated,S_0012491,1,1,1,0,1,0,0.0,1.0,0.0,1,-0.0,False,False,False,False,False,0,1,0,0,1,0,0,0,1,0,1
differentiated,S_0012492,2,2,1,0,2,0,0.0,1.0,0.0,1,-0.0,False,True,False,False,False,0,0,2,0,1,2,0,0,0,0,1
differentiated,S_0012495,1,1,1,0,0,1,0.0,0.0,1.0,1,-0.0,False,False,False,False,False,0,0,1,0,1,0,0,0,1,0,1
differentiated,S_0012500,3,3,2,0,2,1,0.0,0.6666666666666666,0.3333333333333333,2,0.5793801642856949,False,True,True,False,False,0,0,3,0,1,2,0,0,1,0,2
differentiated,S_0012501,3,3,2,0,2,1,0.0,0.6666666666666666,0.3333333333333333,2,0.5793801642856949,False,True,True,False,False,0,0,3,0,1,2,0,0,1,0,2
differentiated,S_0012502,1,1,1,0,1,0,0.0,1.0,0.0,1,-0.0,False,False,False,False,False,0,1,0,0,1,0,0,0,1,0,1
differentiated,S_0012505,1,1,1,0,0,1,0.0,0.0,1.0,1,-0.0,False,False,False,False,False,0,0,1,0,1,0,0,0,1,0,1
differentiated,S_0012513,2,2,2,0,1,1,0.0,0.5,0.5,2,0.6309297535714574,False,True,False,False,False,0,0,1,1,2,0,0,0,2,0,1
differentiated,S_0012514,1,1,1,0,0,1,0.0,0.0,1.0,1,-0.0,False,False,False,False,False,0,0,1,0,1,0,0,0,1,0,1
differentiated,S_0012525,1,1,1,0,1,0,0.0,1.0,0.0,1,-0.0,False,False,False,False,False,0,0,1,0,1,1,0,0,0,0,1
differentiated,S_0012535,1,1,1,0,1,0,0.0,1.0,0.0,1,-0.0,False,False,False,False,False,0,0,1,0,1,1,0,0,0,0,1
differentiated,S_0012575,2,2,2,0,2,0,0.0,1.0,0.0,1,-0.0,False,True,False,False,False,0,1,1,0,2,0,0,0,0,2,1
differentiated,S_0012578,2,2,2,0,2,0,0.0,1.0,0.0,1,-0.0,False,True,False,False,False,0,1,1,0,2,0,0,0,0,2,1
differentiated,S_0012579,2,2,1,0,2,0,0.0,1.0,0.0,1,-0.0,False,True,False,False,False,0,0,2,0,1,1,1,0,0,0,2
differentiated,S_0012581,2,2,1,0,2,0,0.0,1.0,0.0,1,-0.0,False,True,False,False,False,0,0,2,0,1,1,1,0,0,0,2
differentiated,S_0012582,2,2,1,0,2,0,0.0,1.0,0.0,1,-0.0,False,True,False,False,False,0,0,2,0,1,1,1,0,0,0,2
differentiated,S_0012589,2,2,2,0,2,0,0.0,1.0,0.0,1,-0.0,False,True,False,False,False,0,1,1,0,2,0,0,0,1,1,2
differentiated,S_0012590,2,2,2,0,2,0,0.0,1.0,0.0,1,-0.0,False,True,False,False,False,0,1,1,0,2,0,0,0,1,1,2
differentiated,S_0012591,3,3,1,0,3,0,0.0,1.0,0.0,1,-0.0,False,True,True,False,False,0,0,3,0,1,1,1,0,0,1,3
differentiated,S_0012592,3,3,1,0,3,0,0.0,1.0,0.0,1,-0.0,False,True,True,False,False,0,0,3,0,1,1,1,0,0,1,3
differentiated,S_0012595,2,2,2,0,2,0,0.0,1.0,0.0,1,-0.0,False,True,False,False,False,0,1,1,0,2,0,0,0,1,1,2
differentiated,S_0012596,2,2,2,2,0,0,1.0,0.0,0.0,1,-0.0,False,True,False,False,False,0,0,0,2,1,2,0,0,0,0,1
differentiated,S_0012597,8,8,6,2,4,2,0.25,0.5,0.25,3,0.946394630357186,True,True,True,True,False,0,1,3,4,3,3,1,0,3,1,4
differentiated,S_0012599,3,3,2,0,2,1,0.0,0.6666666666666666,0.3333333333333333,2,0.5793801642856949,False,True,True,False,False,0,1,2,0,2,1,0,0,1,1,3
differentiated,S_0012600,3,3,2,0,2,1,0.0,0.6666666666666666,0.3333333333333333,2,0.5793801642856949,False,True,True,False,False,0,1,2,0,2,1,0,0,1,1,3
differentiated,S_0012601,4,4,4,2,2,0,0.5,0.5,0.0,2,0.6309297535714574,False,True,True,False,False,0,0,1,3,2,3,1,0,0,0,2
differentiated,S_0012602,4,4,4,2,2,0,0.5,0.5,0.0,2,0.6309297535714574,False,True,True,False,False,0,0,1,3,2,3,1,0,0,0,2
differentiated,S_0012615,1,1,1,0,0,1,0.0,0.0,1.0,1,-0.0,False,False,False,False,False,0,0,1,0,1,1,0,0,0,0,1
differentiated,S_0012620,2,2,1,2,0,0,1.0,0.0,0.0,1,-0.0,False,True,False,False,False,0,0,0,2,1,2,0,0,0,0,1
differentiated,S_0012623,1,1,1,0,1,0,0.0,1.0,0.0,1,-0.0,False,False,False,False,False,0,0,1,0,1,1,0,0,0,0,1
differentiated,S_0012632,1,1,1,0,1,0,0.0,1.0,0.0,1,-0.0,False,False,False,False,False,0,0,1,0,1,1,0,0,0,0,1
differentiated,S_0012633,2,2,2,1,1,0,0.5,0.5,0.0,2,0.6309297535714574,False,True,False,False,False,0,0,1,1,2,1,1,0,0,0,2
differentiated,S_0012634,1,1,1,1,0,0,1.0,0.0,0.0,1,-0.0,False,False,False,False,False,0,0,0,1,1,0,1,0,0,0,1
differentiated,S_0012635,1,1,1,1,0,0,1.0,0.0,0.0,1,-0.0,False,False,False,False,False,0,0,0,1,1,0,1,0,0,0,1
differentiated,S_0012655,1,1,1,0,1,0,0.0,1.0,0.0,1,-0.0,False,False,False,False,False,0,0,1,0,1,0,0,0,0,1,1
differentiated,S_0012656,1,1,1,0,1,0,0.0,1.0,0.0,1,-0.0,False,False,False,False,False,0,0,1,0,1,0,0,0,0,1,1
differentiated,S_0012688,1,1,1,0,1,0,0.0,1.0,0.0,1,-0.0,False,False,False,False,False,0,0,1,0,1,0,0,0,1,0,1
differentiated,S_0012689,2,2,1,0,2,0,0.0,1.0,0.0,1,-0.0,False,True,False,False,False,0,0,2,0,1,1,0,0,1,0,2
differentiated,S_0012692,2,2,1,0,2,0,0.0,1.0,0.0,1,-0.0,False,True,False,False,False,0,0,2,0,1,1,0,0,1,0,2
differentiated,S_0012693,2,2,1,0,2,0,0.0,1.0,0.0,1,-0.0,False,True,False,False,False,0,0,2,0,1,1,0,0,1,0,2
differentiated,S_0012703,2,2,1,0,2,0,0.0,1.0,0.0,1,-0.0,False,True,False,False,False,0,0,2,0,1,1,0,0,1,0,2
differentiated,S_0012708,2,2,1,0,2,0,0.0,1.0,0.0,1,-0.0,False,True,False,False,False,0,0,2,0,1,1,0,0,1,0,2
differentiated,S_0012716,2,2,1,1,1,0,0.5,0.5,0.0,2,0.6309297535714574,False,True,False,False,False,0,0,2,0,1,2,0,0,0,0,1
differentiated,S_0012721,2,2,1,1,1,0,0.5,0.5,0.0,2,0.6309297535714574,False,True,False,False,False,0,0,2,0,1,2,0,0,0,0,1
differentiated,S_0012723,2,2,1,1,1,0,0.5,0.5,0.0,2,0.6309297535714574,False,True,False,False,False,0,0,2,0,1,2,0,0,0,0,1
differentiated,S_0012734,3,3,3,0,2,1,0.0,0.6666666666666666,0.3333333333333333,2,0.5793801642856949,False,True,True,False,False,0,1,1,1,3,1,0,0,1,1,3
differentiated,S_0012735,4,3,4,0,2,1,0.0,0.6666666666666666,0.3333333333333333,2,0.5793801642856949,False,True,True,False,False,0,1,1,1,3,1,0,0,1,1,3
differentiated,S_0012737,3,3,3,0,2,1,0.0,0.6666666666666666,0.3333333333333333,2,0.5793801642856949,False,True,True,False,False,0,1,1,1,3,1,0,0,1,1,3
differentiated,S_0012738,2,2,1,0,2,0,0.0,1.0,0.0,1,-0.0,False,True,False,False,False,0,0,2,0,1,2,0,0,0,0,1
differentiated,S_0012742,2,2,1,0,2,0,0.0,1.0,0.0,1,-0.0,False,True,False,False,False,0,0,2,0,1,2,0,0,0,0,1
differentiated,S_0012748,1,1,1,1,0,0,1.0,0.0,0.0,1,-0.0,False,False,False,False,False,0,0,1,0,1,0,0,1,0,0,1
differentiated,S_0012793,1,1,1,0,1,0,0.0,1.0,0.0,1,-0.0,False,False,False,False,False,0,0,0,1,1,0,0,0,0,1,1
differentiated,S_0012795,1,1,1,0,1,0,0.0,1.0,0.0,1,-0.0,False,False,False,False,False,0,0,0,1,1,0,0,0,0,1,1
differentiated,S_0012810,1,1,1,0,1,0,0.0,1.0,0.0,1,-0.0,False,False,False,False,False,0,0,0,1,1,0,0,0,1,0,1
differentiated,S_0012812,1,1,1,0,1,0,0.0,1.0,0.0,1,-0.0,False,False,False,False,False,0,0,1,0,1,1,0,0,0,0,1
differentiated,S_0012856,2,2,1,0,2,0,0.0,1.0,0.0,1,-0.0,False,True,False,False,False,0,0,2,0,1,2,0,0,0,0,1
differentiated,S_0012857,2,2,1,0,2,0,0.0,1.0,0.0,1,-0.0,False,True,False,False,False,0,0,2,0,1,2,0,0,0,0,1
differentiated,S_0012860,2,2,2,0,2,0,0.0,1.0,0.0,1,-0.0,False,True,False,False,False,0,0,1,1,2,0,0,0,2,0,1
differentiated,S_0012861,1,1,1,0,1,0,0.0,1.0,0.0,1,-0.0,False,False,False,False,False,0,0,1,0,1,0,0,0,1,0,1
differentiated,S_0012862,1,1,1,1,0,0,1.0,0.0,0.0,1,-0.0,False,False,False,False,False,0,0,0,1,1,0,0,0,1,0,1
differentiated,S_0012863,1,1,1,0,0,1,0.0,0.0,1.0,1,-0.0,False,False,False,False,False,0,0,1,0,1,0,0,0,1,0,1
differentiated,S_0012898,3,2,3,1,1,0,0.5,0.5,0.0,2,0.6309297535714574,False,True,False,False,False,0,0,1,1,2,1,0,0,1,0,2
differentiated,S_0012912,3,2,3,1,1,0,0.5,0.5,0.0,2,0.6309297535714574,False,True,False,False,False,0,0,1,1,2,1,0,0,1,0,2
differentiated,S_0012917,2,2,1,0,2,0,0.0,1.0,0.0,1,-0.0,False,True,False,False,False,0,0,2,0,1,2,0,0,0,0,1
differentiated,S_0012927,1,1,1,0,0,1,0.0,0.0,1.0,1,-0.0,False,False,False,False,False,0,0,1,0,1,0,1,0,0,0,1
differentiated,S_0012928,1,1,1,0,0,1,0.0,0.0,1.0,1,-0.0,False,False,False,False,False,0,0,1,0,1,0,1,0,0,0,1
differentiated,S_0012975,2,1,2,1,0,0,1.0,0.0,0.0,1,-0.0,False,False,False,False,False,0,0,0,1,1,0,0,0,1,0,1
differentiated,S_0012987,1,1,1,0,1,0,0.0,1.0,0.0,1,-0.0,False,False,False,False,False,0,0,0,1,1,0,0,0,1,0,1
differentiated,S_0012988,1,1,1,0,1,0,0.0,1.0,0.0,1,-0.0,False,False,False,False,False,0,0,1,0,1,0,0,0,1,0,1
differentiated,S_0013021,1,1,1,1,0,0,1.0,0.0,0.0,1,-0.0,False,False,False,False,False,0,0,0,1,1,0,1,0,0,0,1
differentiated,S_0013022,1,1,1,1,0,0,1.0,0.0,0.0,1,-0.0,False,False,False,False,False,0,0,0,1,1,0,1,0,0,0,1
differentiated,S_0013024,1,1,1,0,0,1,0.0,0.0,1.0,1,-0.0,False,False,False,False,False,0,0,1,0,1,0,0,1,0,0,1
differentiated,S_0013028,2,2,2,0,2,0,0.0,1.0,0.0,1,-0.0,False,True,False,False,False,0,1,1,0,2,0,0,0,2,0,1
differentiated,S_0013030,2,2,2,0,2,0,0.0,1.0,0.0,1,-0.0,False,True,False,False,False,0,1,1,0,2,0,0,0,2,0,1
differentiated,S_0013031,2,2,2,0,2,0,0.0,1.0,0.0,1,-0.0,False,True,False,False,False,0,1,1,0,2,0,0,0,2,0,1
differentiated,S_0013049,1,1,1,0,1,0,0.0,1.0,0.0,1,-0.0,False,False,False,False,False,0,0,1,0,1,0,0,0,0,1,1
differentiated,S_0013050,1,1,1,0,1,0,0.0,1.0,0.0,1,-0.0,False,False,False,False,False,0,0,1,0,1,0,0,0,0,1,1
differentiated,S_0013054,1,1,1,0,1,0,0.0,1.0,0.0,1,-0.0,False,False,False,False,False,0,0,1,0,1,1,0,0,0,0,1
differentiated,S_0013055,1,1,1,0,1,0,0.0,1.0,0.0,1,-0.0,False,False,False,False,False,0,0,1,0,1,1,0,0,0,0,1
differentiated,S_0013059,1,1,1,1,0,0,1.0,0.0,0.0,1,-0.0,False,False,False,False,False,0,0,0,1,1,0,0,0,1,0,1
differentiated,S_0013060,1,1,1,1,0,0,1.0,0.0,0.0,1,-0.0,False,False,False,False,False,0,0,0,1,1,0,0,0,1,0,1
differentiated,S_0013073,1,1,1,1,0,0,1.0,0.0,0.0,1,-0.0,False,False,False,False,False,0,0,0,1,1,1,0,0,0,0,1
differentiated,S_0013118,6,3,2,1,2,0,0.3333333333333333,0.6666666666666666,0.0,2,0.5793801642856949,False,True,True,False,False,0,0,0,3,1,0,1,2,0,0,2
differentiated,S_0013119,3,3,1,1,2,0,0.3333333333333333,0.6666666666666666,0.0,2,0.5793801642856949,False,True,True,False,False,0,0,0,3,1,0,1,2,0,0,2
differentiated,S_0013137,2,2,1,0,2,0,0.0,1.0,0.0,1,-0.0,False,True,False,False,False,0,0,2,0,1,1,0,0,1,0,2
differentiated,S_0013143,1,1,1,0,0,1,0.0,0.0,1.0,1,-0.0,False,False,False,False,False,0,0,1,0,1,0,0,0,0,1,1
differentiated,S_0013163,5,5,2,1,4,0,0.2,0.8,0.0,2,0.4554859150035952,True,True,True,True,False,0,0,2,3,2,1,0,1,2,1,4
differentiated,S_0013164,5,5,2,1,4,0,0.2,0.8,0.0,2,0.4554859150035952,True,True,True,True,False,0,0,2,3,2,1,0,1,2,1,4
differentiated,S_0013182,1,1,1,0,0,1,0.0,0.0,1.0,1,-0.0,False,False,False,False,False,0,0,1,0,1,0,0,0,0,1,1
differentiated,S_0013184,1,1,1,0,0,1,0.0,0.0,1.0,1,-0.0,False,False,False,False,False,0,0,1,0,1,0,0,0,0,1,1
differentiated,S_0013192,3,3,2,0,2,1,0.0,0.6666666666666666,0.3333333333333333,2,0.5793801642856949,False,True,True,False,False,0,0,3,0,1,1,0,0,1,1,3
differentiated,S_0013193,3,3,1,1,2,0,0.3333333333333333,0.6666666666666666,0.0,2,0.5793801642856949,False,True,True,False,False,0,0,0,3,1,0,0,1,1,1,3
differentiated,S_0013194,3,3,1,1,2,0,0.3333333333333333,0.6666666666666666,0.0,2,0.5793801642856949,False,True,True,False,False,0,0,0,3,1,0,0,1,1,1,3
differentiated,S_0013231,2,2,2,1,1,0,0.5,0.5,0.0,2,0.6309297535714574,False,True,False,False,False,0,0,0,2,1,1,0,0,0,1,2
differentiated,S_0013249,5,5,2,1,4,0,0.2,0.8,0.0,2,0.4554859150035952,True,True,True,True,False,0,0,2,3,2,1,0,1,2,1,4
differentiated,S_0013250,5,5,2,1,4,0,0.2,0.8,0.0,2,0.4554859150035952,True,True,True,True,False,0,0,2,3,2,1,0,1,2,1,4
differentiated,S_0013254,1,1,1,0,1,0,0.0,1.0,0.0,1,-0.0,False,False,False,False,False,0,0,1,0,1,1,0,0,0,0,1
differentiated,S_0013263,1,1,1,0,1,0,0.0,1.0,0.0,1,-0.0,False,False,False,False,False,0,0,0,1,1,0,0,0,0,1,1
differentiated,S_0013297,1,1,1,0,1,0,0.0,1.0,0.0,1,-0.0,False,False,False,False,False,0,0,1,0,1,1,0,0,0,0,1
differentiated,S_0013298,1,1,1,0,1,0,0.0,1.0,0.0,1,-0.0,False,False,False,False,False,0,0,1,0,1,1,0,0,0,0,1
differentiated,S_0013300,1,1,1,0,1,0,0.0,1.0,0.0,1,-0.0,False,False,False,False,False,0,0,1,0,1,1,0,0,0,0,1
differentiated,S_0013301,1,1,1,0,1,0,0.0,1.0,0.0,1,-0.0,False,False,False,False,False,0,0,1,0,1,1,0,0,0,0,1
differentiated,S_0013302,1,1,1,0,1,0,0.0,1.0,0.0,1,-0.0,False,False,False,False,False,0,0,1,0,1,1,0,0,0,0,1
differentiated,S_0013304,1,1,1,0,1,0,0.0,1.0,0.0,1,-0.0,False,False,False,False,False,0,0,1,0,1,1,0,0,0,0,1
differentiated,S_0013307,1,1,1,0,1,0,0.0,1.0,0.0,1,-0.0,False,False,False,False,False,0,0,0,1,1,0,0,0,0,1,1
differentiated,S_0013308,1,1,1,0,1,0,0.0,1.0,0.0,1,-0.0,False,False,False,False,False,0,0,0,1,1,0,0,0,0,1,1
differentiated,S_0013309,1,1,1,0,1,0,0.0,1.0,0.0,1,-0.0,False,False,False,False,False,0,0,0,1,1,0,0,0,0,1,1
differentiated,S_0013311,1,1,1,0,1,0,0.0,1.0,0.0,1,-0.0,False,False,False,False,False,0,0,0,1,1,0,0,0,0,1,1
differentiated,S_0013312,1,1,1,0,1,0,0.0,1.0,0.0,1,-0.0,False,False,False,False,False,0,0,0,1,1,0,0,0,0,1,1
differentiated,S_0013313,1,1,1,0,1,0,0.0,1.0,0.0,1,-0.0,False,False,False,False,False,0,0,1,0,1,1,0,0,0,0,1
differentiated,S_0013318,1,1,1,0,1,0,0.0,1.0,0.0,1,-0.0,False,False,False,False,False,0,0,1,0,1,1,0,0,0,0,1
differentiated,S_0013327,1,1,1,0,1,0,0.0,1.0,0.0,1,-0.0,False,False,False,False,False,0,1,0,0,1,0,0,0,1,0,1
differentiated,S_0013330,1,1,1,0,0,1,0.0,0.0,1.0,1,-0.0,False,False,False,False,False,0,0,1,0,1,1,0,0,0,0,1
differentiated,S_0013333,1,1,1,0,0,1,0.0,0.0,1.0,1,-0.0,False,False,False,False,False,0,0,1,0,1,1,0,0,0,0,1
differentiated,S_0013381,1,1,1,1,0,0,1.0,0.0,0.0,1,-0.0,False,False,False,False,False,0,0,0,1,1,0,0,0,1,0,1
differentiated,S_0013383,1,1,1,1,0,0,1.0,0.0,0.0,1,-0.0,False,False,False,False,False,0,0,0,1,1,0,0,0,1,0,1
differentiated,S_0013386,1,1,1,1,0,0,1.0,0.0,0.0,1,-0.0,False,False,False,False,False,0,0,0,1,1,0,0,0,1,0,1
differentiated,S_0013432,1,1,1,0,1,0,0.0,1.0,0.0,1,-0.0,False,False,False,False,False,0,0,0,1,1,0,0,0,0,1,1
differentiated,S_0013433,1,1,1,0,1,0,0.0,1.0,0.0,1,-0.0,False,False,False,False,False,0,0,0,1,1,0,0,0,0,1,1
differentiated,S_0013450,1,1,1,0,1,0,0.0,1.0,0.0,1,-0.0,False,False,False,False,False,0,0,0,1,1,0,0,0,0,1,1
differentiated,S_0013454,1,1,1,0,1,0,0.0,1.0,0.0,1,-0.0,False,False,False,False,False,0,0,0,1,1,0,0,0,0,1,1
differentiated,S_0013458,1,1,1,0,1,0,0.0,1.0,0.0,1,-0.0,False,False,False,False,False,0,0,0,1,1,0,0,0,0,1,1
differentiated,S_0013459,1,1,1,0,1,0,0.0,1.0,0.0,1,-0.0,False,False,False,False,False,0,0,0,1,1,0,0,0,0,1,1
differentiated,S_0013463,1,1,1,1,0,0,1.0,0.0,0.0,1,-0.0,False,False,False,False,False,0,0,0,1,1,1,0,0,0,0,1
differentiated,S_0013464,1,1,1,1,0,0,1.0,0.0,0.0,1,-0.0,False,False,False,False,False,0,0,0,1,1,1,0,0,0,0,1
differentiated,S_0013466,1,1,1,1,0,0,1.0,0.0,0.0,1,-0.0,False,False,False,False,False,0,0,0,1,1,1,0,0,0,0,1
differentiated,S_0013481,2,2,2,0,2,0,0.0,1.0,0.0,1,-0.0,False,True,False,False,False,0,0,0,2,1,1,0,0,0,1,2
differentiated,S_0013485,1,1,1,0,1,0,0.0,1.0,0.0,1,-0.0,False,False,False,False,False,0,1,0,0,1,1,0,0,0,0,1
differentiated,S_0013487,1,1,1,0,1,0,0.0,1.0,0.0,1,-0.0,False,False,False,False,False,0,1,0,0,1,1,0,0,0,0,1
differentiated,S_0013493,1,1,1,0,1,0,0.0,1.0,0.0,1,-0.0,False,False,False,False,False,0,0,1,0,1,1,0,0,0,0,1
differentiated,S_0013494,1,1,1,0,1,0,0.0,1.0,0.0,1,-0.0,False,False,False,False,False,0,0,1,0,1,1,0,0,0,0,1
differentiated,S_0013495,2,2,1,0,2,0,0.0,1.0,0.0,1,-0.0,False,True,False,False,False,0,0,2,0,1,2,0,0,0,0,1
differentiated,S_0013534,1,1,1,0,0,1,0.0,0.0,1.0,1,-0.0,False,False,False,False,False,0,1,0,0,1,0,0,0,1,0,1
differentiated,S_0013535,1,1,1,0,0,1,0.0,0.0,1.0,1,-0.0,False,False,False,False,False,0,1,0,0,1,0,0,0,1,0,1
differentiated,S_0013537,2,2,1,0,0,2,0.0,0.0,1.0,1,-0.0,False,True,False,False,False,0,0,2,0,1,1,1,0,0,0,2
differentiated,S_0013547,1,1,1,0,0,1,0.0,0.0,1.0,1,-0.0,False,False,False,False,False,0,0,1,0,1,0,0,1,0,0,1
differentiated,S_0013581,3,3,2,0,3,0,0.0,1.0,0.0,1,-0.0,False,True,True,False,False,0,0,3,0,1,1,0,0,0,2,2
differentiated,S_0013582,3,3,2,0,3,0,0.0,1.0,0.0,1,-0.0,False,True,True,False,False,0,0,3,0,1,1,0,0,0,2,2
differentiated,S_0013616,2,2,2,1,1,0,0.5,0.5,0.0,2,0.6309297535714574,False,True,False,False,False,0,0,0,2,1,2,0,0,0,0,1
differentiated,S_0013617,2,2,2,1,1,0,0.5,0.5,0.0,2,0.6309297535714574,False,True,False,False,False,0,0,0,2,1,2,0,0,0,0,1
differentiated,S_0013620,4,2,4,1,1,0,0.5,0.5,0.0,2,0.6309297535714574,False,True,False,False,False,0,0,0,2,1,2,0,0,0,0,1
differentiated,S_0013625,2,2,2,1,1,0,0.5,0.5,0.0,2,0.6309297535714574,False,True,False,False,False,0,0,0,2,1,2,0,0,0,0,1
differentiated,S_0013627,2,2,2,1,1,0,0.5,0.5,0.0,2,0.6309297535714574,False,True,False,False,False,0,0,0,2,1,2,0,0,0,0,1
differentiated,S_0013673,1,1,1,0,1,0,0.0,1.0,0.0,1,-0.0,False,False,False,False,False,0,0,1,0,1,1,0,0,0,0,1
differentiated,S_0013678,1,1,1,0,1,0,0.0,1.0,0.0,1,-0.0,False,False,False,False,False,0,0,1,0,1,0,0,0,0,1,1
differentiated,S_0013680,1,1,1,0,1,0,0.0,1.0,0.0,1,-0.0,False,False,False,False,False,0,0,1,0,1,0,1,0,0,0,1
differentiated,S_0013709,3,3,1,0,3,0,0.0,1.0,0.0,1,-0.0,False,True,True,False,False,0,0,3,0,1,1,1,0,0,1,3
differentiated,S_0013722,1,1,1,1,0,0,1.0,0.0,0.0,1,-0.0,False,False,False,False,False,0,0,1,0,1,0,0,0,0,1,1
differentiated,S_0013723,2,1,2,1,0,0,1.0,0.0,0.0,1,-0.0,False,False,False,False,False,0,0,0,1,1,1,0,0,0,0,1
differentiated,S_0013763,1,1,1,0,1,0,0.0,1.0,0.0,1,-0.0,False,False,False,False,False,0,0,1,0,1,0,0,1,0,0,1
differentiated,S_0013780,1,1,1,1,0,0,1.0,0.0,0.0,1,-0.0,False,False,False,False,False,0,0,1,0,1,0,0,0,0,1,1
differentiated,S_0013782,1,1,1,1,0,0,1.0,0.0,0.0,1,-0.0,False,False,False,False,False,0,0,1,0,1,0,0,0,0,1,1
differentiated,S_0013783,1,1,1,1,0,0,1.0,0.0,0.0,1,-0.0,False,False,False,False,False,0,0,1,0,1,0,0,0,0,1,1
differentiated,S_0013785,2,2,1,0,2,0,0.0,1.0,0.0,1,-0.0,False,True,False,False,False,0,0,2,0,1,1,0,0,1,0,2
differentiated,S_0013786,2,2,1,0,2,0,0.0,1.0,0.0,1,-0.0,False,True,False,False,False,0,0,2,0,1,1,0,0,1,0,2
differentiated,S_0013791,1,1,1,1,0,0,1.0,0.0,0.0,1,-0.0,False,False,False,False,False,0,0,1,0,1,0,0,0,0,1,1
differentiated,S_0013860,1,1,1,0,1,0,0.0,1.0,0.0,1,-0.0,False,False,False,False,False,0,1,0,0,1,0,0,0,1,0,1
differentiated,S_0013861,1,1,1,0,1,0,0.0,1.0,0.0,1,-0.0,False,False,False,False,False,0,1,0,0,1,0,0,0,1,0,1
differentiated,S_0013862,1,1,1,0,1,0,0.0,1.0,0.0,1,-0.0,False,False,False,False,False,0,1,0,0,1,0,0,0,1,0,1
differentiated,S_0013867,1,1,1,0,1,0,0.0,1.0,0.0,1,-0.0,False,False,False,False,False,0,1,0,0,1,0,0,0,1,0,1
differentiated,S_0013880,1,1,1,1,0,0,1.0,0.0,0.0,1,-0.0,False,False,False,False,False,0,0,0,1,1,1,0,0,0,0,1
differentiated,S_0013885,1,1,1,0,1,0,0.0,1.0,0.0,1,-0.0,False,False,False,False,False,0,0,1,0,1,0,0,0,0,1,1
differentiated,S_0013904,1,1,1,0,1,0,0.0,1.0,0.0,1,-0.0,False,False,False,False,False,0,0,0,1,1,1,0,0,0,0,1
differentiated,S_0013909,1,1,1,0,1,0,0.0,1.0,0.0,1,-0.0,False,False,False,False,False,0,0,1,0,1,0,1,0,0,0,1
differentiated,S_0013910,1,1,1,0,1,0,0.0,1.0,0.0,1,-0.0,False,False,False,False,False,0,0,1,0,1,0,1,0,0,0,1
differentiated,S_0013933,3,3,1,1,2,0,0.3333333333333333,0.6666666666666666,0.0,2,0.5793801642856949,False,True,True,False,False,0,0,0,3,1,0,0,1,1,1,3
differentiated,S_0013939,3,3,1,1,2,0,0.3333333333333333,0.6666666666666666,0.0,2,0.5793801642856949,False,True,True,False,False,0,0,0,3,1,0,0,1,1,1,3
differentiated,S_0013942,1,1,1,0,1,0,0.0,1.0,0.0,1,-0.0,False,False,False,False,False,0,1,0,0,1,1,0,0,0,0,1
differentiated,S_0013948,1,1,1,0,0,1,0.0,0.0,1.0,1,-0.0,False,False,False,False,False,0,0,1,0,1,0,0,1,0,0,1
differentiated,S_0013949,1,1,1,0,0,1,0.0,0.0,1.0,1,-0.0,False,False,False,False,False,0,0,1,0,1,0,0,1,0,0,1
differentiated,S_0013952,1,1,1,0,1,0,0.0,1.0,0.0,1,-0.0,False,False,False,False,False,0,0,1,0,1,1,0,0,0,0,1
differentiated,S_0013953,1,1,1,0,1,0,0.0,1.0,0.0,1,-0.0,False,False,False,False,False,0,0,1,0,1,1,0,0,0,0,1
differentiated,S_0013955,1,1,1,0,1,0,0.0,1.0,0.0,1,-0.0,False,False,False,False,False,0,0,1,0,1,1,0,0,0,0,1
differentiated,S_0013961,1,1,1,0,1,0,0.0,1.0,0.0,1,-0.0,False,False,False,False,False,0,0,1,0,1,0,0,0,1,0,1
differentiated,S_0013968,4,3,3,1,2,0,0.3333333333333333,0.6666666666666666,0.0,2,0.5793801642856949,False,True,True,False,False,0,0,0,3,1,0,0,1,1,1,3
differentiated,S_0013969,1,1,1,0,1,0,0.0,1.0,0.0,1,-0.0,False,False,False,False,False,0,0,1,0,1,0,0,0,0,1,1
differentiated,S_0013984,2,2,1,0,2,0,0.0,1.0,0.0,1,-0.0,False,True,False,False,False,0,0,2,0,1,1,0,0,1,0,2
differentiated,S_0014073,1,1,1,0,1,0,0.0,1.0,0.0,1,-0.0,False,False,False,False,False,0,0,0,1,1,0,0,0,0,1,1
differentiated,S_0014090,1,1,1,0,1,0,0.0,1.0,0.0,1,-0.0,False,False,False,False,False,0,0,1,0,1,1,0,0,0,0,1
differentiated,S_0014091,1,1,1,0,1,0,0.0,1.0,0.0,1,-0.0,False,False,False,False,False,0,0,1,0,1,1,0,0,0,0,1
differentiated,S_0014133,3,3,1,0,1,2,0.0,0.3333333333333333,0.6666666666666666,2,0.5793801642856949,False,True,True,False,False,0,0,3,0,1,1,1,0,0,1,3
differentiated,S_0014138,1,1,1,1,0,0,1.0,0.0,0.0,1,-0.0,False,False,False,False,False,0,0,1,0,1,1,0,0,0,0,1
differentiated,S_0014143,1,1,1,1,0,0,1.0,0.0,0.0,1,-0.0,False,False,False,False,False,0,0,1,0,1,1,0,0,0,0,1
differentiated,S_0014151,2,2,2,1,1,0,0.5,0.5,0.0,2,0.6309297535714574,False,True,False,False,False,0,0,0,2,1,0,0,0,2,0,1
differentiated,S_0014152,2,2,2,1,1,0,0.5,0.5,0.0,2,0.6309297535714574,False,True,False,False,False,0,0,0,2,1,0,0,0,2,0,1
differentiated,S_0014154,3,2,3,1,1,0,0.5,0.5,0.0,2,0.6309297535714574,False,True,False,False,False,0,0,0,2,1,0,0,0,2,0,1
differentiated,S_0014155,3,2,3,1,1,0,0.5,0.5,0.0,2,0.6309297535714574,False,True,False,False,False,0,0,0,2,1,0,0,0,2,0,1
differentiated,S_0014157,3,2,3,1,1,0,0.5,0.5,0.0,2,0.6309297535714574,False,True,False,False,False,0,0,0,2,1,0,0,0,2,0,1
differentiated,S_0014158,2,2,2,1,1,0,0.5,0.5,0.0,2,0.6309297535714574,False,True,False,False,False,0,0,0,2,1,0,0,0,2,0,1
differentiated,S_0014291,1,1,1,0,1,0,0.0,1.0,0.0,1,-0.0,False,False,False,False,False,0,1,0,0,1,0,0,0,1,0,1
differentiated,S_0014351,2,2,1,0,0,2,0.0,0.0,1.0,1,-0.0,False,True,False,False,False,0,0,2,0,1,1,0,0,0,1,2
differentiated,S_0014352,2,2,2,2,0,0,1.0,0.0,0.0,1,-0.0,False,True,False,False,False,0,0,0,2,1,1,0,0,1,0,2
differentiated,S_0014374,1,1,1,0,0,1,0.0,0.0,1.0,1,-0.0,False,False,False,False,False,0,0,1,0,1,0,1,0,0,0,1
differentiated,S_0014377,4,4,2,2,0,2,0.5,0.0,0.5,2,0.6309297535714574,False,True,True,False,False,0,0,2,2,2,3,1,0,0,0,2
differentiated,S_0014381,1,1,1,0,1,0,0.0,1.0,0.0,1,-0.0,False,False,False,False,False,0,0,1,0,1,0,0,0,0,1,1
differentiated,S_0014385,2,2,1,0,1,1,0.0,0.5,0.5,2,0.6309297535714574,False,True,False,False,False,0,0,2,0,1,1,0,0,1,0,2
differentiated,S_0014420,2,2,1,0,2,0,0.0,1.0,0.0,1,-0.0,False,True,False,False,False,0,0,2,0,1,1,0,0,1,0,2
differentiated,S_0014436,1,1,1,1,0,0,1.0,0.0,0.0,1,-0.0,False,False,False,False,False,0,0,0,1,1,1,0,0,0,0,1
differentiated,S_0014438,2,1,2,1,0,0,1.0,0.0,0.0,1,-0.0,False,False,False,False,False,0,0,0,1,1,1,0,0,0,0,1
differentiated,S_0014482,1,1,1,0,1,0,0.0,1.0,0.0,1,-0.0,False,False,False,False,False,0,0,0,1,1,0,0,0,0,1,1
differentiated,S_0014500,1,1,1,0,0,1,0.0,0.0,1.0,1,-0.0,False,False,False,False,False,0,1,0,0,1,0,0,0,1,0,1
differentiated,S_0014501,1,1,1,0,0,1,0.0,0.0,1.0,1,-0.0,False,False,False,False,False,0,1,0,0,1,0,0,0,1,0,1
differentiated,S_0014502,1,1,1,1,0,0,1.0,0.0,0.0,1,-0.0,False,False,False,False,False,0,0,0,1,1,1,0,0,0,0,1
differentiated,S_0014503,1,1,1,0,0,1,0.0,0.0,1.0,1,-0.0,False,False,False,False,False,0,1,0,0,1,0,0,0,1,0,1
differentiated,S_0014504,2,2,2,1,0,1,0.5,0.0,0.5,2,0.6309297535714574,False,True,False,False,False,0,1,0,1,2,1,0,0,1,0,2
differentiated,S_0014506,1,1,1,1,0,0,1.0,0.0,0.0,1,-0.0,False,False,False,False,False,0,0,0,1,1,1,0,0,0,0,1
differentiated,S_0014509,1,1,1,0,1,0,0.0,1.0,0.0,1,-0.0,False,False,False,False,False,0,0,1,0,1,0,0,0,0,1,1
differentiated,S_0014510,1,1,1,0,1,0,0.0,1.0,0.0,1,-0.0,False,False,False,False,False,0,0,1,0,1,0,0,0,0,1,1
differentiated,S_0014511,1,1,1,0,1,0,0.0,1.0,0.0,1,-0.0,False,False,False,False,False,0,0,1,0,1,0,0,0,0,1,1
differentiated,S_0014513,1,1,1,0,0,1,0.0,0.0,1.0,1,-0.0,False,False,False,False,False,0,0,1,0,1,0,0,0,0,1,1
differentiated,S_0014514,2,2,1,0,0,2,0.0,0.0,1.0,1,-0.0,False,True,False,False,False,0,0,2,0,1,0,0,0,0,2,1
differentiated,S_0014521,1,1,1,0,0,1,0.0,0.0,1.0,1,-0.0,False,False,False,False,False,0,0,1,0,1,0,0,0,0,1,1
differentiated,S_0014522,2,2,2,0,1,1,0.0,0.5,0.5,2,0.6309297535714574,False,True,False,False,False,0,0,2,0,1,0,0,1,0,1,2
differentiated,S_0014523,2,2,2,0,1,1,0.0,0.5,0.5,2,0.6309297535714574,False,True,False,False,False,0,0,2,0,1,0,0,1,0,1,2
differentiated,S_0014537,1,1,1,1,0,0,1.0,0.0,0.0,1,-0.0,False,False,False,False,False,0,0,0,1,1,0,1,0,0,0,1
differentiated,S_0014538,1,1,1,0,0,1,0.0,0.0,1.0,1,-0.0,False,False,False,False,False,0,0,1,0,1,0,0,0,0,1,1
differentiated,S_0014539,1,1,1,0,0,1,0.0,0.0,1.0,1,-0.0,False,False,False,False,False,0,0,1,0,1,0,0,0,0,1,1
differentiated,S_0014540,2,2,2,1,0,1,0.5,0.0,0.5,2,0.6309297535714574,False,True,False,False,False,0,0,1,1,2,0,1,0,0,1,2
differentiated,S_0014545,1,1,1,0,1,0,0.0,1.0,0.0,1,-0.0,False,False,False,False,False,0,0,1,0,1,1,0,0,0,0,1
differentiated,S_0014553,1,1,1,0,0,1,0.0,0.0,1.0,1,-0.0,False,False,False,False,False,0,0,1,0,1,0,0,0,0,1,1
differentiated,S_0014554,1,1,1,0,0,1,0.0,0.0,1.0,1,-0.0,False,False,False,False,False,0,0,1,0,1,0,0,0,0,1,1
differentiated,S_0014559,1,1,1,0,0,1,0.0,0.0,1.0,1,-0.0,False,False,False,False,False,0,0,1,0,1,0,0,0,0,1,1
differentiated,S_0014560,1,1,1,0,0,1,0.0,0.0,1.0,1,-0.0,False,False,False,False,False,0,0,1,0,1,0,0,0,0,1,1
differentiated,S_0014561,2,2,2,0,1,1,0.0,0.5,0.5,2,0.6309297535714574,False,True,False,False,False,0,0,2,0,1,0,0,1,0,1,2
differentiated,S_0014562,1,1,1,0,0,1,0.0,0.0,1.0,1,-0.0,False,False,False,False,False,0,0,1,0,1,0,0,0,0,1,1
differentiated,S_0014563,1,1,1,0,0,1,0.0,0.0,1.0,1,-0.0,False,False,False,False,False,0,0,1,0,1,0,0,0,0,1,1
differentiated,S_0014565,1,1,1,0,0,1,0.0,0.0,1.0,1,-0.0,False,False,False,False,False,0,0,1,0,1,0,0,0,0,1,1
differentiated,S_0014568,1,1,1,0,0,1,0.0,0.0,1.0,1,-0.0,False,False,False,False,False,0,0,1,0,1,0,0,0,0,1,1
differentiated,S_0014569,1,1,1,0,0,1,0.0,0.0,1.0,1,-0.0,False,False,False,False,False,0,0,1,0,1,0,0,0,0,1,1
differentiated,S_0014575,1,1,1,0,0,1,0.0,0.0,1.0,1,-0.0,False,False,False,False,False,0,0,1,0,1,0,0,0,0,1,1
differentiated,S_0014576,1,1,1,0,0,1,0.0,0.0,1.0,1,-0.0,False,False,False,False,False,0,0,1,0,1,0,0,0,0,1,1
differentiated,S_0014577,2,2,1,1,1,0,0.5,0.5,0.0,2,0.6309297535714574,False,True,False,False,False,1,0,0,1,2,1,1,0,0,0,2
differentiated,S_0014579,2,2,2,0,2,0,0.0,1.0,0.0,1,-0.0,False,True,False,False,False,0,0,0,2,1,0,0,0,2,0,1
differentiated,S_0014585,8,6,5,2,4,0,0.3333333333333333,0.6666666666666666,0.0,2,0.5793801642856949,True,True,True,True,False,0,0,1,5,2,2,3,0,1,0,3
differentiated,S_0014593,1,1,1,0,0,1,0.0,0.0,1.0,1,-0.0,False,False,False,False,False,0,0,1,0,1,0,0,0,0,1,1
differentiated,S_0014594,1,1,1,0,0,1,0.0,0.0,1.0,1,-0.0,False,False,False,False,False,0,0,1,0,1,0,0,0,0,1,1
differentiated,S_0014601,1,1,1,0,0,1,0.0,0.0,1.0,1,-0.0,False,False,False,False,False,0,0,1,0,1,0,0,0,0,1,1
differentiated,S_0014602,1,1,1,0,0,1,0.0,0.0,1.0,1,-0.0,False,False,False,False,False,0,0,1,0,1,0,0,0,0,1,1
differentiated,S_0014604,2,2,2,0,1,1,0.0,0.5,0.5,2,0.6309297535714574,False,True,False,False,False,0,0,2,0,1,1,0,0,0,1,2
differentiated,S_0014605,2,2,2,0,1,1,0.0,0.5,0.5,2,0.6309297535714574,False,True,False,False,False,0,0,2,0,1,1,0,0,0,1,2
differentiated,S_0014606,2,2,2,0,1,1,0.0,0.5,0.5,2,0.6309297535714574,False,True,False,False,False,0,0,2,0,1,1,0,0,0,1,2
differentiated,S_0014609,1,1,1,0,0,1,0.0,0.0,1.0,1,-0.0,False,False,False,False,False,0,0,1,0,1,0,0,0,0,1,1
differentiated,S_0014612,1,1,1,0,0,1,0.0,0.0,1.0,1,-0.0,False,False,False,False,False,0,0,1,0,1,0,0,0,0,1,1
differentiated,S_0014690,2,2,1,0,1,1,0.0,0.5,0.5,2,0.6309297535714574,False,True,False,False,False,0,0,2,0,1,1,0,0,0,1,2
differentiated,S_0014691,2,2,1,0,1,1,0.0,0.5,0.5,2,0.6309297535714574,False,True,False,False,False,0,0,2,0,1,1,0,0,0,1,2
differentiated,S_0014927,2,2,2,1,0,1,0.5,0.0,0.5,2,0.6309297535714574,False,True,False,False,False,0,0,1,1,2,0,1,1,0,0,2
differentiated,S_0014928,2,2,2,1,0,1,0.5,0.0,0.5,2,0.6309297535714574,False,True,False,False,False,0,0,1,1,2,0,1,1,0,0,2
differentiated,S_0014929,1,1,1,0,0,1,0.0,0.0,1.0,1,-0.0,False,False,False,False,False,0,0,1,0,1,0,1,0,0,0,1
differentiated,S_0014931,1,1,1,0,0,1,0.0,0.0,1.0,1,-0.0,False,False,False,False,False,0,0,1,0,1,0,1,0,0,0,1
differentiated,S_0014940,1,1,1,0,0,1,0.0,0.0,1.0,1,-0.0,False,False,False,False,False,0,0,1,0,1,0,0,1,0,0,1
differentiated,S_0014941,1,1,1,0,0,1,0.0,0.0,1.0,1,-0.0,False,False,False,False,False,0,0,1,0,1,0,0,1,0,0,1
differentiated,S_0015021,1,1,1,0,1,0,0.0,1.0,0.0,1,-0.0,False,False,False,False,False,0,0,1,0,1,0,0,0,1,0,1
differentiated,S_0015022,1,1,1,0,1,0,0.0,1.0,0.0,1,-0.0,False,False,False,False,False,0,0,0,1,1,0,0,0,1,0,1
differentiated,S_0015023,1,1,1,0,1,0,0.0,1.0,0.0,1,-0.0,False,False,False,False,False,0,0,1,0,1,0,0,0,1,0,1
differentiated,S_0015025,2,2,2,0,2,0,0.0,1.0,0.0,1,-0.0,False,True,False,False,False,0,0,1,1,2,0,0,0,2,0,1
differentiated,S_0015026,1,1,1,0,1,0,0.0,1.0,0.0,1,-0.0,False,False,False,False,False,0,0,1,0,1,0,0,0,1,0,1
differentiated,S_0015061,1,1,1,0,1,0,0.0,1.0,0.0,1,-0.0,False,False,False,False,False,0,0,1,0,1,0,0,1,0,0,1
differentiated,S_0015062,1,1,1,0,1,0,0.0,1.0,0.0,1,-0.0,False,False,False,False,False,0,0,1,0,1,0,0,1,0,0,1
differentiated,S_0015064,1,1,1,0,1,0,0.0,1.0,0.0,1,-0.0,False,False,False,False,False,0,0,1,0,1,0,0,1,0,0,1
differentiated,S_0015075,1,1,1,0,1,0,0.0,1.0,0.0,1,-0.0,False,False,False,False,False,0,0,1,0,1,0,0,0,0,1,1
differentiated,S_0015086,1,1,1,0,1,0,0.0,1.0,0.0,1,-0.0,False,False,False,False,False,0,0,1,0,1,0,0,0,0,1,1
differentiated,S_0015088,1,1,1,0,1,0,0.0,1.0,0.0,1,-0.0,False,False,False,False,False,0,0,1,0,1,0,1,0,0,0,1
differentiated,S_0015137,3,3,3,2,1,0,0.6666666666666666,0.3333333333333333,0.0,2,0.5793801642856949,False,True,True,False,False,0,0,0,3,1,3,0,0,0,0,1
differentiated,S_0015138,6,3,6,2,1,0,0.6666666666666666,0.3333333333333333,0.0,2,0.5793801642856949,False,True,True,False,False,0,0,0,3,1,3,0,0,0,0,1
differentiated,S_0015162,3,3,3,2,1,0,0.6666666666666666,0.3333333333333333,0.0,2,0.5793801642856949,False,True,True,False,False,0,0,0,3,1,3,0,0,0,0,1
differentiated,S_0015180,1,1,1,1,0,0,1.0,0.0,0.0,1,-0.0,False,False,False,False,False,0,0,0,1,1,1,0,0,0,0,1
differentiated,S_0015182,1,1,1,1,0,0,1.0,0.0,0.0,1,-0.0,False,False,False,False,False,0,0,0,1,1,1,0,0,0,0,1
differentiated,S_0015244,2,2,2,1,0,1,0.5,0.0,0.5,2,0.6309297535714574,False,True,False,False,False,0,0,1,1,2,0,1,1,0,0,2
differentiated,S_0015247,4,4,2,0,2,2,0.0,0.5,0.5,2,0.6309297535714574,False,True,True,False,False,0,0,3,1,2,2,1,0,0,1,3
differentiated,S_0015271,1,1,1,0,1,0,0.0,1.0,0.0,1,-0.0,False,False,False,False,False,0,0,1,0,1,0,0,0,1,0,1
differentiated,S_0015285,1,1,1,1,0,0,1.0,0.0,0.0,1,-0.0,False,False,False,False,False,0,0,1,0,1,1,0,0,0,0,1
differentiated,S_0015289,2,2,2,0,1,1,0.0,0.5,0.5,2,0.6309297535714574,False,True,False,False,False,0,1,1,0,2,1,0,0,1,0,2
differentiated,S_0015291,2,2,2,0,1,1,0.0,0.5,0.5,2,0.6309297535714574,False,True,False,False,False,0,1,1,0,2,1,0,0,1,0,2
differentiated,S_0015311,1,1,1,0,0,1,0.0,0.0,1.0,1,-0.0,False,False,False,False,False,0,0,1,0,1,0,0,0,0,1,1
differentiated,S_0015312,1,1,1,0,0,1,0.0,0.0,1.0,1,-0.0,False,False,False,False,False,0,0,1,0,1,0,0,0,0,1,1
differentiated,S_0015316,1,1,1,0,0,1,0.0,0.0,1.0,1,-0.0,False,False,False,False,False,0,0,1,0,1,0,0,0,0,1,1
differentiated,S_0015317,1,1,1,0,0,1,0.0,0.0,1.0,1,-0.0,False,False,False,False,False,0,0,1,0,1,0,0,0,0,1,1
differentiated,S_0015320,1,1,1,0,0,1,0.0,0.0,1.0,1,-0.0,False,False,False,False,False,0,0,1,0,1,0,0,0,0,1,1
differentiated,S_0015321,1,1,1,0,0,1,0.0,0.0,1.0,1,-0.0,False,False,False,False,False,0,0,1,0,1,0,0,0,0,1,1
differentiated,S_0015323,1,1,1,0,0,1,0.0,0.0,1.0,1,-0.0,False,False,False,False,False,0,0,1,0,1,0,0,0,0,1,1
differentiated,S_0015324,1,1,1,0,0,1,0.0,0.0,1.0,1,-0.0,False,False,False,False,False,0,0,1,0,1,0,0,0,0,1,1
differentiated,S_0015417,1,1,1,0,1,0,0.0,1.0,0.0,1,-0.0,False,False,False,False,False,0,0,1,0,1,1,0,0,0,0,1
differentiated,S_0015418,1,1,1,0,1,0,0.0,1.0,0.0,1,-0.0,False,False,False,False,False,0,0,1,0,1,1,0,0,0,0,1
differentiated,S_0015424,1,1,1,0,1,0,0.0,1.0,0.0,1,-0.0,False,False,False,False,False,0,1,0,0,1,0,0,0,1,0,1
differentiated,S_0015425,2,1,2,0,1,0,0.0,1.0,0.0,1,-0.0,False,False,False,False,False,0,0,0,1,1,1,0,0,0,0,1
differentiated,S_0015429,1,1,1,0,1,0,0.0,1.0,0.0,1,-0.0,False,False,False,False,False,0,0,0,1,1,1,0,0,0,0,1
differentiated,S_0015433,1,1,1,0,1,0,0.0,1.0,0.0,1,-0.0,False,False,False,False,False,0,1,0,0,1,1,0,0,0,0,1
differentiated,S_0015448,1,1,1,1,0,0,1.0,0.0,0.0,1,-0.0,False,False,False,False,False,0,0,1,0,1,0,0,0,0,1,1
differentiated,S_0015450,1,1,1,1,0,0,1.0,0.0,0.0,1,-0.0,False,False,False,False,False,0,0,1,0,1,0,0,0,0,1,1
differentiated,S_0015454,1,1,1,1,0,0,1.0,0.0,0.0,1,-0.0,False,False,False,False,False,0,0,1,0,1,0,0,0,0,1,1
differentiated,S_0015457,1,1,1,0,1,0,0.0,1.0,0.0,1,-0.0,False,False,False,False,False,0,0,1,0,1,1,0,0,0,0,1
differentiated,S_0015458,1,1,1,0,1,0,0.0,1.0,0.0,1,-0.0,False,False,False,False,False,0,0,1,0,1,1,0,0,0,0,1
differentiated,S_0015459,1,1,1,0,1,0,0.0,1.0,0.0,1,-0.0,False,False,False,False,False,0,0,1,0,1,1,0,0,0,0,1
differentiated,S_0015462,1,1,1,0,1,0,0.0,1.0,0.0,1,-0.0,False,False,False,False,False,0,0,1,0,1,1,0,0,0,0,1
differentiated,S_0015481,2,2,1,1,0,1,0.5,0.0,0.5,2,0.6309297535714574,False,True,False,False,False,0,0,2,0,1,0,0,1,1,0,2
differentiated,S_0015482,2,2,1,1,0,1,0.5,0.0,0.5,2,0.6309297535714574,False,True,False,False,False,0,0,2,0,1,0,0,1,1,0,2
differentiated,S_0015484,2,2,1,1,0,1,0.5,0.0,0.5,2,0.6309297535714574,False,True,False,False,False,0,0,2,0,1,0,0,1,1,0,2
differentiated,S_0015485,2,2,1,1,0,1,0.5,0.0,0.5,2,0.6309297535714574,False,True,False,False,False,0,0,2,0,1,0,0,1,1,0,2
differentiated,S_0015491,2,2,1,1,0,1,0.5,0.0,0.5,2,0.6309297535714574,False,True,False,False,False,0,0,2,0,1,0,0,1,1,0,2
differentiated,S_0015493,2,2,1,1,0,1,0.5,0.0,0.5,2,0.6309297535714574,False,True,False,False,False,0,0,2,0,1,0,0,1,1,0,2
differentiated,S_0015513,3,3,2,0,2,1,0.0,0.6666666666666666,0.3333333333333333,2,0.5793801642856949,False,True,True,False,False,0,0,3,0,1,1,0,0,1,1,3
differentiated,S_0015547,1,1,1,0,1,0,0.0,1.0,0.0,1,-0.0,False,False,False,False,False,0,1,0,0,1,0,0,0,1,0,1
differentiated,S_0015548,1,1,1,0,1,0,0.0,1.0,0.0,1,-0.0,False,False,False,False,False,0,0,1,0,1,1,0,0,0,0,1
differentiated,S_0015571,1,1,1,1,0,0,1.0,0.0,0.0,1,-0.0,False,False,False,False,False,0,0,0,1,1,0,0,0,1,0,1
differentiated,S_0015572,1,1,1,0,1,0,0.0,1.0,0.0,1,-0.0,False,False,False,False,False,0,0,1,0,1,1,0,0,0,0,1
differentiated,S_0015573,1,1,1,0,1,0,0.0,1.0,0.0,1,-0.0,False,False,False,False,False,0,0,1,0,1,1,0,0,0,0,1
differentiated,S_0015574,1,1,1,0,1,0,0.0,1.0,0.0,1,-0.0,False,False,False,False,False,0,0,1,0,1,1,0,0,0,0,1
differentiated,S_0015578,2,2,1,0,0,2,0.0,0.0,1.0,1,-0.0,False,True,False,False,False,0,0,2,0,1,1,0,0,0,1,2
differentiated,S_0015579,2,2,1,0,0,2,0.0,0.0,1.0,1,-0.0,False,True,False,False,False,0,0,2,0,1,1,0,0,0,1,2
differentiated,S_0015582,3,3,1,0,1,2,0.0,0.3333333333333333,0.6666666666666666,2,0.5793801642856949,False,True,True,False,False,0,0,3,0,1,1,1,0,0,1,3
differentiated,S_0015583,1,1,1,0,1,0,0.0,1.0,0.0,1,-0.0,False,False,False,False,False,0,0,1,0,1,0,0,0,0,1,1
differentiated,S_0015600,1,1,1,0,0,1,0.0,0.0,1.0,1,-0.0,False,False,False,False,False,0,0,1,0,1,0,1,0,0,0,1
differentiated,S_0015602,1,1,1,0,0,1,0.0,0.0,1.0,1,-0.0,False,False,False,False,False,0,0,1,0,1,0,1,0,0,0,1
differentiated,S_0015605,1,1,1,0,0,1,0.0,0.0,1.0,1,-0.0,False,False,False,False,False,0,0,1,0,1,0,1,0,0,0,1
differentiated,S_0015606,1,1,1,0,0,1,0.0,0.0,1.0,1,-0.0,False,False,False,False,False,0,0,1,0,1,0,1,0,0,0,1
differentiated,S_0015658,1,1,1,0,1,0,0.0,1.0,0.0,1,-0.0,False,False,False,False,False,0,0,1,0,1,1,0,0,0,0,1
differentiated,S_0015667,1,1,1,0,1,0,0.0,1.0,0.0,1,-0.0,False,False,False,False,False,0,0,1,0,1,1,0,0,0,0,1
differentiated,S_0015669,1,1,1,0,1,0,0.0,1.0,0.0,1,-0.0,False,False,False,False,False,0,0,1,0,1,1,0,0,0,0,1
differentiated,S_0015672,1,1,1,0,1,0,0.0,1.0,0.0,1,-0.0,False,False,False,False,False,0,0,1,0,1,1,0,0,0,0,1
differentiated,S_0015677,1,1,1,0,1,0,0.0,1.0,0.0,1,-0.0,False,False,False,False,False,0,0,1,0,1,1,0,0,0,0,1
differentiated,S_0015679,1,1,1,0,1,0,0.0,1.0,0.0,1,-0.0,False,False,False,False,False,0,0,1,0,1,1,0,0,0,0,1
differentiated,S_0015680,1,1,1,0,1,0,0.0,1.0,0.0,1,-0.0,False,False,False,False,False,0,0,1,0,1,1,0,0,0,0,1
differentiated,S_0015685,1,1,1,0,1,0,0.0,1.0,0.0,1,-0.0,False,False,False,False,False,0,0,1,0,1,1,0,0,0,0,1
differentiated,S_0015686,1,1,1,0,1,0,0.0,1.0,0.0,1,-0.0,False,False,False,False,False,0,0,1,0,1,1,0,0,0,0,1
differentiated,S_0015706,1,1,1,0,1,0,0.0,1.0,0.0,1,-0.0,False,False,False,False,False,0,0,1,0,1,1,0,0,0,0,1
differentiated,S_0015707,1,1,1,0,1,0,0.0,1.0,0.0,1,-0.0,False,False,False,False,False,0,0,1,0,1,1,0,0,0,0,1
differentiated,S_0015760,1,1,1,0,1,0,0.0,1.0,0.0,1,-0.0,False,False,False,False,False,0,0,1,0,1,0,0,0,0,1,1
differentiated,S_0015761,1,1,1,0,1,0,0.0,1.0,0.0,1,-0.0,False,False,False,False,False,0,0,1,0,1,0,0,0,0,1,1
differentiated,S_0015762,1,1,1,0,1,0,0.0,1.0,0.0,1,-0.0,False,False,False,False,False,0,0,1,0,1,0,0,0,0,1,1
differentiated,S_0015765,1,1,1,0,1,0,0.0,1.0,0.0,1,-0.0,False,False,False,False,False,0,0,1,0,1,0,0,0,0,1,1
differentiated,S_0015797,1,1,1,0,1,0,0.0,1.0,0.0,1,-0.0,False,False,False,False,False,0,0,1,0,1,0,0,0,0,1,1
differentiated,S_0015809,1,1,1,0,1,0,0.0,1.0,0.0,1,-0.0,False,False,False,False,False,0,0,1,0,1,0,0,0,0,1,1
differentiated,S_0015810,1,1,1,0,1,0,0.0,1.0,0.0,1,-0.0,False,False,False,False,False,0,0,1,0,1,0,0,0,0,1,1
differentiated,S_0015831,2,2,1,0,2,0,0.0,1.0,0.0,1,-0.0,False,True,False,False,False,0,0,2,0,1,2,0,0,0,0,1
differentiated,S_0015862,1,1,1,0,0,1,0.0,0.0,1.0,1,-0.0,False,False,False,False,False,0,0,1,0,1,0,0,0,0,1,1
differentiated,S_0015883,1,1,1,0,0,1,0.0,0.0,1.0,1,-0.0,False,False,False,False,False,0,0,1,0,1,0,0,0,0,1,1
differentiated,S_0015888,1,1,1,0,0,1,0.0,0.0,1.0,1,-0.0,False,False,False,False,False,0,0,1,0,1,0,0,0,0,1,1
differentiated,S_0015906,3,3,3,2,1,0,0.6666666666666666,0.3333333333333333,0.0,2,0.5793801642856949,False,True,True,False,False,0,0,0,3,1,3,0,0,0,0,1
differentiated,S_0015907,3,3,3,2,1,0,0.6666666666666666,0.3333333333333333,0.0,2,0.5793801642856949,False,True,True,False,False,0,0,0,3,1,3,0,0,0,0,1
differentiated,S_0015929,3,3,3,2,1,0,0.6666666666666666,0.3333333333333333,0.0,2,0.5793801642856949,False,True,True,False,False,0,0,0,3,1,3,0,0,0,0,1
differentiated,S_0015947,3,3,3,2,1,0,0.6666666666666666,0.3333333333333333,0.0,2,0.5793801642856949,False,True,True,False,False,0,0,0,3,1,3,0,0,0,0,1
differentiated,S_0016000,1,1,1,0,0,1,0.0,0.0,1.0,1,-0.0,False,False,False,False,False,0,0,1,0,1,0,0,0,0,1,1
differentiated,S_0016004,6,3,6,2,1,0,0.6666666666666666,0.3333333333333333,0.0,2,0.5793801642856949,False,True,True,False,False,0,0,0,3,1,3,0,0,0,0,1
differentiated,S_0016023,3,3,3,2,1,0,0.6666666666666666,0.3333333333333333,0.0,2,0.5793801642856949,False,True,True,False,False,0,0,0,3,1,3,0,0,0,0,1
differentiated,S_0016040,3,3,3,2,1,0,0.6666666666666666,0.3333333333333333,0.0,2,0.5793801642856949,False,True,True,False,False,0,0,0,3,1,3,0,0,0,0,1
differentiated,S_0016041,3,3,3,2,1,0,0.6666666666666666,0.3333333333333333,0.0,2,0.5793801642856949,False,True,True,False,False,0,0,0,3,1,3,0,0,0,0,1
differentiated,S_0016121,1,1,1,0,1,0,0.0,1.0,0.0,1,-0.0,False,False,False,False,False,0,0,0,1,1,1,0,0,0,0,1
differentiated,S_0016129,2,2,1,0,2,0,0.0,1.0,0.0,1,-0.0,False,True,False,False,False,0,0,2,0,1,1,0,0,0,1,2
differentiated,S_0016131,2,2,1,0,2,0,0.0,1.0,0.0,1,-0.0,False,True,False,False,False,0,0,2,0,1,1,0,0,0,1,2
differentiated,S_0016135,6,3,6,2,1,0,0.6666666666666666,0.3333333333333333,0.0,2,0.5793801642856949,False,True,True,False,False,0,0,0,3,1,3,0,0,0,0,1
differentiated,S_0016140,1,1,1,0,1,0,0.0,1.0,0.0,1,-0.0,False,False,False,False,False,0,0,1,0,1,0,0,0,0,1,1
differentiated,S_0016156,2,2,2,1,1,0,0.5,0.5,0.0,2,0.6309297535714574,False,True,False,False,False,0,0,0,2,1,2,0,0,0,0,1
differentiated,S_0016158,2,2,2,1,1,0,0.5,0.5,0.0,2,0.6309297535714574,False,True,False,False,False,0,0,0,2,1,2,0,0,0,0,1
differentiated,S_0016159,2,2,2,1,1,0,0.5,0.5,0.0,2,0.6309297535714574,False,True,False,False,False,0,0,0,2,1,2,0,0,0,0,1
differentiated,S_0016161,2,2,2,1,1,0,0.5,0.5,0.0,2,0.6309297535714574,False,True,False,False,False,0,0,0,2,1,2,0,0,0,0,1
differentiated,S_0016187,3,3,2,0,3,0,0.0,1.0,0.0,1,-0.0,False,True,True,False,False,0,0,3,0,1,1,0,0,0,2,2
differentiated,S_0016259,1,1,1,0,1,0,0.0,1.0,0.0,1,-0.0,False,False,False,False,False,0,0,1,0,1,1,0,0,0,0,1
differentiated,S_0016263,1,1,1,0,1,0,0.0,1.0,0.0,1,-0.0,False,False,False,False,False,0,1,0,0,1,0,0,0,0,1,1
differentiated,S_0016267,1,1,1,0,0,1,0.0,0.0,1.0,1,-0.0,False,False,False,False,False,0,0,1,0,1,0,1,0,0,0,1
differentiated,S_0016270,3,3,1,0,3,0,0.0,1.0,0.0,1,-0.0,False,True,True,False,False,0,0,3,0,1,1,1,0,0,1,3
differentiated,S_0016332,3,3,2,0,3,0,0.0,1.0,0.0,1,-0.0,False,True,True,False,False,0,0,2,1,2,2,0,0,0,1,2
differentiated,S_0016340,2,2,1,0,2,0,0.0,1.0,0.0,1,-0.0,False,True,False,False,False,0,0,2,0,1,2,0,0,0,0,1
differentiated,S_0016341,2,2,1,0,2,0,0.0,1.0,0.0,1,-0.0,False,True,False,False,False,0,0,2,0,1,2,0,0,0,0,1
differentiated,S_0016357,1,1,1,0,0,1,0.0,0.0,1.0,1,-0.0,False,False,False,False,False,0,0,1,0,1,1,0,0,0,0,1
differentiated,S_0016358,3,3,2,1,2,0,0.3333333333333333,0.6666666666666666,0.0,2,0.5793801642856949,False,True,True,False,False,0,0,3,0,1,2,0,0,0,1,2
differentiated,S_0016359,3,3,2,1,2,0,0.3333333333333333,0.6666666666666666,0.0,2,0.5793801642856949,False,True,True,False,False,0,0,3,0,1,2,0,0,0,1,2
differentiated,S_0016377,2,2,1,0,1,1,0.0,0.5,0.5,2,0.6309297535714574,False,True,False,False,False,0,0,2,0,1,1,0,0,0,1,2
differentiated,S_0016378,2,2,1,0,1,1,0.0,0.5,0.5,2,0.6309297535714574,False,True,False,False,False,0,0,2,0,1,1,0,0,0,1,2
differentiated,S_0016380,3,3,2,0,2,1,0.0,0.6666666666666666,0.3333333333333333,2,0.5793801642856949,False,True,True,False,False,0,0,3,0,1,0,0,0,1,2,2
differentiated,S_0016382,3,3,2,0,2,1,0.0,0.6666666666666666,0.3333333333333333,2,0.5793801642856949,False,True,True,False,False,0,0,3,0,1,0,0,0,1,2,2
differentiated,S_0016385,2,2,1,0,1,1,0.0,0.5,0.5,2,0.6309297535714574,False,True,False,False,False,0,0,2,0,1,1,0,0,0,1,2
differentiated,S_0016394,1,1,1,0,1,0,0.0,1.0,0.0,1,-0.0,False,False,False,False,False,0,0,1,0,1,1,0,0,0,0,1
differentiated,S_0016395,1,1,1,0,1,0,0.0,1.0,0.0,1,-0.0,False,False,False,False,False,0,0,1,0,1,1,0,0,0,0,1
differentiated,S_0016396,1,1,1,0,1,0,0.0,1.0,0.0,1,-0.0,False,False,False,False,False,0,0,1,0,1,1,0,0,0,0,1
differentiated,S_0016398,1,1,1,0,0,1,0.0,0.0,1.0,1,-0.0,False,False,False,False,False,0,0,1,0,1,0,0,1,0,0,1
differentiated,S_0016399,1,1,1,0,0,1,0.0,0.0,1.0,1,-0.0,False,False,False,False,False,0,0,1,0,1,0,0,1,0,0,1
differentiated,S_0016402,1,1,1,0,1,0,0.0,1.0,0.0,1,-0.0,False,False,False,False,False,0,0,1,0,1,1,0,0,0,0,1
differentiated,S_0016403,1,1,1,0,1,0,0.0,1.0,0.0,1,-0.0,False,False,False,False,False,0,0,1,0,1,1,0,0,0,0,1
differentiated,S_0016411,1,1,1,0,1,0,0.0,1.0,0.0,1,-0.0,False,False,False,False,False,0,0,1,0,1,1,0,0,0,0,1
differentiated,S_0016422,1,1,1,0,1,0,0.0,1.0,0.0,1,-0.0,False,False,False,False,False,0,0,1,0,1,1,0,0,0,0,1
differentiated,S_0016423,1,1,1,0,1,0,0.0,1.0,0.0,1,-0.0,False,False,False,False,False,0,0,1,0,1,1,0,0,0,0,1
differentiated,S_0016425,1,1,1,0,1,0,0.0,1.0,0.0,1,-0.0,False,False,False,False,False,0,0,1,0,1,1,0,0,0,0,1
differentiated,S_0016426,1,1,1,0,1,0,0.0,1.0,0.0,1,-0.0,False,False,False,False,False,0,0,1,0,1,1,0,0,0,0,1
differentiated,S_0016427,1,1,1,0,1,0,0.0,1.0,0.0,1,-0.0,False,False,False,False,False,0,0,1,0,1,1,0,0,0,0,1
differentiated,S_0016430,1,1,1,1,0,0,1.0,0.0,0.0,1,-0.0,False,False,False,False,False,0,0,0,1,1,0,1,0,0,0,1
differentiated,S_0016432,1,1,1,1,0,0,1.0,0.0,0.0,1,-0.0,False,False,False,False,False,0,0,0,1,1,0,1,0,0,0,1
differentiated,S_0016437,3,3,2,1,2,0,0.3333333333333333,0.6666666666666666,0.0,2,0.5793801642856949,False,True,True,False,False,0,0,0,3,1,1,1,1,0,0,3
differentiated,S_0016438,1,1,1,0,0,1,0.0,0.0,1.0,1,-0.0,False,False,False,False,False,0,0,1,0,1,0,0,1,0,0,1
differentiated,S_0016439,2,2,2,1,0,1,0.5,0.0,0.5,2,0.6309297535714574,False,True,False,False,False,0,0,1,1,2,0,1,1,0,0,2
differentiated,S_0016465,1,1,1,0,0,1,0.0,0.0,1.0,1,-0.0,False,False,False,False,False,0,0,1,0,1,0,0,1,0,0,1
differentiated,S_0016466,1,1,1,0,0,1,0.0,0.0,1.0,1,-0.0,False,False,False,False,False,0,0,1,0,1,0,0,1,0,0,1
differentiated,S_0016469,1,1,1,0,1,0,0.0,1.0,0.0,1,-0.0,False,False,False,False,False,0,0,1,0,1,1,0,0,0,0,1
differentiated,S_0016479,2,2,1,0,1,1,0.0,0.5,0.5,2,0.6309297535714574,False,True,False,False,False,0,0,2,0,1,1,0,1,0,0,2
differentiated,S_0016481,1,1,1,0,1,0,0.0,1.0,0.0,1,-0.0,False,False,False,False,False,0,0,1,0,1,1,0,0,0,0,1
differentiated,S_0016482,1,1,1,0,1,0,0.0,1.0,0.0,1,-0.0,False,False,False,False,False,0,0,1,0,1,1,0,0,0,0,1
differentiated,S_0016485,1,1,1,0,1,0,0.0,1.0,0.0,1,-0.0,False,False,False,False,False,0,0,1,0,1,1,0,0,0,0,1
differentiated,S_0016486,1,1,1,0,1,0,0.0,1.0,0.0,1,-0.0,False,False,False,False,False,0,0,1,0,1,1,0,0,0,0,1
differentiated,S_0016491,1,1,1,0,1,0,0.0,1.0,0.0,1,-0.0,False,False,False,False,False,0,0,1,0,1,1,0,0,0,0,1
differentiated,S_0016492,1,1,1,0,1,0,0.0,1.0,0.0,1,-0.0,False,False,False,False,False,0,0,1,0,1,1,0,0,0,0,1
differentiated,S_0016498,1,1,1,0,0,1,0.0,0.0,1.0,1,-0.0,False,False,False,False,False,0,0,1,0,1,0,0,1,0,0,1
differentiated,S_0016499,1,1,1,0,0,1,0.0,0.0,1.0,1,-0.0,False,False,False,False,False,0,0,1,0,1,0,0,1,0,0,1
differentiated,S_0016500,1,1,1,0,0,1,0.0,0.0,1.0,1,-0.0,False,False,False,False,False,0,0,1,0,1,0,0,1,0,0,1
differentiated,S_0016506,1,1,1,0,1,0,0.0,1.0,0.0,1,-0.0,False,False,False,False,False,0,0,1,0,1,1,0,0,0,0,1
differentiated,S_0016512,1,1,1,0,1,0,0.0,1.0,0.0,1,-0.0,False,False,False,False,False,0,0,1,0,1,1,0,0,0,0,1
differentiated,S_0016518,1,1,1,0,0,1,0.0,0.0,1.0,1,-0.0,False,False,False,False,False,0,0,1,0,1,0,0,1,0,0,1
differentiated,S_0016519,1,1,1,0,1,0,0.0,1.0,0.0,1,-0.0,False,False,False,False,False,0,0,0,1,1,0,0,1,0,0,1
differentiated,S_0016521,1,1,1,0,0,1,0.0,0.0,1.0,1,-0.0,False,False,False,False,False,0,0,1,0,1,0,0,1,0,0,1
differentiated,S_0016524,1,1,1,0,1,0,0.0,1.0,0.0,1,-0.0,False,False,False,False,False,0,0,1,0,1,1,0,0,0,0,1
differentiated,S_0016526,1,1,1,0,0,1,0.0,0.0,1.0,1,-0.0,False,False,False,False,False,0,0,1,0,1,0,0,1,0,0,1
differentiated,S_0016533,1,1,1,1,0,0,1.0,0.0,0.0,1,-0.0,False,False,False,False,False,0,0,0,1,1,0,1,0,0,0,1
differentiated,S_0016534,1,1,1,0,1,0,0.0,1.0,0.0,1,-0.0,False,False,False,False,False,0,0,0,1,1,0,0,1,0,0,1
differentiated,S_0016551,4,4,3,3,1,0,0.75,0.25,0.0,2,0.5118595071429147,False,True,True,False,False,0,0,0,4,1,2,1,0,0,1,3
differentiated,S_0016557,1,1,1,0,1,0,0.0,1.0,0.0,1,-0.0,False,False,False,False,False,0,0,0,1,1,1,0,0,0,0,1
differentiated,S_0016599,2,2,1,0,2,0,0.0,1.0,0.0,1,-0.0,False,True,False,False,False,0,0,2,0,1,2,0,0,0,0,1
differentiated,S_0016607,1,1,1,0,1,0,0.0,1.0,0.0,1,-0.0,False,False,False,False,False,0,0,1,0,1,0,0,1,0,0,1
differentiated,S_0016622,2,2,2,1,1,0,0.5,0.5,0.0,2,0.6309297535714574,False,True,False,False,False,0,0,1,1,2,1,1,0,0,0,2
differentiated,S_0016623,2,2,2,1,1,0,0.5,0.5,0.0,2,0.6309297535714574,False,True,False,False,False,0,0,1,1,2,1,1,0,0,0,2
differentiated,S_0016660,2,2,1,0,2,0,0.0,1.0,0.0,1,-0.0,False,True,False,False,False,0,0,2,0,1,0,1,0,1,0,2
differentiated,S_0016666,1,1,1,0,1,0,0.0,1.0,0.0,1,-0.0,False,False,False,False,False,0,0,1,0,1,0,1,0,0,0,1
differentiated,S_0016672,1,1,1,0,0,1,0.0,0.0,1.0,1,-0.0,False,False,False,False,False,0,0,1,0,1,0,0,0,0,1,1
differentiated,S_0016675,2,2,2,1,0,1,0.5,0.0,0.5,2,0.6309297535714574,False,True,False,False,False,0,0,1,1,2,1,0,0,0,1,2
differentiated,S_0016676,2,2,2,1,0,1,0.5,0.0,0.5,2,0.6309297535714574,False,True,False,False,False,0,0,1,1,2,1,0,0,0,1,2
differentiated,S_0016685,1,1,1,1,0,0,1.0,0.0,0.0,1,-0.0,False,False,False,False,False,0,0,0,1,1,1,0,0,0,0,1
differentiated,S_0016686,1,1,1,1,0,0,1.0,0.0,0.0,1,-0.0,False,False,False,False,False,0,0,0,1,1,1,0,0,0,0,1
differentiated,S_0016695,1,1,1,0,0,1,0.0,0.0,1.0,1,-0.0,False,False,False,False,False,0,0,1,0,1,1,0,0,0,0,1
differentiated,S_0016696,1,1,1,0,1,0,0.0,1.0,0.0,1,-0.0,False,False,False,False,False,0,0,1,0,1,1,0,0,0,0,1
differentiated,S_0016699,1,1,1,0,1,0,0.0,1.0,0.0,1,-0.0,False,False,False,False,False,0,0,0,1,1,0,0,0,1,0,1
differentiated,S_0016716,3,3,2,0,2,1,0.0,0.6666666666666666,0.3333333333333333,2,0.5793801642856949,False,True,True,False,False,0,0,3,0,1,1,0,0,1,1,3
differentiated,S_0016728,1,1,1,1,0,0,1.0,0.0,0.0,1,-0.0,False,False,False,False,False,0,0,1,0,1,0,0,0,0,1,1
differentiated,S_0016730,1,1,1,0,1,0,0.0,1.0,0.0,1,-0.0,False,False,False,False,False,0,0,1,0,1,1,0,0,0,0,1
differentiated,S_0016731,1,1,1,0,1,0,0.0,1.0,0.0,1,-0.0,False,False,False,False,False,0,0,1,0,1,1,0,0,0,0,1
differentiated,S_0016753,2,2,2,2,0,0,1.0,0.0,0.0,1,-0.0,False,True,False,False,False,0,0,0,2,1,2,0,0,0,0,1
differentiated,S_0016755,2,2,2,2,0,0,1.0,0.0,0.0,1,-0.0,False,True,False,False,False,0,0,0,2,1,2,0,0,0,0,1
differentiated,S_0016762,2,2,2,0,1,1,0.0,0.5,0.5,2,0.6309297535714574,False,True,False,False,False,0,0,2,0,1,1,1,0,0,0,2
differentiated,S_0016764,2,2,2,0,1,1,0.0,0.5,0.5,2,0.6309297535714574,False,True,False,False,False,0,0,2,0,1,1,1,0,0,0,2
differentiated,S_0016844,1,1,1,1,0,0,1.0,0.0,0.0,1,-0.0,False,False,False,False,False,0,0,0,1,1,0,0,0,1,0,1
differentiated,S_0016846,1,1,1,1,0,0,1.0,0.0,0.0,1,-0.0,False,False,False,False,False,0,0,0,1,1,0,0,0,1,0,1
differentiated,S_0016854,1,1,1,1,0,0,1.0,0.0,0.0,1,-0.0,False,False,False,False,False,0,0,0,1,1,0,0,0,1,0,1
differentiated,S_0016863,2,2,1,1,0,1,0.5,0.0,0.5,2,0.6309297535714574,False,True,False,False,False,0,0,2,0,1,1,1,0,0,0,2
differentiated,S_0016864,1,1,1,1,0,0,1.0,0.0,0.0,1,-0.0,False,False,False,False,False,0,0,1,0,1,1,0,0,0,0,1
differentiated,S_0016876,1,1,1,0,1,0,0.0,1.0,0.0,1,-0.0,False,False,False,False,False,0,0,0,1,1,0,0,1,0,0,1
differentiated,S_0016877,1,1,1,0,0,1,0.0,0.0,1.0,1,-0.0,False,False,False,False,False,0,0,1,0,1,0,0,1,0,0,1
differentiated,S_0016926,1,1,1,1,0,0,1.0,0.0,0.0,1,-0.0,False,False,False,False,False,0,0,0,1,1,0,0,0,1,0,1
differentiated,S_0016928,1,1,1,1,0,0,1.0,0.0,0.0,1,-0.0,False,False,False,False,False,0,0,0,1,1,0,0,0,1,0,1
differentiated,S_0016941,1,1,1,0,1,0,0.0,1.0,0.0,1,-0.0,False,False,False,False,False,0,0,1,0,1,0,0,0,1,0,1
differentiated,S_0016942,1,1,1,0,1,0,0.0,1.0,0.0,1,-0.0,False,False,False,False,False,0,0,1,0,1,0,0,0,1,0,1
differentiated,S_0016989,2,2,1,0,2,0,0.0,1.0,0.0,1,-0.0,False,True,False,False,False,0,0,2,0,1,1,0,0,1,0,2
differentiated,S_0016990,2,2,1,0,2,0,0.0,1.0,0.0,1,-0.0,False,True,False,False,False,0,0,2,0,1,1,0,0,1,0,2
differentiated,S_0017001,1,1,1,0,1,0,0.0,1.0,0.0,1,-0.0,False,False,False,False,False,0,0,1,0,1,1,0,0,0,0,1
differentiated,S_0017002,1,1,1,0,1,0,0.0,1.0,0.0,1,-0.0,False,False,False,False,False,0,0,1,0,1,1,0,0,0,0,1
differentiated,S_0017004,1,1,1,0,1,0,0.0,1.0,0.0,1,-0.0,False,False,False,False,False,0,0,1,0,1,1,0,0,0,0,1
differentiated,S_0017006,1,1,1,0,1,0,0.0,1.0,0.0,1,-0.0,False,False,False,False,False,0,0,1,0,1,0,0,0,1,0,1
differentiated,S_0017007,1,1,1,0,1,0,0.0,1.0,0.0,1,-0.0,False,False,False,False,False,0,0,1,0,1,1,0,0,0,0,1
differentiated,S_0017008,1,1,1,0,1,0,0.0,1.0,0.0,1,-0.0,False,False,False,False,False,0,0,1,0,1,0,0,0,1,0,1
differentiated,S_0017009,1,1,1,0,1,0,0.0,1.0,0.0,1,-0.0,False,False,False,False,False,0,0,1,0,1,1,0,0,0,0,1
differentiated,S_0017010,1,1,1,0,1,0,0.0,1.0,0.0,1,-0.0,False,False,False,False,False,0,0,1,0,1,1,0,0,0,0,1
differentiated,S_0017016,1,1,1,0,1,0,0.0,1.0,0.0,1,-0.0,False,False,False,False,False,0,0,1,0,1,1,0,0,0,0,1
differentiated,S_0017017,1,1,1,0,1,0,0.0,1.0,0.0,1,-0.0,False,False,False,False,False,0,0,1,0,1,1,0,0,0,0,1
differentiated,S_0017020,1,1,1,0,1,0,0.0,1.0,0.0,1,-0.0,False,False,False,False,False,0,0,1,0,1,1,0,0,0,0,1
differentiated,S_0017023,1,1,1,0,1,0,0.0,1.0,0.0,1,-0.0,False,False,False,False,False,0,0,1,0,1,1,0,0,0,0,1
differentiated,S_0017024,1,1,1,1,0,0,1.0,0.0,0.0,1,-0.0,False,False,False,False,False,0,0,0,1,1,1,0,0,0,0,1
differentiated,S_0017027,2,2,2,1,1,0,0.5,0.5,0.0,2,0.6309297535714574,False,True,False,False,False,0,0,0,2,1,1,0,0,1,0,2
differentiated,S_0017029,1,1,1,0,1,0,0.0,1.0,0.0,1,-0.0,False,False,False,False,False,0,0,0,1,1,0,0,0,1,0,1
differentiated,S_0017030,1,1,1,0,1,0,0.0,1.0,0.0,1,-0.0,False,False,False,False,False,0,0,0,1,1,0,0,0,1,0,1
differentiated,S_0017043,1,1,1,0,0,1,0.0,0.0,1.0,1,-0.0,False,False,False,False,False,0,0,1,0,1,0,0,0,1,0,1
differentiated,S_0017045,1,1,1,0,0,1,0.0,0.0,1.0,1,-0.0,False,False,False,False,False,0,0,1,0,1,0,0,0,1,0,1
differentiated,S_0017046,1,1,1,0,0,1,0.0,0.0,1.0,1,-0.0,False,False,False,False,False,0,0,1,0,1,0,0,0,1,0,1
differentiated,S_0017047,1,1,1,0,0,1,0.0,0.0,1.0,1,-0.0,False,False,False,False,False,0,0,1,0,1,0,0,0,1,0,1
differentiated,S_0017049,1,1,1,0,0,1,0.0,0.0,1.0,1,-0.0,False,False,False,False,False,0,0,1,0,1,0,0,0,1,0,1
differentiated,S_0017050,1,1,1,0,0,1,0.0,0.0,1.0,1,-0.0,False,False,False,False,False,0,0,1,0,1,0,0,0,1,0,1
differentiated,S_0017063,4,2,4,1,1,0,0.5,0.5,0.0,2,0.6309297535714574,False,True,False,False,False,0,0,0,2,1,1,0,0,1,0,2
differentiated,S_0017064,3,3,3,1,2,0,0.3333333333333333,0.6666666666666666,0.0,2,0.5793801642856949,False,True,True,False,False,0,0,1,2,2,2,0,0,1,0,2
differentiated,S_0017065,1,1,1,0,1,0,0.0,1.0,0.0,1,-0.0,False,False,False,False,False,0,0,1,0,1,1,0,0,0,0,1
differentiated,S_0017085,3,3,2,1,2,0,0.3333333333333333,0.6666666666666666,0.0,2,0.5793801642856949,False,True,True,False,False,0,0,2,1,2,2,0,0,1,0,2
differentiated,S_0017091,1,1,1,0,0,1,0.0,0.0,1.0,1,-0.0,False,False,False,False,False,0,0,1,0,1,1,0,0,0,0,1
differentiated,S_0017093,1,1,1,0,0,1,0.0,0.0,1.0,1,-0.0,False,False,False,False,False,0,0,1,0,1,1,0,0,0,0,1
differentiated,S_0017094,1,1,1,0,1,0,0.0,1.0,0.0,1,-0.0,False,False,False,False,False,0,1,0,0,1,0,0,0,0,1,1
differentiated,S_0017096,1,1,1,0,1,0,0.0,1.0,0.0,1,-0.0,False,False,False,False,False,0,1,0,0,1,0,0,0,0,1,1
differentiated,S_0017126,1,1,1,0,1,0,0.0,1.0,0.0,1,-0.0,False,False,False,False,False,0,0,1,0,1,1,0,0,0,0,1
differentiated,S_0017127,1,1,1,0,1,0,0.0,1.0,0.0,1,-0.0,False,False,False,False,False,0,0,1,0,1,1,0,0,0,0,1
differentiated,S_0017129,1,1,1,0,1,0,0.0,1.0,0.0,1,-0.0,False,False,False,False,False,0,0,1,0,1,0,0,0,0,1,1
differentiated,S_0017131,1,1,1,0,1,0,0.0,1.0,0.0,1,-0.0,False,False,False,False,False,0,0,1,0,1,1,0,0,0,0,1
differentiated,S_0017132,2,2,1,0,2,0,0.0,1.0,0.0,1,-0.0,False,True,False,False,False,0,0,2,0,1,1,0,0,0,1,2
differentiated,S_0017133,1,1,1,0,1,0,0.0,1.0,0.0,1,-0.0,False,False,False,False,False,0,0,1,0,1,1,0,0,0,0,1
differentiated,S_0017134,1,1,1,0,1,0,0.0,1.0,0.0,1,-0.0,False,False,False,False,False,0,0,1,0,1,0,1,0,0,0,1
differentiated,S_0017135,1,1,1,0,1,0,0.0,1.0,0.0,1,-0.0,False,False,False,False,False,0,0,1,0,1,0,0,0,0,1,1
differentiated,S_0017136,2,2,1,0,2,0,0.0,1.0,0.0,1,-0.0,False,True,False,False,False,0,0,2,0,1,1,0,0,0,1,2
differentiated,S_0017137,1,1,1,0,1,0,0.0,1.0,0.0,1,-0.0,False,False,False,False,False,0,0,1,0,1,0,1,0,0,0,1
differentiated,S_0017144,1,1,1,0,1,0,0.0,1.0,0.0,1,-0.0,False,False,False,False,False,0,1,0,0,1,0,0,0,0,1,1
differentiated,S_0017146,1,1,1,0,1,0,0.0,1.0,0.0,1,-0.0,False,False,False,False,False,0,1,0,0,1,0,0,0,0,1,1
differentiated,S_0017153,1,1,1,0,1,0,0.0,1.0,0.0,1,-0.0,False,False,False,False,False,0,1,0,0,1,1,0,0,0,0,1
differentiated,S_0017156,1,1,1,0,1,0,0.0,1.0,0.0,1,-0.0,False,False,False,False,False,0,1,0,0,1,1,0,0,0,0,1
differentiated,S_0017161,1,1,1,0,1,0,0.0,1.0,0.0,1,-0.0,False,False,False,False,False,0,0,1,0,1,1,0,0,0,0,1
differentiated,S_0017163,1,1,1,0,1,0,0.0,1.0,0.0,1,-0.0,False,False,False,False,False,0,1,0,0,1,1,0,0,0,0,1
differentiated,S_0017164,8,5,6,0,5,0,0.0,1.0,0.0,1,-0.0,True,True,True,True,False,0,1,0,4,2,3,0,1,1,0,3
differentiated,S_0017176,1,1,1,0,1,0,0.0,1.0,0.0,1,-0.0,False,False,False,False,False,0,0,1,0,1,0,0,0,1,0,1
differentiated,S_0017180,1,1,1,0,1,0,0.0,1.0,0.0,1,-0.0,False,False,False,False,False,0,0,1,0,1,0,0,0,1,0,1
differentiated,S_0017182,1,1,1,0,1,0,0.0,1.0,0.0,1,-0.0,False,False,False,False,False,0,0,1,0,1,0,0,0,1,0,1
differentiated,S_0017204,1,1,1,1,0,0,1.0,0.0,0.0,1,-0.0,False,False,False,False,False,0,0,1,0,1,0,0,1,0,0,1
differentiated,S_0017205,1,1,1,1,0,0,1.0,0.0,0.0,1,-0.0,False,False,False,False,False,0,0,1,0,1,0,0,1,0,0,1
differentiated,S_0017215,1,1,1,0,1,0,0.0,1.0,0.0,1,-0.0,False,False,False,False,False,0,0,1,0,1,0,0,0,0,1,1
differentiated,S_0017216,1,1,1,0,1,0,0.0,1.0,0.0,1,-0.0,False,False,False,False,False,0,0,1,0,1,0,0,0,0,1,1
differentiated,S_0017217,1,1,1,0,1,0,0.0,1.0,0.0,1,-0.0,False,False,False,False,False,0,0,1,0,1,0,0,0,0,1,1
differentiated,S_0017218,1,1,1,0,1,0,0.0,1.0,0.0,1,-0.0,False,False,False,False,False,0,0,1,0,1,0,0,0,0,1,1
differentiated,S_0017222,1,1,1,0,1,0,0.0,1.0,0.0,1,-0.0,False,False,False,False,False,0,0,0,1,1,1,0,0,0,0,1
differentiated,S_0017231,6,3,6,1,2,0,0.3333333333333333,0.6666666666666666,0.0,2,0.5793801642856949,False,True,True,False,False,0,0,0,3,1,2,0,0,0,1,2
differentiated,S_0017232,1,1,1,0,0,1,0.0,0.0,1.0,1,-0.0,False,False,False,False,False,0,0,1,0,1,1,0,0,0,0,1
differentiated,S_0017233,4,4,4,1,2,1,0.25,0.5,0.25,3,0.946394630357186,False,True,True,False,False,0,0,1,3,2,3,0,0,0,1,2
differentiated,S_0017234,4,4,4,1,2,1,0.25,0.5,0.25,3,0.946394630357186,False,True,True,False,False,0,0,1,3,2,3,0,0,0,1,2
differentiated,S_0017235,4,4,4,1,2,1,0.25,0.5,0.25,3,0.946394630357186,False,True,True,False,False,0,0,1,3,2,3,0,0,0,1,2
differentiated,S_0017238,4,4,4,1,2,1,0.25,0.5,0.25,3,0.946394630357186,False,True,True,False,False,0,0,1,3,2,3,0,0,0,1,2
differentiated,S_0017239,4,4,4,1,2,1,0.25,0.5,0.25,3,0.946394630357186,False,True,True,False,False,0,0,1,3,2,3,0,0,0,1,2
differentiated,S_0017241,1,1,1,0,0,1,0.0,0.0,1.0,1,-0.0,False,False,False,False,False,0,0,1,0,1,1,0,0,0,0,1
differentiated,S_0017242,1,1,1,0,0,1,0.0,0.0,1.0,1,-0.0,False,False,False,False,False,0,0,1,0,1,1,0,0,0,0,1
differentiated,S_0017244,2,2,2,1,1,0,0.5,0.5,0.0,2,0.6309297535714574,False,True,False,False,False,0,0,0,2,1,1,0,0,0,1,2
differentiated,S_0017245,2,2,2,1,1,0,0.5,0.5,0.0,2,0.6309297535714574,False,True,False,False,False,0,0,0,2,1,1,0,0,0,1,2
differentiated,S_0017248,1,1,1,0,1,0,0.0,1.0,0.0,1,-0.0,False,False,False,False,False,0,0,1,0,1,0,1,0,0,0,1
differentiated,S_0017262,2,2,1,0,2,0,0.0,1.0,0.0,1,-0.0,False,True,False,False,False,0,0,2,0,1,1,0,1,0,0,2
differentiated,S_0017263,1,1,1,0,1,0,0.0,1.0,0.0,1,-0.0,False,False,False,False,False,0,0,1,0,1,1,0,0,0,0,1
differentiated,S_0017264,1,1,1,0,1,0,0.0,1.0,0.0,1,-0.0,False,False,False,False,False,0,0,1,0,1,1,0,0,0,0,1
differentiated,S_0017265,2,2,1,0,2,0,0.0,1.0,0.0,1,-0.0,False,True,False,False,False,0,0,2,0,1,1,0,1,0,0,2
differentiated,S_0017266,2,2,1,0,2,0,0.0,1.0,0.0,1,-0.0,False,True,False,False,False,0,0,2,0,1,1,0,1,0,0,2
differentiated,S_0017268,2,2,1,0,2,0,0.0,1.0,0.0,1,-0.0,False,True,False,False,False,0,0,2,0,1,1,0,1,0,0,2
differentiated,S_0017281,1,1,1,0,1,0,0.0,1.0,0.0,1,-0.0,False,False,False,False,False,0,0,1,0,1,1,0,0,0,0,1
differentiated,S_0017286,1,1,1,0,1,0,0.0,1.0,0.0,1,-0.0,False,False,False,False,False,0,0,0,1,1,0,0,1,0,0,1
differentiated,S_0017288,1,1,1,0,1,0,0.0,1.0,0.0,1,-0.0,False,False,False,False,False,0,0,0,1,1,0,0,1,0,0,1
differentiated,S_0017294,4,2,2,0,2,0,0.0,1.0,0.0,1,-0.0,False,True,False,False,False,0,0,0,2,1,0,0,1,0,1,2
differentiated,S_0017309,1,1,1,0,1,0,0.0,1.0,0.0,1,-0.0,False,False,False,False,False,0,0,1,0,1,0,0,0,0,1,1
differentiated,S_0017310,1,1,1,0,1,0,0.0,1.0,0.0,1,-0.0,False,False,False,False,False,0,0,1,0,1,0,0,0,0,1,1
differentiated,S_0017314,1,1,1,0,1,0,0.0,1.0,0.0,1,-0.0,False,False,False,False,False,0,0,1,0,1,0,0,0,1,0,1
differentiated,S_0017315,1,1,1,0,1,0,0.0,1.0,0.0,1,-0.0,False,False,False,False,False,0,0,1,0,1,0,0,0,1,0,1
differentiated,S_0017318,1,1,1,0,1,0,0.0,1.0,0.0,1,-0.0,False,False,False,False,False,0,0,1,0,1,0,0,0,1,0,1
differentiated,S_0017320,1,1,1,0,1,0,0.0,1.0,0.0,1,-0.0,False,False,False,False,False,0,0,1,0,1,0,0,0,1,0,1
differentiated,S_0017321,1,1,1,0,1,0,0.0,1.0,0.0,1,-0.0,False,False,False,False,False,1,0,0,0,1,0,1,0,0,0,1
differentiated,S_0017322,2,2,2,0,2,0,0.0,1.0,0.0,1,-0.0,False,True,False,False,False,1,0,0,1,2,0,1,0,1,0,2
differentiated,S_0017323,2,2,2,0,2,0,0.0,1.0,0.0,1,-0.0,False,True,False,False,False,1,0,0,1,2,0,1,0,1,0,2
differentiated,S_0017325,3,2,3,0,2,0,0.0,1.0,0.0,1,-0.0,False,True,False,False,False,1,0,0,1,2,0,1,0,1,0,2
differentiated,S_0017326,2,1,2,0,1,0,0.0,1.0,0.0,1,-0.0,False,False,False,False,False,0,0,0,1,1,0,0,0,1,0,1
differentiated,S_0017327,1,1,1,0,1,0,0.0,1.0,0.0,1,-0.0,False,False,False,False,False,0,0,0,1,1,0,0,0,1,0,1
differentiated,S_0017330,1,1,1,0,1,0,0.0,1.0,0.0,1,-0.0,False,False,False,False,False,0,0,1,0,1,0,0,0,1,0,1
differentiated,S_0017332,1,1,1,0,1,0,0.0,1.0,0.0,1,-0.0,False,False,False,False,False,0,0,1,0,1,0,0,0,1,0,1
differentiated,S_0017334,1,1,1,0,1,0,0.0,1.0,0.0,1,-0.0,False,False,False,False,False,0,0,1,0,1,0,0,0,1,0,1
differentiated,S_0017365,1,1,1,0,0,1,0.0,0.0,1.0,1,-0.0,False,False,False,False,False,0,0,1,0,1,0,0,0,0,1,1
differentiated,S_0017366,1,1,1,0,0,1,0.0,0.0,1.0,1,-0.0,False,False,False,False,False,0,0,1,0,1,0,0,0,0,1,1
differentiated,S_0017369,1,1,1,0,0,1,0.0,0.0,1.0,1,-0.0,False,False,False,False,False,0,0,1,0,1,0,0,0,0,1,1
differentiated,S_0017381,1,1,1,0,0,1,0.0,0.0,1.0,1,-0.0,False,False,False,False,False,0,0,1,0,1,0,0,0,0,1,1
differentiated,S_0017382,1,1,1,0,0,1,0.0,0.0,1.0,1,-0.0,False,False,False,False,False,0,0,1,0,1,0,0,0,0,1,1
differentiated,S_0017383,1,1,1,0,0,1,0.0,0.0,1.0,1,-0.0,False,False,False,False,False,0,0,1,0,1,0,0,0,0,1,1
differentiated,S_0017384,1,1,1,0,0,1,0.0,0.0,1.0,1,-0.0,False,False,False,False,False,0,0,1,0,1,0,0,0,0,1,1
differentiated,S_0017389,1,1,1,0,0,1,0.0,0.0,1.0,1,-0.0,False,False,False,False,False,0,0,1,0,1,0,0,0,0,1,1
differentiated,S_0017391,1,1,1,0,0,1,0.0,0.0,1.0,1,-0.0,False,False,False,False,False,0,0,1,0,1,0,0,0,0,1,1
differentiated,S_0017399,1,1,1,0,0,1,0.0,0.0,1.0,1,-0.0,False,False,False,False,False,0,0,1,0,1,0,0,0,0,1,1
differentiated,S_0017415,1,1,1,0,0,1,0.0,0.0,1.0,1,-0.0,False,False,False,False,False,0,0,1,0,1,0,0,0,0,1,1
differentiated,S_0017416,1,1,1,0,0,1,0.0,0.0,1.0,1,-0.0,False,False,False,False,False,0,0,1,0,1,0,0,0,0,1,1
differentiated,S_0017418,1,1,1,0,0,1,0.0,0.0,1.0,1,-0.0,False,False,False,False,False,0,0,1,0,1,0,0,0,0,1,1
differentiated,S_0017420,1,1,1,0,0,1,0.0,0.0,1.0,1,-0.0,False,False,False,False,False,0,0,1,0,1,0,0,0,0,1,1
differentiated,S_0017422,1,1,1,0,0,1,0.0,0.0,1.0,1,-0.0,False,False,False,False,False,0,0,1,0,1,0,0,0,0,1,1
differentiated,S_0017424,1,1,1,0,0,1,0.0,0.0,1.0,1,-0.0,False,False,False,False,False,0,0,1,0,1,0,0,0,0,1,1
differentiated,S_0017425,1,1,1,0,0,1,0.0,0.0,1.0,1,-0.0,False,False,False,False,False,0,0,1,0,1,0,0,0,0,1,1
differentiated,S_0017428,1,1,1,0,0,1,0.0,0.0,1.0,1,-0.0,False,False,False,False,False,0,0,1,0,1,0,0,0,0,1,1
differentiated,S_0017429,1,1,1,0,0,1,0.0,0.0,1.0,1,-0.0,False,False,False,False,False,0,0,1,0,1,0,0,0,0,1,1
differentiated,S_0017431,1,1,1,0,0,1,0.0,0.0,1.0,1,-0.0,False,False,False,False,False,0,0,1,0,1,0,0,0,0,1,1
differentiated,S_0017432,1,1,1,0,0,1,0.0,0.0,1.0,1,-0.0,False,False,False,False,False,0,0,1,0,1,0,0,0,0,1,1
differentiated,S_0017433,1,1,1,0,0,1,0.0,0.0,1.0,1,-0.0,False,False,False,False,False,0,0,1,0,1,0,0,0,0,1,1
differentiated,S_0017436,1,1,1,0,0,1,0.0,0.0,1.0,1,-0.0,False,False,False,False,False,0,0,1,0,1,0,0,0,0,1,1
differentiated,S_0017437,1,1,1,0,0,1,0.0,0.0,1.0,1,-0.0,False,False,False,False,False,0,0,1,0,1,0,0,0,0,1,1
differentiated,S_0017438,2,2,2,0,1,1,0.0,0.5,0.5,2,0.6309297535714574,False,True,False,False,False,0,0,1,1,2,0,1,0,0,1,2
differentiated,S_0017439,1,1,1,0,0,1,0.0,0.0,1.0,1,-0.0,False,False,False,False,False,0,0,1,0,1,0,0,0,0,1,1
differentiated,S_0017440,1,1,1,0,1,0,0.0,1.0,0.0,1,-0.0,False,False,False,False,False,0,0,0,1,1,0,1,0,0,0,1
differentiated,S_0017443,3,2,3,0,2,0,0.0,1.0,0.0,1,-0.0,False,True,False,False,False,1,0,0,1,2,0,1,0,1,0,2
differentiated,S_0017444,2,2,2,0,2,0,0.0,1.0,0.0,1,-0.0,False,True,False,False,False,1,0,0,1,2,0,1,0,1,0,2
differentiated,S_0017446,2,2,2,0,2,0,0.0,1.0,0.0,1,-0.0,False,True,False,False,False,1,0,0,1,2,0,1,0,1,0,2
differentiated,S_0017448,1,1,1,0,1,0,0.0,1.0,0.0,1,-0.0,False,False,False,False,False,0,0,1,0,1,0,0,0,1,0,1
differentiated,S_0017449,1,1,1,0,0,1,0.0,0.0,1.0,1,-0.0,False,False,False,False,False,0,0,1,0,1,0,0,0,0,1,1
differentiated,S_0017450,2,2,1,0,1,1,0.0,0.5,0.5,2,0.6309297535714574,False,True,False,False,False,0,0,2,0,1,0,0,0,1,1,2
differentiated,S_0017451,1,1,1,0,0,1,0.0,0.0,1.0,1,-0.0,False,False,False,False,False,0,0,1,0,1,0,0,0,0,1,1
differentiated,S_0017453,1,1,1,0,0,1,0.0,0.0,1.0,1,-0.0,False,False,False,False,False,0,0,1,0,1,0,0,0,0,1,1
differentiated,S_0017461,1,1,1,1,0,0,1.0,0.0,0.0,1,-0.0,False,False,False,False,False,1,0,0,0,1,1,0,0,0,0,1
differentiated,S_0017466,1,1,1,0,1,0,0.0,1.0,0.0,1,-0.0,False,False,False,False,False,0,0,0,1,1,0,0,0,1,0,1
differentiated,S_0017467,1,1,1,0,1,0,0.0,1.0,0.0,1,-0.0,False,False,False,False,False,0,0,0,1,1,0,0,0,1,0,1
differentiated,S_0017468,2,2,2,0,2,0,0.0,1.0,0.0,1,-0.0,False,True,False,False,False,0,0,0,2,1,0,0,0,2,0,1
differentiated,S_0017469,2,2,2,0,2,0,0.0,1.0,0.0,1,-0.0,False,True,False,False,False,0,0,0,2,1,0,0,0,2,0,1
differentiated,S_0017471,1,1,1,0,1,0,0.0,1.0,0.0,1,-0.0,False,False,False,False,False,0,0,0,1,1,0,0,0,1,0,1
differentiated,S_0017477,1,1,1,0,0,1,0.0,0.0,1.0,1,-0.0,False,False,False,False,False,0,0,1,0,1,0,0,0,0,1,1
differentiated,S_0017478,1,1,1,0,0,1,0.0,0.0,1.0,1,-0.0,False,False,False,False,False,0,0,1,0,1,0,0,0,0,1,1
differentiated,S_0017480,1,1,1,0,0,1,0.0,0.0,1.0,1,-0.0,False,False,False,False,False,0,0,1,0,1,0,0,0,0,1,1
differentiated,S_0017481,1,1,1,0,0,1,0.0,0.0,1.0,1,-0.0,False,False,False,False,False,0,0,1,0,1,0,0,0,0,1,1
differentiated,S_0017494,1,1,1,0,0,1,0.0,0.0,1.0,1,-0.0,False,False,False,False,False,0,0,1,0,1,0,0,0,0,1,1
differentiated,S_0017496,1,1,1,0,0,1,0.0,0.0,1.0,1,-0.0,False,False,False,False,False,0,0,1,0,1,0,0,0,0,1,1
differentiated,S_0017498,1,1,1,0,0,1,0.0,0.0,1.0,1,-0.0,False,False,False,False,False,0,0,1,0,1,0,0,0,0,1,1
differentiated,S_0017500,1,1,1,0,0,1,0.0,0.0,1.0,1,-0.0,False,False,False,False,False,0,0,1,0,1,0,0,0,0,1,1
differentiated,S_0017501,2,2,1,1,0,1,0.5,0.0,0.5,2,0.6309297535714574,False,True,False,False,False,0,0,2,0,1,0,0,1,1,0,2
differentiated,S_0017502,1,1,1,0,1,0,0.0,1.0,0.0,1,-0.0,False,False,False,False,False,0,0,1,0,1,0,0,0,0,1,1
differentiated,S_0017503,2,2,1,1,0,1,0.5,0.0,0.5,2,0.6309297535714574,False,True,False,False,False,0,0,2,0,1,0,0,1,1,0,2
differentiated,S_0017508,1,1,1,0,1,0,0.0,1.0,0.0,1,-0.0,False,False,False,False,False,0,0,1,0,1,1,0,0,0,0,1
differentiated,S_0017509,1,1,1,0,1,0,0.0,1.0,0.0,1,-0.0,False,False,False,False,False,0,0,1,0,1,1,0,0,0,0,1
differentiated,S_0017510,3,3,1,1,1,1,0.3333333333333333,0.3333333333333333,0.3333333333333333,3,0.9999999999999998,False,True,True,False,False,0,0,3,0,1,1,0,1,1,0,3
differentiated,S_0017511,1,1,1,0,1,0,0.0,1.0,0.0,1,-0.0,False,False,False,False,False,0,0,1,0,1,0,0,1,0,0,1
differentiated,S_0017512,3,3,1,1,1,1,0.3333333333333333,0.3333333333333333,0.3333333333333333,3,0.9999999999999998,False,True,True,False,False,0,0,3,0,1,1,0,1,1,0,3
differentiated,S_0017513,1,1,1,0,1,0,0.0,1.0,0.0,1,-0.0,False,False,False,False,False,0,0,1,0,1,0,0,1,0,0,1
differentiated,S_0017514,1,1,1,0,0,1,0.0,0.0,1.0,1,-0.0,False,False,False,False,False,0,0,1,0,1,0,0,0,0,1,1
differentiated,S_0017515,1,1,1,0,1,0,0.0,1.0,0.0,1,-0.0,False,False,False,False,False,0,0,1,0,1,1,0,0,0,0,1
differentiated,S_0017516,1,1,1,0,1,0,0.0,1.0,0.0,1,-0.0,False,False,False,False,False,0,0,1,0,1,1,0,0,0,0,1
differentiated,S_0017517,1,1,1,0,0,1,0.0,0.0,1.0,1,-0.0,False,False,False,False,False,0,0,1,0,1,0,0,0,0,1,1
differentiated,S_0017518,4,4,1,1,0,3,0.25,0.0,0.75,2,0.5118595071429147,False,True,True,False,False,0,0,4,0,1,0,0,1,1,2,3
differentiated,S_0017519,4,4,1,1,0,3,0.25,0.0,0.75,2,0.5118595071429147,False,True,True,False,False,0,0,4,0,1,0,0,1,1,2,3
differentiated,S_0017521,4,4,1,1,0,3,0.25,0.0,0.75,2,0.5118595071429147,False,True,True,False,False,0,0,4,0,1,0,0,1,1,2,3
differentiated,S_0017530,10,5,4,2,3,0,0.4,0.6,0.0,2,0.6126016192893442,True,True,True,True,False,0,0,0,5,1,2,3,0,0,0,2
differentiated,S_0017531,2,2,1,1,0,1,0.5,0.0,0.5,2,0.6309297535714574,False,True,False,False,False,0,0,2,0,1,0,0,1,1,0,2
differentiated,S_0017532,1,1,1,0,1,0,0.0,1.0,0.0,1,-0.0,False,False,False,False,False,0,0,1,0,1,1,0,0,0,0,1
differentiated,S_0017533,1,1,1,0,1,0,0.0,1.0,0.0,1,-0.0,False,False,False,False,False,0,0,1,0,1,1,0,0,0,0,1
differentiated,S_0017550,1,1,1,0,0,1,0.0,0.0,1.0,1,-0.0,False,False,False,False,False,0,0,0,1,1,1,0,0,0,0,1
differentiated,S_0017551,2,2,1,0,1,1,0.0,0.5,0.5,2,0.6309297535714574,False,True,False,False,False,0,0,2,0,1,2,0,0,0,0,1
differentiated,S_0017553,2,2,1,0,1,1,0.0,0.5,0.5,2,0.6309297535714574,False,True,False,False,False,0,0,2,0,1,2,0,0,0,0,1
differentiated,S_0017561,1,1,1,0,0,1,0.0,0.0,1.0,1,-0.0,False,False,False,False,False,0,1,0,0,1,0,0,0,1,0,1
differentiated,S_0017563,15,10,6,3,5,2,0.3,0.5,0.2,3,0.9372305632161295,True,True,True,True,True,0,1,0,9,2,7,2,0,1,0,3
differentiated,S_0017568,1,1,1,1,0,0,1.0,0.0,0.0,1,-0.0,False,False,False,False,False,0,0,0,1,1,1,0,0,0,0,1
differentiated,S_0017570,6,6,2,2,3,1,0.3333333333333333,0.5,0.16666666666666666,3,0.9206198357143047,True,True,True,True,False,0,0,0,6,1,4,2,0,0,0,2
differentiated,S_0017593,1,1,1,0,0,1,0.0,0.0,1.0,1,-0.0,False,False,False,False,False,0,1,0,0,1,0,0,0,1,0,1
differentiated,S_0017613,4,4,2,0,2,2,0.0,0.5,0.5,2,0.6309297535714574,False,True,True,False,False,0,0,3,1,2,2,1,0,0,1,3
differentiated,S_0017615,4,4,2,0,2,2,0.0,0.5,0.5,2,0.6309297535714574,False,True,True,False,False,0,0,3,1,2,2,1,0,0,1,3
differentiated,S_0017628,3,3,2,1,1,1,0.3333333333333333,0.3333333333333333,0.3333333333333333,3,0.9999999999999998,False,True,True,False,False,0,0,2,1,2,0,1,0,1,1,3
differentiated,S_0017629,1,1,1,1,0,0,1.0,0.0,0.0,1,-0.0,False,False,False,False,False,0,0,0,1,1,1,0,0,0,0,1
differentiated,S_0017630,5,5,4,1,3,1,0.2,0.6,0.2,3,0.8649735207179272,True,True,True,True,False,0,0,2,3,2,1,1,0,1,2,4
differentiated,S_0017631,1,1,1,1,0,0,1.0,0.0,0.0,1,-0.0,False,False,False,False,False,0,0,0,1,1,1,0,0,0,0,1
differentiated,S_0017639,2,2,1,1,1,0,0.5,0.5,0.0,2,0.6309297535714574,False,True,False,False,False,0,0,0,2,1,1,0,0,1,0,2
differentiated,S_0017641,1,1,1,0,1,0,0.0,1.0,0.0,1,-0.0,False,False,False,False,False,0,0,0,1,1,1,0,0,0,0,1
differentiated,S_0017648,3,2,2,1,1,0,0.5,0.5,0.0,2,0.6309297535714574,False,True,False,False,False,0,0,0,2,1,1,0,0,1,0,2
differentiated,S_0017663,2,2,1,0,1,1,0.0,0.5,0.5,2,0.6309297535714574,False,True,False,False,False,0,0,2,0,1,0,1,0,0,1,2
differentiated,S_0017664,2,2,1,0,1,1,0.0,0.5,0.5,2,0.6309297535714574,False,True,False,False,False,0,0,2,0,1,0,1,0,0,1,2
differentiated,S_0017685,1,1,1,0,0,1,0.0,0.0,1.0,1,-0.0,False,False,False,False,False,0,0,1,0,1,1,0,0,0,0,1
differentiated,S_0017688,1,1,1,0,1,0,0.0,1.0,0.0,1,-0.0,False,False,False,False,False,0,0,0,1,1,1,0,0,0,0,1
differentiated,S_0017689,1,1,1,0,1,0,0.0,1.0,0.0,1,-0.0,False,False,False,False,False,0,0,0,1,1,1,0,0,0,0,1
differentiated,S_0017690,1,1,1,0,1,0,0.0,1.0,0.0,1,-0.0,False,False,False,False,False,0,0,1,0,1,0,1,0,0,0,1
differentiated,S_0017691,1,1,1,0,1,0,0.0,1.0,0.0,1,-0.0,False,False,False,False,False,0,0,1,0,1,0,1,0,0,0,1
differentiated,S_0017694,1,1,1,0,0,1,0.0,0.0,1.0,1,-0.0,False,False,False,False,False,0,0,1,0,1,1,0,0,0,0,1
differentiated,S_0017699,1,1,1,0,1,0,0.0,1.0,0.0,1,-0.0,False,False,False,False,False,0,1,0,0,1,1,0,0,0,0,1
differentiated,S_0017701,1,1,1,0,1,0,0.0,1.0,0.0,1,-0.0,False,False,False,False,False,0,1,0,0,1,1,0,0,0,0,1
differentiated,S_0017706,1,1,1,0,0,1,0.0,0.0,1.0,1,-0.0,False,False,False,False,False,0,1,0,0,1,0,0,0,1,0,1
differentiated,S_0017707,1,1,1,0,0,1,0.0,0.0,1.0,1,-0.0,False,False,False,False,False,0,1,0,0,1,0,0,0,1,0,1
differentiated,S_0017709,1,1,1,0,0,1,0.0,0.0,1.0,1,-0.0,False,False,False,False,False,0,1,0,0,1,0,0,0,1,0,1
differentiated,S_0017731,1,1,1,0,1,0,0.0,1.0,0.0,1,-0.0,False,False,False,False,False,0,1,0,0,1,1,0,0,0,0,1
differentiated,S_0017770,1,1,1,0,0,1,0.0,0.0,1.0,1,-0.0,False,False,False,False,False,0,0,1,0,1,0,0,0,0,1,1
differentiated,S_0017773,1,1,1,0,0,1,0.0,0.0,1.0,1,-0.0,False,False,False,False,False,0,0,1,0,1,0,0,0,0,1,1
differentiated,S_0017801,1,1,1,0,1,0,0.0,1.0,0.0,1,-0.0,False,False,False,False,False,0,0,1,0,1,1,0,0,0,0,1
differentiated,S_0017802,1,1,1,0,1,0,0.0,1.0,0.0,1,-0.0,False,False,False,False,False,0,0,1,0,1,1,0,0,0,0,1
differentiated,S_0017803,1,1,1,0,1,0,0.0,1.0,0.0,1,-0.0,False,False,False,False,False,0,0,1,0,1,1,0,0,0,0,1
differentiated,S_0017804,1,1,1,0,1,0,0.0,1.0,0.0,1,-0.0,False,False,False,False,False,0,0,1,0,1,1,0,0,0,0,1
differentiated,S_0017806,1,1,1,0,0,1,0.0,0.0,1.0,1,-0.0,False,False,False,False,False,0,0,1,0,1,0,0,1,0,0,1
differentiated,S_0017808,1,1,1,0,0,1,0.0,0.0,1.0,1,-0.0,False,False,False,False,False,0,0,1,0,1,0,0,1,0,0,1
differentiated,S_0017812,1,1,1,0,1,0,0.0,1.0,0.0,1,-0.0,False,False,False,False,False,0,0,0,1,1,0,0,1,0,0,1
differentiated,S_0017813,1,1,1,0,1,0,0.0,1.0,0.0,1,-0.0,False,False,False,False,False,0,0,1,0,1,1,0,0,0,0,1
differentiated,S_0017816,1,1,1,0,1,0,0.0,1.0,0.0,1,-0.0,False,False,False,False,False,0,0,1,0,1,1,0,0,0,0,1
differentiated,S_0017817,1,1,1,0,1,0,0.0,1.0,0.0,1,-0.0,False,False,False,False,False,0,0,1,0,1,1,0,0,0,0,1
differentiated,S_0017818,2,2,2,1,1,0,0.5,0.5,0.0,2,0.6309297535714574,False,True,False,False,False,0,0,1,1,2,1,1,0,0,0,2
differentiated,S_0017820,2,2,2,1,1,0,0.5,0.5,0.0,2,0.6309297535714574,False,True,False,False,False,0,0,1,1,2,1,1,0,0,0,2
differentiated,S_0017823,1,1,1,0,0,1,0.0,0.0,1.0,1,-0.0,False,False,False,False,False,0,0,1,0,1,0,0,1,0,0,1
differentiated,S_0017824,1,1,1,0,0,1,0.0,0.0,1.0,1,-0.0,False,False,False,False,False,0,0,1,0,1,0,0,1,0,0,1
differentiated,S_0017827,2,2,2,1,1,0,0.5,0.5,0.0,2,0.6309297535714574,False,True,False,False,False,0,0,0,2,1,0,1,1,0,0,2
differentiated,S_0017828,1,1,1,0,0,1,0.0,0.0,1.0,1,-0.0,False,False,False,False,False,0,0,1,0,1,0,0,1,0,0,1
differentiated,S_0017830,1,1,1,0,0,1,0.0,0.0,1.0,1,-0.0,False,False,False,False,False,0,0,1,0,1,0,0,1,0,0,1
differentiated,S_0017831,3,3,3,1,2,0,0.3333333333333333,0.6666666666666666,0.0,2,0.5793801642856949,False,True,True,False,False,0,0,0,3,1,1,1,1,0,0,3
differentiated,S_0017833,3,3,3,1,2,0,0.3333333333333333,0.6666666666666666,0.0,2,0.5793801642856949,False,True,True,False,False,0,0,0,3,1,1,1,1,0,0,3
differentiated,S_0017834,3,3,3,1,1,1,0.3333333333333333,0.3333333333333333,0.3333333333333333,3,0.9999999999999998,False,True,True,False,False,0,0,1,2,2,0,1,2,0,0,2
differentiated,S_0017836,1,1,1,0,0,1,0.0,0.0,1.0,1,-0.0,False,False,False,False,False,0,0,1,0,1,0,0,1,0,0,1
differentiated,S_0017837,2,2,2,1,1,0,0.5,0.5,0.0,2,0.6309297535714574,False,True,False,False,False,0,0,1,1,2,1,1,0,0,0,2
differentiated,S_0017839,2,2,2,1,1,0,0.5,0.5,0.0,2,0.6309297535714574,False,True,False,False,False,0,0,1,1,2,1,1,0,0,0,2
differentiated,S_0017840,4,3,4,2,1,0,0.6666666666666666,0.3333333333333333,0.0,2,0.5793801642856949,False,True,True,False,False,0,0,1,2,2,1,1,0,1,0,3
differentiated,S_0017841,6,2,6,2,0,0,1.0,0.0,0.0,1,-0.0,False,True,False,False,False,0,0,0,2,1,0,1,0,1,0,2
differentiated,S_0017842,7,3,7,2,1,0,0.6666666666666666,0.3333333333333333,0.0,2,0.5793801642856949,False,True,True,False,False,0,0,1,2,2,1,1,0,1,0,3
differentiated,S_0017843,2,2,2,1,1,0,0.5,0.5,0.0,2,0.6309297535714574,False,True,False,False,False,0,0,1,1,2,1,1,0,0,0,2
differentiated,S_0017848,1,1,1,0,0,1,0.0,0.0,1.0,1,-0.0,False,False,False,False,False,0,0,1,0,1,0,0,1,0,0,1
differentiated,S_0017849,1,1,1,0,0,1,0.0,0.0,1.0,1,-0.0,False,False,False,False,False,0,0,1,0,1,0,0,1,0,0,1
differentiated,S_0017852,1,1,1,0,0,1,0.0,0.0,1.0,1,-0.0,False,False,False,False,False,0,0,1,0,1,0,0,1,0,0,1
differentiated,S_0017854,1,1,1,0,1,0,0.0,1.0,0.0,1,-0.0,False,False,False,False,False,0,0,1,0,1,1,0,0,0,0,1
differentiated,S_0017897,1,1,1,0,0,1,0.0,0.0,1.0,1,-0.0,False,False,False,False,False,0,0,1,0,1,0,1,0,0,0,1
differentiated,S_0017900,1,1,1,0,0,1,0.0,0.0,1.0,1,-0.0,False,False,False,False,False,0,0,1,0,1,0,1,0,0,0,1
differentiated,S_0017926,1,1,1,0,0,1,0.0,0.0,1.0,1,-0.0,False,False,False,False,False,0,0,1,0,1,0,0,1,0,0,1
differentiated,S_0017928,1,1,1,0,0,1,0.0,0.0,1.0,1,-0.0,False,False,False,False,False,0,0,1,0,1,0,0,1,0,0,1
differentiated,S_0017936,1,1,1,0,1,0,0.0,1.0,0.0,1,-0.0,False,False,False,False,False,0,0,1,0,1,0,0,0,1,0,1
differentiated,S_0017937,1,1,1,0,1,0,0.0,1.0,0.0,1,-0.0,False,False,False,False,False,0,0,1,0,1,0,0,0,1,0,1
differentiated,S_0017940,1,1,1,0,1,0,0.0,1.0,0.0,1,-0.0,False,False,False,False,False,0,0,1,0,1,0,0,0,0,1,1
differentiated,S_0017941,1,1,1,0,1,0,0.0,1.0,0.0,1,-0.0,False,False,False,False,False,0,0,1,0,1,0,0,0,0,1,1
differentiated,S_0017944,1,1,1,0,1,0,0.0,1.0,0.0,1,-0.0,False,False,False,False,False,0,0,1,0,1,0,0,0,0,1,1
differentiated,S_0017949,7,4,7,1,2,1,0.25,0.5,0.25,3,0.946394630357186,False,True,True,False,False,0,0,1,3,2,3,0,0,0,1,2
differentiated,S_0017951,4,4,4,1,2,1,0.25,0.5,0.25,3,0.946394630357186,False,True,True,False,False,0,0,1,3,2,3,0,0,0,1,2
differentiated,S_0017960,1,1,1,0,1,0,0.0,1.0,0.0,1,-0.0,False,False,False,False,False,0,0,1,0,1,1,0,0,0,0,1
differentiated,S_0017969,2,2,2,1,1,0,0.5,0.5,0.0,2,0.6309297535714574,False,True,False,False,False,0,0,1,1,2,1,1,0,0,0,2
differentiated,S_0017970,2,2,2,1,1,0,0.5,0.5,0.0,2,0.6309297535714574,False,True,False,False,False,0,0,1,1,2,1,1,0,0,0,2
differentiated,S_0017990,1,1,1,0,1,0,0.0,1.0,0.0,1,-0.0,False,False,False,False,False,0,0,1,0,1,1,0,0,0,0,1
differentiated,S_0017991,1,1,1,0,1,0,0.0,1.0,0.0,1,-0.0,False,False,False,False,False,0,0,1,0,1,1,0,0,0,0,1
differentiated,S_0017993,1,1,1,0,1,0,0.0,1.0,0.0,1,-0.0,False,False,False,False,False,0,0,1,0,1,1,0,0,0,0,1
differentiated,S_0018010,1,1,1,0,0,1,0.0,0.0,1.0,1,-0.0,False,False,False,False,False,0,0,1,0,1,1,0,0,0,0,1
differentiated,S_0018012,1,1,1,0,0,1,0.0,0.0,1.0,1,-0.0,False,False,False,False,False,0,0,1,0,1,1,0,0,0,0,1
differentiated,S_0018037,1,1,1,1,0,0,1.0,0.0,0.0,1,-0.0,False,False,False,False,False,0,0,0,1,1,1,0,0,0,0,1
differentiated,S_0018038,1,1,1,1,0,0,1.0,0.0,0.0,1,-0.0,False,False,False,False,False,0,0,0,1,1,1,0,0,0,0,1
differentiated,S_0018040,1,1,1,1,0,0,1.0,0.0,0.0,1,-0.0,False,False,False,False,False,0,0,0,1,1,1,0,0,0,0,1
differentiated,S_0018044,1,1,1,1,0,0,1.0,0.0,0.0,1,-0.0,False,False,False,False,False,0,0,0,1,1,1,0,0,0,0,1
differentiated,S_0018045,1,1,1,1,0,0,1.0,0.0,0.0,1,-0.0,False,False,False,False,False,0,0,0,1,1,1,0,0,0,0,1
differentiated,S_0018049,1,1,1,1,0,0,1.0,0.0,0.0,1,-0.0,False,False,False,False,False,0,0,0,1,1,1,0,0,0,0,1
differentiated,S_0018052,1,1,1,1,0,0,1.0,0.0,0.0,1,-0.0,False,False,False,False,False,0,0,0,1,1,1,0,0,0,0,1
differentiated,S_0018053,1,1,1,1,0,0,1.0,0.0,0.0,1,-0.0,False,False,False,False,False,0,0,0,1,1,1,0,0,0,0,1
differentiated,S_0018054,1,1,1,1,0,0,1.0,0.0,0.0,1,-0.0,False,False,False,False,False,0,0,0,1,1,1,0,0,0,0,1
differentiated,S_0018055,1,1,1,1,0,0,1.0,0.0,0.0,1,-0.0,False,False,False,False,False,0,0,0,1,1,1,0,0,0,0,1
differentiated,S_0018056,1,1,1,1,0,0,1.0,0.0,0.0,1,-0.0,False,False,False,False,False,0,0,0,1,1,1,0,0,0,0,1
differentiated,S_0018058,1,1,1,1,0,0,1.0,0.0,0.0,1,-0.0,False,False,False,False,False,0,0,0,1,1,1,0,0,0,0,1
differentiated,S_0018059,1,1,1,1,0,0,1.0,0.0,0.0,1,-0.0,False,False,False,False,False,0,0,0,1,1,1,0,0,0,0,1
differentiated,S_0018060,1,1,1,1,0,0,1.0,0.0,0.0,1,-0.0,False,False,False,False,False,0,0,0,1,1,1,0,0,0,0,1
differentiated,S_0018063,1,1,1,1,0,0,1.0,0.0,0.0,1,-0.0,False,False,False,False,False,0,0,0,1,1,1,0,0,0,0,1
differentiated,S_0018065,1,1,1,1,0,0,1.0,0.0,0.0,1,-0.0,False,False,False,False,False,0,0,0,1,1,1,0,0,0,0,1
differentiated,S_0018066,1,1,1,1,0,0,1.0,0.0,0.0,1,-0.0,False,False,False,False,False,0,0,0,1,1,1,0,0,0,0,1
differentiated,S_0018067,1,1,1,1,0,0,1.0,0.0,0.0,1,-0.0,False,False,False,False,False,0,0,0,1,1,1,0,0,0,0,1
differentiated,S_0018068,1,1,1,1,0,0,1.0,0.0,0.0,1,-0.0,False,False,False,False,False,0,0,0,1,1,1,0,0,0,0,1
differentiated,S_0018070,2,1,2,1,0,0,1.0,0.0,0.0,1,-0.0,False,False,False,False,False,0,0,0,1,1,1,0,0,0,0,1
differentiated,S_0018075,1,1,1,1,0,0,1.0,0.0,0.0,1,-0.0,False,False,False,False,False,0,0,0,1,1,1,0,0,0,0,1
differentiated,S_0018076,1,1,1,1,0,0,1.0,0.0,0.0,1,-0.0,False,False,False,False,False,0,0,0,1,1,1,0,0,0,0,1
differentiated,S_0018091,1,1,1,0,1,0,0.0,1.0,0.0,1,-0.0,False,False,False,False,False,0,0,0,1,1,0,0,0,0,1,1
differentiated,S_0018092,1,1,1,0,1,0,0.0,1.0,0.0,1,-0.0,False,False,False,False,False,0,0,0,1,1,0,0,0,0,1,1
differentiated,S_0018100,1,1,1,0,0,1,0.0,0.0,1.0,1,-0.0,False,False,False,False,False,0,0,1,0,1,0,0,0,1,0,1
differentiated,S_0018101,1,1,1,0,0,1,0.0,0.0,1.0,1,-0.0,False,False,False,False,False,0,0,1,0,1,0,0,0,1,0,1
differentiated,S_0018103,1,1,1,0,0,1,0.0,0.0,1.0,1,-0.0,False,False,False,False,False,0,0,1,0,1,0,0,0,1,0,1
differentiated,S_0018106,1,1,1,0,0,1,0.0,0.0,1.0,1,-0.0,False,False,False,False,False,0,0,1,0,1,0,0,0,1,0,1
differentiated,S_0018109,1,1,1,0,0,1,0.0,0.0,1.0,1,-0.0,False,False,False,False,False,0,0,1,0,1,0,0,0,1,0,1
differentiated,S_0018124,1,1,1,0,1,0,0.0,1.0,0.0,1,-0.0,False,False,False,False,False,0,1,0,0,1,0,0,0,1,0,1
differentiated,S_0018126,1,1,1,0,1,0,0.0,1.0,0.0,1,-0.0,False,False,False,False,False,0,1,0,0,1,0,0,0,1,0,1
differentiated,S_0018127,1,1,1,0,1,0,0.0,1.0,0.0,1,-0.0,False,False,False,False,False,0,1,0,0,1,0,0,0,1,0,1
differentiated,S_0018128,1,1,1,0,1,0,0.0,1.0,0.0,1,-0.0,False,False,False,False,False,0,1,0,0,1,0,0,0,1,0,1
differentiated,S_0018131,3,3,2,0,3,0,0.0,1.0,0.0,1,-0.0,False,True,True,False,False,0,1,2,0,2,2,0,0,1,0,2
differentiated,S_0018132,1,1,1,0,1,0,0.0,1.0,0.0,1,-0.0,False,False,False,False,False,0,1,0,0,1,0,0,0,1,0,1
differentiated,S_0018133,2,2,1,0,2,0,0.0,1.0,0.0,1,-0.0,False,True,False,False,False,0,0,2,0,1,2,0,0,0,0,1
differentiated,S_0018135,3,3,2,0,3,0,0.0,1.0,0.0,1,-0.0,False,True,True,False,False,0,1,2,0,2,2,0,0,1,0,2
differentiated,S_0018139,1,1,1,0,1,0,0.0,1.0,0.0,1,-0.0,False,False,False,False,False,0,1,0,0,1,0,0,0,1,0,1
differentiated,S_0018140,2,2,1,0,2,0,0.0,1.0,0.0,1,-0.0,False,True,False,False,False,0,0,2,0,1,2,0,0,0,0,1
differentiated,S_0018141,3,3,2,0,3,0,0.0,1.0,0.0,1,-0.0,False,True,True,False,False,0,1,2,0,2,2,0,0,1,0,2
differentiated,S_0018142,2,2,1,0,2,0,0.0,1.0,0.0,1,-0.0,False,True,False,False,False,0,0,2,0,1,2,0,0,0,0,1
differentiated,S_0018144,2,2,1,0,2,0,0.0,1.0,0.0,1,-0.0,False,True,False,False,False,0,0,2,0,1,2,0,0,0,0,1
differentiated,S_0018145,2,2,1,0,2,0,0.0,1.0,0.0,1,-0.0,False,True,False,False,False,0,0,2,0,1,2,0,0,0,0,1
differentiated,S_0018148,2,2,1,0,2,0,0.0,1.0,0.0,1,-0.0,False,True,False,False,False,0,0,2,0,1,2,0,0,0,0,1
differentiated,S_0018149,2,2,1,0,2,0,0.0,1.0,0.0,1,-0.0,False,True,False,False,False,0,0,2,0,1,2,0,0,0,0,1
differentiated,S_0018151,2,2,1,0,2,0,0.0,1.0,0.0,1,-0.0,False,True,False,False,False,0,0,2,0,1,2,0,0,0,0,1
differentiated,S_0018152,2,2,1,0,2,0,0.0,1.0,0.0,1,-0.0,False,True,False,False,False,0,0,2,0,1,2,0,0,0,0,1
differentiated,S_0018153,2,2,1,0,2,0,0.0,1.0,0.0,1,-0.0,False,True,False,False,False,0,0,2,0,1,2,0,0,0,0,1
differentiated,S_0018155,2,2,1,0,2,0,0.0,1.0,0.0,1,-0.0,False,True,False,False,False,0,0,2,0,1,2,0,0,0,0,1
differentiated,S_0018156,2,2,1,0,2,0,0.0,1.0,0.0,1,-0.0,False,True,False,False,False,0,0,2,0,1,2,0,0,0,0,1
differentiated,S_0018160,2,2,1,0,2,0,0.0,1.0,0.0,1,-0.0,False,True,False,False,False,0,0,2,0,1,2,0,0,0,0,1
differentiated,S_0018162,2,2,1,0,2,0,0.0,1.0,0.0,1,-0.0,False,True,False,False,False,0,0,2,0,1,2,0,0,0,0,1
differentiated,S_0018164,2,2,1,0,2,0,0.0,1.0,0.0,1,-0.0,False,True,False,False,False,0,0,2,0,1,2,0,0,0,0,1
differentiated,S_0018165,1,1,1,0,1,0,0.0,1.0,0.0,1,-0.0,False,False,False,False,False,0,1,0,0,1,1,0,0,0,0,1
differentiated,S_0018166,3,3,2,0,3,0,0.0,1.0,0.0,1,-0.0,False,True,True,False,False,0,1,2,0,2,3,0,0,0,0,1
differentiated,S_0018167,2,2,1,0,2,0,0.0,1.0,0.0,1,-0.0,False,True,False,False,False,0,0,2,0,1,2,0,0,0,0,1
differentiated,S_0018168,1,1,1,0,1,0,0.0,1.0,0.0,1,-0.0,False,False,False,False,False,0,1,0,0,1,1,0,0,0,0,1
differentiated,S_0018169,2,2,1,0,2,0,0.0,1.0,0.0,1,-0.0,False,True,False,False,False,0,0,2,0,1,2,0,0,0,0,1
differentiated,S_0018170,1,1,1,0,1,0,0.0,1.0,0.0,1,-0.0,False,False,False,False,False,0,1,0,0,1,1,0,0,0,0,1
differentiated,S_0018200,1,1,1,0,1,0,0.0,1.0,0.0,1,-0.0,False,False,False,False,False,0,0,0,1,1,0,0,0,1,0,1
differentiated,S_0018201,1,1,1,0,1,0,0.0,1.0,0.0,1,-0.0,False,False,False,False,False,0,0,0,1,1,0,0,0,1,0,1
differentiated,S_0018204,1,1,1,0,1,0,0.0,1.0,0.0,1,-0.0,False,False,False,False,False,0,0,0,1,1,0,0,0,1,0,1
differentiated,S_0018222,1,1,1,0,1,0,0.0,1.0,0.0,1,-0.0,False,False,False,False,False,0,1,0,0,1,0,0,0,1,0,1
differentiated,S_0018223,1,1,1,0,0,1,0.0,0.0,1.0,1,-0.0,False,False,False,False,False,0,0,1,0,1,0,0,0,1,0,1
differentiated,S_0018224,1,1,1,0,1,0,0.0,1.0,0.0,1,-0.0,False,False,False,False,False,0,1,0,0,1,0,0,0,1,0,1
differentiated,S_0018225,1,1,1,0,0,1,0.0,0.0,1.0,1,-0.0,False,False,False,False,False,0,0,1,0,1,0,0,0,1,0,1
differentiated,S_0018227,1,1,1,0,0,1,0.0,0.0,1.0,1,-0.0,False,False,False,False,False,0,0,1,0,1,0,0,0,1,0,1
differentiated,S_0018228,1,1,1,0,0,1,0.0,0.0,1.0,1,-0.0,False,False,False,False,False,0,0,1,0,1,0,0,0,1,0,1
differentiated,S_0018229,1,1,1,0,0,1,0.0,0.0,1.0,1,-0.0,False,False,False,False,False,0,0,1,0,1,0,0,0,1,0,1
differentiated,S_0018230,1,1,1,0,0,1,0.0,0.0,1.0,1,-0.0,False,False,False,False,False,0,0,1,0,1,0,0,0,1,0,1
differentiated,S_0018232,1,1,1,0,1,0,0.0,1.0,0.0,1,-0.0,False,False,False,False,False,0,0,0,1,1,0,0,0,1,0,1
differentiated,S_0018233,1,1,1,0,0,1,0.0,0.0,1.0,1,-0.0,False,False,False,False,False,0,0,1,0,1,0,0,0,1,0,1
differentiated,S_0018234,1,1,1,0,0,1,0.0,0.0,1.0,1,-0.0,False,False,False,False,False,0,0,1,0,1,0,0,0,1,0,1
differentiated,S_0018239,2,2,1,0,2,0,0.0,1.0,0.0,1,-0.0,False,True,False,False,False,0,0,2,0,1,1,0,0,1,0,2
differentiated,S_0018241,2,2,1,0,2,0,0.0,1.0,0.0,1,-0.0,False,True,False,False,False,0,0,2,0,1,1,0,0,1,0,2
differentiated,S_0018245,1,1,1,1,0,0,1.0,0.0,0.0,1,-0.0,False,False,False,False,False,0,0,1,0,1,0,0,1,0,0,1
differentiated,S_0018249,2,2,1,1,1,0,0.5,0.5,0.0,2,0.6309297535714574,False,True,False,False,False,0,0,2,0,1,2,0,0,0,0,1
differentiated,S_0018251,2,2,1,1,1,0,0.5,0.5,0.0,2,0.6309297535714574,False,True,False,False,False,0,0,2,0,1,2,0,0,0,0,1
differentiated,S_0018285,1,1,1,0,1,0,0.0,1.0,0.0,1,-0.0,False,False,False,False,False,0,0,1,0,1,1,0,0,0,0,1
differentiated,S_0018287,1,1,1,0,1,0,0.0,1.0,0.0,1,-0.0,False,False,False,False,False,0,0,1,0,1,1,0,0,0,0,1
differentiated,S_0018300,1,1,1,1,0,0,1.0,0.0,0.0,1,-0.0,False,False,False,False,False,0,0,1,0,1,1,0,0,0,0,1
differentiated,S_0018301,1,1,1,1,0,0,1.0,0.0,0.0,1,-0.0,False,False,False,False,False,0,0,1,0,1,1,0,0,0,0,1
differentiated,S_0018302,1,1,1,1,0,0,1.0,0.0,0.0,1,-0.0,False,False,False,False,False,0,0,1,0,1,1,0,0,0,0,1
differentiated,S_0018304,1,1,1,1,0,0,1.0,0.0,0.0,1,-0.0,False,False,False,False,False,0,0,1,0,1,1,0,0,0,0,1
differentiated,S_0018305,1,1,1,1,0,0,1.0,0.0,0.0,1,-0.0,False,False,False,False,False,0,0,1,0,1,1,0,0,0,0,1
differentiated,S_0018307,1,1,1,1,0,0,1.0,0.0,0.0,1,-0.0,False,False,False,False,False,0,0,1,0,1,1,0,0,0,0,1
differentiated,S_0018309,2,2,1,1,1,0,0.5,0.5,0.0,2,0.6309297535714574,False,True,False,False,False,0,0,2,0,1,2,0,0,0,0,1
differentiated,S_0018311,2,2,1,1,1,0,0.5,0.5,0.0,2,0.6309297535714574,False,True,False,False,False,0,0,2,0,1,2,0,0,0,0,1
differentiated,S_0018312,2,2,1,1,1,0,0.5,0.5,0.0,2,0.6309297535714574,False,True,False,False,False,0,0,2,0,1,2,0,0,0,0,1
differentiated,S_0018315,2,2,1,1,1,0,0.5,0.5,0.0,2,0.6309297535714574,False,True,False,False,False,0,0,2,0,1,2,0,0,0,0,1
differentiated,S_0018350,2,2,1,0,2,0,0.0,1.0,0.0,1,-0.0,False,True,False,False,False,0,0,2,0,1,0,0,0,2,0,1
differentiated,S_0018352,2,2,1,0,2,0,0.0,1.0,0.0,1,-0.0,False,True,False,False,False,0,0,2,0,1,0,0,0,2,0,1
differentiated,S_0018358,2,2,2,1,1,0,0.5,0.5,0.0,2,0.6309297535714574,False,True,False,False,False,0,1,1,0,2,1,0,0,1,0,2
differentiated,S_0018360,2,2,2,1,1,0,0.5,0.5,0.0,2,0.6309297535714574,False,True,False,False,False,0,1,1,0,2,1,0,0,1,0,2
differentiated,S_0018362,1,1,1,1,0,0,1.0,0.0,0.0,1,-0.0,False,False,False,False,False,0,0,1,0,1,1,0,0,0,0,1
differentiated,S_0018363,1,1,1,1,0,0,1.0,0.0,0.0,1,-0.0,False,False,False,False,False,0,0,1,0,1,1,0,0,0,0,1
differentiated,S_0018385,1,1,1,1,0,0,1.0,0.0,0.0,1,-0.0,False,False,False,False,False,0,0,0,1,1,0,1,0,0,0,1
differentiated,S_0018399,2,2,1,1,1,0,0.5,0.5,0.0,2,0.6309297535714574,False,True,False,False,False,0,0,0,2,1,1,0,0,1,0,2
differentiated,S_0018400,4,2,3,1,1,0,0.5,0.5,0.0,2,0.6309297535714574,False,True,False,False,False,0,0,0,2,1,1,0,0,1,0,2
differentiated,S_0018401,2,2,1,1,1,0,0.5,0.5,0.0,2,0.6309297535714574,False,True,False,False,False,0,0,0,2,1,1,0,0,1,0,2
differentiated,S_0018513,2,2,1,0,2,0,0.0,1.0,0.0,1,-0.0,False,True,False,False,False,0,0,2,0,1,1,0,1,0,0,2
differentiated,S_0018514,2,2,1,0,2,0,0.0,1.0,0.0,1,-0.0,False,True,False,False,False,0,0,2,0,1,1,0,1,0,0,2
differentiated,S_0018519,1,1,1,0,1,0,0.0,1.0,0.0,1,-0.0,False,False,False,False,False,0,0,1,0,1,1,0,0,0,0,1
differentiated,S_0018520,1,1,1,0,1,0,0.0,1.0,0.0,1,-0.0,False,False,False,False,False,0,0,1,0,1,1,0,0,0,0,1
differentiated,S_0018557,1,1,1,0,1,0,0.0,1.0,0.0,1,-0.0,False,False,False,False,False,0,0,1,0,1,1,0,0,0,0,1
differentiated,S_0018559,1,1,1,0,1,0,0.0,1.0,0.0,1,-0.0,False,False,False,False,False,0,0,1,0,1,1,0,0,0,0,1
differentiated,S_0018562,2,2,1,0,2,0,0.0,1.0,0.0,1,-0.0,False,True,False,False,False,0,0,2,0,1,1,0,1,0,0,2
differentiated,S_0018563,3,3,1,0,2,1,0.0,0.6666666666666666,0.3333333333333333,2,0.5793801642856949,False,True,True,False,False,0,0,3,0,1,1,1,1,0,0,3
differentiated,S_0018564,1,1,1,0,0,1,0.0,0.0,1.0,1,-0.0,False,False,False,False,False,0,0,1,0,1,0,1,0,0,0,1
differentiated,S_0018565,2,2,1,0,2,0,0.0,1.0,0.0,1,-0.0,False,True,False,False,False,0,0,2,0,1,1,0,1,0,0,2
differentiated,S_0018566,2,2,1,0,2,0,0.0,1.0,0.0,1,-0.0,False,True,False,False,False,0,0,2,0,1,1,0,1,0,0,2
differentiated,S_0018571,1,1,1,0,1,0,0.0,1.0,0.0,1,-0.0,False,False,False,False,False,0,0,1,0,1,1,0,0,0,0,1
differentiated,S_0018574,1,1,1,0,1,0,0.0,1.0,0.0,1,-0.0,False,False,False,False,False,0,0,1,0,1,1,0,0,0,0,1
differentiated,S_0018576,1,1,1,1,0,0,1.0,0.0,0.0,1,-0.0,False,False,False,False,False,0,0,0,1,1,0,0,0,1,0,1
differentiated,S_0018578,1,1,1,1,0,0,1.0,0.0,0.0,1,-0.0,False,False,False,False,False,0,0,0,1,1,0,0,0,1,0,1
differentiated,S_0018579,1,1,1,1,0,0,1.0,0.0,0.0,1,-0.0,False,False,False,False,False,0,0,0,1,1,0,0,0,1,0,1
differentiated,S_0018628,1,1,1,0,1,0,0.0,1.0,0.0,1,-0.0,False,False,False,False,False,0,0,1,0,1,1,0,0,0,0,1
differentiated,S_0018630,2,2,2,1,1,0,0.5,0.5,0.0,2,0.6309297535714574,False,True,False,False,False,0,0,1,1,2,1,0,0,1,0,2
differentiated,S_0018633,1,1,1,0,1,0,0.0,1.0,0.0,1,-0.0,False,False,False,False,False,0,0,1,0,1,1,0,0,0,0,1
differentiated,S_0018647,2,2,1,0,2,0,0.0,1.0,0.0,1,-0.0,False,True,False,False,False,0,0,2,0,1,1,0,1,0,0,2
differentiated,S_0018648,2,2,1,0,2,0,0.0,1.0,0.0,1,-0.0,False,True,False,False,False,0,0,2,0,1,1,0,1,0,0,2
differentiated,S_0018653,1,1,1,0,1,0,0.0,1.0,0.0,1,-0.0,False,False,False,False,False,0,0,1,0,1,0,0,1,0,0,1
differentiated,S_0018655,1,1,1,0,1,0,0.0,1.0,0.0,1,-0.0,False,False,False,False,False,0,0,1,0,1,0,0,1,0,0,1
differentiated,S_0018668,1,1,1,0,0,1,0.0,0.0,1.0,1,-0.0,False,False,False,False,False,0,0,1,0,1,0,1,0,0,0,1
differentiated,S_0018669,1,1,1,0,0,1,0.0,0.0,1.0,1,-0.0,False,False,False,False,False,0,0,1,0,1,0,1,0,0,0,1
differentiated,S_0018670,1,1,1,0,1,0,0.0,1.0,0.0,1,-0.0,False,False,False,False,False,0,0,1,0,1,1,0,0,0,0,1
differentiated,S_0018671,2,2,1,0,1,1,0.0,0.5,0.5,2,0.6309297535714574,False,True,False,False,False,0,0,2,0,1,1,1,0,0,0,2
differentiated,S_0018673,1,1,1,0,0,1,0.0,0.0,1.0,1,-0.0,False,False,False,False,False,0,0,1,0,1,0,1,0,0,0,1
differentiated,S_0018679,1,1,1,0,0,1,0.0,0.0,1.0,1,-0.0,False,False,False,False,False,0,0,1,0,1,0,1,0,0,0,1
differentiated,S_0018680,1,1,1,0,0,1,0.0,0.0,1.0,1,-0.0,False,False,False,False,False,0,0,1,0,1,0,1,0,0,0,1
differentiated,S_0018695,1,1,1,0,0,1,0.0,0.0,1.0,1,-0.0,False,False,False,False,False,0,0,1,0,1,0,0,0,1,0,1
differentiated,S_0018696,1,1,1,0,0,1,0.0,0.0,1.0,1,-0.0,False,False,False,False,False,0,0,1,0,1,0,0,0,1,0,1
differentiated,S_0018697,1,1,1,0,0,1,0.0,0.0,1.0,1,-0.0,False,False,False,False,False,0,0,1,0,1,0,0,0,1,0,1
differentiated,S_0018699,1,1,1,0,0,1,0.0,0.0,1.0,1,-0.0,False,False,False,False,False,0,0,1,0,1,0,0,0,1,0,1
differentiated,S_0018701,2,2,1,0,2,0,0.0,1.0,0.0,1,-0.0,False,True,False,False,False,0,0,2,0,1,0,0,0,2,0,1
differentiated,S_0018702,2,2,1,0,2,0,0.0,1.0,0.0,1,-0.0,False,True,False,False,False,0,0,2,0,1,0,0,0,2,0,1
differentiated,S_0018704,2,2,1,0,2,0,0.0,1.0,0.0,1,-0.0,False,True,False,False,False,0,0,2,0,1,0,0,0,2,0,1
differentiated,S_0018705,1,1,1,0,1,0,0.0,1.0,0.0,1,-0.0,False,False,False,False,False,0,1,0,0,1,0,0,0,1,0,1
differentiated,S_0018707,3,3,2,0,3,0,0.0,1.0,0.0,1,-0.0,False,True,True,False,False,0,1,2,0,2,0,0,0,3,0,1
differentiated,S_0018709,3,3,2,0,3,0,0.0,1.0,0.0,1,-0.0,False,True,True,False,False,0,1,2,0,2,0,0,0,3,0,1
differentiated,S_0018713,2,2,1,1,1,0,0.5,0.5,0.0,2,0.6309297535714574,False,True,False,False,False,0,0,2,0,1,1,0,0,1,0,2
differentiated,S_0018714,2,2,1,1,1,0,0.5,0.5,0.0,2,0.6309297535714574,False,True,False,False,False,0,0,2,0,1,1,0,0,1,0,2
differentiated,S_0018716,2,2,1,1,1,0,0.5,0.5,0.0,2,0.6309297535714574,False,True,False,False,False,0,0,2,0,1,1,0,0,1,0,2
differentiated,S_0018719,2,2,1,1,1,0,0.5,0.5,0.0,2,0.6309297535714574,False,True,False,False,False,0,0,2,0,1,1,0,0,1,0,2
differentiated,S_0018724,1,1,1,0,1,0,0.0,1.0,0.0,1,-0.0,False,False,False,False,False,0,0,1,0,1,0,0,0,1,0,1
differentiated,S_0018725,1,1,1,0,1,0,0.0,1.0,0.0,1,-0.0,False,False,False,False,False,0,0,1,0,1,0,0,0,1,0,1
differentiated,S_0018728,2,2,1,1,1,0,0.5,0.5,0.0,2,0.6309297535714574,False,True,False,False,False,0,0,2,0,1,1,0,0,1,0,2
differentiated,S_0018729,2,2,1,1,1,0,0.5,0.5,0.0,2,0.6309297535714574,False,True,False,False,False,0,0,2,0,1,1,0,0,1,0,2
differentiated,S_0018746,2,2,2,1,1,0,0.5,0.5,0.0,2,0.6309297535714574,False,True,False,False,False,0,0,0,2,1,0,0,0,1,1,2
differentiated,S_0018749,1,1,1,1,0,0,1.0,0.0,0.0,1,-0.0,False,False,False,False,False,0,0,0,1,1,0,0,0,1,0,1
differentiated,S_0018750,1,1,1,0,1,0,0.0,1.0,0.0,1,-0.0,False,False,False,False,False,0,0,0,1,1,0,0,0,1,0,1
differentiated,S_0018751,2,2,1,0,2,0,0.0,1.0,0.0,1,-0.0,False,True,False,False,False,0,0,2,0,1,2,0,0,0,0,1
differentiated,S_0018787,1,1,1,0,1,0,0.0,1.0,0.0,1,-0.0,False,False,False,False,False,0,0,1,0,1,1,0,0,0,0,1
differentiated,S_0018789,1,1,1,0,1,0,0.0,1.0,0.0,1,-0.0,False,False,False,False,False,0,0,1,0,1,1,0,0,0,0,1
differentiated,S_0018824,4,4,3,1,2,1,0.25,0.5,0.25,3,0.946394630357186,False,True,True,False,False,0,0,2,2,2,2,1,0,0,1,3
differentiated,S_0018825,2,2,1,0,1,1,0.0,0.5,0.5,2,0.6309297535714574,False,True,False,False,False,0,0,2,0,1,0,1,0,0,1,2
differentiated,S_0018832,1,1,1,0,1,0,0.0,1.0,0.0,1,-0.0,False,False,False,False,False,0,0,1,0,1,0,1,0,0,0,1
differentiated,S_0018835,4,4,4,2,2,0,0.5,0.5,0.0,2,0.6309297535714574,False,True,True,False,False,0,0,1,3,2,3,1,0,0,0,2
differentiated,S_0018858,1,1,1,1,0,0,1.0,0.0,0.0,1,-0.0,False,False,False,False,False,0,0,0,1,1,1,0,0,0,0,1
differentiated,S_0018905,1,1,1,1,0,0,1.0,0.0,0.0,1,-0.0,False,False,False,False,False,0,0,0,1,1,1,0,0,0,0,1
differentiated,S_0018906,1,1,1,1,0,0,1.0,0.0,0.0,1,-0.0,False,False,False,False,False,0,0,0,1,1,1,0,0,0,0,1
differentiated,S_0018940,1,1,1,0,1,0,0.0,1.0,0.0,1,-0.0,False,False,False,False,False,0,0,1,0,1,0,0,0,0,1,1
differentiated,S_0018941,1,1,1,0,1,0,0.0,1.0,0.0,1,-0.0,False,False,False,False,False,0,0,0,1,1,1,0,0,0,0,1
differentiated,S_0018942,2,2,2,0,2,0,0.0,1.0,0.0,1,-0.0,False,True,False,False,False,0,0,1,1,2,1,0,0,0,1,2
differentiated,S_0018943,2,2,1,0,2,0,0.0,1.0,0.0,1,-0.0,False,True,False,False,False,0,0,2,0,1,1,0,0,0,1,2
differentiated,S_0018944,4,4,3,0,4,0,0.0,1.0,0.0,1,-0.0,False,True,True,False,False,0,0,3,1,2,2,0,0,0,2,2
differentiated,S_0018945,3,3,2,0,3,0,0.0,1.0,0.0,1,-0.0,False,True,True,False,False,0,0,2,1,2,2,0,0,0,1,2
differentiated,S_0018946,1,1,1,0,1,0,0.0,1.0,0.0,1,-0.0,False,False,False,False,False,0,0,1,0,1,0,0,0,0,1,1
differentiated,S_0018947,4,4,3,0,4,0,0.0,1.0,0.0,1,-0.0,False,True,True,False,False,0,0,3,1,2,2,0,0,0,2,2
differentiated,S_0018948,1,1,1,0,1,0,0.0,1.0,0.0,1,-0.0,False,False,False,False,False,0,0,1,0,1,0,0,0,0,1,1
differentiated,S_0018949,2,2,1,0,2,0,0.0,1.0,0.0,1,-0.0,False,True,False,False,False,0,0,2,0,1,1,0,0,0,1,2
differentiated,S_0018950,3,3,2,0,3,0,0.0,1.0,0.0,1,-0.0,False,True,True,False,False,0,0,3,0,1,1,0,0,0,2,2
differentiated,S_0018951,1,1,1,0,1,0,0.0,1.0,0.0,1,-0.0,False,False,False,False,False,0,0,1,0,1,0,0,0,0,1,1
differentiated,S_0018955,2,2,1,0,2,0,0.0,1.0,0.0,1,-0.0,False,True,False,False,False,0,0,2,0,1,1,0,0,0,1,2
differentiated,S_0018956,2,2,1,0,2,0,0.0,1.0,0.0,1,-0.0,False,True,False,False,False,0,0,2,0,1,1,0,0,0,1,2
differentiated,S_0018973,1,1,1,0,0,1,0.0,0.0,1.0,1,-0.0,False,False,False,False,False,0,0,1,0,1,0,0,0,0,1,1
differentiated,S_0018974,1,1,1,0,0,1,0.0,0.0,1.0,1,-0.0,False,False,False,False,False,0,0,1,0,1,0,0,0,0,1,1
differentiated,S_0018977,1,1,1,0,0,1,0.0,0.0,1.0,1,-0.0,False,False,False,False,False,0,0,1,0,1,0,0,0,0,1,1
differentiated,S_0018980,1,1,1,0,0,1,0.0,0.0,1.0,1,-0.0,False,False,False,False,False,0,0,1,0,1,0,0,0,0,1,1
differentiated,S_0018982,1,1,1,0,0,1,0.0,0.0,1.0,1,-0.0,False,False,False,False,False,0,0,1,0,1,0,0,0,0,1,1
differentiated,S_0018984,1,1,1,0,0,1,0.0,0.0,1.0,1,-0.0,False,False,False,False,False,0,0,1,0,1,0,0,0,0,1,1
differentiated,S_0018985,1,1,1,0,0,1,0.0,0.0,1.0,1,-0.0,False,False,False,False,False,0,0,1,0,1,0,0,0,0,1,1
differentiated,S_0018986,1,1,1,0,0,1,0.0,0.0,1.0,1,-0.0,False,False,False,False,False,0,0,1,0,1,0,0,0,0,1,1
differentiated,S_0018987,1,1,1,0,0,1,0.0,0.0,1.0,1,-0.0,False,False,False,False,False,0,0,1,0,1,0,0,0,0,1,1
differentiated,S_0018995,2,2,2,1,0,1,0.5,0.0,0.5,2,0.6309297535714574,False,True,False,False,False,0,0,1,1,2,1,0,0,0,1,2
differentiated,S_0018997,1,1,1,0,0,1,0.0,0.0,1.0,1,-0.0,False,False,False,False,False,0,0,1,0,1,0,0,0,0,1,1
differentiated,S_0019004,1,1,1,0,0,1,0.0,0.0,1.0,1,-0.0,False,False,False,False,False,0,0,1,0,1,0,0,0,0,1,1
differentiated,S_0019005,1,1,1,0,0,1,0.0,0.0,1.0,1,-0.0,False,False,False,False,False,0,0,1,0,1,0,0,0,0,1,1
differentiated,S_0019006,1,1,1,0,0,1,0.0,0.0,1.0,1,-0.0,False,False,False,False,False,0,0,1,0,1,0,0,0,0,1,1
differentiated,S_0019008,1,1,1,0,0,1,0.0,0.0,1.0,1,-0.0,False,False,False,False,False,0,0,1,0,1,0,0,0,0,1,1
differentiated,S_0019010,1,1,1,0,0,1,0.0,0.0,1.0,1,-0.0,False,False,False,False,False,0,0,1,0,1,0,0,0,0,1,1
differentiated,S_0019011,1,1,1,0,0,1,0.0,0.0,1.0,1,-0.0,False,False,False,False,False,0,0,1,0,1,0,0,0,0,1,1
differentiated,S_0019012,1,1,1,0,0,1,0.0,0.0,1.0,1,-0.0,False,False,False,False,False,0,0,1,0,1,0,0,0,0,1,1
differentiated,S_0019014,1,1,1,0,0,1,0.0,0.0,1.0,1,-0.0,False,False,False,False,False,0,0,1,0,1,0,0,0,0,1,1
differentiated,S_0019015,1,1,1,0,0,1,0.0,0.0,1.0,1,-0.0,False,False,False,False,False,0,0,1,0,1,0,0,0,0,1,1
differentiated,S_0019016,1,1,1,0,0,1,0.0,0.0,1.0,1,-0.0,False,False,False,False,False,0,0,1,0,1,0,0,0,0,1,1
differentiated,S_0019021,1,1,1,0,0,1,0.0,0.0,1.0,1,-0.0,False,False,False,False,False,0,0,1,0,1,0,0,0,0,1,1
differentiated,S_0019022,1,1,1,1,0,0,1.0,0.0,0.0,1,-0.0,False,False,False,False,False,0,0,0,1,1,1,0,0,0,0,1
differentiated,S_0019025,1,1,1,0,0,1,0.0,0.0,1.0,1,-0.0,False,False,False,False,False,0,0,1,0,1,0,0,0,0,1,1
differentiated,S_0019026,1,1,1,0,0,1,0.0,0.0,1.0,1,-0.0,False,False,False,False,False,0,0,1,0,1,0,0,0,0,1,1
differentiated,S_0019027,1,1,1,0,0,1,0.0,0.0,1.0,1,-0.0,False,False,False,False,False,0,0,1,0,1,0,0,0,0,1,1
differentiated,S_0019029,1,1,1,0,0,1,0.0,0.0,1.0,1,-0.0,False,False,False,False,False,0,0,1,0,1,0,0,0,0,1,1
differentiated,S_0019031,1,1,1,0,0,1,0.0,0.0,1.0,1,-0.0,False,False,False,False,False,0,0,1,0,1,0,0,0,0,1,1
differentiated,S_0019032,1,1,1,0,0,1,0.0,0.0,1.0,1,-0.0,False,False,False,False,False,0,0,1,0,1,0,0,0,0,1,1
differentiated,S_0019035,1,1,1,0,0,1,0.0,0.0,1.0,1,-0.0,False,False,False,False,False,0,0,1,0,1,0,0,0,0,1,1
differentiated,S_0019036,1,1,1,1,0,0,1.0,0.0,0.0,1,-0.0,False,False,False,False,False,0,0,0,1,1,1,0,0,0,0,1
differentiated,S_0019038,2,1,2,1,0,0,1.0,0.0,0.0,1,-0.0,False,False,False,False,False,0,0,0,1,1,1,0,0,0,0,1
differentiated,S_0019071,1,1,1,0,1,0,0.0,1.0,0.0,1,-0.0,False,False,False,False,False,0,0,1,0,1,1,0,0,0,0,1
differentiated,S_0019072,1,1,1,0,1,0,0.0,1.0,0.0,1,-0.0,False,False,False,False,False,0,0,1,0,1,1,0,0,0,0,1
differentiated,S_0019074,4,4,4,2,2,0,0.5,0.5,0.0,2,0.6309297535714574,False,True,True,False,False,0,0,1,3,2,3,0,0,1,0,2
differentiated,S_0019075,1,1,1,0,1,0,0.0,1.0,0.0,1,-0.0,False,False,False,False,False,0,0,1,0,1,1,0,0,0,0,1
differentiated,S_0019080,2,2,1,1,1,0,0.5,0.5,0.0,2,0.6309297535714574,False,True,False,False,False,0,0,2,0,1,0,0,0,0,2,1
differentiated,S_0019081,2,2,1,1,1,0,0.5,0.5,0.0,2,0.6309297535714574,False,True,False,False,False,0,0,2,0,1,0,0,0,0,2,1
differentiated,S_0019082,3,3,3,2,1,0,0.6666666666666666,0.3333333333333333,0.0,2,0.5793801642856949,False,True,True,False,False,0,0,0,3,1,2,0,0,1,0,2
differentiated,S_0019083,3,3,3,2,1,0,0.6666666666666666,0.3333333333333333,0.0,2,0.5793801642856949,False,True,True,False,False,0,0,0,3,1,2,0,0,1,0,2
differentiated,S_0019086,1,1,1,1,0,0,1.0,0.0,0.0,1,-0.0,False,False,False,False,False,0,0,0,1,1,1,0,0,0,0,1
differentiated,S_0019090,2,2,2,1,1,0,0.5,0.5,0.0,2,0.6309297535714574,False,True,False,False,False,0,0,0,2,1,1,0,0,1,0,2
differentiated,S_0019091,2,2,2,1,1,0,0.5,0.5,0.0,2,0.6309297535714574,False,True,False,False,False,0,0,0,2,1,1,0,0,1,0,2
differentiated,S_0019092,2,2,2,1,1,0,0.5,0.5,0.0,2,0.6309297535714574,False,True,False,False,False,0,0,0,2,1,1,0,0,1,0,2
differentiated,S_0019093,2,2,2,1,1,0,0.5,0.5,0.0,2,0.6309297535714574,False,True,False,False,False,0,0,0,2,1,1,0,0,1,0,2
differentiated,S_0019098,2,2,2,1,1,0,0.5,0.5,0.0,2,0.6309297535714574,False,True,False,False,False,0,0,0,2,1,1,0,0,1,0,2
differentiated,S_0019099,2,2,2,1,1,0,0.5,0.5,0.0,2,0.6309297535714574,False,True,False,False,False,0,0,0,2,1,1,0,0,1,0,2
differentiated,S_0019110,2,2,2,1,1,0,0.5,0.5,0.0,2,0.6309297535714574,False,True,False,False,False,0,0,0,2,1,1,0,0,1,0,2
differentiated,S_0019112,2,2,2,1,1,0,0.5,0.5,0.0,2,0.6309297535714574,False,True,False,False,False,0,0,0,2,1,1,0,0,1,0,2
differentiated,S_0019113,4,2,4,1,1,0,0.5,0.5,0.0,2,0.6309297535714574,False,True,False,False,False,0,0,0,2,1,1,0,0,1,0,2
differentiated,S_0019114,2,2,2,1,1,0,0.5,0.5,0.0,2,0.6309297535714574,False,True,False,False,False,0,0,0,2,1,1,0,0,1,0,2
differentiated,S_0019115,2,2,2,1,1,0,0.5,0.5,0.0,2,0.6309297535714574,False,True,False,False,False,0,0,0,2,1,1,0,0,1,0,2
differentiated,S_0019125,2,1,2,0,1,0,0.0,1.0,0.0,1,-0.0,False,False,False,False,False,0,0,0,1,1,0,0,0,1,0,1
differentiated,S_0019232,6,3,2,1,2,0,0.3333333333333333,0.6666666666666666,0.0,2,0.5793801642856949,False,True,True,False,False,0,0,0,3,1,0,0,1,1,1,3
differentiated,S_0019233,3,3,1,1,2,0,0.3333333333333333,0.6666666666666666,0.0,2,0.5793801642856949,False,True,True,False,False,0,0,0,3,1,0,0,1,1,1,3
differentiated,S_0019268,1,1,1,0,0,1,0.0,0.0,1.0,1,-0.0,False,False,False,False,False,0,0,1,0,1,0,0,0,1,0,1
differentiated,S_0019271,1,1,1,0,0,1,0.0,0.0,1.0,1,-0.0,False,False,False,False,False,0,0,1,0,1,0,0,0,1,0,1
differentiated,S_0019285,1,1,1,0,0,1,0.0,0.0,1.0,1,-0.0,False,False,False,False,False,0,1,0,0,1,0,0,0,1,0,1
differentiated,S_0019286,2,2,2,0,1,1,0.0,0.5,0.5,2,0.6309297535714574,False,True,False,False,False,0,0,2,0,1,1,0,0,0,1,2
differentiated,S_0019287,3,3,2,0,2,1,0.0,0.6666666666666666,0.3333333333333333,2,0.5793801642856949,False,True,True,False,False,0,0,3,0,1,1,0,0,1,1,3
differentiated,S_0019290,1,1,1,0,1,0,0.0,1.0,0.0,1,-0.0,False,False,False,False,False,0,0,1,0,1,0,0,0,1,0,1
differentiated,S_0019297,1,1,1,0,0,1,0.0,0.0,1.0,1,-0.0,False,False,False,False,False,0,1,0,0,1,0,0,0,1,0,1
differentiated,S_0019303,1,1,1,0,0,1,0.0,0.0,1.0,1,-0.0,False,False,False,False,False,0,1,0,0,1,0,0,0,1,0,1
differentiated,S_0019305,1,1,1,0,0,1,0.0,0.0,1.0,1,-0.0,False,False,False,False,False,0,1,0,0,1,0,0,0,1,0,1
differentiated,S_0019311,1,1,1,0,0,1,0.0,0.0,1.0,1,-0.0,False,False,False,False,False,0,0,1,0,1,0,0,0,0,1,1
differentiated,S_0019314,3,3,1,1,2,0,0.3333333333333333,0.6666666666666666,0.0,2,0.5793801642856949,False,True,True,False,False,0,0,0,3,1,0,0,1,1,1,3
differentiated,S_0019331,2,2,2,0,0,2,0.0,0.0,1.0,1,-0.0,False,True,False,False,False,0,1,1,0,2,1,0,0,1,0,2
differentiated,S_0019332,1,1,1,0,0,1,0.0,0.0,1.0,1,-0.0,False,False,False,False,False,0,1,0,0,1,0,0,0,1,0,1
differentiated,S_0019333,1,1,1,0,0,1,0.0,0.0,1.0,1,-0.0,False,False,False,False,False,0,0,1,0,1,1,0,0,0,0,1
differentiated,S_0019334,1,1,1,0,0,1,0.0,0.0,1.0,1,-0.0,False,False,False,False,False,0,1,0,0,1,0,0,0,1,0,1
differentiated,S_0019335,1,1,1,0,0,1,0.0,0.0,1.0,1,-0.0,False,False,False,False,False,0,1,0,0,1,0,0,0,1,0,1
differentiated,S_0019336,1,1,1,0,0,1,0.0,0.0,1.0,1,-0.0,False,False,False,False,False,0,0,1,0,1,0,0,0,1,0,1
differentiated,S_0019338,1,1,1,0,0,1,0.0,0.0,1.0,1,-0.0,False,False,False,False,False,0,0,1,0,1,0,0,0,1,0,1
differentiated,S_0019341,1,1,1,0,0,1,0.0,0.0,1.0,1,-0.0,False,False,False,False,False,0,1,0,0,1,0,0,0,1,0,1
differentiated,S_0019342,1,1,1,0,0,1,0.0,0.0,1.0,1,-0.0,False,False,False,False,False,0,1,0,0,1,0,0,0,1,0,1
differentiated,S_0019343,1,1,1,0,0,1,0.0,0.0,1.0,1,-0.0,False,False,False,False,False,0,0,1,0,1,1,0,0,0,0,1
differentiated,S_0019344,2,2,1,0,0,2,0.0,0.0,1.0,1,-0.0,False,True,False,False,False,0,0,2,0,1,1,0,0,0,1,2
differentiated,S_0019346,2,2,1,0,0,2,0.0,0.0,1.0,1,-0.0,False,True,False,False,False,0,0,2,0,1,1,0,0,0,1,2
differentiated,S_0019362,1,1,1,0,0,1,0.0,0.0,1.0,1,-0.0,False,False,False,False,False,0,0,1,0,1,0,0,0,1,0,1
differentiated,S_0019364,1,1,1,0,0,1,0.0,0.0,1.0,1,-0.0,False,False,False,False,False,0,0,1,0,1,0,0,0,1,0,1
differentiated,S_0019367,1,1,1,0,0,1,0.0,0.0,1.0,1,-0.0,False,False,False,False,False,0,0,1,0,1,0,0,0,1,0,1
differentiated,S_0019368,1,1,1,0,1,0,0.0,1.0,0.0,1,-0.0,False,False,False,False,False,0,0,1,0,1,1,0,0,0,0,1
differentiated,S_0019370,1,1,1,0,1,0,0.0,1.0,0.0,1,-0.0,False,False,False,False,False,0,0,1,0,1,1,0,0,0,0,1
differentiated,S_0019371,1,1,1,0,1,0,0.0,1.0,0.0,1,-0.0,False,False,False,False,False,0,0,1,0,1,1,0,0,0,0,1
differentiated,S_0019374,1,1,1,0,1,0,0.0,1.0,0.0,1,-0.0,False,False,False,False,False,0,0,1,0,1,1,0,0,0,0,1
differentiated,S_0019379,1,1,1,0,0,1,0.0,0.0,1.0,1,-0.0,False,False,False,False,False,0,0,1,0,1,0,0,0,0,1,1
differentiated,S_0019380,1,1,1,0,0,1,0.0,0.0,1.0,1,-0.0,False,False,False,False,False,0,0,1,0,1,0,0,0,0,1,1
differentiated,S_0019381,1,1,1,0,0,1,0.0,0.0,1.0,1,-0.0,False,False,False,False,False,0,0,1,0,1,0,0,0,0,1,1
differentiated,S_0019382,1,1,1,0,0,1,0.0,0.0,1.0,1,-0.0,False,False,False,False,False,0,0,1,0,1,0,0,0,0,1,1
differentiated,S_0019465,6,6,4,1,3,2,0.16666666666666666,0.5,0.3333333333333333,3,0.920619835714305,True,True,True,True,False,0,0,3,3,2,4,1,0,0,1,3
differentiated,S_0019467,3,3,1,0,1,2,0.0,0.3333333333333333,0.6666666666666666,2,0.5793801642856949,False,True,True,False,False,0,0,3,0,1,1,1,0,0,1,3
differentiated,S_0019470,1,1,1,0,1,0,0.0,1.0,0.0,1,-0.0,False,False,False,False,False,0,0,1,0,1,1,0,0,0,0,1
differentiated,S_0019477,2,2,1,1,1,0,0.5,0.5,0.0,2,0.6309297535714574,False,True,False,False,False,0,0,0,2,1,1,0,0,1,0,2
differentiated,S_0019479,5,5,3,1,2,2,0.2,0.4,0.4,3,0.9602297178607612,True,True,True,True,False,0,0,3,2,2,3,1,0,0,1,3
differentiated,S_0019480,6,6,3,1,2,3,0.16666666666666666,0.3333333333333333,0.5,3,0.920619835714305,True,True,True,True,False,0,0,4,2,2,3,1,0,1,1,4
differentiated,S_0019481,1,1,1,0,0,1,0.0,0.0,1.0,1,-0.0,False,False,False,False,False,0,0,1,0,1,0,0,0,1,0,1
differentiated,S_0019483,1,1,1,0,0,1,0.0,0.0,1.0,1,-0.0,False,False,False,False,False,0,0,1,0,1,0,0,0,1,0,1
differentiated,S_0019484,5,5,3,1,2,2,0.2,0.4,0.4,3,0.9602297178607612,True,True,True,True,False,0,0,3,2,2,3,1,0,0,1,3
differentiated,S_0019488,1,1,1,0,0,1,0.0,0.0,1.0,1,-0.0,False,False,False,False,False,0,0,1,0,1,1,0,0,0,0,1
differentiated,S_0019490,1,1,1,0,0,1,0.0,0.0,1.0,1,-0.0,False,False,False,False,False,0,0,1,0,1,1,0,0,0,0,1
differentiated,S_0019492,2,2,1,1,1,0,0.5,0.5,0.0,2,0.6309297535714574,False,True,False,False,False,0,0,0,2,1,1,0,0,1,0,2
differentiated,S_0019495,1,1,1,0,1,0,0.0,1.0,0.0,1,-0.0,False,False,False,False,False,0,0,0,1,1,1,0,0,0,0,1
differentiated,S_0019497,1,1,1,0,0,1,0.0,0.0,1.0,1,-0.0,False,False,False,False,False,0,0,1,0,1,0,0,0,1,0,1
differentiated,S_0019498,1,1,1,0,1,0,0.0,1.0,0.0,1,-0.0,False,False,False,False,False,0,0,1,0,1,1,0,0,0,0,1
differentiated,S_0019499,1,1,1,0,1,0,0.0,1.0,0.0,1,-0.0,False,False,False,False,False,0,0,1,0,1,1,0,0,0,0,1
differentiated,S_0019507,1,1,1,1,0,0,1.0,0.0,0.0,1,-0.0,False,False,False,False,False,0,0,0,1,1,1,0,0,0,0,1
differentiated,S_0019510,1,1,1,0,1,0,0.0,1.0,0.0,1,-0.0,False,False,False,False,False,0,0,1,0,1,0,0,1,0,0,1
differentiated,S_0019511,1,1,1,0,1,0,0.0,1.0,0.0,1,-0.0,False,False,False,False,False,0,0,1,0,1,0,0,1,0,0,1
differentiated,S_0019536,1,1,1,0,0,1,0.0,0.0,1.0,1,-0.0,False,False,False,False,False,0,0,1,0,1,0,0,0,1,0,1
differentiated,S_0019537,1,1,1,0,0,1,0.0,0.0,1.0,1,-0.0,False,False,False,False,False,0,0,1,0,1,0,0,0,1,0,1
differentiated,S_0019539,3,3,3,0,2,1,0.0,0.6666666666666666,0.3333333333333333,2,0.5793801642856949,False,True,True,False,False,0,1,1,1,3,1,0,0,1,1,3
differentiated,S_0019540,3,3,3,0,2,1,0.0,0.6666666666666666,0.3333333333333333,2,0.5793801642856949,False,True,True,False,False,0,1,1,1,3,1,0,0,1,1,3
differentiated,S_0019541,1,1,1,0,1,0,0.0,1.0,0.0,1,-0.0,False,False,False,False,False,0,0,0,1,1,0,0,0,0,1,1
differentiated,S_0019542,2,2,1,0,2,0,0.0,1.0,0.0,1,-0.0,False,True,False,False,False,0,0,2,0,1,2,0,0,0,0,1
differentiated,S_0019543,2,2,1,0,2,0,0.0,1.0,0.0,1,-0.0,False,True,False,False,False,0,0,2,0,1,2,0,0,0,0,1
differentiated,S_0019545,3,3,2,0,3,0,0.0,1.0,0.0,1,-0.0,False,True,True,False,False,0,0,2,1,2,2,0,0,0,1,2
differentiated,S_0019546,3,3,2,0,3,0,0.0,1.0,0.0,1,-0.0,False,True,True,False,False,0,0,2,1,2,2,0,0,0,1,2
differentiated,S_0019547,1,1,1,0,0,1,0.0,0.0,1.0,1,-0.0,False,False,False,False,False,0,0,1,0,1,0,0,0,1,0,1
differentiated,S_0019548,2,2,2,0,1,1,0.0,0.5,0.5,2,0.6309297535714574,False,True,False,False,False,0,1,1,0,2,1,0,0,1,0,2
differentiated,S_0019549,1,1,1,0,1,0,0.0,1.0,0.0,1,-0.0,False,False,False,False,False,0,1,0,0,1,1,0,0,0,0,1
differentiated,S_0019550,2,2,2,0,1,1,0.0,0.5,0.5,2,0.6309297535714574,False,True,False,False,False,0,1,1,0,2,1,0,0,1,0,2
differentiated,S_0019551,2,2,2,0,1,1,0.0,0.5,0.5,2,0.6309297535714574,False,True,False,False,False,0,1,1,0,2,1,0,0,1,0,2
differentiated,S_0019553,1,1,1,0,1,0,0.0,1.0,0.0,1,-0.0,False,False,False,False,False,0,1,0,0,1,1,0,0,0,0,1
differentiated,S_0019554,2,2,2,0,1,1,0.0,0.5,0.5,2,0.6309297535714574,False,True,False,False,False,0,1,1,0,2,1,0,0,1,0,2
differentiated,S_0019556,2,2,2,0,1,1,0.0,0.5,0.5,2,0.6309297535714574,False,True,False,False,False,0,1,1,0,2,1,0,0,1,0,2
differentiated,S_0019558,3,3,3,0,2,1,0.0,0.6666666666666666,0.3333333333333333,2,0.5793801642856949,False,True,True,False,False,0,1,1,1,3,1,0,0,1,1,3
differentiated,S_0019561,3,3,1,1,2,0,0.3333333333333333,0.6666666666666666,0.0,2,0.5793801642856949,False,True,True,False,False,0,0,0,3,1,0,0,1,1,1,3
differentiated,S_0019563,1,1,1,0,1,0,0.0,1.0,0.0,1,-0.0,False,False,False,False,False,0,0,1,0,1,1,0,0,0,0,1
differentiated,S_0019564,1,1,1,0,1,0,0.0,1.0,0.0,1,-0.0,False,False,False,False,False,0,0,1,0,1,1,0,0,0,0,1
differentiated,S_0019565,1,1,1,0,1,0,0.0,1.0,0.0,1,-0.0,False,False,False,False,False,0,0,1,0,1,1,0,0,0,0,1
differentiated,S_0019566,1,1,1,0,1,0,0.0,1.0,0.0,1,-0.0,False,False,False,False,False,0,0,1,0,1,1,0,0,0,0,1
differentiated,S_0019569,1,1,1,0,1,0,0.0,1.0,0.0,1,-0.0,False,False,False,False,False,0,0,0,1,1,1,0,0,0,0,1
differentiated,S_0019570,1,1,1,0,1,0,0.0,1.0,0.0,1,-0.0,False,False,False,False,False,0,0,1,0,1,1,0,0,0,0,1
differentiated,S_0019571,2,2,2,0,2,0,0.0,1.0,0.0,1,-0.0,False,True,False,False,False,0,0,1,1,2,2,0,0,0,0,1
differentiated,S_0019572,1,1,1,0,1,0,0.0,1.0,0.0,1,-0.0,False,False,False,False,False,0,1,0,0,1,1,0,0,0,0,1
differentiated,S_0019575,1,1,1,0,1,0,0.0,1.0,0.0,1,-0.0,False,False,False,False,False,0,1,0,0,1,1,0,0,0,0,1
differentiated,S_0019585,2,2,2,0,2,0,0.0,1.0,0.0,1,-0.0,False,True,False,False,False,0,1,1,0,2,1,0,1,0,0,2
differentiated,S_0019587,2,2,2,0,2,0,0.0,1.0,0.0,1,-0.0,False,True,False,False,False,0,1,1,0,2,1,0,1,0,0,2
differentiated,S_0019594,2,2,2,1,1,0,0.5,0.5,0.0,2,0.6309297535714574,False,True,False,False,False,0,0,1,1,2,0,0,1,1,0,2
differentiated,S_0019595,3,2,3,1,1,0,0.5,0.5,0.0,2,0.6309297535714574,False,True,False,False,False,0,0,1,1,2,0,0,1,1,0,2
differentiated,S_0019597,1,1,1,0,0,1,0.0,0.0,1.0,1,-0.0,False,False,False,False,False,0,1,0,0,1,0,0,0,1,0,1
differentiated,S_0019598,1,1,1,0,1,0,0.0,1.0,0.0,1,-0.0,False,False,False,False,False,0,0,0,1,1,0,0,0,1,0,1
differentiated,S_0019599,2,2,2,0,1,1,0.0,0.5,0.5,2,0.6309297535714574,False,True,False,False,False,0,1,0,1,2,0,0,0,2,0,1
differentiated,S_0019601,5,3,5,0,2,1,0.0,0.6666666666666666,0.3333333333333333,2,0.5793801642856949,False,True,True,False,False,0,0,1,2,2,1,0,0,2,0,2
differentiated,S_0019602,3,3,3,0,2,1,0.0,0.6666666666666666,0.3333333333333333,2,0.5793801642856949,False,True,True,False,False,0,0,1,2,2,1,0,0,2,0,2
differentiated,S_0019617,2,2,1,1,1,0,0.5,0.5,0.0,2,0.6309297535714574,False,True,False,False,False,0,0,2,0,1,2,0,0,0,0,1
differentiated,S_0019626,4,4,3,0,4,0,0.0,1.0,0.0,1,-0.0,False,True,True,False,False,0,1,0,3,2,2,0,1,1,0,3
differentiated,S_0019627,3,3,2,0,3,0,0.0,1.0,0.0,1,-0.0,False,True,True,False,False,0,0,0,3,1,1,0,1,1,0,3
differentiated,S_0019628,1,1,1,0,1,0,0.0,1.0,0.0,1,-0.0,False,False,False,False,False,0,1,0,0,1,1,0,0,0,0,1
differentiated,S_0019640,1,1,1,0,1,0,0.0,1.0,0.0,1,-0.0,False,False,False,False,False,0,0,1,0,1,1,0,0,0,0,1
differentiated,S_0019641,1,1,1,0,1,0,0.0,1.0,0.0,1,-0.0,False,False,False,False,False,0,0,1,0,1,1,0,0,0,0,1
differentiated,S_0019643,1,1,1,0,1,0,0.0,1.0,0.0,1,-0.0,False,False,False,False,False,0,0,0,1,1,0,0,1,0,0,1
differentiated,S_0019644,1,1,1,0,1,0,0.0,1.0,0.0,1,-0.0,False,False,False,False,False,0,0,0,1,1,0,0,1,0,0,1
differentiated,S_0019653,2,2,2,0,2,0,0.0,1.0,0.0,1,-0.0,False,True,False,False,False,0,0,0,2,1,1,0,0,1,0,2
differentiated,S_0019654,2,2,2,0,2,0,0.0,1.0,0.0,1,-0.0,False,True,False,False,False,0,0,0,2,1,1,0,0,1,0,2
differentiated,S_0019656,1,1,1,0,1,0,0.0,1.0,0.0,1,-0.0,False,False,False,False,False,0,0,1,0,1,0,0,1,0,0,1
differentiated,S_0019659,1,1,1,0,1,0,0.0,1.0,0.0,1,-0.0,False,False,False,False,False,0,0,1,0,1,0,0,1,0,0,1
differentiated,S_0019660,1,1,1,0,1,0,0.0,1.0,0.0,1,-0.0,False,False,False,False,False,0,0,1,0,1,0,0,0,1,0,1
differentiated,S_0019662,6,6,3,2,4,0,0.3333333333333333,0.6666666666666666,0.0,2,0.5793801642856949,True,True,True,True,False,0,0,1,5,2,2,3,0,1,0,3
differentiated,S_0019665,2,2,1,1,0,1,0.5,0.0,0.5,2,0.6309297535714574,False,True,False,False,False,0,0,2,0,1,0,0,1,1,0,2
differentiated,S_0019667,2,2,1,1,0,1,0.5,0.0,0.5,2,0.6309297535714574,False,True,False,False,False,0,0,2,0,1,0,0,1,1,0,2
differentiated,S_0019668,2,2,2,0,2,0,0.0,1.0,0.0,1,-0.0,False,True,False,False,False,0,0,0,2,1,1,0,0,1,0,2
differentiated,S_0019669,4,2,4,0,2,0,0.0,1.0,0.0,1,-0.0,False,True,False,False,False,0,0,0,2,1,1,0,0,1,0,2
differentiated,S_0019670,4,2,4,0,2,0,0.0,1.0,0.0,1,-0.0,False,True,False,False,False,0,0,0,2,1,1,0,0,1,0,2
differentiated,S_0019676,1,1,1,0,1,0,0.0,1.0,0.0,1,-0.0,False,False,False,False,False,0,0,1,0,1,0,0,0,0,1,1
differentiated,S_0019678,1,1,1,0,1,0,0.0,1.0,0.0,1,-0.0,False,False,False,False,False,0,0,1,0,1,0,0,0,0,1,1
differentiated,S_0019679,1,1,1,0,1,0,0.0,1.0,0.0,1,-0.0,False,False,False,False,False,0,0,1,0,1,0,0,0,0,1,1
differentiated,S_0019680,1,1,1,0,1,0,0.0,1.0,0.0,1,-0.0,False,False,False,False,False,0,0,1,0,1,0,0,0,0,1,1
differentiated,S_0019686,1,1,1,0,1,0,0.0,1.0,0.0,1,-0.0,False,False,False,False,False,0,0,1,0,1,0,0,0,0,1,1
differentiated,S_0019694,2,2,1,0,1,1,0.0,0.5,0.5,2,0.6309297535714574,False,True,False,False,False,0,0,2,0,1,2,0,0,0,0,1
differentiated,S_0019695,2,2,1,0,1,1,0.0,0.5,0.5,2,0.6309297535714574,False,True,False,False,False,0,0,2,0,1,2,0,0,0,0,1
differentiated,S_0019697,1,1,1,0,1,0,0.0,1.0,0.0,1,-0.0,False,False,False,False,False,0,1,0,0,1,1,0,0,0,0,1
differentiated,S_0019698,1,1,1,0,1,0,0.0,1.0,0.0,1,-0.0,False,False,False,False,False,0,1,0,0,1,1,0,0,0,0,1
differentiated,S_0019701,1,1,1,0,1,0,0.0,1.0,0.0,1,-0.0,False,False,False,False,False,0,1,0,0,1,1,0,0,0,0,1
differentiated,S_0019709,1,1,1,0,1,0,0.0,1.0,0.0,1,-0.0,False,False,False,False,False,0,1,0,0,1,1,0,0,0,0,1
differentiated,S_0019714,5,5,2,2,3,0,0.4,0.6,0.0,2,0.6126016192893442,True,True,True,True,False,0,0,0,5,1,2,3,0,0,0,2
differentiated,S_0019733,3,2,3,0,2,0,0.0,1.0,0.0,1,-0.0,False,True,False,False,False,0,0,1,1,2,1,0,1,0,0,2
differentiated,S_0019734,1,1,1,0,1,0,0.0,1.0,0.0,1,-0.0,False,False,False,False,False,0,0,1,0,1,0,0,1,0,0,1
differentiated,S_0019735,1,1,1,0,1,0,0.0,1.0,0.0,1,-0.0,False,False,False,False,False,0,0,0,1,1,1,0,0,0,0,1
differentiated,S_0019750,1,1,1,0,0,1,0.0,0.0,1.0,1,-0.0,False,False,False,False,False,0,0,1,0,1,0,1,0,0,0,1
differentiated,S_0019751,1,1,1,0,0,1,0.0,0.0,1.0,1,-0.0,False,False,False,False,False,0,0,1,0,1,0,1,0,0,0,1
differentiated,S_0019756,1,1,1,0,0,1,0.0,0.0,1.0,1,-0.0,False,False,False,False,False,0,0,1,0,1,0,0,0,0,1,1
differentiated,S_0019757,1,1,1,0,0,1,0.0,0.0,1.0,1,-0.0,False,False,False,False,False,0,0,1,0,1,0,0,0,0,1,1
differentiated,S_0019759,1,1,1,0,0,1,0.0,0.0,1.0,1,-0.0,False,False,False,False,False,0,0,1,0,1,1,0,0,0,0,1
differentiated,S_0019760,1,1,1,0,0,1,0.0,0.0,1.0,1,-0.0,False,False,False,False,False,0,0,1,0,1,1,0,0,0,0,1
differentiated,S_0019764,1,1,1,0,1,0,0.0,1.0,0.0,1,-0.0,False,False,False,False,False,0,0,0,1,1,0,0,0,0,1,1
differentiated,S_0019765,1,1,1,0,1,0,0.0,1.0,0.0,1,-0.0,False,False,False,False,False,0,0,1,0,1,1,0,0,0,0,1
differentiated,S_0019766,1,1,1,0,1,0,0.0,1.0,0.0,1,-0.0,False,False,False,False,False,0,0,1,0,1,1,0,0,0,0,1
differentiated,S_0019767,2,2,1,0,0,2,0.0,0.0,1.0,1,-0.0,False,True,False,False,False,0,0,2,0,1,1,0,0,0,1,2
differentiated,S_0019769,2,2,1,0,0,2,0.0,0.0,1.0,1,-0.0,False,True,False,False,False,0,0,2,0,1,1,0,0,0,1,2
differentiated,S_0019770,1,1,1,0,0,1,0.0,0.0,1.0,1,-0.0,False,False,False,False,False,0,0,1,0,1,1,0,0,0,0,1
differentiated,S_0019771,1,1,1,0,0,1,0.0,0.0,1.0,1,-0.0,False,False,False,False,False,0,0,1,0,1,1,0,0,0,0,1
differentiated,S_0019774,1,1,1,0,1,0,0.0,1.0,0.0,1,-0.0,False,False,False,False,False,0,0,0,1,1,0,0,0,0,1,1
differentiated,S_0019776,1,1,1,0,1,0,0.0,1.0,0.0,1,-0.0,False,False,False,False,False,0,1,0,0,1,0,0,0,0,1,1
differentiated,S_0019777,1,1,1,0,1,0,0.0,1.0,0.0,1,-0.0,False,False,False,False,False,0,1,0,0,1,0,0,0,0,1,1
differentiated,S_0019778,1,1,1,0,1,0,0.0,1.0,0.0,1,-0.0,False,False,False,False,False,0,0,1,0,1,1,0,0,0,0,1
differentiated,S_0019779,1,1,1,0,1,0,0.0,1.0,0.0,1,-0.0,False,False,False,False,False,0,0,1,0,1,1,0,0,0,0,1
differentiated,S_0019781,4,4,2,2,0,2,0.5,0.0,0.5,2,0.6309297535714574,False,True,True,False,False,0,0,2,2,2,3,1,0,0,0,2
differentiated,S_0019783,6,5,4,3,0,2,0.6,0.0,0.4,2,0.6126016192893442,True,True,True,True,False,0,0,2,3,2,4,1,0,0,0,2
differentiated,S_0019794,1,1,1,0,0,1,0.0,0.0,1.0,1,-0.0,False,False,False,False,False,0,0,1,0,1,1,0,0,0,0,1
differentiated,S_0019796,1,1,1,0,0,1,0.0,0.0,1.0,1,-0.0,False,False,False,False,False,0,0,1,0,1,1,0,0,0,0,1
differentiated,S_0019801,1,1,1,0,0,1,0.0,0.0,1.0,1,-0.0,False,False,False,False,False,0,0,1,0,1,1,0,0,0,0,1
differentiated,S_0019803,1,1,1,0,0,1,0.0,0.0,1.0,1,-0.0,False,False,False,False,False,0,0,1,0,1,1,0,0,0,0,1
differentiated,S_0019805,1,1,1,0,0,1,0.0,0.0,1.0,1,-0.0,False,False,False,False,False,0,0,1,0,1,1,0,0,0,0,1
differentiated,S_0019806,1,1,1,0,0,1,0.0,0.0,1.0,1,-0.0,False,False,False,False,False,0,0,1,0,1,1,0,0,0,0,1
differentiated,S_0019807,1,1,1,0,0,1,0.0,0.0,1.0,1,-0.0,False,False,False,False,False,0,0,1,0,1,1,0,0,0,0,1
differentiated,S_0019850,1,1,1,1,0,0,1.0,0.0,0.0,1,-0.0,False,False,False,False,False,0,0,0,1,1,0,0,0,1,0,1
differentiated,S_0019854,1,1,1,0,1,0,0.0,1.0,0.0,1,-0.0,False,False,False,False,False,0,0,1,0,1,1,0,0,0,0,1
differentiated,S_0019855,1,1,1,0,1,0,0.0,1.0,0.0,1,-0.0,False,False,False,False,False,0,0,1,0,1,1,0,0,0,0,1
differentiated,S_0019865,1,1,1,0,1,0,0.0,1.0,0.0,1,-0.0,False,False,False,False,False,0,0,1,0,1,1,0,0,0,0,1
differentiated,S_0019867,1,1,1,0,1,0,0.0,1.0,0.0,1,-0.0,False,False,False,False,False,0,0,1,0,1,1,0,0,0,0,1
differentiated,S_0019871,1,1,1,1,0,0,1.0,0.0,0.0,1,-0.0,False,False,False,False,False,0,0,0,1,1,1,0,0,0,0,1
differentiated,S_0019873,1,1,1,1,0,0,1.0,0.0,0.0,1,-0.0,False,False,False,False,False,0,0,0,1,1,1,0,0,0,0,1
differentiated,S_0019877,1,1,1,1,0,0,1.0,0.0,0.0,1,-0.0,False,False,False,False,False,0,0,0,1,1,1,0,0,0,0,1
differentiated,S_0019879,1,1,1,1,0,0,1.0,0.0,0.0,1,-0.0,False,False,False,False,False,0,0,0,1,1,1,0,0,0,0,1
differentiated,S_0019888,1,1,1,0,1,0,0.0,1.0,0.0,1,-0.0,False,False,False,False,False,0,0,1,0,1,0,1,0,0,0,1
differentiated,S_0019889,1,1,1,0,1,0,0.0,1.0,0.0,1,-0.0,False,False,False,False,False,0,0,1,0,1,0,1,0,0,0,1
differentiated,S_0019892,1,1,1,0,1,0,0.0,1.0,0.0,1,-0.0,False,False,False,False,False,0,0,1,0,1,0,0,0,0,1,1
differentiated,S_0019893,1,1,1,0,1,0,0.0,1.0,0.0,1,-0.0,False,False,False,False,False,0,0,1,0,1,0,0,0,0,1,1
differentiated,S_0019906,1,1,1,1,0,0,1.0,0.0,0.0,1,-0.0,False,False,False,False,False,0,0,1,0,1,0,0,0,0,1,1
differentiated,S_0019907,1,1,1,1,0,0,1.0,0.0,0.0,1,-0.0,False,False,False,False,False,0,0,1,0,1,0,0,0,0,1,1
differentiated,S_0019908,2,2,1,0,2,0,0.0,1.0,0.0,1,-0.0,False,True,False,False,False,0,0,2,0,1,1,0,0,1,0,2
differentiated,S_0019911,2,2,1,0,2,0,0.0,1.0,0.0,1,-0.0,False,True,False,False,False,0,0,2,0,1,1,0,0,1,0,2
differentiated,S_0019912,1,1,1,0,1,0,0.0,1.0,0.0,1,-0.0,False,False,False,False,False,0,0,1,0,1,0,0,0,0,1,1
differentiated,S_0019915,1,1,1,0,1,0,0.0,1.0,0.0,1,-0.0,False,False,False,False,False,0,0,1,0,1,0,0,0,0,1,1
differentiated,S_0019916,1,1,1,0,1,0,0.0,1.0,0.0,1,-0.0,False,False,False,False,False,0,0,1,0,1,0,0,0,0,1,1
differentiated,S_0019918,1,1,1,0,1,0,0.0,1.0,0.0,1,-0.0,False,False,False,False,False,0,0,1,0,1,0,0,0,0,1,1
differentiated,S_0019964,2,2,1,1,0,1,0.5,0.0,0.5,2,0.6309297535714574,False,True,False,False,False,0,0,2,0,1,1,1,0,0,0,2
differentiated,S_0019966,2,2,1,1,0,1,0.5,0.0,0.5,2,0.6309297535714574,False,True,False,False,False,0,0,2,0,1,1,1,0,0,0,2
differentiated,S_0020008,1,1,1,0,1,0,0.0,1.0,0.0,1,-0.0,False,False,False,False,False,0,0,0,1,1,0,0,0,1,0,1
differentiated,S_0020019,1,1,1,1,0,0,1.0,0.0,0.0,1,-0.0,False,False,False,False,False,0,0,1,0,1,0,0,1,0,0,1
differentiated,S_0020021,2,2,1,0,1,1,0.0,0.5,0.5,2,0.6309297535714574,False,True,False,False,False,0,0,2,0,1,0,1,0,0,1,2
differentiated,S_0020030,1,1,1,0,0,1,0.0,0.0,1.0,1,-0.0,False,False,False,False,False,0,1,0,0,1,0,0,0,1,0,1
differentiated,S_0020031,1,1,1,0,1,0,0.0,1.0,0.0,1,-0.0,False,False,False,False,False,0,0,1,0,1,1,0,0,0,0,1
differentiated,S_0020032,1,1,1,0,0,1,0.0,0.0,1.0,1,-0.0,False,False,False,False,False,0,1,0,0,1,0,0,0,1,0,1
differentiated,S_0020033,1,1,1,0,1,0,0.0,1.0,0.0,1,-0.0,False,False,False,False,False,0,1,0,0,1,1,0,0,0,0,1
differentiated,S_0020034,1,1,1,0,1,0,0.0,1.0,0.0,1,-0.0,False,False,False,False,False,0,1,0,0,1,1,0,0,0,0,1
differentiated,S_0020059,2,2,2,1,1,0,0.5,0.5,0.0,2,0.6309297535714574,False,True,False,False,False,0,0,1,1,2,0,0,1,1,0,2
differentiated,S_0020060,1,1,1,1,0,0,1.0,0.0,0.0,1,-0.0,False,False,False,False,False,0,0,1,0,1,0,0,1,0,0,1
differentiated,S_0020082,1,1,1,0,1,0,0.0,1.0,0.0,1,-0.0,False,False,False,False,False,0,0,1,0,1,1,0,0,0,0,1
differentiated,S_0020083,1,1,1,0,1,0,0.0,1.0,0.0,1,-0.0,False,False,False,False,False,0,0,1,0,1,1,0,0,0,0,1
differentiated,S_0020084,1,1,1,0,1,0,0.0,1.0,0.0,1,-0.0,False,False,False,False,False,0,0,1,0,1,1,0,0,0,0,1
differentiated,S_0020085,1,1,1,0,1,0,0.0,1.0,0.0,1,-0.0,False,False,False,False,False,0,0,1,0,1,1,0,0,0,0,1
differentiated,S_0020090,1,1,1,0,0,1,0.0,0.0,1.0,1,-0.0,False,False,False,False,False,0,1,0,0,1,0,0,0,1,0,1
differentiated,S_0020093,1,1,1,0,1,0,0.0,1.0,0.0,1,-0.0,False,False,False,False,False,0,0,0,1,1,1,0,0,0,0,1
differentiated,S_0020096,1,1,1,0,0,1,0.0,0.0,1.0,1,-0.0,False,False,False,False,False,0,0,1,0,1,0,0,0,1,0,1
differentiated,S_0020098,3,3,3,0,2,1,0.0,0.6666666666666666,0.3333333333333333,2,0.5793801642856949,False,True,True,False,False,0,0,1,2,2,1,0,0,2,0,2
differentiated,S_0020101,1,1,1,0,1,0,0.0,1.0,0.0,1,-0.0,False,False,False,False,False,0,0,1,0,1,1,0,0,0,0,1
differentiated,S_0020102,3,3,3,0,3,0,0.0,1.0,0.0,1,-0.0,False,True,True,False,False,0,0,1,2,2,1,1,1,0,0,3
differentiated,S_0020149,1,1,1,0,1,0,0.0,1.0,0.0,1,-0.0,False,False,False,False,False,0,0,1,0,1,0,1,0,0,0,1
differentiated,S_0020150,1,1,1,0,1,0,0.0,1.0,0.0,1,-0.0,False,False,False,False,False,0,0,1,0,1,0,0,0,1,0,1
differentiated,S_0020151,1,1,1,0,1,0,0.0,1.0,0.0,1,-0.0,False,False,False,False,False,0,0,1,0,1,0,0,0,1,0,1
differentiated,S_0020152,1,1,1,0,1,0,0.0,1.0,0.0,1,-0.0,False,False,False,False,False,0,0,1,0,1,0,0,0,1,0,1
differentiated,S_0020153,1,1,1,0,1,0,0.0,1.0,0.0,1,-0.0,False,False,False,False,False,0,0,1,0,1,0,0,0,1,0,1
differentiated,S_0020154,1,1,1,0,1,0,0.0,1.0,0.0,1,-0.0,False,False,False,False,False,0,0,1,0,1,0,0,0,1,0,1
differentiated,S_0020155,1,1,1,0,1,0,0.0,1.0,0.0,1,-0.0,False,False,False,False,False,0,0,1,0,1,0,0,0,1,0,1
differentiated,S_0020156,1,1,1,0,1,0,0.0,1.0,0.0,1,-0.0,False,False,False,False,False,0,0,1,0,1,0,0,0,1,0,1
differentiated,S_0020182,1,1,1,0,1,0,0.0,1.0,0.0,1,-0.0,False,False,False,False,False,0,1,0,0,1,1,0,0,0,0,1
differentiated,S_0020183,1,1,1,0,1,0,0.0,1.0,0.0,1,-0.0,False,False,False,False,False,0,1,0,0,1,1,0,0,0,0,1
differentiated,S_0020191,1,1,1,0,1,0,0.0,1.0,0.0,1,-0.0,False,False,False,False,False,0,0,1,0,1,0,0,0,1,0,1
differentiated,S_0020192,1,1,1,0,1,0,0.0,1.0,0.0,1,-0.0,False,False,False,False,False,0,0,1,0,1,0,0,0,1,0,1
differentiated,S_0020195,3,3,1,1,2,0,0.3333333333333333,0.6666666666666666,0.0,2,0.5793801642856949,False,True,True,False,False,0,0,0,3,1,0,0,1,1,1,3
differentiated,S_0020196,3,3,1,1,2,0,0.3333333333333333,0.6666666666666666,0.0,2,0.5793801642856949,False,True,True,False,False,0,0,0,3,1,0,0,1,1,1,3
differentiated,S_0020200,6,3,2,1,2,0,0.3333333333333333,0.6666666666666666,0.0,2,0.5793801642856949,False,True,True,False,False,0,0,0,3,1,0,0,1,1,1,3
differentiated,S_0020202,1,1,1,0,1,0,0.0,1.0,0.0,1,-0.0,False,False,False,False,False,0,0,1,0,1,0,0,0,1,0,1
differentiated,S_0020204,1,1,1,0,1,0,0.0,1.0,0.0,1,-0.0,False,False,False,False,False,0,0,1,0,1,0,0,0,1,0,1
differentiated,S_0020224,1,1,1,0,1,0,0.0,1.0,0.0,1,-0.0,False,False,False,False,False,0,0,1,0,1,1,0,0,0,0,1
differentiated,S_0020225,1,1,1,0,0,1,0.0,0.0,1.0,1,-0.0,False,False,False,False,False,0,0,1,0,1,0,0,0,0,1,1
differentiated,S_0020226,1,1,1,0,0,1,0.0,0.0,1.0,1,-0.0,False,False,False,False,False,0,0,1,0,1,0,0,0,0,1,1
differentiated,S_0020227,1,1,1,0,1,0,0.0,1.0,0.0,1,-0.0,False,False,False,False,False,0,0,1,0,1,1,0,0,0,0,1
differentiated,S_0020228,1,1,1,0,0,1,0.0,0.0,1.0,1,-0.0,False,False,False,False,False,0,0,1,0,1,0,0,0,0,1,1
differentiated,S_0020229,6,6,3,1,4,1,0.16666666666666666,0.6666666666666666,0.16666666666666666,3,0.7896900821428474,True,True,True,True,False,0,0,3,3,2,1,0,1,2,2,4
differentiated,S_0020231,1,1,1,0,0,1,0.0,0.0,1.0,1,-0.0,False,False,False,False,False,0,0,1,0,1,0,0,0,1,0,1
differentiated,S_0020232,1,1,1,0,0,1,0.0,0.0,1.0,1,-0.0,False,False,False,False,False,0,0,1,0,1,0,0,0,1,0,1
differentiated,S_0020233,3,3,1,1,2,0,0.3333333333333333,0.6666666666666666,0.0,2,0.5793801642856949,False,True,True,False,False,0,0,0,3,1,0,0,1,1,1,3
differentiated,S_0020234,6,3,2,1,2,0,0.3333333333333333,0.6666666666666666,0.0,2,0.5793801642856949,False,True,True,False,False,0,0,0,3,1,0,0,1,1,1,3
differentiated,S_0020236,3,3,1,1,2,0,0.3333333333333333,0.6666666666666666,0.0,2,0.5793801642856949,False,True,True,False,False,0,0,0,3,1,0,0,1,1,1,3
differentiated,S_0020237,1,1,1,0,0,1,0.0,0.0,1.0,1,-0.0,False,False,False,False,False,0,0,1,0,1,0,1,0,0,0,1
differentiated,S_0020238,3,3,1,1,2,0,0.3333333333333333,0.6666666666666666,0.0,2,0.5793801642856949,False,True,True,False,False,0,0,0,3,1,0,0,1,1,1,3
differentiated,S_0020266,2,2,2,0,2,0,0.0,1.0,0.0,1,-0.0,False,True,False,False,False,0,1,0,1,2,1,0,0,1,0,2
differentiated,S_0020268,1,1,1,0,1,0,0.0,1.0,0.0,1,-0.0,False,False,False,False,False,0,0,0,1,1,0,0,0,1,0,1
differentiated,S_0020269,1,1,1,0,1,0,0.0,1.0,0.0,1,-0.0,False,False,False,False,False,0,0,0,1,1,0,0,0,1,0,1
differentiated,S_0020270,2,2,2,0,2,0,0.0,1.0,0.0,1,-0.0,False,True,False,False,False,0,1,0,1,2,1,0,0,1,0,2
differentiated,S_0020272,1,1,1,0,1,0,0.0,1.0,0.0,1,-0.0,False,False,False,False,False,0,0,0,1,1,0,0,0,1,0,1
differentiated,S_0020286,1,1,1,0,1,0,0.0,1.0,0.0,1,-0.0,False,False,False,False,False,0,1,0,0,1,1,0,0,0,0,1
differentiated,S_0020287,1,1,1,0,1,0,0.0,1.0,0.0,1,-0.0,False,False,False,False,False,0,1,0,0,1,1,0,0,0,0,1
differentiated,S_0020288,1,1,1,0,1,0,0.0,1.0,0.0,1,-0.0,False,False,False,False,False,0,0,0,1,1,0,0,0,1,0,1
differentiated,S_0020289,1,1,1,0,1,0,0.0,1.0,0.0,1,-0.0,False,False,False,False,False,0,0,0,1,1,0,0,0,1,0,1
differentiated,S_0020293,1,1,1,0,1,0,0.0,1.0,0.0,1,-0.0,False,False,False,False,False,0,0,0,1,1,0,0,0,1,0,1
differentiated,S_0020296,2,2,2,0,2,0,0.0,1.0,0.0,1,-0.0,False,True,False,False,False,0,1,0,1,2,1,0,0,1,0,2
differentiated,S_0020321,1,1,1,0,1,0,0.0,1.0,0.0,1,-0.0,False,False,False,False,False,0,0,0,1,1,0,0,0,0,1,1
differentiated,S_0020325,1,1,1,0,0,1,0.0,0.0,1.0,1,-0.0,False,False,False,False,False,0,0,1,0,1,0,0,0,0,1,1
differentiated,S_0020326,1,1,1,0,0,1,0.0,0.0,1.0,1,-0.0,False,False,False,False,False,0,0,1,0,1,0,0,0,0,1,1
differentiated,S_0020327,2,2,1,0,2,0,0.0,1.0,0.0,1,-0.0,False,True,False,False,False,0,0,2,0,1,1,0,0,1,0,2
differentiated,S_0020329,2,2,1,0,2,0,0.0,1.0,0.0,1,-0.0,False,True,False,False,False,0,0,2,0,1,1,0,0,1,0,2
differentiated,S_0020331,1,1,1,0,1,0,0.0,1.0,0.0,1,-0.0,False,False,False,False,False,0,0,0,1,1,0,0,0,0,1,1
differentiated,S_0020333,1,1,1,0,1,0,0.0,1.0,0.0,1,-0.0,False,False,False,False,False,0,0,0,1,1,0,0,0,0,1,1
differentiated,S_0020335,1,1,1,0,1,0,0.0,1.0,0.0,1,-0.0,False,False,False,False,False,0,0,1,0,1,0,0,0,1,0,1
differentiated,S_0020336,1,1,1,0,1,0,0.0,1.0,0.0,1,-0.0,False,False,False,False,False,0,0,1,0,1,0,0,0,1,0,1
differentiated,S_0020341,1,1,1,0,1,0,0.0,1.0,0.0,1,-0.0,False,False,False,False,False,0,0,0,1,1,0,0,0,0,1,1
differentiated,S_0020352,1,1,1,0,1,0,0.0,1.0,0.0,1,-0.0,False,False,False,False,False,0,0,0,1,1,0,0,0,0,1,1
differentiated,S_0020354,1,1,1,0,0,1,0.0,0.0,1.0,1,-0.0,False,False,False,False,False,0,0,1,0,1,0,1,0,0,0,1
differentiated,S_0020355,1,1,1,0,0,1,0.0,0.0,1.0,1,-0.0,False,False,False,False,False,0,0,1,0,1,0,1,0,0,0,1
differentiated,S_0020357,1,1,1,0,0,1,0.0,0.0,1.0,1,-0.0,False,False,False,False,False,0,0,1,0,1,0,0,0,1,0,1
differentiated,S_0020358,1,1,1,0,0,1,0.0,0.0,1.0,1,-0.0,False,False,False,False,False,0,0,1,0,1,0,0,0,1,0,1
differentiated,S_0020360,3,3,1,1,2,0,0.3333333333333333,0.6666666666666666,0.0,2,0.5793801642856949,False,True,True,False,False,0,0,0,3,1,0,0,1,1,1,3
differentiated,S_0020362,3,3,1,1,2,0,0.3333333333333333,0.6666666666666666,0.0,2,0.5793801642856949,False,True,True,False,False,0,0,0,3,1,0,0,1,1,1,3
differentiated,S_0020363,1,1,1,0,1,0,0.0,1.0,0.0,1,-0.0,False,False,False,False,False,0,1,0,0,1,0,0,0,1,0,1
differentiated,S_0020365,1,1,1,0,1,0,0.0,1.0,0.0,1,-0.0,False,False,False,False,False,0,1,0,0,1,0,0,0,1,0,1
differentiated,S_0020368,1,1,1,0,1,0,0.0,1.0,0.0,1,-0.0,False,False,False,False,False,0,0,1,0,1,0,0,0,1,0,1
differentiated,S_0020371,1,1,1,0,1,0,0.0,1.0,0.0,1,-0.0,False,False,False,False,False,0,0,1,0,1,0,0,0,0,1,1
differentiated,S_0020373,1,1,1,0,1,0,0.0,1.0,0.0,1,-0.0,False,False,False,False,False,0,0,1,0,1,0,0,0,0,1,1
differentiated,S_0020374,1,1,1,0,1,0,0.0,1.0,0.0,1,-0.0,False,False,False,False,False,0,0,1,0,1,0,0,0,0,1,1
differentiated,S_0020376,1,1,1,0,1,0,0.0,1.0,0.0,1,-0.0,False,False,False,False,False,0,0,1,0,1,0,0,0,1,0,1
differentiated,S_0020377,2,2,1,0,2,0,0.0,1.0,0.0,1,-0.0,False,True,False,False,False,0,0,2,0,1,0,0,0,1,1,2
differentiated,S_0020382,2,2,2,0,1,1,0.0,0.5,0.5,2,0.6309297535714574,False,True,False,False,False,0,1,0,1,2,0,0,0,1,1,2
differentiated,S_0020383,2,2,2,0,1,1,0.0,0.5,0.5,2,0.6309297535714574,False,True,False,False,False,0,1,0,1,2,0,0,0,1,1,2
differentiated,S_0020391,2,2,2,0,2,0,0.0,1.0,0.0,1,-0.0,False,True,False,False,False,0,0,0,2,1,1,0,0,0,1,2
differentiated,S_0020393,1,1,1,0,1,0,0.0,1.0,0.0,1,-0.0,False,False,False,False,False,0,0,0,1,1,0,0,0,0,1,1
differentiated,S_0020394,3,2,3,0,2,0,0.0,1.0,0.0,1,-0.0,False,True,False,False,False,0,0,0,2,1,1,0,0,0,1,2
differentiated,S_0020396,1,1,1,0,1,0,0.0,1.0,0.0,1,-0.0,False,False,False,False,False,0,0,0,1,1,0,0,0,0,1,1
differentiated,S_0020408,2,2,1,0,2,0,0.0,1.0,0.0,1,-0.0,False,True,False,False,False,0,0,2,0,1,2,0,0,0,0,1
differentiated,S_0020409,1,1,1,0,1,0,0.0,1.0,0.0,1,-0.0,False,False,False,False,False,0,0,1,0,1,1,0,0,0,0,1
differentiated,S_0020410,1,1,1,0,1,0,0.0,1.0,0.0,1,-0.0,False,False,False,False,False,0,0,1,0,1,1,0,0,0,0,1
differentiated,S_0020432,1,1,1,0,1,0,0.0,1.0,0.0,1,-0.0,False,False,False,False,False,0,0,0,1,1,1,0,0,0,0,1
differentiated,S_0020433,1,1,1,0,1,0,0.0,1.0,0.0,1,-0.0,False,False,False,False,False,0,0,0,1,1,1,0,0,0,0,1
differentiated,S_0020470,4,3,3,0,3,0,0.0,1.0,0.0,1,-0.0,False,True,True,False,False,0,0,2,1,2,2,0,0,0,1,2
differentiated,S_0020472,3,3,2,0,3,0,0.0,1.0,0.0,1,-0.0,False,True,True,False,False,0,0,2,1,2,2,0,0,0,1,2
differentiated,S_0020487,2,1,2,0,1,0,0.0,1.0,0.0,1,-0.0,False,False,False,False,False,0,0,0,1,1,0,0,0,1,0,1
differentiated,S_0020488,1,1,1,0,1,0,0.0,1.0,0.0,1,-0.0,False,False,False,False,False,0,1,0,0,1,1,0,0,0,0,1
differentiated,S_0020489,1,1,1,0,1,0,0.0,1.0,0.0,1,-0.0,False,False,False,False,False,0,1,0,0,1,1,0,0,0,0,1
differentiated,S_0020490,1,1,1,0,1,0,0.0,1.0,0.0,1,-0.0,False,False,False,False,False,0,0,0,1,1,0,0,0,1,0,1
differentiated,S_0020491,2,2,2,0,2,0,0.0,1.0,0.0,1,-0.0,False,True,False,False,False,0,1,0,1,2,1,0,0,1,0,2
differentiated,S_0020493,1,1,1,0,1,0,0.0,1.0,0.0,1,-0.0,False,False,False,False,False,0,0,0,1,1,0,0,0,1,0,1
differentiated,S_0020495,3,2,3,0,1,1,0.0,0.5,0.5,2,0.6309297535714574,False,True,False,False,False,0,0,1,1,2,0,1,0,1,0,2
differentiated,S_0020496,2,2,2,0,1,1,0.0,0.5,0.5,2,0.6309297535714574,False,True,False,False,False,0,0,1,1,2,0,1,0,1,0,2
differentiated,S_0020498,1,1,1,0,1,0,0.0,1.0,0.0,1,-0.0,False,False,False,False,False,0,0,0,1,1,0,0,0,1,0,1
differentiated,S_0020499,1,1,1,0,1,0,0.0,1.0,0.0,1,-0.0,False,False,False,False,False,0,0,0,1,1,0,0,0,1,0,1
differentiated,S_0020500,1,1,1,0,1,0,0.0,1.0,0.0,1,-0.0,False,False,False,False,False,0,0,0,1,1,0,0,0,1,0,1
differentiated,S_0020501,1,1,1,0,1,0,0.0,1.0,0.0,1,-0.0,False,False,False,False,False,0,0,0,1,1,0,0,0,1,0,1
differentiated,S_0020507,1,1,1,0,1,0,0.0,1.0,0.0,1,-0.0,False,False,False,False,False,0,1,0,0,1,1,0,0,0,0,1
differentiated,S_0020515,1,1,1,0,1,0,0.0,1.0,0.0,1,-0.0,False,False,False,False,False,0,0,0,1,1,0,0,0,1,0,1
differentiated,S_0020516,1,1,1,0,0,1,0.0,0.0,1.0,1,-0.0,False,False,False,False,False,0,0,1,0,1,0,1,0,0,0,1
differentiated,S_0020529,4,4,2,0,4,0,0.0,1.0,0.0,1,-0.0,False,True,True,False,False,0,0,1,3,2,1,2,0,1,0,3
differentiated,S_0020530,4,4,2,0,4,0,0.0,1.0,0.0,1,-0.0,False,True,True,False,False,0,0,1,3,2,1,2,0,1,0,3
differentiated,S_0020535,1,1,1,0,1,0,0.0,1.0,0.0,1,-0.0,False,False,False,False,False,0,0,1,0,1,0,0,0,1,0,1
differentiated,S_0020536,4,4,2,0,4,0,0.0,1.0,0.0,1,-0.0,False,True,True,False,False,0,0,1,3,2,1,2,0,1,0,3
differentiated,S_0020541,4,4,2,0,4,0,0.0,1.0,0.0,1,-0.0,False,True,True,False,False,0,0,1,3,2,1,2,0,1,0,3
differentiated,S_0020543,4,4,2,0,4,0,0.0,1.0,0.0,1,-0.0,False,True,True,False,False,0,0,1,3,2,1,2,0,1,0,3
differentiated,S_0020544,4,4,2,0,4,0,0.0,1.0,0.0,1,-0.0,False,True,True,False,False,0,0,1,3,2,1,2,0,1,0,3
differentiated,S_0020545,4,4,2,0,4,0,0.0,1.0,0.0,1,-0.0,False,True,True,False,False,0,0,1,3,2,1,2,0,1,0,3
differentiated,S_0020547,4,4,2,0,4,0,0.0,1.0,0.0,1,-0.0,False,True,True,False,False,0,0,1,3,2,1,2,0,1,0,3
differentiated,S_0020548,4,4,2,0,4,0,0.0,1.0,0.0,1,-0.0,False,True,True,False,False,0,0,1,3,2,1,2,0,1,0,3
differentiated,S_0020550,4,4,2,0,4,0,0.0,1.0,0.0,1,-0.0,False,True,True,False,False,0,0,1,3,2,1,2,0,1,0,3
differentiated,S_0020551,1,1,1,0,1,0,0.0,1.0,0.0,1,-0.0,False,False,False,False,False,0,0,0,1,1,0,0,0,0,1,1
differentiated,S_0020553,5,5,3,1,4,0,0.2,0.8,0.0,2,0.4554859150035952,True,True,True,True,False,0,0,0,5,1,1,0,1,1,2,4
differentiated,S_0020568,1,1,1,0,0,1,0.0,0.0,1.0,1,-0.0,False,False,False,False,False,0,0,1,0,1,0,1,0,0,0,1
differentiated,S_0020569,1,1,1,0,0,1,0.0,0.0,1.0,1,-0.0,False,False,False,False,False,0,0,1,0,1,0,1,0,0,0,1
differentiated,S_0020572,1,1,1,0,1,0,0.0,1.0,0.0,1,-0.0,False,False,False,False,False,0,0,1,0,1,0,0,0,1,0,1
differentiated,S_0020573,2,2,2,0,2,0,0.0,1.0,0.0,1,-0.0,False,True,False,False,False,0,0,1,1,2,0,0,0,1,1,2
differentiated,S_0020574,2,2,2,0,1,1,0.0,0.5,0.5,2,0.6309297535714574,False,True,False,False,False,0,0,1,1,2,0,1,0,0,1,2
differentiated,S_0020575,1,1,1,0,0,1,0.0,0.0,1.0,1,-0.0,False,False,False,False,False,0,0,1,0,1,0,1,0,0,0,1
differentiated,S_0020576,1,1,1,0,0,1,0.0,0.0,1.0,1,-0.0,False,False,False,False,False,0,0,1,0,1,0,1,0,0,0,1
differentiated,S_0020590,1,1,1,0,1,0,0.0,1.0,0.0,1,-0.0,False,False,False,False,False,0,0,1,0,1,1,0,0,0,0,1
differentiated,S_0020596,1,1,1,0,1,0,0.0,1.0,0.0,1,-0.0,False,False,False,False,False,0,0,1,0,1,1,0,0,0,0,1
differentiated,S_0020619,1,1,1,0,1,0,0.0,1.0,0.0,1,-0.0,False,False,False,False,False,0,0,1,0,1,1,0,0,0,0,1
differentiated,S_0020621,1,1,1,0,1,0,0.0,1.0,0.0,1,-0.0,False,False,False,False,False,0,0,1,0,1,1,0,0,0,0,1
differentiated,S_0020641,1,1,1,0,0,1,0.0,0.0,1.0,1,-0.0,False,False,False,False,False,0,0,1,0,1,0,0,0,0,1,1
differentiated,S_0020642,1,1,1,0,0,1,0.0,0.0,1.0,1,-0.0,False,False,False,False,False,0,0,1,0,1,0,0,0,0,1,1
differentiated,S_0020693,2,2,1,0,1,1,0.0,0.5,0.5,2,0.6309297535714574,False,True,False,False,False,0,0,2,0,1,2,0,0,0,0,1
differentiated,S_0020695,2,2,1,0,1,1,0.0,0.5,0.5,2,0.6309297535714574,False,True,False,False,False,0,0,2,0,1,2,0,0,0,0,1
differentiated,S_0020697,1,1,1,0,1,0,0.0,1.0,0.0,1,-0.0,False,False,False,False,False,0,0,1,0,1,0,0,0,0,1,1
differentiated,S_0020698,1,1,1,0,1,0,0.0,1.0,0.0,1,-0.0,False,False,False,False,False,0,0,1,0,1,0,0,0,0,1,1
differentiated,S_0020700,1,1,1,0,1,0,0.0,1.0,0.0,1,-0.0,False,False,False,False,False,0,0,1,0,1,0,0,0,0,1,1
differentiated,S_0020701,3,3,2,0,2,1,0.0,0.6666666666666666,0.3333333333333333,2,0.5793801642856949,False,True,True,False,False,0,1,2,0,2,2,0,0,0,1,2
differentiated,S_0020705,7,4,7,1,2,1,0.25,0.5,0.25,3,0.946394630357186,False,True,True,False,False,0,0,1,3,2,3,0,0,0,1,2
differentiated,S_0020706,2,2,1,0,1,1,0.0,0.5,0.5,2,0.6309297535714574,False,True,False,False,False,0,0,2,0,1,2,0,0,0,0,1
differentiated,S_0020707,4,4,4,1,2,1,0.25,0.5,0.25,3,0.946394630357186,False,True,True,False,False,0,0,1,3,2,3,0,0,0,1,2
differentiated,S_0020712,2,2,1,0,1,1,0.0,0.5,0.5,2,0.6309297535714574,False,True,False,False,False,0,0,2,0,1,2,0,0,0,0,1
differentiated,S_0020720,2,2,1,0,1,1,0.0,0.5,0.5,2,0.6309297535714574,False,True,False,False,False,0,0,2,0,1,2,0,0,0,0,1
differentiated,S_0020722,1,1,1,0,1,0,0.0,1.0,0.0,1,-0.0,False,False,False,False,False,0,0,1,0,1,0,0,0,0,1,1
differentiated,S_0020723,1,1,1,0,1,0,0.0,1.0,0.0,1,-0.0,False,False,False,False,False,0,0,1,0,1,0,0,0,0,1,1
differentiated,S_0020725,2,2,1,0,1,1,0.0,0.5,0.5,2,0.6309297535714574,False,True,False,False,False,0,0,2,0,1,2,0,0,0,0,1
differentiated,S_0020726,1,1,1,0,1,0,0.0,1.0,0.0,1,-0.0,False,False,False,False,False,0,0,1,0,1,0,0,0,0,1,1
differentiated,S_0020730,1,1,1,0,1,0,0.0,1.0,0.0,1,-0.0,False,False,False,False,False,0,0,1,0,1,0,0,0,0,1,1
differentiated,S_0020733,1,1,1,0,1,0,0.0,1.0,0.0,1,-0.0,False,False,False,False,False,0,0,1,0,1,0,0,0,0,1,1
differentiated,S_0020735,2,2,1,0,1,1,0.0,0.5,0.5,2,0.6309297535714574,False,True,False,False,False,0,0,2,0,1,2,0,0,0,0,1
differentiated,S_0020739,2,2,1,0,1,1,0.0,0.5,0.5,2,0.6309297535714574,False,True,False,False,False,0,0,2,0,1,2,0,0,0,0,1
differentiated,S_0020746,1,1,1,0,1,0,0.0,1.0,0.0,1,-0.0,False,False,False,False,False,0,0,1,0,1,1,0,0,0,0,1
differentiated,S_0020748,1,1,1,0,1,0,0.0,1.0,0.0,1,-0.0,False,False,False,False,False,0,0,1,0,1,1,0,0,0,0,1
differentiated,S_0020759,1,1,1,0,1,0,0.0,1.0,0.0,1,-0.0,False,False,False,False,False,0,1,0,0,1,1,0,0,0,0,1
differentiated,S_0020761,1,1,1,0,1,0,0.0,1.0,0.0,1,-0.0,False,False,False,False,False,0,1,0,0,1,1,0,0,0,0,1
differentiated,S_0020791,2,1,2,0,1,0,0.0,1.0,0.0,1,-0.0,False,False,False,False,False,0,0,1,0,1,0,0,0,0,1,1
differentiated,S_0020792,1,1,1,0,1,0,0.0,1.0,0.0,1,-0.0,False,False,False,False,False,0,0,1,0,1,0,0,0,0,1,1
differentiated,S_0020800,1,1,1,0,1,0,0.0,1.0,0.0,1,-0.0,False,False,False,False,False,0,0,1,0,1,0,0,0,0,1,1
differentiated,S_0020803,1,1,1,0,1,0,0.0,1.0,0.0,1,-0.0,False,False,False,False,False,0,0,1,0,1,0,0,0,0,1,1
differentiated,S_0020804,1,1,1,0,1,0,0.0,1.0,0.0,1,-0.0,False,False,False,False,False,0,0,1,0,1,0,0,0,0,1,1
differentiated,S_0020805,1,1,1,0,1,0,0.0,1.0,0.0,1,-0.0,False,False,False,False,False,0,0,1,0,1,0,0,0,0,1,1
differentiated,S_0020807,1,1,1,0,1,0,0.0,1.0,0.0,1,-0.0,False,False,False,False,False,0,0,1,0,1,0,0,0,0,1,1
differentiated,S_0020809,1,1,1,0,1,0,0.0,1.0,0.0,1,-0.0,False,False,False,False,False,0,0,1,0,1,0,0,0,0,1,1
differentiated,S_0020839,5,5,2,2,3,0,0.4,0.6,0.0,2,0.6126016192893442,True,True,True,True,False,0,0,0,5,1,2,3,0,0,0,2
differentiated,S_0020841,5,5,2,2,3,0,0.4,0.6,0.0,2,0.6126016192893442,True,True,True,True,False,0,0,0,5,1,2,3,0,0,0,2
differentiated,S_0020842,2,2,1,0,1,1,0.0,0.5,0.5,2,0.6309297535714574,False,True,False,False,False,0,0,2,0,1,2,0,0,0,0,1
differentiated,S_0020871,1,1,1,0,0,1,0.0,0.0,1.0,1,-0.0,False,False,False,False,False,0,0,1,0,1,0,0,0,0,1,1
differentiated,S_0020872,1,1,1,0,0,1,0.0,0.0,1.0,1,-0.0,False,False,False,False,False,0,0,1,0,1,0,0,0,0,1,1
differentiated,S_0020873,1,1,1,0,1,0,0.0,1.0,0.0,1,-0.0,False,False,False,False,False,0,0,1,0,1,0,0,0,0,1,1
differentiated,S_0020874,1,1,1,0,1,0,0.0,1.0,0.0,1,-0.0,False,False,False,False,False,0,0,1,0,1,0,0,0,0,1,1
differentiated,S_0020876,1,1,1,0,1,0,0.0,1.0,0.0,1,-0.0,False,False,False,False,False,0,0,0,1,1,0,0,1,0,0,1
differentiated,S_0020879,2,2,1,0,1,1,0.0,0.5,0.5,2,0.6309297535714574,False,True,False,False,False,0,0,2,0,1,2,0,0,0,0,1
differentiated,S_0020882,2,2,1,0,1,1,0.0,0.5,0.5,2,0.6309297535714574,False,True,False,False,False,0,0,2,0,1,2,0,0,0,0,1
differentiated,S_0020883,1,1,1,0,0,1,0.0,0.0,1.0,1,-0.0,False,False,False,False,False,0,0,1,0,1,1,0,0,0,0,1
differentiated,S_0020884,1,1,1,0,1,0,0.0,1.0,0.0,1,-0.0,False,False,False,False,False,0,0,1,0,1,1,0,0,0,0,1
differentiated,S_0020887,2,2,1,0,1,1,0.0,0.5,0.5,2,0.6309297535714574,False,True,False,False,False,0,0,2,0,1,2,0,0,0,0,1
differentiated,S_0020889,1,1,1,0,1,0,0.0,1.0,0.0,1,-0.0,False,False,False,False,False,0,0,1,0,1,1,0,0,0,0,1
differentiated,S_0020890,1,1,1,0,1,0,0.0,1.0,0.0,1,-0.0,False,False,False,False,False,0,0,1,0,1,1,0,0,0,0,1
differentiated,S_0020893,1,1,1,0,1,0,0.0,1.0,0.0,1,-0.0,False,False,False,False,False,0,0,1,0,1,1,0,0,0,0,1
differentiated,S_0020895,1,1,1,0,1,0,0.0,1.0,0.0,1,-0.0,False,False,False,False,False,0,0,1,0,1,1,0,0,0,0,1
differentiated,S_0020897,1,1,1,0,1,0,0.0,1.0,0.0,1,-0.0,False,False,False,False,False,0,0,1,0,1,1,0,0,0,0,1
differentiated,S_0020898,1,1,1,0,1,0,0.0,1.0,0.0,1,-0.0,False,False,False,False,False,0,0,1,0,1,1,0,0,0,0,1
differentiated,S_0020899,1,1,1,0,1,0,0.0,1.0,0.0,1,-0.0,False,False,False,False,False,0,0,1,0,1,1,0,0,0,0,1
differentiated,S_0020900,1,1,1,0,1,0,0.0,1.0,0.0,1,-0.0,False,False,False,False,False,0,0,1,0,1,1,0,0,0,0,1
differentiated,S_0020901,1,1,1,0,1,0,0.0,1.0,0.0,1,-0.0,False,False,False,False,False,0,0,1,0,1,1,0,0,0,0,1
differentiated,S_0020902,1,1,1,0,1,0,0.0,1.0,0.0,1,-0.0,False,False,False,False,False,0,0,1,0,1,1,0,0,0,0,1
differentiated,S_0020904,1,1,1,0,1,0,0.0,1.0,0.0,1,-0.0,False,False,False,False,False,0,0,1,0,1,1,0,0,0,0,1
differentiated,S_0020905,1,1,1,0,1,0,0.0,1.0,0.0,1,-0.0,False,False,False,False,False,0,0,1,0,1,1,0,0,0,0,1
differentiated,S_0020907,1,1,1,0,1,0,0.0,1.0,0.0,1,-0.0,False,False,False,False,False,0,0,1,0,1,1,0,0,0,0,1
differentiated,S_0020908,1,1,1,0,1,0,0.0,1.0,0.0,1,-0.0,False,False,False,False,False,0,0,1,0,1,1,0,0,0,0,1
differentiated,S_0020911,1,1,1,0,1,0,0.0,1.0,0.0,1,-0.0,False,False,False,False,False,0,0,1,0,1,1,0,0,0,0,1
differentiated,S_0020912,2,2,1,0,1,1,0.0,0.5,0.5,2,0.6309297535714574,False,True,False,False,False,0,0,2,0,1,2,0,0,0,0,1
differentiated,S_0020917,2,2,2,0,2,0,0.0,1.0,0.0,1,-0.0,False,True,False,False,False,0,1,1,0,2,0,0,0,0,2,1
differentiated,S_0020918,2,2,2,0,2,0,0.0,1.0,0.0,1,-0.0,False,True,False,False,False,0,1,1,0,2,0,0,0,0,2,1
differentiated,S_0020919,2,2,2,0,2,0,0.0,1.0,0.0,1,-0.0,False,True,False,False,False,0,1,1,0,2,0,0,0,0,2,1
differentiated,S_0020920,1,1,1,0,0,1,0.0,0.0,1.0,1,-0.0,False,False,False,False,False,0,0,1,0,1,1,0,0,0,0,1
differentiated,S_0020921,1,1,1,0,0,1,0.0,0.0,1.0,1,-0.0,False,False,False,False,False,0,0,1,0,1,1,0,0,0,0,1
differentiated,S_0020922,1,1,1,0,0,1,0.0,0.0,1.0,1,-0.0,False,False,False,False,False,0,0,1,0,1,1,0,0,0,0,1
differentiated,S_0020923,3,3,2,0,3,0,0.0,1.0,0.0,1,-0.0,False,True,True,False,False,0,0,0,3,1,1,0,1,1,0,3
differentiated,S_0020924,1,1,1,0,0,1,0.0,0.0,1.0,1,-0.0,False,False,False,False,False,0,0,1,0,1,1,0,0,0,0,1
differentiated,S_0020927,3,3,2,0,3,0,0.0,1.0,0.0,1,-0.0,False,True,True,False,False,0,0,0,3,1,1,0,1,1,0,3
differentiated,S_0020930,3,3,2,0,3,0,0.0,1.0,0.0,1,-0.0,False,True,True,False,False,0,0,0,3,1,1,0,1,1,0,3
differentiated,S_0020931,3,3,2,0,3,0,0.0,1.0,0.0,1,-0.0,False,True,True,False,False,0,0,0,3,1,1,0,1,1,0,3
differentiated,S_0020933,1,1,1,0,0,1,0.0,0.0,1.0,1,-0.0,False,False,False,False,False,0,0,1,0,1,1,0,0,0,0,1
differentiated,S_0020934,1,1,1,0,1,0,0.0,1.0,0.0,1,-0.0,False,False,False,False,False,0,1,0,0,1,1,0,0,0,0,1
differentiated,S_0020945,4,4,3,0,4,0,0.0,1.0,0.0,1,-0.0,False,True,True,False,False,0,1,0,3,2,2,0,1,1,0,3
differentiated,S_0020947,1,1,1,0,1,0,0.0,1.0,0.0,1,-0.0,False,False,False,False,False,0,1,0,0,1,1,0,0,0,0,1
differentiated,S_0020949,3,3,3,0,2,1,0.0,0.6666666666666666,0.3333333333333333,2,0.5793801642856949,False,True,True,False,False,0,0,1,2,2,0,0,1,1,1,3
differentiated,S_0020950,3,3,3,0,2,1,0.0,0.6666666666666666,0.3333333333333333,2,0.5793801642856949,False,True,True,False,False,0,0,1,2,2,0,0,1,1,1,3
differentiated,S_0020953,2,2,2,0,2,0,0.0,1.0,0.0,1,-0.0,False,True,False,False,False,0,0,0,2,1,0,0,1,0,1,2
differentiated,S_0020967,1,1,1,1,0,0,1.0,0.0,0.0,1,-0.0,False,False,False,False,False,0,0,0,1,1,1,0,0,0,0,1
differentiated,S_0020969,1,1,1,1,0,0,1.0,0.0,0.0,1,-0.0,False,False,False,False,False,0,0,0,1,1,1,0,0,0,0,1
differentiated,S_0020971,1,1,1,1,0,0,1.0,0.0,0.0,1,-0.0,False,False,False,False,False,0,0,0,1,1,1,0,0,0,0,1
differentiated,S_0020975,1,1,1,0,1,0,0.0,1.0,0.0,1,-0.0,False,False,False,False,False,0,0,1,0,1,0,0,0,0,1,1
differentiated,S_0020978,1,1,1,0,1,0,0.0,1.0,0.0,1,-0.0,False,False,False,False,False,0,0,1,0,1,0,0,0,0,1,1
differentiated,S_0021020,1,1,1,0,1,0,0.0,1.0,0.0,1,-0.0,False,False,False,False,False,0,0,1,0,1,0,0,0,0,1,1
differentiated,S_0021031,1,1,1,0,1,0,0.0,1.0,0.0,1,-0.0,False,False,False,False,False,0,0,1,0,1,0,0,0,0,1,1
differentiated,S_0021033,1,1,1,0,1,0,0.0,1.0,0.0,1,-0.0,False,False,False,False,False,0,0,1,0,1,0,0,0,0,1,1
differentiated,S_0021040,1,1,1,0,1,0,0.0,1.0,0.0,1,-0.0,False,False,False,False,False,0,0,1,0,1,0,0,0,1,0,1
differentiated,S_0021042,1,1,1,0,1,0,0.0,1.0,0.0,1,-0.0,False,False,False,False,False,0,0,1,0,1,0,0,0,1,0,1
differentiated,S_0021044,1,1,1,0,1,0,0.0,1.0,0.0,1,-0.0,False,False,False,False,False,0,0,1,0,1,0,0,0,1,0,1
differentiated,S_0021046,1,1,1,0,1,0,0.0,1.0,0.0,1,-0.0,False,False,False,False,False,0,0,1,0,1,0,0,0,1,0,1
differentiated,S_0021047,1,1,1,0,1,0,0.0,1.0,0.0,1,-0.0,False,False,False,False,False,0,0,0,1,1,0,0,1,0,0,1
differentiated,S_0021049,1,1,1,0,0,1,0.0,0.0,1.0,1,-0.0,False,False,False,False,False,0,0,1,0,1,0,0,0,1,0,1
differentiated,S_0021060,1,1,1,0,1,0,0.0,1.0,0.0,1,-0.0,False,False,False,False,False,0,0,1,0,1,0,0,0,0,1,1
differentiated,S_0021066,1,1,1,0,1,0,0.0,1.0,0.0,1,-0.0,False,False,False,False,False,0,0,1,0,1,0,0,1,0,0,1
differentiated,S_0021068,1,1,1,0,1,0,0.0,1.0,0.0,1,-0.0,False,False,False,False,False,0,0,1,0,1,0,0,1,0,0,1
differentiated,S_0021073,1,1,1,0,1,0,0.0,1.0,0.0,1,-0.0,False,False,False,False,False,0,0,1,0,1,0,0,0,0,1,1
differentiated,S_0021075,1,1,1,0,1,0,0.0,1.0,0.0,1,-0.0,False,False,False,False,False,0,0,1,0,1,0,0,0,0,1,1
differentiated,S_0021117,1,1,1,1,0,0,1.0,0.0,0.0,1,-0.0,False,False,False,False,False,0,0,0,1,1,0,0,0,1,0,1
differentiated,S_0021118,1,1,1,1,0,0,1.0,0.0,0.0,1,-0.0,False,False,False,False,False,0,0,0,1,1,0,0,0,1,0,1
differentiated,S_0021121,1,1,1,1,0,0,1.0,0.0,0.0,1,-0.0,False,False,False,False,False,0,0,0,1,1,0,0,0,1,0,1
differentiated,S_0021122,1,1,1,1,0,0,1.0,0.0,0.0,1,-0.0,False,False,False,False,False,0,0,0,1,1,0,0,0,1,0,1
differentiated,S_0021123,1,1,1,0,1,0,0.0,1.0,0.0,1,-0.0,False,False,False,False,False,0,0,0,1,1,1,0,0,0,0,1
differentiated,S_0021131,1,1,1,0,1,0,0.0,1.0,0.0,1,-0.0,False,False,False,False,False,0,0,1,0,1,0,0,0,0,1,1
differentiated,S_0021132,1,1,1,0,1,0,0.0,1.0,0.0,1,-0.0,False,False,False,False,False,0,0,1,0,1,0,0,0,0,1,1
differentiated,S_0021134,1,1,1,0,1,0,0.0,1.0,0.0,1,-0.0,False,False,False,False,False,0,0,1,0,1,0,0,0,0,1,1
differentiated,S_0021135,1,1,1,0,1,0,0.0,1.0,0.0,1,-0.0,False,False,False,False,False,0,1,0,0,1,1,0,0,0,0,1
differentiated,S_0021138,1,1,1,0,1,0,0.0,1.0,0.0,1,-0.0,False,False,False,False,False,0,1,0,0,1,1,0,0,0,0,1
differentiated,S_0021140,1,1,1,0,1,0,0.0,1.0,0.0,1,-0.0,False,False,False,False,False,0,1,0,0,1,1,0,0,0,0,1
differentiated,S_0021142,1,1,1,0,1,0,0.0,1.0,0.0,1,-0.0,False,False,False,False,False,0,1,0,0,1,1,0,0,0,0,1
differentiated,S_0021143,1,1,1,0,1,0,0.0,1.0,0.0,1,-0.0,False,False,False,False,False,0,1,0,0,1,1,0,0,0,0,1
differentiated,S_0021157,4,4,4,1,2,1,0.25,0.5,0.25,3,0.946394630357186,False,True,True,False,False,0,0,1,3,2,3,0,0,0,1,2
differentiated,S_0021159,1,1,1,0,0,1,0.0,0.0,1.0,1,-0.0,False,False,False,False,False,0,0,1,0,1,1,0,0,0,0,1
differentiated,S_0021168,4,4,4,1,2,1,0.25,0.5,0.25,3,0.946394630357186,False,True,True,False,False,0,0,1,3,2,3,0,0,0,1,2
differentiated,S_0021190,1,1,1,0,1,0,0.0,1.0,0.0,1,-0.0,False,False,False,False,False,0,0,1,0,1,0,1,0,0,0,1
differentiated,S_0021193,1,1,1,0,1,0,0.0,1.0,0.0,1,-0.0,False,False,False,False,False,0,0,1,0,1,0,1,0,0,0,1
differentiated,S_0021195,1,1,1,0,1,0,0.0,1.0,0.0,1,-0.0,False,False,False,False,False,0,0,1,0,1,0,1,0,0,0,1
differentiated,S_0021197,2,2,2,0,2,0,0.0,1.0,0.0,1,-0.0,False,True,False,False,False,0,0,2,0,1,0,1,0,0,1,2
differentiated,S_0021198,1,1,1,0,1,0,0.0,1.0,0.0,1,-0.0,False,False,False,False,False,0,0,1,0,1,0,1,0,0,0,1
differentiated,S_0021204,2,2,2,0,1,1,0.0,0.5,0.5,2,0.6309297535714574,False,True,False,False,False,0,1,1,0,2,0,1,0,1,0,2
differentiated,S_0021208,1,1,1,0,0,1,0.0,0.0,1.0,1,-0.0,False,False,False,False,False,0,0,1,0,1,1,0,0,0,0,1
differentiated,S_0021209,1,1,1,0,1,0,0.0,1.0,0.0,1,-0.0,False,False,False,False,False,0,0,1,0,1,0,1,0,0,0,1
differentiated,S_0021211,1,1,1,0,1,0,0.0,1.0,0.0,1,-0.0,False,False,False,False,False,0,0,1,0,1,0,1,0,0,0,1
differentiated,S_0021212,1,1,1,0,0,1,0.0,0.0,1.0,1,-0.0,False,False,False,False,False,0,0,1,0,1,1,0,0,0,0,1
differentiated,S_0021213,1,1,1,0,1,0,0.0,1.0,0.0,1,-0.0,False,False,False,False,False,0,0,1,0,1,0,1,0,0,0,1
differentiated,S_0021214,1,1,1,0,1,0,0.0,1.0,0.0,1,-0.0,False,False,False,False,False,0,0,1,0,1,0,1,0,0,0,1
differentiated,S_0021215,1,1,1,0,0,1,0.0,0.0,1.0,1,-0.0,False,False,False,False,False,0,0,1,0,1,1,0,0,0,0,1
differentiated,S_0021217,2,2,2,0,2,0,0.0,1.0,0.0,1,-0.0,False,True,False,False,False,0,0,2,0,1,0,1,0,0,1,2
differentiated,S_0021218,2,2,2,0,2,0,0.0,1.0,0.0,1,-0.0,False,True,False,False,False,0,0,2,0,1,0,1,0,0,1,2
differentiated,S_0021222,1,1,1,0,1,0,0.0,1.0,0.0,1,-0.0,False,False,False,False,False,0,0,1,0,1,0,1,0,0,0,1
differentiated,S_0021223,1,1,1,0,1,0,0.0,1.0,0.0,1,-0.0,False,False,False,False,False,0,0,1,0,1,0,0,0,0,1,1
differentiated,S_0021228,16,8,6,2,5,1,0.25,0.625,0.125,3,0.8194483718728035,True,True,True,True,False,0,0,0,8,1,5,2,0,0,1,3
differentiated,S_0021229,8,8,3,2,5,1,0.25,0.625,0.125,3,0.8194483718728035,True,True,True,True,False,0,0,0,8,1,5,2,0,0,1,3
differentiated,S_0021234,2,2,1,0,0,2,0.0,0.0,1.0,1,-0.0,False,True,False,False,False,0,0,2,0,1,1,1,0,0,0,2
differentiated,S_0021237,2,2,1,0,0,2,0.0,0.0,1.0,1,-0.0,False,True,False,False,False,0,0,2,0,1,1,1,0,0,0,2
differentiated,S_0021241,9,9,4,3,5,1,0.3333333333333333,0.5555555555555556,0.1111111111111111,3,0.8527924884900404,True,True,True,True,False,0,0,0,9,1,6,2,0,0,1,3
differentiated,S_0021250,1,1,1,0,0,1,0.0,0.0,1.0,1,-0.0,False,False,False,False,False,0,0,1,0,1,1,0,0,0,0,1
differentiated,S_0021251,1,1,1,0,0,1,0.0,0.0,1.0,1,-0.0,False,False,False,False,False,0,0,1,0,1,1,0,0,0,0,1
differentiated,S_0021254,6,6,3,2,3,1,0.3333333333333333,0.5,0.16666666666666666,3,0.9206198357143047,True,True,True,True,False,0,0,1,5,2,2,3,0,0,1,3
differentiated,S_0021259,1,1,1,0,1,0,0.0,1.0,0.0,1,-0.0,False,False,False,False,False,0,0,1,0,1,0,0,0,0,1,1
differentiated,S_0021260,1,1,1,0,1,0,0.0,1.0,0.0,1,-0.0,False,False,False,False,False,0,0,1,0,1,0,0,0,0,1,1
differentiated,S_0021271,1,1,1,0,1,0,0.0,1.0,0.0,1,-0.0,False,False,False,False,False,0,0,1,0,1,0,1,0,0,0,1
differentiated,S_0021272,1,1,1,0,1,0,0.0,1.0,0.0,1,-0.0,False,False,False,False,False,0,0,1,0,1,0,1,0,0,0,1
differentiated,S_0021283,1,1,1,0,1,0,0.0,1.0,0.0,1,-0.0,False,False,False,False,False,0,0,1,0,1,0,0,0,0,1,1
differentiated,S_0021288,1,1,1,0,1,0,0.0,1.0,0.0,1,-0.0,False,False,False,False,False,0,0,1,0,1,0,1,0,0,0,1
differentiated,S_0021292,1,1,1,0,1,0,0.0,1.0,0.0,1,-0.0,False,False,False,False,False,0,0,1,0,1,0,0,0,0,1,1
differentiated,S_0021293,1,1,1,0,1,0,0.0,1.0,0.0,1,-0.0,False,False,False,False,False,0,0,1,0,1,0,0,0,0,1,1
differentiated,S_0021295,1,1,1,0,1,0,0.0,1.0,0.0,1,-0.0,False,False,False,False,False,0,0,1,0,1,0,1,0,0,0,1
differentiated,S_0021296,1,1,1,1,0,0,1.0,0.0,0.0,1,-0.0,False,False,False,False,False,0,0,0,1,1,0,1,0,0,0,1
differentiated,S_0021297,1,1,1,1,0,0,1.0,0.0,0.0,1,-0.0,False,False,False,False,False,0,0,0,1,1,0,1,0,0,0,1
differentiated,S_0021300,2,2,2,1,1,0,0.5,0.5,0.0,2,0.6309297535714574,False,True,False,False,False,0,0,1,1,2,1,1,0,0,0,2
differentiated,S_0021301,2,2,2,1,1,0,0.5,0.5,0.0,2,0.6309297535714574,False,True,False,False,False,0,0,1,1,2,1,1,0,0,0,2
differentiated,S_0021306,1,1,1,0,0,1,0.0,0.0,1.0,1,-0.0,False,False,False,False,False,0,0,1,0,1,0,0,1,0,0,1
differentiated,S_0021307,1,1,1,0,0,1,0.0,0.0,1.0,1,-0.0,False,False,False,False,False,0,0,1,0,1,0,0,1,0,0,1
differentiated,S_0021312,1,1,1,0,0,1,0.0,0.0,1.0,1,-0.0,False,False,False,False,False,0,0,1,0,1,0,0,1,0,0,1
differentiated,S_0021313,2,1,2,1,0,0,1.0,0.0,0.0,1,-0.0,False,False,False,False,False,0,0,0,1,1,0,0,0,1,0,1
differentiated,S_0021316,1,1,1,1,0,0,1.0,0.0,0.0,1,-0.0,False,False,False,False,False,0,0,0,1,1,0,0,0,1,0,1
differentiated,S_0021319,1,1,1,1,0,0,1.0,0.0,0.0,1,-0.0,False,False,False,False,False,0,0,0,1,1,0,0,0,1,0,1
differentiated,S_0021322,2,1,2,1,0,0,1.0,0.0,0.0,1,-0.0,False,False,False,False,False,0,0,0,1,1,0,0,0,1,0,1
differentiated,S_0021327,1,1,1,0,1,0,0.0,1.0,0.0,1,-0.0,False,False,False,False,False,0,0,0,1,1,0,0,0,0,1,1
differentiated,S_0021337,2,1,2,1,0,0,1.0,0.0,0.0,1,-0.0,False,False,False,False,False,0,0,0,1,1,0,0,0,1,0,1
differentiated,S_0021340,1,1,1,1,0,0,1.0,0.0,0.0,1,-0.0,False,False,False,False,False,0,0,0,1,1,0,0,0,1,0,1
differentiated,S_0021343,2,1,2,1,0,0,1.0,0.0,0.0,1,-0.0,False,False,False,False,False,0,0,0,1,1,0,0,0,1,0,1
differentiated,S_0021352,1,1,1,0,1,0,0.0,1.0,0.0,1,-0.0,False,False,False,False,False,0,0,0,1,1,0,0,0,0,1,1
differentiated,S_0021370,1,1,1,0,0,1,0.0,0.0,1.0,1,-0.0,False,False,False,False,False,0,0,1,0,1,1,0,0,0,0,1
differentiated,S_0021396,1,1,1,0,1,0,0.0,1.0,0.0,1,-0.0,False,False,False,False,False,0,0,0,1,1,0,0,0,0,1,1
differentiated,S_0021397,1,1,1,0,1,0,0.0,1.0,0.0,1,-0.0,False,False,False,False,False,0,0,0,1,1,0,0,0,0,1,1
differentiated,S_0021402,2,2,2,1,1,0,0.5,0.5,0.0,2,0.6309297535714574,False,True,False,False,False,0,0,1,1,2,1,0,0,1,0,2
differentiated,S_0021404,2,2,2,1,1,0,0.5,0.5,0.0,2,0.6309297535714574,False,True,False,False,False,0,0,1,1,2,1,0,0,1,0,2
differentiated,S_0021410,1,1,1,1,0,0,1.0,0.0,0.0,1,-0.0,False,False,False,False,False,0,0,0,1,1,0,0,0,1,0,1
differentiated,S_0021411,1,1,1,0,1,0,0.0,1.0,0.0,1,-0.0,False,False,False,False,False,0,0,1,0,1,1,0,0,0,0,1
differentiated,S_0021412,1,1,1,1,0,0,1.0,0.0,0.0,1,-0.0,False,False,False,False,False,0,0,0,1,1,0,0,0,1,0,1
differentiated,S_0021417,1,1,1,0,1,0,0.0,1.0,0.0,1,-0.0,False,False,False,False,False,0,0,0,1,1,1,0,0,0,0,1
differentiated,S_0021419,1,1,1,0,1,0,0.0,1.0,0.0,1,-0.0,False,False,False,False,False,0,0,0,1,1,1,0,0,0,0,1
differentiated,S_0021421,1,1,1,0,1,0,0.0,1.0,0.0,1,-0.0,False,False,False,False,False,0,0,0,1,1,1,0,0,0,0,1
differentiated,S_0021427,11,9,5,2,6,1,0.2222222222222222,0.6666666666666666,0.1111111111111111,3,0.7725068857142601,True,True,True,True,False,0,0,0,9,1,5,2,0,1,1,4
differentiated,S_0021429,2,2,1,0,2,0,0.0,1.0,0.0,1,-0.0,False,True,False,False,False,0,0,0,2,1,1,0,0,0,1,2
differentiated,S_0021430,2,2,1,0,2,0,0.0,1.0,0.0,1,-0.0,False,True,False,False,False,0,0,0,2,1,1,0,0,0,1,2
differentiated,S_0021432,2,2,1,0,2,0,0.0,1.0,0.0,1,-0.0,False,True,False,False,False,0,0,0,2,1,1,0,0,0,1,2
differentiated,S_0021444,1,1,1,1,0,0,1.0,0.0,0.0,1,-0.0,False,False,False,False,False,0,0,0,1,1,0,0,0,1,0,1
differentiated,S_0021446,1,1,1,1,0,0,1.0,0.0,0.0,1,-0.0,False,False,False,False,False,0,0,0,1,1,0,0,0,1,0,1
differentiated,S_0021447,1,1,1,1,0,0,1.0,0.0,0.0,1,-0.0,False,False,False,False,False,0,0,0,1,1,0,0,0,1,0,1
differentiated,S_0021448,1,1,1,0,0,1,0.0,0.0,1.0,1,-0.0,False,False,False,False,False,0,0,1,0,1,0,0,1,0,0,1
differentiated,S_0021449,1,1,1,0,0,1,0.0,0.0,1.0,1,-0.0,False,False,False,False,False,0,0,1,0,1,0,0,1,0,0,1
differentiated,S_0021468,1,1,1,0,1,0,0.0,1.0,0.0,1,-0.0,False,False,False,False,False,0,0,1,0,1,1,0,0,0,0,1
differentiated,S_0021470,1,1,1,0,1,0,0.0,1.0,0.0,1,-0.0,False,False,False,False,False,0,0,1,0,1,1,0,0,0,0,1
differentiated,S_0021480,1,1,1,1,0,0,1.0,0.0,0.0,1,-0.0,False,False,False,False,False,0,0,0,1,1,1,0,0,0,0,1
differentiated,S_0021486,11,9,6,3,5,1,0.3333333333333333,0.5555555555555556,0.1111111111111111,3,0.8527924884900404,True,True,True,True,False,0,0,0,9,1,6,2,0,0,1,3
differentiated,S_0021492,9,9,4,3,4,2,0.3333333333333333,0.4444444444444444,0.2222222222222222,3,0.965633607142825,True,True,True,True,False,0,1,0,8,2,6,2,0,1,0,3
differentiated,S_0021497,3,3,3,1,2,0,0.3333333333333333,0.6666666666666666,0.0,2,0.5793801642856949,False,True,True,False,False,0,0,0,3,1,2,0,0,0,1,2
differentiated,S_0021498,3,3,3,1,2,0,0.3333333333333333,0.6666666666666666,0.0,2,0.5793801642856949,False,True,True,False,False,0,0,0,3,1,2,0,0,0,1,2
differentiated,S_0021499,1,1,1,0,0,1,0.0,0.0,1.0,1,-0.0,False,False,False,False,False,0,0,1,0,1,1,0,0,0,0,1
differentiated,S_0021500,1,1,1,0,0,1,0.0,0.0,1.0,1,-0.0,False,False,False,False,False,0,0,1,0,1,1,0,0,0,0,1
differentiated,S_0021507,1,1,1,0,0,1,0.0,0.0,1.0,1,-0.0,False,False,False,False,False,0,0,1,0,1,1,0,0,0,0,1
differentiated,S_0021516,1,1,1,0,0,1,0.0,0.0,1.0,1,-0.0,False,False,False,False,False,0,0,1,0,1,1,0,0,0,0,1
differentiated,S_0021517,1,1,1,0,0,1,0.0,0.0,1.0,1,-0.0,False,False,False,False,False,0,0,1,0,1,1,0,0,0,0,1
differentiated,S_0021520,1,1,1,0,0,1,0.0,0.0,1.0,1,-0.0,False,False,False,False,False,0,0,1,0,1,1,0,0,0,0,1
differentiated,S_0021523,1,1,1,0,0,1,0.0,0.0,1.0,1,-0.0,False,False,False,False,False,0,0,1,0,1,1,0,0,0,0,1
differentiated,S_0021541,2,2,1,0,2,0,0.0,1.0,0.0,1,-0.0,False,True,False,False,False,0,0,0,2,1,1,0,1,0,0,2
differentiated,S_0021543,2,2,1,0,2,0,0.0,1.0,0.0,1,-0.0,False,True,False,False,False,0,0,0,2,1,1,0,1,0,0,2
differentiated,S_0021551,1,1,1,0,1,0,0.0,1.0,0.0,1,-0.0,False,False,False,False,False,0,0,1,0,1,0,1,0,0,0,1
differentiated,S_0021552,1,1,1,0,1,0,0.0,1.0,0.0,1,-0.0,False,False,False,False,False,0,0,1,0,1,0,1,0,0,0,1
differentiated,S_0021554,1,1,1,0,1,0,0.0,1.0,0.0,1,-0.0,False,False,False,False,False,0,0,1,0,1,0,1,0,0,0,1
differentiated,S_0021555,1,1,1,0,1,0,0.0,1.0,0.0,1,-0.0,False,False,False,False,False,0,0,1,0,1,0,1,0,0,0,1
differentiated,S_0021558,1,1,1,0,1,0,0.0,1.0,0.0,1,-0.0,False,False,False,False,False,0,0,1,0,1,0,1,0,0,0,1
differentiated,S_0021559,1,1,1,0,1,0,0.0,1.0,0.0,1,-0.0,False,False,False,False,False,0,0,1,0,1,0,1,0,0,0,1
differentiated,S_0021579,1,1,1,0,1,0,0.0,1.0,0.0,1,-0.0,False,False,False,False,False,0,0,1,0,1,0,1,0,0,0,1
differentiated,S_0021581,1,1,1,0,1,0,0.0,1.0,0.0,1,-0.0,False,False,False,False,False,0,0,1,0,1,0,1,0,0,0,1
differentiated,S_0021584,1,1,1,0,1,0,0.0,1.0,0.0,1,-0.0,False,False,False,False,False,0,0,1,0,1,0,1,0,0,0,1
differentiated,S_0021585,1,1,1,0,1,0,0.0,1.0,0.0,1,-0.0,False,False,False,False,False,0,0,1,0,1,0,1,0,0,0,1
differentiated,S_0021586,1,1,1,0,1,0,0.0,1.0,0.0,1,-0.0,False,False,False,False,False,0,0,1,0,1,0,1,0,0,0,1
differentiated,S_0021587,1,1,1,0,1,0,0.0,1.0,0.0,1,-0.0,False,False,False,False,False,0,0,1,0,1,0,1,0,0,0,1
differentiated,S_0021590,1,1,1,0,1,0,0.0,1.0,0.0,1,-0.0,False,False,False,False,False,0,0,1,0,1,0,1,0,0,0,1
differentiated,S_0021591,1,1,1,0,1,0,0.0,1.0,0.0,1,-0.0,False,False,False,False,False,0,0,1,0,1,0,1,0,0,0,1
differentiated,S_0021592,1,1,1,0,1,0,0.0,1.0,0.0,1,-0.0,False,False,False,False,False,0,0,1,0,1,0,1,0,0,0,1
differentiated,S_0021613,1,1,1,0,1,0,0.0,1.0,0.0,1,-0.0,False,False,False,False,False,0,0,1,0,1,0,1,0,0,0,1
differentiated,S_0021614,2,2,2,0,2,0,0.0,1.0,0.0,1,-0.0,False,True,False,False,False,0,0,1,1,2,1,1,0,0,0,2
differentiated,S_0021616,1,1,1,0,1,0,0.0,1.0,0.0,1,-0.0,False,False,False,False,False,0,0,1,0,1,1,0,0,0,0,1
differentiated,S_0021618,1,1,1,0,1,0,0.0,1.0,0.0,1,-0.0,False,False,False,False,False,0,0,1,0,1,1,0,0,0,0,1
differentiated,S_0021626,1,1,1,0,1,0,0.0,1.0,0.0,1,-0.0,False,False,False,False,False,0,0,1,0,1,1,0,0,0,0,1
differentiated,S_0021628,1,1,1,0,1,0,0.0,1.0,0.0,1,-0.0,False,False,False,False,False,0,0,1,0,1,1,0,0,0,0,1
differentiated,S_0021631,1,1,1,0,1,0,0.0,1.0,0.0,1,-0.0,False,False,False,False,False,0,0,1,0,1,0,1,0,0,0,1
differentiated,S_0021632,1,1,1,0,1,0,0.0,1.0,0.0,1,-0.0,False,False,False,False,False,0,0,1,0,1,0,1,0,0,0,1
differentiated,S_0021633,1,1,1,0,1,0,0.0,1.0,0.0,1,-0.0,False,False,False,False,False,0,0,1,0,1,0,1,0,0,0,1
differentiated,S_0021634,1,1,1,0,1,0,0.0,1.0,0.0,1,-0.0,False,False,False,False,False,0,0,1,0,1,0,1,0,0,0,1
differentiated,S_0021637,1,1,1,0,1,0,0.0,1.0,0.0,1,-0.0,False,False,False,False,False,0,0,1,0,1,0,1,0,0,0,1
differentiated,S_0021638,1,1,1,0,1,0,0.0,1.0,0.0,1,-0.0,False,False,False,False,False,0,0,1,0,1,0,1,0,0,0,1
differentiated,S_0021639,2,2,2,0,2,0,0.0,1.0,0.0,1,-0.0,False,True,False,False,False,0,0,1,1,2,1,1,0,0,0,2
differentiated,S_0021640,7,7,7,3,4,0,0.42857142857142855,0.5714285714285714,0.0,2,0.6216097450797566,True,True,True,True,False,0,0,1,6,2,3,3,0,1,0,3
differentiated,S_0021641,1,1,1,0,1,0,0.0,1.0,0.0,1,-0.0,False,False,False,False,False,0,0,0,1,1,1,0,0,0,0,1
differentiated,S_0021643,7,7,7,3,4,0,0.42857142857142855,0.5714285714285714,0.0,2,0.6216097450797566,True,True,True,True,False,0,0,1,6,2,3,3,0,1,0,3
differentiated,S_0021644,6,6,6,3,3,0,0.5,0.5,0.0,2,0.6309297535714574,True,True,True,True,False,0,0,0,6,1,3,2,0,1,0,3
differentiated,S_0021648,10,10,8,5,5,0,0.5,0.5,0.0,2,0.6309297535714574,True,True,True,True,True,0,0,0,10,1,5,2,1,2,0,4
differentiated,S_0021649,10,10,8,5,5,0,0.5,0.5,0.0,2,0.6309297535714574,True,True,True,True,True,0,0,0,10,1,5,2,1,2,0,4
differentiated,S_0021650,7,7,7,4,3,0,0.5714285714285714,0.42857142857142855,0.0,2,0.6216097450797566,True,True,True,True,False,0,0,0,7,1,4,2,0,1,0,3
differentiated,S_0021651,7,7,7,4,3,0,0.5714285714285714,0.42857142857142855,0.0,2,0.6216097450797566,True,True,True,True,False,0,0,0,7,1,4,2,0,1,0,3
differentiated,S_0021652,6,6,6,3,3,0,0.5,0.5,0.0,2,0.6309297535714574,True,True,True,True,False,0,0,0,6,1,3,2,0,1,0,3
differentiated,S_0021660,2,2,1,0,0,2,0.0,0.0,1.0,1,-0.0,False,True,False,False,False,0,0,2,0,1,1,1,0,0,0,2
differentiated,S_0021662,2,2,1,0,0,2,0.0,0.0,1.0,1,-0.0,False,True,False,False,False,0,0,2,0,1,1,1,0,0,0,2
differentiated,S_0021663,2,2,1,0,0,2,0.0,0.0,1.0,1,-0.0,False,True,False,False,False,0,0,2,0,1,1,1,0,0,0,2
differentiated,S_0021664,2,2,1,0,0,2,0.0,0.0,1.0,1,-0.0,False,True,False,False,False,0,0,2,0,1,1,1,0,0,0,2
differentiated,S_0021668,2,2,1,0,0,2,0.0,0.0,1.0,1,-0.0,False,True,False,False,False,0,0,2,0,1,1,1,0,0,0,2
differentiated,S_0021672,2,2,1,0,0,2,0.0,0.0,1.0,1,-0.0,False,True,False,False,False,0,0,2,0,1,1,1,0,0,0,2
differentiated,S_0021673,2,2,1,0,0,2,0.0,0.0,1.0,1,-0.0,False,True,False,False,False,0,0,2,0,1,1,1,0,0,0,2
differentiated,S_0021726,1,1,1,0,1,0,0.0,1.0,0.0,1,-0.0,False,False,False,False,False,0,0,1,0,1,1,0,0,0,0,1
differentiated,S_0021728,1,1,1,0,1,0,0.0,1.0,0.0,1,-0.0,False,False,False,False,False,0,0,1,0,1,1,0,0,0,0,1
differentiated,S_0021730,1,1,1,0,1,0,0.0,1.0,0.0,1,-0.0,False,False,False,False,False,0,0,1,0,1,1,0,0,0,0,1
differentiated,S_0021731,1,1,1,0,1,0,0.0,1.0,0.0,1,-0.0,False,False,False,False,False,0,0,1,0,1,1,0,0,0,0,1
differentiated,S_0021732,1,1,1,0,1,0,0.0,1.0,0.0,1,-0.0,False,False,False,False,False,0,0,1,0,1,1,0,0,0,0,1
differentiated,S_0021734,4,2,2,2,0,0,1.0,0.0,0.0,1,-0.0,False,True,False,False,False,0,0,0,2,1,2,0,0,0,0,1
differentiated,S_0021736,2,2,1,2,0,0,1.0,0.0,0.0,1,-0.0,False,True,False,False,False,0,0,0,2,1,2,0,0,0,0,1
differentiated,S_0021748,1,1,1,1,0,0,1.0,0.0,0.0,1,-0.0,False,False,False,False,False,0,0,0,1,1,0,1,0,0,0,1
differentiated,S_0021749,2,2,2,1,1,0,0.5,0.5,0.0,2,0.6309297535714574,False,True,False,False,False,0,0,1,1,2,1,1,0,0,0,2
differentiated,S_0021750,3,3,3,2,1,0,0.6666666666666666,0.3333333333333333,0.0,2,0.5793801642856949,False,True,True,False,False,0,0,1,2,2,1,1,0,1,0,3
differentiated,S_0021766,1,1,1,0,1,0,0.0,1.0,0.0,1,-0.0,False,False,False,False,False,0,0,1,0,1,0,0,0,0,1,1
differentiated,S_0021767,15,10,6,3,6,1,0.3,0.6,0.1,3,0.81734542214651,True,True,True,True,True,0,0,1,9,2,7,2,0,0,1,3
differentiated,S_0021768,1,1,1,0,0,1,0.0,0.0,1.0,1,-0.0,False,False,False,False,False,0,1,0,0,1,0,0,0,1,0,1
differentiated,S_0021769,10,5,2,1,3,1,0.2,0.6,0.2,3,0.8649735207179272,True,True,True,True,False,0,0,0,5,1,3,2,0,0,0,2
differentiated,S_0021789,5,5,2,2,3,0,0.4,0.6,0.0,2,0.6126016192893442,True,True,True,True,False,0,0,0,5,1,2,3,0,0,0,2
differentiated,S_0021790,2,2,2,0,2,0,0.0,1.0,0.0,1,-0.0,False,True,False,False,False,0,0,0,2,1,1,0,0,1,0,2
differentiated,S_0021791,2,2,1,1,0,1,0.5,0.0,0.5,2,0.6309297535714574,False,True,False,False,False,0,0,2,0,1,0,0,1,1,0,2
differentiated,S_0021793,2,2,1,1,0,1,0.5,0.0,0.5,2,0.6309297535714574,False,True,False,False,False,0,0,2,0,1,0,0,1,1,0,2
differentiated,S_0021794,1,1,1,0,1,0,0.0,1.0,0.0,1,-0.0,False,False,False,False,False,0,1,0,0,1,1,0,0,0,0,1
differentiated,S_0021795,1,1,1,0,0,1,0.0,0.0,1.0,1,-0.0,False,False,False,False,False,0,0,1,0,1,0,0,0,0,1,1
differentiated,S_0021796,1,1,1,0,1,0,0.0,1.0,0.0,1,-0.0,False,False,False,False,False,0,1,0,0,1,1,0,0,0,0,1
differentiated,S_0021797,1,1,1,0,0,1,0.0,0.0,1.0,1,-0.0,False,False,False,False,False,0,0,1,0,1,0,0,0,0,1,1
differentiated,S_0021805,5,5,2,2,3,0,0.4,0.6,0.0,2,0.6126016192893442,True,True,True,True,False,0,0,0,5,1,2,3,0,0,0,2
differentiated,S_0021808,1,1,1,0,1,0,0.0,1.0,0.0,1,-0.0,False,False,False,False,False,0,1,0,0,1,1,0,0,0,0,1
differentiated,S_0021809,3,3,3,0,3,0,0.0,1.0,0.0,1,-0.0,False,True,True,False,False,0,0,1,2,2,1,0,1,1,0,3
differentiated,S_0021818,1,1,1,0,0,1,0.0,0.0,1.0,1,-0.0,False,False,False,False,False,0,0,1,0,1,0,0,0,0,1,1
differentiated,S_0021819,1,1,1,0,0,1,0.0,0.0,1.0,1,-0.0,False,False,False,False,False,0,0,1,0,1,0,0,0,0,1,1
differentiated,S_0021821,1,1,1,0,1,0,0.0,1.0,0.0,1,-0.0,False,False,False,False,False,0,1,0,0,1,1,0,0,0,0,1
differentiated,S_0021822,1,1,1,0,1,0,0.0,1.0,0.0,1,-0.0,False,False,False,False,False,0,1,0,0,1,1,0,0,0,0,1
differentiated,S_0021826,1,1,1,0,1,0,0.0,1.0,0.0,1,-0.0,False,False,False,False,False,0,1,0,0,1,1,0,0,0,0,1
differentiated,S_0021827,1,1,1,0,1,0,0.0,1.0,0.0,1,-0.0,False,False,False,False,False,0,1,0,0,1,1,0,0,0,0,1
differentiated,S_0021836,1,1,1,0,1,0,0.0,1.0,0.0,1,-0.0,False,False,False,False,False,0,1,0,0,1,1,0,0,0,0,1
differentiated,S_0021837,1,1,1,0,1,0,0.0,1.0,0.0,1,-0.0,False,False,False,False,False,0,1,0,0,1,1,0,0,0,0,1
differentiated,S_0021839,1,1,1,0,1,0,0.0,1.0,0.0,1,-0.0,False,False,False,False,False,0,1,0,0,1,1,0,0,0,0,1
differentiated,S_0021841,1,1,1,0,1,0,0.0,1.0,0.0,1,-0.0,False,False,False,False,False,0,1,0,0,1,1,0,0,0,0,1
differentiated,S_0021843,1,1,1,0,0,1,0.0,0.0,1.0,1,-0.0,False,False,False,False,False,0,0,1,0,1,1,0,0,0,0,1
differentiated,S_0021845,1,1,1,0,0,1,0.0,0.0,1.0,1,-0.0,False,False,False,False,False,0,0,1,0,1,1,0,0,0,0,1
differentiated,S_0021849,1,1,1,0,1,0,0.0,1.0,0.0,1,-0.0,False,False,False,False,False,0,0,1,0,1,0,0,0,0,1,1
differentiated,S_0021850,1,1,1,0,1,0,0.0,1.0,0.0,1,-0.0,False,False,False,False,False,0,0,1,0,1,0,0,0,0,1,1
differentiated,S_0021852,5,5,4,2,3,0,0.4,0.6,0.0,2,0.6126016192893442,True,True,True,True,False,0,0,0,5,1,3,0,1,1,0,3
differentiated,S_0021853,5,5,4,2,3,0,0.4,0.6,0.0,2,0.6126016192893442,True,True,True,True,False,0,0,0,5,1,3,0,1,1,0,3
differentiated,S_0021857,1,1,1,0,0,1,0.0,0.0,1.0,1,-0.0,False,False,False,False,False,0,0,1,0,1,0,0,0,0,1,1
differentiated,S_0021858,1,1,1,0,0,1,0.0,0.0,1.0,1,-0.0,False,False,False,False,False,0,0,1,0,1,0,0,0,0,1,1
differentiated,S_0021860,1,1,1,0,1,0,0.0,1.0,0.0,1,-0.0,False,False,False,False,False,0,0,1,0,1,1,0,0,0,0,1
differentiated,S_0021861,1,1,1,0,0,1,0.0,0.0,1.0,1,-0.0,False,False,False,False,False,0,0,1,0,1,0,0,0,0,1,1
differentiated,S_0021862,1,1,1,0,0,1,0.0,0.0,1.0,1,-0.0,False,False,False,False,False,0,0,1,0,1,0,0,0,0,1,1
differentiated,S_0021865,1,1,1,0,1,0,0.0,1.0,0.0,1,-0.0,False,False,False,False,False,0,1,0,0,1,1,0,0,0,0,1
differentiated,S_0021866,1,1,1,0,1,0,0.0,1.0,0.0,1,-0.0,False,False,False,False,False,0,1,0,0,1,1,0,0,0,0,1
differentiated,S_0021870,1,1,1,0,1,0,0.0,1.0,0.0,1,-0.0,False,False,False,False,False,0,1,0,0,1,1,0,0,0,0,1
differentiated,S_0021891,1,1,1,0,0,1,0.0,0.0,1.0,1,-0.0,False,False,False,False,False,0,0,1,0,1,0,0,0,0,1,1
differentiated,S_0021892,1,1,1,0,0,1,0.0,0.0,1.0,1,-0.0,False,False,False,False,False,0,0,1,0,1,0,0,0,0,1,1
differentiated,S_0021894,1,1,1,0,0,1,0.0,0.0,1.0,1,-0.0,False,False,False,False,False,0,0,1,0,1,0,0,0,0,1,1
differentiated,S_0021895,5,5,2,2,3,0,0.4,0.6,0.0,2,0.6126016192893442,True,True,True,True,False,0,0,0,5,1,2,3,0,0,0,2
differentiated,S_0021898,1,1,1,0,0,1,0.0,0.0,1.0,1,-0.0,False,False,False,False,False,0,0,1,0,1,1,0,0,0,0,1
differentiated,S_0021900,1,1,1,0,0,1,0.0,0.0,1.0,1,-0.0,False,False,False,False,False,0,0,1,0,1,1,0,0,0,0,1
differentiated,S_0021910,1,1,1,0,1,0,0.0,1.0,0.0,1,-0.0,False,False,False,False,False,0,0,1,0,1,0,0,0,1,0,1
differentiated,S_0021914,1,1,1,0,1,0,0.0,1.0,0.0,1,-0.0,False,False,False,False,False,0,0,1,0,1,0,0,0,1,0,1
differentiated,S_0021916,1,1,1,0,1,0,0.0,1.0,0.0,1,-0.0,False,False,False,False,False,0,0,1,0,1,0,0,0,1,0,1
differentiated,S_0021918,1,1,1,0,1,0,0.0,1.0,0.0,1,-0.0,False,False,False,False,False,0,0,1,0,1,0,0,0,1,0,1
differentiated,S_0021924,1,1,1,0,1,0,0.0,1.0,0.0,1,-0.0,False,False,False,False,False,0,0,1,0,1,0,0,0,0,1,1
differentiated,S_0021930,1,1,1,0,1,0,0.0,1.0,0.0,1,-0.0,False,False,False,False,False,0,0,1,0,1,0,0,0,1,0,1
differentiated,S_0021931,1,1,1,0,1,0,0.0,1.0,0.0,1,-0.0,False,False,False,False,False,0,0,1,0,1,0,0,0,1,0,1
differentiated,S_0021944,1,1,1,0,1,0,0.0,1.0,0.0,1,-0.0,False,False,False,False,False,0,0,1,0,1,0,0,0,1,0,1
differentiated,S_0021948,2,2,1,1,0,1,0.5,0.0,0.5,2,0.6309297535714574,False,True,False,False,False,0,0,2,0,1,0,0,1,1,0,2
differentiated,S_0021949,2,2,1,1,0,1,0.5,0.0,0.5,2,0.6309297535714574,False,True,False,False,False,0,0,2,0,1,0,0,1,1,0,2
differentiated,S_0021952,1,1,1,0,1,0,0.0,1.0,0.0,1,-0.0,False,False,False,False,False,0,0,1,0,1,1,0,0,0,0,1
differentiated,S_0021953,1,1,1,0,1,0,0.0,1.0,0.0,1,-0.0,False,False,False,False,False,0,0,1,0,1,1,0,0,0,0,1
differentiated,S_0021955,2,2,2,0,1,1,0.0,0.5,0.5,2,0.6309297535714574,False,True,False,False,False,0,0,1,1,2,2,0,0,0,0,1
differentiated,S_0021956,1,1,1,0,1,0,0.0,1.0,0.0,1,-0.0,False,False,False,False,False,0,0,0,1,1,1,0,0,0,0,1
differentiated,S_0021972,1,1,1,0,1,0,0.0,1.0,0.0,1,-0.0,False,False,False,False,False,0,0,0,1,1,1,0,0,0,0,1
differentiated,S_0021974,1,1,1,0,0,1,0.0,0.0,1.0,1,-0.0,False,False,False,False,False,0,1,0,0,1,0,0,0,1,0,1
differentiated,S_0021975,1,1,1,0,0,1,0.0,0.0,1.0,1,-0.0,False,False,False,False,False,0,1,0,0,1,0,0,0,1,0,1
differentiated,S_0021998,1,1,1,0,1,0,0.0,1.0,0.0,1,-0.0,False,False,False,False,False,0,0,1,0,1,0,1,0,0,0,1
differentiated,S_0022001,1,1,1,0,1,0,0.0,1.0,0.0,1,-0.0,False,False,False,False,False,0,0,1,0,1,0,0,0,0,1,1
differentiated,S_0022061,1,1,1,0,0,1,0.0,0.0,1.0,1,-0.0,False,False,False,False,False,0,0,0,1,1,1,0,0,0,0,1
differentiated,S_0022066,7,7,4,2,3,2,0.2857142857142857,0.42857142857142855,0.2857142857142857,3,0.9821410328348751,True,True,True,True,False,0,0,3,4,2,5,1,0,0,1,3
differentiated,S_0022067,1,1,1,0,1,0,0.0,1.0,0.0,1,-0.0,False,False,False,False,False,0,0,0,1,1,1,0,0,0,0,1
differentiated,S_0022069,4,4,3,2,2,0,0.5,0.5,0.0,2,0.6309297535714574,False,True,True,False,False,0,0,0,4,1,4,0,0,0,0,1
differentiated,S_0022078,1,1,1,0,1,0,0.0,1.0,0.0,1,-0.0,False,False,False,False,False,0,0,0,1,1,1,0,0,0,0,1
differentiated,S_0022079,1,1,1,0,1,0,0.0,1.0,0.0,1,-0.0,False,False,False,False,False,0,0,0,1,1,1,0,0,0,0,1
differentiated,S_0022091,1,1,1,0,1,0,0.0,1.0,0.0,1,-0.0,False,False,False,False,False,0,0,1,0,1,1,0,0,0,0,1
differentiated,S_0022092,1,1,1,0,1,0,0.0,1.0,0.0,1,-0.0,False,False,False,False,False,0,0,1,0,1,1,0,0,0,0,1
differentiated,S_0022103,1,1,1,0,1,0,0.0,1.0,0.0,1,-0.0,False,False,False,False,False,0,0,1,0,1,1,0,0,0,0,1
differentiated,S_0022107,2,2,1,0,2,0,0.0,1.0,0.0,1,-0.0,False,True,False,False,False,0,0,2,0,1,1,0,0,0,1,2
differentiated,S_0022108,2,2,1,0,2,0,0.0,1.0,0.0,1,-0.0,False,True,False,False,False,0,0,2,0,1,1,0,0,0,1,2
differentiated,S_0022110,1,1,1,0,1,0,0.0,1.0,0.0,1,-0.0,False,False,False,False,False,0,0,1,0,1,0,1,0,0,0,1
differentiated,S_0022111,1,1,1,0,1,0,0.0,1.0,0.0,1,-0.0,False,False,False,False,False,0,0,1,0,1,0,1,0,0,0,1
differentiated,S_0022116,4,2,2,2,0,0,1.0,0.0,0.0,1,-0.0,False,True,False,False,False,0,0,0,2,1,2,0,0,0,0,1
differentiated,S_0022119,7,7,7,2,5,0,0.2857142857142857,0.7142857142857143,0.0,2,0.5445684476282007,True,True,True,True,False,0,0,1,6,2,4,2,0,1,0,3
differentiated,S_0022120,1,1,1,0,1,0,0.0,1.0,0.0,1,-0.0,False,False,False,False,False,0,0,1,0,1,0,1,0,0,0,1
differentiated,S_0022121,7,7,7,2,5,0,0.2857142857142857,0.7142857142857143,0.0,2,0.5445684476282007,True,True,True,True,False,0,0,1,6,2,4,2,0,1,0,3
differentiated,S_0022122,7,7,7,2,5,0,0.2857142857142857,0.7142857142857143,0.0,2,0.5445684476282007,True,True,True,True,False,0,0,1,6,2,3,3,0,1,0,3
differentiated,S_0022123,8,8,3,2,5,1,0.25,0.625,0.125,3,0.8194483718728035,True,True,True,True,False,0,0,0,8,1,5,2,0,1,0,3
differentiated,S_0022124,7,7,2,2,4,1,0.2857142857142857,0.5714285714285714,0.14285714285714285,3,0.8699155297736259,True,True,True,True,False,0,0,0,7,1,4,2,0,1,0,3
differentiated,S_0022125,1,1,1,0,1,0,0.0,1.0,0.0,1,-0.0,False,False,False,False,False,0,0,0,1,1,1,0,0,0,0,1
differentiated,S_0022126,7,7,7,2,4,1,0.2857142857142857,0.5714285714285714,0.14285714285714285,3,0.8699155297736259,True,True,True,True,False,0,0,0,7,1,4,2,0,1,0,3
differentiated,S_0022129,12,6,12,2,4,0,0.3333333333333333,0.6666666666666666,0.0,2,0.5793801642856949,True,True,True,True,False,0,0,0,6,1,3,2,0,1,0,3
differentiated,S_0022130,1,1,1,0,0,1,0.0,0.0,1.0,1,-0.0,False,False,False,False,False,0,0,0,1,1,1,0,0,0,0,1
differentiated,S_0022132,2,2,1,0,2,0,0.0,1.0,0.0,1,-0.0,False,True,False,False,False,0,0,2,0,1,1,1,0,0,0,2
differentiated,S_0022133,1,1,1,0,1,0,0.0,1.0,0.0,1,-0.0,False,False,False,False,False,0,0,1,0,1,1,0,0,0,0,1
differentiated,S_0022135,1,1,1,0,1,0,0.0,1.0,0.0,1,-0.0,False,False,False,False,False,0,0,1,0,1,0,1,0,0,0,1
differentiated,S_0022136,7,7,7,2,5,0,0.2857142857142857,0.7142857142857143,0.0,2,0.5445684476282007,True,True,True,True,False,0,0,1,6,2,4,2,0,1,0,3
differentiated,S_0022137,6,6,6,2,4,0,0.3333333333333333,0.6666666666666666,0.0,2,0.5793801642856949,True,True,True,True,False,0,0,0,6,1,3,2,0,1,0,3
differentiated,S_0022138,1,1,1,0,1,0,0.0,1.0,0.0,1,-0.0,False,False,False,False,False,0,0,1,0,1,0,1,0,0,0,1
differentiated,S_0022139,1,1,1,0,1,0,0.0,1.0,0.0,1,-0.0,False,False,False,False,False,0,0,1,0,1,0,1,0,0,0,1
differentiated,S_0022145,9,7,9,4,3,0,0.5714285714285714,0.42857142857142855,0.0,2,0.6216097450797566,True,True,True,True,False,0,0,0,7,1,4,2,0,1,0,3
differentiated,S_0022146,7,7,7,3,4,0,0.42857142857142855,0.5714285714285714,0.0,2,0.6216097450797566,True,True,True,True,False,0,0,1,6,2,3,3,0,1,0,3
differentiated,S_0022147,2,2,2,1,1,0,0.5,0.5,0.0,2,0.6309297535714574,False,True,False,False,False,0,0,1,1,2,1,1,0,0,0,2
differentiated,S_0022149,2,2,1,0,2,0,0.0,1.0,0.0,1,-0.0,False,True,False,False,False,0,0,2,0,1,1,0,1,0,0,2
differentiated,S_0022158,2,2,1,0,2,0,0.0,1.0,0.0,1,-0.0,False,True,False,False,False,0,0,2,0,1,1,0,0,1,0,2
differentiated,S_0022160,2,2,1,0,2,0,0.0,1.0,0.0,1,-0.0,False,True,False,False,False,0,0,0,2,1,0,0,1,0,1,2
differentiated,S_0022162,3,3,1,1,2,0,0.3333333333333333,0.6666666666666666,0.0,2,0.5793801642856949,False,True,True,False,False,0,0,0,3,1,0,0,1,1,1,3
differentiated,S_0022166,1,1,1,0,1,0,0.0,1.0,0.0,1,-0.0,False,False,False,False,False,0,0,1,0,1,0,0,0,0,1,1
differentiated,S_0022168,1,1,1,0,1,0,0.0,1.0,0.0,1,-0.0,False,False,False,False,False,0,0,1,0,1,0,0,0,0,1,1
differentiated,S_0022170,1,1,1,0,1,0,0.0,1.0,0.0,1,-0.0,False,False,False,False,False,0,0,1,0,1,0,0,0,0,1,1
differentiated,S_0022172,1,1,1,0,1,0,0.0,1.0,0.0,1,-0.0,False,False,False,False,False,0,0,1,0,1,0,0,0,0,1,1
differentiated,S_0022175,1,1,1,0,1,0,0.0,1.0,0.0,1,-0.0,False,False,False,False,False,0,0,1,0,1,0,0,0,0,1,1
differentiated,S_0022184,1,1,1,1,0,0,1.0,0.0,0.0,1,-0.0,False,False,False,False,False,0,0,0,1,1,0,0,0,1,0,1
differentiated,S_0022185,1,1,1,1,0,0,1.0,0.0,0.0,1,-0.0,False,False,False,False,False,0,0,0,1,1,0,0,0,1,0,1
differentiated,S_0022186,1,1,1,0,1,0,0.0,1.0,0.0,1,-0.0,False,False,False,False,False,0,0,1,0,1,0,1,0,0,0,1
differentiated,S_0022188,1,1,1,0,1,0,0.0,1.0,0.0,1,-0.0,False,False,False,False,False,0,0,1,0,1,0,1,0,0,0,1
differentiated,S_0022191,1,1,1,0,1,0,0.0,1.0,0.0,1,-0.0,False,False,False,False,False,0,0,1,0,1,0,1,0,0,0,1
differentiated,S_0022192,2,1,2,0,1,0,0.0,1.0,0.0,1,-0.0,False,False,False,False,False,0,0,1,0,1,0,1,0,0,0,1
differentiated,S_0022193,1,1,1,0,1,0,0.0,1.0,0.0,1,-0.0,False,False,False,False,False,0,0,1,0,1,0,1,0,0,0,1
differentiated,S_0022196,1,1,1,0,1,0,0.0,1.0,0.0,1,-0.0,False,False,False,False,False,0,0,1,0,1,0,1,0,0,0,1
differentiated,S_0022197,1,1,1,0,1,0,0.0,1.0,0.0,1,-0.0,False,False,False,False,False,0,0,1,0,1,0,1,0,0,0,1
differentiated,S_0022198,1,1,1,0,1,0,0.0,1.0,0.0,1,-0.0,False,False,False,False,False,0,0,1,0,1,0,1,0,0,0,1
differentiated,S_0022200,2,1,2,0,1,0,0.0,1.0,0.0,1,-0.0,False,False,False,False,False,0,0,1,0,1,0,1,0,0,0,1
differentiated,S_0022236,1,1,1,0,1,0,0.0,1.0,0.0,1,-0.0,False,False,False,False,False,0,0,1,0,1,0,1,0,0,0,1
differentiated,S_0022237,1,1,1,0,1,0,0.0,1.0,0.0,1,-0.0,False,False,False,False,False,0,0,1,0,1,0,1,0,0,0,1
differentiated,S_0022240,2,2,2,1,1,0,0.5,0.5,0.0,2,0.6309297535714574,False,True,False,False,False,0,0,1,1,2,0,1,0,1,0,2
differentiated,S_0022242,1,1,1,0,1,0,0.0,1.0,0.0,1,-0.0,False,False,False,False,False,0,0,1,0,1,0,1,0,0,0,1
differentiated,S_0022244,1,1,1,0,1,0,0.0,1.0,0.0,1,-0.0,False,False,False,False,False,0,0,1,0,1,0,1,0,0,0,1
differentiated,S_0022245,1,1,1,1,0,0,1.0,0.0,0.0,1,-0.0,False,False,False,False,False,0,0,0,1,1,0,0,0,1,0,1
differentiated,S_0022248,2,1,2,1,0,0,1.0,0.0,0.0,1,-0.0,False,False,False,False,False,0,0,0,1,1,0,0,0,1,0,1
differentiated,S_0022252,1,1,1,1,0,0,1.0,0.0,0.0,1,-0.0,False,False,False,False,False,0,0,0,1,1,0,0,0,1,0,1
differentiated,S_0022366,1,1,1,1,0,0,1.0,0.0,0.0,1,-0.0,False,False,False,False,False,1,0,0,0,1,1,0,0,0,0,1
differentiated,S_0022368,1,1,1,1,0,0,1.0,0.0,0.0,1,-0.0,False,False,False,False,False,1,0,0,0,1,1,0,0,0,0,1
differentiated,S_0022370,1,1,1,1,0,0,1.0,0.0,0.0,1,-0.0,False,False,False,False,False,1,0,0,0,1,1,0,0,0,0,1
differentiated,S_0022387,1,1,1,0,1,0,0.0,1.0,0.0,1,-0.0,False,False,False,False,False,0,0,1,0,1,0,1,0,0,0,1
differentiated,S_0022405,1,1,1,1,0,0,1.0,0.0,0.0,1,-0.0,False,False,False,False,False,1,0,0,0,1,1,0,0,0,0,1
differentiated,S_0022412,1,1,1,1,0,0,1.0,0.0,0.0,1,-0.0,False,False,False,False,False,1,0,0,0,1,1,0,0,0,0,1
differentiated,S_0022414,1,1,1,1,0,0,1.0,0.0,0.0,1,-0.0,False,False,False,False,False,1,0,0,0,1,1,0,0,0,0,1
differentiated,S_0022559,7,7,4,2,5,0,0.2857142857142857,0.7142857142857143,0.0,2,0.5445684476282007,True,True,True,True,False,0,0,1,6,2,2,4,0,1,0,3
differentiated,S_0022560,2,2,2,0,2,0,0.0,1.0,0.0,1,-0.0,False,True,False,False,False,0,0,1,1,2,0,2,0,0,0,1
differentiated,S_0022561,5,5,3,2,3,0,0.4,0.6,0.0,2,0.6126016192893442,True,True,True,True,False,0,0,0,5,1,2,2,0,1,0,3
differentiated,S_0022563,5,5,3,2,3,0,0.4,0.6,0.0,2,0.6126016192893442,True,True,True,True,False,0,0,0,5,1,2,2,0,1,0,3
differentiated,S_0022565,5,5,3,2,3,0,0.4,0.6,0.0,2,0.6126016192893442,True,True,True,True,False,0,0,0,5,1,2,2,0,1,0,3
differentiated,S_0022592,2,1,2,1,0,0,1.0,0.0,0.0,1,-0.0,False,False,False,False,False,0,0,0,1,1,0,0,0,1,0,1
differentiated,S_0022593,1,1,1,1,0,0,1.0,0.0,0.0,1,-0.0,False,False,False,False,False,0,0,0,1,1,0,0,0,1,0,1
differentiated,S_0022594,1,1,1,1,0,0,1.0,0.0,0.0,1,-0.0,False,False,False,False,False,0,0,0,1,1,0,0,0,1,0,1
differentiated,S_0022597,1,1,1,1,0,0,1.0,0.0,0.0,1,-0.0,False,False,False,False,False,0,0,0,1,1,0,0,0,1,0,1
differentiated,S_0022602,5,5,2,2,3,0,0.4,0.6,0.0,2,0.6126016192893442,True,True,True,True,False,0,0,0,5,1,2,3,0,0,0,2
differentiated,S_0022603,5,5,2,2,3,0,0.4,0.6,0.0,2,0.6126016192893442,True,True,True,True,False,0,0,0,5,1,2,3,0,0,0,2
differentiated,S_0022619,1,1,1,0,1,0,0.0,1.0,0.0,1,-0.0,False,False,False,False,False,0,0,0,1,1,0,1,0,0,0,1
differentiated,S_0022621,1,1,1,0,1,0,0.0,1.0,0.0,1,-0.0,False,False,False,False,False,0,0,0,1,1,0,1,0,0,0,1
differentiated,S_0022622,1,1,1,0,1,0,0.0,1.0,0.0,1,-0.0,False,False,False,False,False,0,0,0,1,1,0,1,0,0,0,1
differentiated,S_0022625,1,1,1,0,1,0,0.0,1.0,0.0,1,-0.0,False,False,False,False,False,0,0,0,1,1,0,1,0,0,0,1
differentiated,S_0022789,1,1,1,0,1,0,0.0,1.0,0.0,1,-0.0,False,False,False,False,False,0,0,0,1,1,0,0,0,1,0,1
differentiated,S_0022834,1,1,1,0,1,0,0.0,1.0,0.0,1,-0.0,False,False,False,False,False,0,0,1,0,1,1,0,0,0,0,1
differentiated,S_0022835,1,1,1,0,1,0,0.0,1.0,0.0,1,-0.0,False,False,False,False,False,0,0,1,0,1,1,0,0,0,0,1
differentiated,S_0022866,1,1,1,0,1,0,0.0,1.0,0.0,1,-0.0,False,False,False,False,False,0,1,0,0,1,0,0,0,1,0,1
differentiated,S_0022896,1,1,1,0,1,0,0.0,1.0,0.0,1,-0.0,False,False,False,False,False,0,0,1,0,1,1,0,0,0,0,1
differentiated,S_0022897,1,1,1,0,1,0,0.0,1.0,0.0,1,-0.0,False,False,False,False,False,0,0,1,0,1,1,0,0,0,0,1
differentiated,S_0022901,1,1,1,0,1,0,0.0,1.0,0.0,1,-0.0,False,False,False,False,False,0,0,1,0,1,1,0,0,0,0,1
differentiated,S_0022904,1,1,1,0,1,0,0.0,1.0,0.0,1,-0.0,False,False,False,False,False,0,0,1,0,1,1,0,0,0,0,1
differentiated,S_0022905,1,1,1,0,1,0,0.0,1.0,0.0,1,-0.0,False,False,False,False,False,0,0,1,0,1,1,0,0,0,0,1
differentiated,S_0022959,1,1,1,0,1,0,0.0,1.0,0.0,1,-0.0,False,False,False,False,False,0,0,0,1,1,0,0,0,0,1,1
differentiated,S_0022962,1,1,1,0,1,0,0.0,1.0,0.0,1,-0.0,False,False,False,False,False,0,0,0,1,1,0,0,0,0,1,1
differentiated,S_0022995,1,1,1,0,1,0,0.0,1.0,0.0,1,-0.0,False,False,False,False,False,0,0,1,0,1,1,0,0,0,0,1
differentiated,S_0022996,1,1,1,0,1,0,0.0,1.0,0.0,1,-0.0,False,False,False,False,False,0,0,1,0,1,1,0,0,0,0,1
differentiated,S_0023008,2,1,2,1,0,0,1.0,0.0,0.0,1,-0.0,False,False,False,False,False,0,0,0,1,1,1,0,0,0,0,1
differentiated,S_0023011,1,1,1,1,0,0,1.0,0.0,0.0,1,-0.0,False,False,False,False,False,0,0,0,1,1,1,0,0,0,0,1
differentiated,S_0023013,2,1,2,1,0,0,1.0,0.0,0.0,1,-0.0,False,False,False,False,False,0,0,0,1,1,1,0,0,0,0,1
differentiated,S_0023014,2,1,2,1,0,0,1.0,0.0,0.0,1,-0.0,False,False,False,False,False,0,0,0,1,1,1,0,0,0,0,1
differentiated,S_0023029,1,1,1,0,1,0,0.0,1.0,0.0,1,-0.0,False,False,False,False,False,0,0,1,0,1,1,0,0,0,0,1
differentiated,S_0023030,1,1,1,0,1,0,0.0,1.0,0.0,1,-0.0,False,False,False,False,False,0,0,1,0,1,1,0,0,0,0,1
differentiated,S_0023044,1,1,1,0,1,0,0.0,1.0,0.0,1,-0.0,False,False,False,False,False,0,0,1,0,1,1,0,0,0,0,1
differentiated,S_0023046,1,1,1,0,1,0,0.0,1.0,0.0,1,-0.0,False,False,False,False,False,0,0,1,0,1,1,0,0,0,0,1
differentiated,S_0023061,1,1,1,0,1,0,0.0,1.0,0.0,1,-0.0,False,False,False,False,False,0,0,1,0,1,0,1,0,0,0,1
differentiated,S_0023065,1,1,1,0,1,0,0.0,1.0,0.0,1,-0.0,False,False,False,False,False,0,0,0,1,1,0,1,0,0,0,1
differentiated,S_0023070,1,1,1,0,1,0,0.0,1.0,0.0,1,-0.0,False,False,False,False,False,0,0,0,1,1,0,1,0,0,0,1
differentiated,S_0023072,1,1,1,0,1,0,0.0,1.0,0.0,1,-0.0,False,False,False,False,False,0,0,1,0,1,0,1,0,0,0,1
differentiated,S_0023077,1,1,1,0,1,0,0.0,1.0,0.0,1,-0.0,False,False,False,False,False,0,0,0,1,1,0,1,0,0,0,1
differentiated,S_0023078,1,1,1,0,1,0,0.0,1.0,0.0,1,-0.0,False,False,False,False,False,0,0,0,1,1,0,1,0,0,0,1
differentiated,S_0023084,1,1,1,0,0,1,0.0,0.0,1.0,1,-0.0,False,False,False,False,False,0,0,1,0,1,0,0,1,0,0,1
differentiated,S_0023085,1,1,1,0,0,1,0.0,0.0,1.0,1,-0.0,False,False,False,False,False,0,0,1,0,1,0,0,1,0,0,1
differentiated,S_0023088,1,1,1,0,0,1,0.0,0.0,1.0,1,-0.0,False,False,False,False,False,0,0,1,0,1,0,0,1,0,0,1
differentiated,S_0023089,1,1,1,0,0,1,0.0,0.0,1.0,1,-0.0,False,False,False,False,False,0,0,1,0,1,0,0,1,0,0,1
differentiated,S_0023094,1,1,1,1,0,0,1.0,0.0,0.0,1,-0.0,False,False,False,False,False,0,0,0,1,1,0,1,0,0,0,1
differentiated,S_0023096,1,1,1,1,0,0,1.0,0.0,0.0,1,-0.0,False,False,False,False,False,0,0,0,1,1,0,1,0,0,0,1
differentiated,S_0023107,1,1,1,0,0,1,0.0,0.0,1.0,1,-0.0,False,False,False,False,False,0,0,1,0,1,0,0,0,1,0,1
differentiated,S_0023108,1,1,1,0,1,0,0.0,1.0,0.0,1,-0.0,False,False,False,False,False,0,0,0,1,1,0,0,0,1,0,1
differentiated,S_0023109,1,1,1,0,0,1,0.0,0.0,1.0,1,-0.0,False,False,False,False,False,0,0,1,0,1,0,0,0,1,0,1
differentiated,S_0023121,1,1,1,1,0,0,1.0,0.0,0.0,1,-0.0,False,False,False,False,False,0,0,1,0,1,1,0,0,0,0,1
differentiated,S_0023124,1,1,1,1,0,0,1.0,0.0,0.0,1,-0.0,False,False,False,False,False,0,0,1,0,1,1,0,0,0,0,1
differentiated,S_0023128,1,1,1,1,0,0,1.0,0.0,0.0,1,-0.0,False,False,False,False,False,0,0,1,0,1,1,0,0,0,0,1
differentiated,S_0023129,1,1,1,1,0,0,1.0,0.0,0.0,1,-0.0,False,False,False,False,False,0,0,1,0,1,1,0,0,0,0,1
differentiated,S_0023137,2,2,1,1,0,1,0.5,0.0,0.5,2,0.6309297535714574,False,True,False,False,False,0,0,2,0,1,1,1,0,0,0,2
differentiated,S_0023138,2,2,1,1,0,1,0.5,0.0,0.5,2,0.6309297535714574,False,True,False,False,False,0,0,2,0,1,1,1,0,0,0,2
differentiated,S_0023164,1,1,1,1,0,0,1.0,0.0,0.0,1,-0.0,False,False,False,False,False,0,0,1,0,1,1,0,0,0,0,1
differentiated,S_0023165,1,1,1,1,0,0,1.0,0.0,0.0,1,-0.0,False,False,False,False,False,0,0,1,0,1,1,0,0,0,0,1
differentiated,S_0023170,1,1,1,1,0,0,1.0,0.0,0.0,1,-0.0,False,False,False,False,False,0,0,0,1,1,0,0,0,1,0,1
differentiated,S_0023172,1,1,1,1,0,0,1.0,0.0,0.0,1,-0.0,False,False,False,False,False,0,0,0,1,1,0,0,0,1,0,1
differentiated,S_0023179,4,1,4,1,0,0,1.0,0.0,0.0,1,-0.0,False,False,False,False,False,0,0,0,1,1,0,0,0,1,0,1
differentiated,S_0023180,4,1,4,1,0,0,1.0,0.0,0.0,1,-0.0,False,False,False,False,False,0,0,0,1,1,0,0,0,1,0,1
differentiated,S_0023188,4,1,4,1,0,0,1.0,0.0,0.0,1,-0.0,False,False,False,False,False,0,0,0,1,1,0,0,0,1,0,1
differentiated,S_0023190,4,1,4,1,0,0,1.0,0.0,0.0,1,-0.0,False,False,False,False,False,0,0,0,1,1,0,0,0,1,0,1
differentiated,S_0023205,2,2,1,1,0,1,0.5,0.0,0.5,2,0.6309297535714574,False,True,False,False,False,0,0,2,0,1,1,1,0,0,0,2
differentiated,S_0023206,2,2,1,1,0,1,0.5,0.0,0.5,2,0.6309297535714574,False,True,False,False,False,0,0,2,0,1,1,1,0,0,0,2
differentiated,S_0023243,2,2,1,1,1,0,0.5,0.5,0.0,2,0.6309297535714574,False,True,False,False,False,0,0,2,0,1,2,0,0,0,0,1
differentiated,S_0023246,2,2,1,1,1,0,0.5,0.5,0.0,2,0.6309297535714574,False,True,False,False,False,0,0,2,0,1,2,0,0,0,0,1
differentiated,S_0023263,4,1,4,1,0,0,1.0,0.0,0.0,1,-0.0,False,False,False,False,False,0,0,0,1,1,0,0,0,1,0,1
differentiated,S_0023267,3,1,3,1,0,0,1.0,0.0,0.0,1,-0.0,False,False,False,False,False,0,0,0,1,1,0,0,0,1,0,1
differentiated,S_0023314,3,1,3,1,0,0,1.0,0.0,0.0,1,-0.0,False,False,False,False,False,0,0,0,1,1,0,0,0,1,0,1
differentiated,S_0023316,3,1,3,1,0,0,1.0,0.0,0.0,1,-0.0,False,False,False,False,False,0,0,0,1,1,0,0,0,1,0,1
differentiated,S_0023325,4,1,4,1,0,0,1.0,0.0,0.0,1,-0.0,False,False,False,False,False,0,0,0,1,1,0,0,0,1,0,1
differentiated,S_0023336,3,1,3,1,0,0,1.0,0.0,0.0,1,-0.0,False,False,False,False,False,0,0,0,1,1,0,0,0,1,0,1
differentiated,S_0023370,1,1,1,0,1,0,0.0,1.0,0.0,1,-0.0,False,False,False,False,False,0,0,1,0,1,0,0,0,1,0,1
differentiated,S_0023371,1,1,1,0,1,0,0.0,1.0,0.0,1,-0.0,False,False,False,False,False,0,0,1,0,1,0,0,0,1,0,1
differentiated,S_0023373,1,1,1,1,0,0,1.0,0.0,0.0,1,-0.0,False,False,False,False,False,0,0,1,0,1,1,0,0,0,0,1
differentiated,S_0023374,1,1,1,1,0,0,1.0,0.0,0.0,1,-0.0,False,False,False,False,False,0,0,1,0,1,1,0,0,0,0,1
differentiated,S_0023379,1,1,1,1,0,0,1.0,0.0,0.0,1,-0.0,False,False,False,False,False,0,0,1,0,1,1,0,0,0,0,1
differentiated,S_0023380,2,2,1,1,1,0,0.5,0.5,0.0,2,0.6309297535714574,False,True,False,False,False,0,0,2,0,1,1,0,0,1,0,2
differentiated,S_0023381,1,1,1,0,1,0,0.0,1.0,0.0,1,-0.0,False,False,False,False,False,0,0,1,0,1,0,0,0,1,0,1
differentiated,S_0023515,2,2,1,1,1,0,0.5,0.5,0.0,2,0.6309297535714574,False,True,False,False,False,0,0,2,0,1,1,0,0,1,0,2
differentiated,S_0023557,1,1,1,0,1,0,0.0,1.0,0.0,1,-0.0,False,False,False,False,False,0,0,1,0,1,0,0,0,1,0,1
differentiated,S_0023558,1,1,1,0,1,0,0.0,1.0,0.0,1,-0.0,False,False,False,False,False,0,0,1,0,1,0,0,0,1,0,1
differentiated,S_0023568,1,1,1,0,1,0,0.0,1.0,0.0,1,-0.0,False,False,False,False,False,0,0,1,0,1,0,0,0,1,0,1
differentiated,S_0023569,1,1,1,0,1,0,0.0,1.0,0.0,1,-0.0,False,False,False,False,False,0,0,1,0,1,0,0,0,1,0,1
differentiated,S_0023577,1,1,1,0,1,0,0.0,1.0,0.0,1,-0.0,False,False,False,False,False,0,0,1,0,1,0,0,0,1,0,1
differentiated,S_0023578,1,1,1,0,1,0,0.0,1.0,0.0,1,-0.0,False,False,False,False,False,0,0,1,0,1,0,0,0,1,0,1
differentiated,S_0023581,1,1,1,0,1,0,0.0,1.0,0.0,1,-0.0,False,False,False,False,False,0,0,1,0,1,0,0,0,1,0,1
differentiated,S_0023584,1,1,1,0,1,0,0.0,1.0,0.0,1,-0.0,False,False,False,False,False,0,0,1,0,1,0,0,0,1,0,1
differentiated,S_0023592,1,1,1,0,1,0,0.0,1.0,0.0,1,-0.0,False,False,False,False,False,0,0,1,0,1,0,0,0,1,0,1
differentiated,S_0023595,1,1,1,0,1,0,0.0,1.0,0.0,1,-0.0,False,False,False,False,False,0,1,0,0,1,0,0,0,1,0,1
differentiated,S_0023735,1,1,1,0,1,0,0.0,1.0,0.0,1,-0.0,False,False,False,False,False,0,0,1,0,1,0,0,0,0,1,1
differentiated,S_0023737,1,1,1,0,1,0,0.0,1.0,0.0,1,-0.0,False,False,False,False,False,0,0,1,0,1,0,0,0,0,1,1
differentiated,S_0023739,1,1,1,0,1,0,0.0,1.0,0.0,1,-0.0,False,False,False,False,False,0,0,1,0,1,0,0,0,0,1,1
differentiated,S_0023748,1,1,1,0,1,0,0.0,1.0,0.0,1,-0.0,False,False,False,False,False,0,0,1,0,1,0,0,0,0,1,1
differentiated,S_0023756,1,1,1,0,1,0,0.0,1.0,0.0,1,-0.0,False,False,False,False,False,0,0,0,1,1,0,1,0,0,0,1
differentiated,S_0023757,1,1,1,0,1,0,0.0,1.0,0.0,1,-0.0,False,False,False,False,False,0,0,0,1,1,0,1,0,0,0,1
differentiated,S_0023762,2,1,2,0,1,0,0.0,1.0,0.0,1,-0.0,False,False,False,False,False,0,0,0,1,1,0,1,0,0,0,1
differentiated,S_0023764,2,1,2,0,1,0,0.0,1.0,0.0,1,-0.0,False,False,False,False,False,0,0,0,1,1,0,1,0,0,0,1
differentiated,S_0023769,2,2,1,1,1,0,0.5,0.5,0.0,2,0.6309297535714574,False,True,False,False,False,0,0,0,2,1,0,1,1,0,0,2
differentiated,S_0023772,2,2,1,1,1,0,0.5,0.5,0.0,2,0.6309297535714574,False,True,False,False,False,0,0,0,2,1,0,1,1,0,0,2
differentiated,S_0023774,2,2,1,1,1,0,0.5,0.5,0.0,2,0.6309297535714574,False,True,False,False,False,0,0,0,2,1,0,1,1,0,0,2
differentiated,S_0023775,2,2,1,1,1,0,0.5,0.5,0.0,2,0.6309297535714574,False,True,False,False,False,0,0,0,2,1,0,1,1,0,0,2
differentiated,S_0023776,2,2,1,1,1,0,0.5,0.5,0.0,2,0.6309297535714574,False,True,False,False,False,0,0,0,2,1,0,1,1,0,0,2
differentiated,S_0023777,2,2,1,1,1,0,0.5,0.5,0.0,2,0.6309297535714574,False,True,False,False,False,0,0,0,2,1,0,1,1,0,0,2
differentiated,S_0023780,2,2,1,1,1,0,0.5,0.5,0.0,2,0.6309297535714574,False,True,False,False,False,0,0,0,2,1,0,1,1,0,0,2
differentiated,S_0023781,2,2,1,1,1,0,0.5,0.5,0.0,2,0.6309297535714574,False,True,False,False,False,0,0,0,2,1,0,1,1,0,0,2
differentiated,S_0023782,1,1,1,1,0,0,1.0,0.0,0.0,1,-0.0,False,False,False,False,False,0,0,0,1,1,0,0,1,0,0,1
differentiated,S_0023783,2,1,2,0,1,0,0.0,1.0,0.0,1,-0.0,False,False,False,False,False,0,0,0,1,1,0,0,0,1,0,1
differentiated,S_0023784,3,2,3,1,1,0,0.5,0.5,0.0,2,0.6309297535714574,False,True,False,False,False,0,0,0,2,1,0,0,1,1,0,2
differentiated,S_0023785,1,1,1,0,1,0,0.0,1.0,0.0,1,-0.0,False,False,False,False,False,0,0,0,1,1,0,0,0,1,0,1
differentiated,S_0023786,1,1,1,0,1,0,0.0,1.0,0.0,1,-0.0,False,False,False,False,False,0,0,0,1,1,0,0,0,1,0,1
differentiated,S_0023787,1,1,1,0,1,0,0.0,1.0,0.0,1,-0.0,False,False,False,False,False,0,0,0,1,1,0,0,0,1,0,1
differentiated,S_0023788,2,1,2,0,1,0,0.0,1.0,0.0,1,-0.0,False,False,False,False,False,0,0,0,1,1,0,0,0,1,0,1
differentiated,S_0023794,1,1,1,0,1,0,0.0,1.0,0.0,1,-0.0,False,False,False,False,False,0,0,0,1,1,0,0,0,1,0,1
differentiated,S_0023795,1,1,1,0,1,0,0.0,1.0,0.0,1,-0.0,False,False,False,False,False,0,0,0,1,1,0,0,0,1,0,1
differentiated,S_0023804,1,1,1,0,1,0,0.0,1.0,0.0,1,-0.0,False,False,False,False,False,0,0,0,1,1,0,0,0,1,0,1
differentiated,S_0023805,1,1,1,0,1,0,0.0,1.0,0.0,1,-0.0,False,False,False,False,False,0,0,0,1,1,0,0,0,1,0,1
differentiated,S_0023806,2,1,2,0,1,0,0.0,1.0,0.0,1,-0.0,False,False,False,False,False,0,0,0,1,1,0,0,0,1,0,1
differentiated,S_0023821,1,1,1,0,1,0,0.0,1.0,0.0,1,-0.0,False,False,False,False,False,0,0,0,1,1,0,0,0,1,0,1
differentiated,S_0023848,1,1,1,0,1,0,0.0,1.0,0.0,1,-0.0,False,False,False,False,False,0,0,0,1,1,0,0,0,1,0,1
differentiated,S_0023849,1,1,1,0,1,0,0.0,1.0,0.0,1,-0.0,False,False,False,False,False,0,0,0,1,1,0,0,0,1,0,1
differentiated,S_0023874,1,1,1,0,1,0,0.0,1.0,0.0,1,-0.0,False,False,False,False,False,0,0,0,1,1,0,0,0,1,0,1
differentiated,S_0023877,1,1,1,0,1,0,0.0,1.0,0.0,1,-0.0,False,False,False,False,False,0,0,0,1,1,0,0,0,1,0,1
differentiated,S_0023878,1,1,1,0,1,0,0.0,1.0,0.0,1,-0.0,False,False,False,False,False,0,0,0,1,1,0,0,0,1,0,1
differentiated,S_0023885,1,1,1,0,1,0,0.0,1.0,0.0,1,-0.0,False,False,False,False,False,0,0,0,1,1,0,0,0,1,0,1
differentiated,S_0023899,1,1,1,0,1,0,0.0,1.0,0.0,1,-0.0,False,False,False,False,False,0,0,0,1,1,0,0,0,1,0,1
differentiated,S_0023909,4,2,2,1,1,0,0.5,0.5,0.0,2,0.6309297535714574,False,True,False,False,False,0,0,0,2,1,0,1,1,0,0,2
differentiated,S_0023910,2,2,1,1,1,0,0.5,0.5,0.0,2,0.6309297535714574,False,True,False,False,False,0,0,0,2,1,0,1,1,0,0,2
differentiated,S_0023911,2,2,1,1,1,0,0.5,0.5,0.0,2,0.6309297535714574,False,True,False,False,False,0,0,0,2,1,0,1,1,0,0,2
differentiated,S_0023913,4,2,2,1,1,0,0.5,0.5,0.0,2,0.6309297535714574,False,True,False,False,False,0,0,0,2,1,0,1,1,0,0,2
differentiated,S_0023935,1,1,1,0,1,0,0.0,1.0,0.0,1,-0.0,False,False,False,False,False,0,0,0,1,1,0,0,0,1,0,1
differentiated,S_0023936,1,1,1,0,1,0,0.0,1.0,0.0,1,-0.0,False,False,False,False,False,0,0,0,1,1,0,0,0,1,0,1
differentiated,S_0023966,1,1,1,1,0,0,1.0,0.0,0.0,1,-0.0,False,False,False,False,False,0,0,1,0,1,1,0,0,0,0,1
differentiated,S_0023967,1,1,1,1,0,0,1.0,0.0,0.0,1,-0.0,False,False,False,False,False,0,0,1,0,1,1,0,0,0,0,1
differentiated,S_0023972,1,1,1,1,0,0,1.0,0.0,0.0,1,-0.0,False,False,False,False,False,0,0,1,0,1,1,0,0,0,0,1
differentiated,S_0023974,1,1,1,1,0,0,1.0,0.0,0.0,1,-0.0,False,False,False,False,False,0,0,1,0,1,1,0,0,0,0,1
differentiated,S_0023976,1,1,1,1,0,0,1.0,0.0,0.0,1,-0.0,False,False,False,False,False,0,0,1,0,1,1,0,0,0,0,1
differentiated,S_0023980,1,1,1,1,0,0,1.0,0.0,0.0,1,-0.0,False,False,False,False,False,0,0,1,0,1,1,0,0,0,0,1
differentiated,S_0023982,1,1,1,1,0,0,1.0,0.0,0.0,1,-0.0,False,False,False,False,False,0,0,1,0,1,1,0,0,0,0,1
differentiated,S_0023984,1,1,1,1,0,0,1.0,0.0,0.0,1,-0.0,False,False,False,False,False,0,0,1,0,1,1,0,0,0,0,1
differentiated,S_0023985,1,1,1,1,0,0,1.0,0.0,0.0,1,-0.0,False,False,False,False,False,0,0,1,0,1,1,0,0,0,0,1
differentiated,S_0023990,1,1,1,0,1,0,0.0,1.0,0.0,1,-0.0,False,False,False,False,False,0,0,0,1,1,0,0,0,1,0,1
differentiated,S_0023991,1,1,1,0,1,0,0.0,1.0,0.0,1,-0.0,False,False,False,False,False,0,0,0,1,1,0,0,0,1,0,1
differentiated,S_0024000,1,1,1,0,1,0,0.0,1.0,0.0,1,-0.0,False,False,False,False,False,0,0,0,1,1,0,0,0,1,0,1
differentiated,S_0024001,1,1,1,0,1,0,0.0,1.0,0.0,1,-0.0,False,False,False,False,False,0,0,0,1,1,0,0,0,1,0,1
differentiated,S_0024015,1,1,1,0,1,0,0.0,1.0,0.0,1,-0.0,False,False,False,False,False,0,0,0,1,1,0,0,0,1,0,1
differentiated,S_0024017,1,1,1,0,1,0,0.0,1.0,0.0,1,-0.0,False,False,False,False,False,0,0,0,1,1,0,0,0,1,0,1
differentiated,S_0024081,1,1,1,1,0,0,1.0,0.0,0.0,1,-0.0,False,False,False,False,False,0,0,1,0,1,1,0,0,0,0,1
differentiated,S_0024083,1,1,1,1,0,0,1.0,0.0,0.0,1,-0.0,False,False,False,False,False,0,0,1,0,1,1,0,0,0,0,1
differentiated,S_0024094,1,1,1,1,0,0,1.0,0.0,0.0,1,-0.0,False,False,False,False,False,0,0,1,0,1,1,0,0,0,0,1
differentiated,S_0024096,1,1,1,1,0,0,1.0,0.0,0.0,1,-0.0,False,False,False,False,False,0,0,1,0,1,1,0,0,0,0,1
differentiated,S_0024097,1,1,1,1,0,0,1.0,0.0,0.0,1,-0.0,False,False,False,False,False,0,0,0,1,1,0,0,0,1,0,1
differentiated,S_0024100,2,2,2,2,0,0,1.0,0.0,0.0,1,-0.0,False,True,False,False,False,0,0,1,1,2,1,0,0,1,0,2
differentiated,S_0024101,1,1,1,1,0,0,1.0,0.0,0.0,1,-0.0,False,False,False,False,False,0,0,0,1,1,0,0,0,1,0,1
differentiated,S_0024102,1,1,1,1,0,0,1.0,0.0,0.0,1,-0.0,False,False,False,False,False,0,0,0,1,1,0,0,0,1,0,1
differentiated,S_0024170,1,1,1,1,0,0,1.0,0.0,0.0,1,-0.0,False,False,False,False,False,0,0,1,0,1,1,0,0,0,0,1
differentiated,S_0024189,1,1,1,1,0,0,1.0,0.0,0.0,1,-0.0,False,False,False,False,False,0,0,1,0,1,1,0,0,0,0,1
differentiated,S_0024190,1,1,1,1,0,0,1.0,0.0,0.0,1,-0.0,False,False,False,False,False,0,0,1,0,1,1,0,0,0,0,1
differentiated,S_0024192,1,1,1,1,0,0,1.0,0.0,0.0,1,-0.0,False,False,False,False,False,0,0,1,0,1,1,0,0,0,0,1
differentiated,S_0024194,1,1,1,1,0,0,1.0,0.0,0.0,1,-0.0,False,False,False,False,False,0,0,1,0,1,1,0,0,0,0,1
differentiated,S_0024195,1,1,1,1,0,0,1.0,0.0,0.0,1,-0.0,False,False,False,False,False,0,0,1,0,1,1,0,0,0,0,1
differentiated,S_0024198,1,1,1,1,0,0,1.0,0.0,0.0,1,-0.0,False,False,False,False,False,0,0,1,0,1,1,0,0,0,0,1
differentiated,S_0024199,1,1,1,1,0,0,1.0,0.0,0.0,1,-0.0,False,False,False,False,False,0,0,1,0,1,1,0,0,0,0,1
differentiated,S_0024201,1,1,1,1,0,0,1.0,0.0,0.0,1,-0.0,False,False,False,False,False,0,0,1,0,1,1,0,0,0,0,1
differentiated,S_0024203,1,1,1,1,0,0,1.0,0.0,0.0,1,-0.0,False,False,False,False,False,0,0,1,0,1,1,0,0,0,0,1
differentiated,S_0024204,1,1,1,1,0,0,1.0,0.0,0.0,1,-0.0,False,False,False,False,False,0,0,1,0,1,1,0,0,0,0,1
differentiated,S_0024205,1,1,1,1,0,0,1.0,0.0,0.0,1,-0.0,False,False,False,False,False,0,0,1,0,1,1,0,0,0,0,1
differentiated,S_0024206,1,1,1,1,0,0,1.0,0.0,0.0,1,-0.0,False,False,False,False,False,0,0,1,0,1,1,0,0,0,0,1
differentiated,S_0024209,1,1,1,1,0,0,1.0,0.0,0.0,1,-0.0,False,False,False,False,False,0,0,1,0,1,1,0,0,0,0,1
differentiated,S_0024211,1,1,1,1,0,0,1.0,0.0,0.0,1,-0.0,False,False,False,False,False,0,0,1,0,1,1,0,0,0,0,1
differentiated,S_0024213,1,1,1,1,0,0,1.0,0.0,0.0,1,-0.0,False,False,False,False,False,0,0,1,0,1,1,0,0,0,0,1
differentiated,S_0024215,1,1,1,1,0,0,1.0,0.0,0.0,1,-0.0,False,False,False,False,False,0,0,1,0,1,1,0,0,0,0,1
differentiated,S_0024275,1,1,1,0,1,0,0.0,1.0,0.0,1,-0.0,False,False,False,False,False,0,0,0,1,1,0,0,0,1,0,1
differentiated,S_0024276,1,1,1,0,1,0,0.0,1.0,0.0,1,-0.0,False,False,False,False,False,0,0,0,1,1,0,0,0,1,0,1
differentiated,S_0024286,2,2,2,1,1,0,0.5,0.5,0.0,2,0.6309297535714574,False,True,False,False,False,0,0,0,2,1,0,0,0,2,0,1
differentiated,S_0024289,2,2,2,1,1,0,0.5,0.5,0.0,2,0.6309297535714574,False,True,False,False,False,0,0,0,2,1,0,0,0,2,0,1
differentiated,S_0024520,1,1,1,0,1,0,0.0,1.0,0.0,1,-0.0,False,False,False,False,False,0,0,1,0,1,0,0,0,1,0,1
differentiated,S_0024521,1,1,1,0,1,0,0.0,1.0,0.0,1,-0.0,False,False,False,False,False,0,0,1,0,1,0,0,0,1,0,1
differentiated,S_0024524,1,1,1,0,1,0,0.0,1.0,0.0,1,-0.0,False,False,False,False,False,0,0,1,0,1,0,0,0,1,0,1
differentiated,S_0024527,1,1,1,0,1,0,0.0,1.0,0.0,1,-0.0,False,False,False,False,False,0,0,1,0,1,0,0,0,0,1,1
differentiated,S_0024528,1,1,1,0,1,0,0.0,1.0,0.0,1,-0.0,False,False,False,False,False,0,0,1,0,1,0,0,0,0,1,1
differentiated,S_0024588,1,1,1,0,1,0,0.0,1.0,0.0,1,-0.0,False,False,False,False,False,0,0,1,0,1,0,0,0,0,1,1
differentiated,S_0024589,1,1,1,0,1,0,0.0,1.0,0.0,1,-0.0,False,False,False,False,False,0,0,1,0,1,0,0,0,0,1,1
differentiated,S_0024590,1,1,1,0,1,0,0.0,1.0,0.0,1,-0.0,False,False,False,False,False,0,0,1,0,1,0,0,0,0,1,1
differentiated,S_0024592,1,1,1,0,1,0,0.0,1.0,0.0,1,-0.0,False,False,False,False,False,0,0,1,0,1,0,0,0,0,1,1
differentiated,S_0024604,1,1,1,0,1,0,0.0,1.0,0.0,1,-0.0,False,False,False,False,False,0,0,1,0,1,0,0,0,0,1,1
differentiated,S_0024605,1,1,1,0,1,0,0.0,1.0,0.0,1,-0.0,False,False,False,False,False,0,0,1,0,1,0,0,0,0,1,1
differentiated,S_0024607,1,1,1,0,1,0,0.0,1.0,0.0,1,-0.0,False,False,False,False,False,0,0,1,0,1,0,0,0,0,1,1
differentiated,S_0024608,1,1,1,0,1,0,0.0,1.0,0.0,1,-0.0,False,False,False,False,False,0,0,1,0,1,0,0,0,0,1,1
differentiated,S_0024616,1,1,1,0,1,0,0.0,1.0,0.0,1,-0.0,False,False,False,False,False,0,0,1,0,1,0,0,0,0,1,1
differentiated,S_0024617,1,1,1,0,1,0,0.0,1.0,0.0,1,-0.0,False,False,False,False,False,0,0,1,0,1,0,0,0,0,1,1
differentiated,S_0024618,1,1,1,0,1,0,0.0,1.0,0.0,1,-0.0,False,False,False,False,False,0,0,1,0,1,0,0,0,0,1,1
differentiated,S_0024619,1,1,1,0,1,0,0.0,1.0,0.0,1,-0.0,False,False,False,False,False,0,0,1,0,1,0,0,0,0,1,1
differentiated,S_0024623,1,1,1,0,1,0,0.0,1.0,0.0,1,-0.0,False,False,False,False,False,0,0,1,0,1,0,0,0,0,1,1
differentiated,S_0024624,1,1,1,0,1,0,0.0,1.0,0.0,1,-0.0,False,False,False,False,False,0,0,1,0,1,0,0,0,0,1,1
differentiated,S_0024628,1,1,1,0,1,0,0.0,1.0,0.0,1,-0.0,False,False,False,False,False,0,0,1,0,1,0,0,0,0,1,1
differentiated,S_0024802,1,1,1,0,1,0,0.0,1.0,0.0,1,-0.0,False,False,False,False,False,0,0,1,0,1,1,0,0,0,0,1
differentiated,S_0024803,1,1,1,0,1,0,0.0,1.0,0.0,1,-0.0,False,False,False,False,False,0,0,1,0,1,1,0,0,0,0,1
differentiated,S_0024826,1,1,1,0,1,0,0.0,1.0,0.0,1,-0.0,False,False,False,False,False,0,0,1,0,1,0,0,0,1,0,1
differentiated,S_0024827,1,1,1,0,1,0,0.0,1.0,0.0,1,-0.0,False,False,False,False,False,0,0,1,0,1,1,0,0,0,0,1
differentiated,S_0024828,2,2,2,0,2,0,0.0,1.0,0.0,1,-0.0,False,True,False,False,False,0,0,2,0,1,1,0,0,1,0,2
differentiated,S_0024834,1,1,1,0,1,0,0.0,1.0,0.0,1,-0.0,False,False,False,False,False,0,0,1,0,1,0,0,0,1,0,1
differentiated,S_0024851,1,1,1,1,0,0,1.0,0.0,0.0,1,-0.0,False,False,False,False,False,0,0,0,1,1,0,0,1,0,0,1
differentiated,S_0024853,1,1,1,1,0,0,1.0,0.0,0.0,1,-0.0,False,False,False,False,False,0,0,0,1,1,0,0,1,0,0,1
differentiated,S_0024854,2,2,2,1,1,0,0.5,0.5,0.0,2,0.6309297535714574,False,True,False,False,False,0,0,1,1,2,1,0,1,0,0,2
differentiated,S_0024856,2,2,2,1,1,0,0.5,0.5,0.0,2,0.6309297535714574,False,True,False,False,False,0,0,1,1,2,1,0,1,0,0,2
differentiated,S_0024861,1,1,1,1,0,0,1.0,0.0,0.0,1,-0.0,False,False,False,False,False,0,0,0,1,1,0,0,1,0,0,1
differentiated,S_0024894,1,1,1,1,0,0,1.0,0.0,0.0,1,-0.0,False,False,False,False,False,0,0,0,1,1,0,0,1,0,0,1
differentiated,S_0024897,1,1,1,1,0,0,1.0,0.0,0.0,1,-0.0,False,False,False,False,False,0,0,0,1,1,0,0,1,0,0,1
differentiated,S_0024924,1,1,1,1,0,0,1.0,0.0,0.0,1,-0.0,False,False,False,False,False,0,0,0,1,1,0,0,1,0,0,1
differentiated,S_0024925,1,1,1,0,1,0,0.0,1.0,0.0,1,-0.0,False,False,False,False,False,0,0,1,0,1,1,0,0,0,0,1
differentiated,S_0024928,1,1,1,0,1,0,0.0,1.0,0.0,1,-0.0,False,False,False,False,False,0,0,1,0,1,1,0,0,0,0,1
differentiated,S_0024942,1,1,1,1,0,0,1.0,0.0,0.0,1,-0.0,False,False,False,False,False,0,0,0,1,1,0,0,1,0,0,1
differentiated,S_0024943,1,1,1,0,1,0,0.0,1.0,0.0,1,-0.0,False,False,False,False,False,0,0,1,0,1,1,0,0,0,0,1
differentiated,S_0024947,1,1,1,0,1,0,0.0,1.0,0.0,1,-0.0,False,False,False,False,False,0,0,1,0,1,1,0,0,0,0,1
differentiated,S_0024948,3,3,1,1,2,0,0.3333333333333333,0.6666666666666666,0.0,2,0.5793801642856949,False,True,True,False,False,0,0,0,3,1,0,1,2,0,0,2
differentiated,S_0025279,1,1,1,1,0,0,1.0,0.0,0.0,1,-0.0,False,False,False,False,False,0,0,0,1,1,0,0,1,0,0,1
differentiated,S_0025280,1,1,1,1,0,0,1.0,0.0,0.0,1,-0.0,False,False,False,False,False,0,0,0,1,1,0,0,1,0,0,1
differentiated,S_0025334,1,1,1,1,0,0,1.0,0.0,0.0,1,-0.0,False,False,False,False,False,0,0,0,1,1,0,0,1,0,0,1
differentiated,S_0025339,1,1,1,1,0,0,1.0,0.0,0.0,1,-0.0,False,False,False,False,False,0,0,0,1,1,0,0,1,0,0,1
differentiated,S_0025560,1,1,1,0,1,0,0.0,1.0,0.0,1,-0.0,False,False,False,False,False,1,0,0,0,1,0,1,0,0,0,1
differentiated,S_0025562,1,1,1,0,1,0,0.0,1.0,0.0,1,-0.0,False,False,False,False,False,1,0,0,0,1,0,1,0,0,0,1
differentiated,S_0025719,2,2,1,2,0,0,1.0,0.0,0.0,1,-0.0,False,True,False,False,False,0,0,0,2,1,1,1,0,0,0,2
differentiated,S_0025720,2,2,1,2,0,0,1.0,0.0,0.0,1,-0.0,False,True,False,False,False,0,0,0,2,1,1,1,0,0,0,2
differentiated,S_0025722,2,2,1,2,0,0,1.0,0.0,0.0,1,-0.0,False,True,False,False,False,0,0,0,2,1,1,1,0,0,0,2
differentiated,S_0025729,2,2,1,2,0,0,1.0,0.0,0.0,1,-0.0,False,True,False,False,False,0,0,0,2,1,1,1,0,0,0,2
differentiated,S_0025760,2,2,1,2,0,0,1.0,0.0,0.0,1,-0.0,False,True,False,False,False,0,0,0,2,1,1,1,0,0,0,2
differentiated,S_0025767,1,1,1,0,0,1,0.0,0.0,1.0,1,-0.0,False,False,False,False,False,0,0,1,0,1,0,0,0,0,1,1
differentiated,S_0025774,1,1,1,0,0,1,0.0,0.0,1.0,1,-0.0,False,False,False,False,False,0,0,1,0,1,0,0,0,0,1,1
differentiated,S_0025775,1,1,1,0,0,1,0.0,0.0,1.0,1,-0.0,False,False,False,False,False,0,0,1,0,1,0,0,0,0,1,1
differentiated,S_0025780,1,1,1,0,0,1,0.0,0.0,1.0,1,-0.0,False,False,False,False,False,0,0,1,0,1,0,0,0,0,1,1
differentiated,S_0025781,1,1,1,0,0,1,0.0,0.0,1.0,1,-0.0,False,False,False,False,False,0,0,1,0,1,0,0,0,0,1,1
differentiated,S_0025795,1,1,1,1,0,0,1.0,0.0,0.0,1,-0.0,False,False,False,False,False,0,0,0,1,1,1,0,0,0,0,1
differentiated,S_0025796,1,1,1,1,0,0,1.0,0.0,0.0,1,-0.0,False,False,False,False,False,0,0,0,1,1,1,0,0,0,0,1
differentiated,S_0025801,1,1,1,0,0,1,0.0,0.0,1.0,1,-0.0,False,False,False,False,False,0,0,1,0,1,0,0,0,0,1,1
differentiated,S_0025803,1,1,1,0,0,1,0.0,0.0,1.0,1,-0.0,False,False,False,False,False,0,0,1,0,1,0,0,0,0,1,1
differentiated,S_0025817,1,1,1,1,0,0,1.0,0.0,0.0,1,-0.0,False,False,False,False,False,0,0,0,1,1,1,0,0,0,0,1
differentiated,S_0025818,1,1,1,1,0,0,1.0,0.0,0.0,1,-0.0,False,False,False,False,False,0,0,0,1,1,1,0,0,0,0,1
differentiated,S_0025823,1,1,1,1,0,0,1.0,0.0,0.0,1,-0.0,False,False,False,False,False,0,0,0,1,1,1,0,0,0,0,1
differentiated,S_0025825,1,1,1,1,0,0,1.0,0.0,0.0,1,-0.0,False,False,False,False,False,0,0,0,1,1,1,0,0,0,0,1
differentiated,S_0025828,1,1,1,1,0,0,1.0,0.0,0.0,1,-0.0,False,False,False,False,False,0,0,0,1,1,1,0,0,0,0,1
differentiated,S_0025834,1,1,1,1,0,0,1.0,0.0,0.0,1,-0.0,False,False,False,False,False,0,0,0,1,1,1,0,0,0,0,1
differentiated,S_0025841,1,1,1,1,0,0,1.0,0.0,0.0,1,-0.0,False,False,False,False,False,0,0,0,1,1,1,0,0,0,0,1
differentiated,S_0025842,1,1,1,1,0,0,1.0,0.0,0.0,1,-0.0,False,False,False,False,False,0,0,0,1,1,1,0,0,0,0,1
differentiated,S_0025844,1,1,1,1,0,0,1.0,0.0,0.0,1,-0.0,False,False,False,False,False,0,0,0,1,1,1,0,0,0,0,1
differentiated,S_0025863,1,1,1,1,0,0,1.0,0.0,0.0,1,-0.0,False,False,False,False,False,0,0,0,1,1,1,0,0,0,0,1
differentiated,S_0025867,1,1,1,1,0,0,1.0,0.0,0.0,1,-0.0,False,False,False,False,False,0,0,0,1,1,1,0,0,0,0,1
differentiated,S_0025886,1,1,1,1,0,0,1.0,0.0,0.0,1,-0.0,False,False,False,False,False,0,0,0,1,1,1,0,0,0,0,1
differentiated,S_0026041,2,2,2,1,1,0,0.5,0.5,0.0,2,0.6309297535714574,False,True,False,False,False,0,0,0,2,1,0,0,0,2,0,1
differentiated,S_0026044,2,2,2,1,1,0,0.5,0.5,0.0,2,0.6309297535714574,False,True,False,False,False,0,0,0,2,1,0,0,0,2,0,1
differentiated,S_0026047,2,2,2,1,1,0,0.5,0.5,0.0,2,0.6309297535714574,False,True,False,False,False,0,0,0,2,1,0,0,0,2,0,1
differentiated,S_0026080,1,1,1,0,0,1,0.0,0.0,1.0,1,-0.0,False,False,False,False,False,0,0,1,0,1,0,0,0,1,0,1
differentiated,S_0026081,1,1,1,0,0,1,0.0,0.0,1.0,1,-0.0,False,False,False,False,False,0,0,1,0,1,0,0,0,1,0,1
differentiated,S_0026190,2,2,2,0,1,1,0.0,0.5,0.5,2,0.6309297535714574,False,True,False,False,False,0,0,1,1,2,0,0,0,2,0,1
differentiated,S_0026191,2,2,2,1,1,0,0.5,0.5,0.0,2,0.6309297535714574,False,True,False,False,False,0,0,0,2,1,0,0,0,2,0,1
differentiated,S_0026192,2,2,2,1,1,0,0.5,0.5,0.0,2,0.6309297535714574,False,True,False,False,False,0,0,0,2,1,0,0,0,2,0,1
differentiated,S_0026193,1,1,1,0,0,1,0.0,0.0,1.0,1,-0.0,False,False,False,False,False,0,0,1,0,1,0,0,1,0,0,1
differentiated,S_0026196,1,1,1,0,0,1,0.0,0.0,1.0,1,-0.0,False,False,False,False,False,0,0,1,0,1,0,0,1,0,0,1
differentiated,S_0026201,1,1,1,0,0,1,0.0,0.0,1.0,1,-0.0,False,False,False,False,False,0,0,1,0,1,0,0,1,0,0,1
differentiated,S_0026203,1,1,1,0,0,1,0.0,0.0,1.0,1,-0.0,False,False,False,False,False,0,0,1,0,1,0,0,1,0,0,1
differentiated,S_0026223,1,1,1,1,0,0,1.0,0.0,0.0,1,-0.0,False,False,False,False,False,0,0,0,1,1,1,0,0,0,0,1
differentiated,S_0026224,1,1,1,1,0,0,1.0,0.0,0.0,1,-0.0,False,False,False,False,False,0,0,0,1,1,1,0,0,0,0,1
differentiated,S_0026226,1,1,1,1,0,0,1.0,0.0,0.0,1,-0.0,False,False,False,False,False,0,0,0,1,1,1,0,0,0,0,1
differentiated,S_0026232,1,1,1,0,1,0,0.0,1.0,0.0,1,-0.0,False,False,False,False,False,0,0,1,0,1,1,0,0,0,0,1
differentiated,S_0026233,1,1,1,0,1,0,0.0,1.0,0.0,1,-0.0,False,False,False,False,False,0,0,1,0,1,1,0,0,0,0,1
differentiated,S_0026235,1,1,1,1,0,0,1.0,0.0,0.0,1,-0.0,False,False,False,False,False,0,0,0,1,1,1,0,0,0,0,1
differentiated,S_0026240,1,1,1,0,1,0,0.0,1.0,0.0,1,-0.0,False,False,False,False,False,0,0,1,0,1,1,0,0,0,0,1
differentiated,S_0026250,1,1,1,0,1,0,0.0,1.0,0.0,1,-0.0,False,False,False,False,False,0,0,0,1,1,1,0,0,0,0,1
differentiated,S_0026257,1,1,1,0,1,0,0.0,1.0,0.0,1,-0.0,False,False,False,False,False,0,0,0,1,1,1,0,0,0,0,1
differentiated,S_0026258,1,1,1,0,1,0,0.0,1.0,0.0,1,-0.0,False,False,False,False,False,0,0,0,1,1,1,0,0,0,0,1
differentiated,S_0026259,1,1,1,0,1,0,0.0,1.0,0.0,1,-0.0,False,False,False,False,False,0,0,0,1,1,1,0,0,0,0,1
differentiated,S_0026261,1,1,1,0,1,0,0.0,1.0,0.0,1,-0.0,False,False,False,False,False,0,1,0,0,1,1,0,0,0,0,1
differentiated,S_0026652,1,1,1,0,0,1,0.0,0.0,1.0,1,-0.0,False,False,False,False,False,0,0,1,0,1,0,0,0,0,1,1
differentiated,S_0026658,1,1,1,0,0,1,0.0,0.0,1.0,1,-0.0,False,False,False,False,False,0,0,1,0,1,0,0,0,0,1,1
differentiated,S_0026659,1,1,1,0,0,1,0.0,0.0,1.0,1,-0.0,False,False,False,False,False,0,0,1,0,1,0,0,0,0,1,1
differentiated,S_0026696,1,1,1,1,0,0,1.0,0.0,0.0,1,-0.0,False,False,False,False,False,0,0,0,1,1,0,0,1,0,0,1
differentiated,S_0026697,1,1,1,1,0,0,1.0,0.0,0.0,1,-0.0,False,False,False,False,False,0,0,0,1,1,0,0,1,0,0,1
differentiated,S_0026780,1,1,1,0,1,0,0.0,1.0,0.0,1,-0.0,False,False,False,False,False,0,0,1,0,1,1,0,0,0,0,1
differentiated,S_0026782,1,1,1,0,1,0,0.0,1.0,0.0,1,-0.0,False,False,False,False,False,0,0,1,0,1,1,0,0,0,0,1
differentiated,S_0026786,1,1,1,0,1,0,0.0,1.0,0.0,1,-0.0,False,False,False,False,False,0,0,1,0,1,1,0,0,0,0,1
differentiated,S_0026794,1,1,1,0,1,0,0.0,1.0,0.0,1,-0.0,False,False,False,False,False,0,0,1,0,1,1,0,0,0,0,1
differentiated,S_0026795,1,1,1,0,1,0,0.0,1.0,0.0,1,-0.0,False,False,False,False,False,0,0,1,0,1,1,0,0,0,0,1
differentiated,S_0026821,1,1,1,0,1,0,0.0,1.0,0.0,1,-0.0,False,False,False,False,False,0,0,1,0,1,1,0,0,0,0,1
differentiated,S_0026822,1,1,1,0,1,0,0.0,1.0,0.0,1,-0.0,False,False,False,False,False,0,0,1,0,1,1,0,0,0,0,1
differentiated,S_0026938,1,1,1,0,0,1,0.0,0.0,1.0,1,-0.0,False,False,False,False,False,0,0,1,0,1,0,0,0,0,1,1
differentiated,S_0026939,1,1,1,0,0,1,0.0,0.0,1.0,1,-0.0,False,False,False,False,False,0,0,1,0,1,0,0,0,0,1,1
differentiated,S_0026961,1,1,1,0,0,1,0.0,0.0,1.0,1,-0.0,False,False,False,False,False,0,0,1,0,1,0,0,0,0,1,1
differentiated,S_0026962,1,1,1,0,0,1,0.0,0.0,1.0,1,-0.0,False,False,False,False,False,0,0,1,0,1,0,0,0,0,1,1
differentiated,S_0026983,1,1,1,0,1,0,0.0,1.0,0.0,1,-0.0,False,False,False,False,False,0,0,1,0,1,1,0,0,0,0,1
differentiated,S_0026985,1,1,1,0,1,0,0.0,1.0,0.0,1,-0.0,False,False,False,False,False,0,0,1,0,1,1,0,0,0,0,1
differentiated,S_0027002,1,1,1,0,1,0,0.0,1.0,0.0,1,-0.0,False,False,False,False,False,0,0,1,0,1,1,0,0,0,0,1
differentiated,S_0027003,1,1,1,0,1,0,0.0,1.0,0.0,1,-0.0,False,False,False,False,False,0,0,1,0,1,1,0,0,0,0,1
differentiated,S_0027130,1,1,1,0,1,0,0.0,1.0,0.0,1,-0.0,False,False,False,False,False,0,0,1,0,1,0,0,0,0,1,1
differentiated,S_0027132,1,1,1,0,1,0,0.0,1.0,0.0,1,-0.0,False,False,False,False,False,0,0,1,0,1,0,0,0,0,1,1
differentiated,S_0027177,1,1,1,0,0,1,0.0,0.0,1.0,1,-0.0,False,False,False,False,False,0,0,1,0,1,0,0,0,0,1,1
differentiated,S_0027302,2,2,1,0,0,2,0.0,0.0,1.0,1,-0.0,False,True,False,False,False,0,0,2,0,1,1,1,0,0,0,2
differentiated,S_0027303,6,5,4,4,1,0,0.8,0.2,0.0,2,0.4554859150035952,True,True,True,True,False,0,0,0,5,1,2,1,0,1,1,4
differentiated,S_0027304,1,1,1,1,0,0,1.0,0.0,0.0,1,-0.0,False,False,False,False,False,0,0,0,1,1,0,0,0,1,0,1
differentiated,S_0027306,2,2,1,0,0,2,0.0,0.0,1.0,1,-0.0,False,True,False,False,False,0,0,2,0,1,1,1,0,0,0,2
differentiated,S_0027307,2,2,1,0,0,2,0.0,0.0,1.0,1,-0.0,False,True,False,False,False,0,0,2,0,1,1,1,0,0,0,2
differentiated,S_0027309,2,2,1,0,0,2,0.0,0.0,1.0,1,-0.0,False,True,False,False,False,0,0,2,0,1,1,1,0,0,0,2
differentiated,S_0027310,2,2,1,0,0,2,0.0,0.0,1.0,1,-0.0,False,True,False,False,False,0,0,2,0,1,1,1,0,0,0,2
differentiated,S_0027311,2,2,1,0,0,2,0.0,0.0,1.0,1,-0.0,False,True,False,False,False,0,0,2,0,1,1,1,0,0,0,2
differentiated,S_0027313,2,2,1,0,0,2,0.0,0.0,1.0,1,-0.0,False,True,False,False,False,0,0,2,0,1,1,1,0,0,0,2
differentiated,S_0027334,3,3,3,0,2,1,0.0,0.6666666666666666,0.3333333333333333,2,0.5793801642856949,False,True,True,False,False,0,0,1,2,2,1,0,0,2,0,2
differentiated,S_0027337,1,1,1,0,1,0,0.0,1.0,0.0,1,-0.0,False,False,False,False,False,1,0,0,0,1,0,1,0,0,0,1
differentiated,S_0027338,1,1,1,0,1,0,0.0,1.0,0.0,1,-0.0,False,False,False,False,False,1,0,0,0,1,0,1,0,0,0,1
differentiated,S_0027354,2,2,2,0,2,0,0.0,1.0,0.0,1,-0.0,False,True,False,False,False,0,0,1,1,2,0,0,0,2,0,1
differentiated,S_0027355,2,2,2,0,2,0,0.0,1.0,0.0,1,-0.0,False,True,False,False,False,0,0,1,1,2,0,0,0,2,0,1
differentiated,S_0027356,1,1,1,0,1,0,0.0,1.0,0.0,1,-0.0,False,False,False,False,False,0,0,1,0,1,0,0,0,1,0,1
differentiated,S_0027357,1,1,1,0,1,0,0.0,1.0,0.0,1,-0.0,False,False,False,False,False,0,0,1,0,1,0,0,0,1,0,1
differentiated,S_0027359,1,1,1,0,1,0,0.0,1.0,0.0,1,-0.0,False,False,False,False,False,1,0,0,0,1,0,1,0,0,0,1
differentiated,S_0027389,4,4,2,1,3,0,0.25,0.75,0.0,2,0.5118595071429147,False,True,True,False,False,0,0,4,0,1,2,0,0,1,1,3
differentiated,S_0027392,3,3,2,1,2,0,0.3333333333333333,0.6666666666666666,0.0,2,0.5793801642856949,False,True,True,False,False,0,0,3,0,1,2,0,0,0,1,2
differentiated,S_0027393,1,1,1,0,1,0,0.0,1.0,0.0,1,-0.0,False,False,False,False,False,0,0,1,0,1,0,0,0,1,0,1
differentiated,S_0027395,1,1,1,0,1,0,0.0,1.0,0.0,1,-0.0,False,False,False,False,False,0,0,1,0,1,0,0,0,1,0,1
differentiated,S_0027396,1,1,1,0,1,0,0.0,1.0,0.0,1,-0.0,False,False,False,False,False,0,0,1,0,1,0,0,0,1,0,1
differentiated,S_0027399,4,2,4,2,0,0,1.0,0.0,0.0,1,-0.0,False,True,False,False,False,0,0,0,2,1,1,0,0,1,0,2
differentiated,S_0027401,1,1,1,0,1,0,0.0,1.0,0.0,1,-0.0,False,False,False,False,False,0,0,1,0,1,0,0,0,1,0,1
differentiated,S_0027403,1,1,1,0,1,0,0.0,1.0,0.0,1,-0.0,False,False,False,False,False,0,0,1,0,1,0,0,0,1,0,1
differentiated,S_0027404,1,1,1,0,1,0,0.0,1.0,0.0,1,-0.0,False,False,False,False,False,0,0,1,0,1,0,0,0,1,0,1
differentiated,S_0027504,1,1,1,0,1,0,0.0,1.0,0.0,1,-0.0,False,False,False,False,False,0,0,1,0,1,0,0,0,0,1,1
differentiated,S_0027515,3,3,1,0,3,0,0.0,1.0,0.0,1,-0.0,False,True,True,False,False,0,0,3,0,1,0,0,0,1,2,2
differentiated,S_0027525,1,1,1,0,1,0,0.0,1.0,0.0,1,-0.0,False,False,False,False,False,0,0,1,0,1,0,0,0,0,1,1
differentiated,S_0027576,1,1,1,0,1,0,0.0,1.0,0.0,1,-0.0,False,False,False,False,False,0,0,1,0,1,0,0,0,0,1,1
differentiated,S_0027581,1,1,1,1,0,0,1.0,0.0,0.0,1,-0.0,False,False,False,False,False,0,0,0,1,1,1,0,0,0,0,1
differentiated,S_0027583,1,1,1,1,0,0,1.0,0.0,0.0,1,-0.0,False,False,False,False,False,0,0,0,1,1,1,0,0,0,0,1
differentiated,S_0027607,2,2,1,0,2,0,0.0,1.0,0.0,1,-0.0,False,True,False,False,False,0,0,2,0,1,0,0,0,1,1,2
differentiated,S_0027609,2,2,1,0,2,0,0.0,1.0,0.0,1,-0.0,False,True,False,False,False,0,0,2,0,1,0,0,0,1,1,2
differentiated,S_0027616,2,2,1,0,2,0,0.0,1.0,0.0,1,-0.0,False,True,False,False,False,0,0,2,0,1,0,0,0,1,1,2
differentiated,S_0027674,1,1,1,1,0,0,1.0,0.0,0.0,1,-0.0,False,False,False,False,False,0,0,1,0,1,0,0,0,0,1,1
differentiated,S_0027709,1,1,1,1,0,0,1.0,0.0,0.0,1,-0.0,False,False,False,False,False,0,0,1,0,1,0,0,0,0,1,1
differentiated,S_0027717,1,1,1,0,1,0,0.0,1.0,0.0,1,-0.0,False,False,False,False,False,0,0,1,0,1,0,0,0,0,1,1
differentiated,S_0027791,1,1,1,1,0,0,1.0,0.0,0.0,1,-0.0,False,False,False,False,False,0,0,1,0,1,1,0,0,0,0,1
differentiated,S_0027794,1,1,1,1,0,0,1.0,0.0,0.0,1,-0.0,False,False,False,False,False,0,0,1,0,1,1,0,0,0,0,1
differentiated,S_0027896,4,2,4,1,1,0,0.5,0.5,0.0,2,0.6309297535714574,False,True,False,False,False,0,0,0,2,1,1,0,0,1,0,2
differentiated,S_0027902,2,2,2,1,1,0,0.5,0.5,0.0,2,0.6309297535714574,False,True,False,False,False,0,0,0,2,1,1,0,0,1,0,2
differentiated,S_0027903,2,2,2,1,1,0,0.5,0.5,0.0,2,0.6309297535714574,False,True,False,False,False,0,0,0,2,1,1,0,0,1,0,2
differentiated,S_0027912,2,2,2,1,1,0,0.5,0.5,0.0,2,0.6309297535714574,False,True,False,False,False,0,0,0,2,1,1,0,0,1,0,2
differentiated,S_0027929,1,1,1,1,0,0,1.0,0.0,0.0,1,-0.0,False,False,False,False,False,0,0,0,1,1,1,0,0,0,0,1
differentiated,S_0027962,2,2,2,1,1,0,0.5,0.5,0.0,2,0.6309297535714574,False,True,False,False,False,0,0,0,2,1,1,0,0,1,0,2
differentiated,S_0028067,2,2,2,0,2,0,0.0,1.0,0.0,1,-0.0,False,True,False,False,False,1,0,0,1,2,0,1,0,1,0,2
differentiated,S_0028085,2,2,2,0,2,0,0.0,1.0,0.0,1,-0.0,False,True,False,False,False,0,0,0,2,1,0,1,1,0,0,2
differentiated,S_0028135,2,2,1,0,2,0,0.0,1.0,0.0,1,-0.0,False,True,False,False,False,0,0,0,2,1,1,0,1,0,0,2
differentiated,S_0028136,2,2,2,0,2,0,0.0,1.0,0.0,1,-0.0,False,True,False,False,False,0,0,1,1,2,0,1,1,0,0,2
differentiated,S_0028137,1,1,1,0,1,0,0.0,1.0,0.0,1,-0.0,False,False,False,False,False,0,0,0,1,1,0,0,1,0,0,1
differentiated,S_0028138,1,1,1,0,1,0,0.0,1.0,0.0,1,-0.0,False,False,False,False,False,0,0,1,0,1,0,1,0,0,0,1
differentiated,S_0028141,1,1,1,0,1,0,0.0,1.0,0.0,1,-0.0,False,False,False,False,False,0,0,0,1,1,0,0,1,0,0,1
differentiated,S_0028142,1,1,1,0,1,0,0.0,1.0,0.0,1,-0.0,False,False,False,False,False,0,0,0,1,1,0,1,0,0,0,1
differentiated,S_0028157,1,1,1,0,1,0,0.0,1.0,0.0,1,-0.0,False,False,False,False,False,0,0,1,0,1,0,1,0,0,0,1
differentiated,S_0028158,1,1,1,0,1,0,0.0,1.0,0.0,1,-0.0,False,False,False,False,False,0,0,1,0,1,0,1,0,0,0,1
differentiated,S_0028159,1,1,1,0,1,0,0.0,1.0,0.0,1,-0.0,False,False,False,False,False,0,0,1,0,1,0,1,0,0,0,1
differentiated,S_0028162,1,1,1,0,1,0,0.0,1.0,0.0,1,-0.0,False,False,False,False,False,0,0,1,0,1,0,1,0,0,0,1
differentiated,S_0028163,1,1,1,0,1,0,0.0,1.0,0.0,1,-0.0,False,False,False,False,False,0,0,0,1,1,0,0,1,0,0,1
differentiated,S_0028168,1,1,1,0,0,1,0.0,0.0,1.0,1,-0.0,False,False,False,False,False,0,0,1,0,1,0,0,1,0,0,1
differentiated,S_0028174,2,2,2,1,0,1,0.5,0.0,0.5,2,0.6309297535714574,False,True,False,False,False,0,0,1,1,2,0,1,1,0,0,2
differentiated,S_0028175,1,1,1,1,0,0,1.0,0.0,0.0,1,-0.0,False,False,False,False,False,0,0,0,1,1,0,1,0,0,0,1
differentiated,S_0028176,1,1,1,0,0,1,0.0,0.0,1.0,1,-0.0,False,False,False,False,False,0,0,1,0,1,0,0,1,0,0,1
differentiated,S_0028186,1,1,1,0,1,0,0.0,1.0,0.0,1,-0.0,False,False,False,False,False,0,0,1,0,1,0,1,0,0,0,1
differentiated,S_0028188,1,1,1,0,1,0,0.0,1.0,0.0,1,-0.0,False,False,False,False,False,0,0,1,0,1,0,1,0,0,0,1
differentiated,S_0028191,1,1,1,0,1,0,0.0,1.0,0.0,1,-0.0,False,False,False,False,False,0,0,1,0,1,1,0,0,0,0,1
differentiated,S_0028192,1,1,1,0,1,0,0.0,1.0,0.0,1,-0.0,False,False,False,False,False,0,0,1,0,1,1,0,0,0,0,1
differentiated,S_0028194,1,1,1,0,0,1,0.0,0.0,1.0,1,-0.0,False,False,False,False,False,0,0,1,0,1,0,0,0,0,1,1
differentiated,S_0028210,1,1,1,0,0,1,0.0,0.0,1.0,1,-0.0,False,False,False,False,False,0,0,1,0,1,0,1,0,0,0,1
differentiated,S_0028211,1,1,1,0,0,1,0.0,0.0,1.0,1,-0.0,False,False,False,False,False,0,0,1,0,1,0,1,0,0,0,1
differentiated,S_0028220,1,1,1,1,0,0,1.0,0.0,0.0,1,-0.0,False,False,False,False,False,0,0,0,1,1,0,1,0,0,0,1
differentiated,S_0028221,1,1,1,1,0,0,1.0,0.0,0.0,1,-0.0,False,False,False,False,False,0,0,0,1,1,0,1,0,0,0,1
differentiated,S_0028237,1,1,1,0,1,0,0.0,1.0,0.0,1,-0.0,False,False,False,False,False,0,0,1,0,1,1,0,0,0,0,1
differentiated,S_0028239,1,1,1,0,1,0,0.0,1.0,0.0,1,-0.0,False,False,False,False,False,0,0,1,0,1,0,1,0,0,0,1
differentiated,S_0028240,1,1,1,0,1,0,0.0,1.0,0.0,1,-0.0,False,False,False,False,False,0,0,1,0,1,0,1,0,0,0,1
differentiated,S_0028244,1,1,1,0,1,0,0.0,1.0,0.0,1,-0.0,False,False,False,False,False,0,0,1,0,1,1,0,0,0,0,1
differentiated,S_0028245,1,1,1,0,1,0,0.0,1.0,0.0,1,-0.0,False,False,False,False,False,0,0,1,0,1,1,0,0,0,0,1
differentiated,S_0028246,1,1,1,0,1,0,0.0,1.0,0.0,1,-0.0,False,False,False,False,False,0,0,1,0,1,1,0,0,0,0,1
differentiated,S_0028247,3,3,2,2,1,0,0.6666666666666666,0.3333333333333333,0.0,2,0.5793801642856949,False,True,True,False,False,0,0,1,2,2,2,1,0,0,0,2
differentiated,S_0028248,1,1,1,0,1,0,0.0,1.0,0.0,1,-0.0,False,False,False,False,False,0,0,1,0,1,0,1,0,0,0,1
differentiated,S_0028250,4,2,2,2,0,0,1.0,0.0,0.0,1,-0.0,False,True,False,False,False,0,0,0,2,1,2,0,0,0,0,1
differentiated,S_0028301,1,1,1,0,1,0,0.0,1.0,0.0,1,-0.0,False,False,False,False,False,0,0,1,0,1,0,0,1,0,0,1
differentiated,S_0028302,1,1,1,0,1,0,0.0,1.0,0.0,1,-0.0,False,False,False,False,False,0,0,1,0,1,0,0,1,0,0,1
differentiated,S_0028307,1,1,1,0,1,0,0.0,1.0,0.0,1,-0.0,False,False,False,False,False,0,0,1,0,1,1,0,0,0,0,1
differentiated,S_0028310,1,1,1,0,1,0,0.0,1.0,0.0,1,-0.0,False,False,False,False,False,0,0,1,0,1,1,0,0,0,0,1
differentiated,S_0028315,1,1,1,0,0,1,0.0,0.0,1.0,1,-0.0,False,False,False,False,False,0,0,1,0,1,0,1,0,0,0,1
differentiated,S_0028316,1,1,1,0,0,1,0.0,0.0,1.0,1,-0.0,False,False,False,False,False,0,0,1,0,1,0,1,0,0,0,1
differentiated,S_0028317,2,2,1,0,2,0,0.0,1.0,0.0,1,-0.0,False,True,False,False,False,0,0,2,0,1,1,0,1,0,0,2
differentiated,S_0028320,2,2,1,0,2,0,0.0,1.0,0.0,1,-0.0,False,True,False,False,False,0,0,2,0,1,1,0,1,0,0,2
differentiated,S_0028383,7,4,3,0,4,0,0.0,1.0,0.0,1,-0.0,False,True,True,False,False,0,0,1,3,2,1,2,0,1,0,3
differentiated,S_0028457,4,4,4,1,3,0,0.25,0.75,0.0,2,0.5118595071429147,False,True,True,False,False,0,0,0,4,1,0,0,1,2,1,3
differentiated,S_0028458,4,4,4,1,3,0,0.25,0.75,0.0,2,0.5118595071429147,False,True,True,False,False,0,0,0,4,1,0,0,1,2,1,3
differentiated,S_0028461,4,4,4,1,3,0,0.25,0.75,0.0,2,0.5118595071429147,False,True,True,False,False,0,0,0,4,1,0,0,1,2,1,3
differentiated,S_0028472,2,2,1,0,2,0,0.0,1.0,0.0,1,-0.0,False,True,False,False,False,0,0,2,0,1,1,0,0,1,0,2
differentiated,S_0028473,2,2,1,0,2,0,0.0,1.0,0.0,1,-0.0,False,True,False,False,False,0,0,2,0,1,1,0,0,1,0,2
differentiated,S_0028486,2,2,2,0,2,0,0.0,1.0,0.0,1,-0.0,False,True,False,False,False,0,1,1,0,2,1,0,0,1,0,2
differentiated,S_0028487,2,2,2,0,2,0,0.0,1.0,0.0,1,-0.0,False,True,False,False,False,0,1,1,0,2,1,0,0,1,0,2
differentiated,S_0028491,2,2,2,0,2,0,0.0,1.0,0.0,1,-0.0,False,True,False,False,False,0,1,1,0,2,1,0,0,1,0,2
differentiated,S_0028492,2,2,2,0,2,0,0.0,1.0,0.0,1,-0.0,False,True,False,False,False,0,1,1,0,2,1,0,0,1,0,2
differentiated,S_0028513,3,3,2,0,3,0,0.0,1.0,0.0,1,-0.0,False,True,True,False,False,0,0,1,2,2,0,2,0,1,0,2
differentiated,S_0028515,5,3,3,0,3,0,0.0,1.0,0.0,1,-0.0,False,True,True,False,False,0,0,1,2,2,0,2,0,1,0,2
differentiated,S_0028517,2,2,2,0,2,0,0.0,1.0,0.0,1,-0.0,False,True,False,False,False,0,0,1,1,2,0,1,0,1,0,2
differentiated,S_0028518,1,1,1,0,1,0,0.0,1.0,0.0,1,-0.0,False,False,False,False,False,0,0,0,1,1,0,1,0,0,0,1
differentiated,S_0028520,3,3,2,0,3,0,0.0,1.0,0.0,1,-0.0,False,True,True,False,False,0,0,1,2,2,0,2,0,1,0,2
differentiated,S_0028521,1,1,1,0,1,0,0.0,1.0,0.0,1,-0.0,False,False,False,False,False,0,0,1,0,1,0,0,0,1,0,1
differentiated,S_0028522,4,4,2,0,4,0,0.0,1.0,0.0,1,-0.0,False,True,True,False,False,0,0,1,3,2,1,2,0,1,0,3
differentiated,S_0028525,4,4,2,0,4,0,0.0,1.0,0.0,1,-0.0,False,True,True,False,False,0,0,1,3,2,1,2,0,1,0,3
differentiated,S_0028539,2,2,2,0,2,0,0.0,1.0,0.0,1,-0.0,False,True,False,False,False,0,0,0,2,1,0,1,1,0,0,2
differentiated,S_0028541,2,2,2,0,2,0,0.0,1.0,0.0,1,-0.0,False,True,False,False,False,0,0,0,2,1,0,1,1,0,0,2
differentiated,S_0028548,2,2,2,0,2,0,0.0,1.0,0.0,1,-0.0,False,True,False,False,False,0,0,0,2,1,0,1,1,0,0,2
differentiated,S_0028550,2,2,2,0,2,0,0.0,1.0,0.0,1,-0.0,False,True,False,False,False,0,0,0,2,1,0,1,1,0,0,2
differentiated,S_0028551,2,2,2,0,2,0,0.0,1.0,0.0,1,-0.0,False,True,False,False,False,0,0,0,2,1,0,1,1,0,0,2
differentiated,S_0028553,2,2,2,0,2,0,0.0,1.0,0.0,1,-0.0,False,True,False,False,False,0,0,0,2,1,0,1,1,0,0,2
differentiated,S_0028554,2,2,2,0,2,0,0.0,1.0,0.0,1,-0.0,False,True,False,False,False,0,0,0,2,1,0,1,1,0,0,2
differentiated,S_0028639,1,1,1,0,1,0,0.0,1.0,0.0,1,-0.0,False,False,False,False,False,0,0,0,1,1,1,0,0,0,0,1
differentiated,S_0028640,1,1,1,0,1,0,0.0,1.0,0.0,1,-0.0,False,False,False,False,False,0,0,0,1,1,1,0,0,0,0,1
differentiated,S_0028654,1,1,1,0,1,0,0.0,1.0,0.0,1,-0.0,False,False,False,False,False,0,0,0,1,1,1,0,0,0,0,1
differentiated,S_0028664,2,2,2,0,2,0,0.0,1.0,0.0,1,-0.0,False,True,False,False,False,0,0,0,2,1,0,1,1,0,0,2
differentiated,S_0028769,2,2,2,0,2,0,0.0,1.0,0.0,1,-0.0,False,True,False,False,False,0,0,0,2,1,0,1,1,0,0,2
differentiated,S_0028770,2,2,2,0,2,0,0.0,1.0,0.0,1,-0.0,False,True,False,False,False,0,0,0,2,1,0,1,1,0,0,2
differentiated,S_0028773,2,2,2,0,2,0,0.0,1.0,0.0,1,-0.0,False,True,False,False,False,0,0,0,2,1,0,1,1,0,0,2
differentiated,S_0028775,2,2,2,0,2,0,0.0,1.0,0.0,1,-0.0,False,True,False,False,False,0,0,0,2,1,0,1,1,0,0,2
differentiated,S_0028793,1,1,1,0,1,0,0.0,1.0,0.0,1,-0.0,False,False,False,False,False,0,0,1,0,1,0,0,0,1,0,1
differentiated,S_0028794,1,1,1,0,1,0,0.0,1.0,0.0,1,-0.0,False,False,False,False,False,0,0,1,0,1,0,0,0,1,0,1
differentiated,S_0028805,1,1,1,0,1,0,0.0,1.0,0.0,1,-0.0,False,False,False,False,False,0,0,1,0,1,0,0,0,1,0,1
differentiated,S_0028806,1,1,1,0,1,0,0.0,1.0,0.0,1,-0.0,False,False,False,False,False,0,0,1,0,1,0,0,0,1,0,1
differentiated,S_0028860,2,1,2,1,0,0,1.0,0.0,0.0,1,-0.0,False,False,False,False,False,0,0,0,1,1,1,0,0,0,0,1
differentiated,S_0028862,1,1,1,1,0,0,1.0,0.0,0.0,1,-0.0,False,False,False,False,False,0,0,0,1,1,1,0,0,0,0,1
differentiated,S_0028956,1,1,1,0,0,1,0.0,0.0,1.0,1,-0.0,False,False,False,False,False,0,0,1,0,1,0,1,0,0,0,1
differentiated,S_0028959,1,1,1,0,0,1,0.0,0.0,1.0,1,-0.0,False,False,False,False,False,0,0,1,0,1,0,1,0,0,0,1
differentiated,S_0028967,1,1,1,0,1,0,0.0,1.0,0.0,1,-0.0,False,False,False,False,False,0,0,1,0,1,1,0,0,0,0,1
differentiated,S_0028968,1,1,1,0,1,0,0.0,1.0,0.0,1,-0.0,False,False,False,False,False,0,0,1,0,1,1,0,0,0,0,1
differentiated,S_0028970,1,1,1,0,1,0,0.0,1.0,0.0,1,-0.0,False,False,False,False,False,0,0,1,0,1,1,0,0,0,0,1
differentiated,S_0028971,1,1,1,0,1,0,0.0,1.0,0.0,1,-0.0,False,False,False,False,False,0,0,1,0,1,1,0,0,0,0,1
differentiated,S_0028976,1,1,1,0,0,1,0.0,0.0,1.0,1,-0.0,False,False,False,False,False,0,1,0,0,1,0,0,0,1,0,1
differentiated,S_0028977,1,1,1,0,0,1,0.0,0.0,1.0,1,-0.0,False,False,False,False,False,0,1,0,0,1,0,0,0,1,0,1
differentiated,S_0028992,1,1,1,0,1,0,0.0,1.0,0.0,1,-0.0,False,False,False,False,False,0,1,0,0,1,0,0,0,1,0,1
differentiated,S_0028993,1,1,1,0,1,0,0.0,1.0,0.0,1,-0.0,False,False,False,False,False,0,1,0,0,1,0,0,0,1,0,1
differentiated,S_0029000,1,1,1,0,0,1,0.0,0.0,1.0,1,-0.0,False,False,False,False,False,0,0,1,0,1,0,0,0,1,0,1
differentiated,S_0029002,1,1,1,0,0,1,0.0,0.0,1.0,1,-0.0,False,False,False,False,False,0,0,1,0,1,0,0,0,1,0,1
differentiated,S_0029005,1,1,1,0,1,0,0.0,1.0,0.0,1,-0.0,False,False,False,False,False,0,1,0,0,1,0,0,0,1,0,1
differentiated,S_0029006,1,1,1,0,1,0,0.0,1.0,0.0,1,-0.0,False,False,False,False,False,0,1,0,0,1,0,0,0,1,0,1
differentiated,S_0029010,1,1,1,0,0,1,0.0,0.0,1.0,1,-0.0,False,False,False,False,False,0,0,1,0,1,1,0,0,0,0,1
differentiated,S_0029019,6,3,2,1,2,0,0.3333333333333333,0.6666666666666666,0.0,2,0.5793801642856949,False,True,True,False,False,0,0,0,3,1,0,0,1,1,1,3
differentiated,S_0029066,1,1,1,0,1,0,0.0,1.0,0.0,1,-0.0,False,False,False,False,False,0,0,1,0,1,0,0,0,1,0,1
differentiated,S_0029091,1,1,1,0,1,0,0.0,1.0,0.0,1,-0.0,False,False,False,False,False,0,0,1,0,1,1,0,0,0,0,1
differentiated,S_0029092,1,1,1,0,1,0,0.0,1.0,0.0,1,-0.0,False,False,False,False,False,0,0,1,0,1,1,0,0,0,0,1
differentiated,S_0029120,1,1,1,0,0,1,0.0,0.0,1.0,1,-0.0,False,False,False,False,False,0,1,0,0,1,0,0,0,1,0,1
differentiated,S_0029122,1,1,1,0,0,1,0.0,0.0,1.0,1,-0.0,False,False,False,False,False,0,1,0,0,1,0,0,0,1,0,1
differentiated,S_0029144,1,1,1,0,1,0,0.0,1.0,0.0,1,-0.0,False,False,False,False,False,0,0,1,0,1,1,0,0,0,0,1
differentiated,S_0029145,1,1,1,0,1,0,0.0,1.0,0.0,1,-0.0,False,False,False,False,False,0,0,1,0,1,1,0,0,0,0,1
differentiated,S_0029146,3,3,2,2,1,0,0.6666666666666666,0.3333333333333333,0.0,2,0.5793801642856949,False,True,True,False,False,0,0,1,2,2,2,1,0,0,0,2
differentiated,S_0029148,3,3,2,2,1,0,0.6666666666666666,0.3333333333333333,0.0,2,0.5793801642856949,False,True,True,False,False,0,0,1,2,2,2,1,0,0,0,2
differentiated,S_0029152,3,3,2,2,1,0,0.6666666666666666,0.3333333333333333,0.0,2,0.5793801642856949,False,True,True,False,False,0,0,1,2,2,2,1,0,0,0,2
differentiated,S_0029154,3,3,2,2,1,0,0.6666666666666666,0.3333333333333333,0.0,2,0.5793801642856949,False,True,True,False,False,0,0,1,2,2,2,1,0,0,0,2
differentiated,S_0029159,6,6,5,2,4,0,0.3333333333333333,0.6666666666666666,0.0,2,0.5793801642856949,True,True,True,True,False,0,0,1,5,2,3,1,1,1,0,4
differentiated,S_0029160,11,8,9,4,4,0,0.5,0.5,0.0,2,0.6309297535714574,True,True,True,True,False,0,0,1,7,2,5,1,1,1,0,4
differentiated,S_0029164,11,6,9,2,4,0,0.3333333333333333,0.6666666666666666,0.0,2,0.5793801642856949,True,True,True,True,False,0,0,1,5,2,3,1,1,1,0,4
differentiated,S_0029165,6,6,5,2,4,0,0.3333333333333333,0.6666666666666666,0.0,2,0.5793801642856949,True,True,True,True,False,0,0,1,5,2,3,1,1,1,0,4
differentiated,S_0029211,2,1,2,1,0,0,1.0,0.0,0.0,1,-0.0,False,False,False,False,False,0,0,0,1,1,0,0,0,1,0,1
differentiated,S_0029213,1,1,1,1,0,0,1.0,0.0,0.0,1,-0.0,False,False,False,False,False,0,0,0,1,1,0,0,0,1,0,1
differentiated,S_0029214,1,1,1,1,0,0,1.0,0.0,0.0,1,-0.0,False,False,False,False,False,0,0,0,1,1,0,0,0,1,0,1
differentiated,S_0029215,1,1,1,1,0,0,1.0,0.0,0.0,1,-0.0,False,False,False,False,False,0,0,0,1,1,0,0,0,1,0,1
differentiated,S_0029216,1,1,1,1,0,0,1.0,0.0,0.0,1,-0.0,False,False,False,False,False,0,0,0,1,1,0,0,0,1,0,1
differentiated,S_0029223,4,3,3,1,1,1,0.3333333333333333,0.3333333333333333,0.3333333333333333,3,0.9999999999999998,False,True,True,False,False,0,0,2,1,2,0,1,0,1,1,3
differentiated,S_0029225,2,1,2,1,0,0,1.0,0.0,0.0,1,-0.0,False,False,False,False,False,0,0,0,1,1,0,0,0,1,0,1
differentiated,S_0029228,3,3,2,1,1,1,0.3333333333333333,0.3333333333333333,0.3333333333333333,3,0.9999999999999998,False,True,True,False,False,0,0,2,1,2,0,1,0,1,1,3
differentiated,S_0029230,4,2,4,2,0,0,1.0,0.0,0.0,1,-0.0,False,True,False,False,False,0,0,0,2,1,2,0,0,0,0,1
differentiated,S_0029232,2,2,2,2,0,0,1.0,0.0,0.0,1,-0.0,False,True,False,False,False,0,0,0,2,1,2,0,0,0,0,1
differentiated,S_0029271,2,2,1,0,2,0,0.0,1.0,0.0,1,-0.0,False,True,False,False,False,0,0,2,0,1,2,0,0,0,0,1
differentiated,S_0029272,1,1,1,0,0,1,0.0,0.0,1.0,1,-0.0,False,False,False,False,False,0,0,1,0,1,0,0,0,1,0,1
differentiated,S_0029273,3,3,2,0,2,1,0.0,0.6666666666666666,0.3333333333333333,2,0.5793801642856949,False,True,True,False,False,0,0,3,0,1,2,0,0,1,0,2
differentiated,S_0029282,4,4,2,0,4,0,0.0,1.0,0.0,1,-0.0,False,True,True,False,False,0,0,4,0,1,3,0,0,0,1,2
differentiated,S_0029290,3,3,3,2,1,0,0.6666666666666666,0.3333333333333333,0.0,2,0.5793801642856949,False,True,True,False,False,0,0,0,3,1,2,0,0,1,0,2
differentiated,S_0029291,5,3,5,2,1,0,0.6666666666666666,0.3333333333333333,0.0,2,0.5793801642856949,False,True,True,False,False,0,0,0,3,1,2,0,0,1,0,2
differentiated,S_0029292,5,5,4,2,3,0,0.4,0.6,0.0,2,0.6126016192893442,True,True,True,True,False,0,0,2,3,2,3,0,0,2,0,2
differentiated,S_0029293,7,5,6,2,3,0,0.4,0.6,0.0,2,0.6126016192893442,True,True,True,True,False,0,0,2,3,2,3,0,0,2,0,2
differentiated,S_0029295,3,3,3,2,1,0,0.6666666666666666,0.3333333333333333,0.0,2,0.5793801642856949,False,True,True,False,False,0,0,0,3,1,2,0,0,1,0,2
differentiated,S_0029296,3,3,3,2,1,0,0.6666666666666666,0.3333333333333333,0.0,2,0.5793801642856949,False,True,True,False,False,0,0,0,3,1,2,0,0,1,0,2
differentiated,S_0029297,3,3,3,2,1,0,0.6666666666666666,0.3333333333333333,0.0,2,0.5793801642856949,False,True,True,False,False,0,0,0,3,1,2,0,0,1,0,2
differentiated,S_0029298,3,3,3,2,1,0,0.6666666666666666,0.3333333333333333,0.0,2,0.5793801642856949,False,True,True,False,False,0,0,0,3,1,2,0,0,1,0,2
differentiated,S_0029299,3,3,3,2,1,0,0.6666666666666666,0.3333333333333333,0.0,2,0.5793801642856949,False,True,True,False,False,0,0,0,3,1,2,0,0,1,0,2
differentiated,S_0029301,2,2,2,1,1,0,0.5,0.5,0.0,2,0.6309297535714574,False,True,False,False,False,0,0,0,2,1,1,0,0,1,0,2
differentiated,S_0029303,3,3,3,2,1,0,0.6666666666666666,0.3333333333333333,0.0,2,0.5793801642856949,False,True,True,False,False,0,0,0,3,1,2,0,0,1,0,2
differentiated,S_0029305,1,1,1,0,1,0,0.0,1.0,0.0,1,-0.0,False,False,False,False,False,0,0,1,0,1,1,0,0,0,0,1
differentiated,S_0029306,1,1,1,0,1,0,0.0,1.0,0.0,1,-0.0,False,False,False,False,False,0,0,1,0,1,1,0,0,0,0,1
differentiated,S_0029311,3,3,3,2,1,0,0.6666666666666666,0.3333333333333333,0.0,2,0.5793801642856949,False,True,True,False,False,0,0,0,3,1,2,0,0,1,0,2
differentiated,S_0029312,5,5,4,3,2,0,0.6,0.4,0.0,2,0.6126016192893442,True,True,True,True,False,0,0,2,3,2,2,0,0,1,2,3
differentiated,S_0029313,3,3,3,2,1,0,0.6666666666666666,0.3333333333333333,0.0,2,0.5793801642856949,False,True,True,False,False,0,0,0,3,1,2,0,0,1,0,2
differentiated,S_0029314,2,2,1,1,1,0,0.5,0.5,0.0,2,0.6309297535714574,False,True,False,False,False,0,0,2,0,1,0,0,0,0,2,1
differentiated,S_0029316,2,2,1,1,1,0,0.5,0.5,0.0,2,0.6309297535714574,False,True,False,False,False,0,0,2,0,1,0,0,0,0,2,1
differentiated,S_0029317,2,2,1,1,1,0,0.5,0.5,0.0,2,0.6309297535714574,False,True,False,False,False,0,0,2,0,1,0,0,0,0,2,1
differentiated,S_0029318,1,1,1,1,0,0,1.0,0.0,0.0,1,-0.0,False,False,False,False,False,0,0,1,0,1,0,0,0,0,1,1
differentiated,S_0029319,2,2,1,1,1,0,0.5,0.5,0.0,2,0.6309297535714574,False,True,False,False,False,0,0,2,0,1,0,0,0,0,2,1
differentiated,S_0029320,1,1,1,1,0,0,1.0,0.0,0.0,1,-0.0,False,False,False,False,False,0,0,1,0,1,0,0,0,0,1,1
differentiated,S_0029322,1,1,1,1,0,0,1.0,0.0,0.0,1,-0.0,False,False,False,False,False,0,0,1,0,1,0,0,0,0,1,1
differentiated,S_0029323,1,1,1,1,0,0,1.0,0.0,0.0,1,-0.0,False,False,False,False,False,0,0,1,0,1,0,0,0,0,1,1
differentiated,S_0029324,1,1,1,1,0,0,1.0,0.0,0.0,1,-0.0,False,False,False,False,False,0,0,1,0,1,0,0,0,0,1,1
differentiated,S_0029325,1,1,1,1,0,0,1.0,0.0,0.0,1,-0.0,False,False,False,False,False,0,0,1,0,1,0,0,0,0,1,1
differentiated,S_0029327,1,1,1,1,0,0,1.0,0.0,0.0,1,-0.0,False,False,False,False,False,0,0,1,0,1,0,0,0,0,1,1
differentiated,S_0029328,1,1,1,1,0,0,1.0,0.0,0.0,1,-0.0,False,False,False,False,False,0,0,1,0,1,0,0,0,0,1,1
differentiated,S_0029329,1,1,1,1,0,0,1.0,0.0,0.0,1,-0.0,False,False,False,False,False,0,0,1,0,1,0,0,0,0,1,1
differentiated,S_0029332,1,1,1,1,0,0,1.0,0.0,0.0,1,-0.0,False,False,False,False,False,0,0,1,0,1,0,0,0,0,1,1
differentiated,S_0029334,1,1,1,1,0,0,1.0,0.0,0.0,1,-0.0,False,False,False,False,False,0,0,0,1,1,1,0,0,0,0,1
differentiated,S_0029336,2,2,2,1,1,0,0.5,0.5,0.0,2,0.6309297535714574,False,True,False,False,False,0,0,0,2,1,1,0,0,1,0,2
differentiated,S_0029338,2,2,2,1,1,0,0.5,0.5,0.0,2,0.6309297535714574,False,True,False,False,False,0,0,0,2,1,1,0,0,1,0,2
differentiated,S_0029344,2,2,2,1,1,0,0.5,0.5,0.0,2,0.6309297535714574,False,True,False,False,False,0,0,0,2,1,1,0,0,1,0,2
differentiated,S_0029345,4,2,4,1,1,0,0.5,0.5,0.0,2,0.6309297535714574,False,True,False,False,False,0,0,0,2,1,1,0,0,1,0,2
differentiated,S_0029353,4,2,4,1,1,0,0.5,0.5,0.0,2,0.6309297535714574,False,True,False,False,False,0,0,0,2,1,1,0,0,1,0,2
differentiated,S_0029363,2,2,2,1,1,0,0.5,0.5,0.0,2,0.6309297535714574,False,True,False,False,False,0,0,0,2,1,1,0,0,1,0,2
differentiated,S_0029365,2,2,2,1,1,0,0.5,0.5,0.0,2,0.6309297535714574,False,True,False,False,False,0,0,0,2,1,1,0,0,1,0,2
differentiated,S_0029366,2,2,2,1,1,0,0.5,0.5,0.0,2,0.6309297535714574,False,True,False,False,False,0,0,0,2,1,1,0,0,1,0,2
differentiated,S_0029368,4,2,4,1,1,0,0.5,0.5,0.0,2,0.6309297535714574,False,True,False,False,False,0,0,0,2,1,1,0,0,1,0,2
differentiated,S_0029370,2,2,2,1,1,0,0.5,0.5,0.0,2,0.6309297535714574,False,True,False,False,False,0,0,0,2,1,1,0,0,1,0,2
differentiated,S_0029373,2,2,2,1,1,0,0.5,0.5,0.0,2,0.6309297535714574,False,True,False,False,False,0,0,0,2,1,1,0,0,1,0,2
differentiated,S_0029375,2,2,2,1,1,0,0.5,0.5,0.0,2,0.6309297535714574,False,True,False,False,False,0,0,0,2,1,1,0,0,1,0,2
differentiated,S_0029378,2,2,2,1,1,0,0.5,0.5,0.0,2,0.6309297535714574,False,True,False,False,False,0,0,0,2,1,1,0,0,1,0,2
differentiated,S_0029379,4,2,4,1,1,0,0.5,0.5,0.0,2,0.6309297535714574,False,True,False,False,False,0,0,0,2,1,1,0,0,1,0,2
differentiated,S_0029381,1,1,1,1,0,0,1.0,0.0,0.0,1,-0.0,False,False,False,False,False,0,0,0,1,1,1,0,0,0,0,1
differentiated,S_0029382,1,1,1,1,0,0,1.0,0.0,0.0,1,-0.0,False,False,False,False,False,0,0,0,1,1,1,0,0,0,0,1
differentiated,S_0029421,1,1,1,0,1,0,0.0,1.0,0.0,1,-0.0,False,False,False,False,False,0,0,1,0,1,0,0,0,0,1,1
differentiated,S_0029428,1,1,1,0,1,0,0.0,1.0,0.0,1,-0.0,False,False,False,False,False,0,0,1,0,1,0,0,0,0,1,1
differentiated,S_0029430,1,1,1,0,1,0,0.0,1.0,0.0,1,-0.0,False,False,False,False,False,0,0,1,0,1,0,0,0,0,1,1
differentiated,S_0029489,1,1,1,0,1,0,0.0,1.0,0.0,1,-0.0,False,False,False,False,False,0,0,1,0,1,0,1,0,0,0,1
differentiated,S_0029490,1,1,1,0,1,0,0.0,1.0,0.0,1,-0.0,False,False,False,False,False,0,0,1,0,1,0,1,0,0,0,1
differentiated,S_0029503,1,1,1,0,0,1,0.0,0.0,1.0,1,-0.0,False,False,False,False,False,0,0,1,0,1,0,0,1,0,0,1
differentiated,S_0029507,2,2,2,1,1,0,0.5,0.5,0.0,2,0.6309297535714574,False,True,False,False,False,0,0,1,1,2,1,1,0,0,0,2
differentiated,S_0029509,2,2,2,1,1,0,0.5,0.5,0.0,2,0.6309297535714574,False,True,False,False,False,0,0,1,1,2,1,1,0,0,0,2
differentiated,S_0029516,2,2,2,1,0,1,0.5,0.0,0.5,2,0.6309297535714574,False,True,False,False,False,0,0,1,1,2,0,1,1,0,0,2
differentiated,S_0029531,1,1,1,1,0,0,1.0,0.0,0.0,1,-0.0,False,False,False,False,False,0,0,1,0,1,1,0,0,0,0,1
differentiated,S_0029533,1,1,1,1,0,0,1.0,0.0,0.0,1,-0.0,False,False,False,False,False,0,0,1,0,1,1,0,0,0,0,1
differentiated,S_0029539,3,3,2,1,1,1,0.3333333333333333,0.3333333333333333,0.3333333333333333,3,0.9999999999999998,False,True,True,False,False,0,0,2,1,2,0,1,0,1,1,3
differentiated,S_0029632,1,1,1,0,1,0,0.0,1.0,0.0,1,-0.0,False,False,False,False,False,0,0,0,1,1,0,0,0,0,1,1
differentiated,S_0029690,1,1,1,0,1,0,0.0,1.0,0.0,1,-0.0,False,False,False,False,False,0,0,1,0,1,0,1,0,0,0,1
differentiated,S_0029859,1,1,1,0,1,0,0.0,1.0,0.0,1,-0.0,False,False,False,False,False,0,0,1,0,1,0,0,0,0,1,1
differentiated,S_0029861,1,1,1,0,1,0,0.0,1.0,0.0,1,-0.0,False,False,False,False,False,0,0,1,0,1,0,0,0,0,1,1
differentiated,S_0029897,2,2,2,1,1,0,0.5,0.5,0.0,2,0.6309297535714574,False,True,False,False,False,0,0,2,0,1,1,0,0,0,1,2
differentiated,S_0029898,2,2,2,1,1,0,0.5,0.5,0.0,2,0.6309297535714574,False,True,False,False,False,0,0,2,0,1,1,0,0,0,1,2
differentiated,S_0029901,2,2,2,1,1,0,0.5,0.5,0.0,2,0.6309297535714574,False,True,False,False,False,0,0,2,0,1,1,0,0,0,1,2
differentiated,S_0029902,2,2,2,1,1,0,0.5,0.5,0.0,2,0.6309297535714574,False,True,False,False,False,0,0,2,0,1,1,0,0,0,1,2
differentiated,S_0029903,2,2,2,1,1,0,0.5,0.5,0.0,2,0.6309297535714574,False,True,False,False,False,0,0,2,0,1,1,0,0,0,1,2
differentiated,S_0029904,2,2,2,1,1,0,0.5,0.5,0.0,2,0.6309297535714574,False,True,False,False,False,0,0,2,0,1,1,0,0,0,1,2
differentiated,S_0030008,1,1,1,0,0,1,0.0,0.0,1.0,1,-0.0,False,False,False,False,False,0,0,1,0,1,0,0,0,0,1,1
differentiated,S_0030009,1,1,1,0,0,1,0.0,0.0,1.0,1,-0.0,False,False,False,False,False,0,0,1,0,1,0,0,0,0,1,1
differentiated,S_0030065,3,3,3,1,2,0,0.3333333333333333,0.6666666666666666,0.0,2,0.5793801642856949,False,True,True,False,False,0,0,0,3,1,2,0,0,0,1,2
differentiated,S_0030066,1,1,1,0,0,1,0.0,0.0,1.0,1,-0.0,False,False,False,False,False,0,0,1,0,1,1,0,0,0,0,1
differentiated,S_0030067,3,3,2,1,1,1,0.3333333333333333,0.3333333333333333,0.3333333333333333,3,0.9999999999999998,False,True,True,False,False,0,0,2,1,2,0,0,2,1,0,2
differentiated,S_0030068,3,3,2,1,1,1,0.3333333333333333,0.3333333333333333,0.3333333333333333,3,0.9999999999999998,False,True,True,False,False,0,0,2,1,2,0,0,2,1,0,2
differentiated,S_0030069,1,1,1,0,1,0,0.0,1.0,0.0,1,-0.0,False,False,False,False,False,0,0,0,1,1,0,0,1,0,0,1
differentiated,S_0030070,2,2,1,1,0,1,0.5,0.0,0.5,2,0.6309297535714574,False,True,False,False,False,0,0,2,0,1,0,0,1,1,0,2
differentiated,S_0030071,1,1,1,0,1,0,0.0,1.0,0.0,1,-0.0,False,False,False,False,False,0,0,0,1,1,0,0,1,0,0,1
differentiated,S_0030161,1,1,1,0,1,0,0.0,1.0,0.0,1,-0.0,False,False,False,False,False,0,0,1,0,1,1,0,0,0,0,1
differentiated,S_0030162,1,1,1,0,1,0,0.0,1.0,0.0,1,-0.0,False,False,False,False,False,0,0,1,0,1,1,0,0,0,0,1
differentiated,S_0030179,4,4,3,2,2,0,0.5,0.5,0.0,2,0.6309297535714574,False,True,True,False,False,0,0,2,2,2,2,1,0,1,0,3
differentiated,S_0030182,2,2,1,0,2,0,0.0,1.0,0.0,1,-0.0,False,True,False,False,False,0,0,2,0,1,0,1,0,1,0,2
differentiated,S_0030184,2,2,1,0,2,0,0.0,1.0,0.0,1,-0.0,False,True,False,False,False,0,0,2,0,1,0,1,0,1,0,2
differentiated,S_0030215,1,1,1,0,0,1,0.0,0.0,1.0,1,-0.0,False,False,False,False,False,0,0,1,0,1,0,0,0,0,1,1
differentiated,S_0030249,2,2,1,0,2,0,0.0,1.0,0.0,1,-0.0,False,True,False,False,False,0,0,0,2,1,1,0,0,0,1,2
differentiated,S_0030253,2,2,1,0,2,0,0.0,1.0,0.0,1,-0.0,False,True,False,False,False,0,0,0,2,1,1,0,0,0,1,2
differentiated,S_0030254,2,2,1,0,2,0,0.0,1.0,0.0,1,-0.0,False,True,False,False,False,0,0,0,2,1,1,0,0,0,1,2
differentiated,S_0030261,1,1,1,0,1,0,0.0,1.0,0.0,1,-0.0,False,False,False,False,False,0,1,0,0,1,1,0,0,0,0,1
differentiated,S_0030273,15,9,6,3,4,2,0.3333333333333333,0.4444444444444444,0.2222222222222222,3,0.965633607142825,True,True,True,True,False,0,1,0,8,2,6,2,0,1,0,3
differentiated,S_0030274,2,2,1,0,2,0,0.0,1.0,0.0,1,-0.0,False,True,False,False,False,0,0,2,0,1,1,1,0,0,0,2
differentiated,S_0030313,1,1,1,0,1,0,0.0,1.0,0.0,1,-0.0,False,False,False,False,False,0,0,1,0,1,1,0,0,0,0,1
differentiated,S_0030315,1,1,1,0,1,0,0.0,1.0,0.0,1,-0.0,False,False,False,False,False,0,0,1,0,1,1,0,0,0,0,1
differentiated,S_0030339,1,1,1,1,0,0,1.0,0.0,0.0,1,-0.0,False,False,False,False,False,0,0,0,1,1,0,0,0,1,0,1
differentiated,S_0030340,1,1,1,1,0,0,1.0,0.0,0.0,1,-0.0,False,False,False,False,False,0,0,0,1,1,0,0,0,1,0,1
differentiated,S_0030343,1,1,1,1,0,0,1.0,0.0,0.0,1,-0.0,False,False,False,False,False,0,0,0,1,1,0,0,0,1,0,1
differentiated,S_0030347,3,3,2,1,2,0,0.3333333333333333,0.6666666666666666,0.0,2,0.5793801642856949,False,True,True,False,False,0,0,3,0,1,2,0,0,0,1,2
differentiated,S_0030348,3,3,2,1,2,0,0.3333333333333333,0.6666666666666666,0.0,2,0.5793801642856949,False,True,True,False,False,0,0,3,0,1,2,0,0,0,1,2
differentiated,S_0030350,1,1,1,1,0,0,1.0,0.0,0.0,1,-0.0,False,False,False,False,False,0,0,0,1,1,0,0,0,1,0,1
differentiated,S_0030356,1,1,1,0,1,0,0.0,1.0,0.0,1,-0.0,False,False,False,False,False,0,0,1,0,1,1,0,0,0,0,1
differentiated,S_0030357,1,1,1,0,1,0,0.0,1.0,0.0,1,-0.0,False,False,False,False,False,0,0,1,0,1,1,0,0,0,0,1
differentiated,S_0030359,1,1,1,0,1,0,0.0,1.0,0.0,1,-0.0,False,False,False,False,False,0,0,1,0,1,1,0,0,0,0,1
differentiated,S_0030361,1,1,1,0,1,0,0.0,1.0,0.0,1,-0.0,False,False,False,False,False,0,0,1,0,1,1,0,0,0,0,1
differentiated,S_0030366,1,1,1,0,1,0,0.0,1.0,0.0,1,-0.0,False,False,False,False,False,0,0,1,0,1,1,0,0,0,0,1
differentiated,S_0030372,1,1,1,0,1,0,0.0,1.0,0.0,1,-0.0,False,False,False,False,False,0,0,1,0,1,1,0,0,0,0,1
differentiated,S_0030382,1,1,1,0,1,0,0.0,1.0,0.0,1,-0.0,False,False,False,False,False,0,0,1,0,1,1,0,0,0,0,1
differentiated,S_0030387,1,1,1,0,1,0,0.0,1.0,0.0,1,-0.0,False,False,False,False,False,0,0,1,0,1,1,0,0,0,0,1
differentiated,S_0030418,2,2,2,1,1,0,0.5,0.5,0.0,2,0.6309297535714574,False,True,False,False,False,0,0,2,0,1,1,0,0,0,1,2
differentiated,S_0030439,1,1,1,0,1,0,0.0,1.0,0.0,1,-0.0,False,False,False,False,False,0,0,1,0,1,0,0,0,0,1,1
differentiated,S_0030470,1,1,1,1,0,0,1.0,0.0,0.0,1,-0.0,False,False,False,False,False,0,0,0,1,1,1,0,0,0,0,1
differentiated,S_0030476,3,3,1,0,2,1,0.0,0.6666666666666666,0.3333333333333333,2,0.5793801642856949,False,True,True,False,False,0,0,3,0,1,2,0,0,0,1,2
differentiated,S_0030486,3,3,1,0,2,1,0.0,0.6666666666666666,0.3333333333333333,2,0.5793801642856949,False,True,True,False,False,0,0,3,0,1,2,0,0,0,1,2
differentiated,S_0030487,3,3,1,0,2,1,0.0,0.6666666666666666,0.3333333333333333,2,0.5793801642856949,False,True,True,False,False,0,0,3,0,1,2,0,0,0,1,2
differentiated,S_0030501,2,2,2,1,1,0,0.5,0.5,0.0,2,0.6309297535714574,False,True,False,False,False,0,0,0,2,1,2,0,0,0,0,1
differentiated,S_0030546,1,1,1,0,0,1,0.0,0.0,1.0,1,-0.0,False,False,False,False,False,0,0,1,0,1,0,0,0,0,1,1
differentiated,S_0030620,1,1,1,1,0,0,1.0,0.0,0.0,1,-0.0,False,False,False,False,False,0,0,1,0,1,1,0,0,0,0,1
differentiated,S_0030622,1,1,1,1,0,0,1.0,0.0,0.0,1,-0.0,False,False,False,False,False,0,0,1,0,1,1,0,0,0,0,1
differentiated,S_0030630,4,3,3,1,1,1,0.3333333333333333,0.3333333333333333,0.3333333333333333,3,0.9999999999999998,False,True,True,False,False,0,0,2,1,2,0,1,0,1,1,3
differentiated,S_0030672,1,1,1,0,1,0,0.0,1.0,0.0,1,-0.0,False,False,False,False,False,0,0,1,0,1,1,0,0,0,0,1
differentiated,S_0030673,1,1,1,0,1,0,0.0,1.0,0.0,1,-0.0,False,False,False,False,False,0,0,1,0,1,1,0,0,0,0,1
differentiated,S_0030677,1,1,1,1,0,0,1.0,0.0,0.0,1,-0.0,False,False,False,False,False,0,0,1,0,1,1,0,0,0,0,1
differentiated,S_0030679,1,1,1,0,1,0,0.0,1.0,0.0,1,-0.0,False,False,False,False,False,0,0,1,0,1,1,0,0,0,0,1
differentiated,S_0030691,1,1,1,0,1,0,0.0,1.0,0.0,1,-0.0,False,False,False,False,False,0,0,1,0,1,1,0,0,0,0,1
differentiated,S_0030694,1,1,1,0,1,0,0.0,1.0,0.0,1,-0.0,False,False,False,False,False,0,0,1,0,1,1,0,0,0,0,1
differentiated,S_0030723,3,3,2,1,1,1,0.3333333333333333,0.3333333333333333,0.3333333333333333,3,0.9999999999999998,False,True,True,False,False,0,0,2,1,2,0,1,0,1,1,3
differentiated,S_0030740,1,1,1,0,1,0,0.0,1.0,0.0,1,-0.0,False,False,False,False,False,0,0,0,1,1,0,0,0,0,1,1
differentiated,S_0030747,2,2,1,0,2,0,0.0,1.0,0.0,1,-0.0,False,True,False,False,False,0,0,2,0,1,2,0,0,0,0,1
differentiated,S_0030748,2,2,1,0,2,0,0.0,1.0,0.0,1,-0.0,False,True,False,False,False,0,0,2,0,1,2,0,0,0,0,1
differentiated,S_0030754,2,2,1,0,2,0,0.0,1.0,0.0,1,-0.0,False,True,False,False,False,0,0,2,0,1,2,0,0,0,0,1
differentiated,S_0030755,2,2,1,0,2,0,0.0,1.0,0.0,1,-0.0,False,True,False,False,False,0,0,2,0,1,2,0,0,0,0,1
differentiated,S_0030757,2,2,1,0,2,0,0.0,1.0,0.0,1,-0.0,False,True,False,False,False,0,0,2,0,1,2,0,0,0,0,1
differentiated,S_0030763,2,2,1,0,2,0,0.0,1.0,0.0,1,-0.0,False,True,False,False,False,0,0,2,0,1,2,0,0,0,0,1
differentiated,S_0030764,2,2,1,0,2,0,0.0,1.0,0.0,1,-0.0,False,True,False,False,False,0,0,2,0,1,2,0,0,0,0,1
differentiated,S_0030765,2,2,1,0,2,0,0.0,1.0,0.0,1,-0.0,False,True,False,False,False,0,0,2,0,1,2,0,0,0,0,1
differentiated,S_0030769,2,2,2,0,2,0,0.0,1.0,0.0,1,-0.0,False,True,False,False,False,0,1,1,0,2,0,0,0,2,0,1
differentiated,S_0030770,2,2,2,0,2,0,0.0,1.0,0.0,1,-0.0,False,True,False,False,False,0,1,1,0,2,0,0,0,2,0,1
differentiated,S_0030773,2,2,1,0,2,0,0.0,1.0,0.0,1,-0.0,False,True,False,False,False,0,0,2,0,1,2,0,0,0,0,1
differentiated,S_0030776,2,2,1,0,2,0,0.0,1.0,0.0,1,-0.0,False,True,False,False,False,0,0,2,0,1,2,0,0,0,0,1
differentiated,S_0030777,2,2,1,0,2,0,0.0,1.0,0.0,1,-0.0,False,True,False,False,False,0,0,2,0,1,2,0,0,0,0,1
differentiated,S_0030783,2,2,1,0,2,0,0.0,1.0,0.0,1,-0.0,False,True,False,False,False,0,0,2,0,1,2,0,0,0,0,1
differentiated,S_0030785,2,2,1,0,2,0,0.0,1.0,0.0,1,-0.0,False,True,False,False,False,0,0,2,0,1,1,0,0,1,0,2
differentiated,S_0030789,1,1,1,0,0,1,0.0,0.0,1.0,1,-0.0,False,False,False,False,False,0,0,1,0,1,0,0,0,1,0,1
differentiated,S_0030790,1,1,1,0,0,1,0.0,0.0,1.0,1,-0.0,False,False,False,False,False,0,0,1,0,1,0,0,0,1,0,1
differentiated,S_0030791,1,1,1,0,0,1,0.0,0.0,1.0,1,-0.0,False,False,False,False,False,0,0,1,0,1,0,0,0,1,0,1
differentiated,S_0030797,1,1,1,0,1,0,0.0,1.0,0.0,1,-0.0,False,False,False,False,False,0,0,0,1,1,1,0,0,0,0,1
differentiated,S_0030798,1,1,1,0,1,0,0.0,1.0,0.0,1,-0.0,False,False,False,False,False,0,1,0,0,1,0,0,0,1,0,1
differentiated,S_0030799,1,1,1,0,1,0,0.0,1.0,0.0,1,-0.0,False,False,False,False,False,0,1,0,0,1,0,0,0,1,0,1
differentiated,S_0030802,1,1,1,0,1,0,0.0,1.0,0.0,1,-0.0,False,False,False,False,False,0,0,0,1,1,1,0,0,0,0,1
differentiated,S_0030805,2,2,1,0,2,0,0.0,1.0,0.0,1,-0.0,False,True,False,False,False,0,0,2,0,1,2,0,0,0,0,1
differentiated,S_0030806,2,2,1,0,2,0,0.0,1.0,0.0,1,-0.0,False,True,False,False,False,0,0,2,0,1,2,0,0,0,0,1
differentiated,S_0030808,1,1,1,0,1,0,0.0,1.0,0.0,1,-0.0,False,False,False,False,False,0,1,0,0,1,0,0,0,1,0,1
differentiated,S_0030810,2,2,2,0,1,1,0.0,0.5,0.5,2,0.6309297535714574,False,True,False,False,False,0,0,1,1,2,1,0,0,1,0,2
differentiated,S_0030815,2,2,1,0,2,0,0.0,1.0,0.0,1,-0.0,False,True,False,False,False,0,0,2,0,1,2,0,0,0,0,1
differentiated,S_0030819,1,1,1,0,1,0,0.0,1.0,0.0,1,-0.0,False,False,False,False,False,0,1,0,0,1,0,0,0,1,0,1
differentiated,S_0030821,1,1,1,0,1,0,0.0,1.0,0.0,1,-0.0,False,False,False,False,False,0,1,0,0,1,0,0,0,1,0,1
differentiated,S_0030828,2,2,1,0,2,0,0.0,1.0,0.0,1,-0.0,False,True,False,False,False,0,0,2,0,1,2,0,0,0,0,1
differentiated,S_0030830,2,2,1,0,2,0,0.0,1.0,0.0,1,-0.0,False,True,False,False,False,0,0,2,0,1,2,0,0,0,0,1
differentiated,S_0030833,2,2,1,0,2,0,0.0,1.0,0.0,1,-0.0,False,True,False,False,False,0,0,2,0,1,2,0,0,0,0,1
differentiated,S_0030834,2,2,1,0,2,0,0.0,1.0,0.0,1,-0.0,False,True,False,False,False,0,0,2,0,1,2,0,0,0,0,1
differentiated,S_0030835,2,2,1,0,2,0,0.0,1.0,0.0,1,-0.0,False,True,False,False,False,0,0,2,0,1,2,0,0,0,0,1
differentiated,S_0030836,2,2,1,0,2,0,0.0,1.0,0.0,1,-0.0,False,True,False,False,False,0,0,2,0,1,2,0,0,0,0,1
differentiated,S_0030838,1,1,1,0,1,0,0.0,1.0,0.0,1,-0.0,False,False,False,False,False,0,1,0,0,1,0,0,0,1,0,1
differentiated,S_0030843,2,2,1,1,1,0,0.5,0.5,0.0,2,0.6309297535714574,False,True,False,False,False,0,0,0,2,1,0,1,1,0,0,2
differentiated,S_0030855,2,2,1,0,2,0,0.0,1.0,0.0,1,-0.0,False,True,False,False,False,0,0,2,0,1,2,0,0,0,0,1
differentiated,S_0030859,1,1,1,0,1,0,0.0,1.0,0.0,1,-0.0,False,False,False,False,False,0,0,0,1,1,0,0,1,0,0,1
differentiated,S_0030861,1,1,1,0,1,0,0.0,1.0,0.0,1,-0.0,False,False,False,False,False,0,0,0,1,1,0,0,1,0,0,1
differentiated,S_0030864,2,2,1,0,2,0,0.0,1.0,0.0,1,-0.0,False,True,False,False,False,0,0,2,0,1,2,0,0,0,0,1
differentiated,S_0030868,1,1,1,0,1,0,0.0,1.0,0.0,1,-0.0,False,False,False,False,False,0,0,1,0,1,1,0,0,0,0,1
differentiated,S_0030882,1,1,1,0,1,0,0.0,1.0,0.0,1,-0.0,False,False,False,False,False,0,0,1,0,1,1,0,0,0,0,1
differentiated,S_0030884,4,3,3,0,3,0,0.0,1.0,0.0,1,-0.0,False,True,True,False,False,0,0,1,2,2,0,2,0,1,0,2
differentiated,S_0030888,1,1,1,0,1,0,0.0,1.0,0.0,1,-0.0,False,False,False,False,False,0,0,1,0,1,1,0,0,0,0,1
differentiated,S_0030889,1,1,1,0,1,0,0.0,1.0,0.0,1,-0.0,False,False,False,False,False,0,0,1,0,1,1,0,0,0,0,1
differentiated,S_0030890,1,1,1,0,1,0,0.0,1.0,0.0,1,-0.0,False,False,False,False,False,0,0,1,0,1,1,0,0,0,0,1
differentiated,S_0030893,1,1,1,0,1,0,0.0,1.0,0.0,1,-0.0,False,False,False,False,False,0,0,1,0,1,1,0,0,0,0,1
differentiated,S_0030894,1,1,1,0,1,0,0.0,1.0,0.0,1,-0.0,False,False,False,False,False,0,0,1,0,1,1,0,0,0,0,1
differentiated,S_0030902,1,1,1,0,1,0,0.0,1.0,0.0,1,-0.0,False,False,False,False,False,0,0,1,0,1,1,0,0,0,0,1
differentiated,S_0030906,1,1,1,0,1,0,0.0,1.0,0.0,1,-0.0,False,False,False,False,False,0,0,1,0,1,1,0,0,0,0,1
differentiated,S_0030913,1,1,1,1,0,0,1.0,0.0,0.0,1,-0.0,False,False,False,False,False,0,0,0,1,1,0,0,1,0,0,1
differentiated,S_0030915,1,1,1,1,0,0,1.0,0.0,0.0,1,-0.0,False,False,False,False,False,0,0,0,1,1,0,0,1,0,0,1
differentiated,S_0030918,2,2,2,1,1,0,0.5,0.5,0.0,2,0.6309297535714574,False,True,False,False,False,0,0,1,1,2,0,0,1,1,0,2
differentiated,S_0030919,1,1,1,0,1,0,0.0,1.0,0.0,1,-0.0,False,False,False,False,False,0,0,1,0,1,1,0,0,0,0,1
differentiated,S_0030920,1,1,1,0,1,0,0.0,1.0,0.0,1,-0.0,False,False,False,False,False,0,0,1,0,1,1,0,0,0,0,1
differentiated,S_0030922,1,1,1,0,1,0,0.0,1.0,0.0,1,-0.0,False,False,False,False,False,0,0,1,0,1,1,0,0,0,0,1
differentiated,S_0030928,2,1,2,0,1,0,0.0,1.0,0.0,1,-0.0,False,False,False,False,False,0,0,0,1,1,0,0,0,1,0,1
differentiated,S_0030931,1,1,1,0,0,1,0.0,0.0,1.0,1,-0.0,False,False,False,False,False,0,1,0,0,1,0,0,0,1,0,1
differentiated,S_0030937,2,2,2,0,1,1,0.0,0.5,0.5,2,0.6309297535714574,False,True,False,False,False,0,0,2,0,1,1,1,0,0,0,2
differentiated,S_0030940,1,1,1,0,0,1,0.0,0.0,1.0,1,-0.0,False,False,False,False,False,0,0,1,0,1,1,0,0,0,0,1
differentiated,S_0030953,5,5,2,1,4,0,0.2,0.8,0.0,2,0.4554859150035952,True,True,True,True,False,0,0,2,3,2,1,0,1,2,1,4
differentiated,S_0030967,3,3,3,0,2,1,0.0,0.6666666666666666,0.3333333333333333,2,0.5793801642856949,False,True,True,False,False,0,0,1,2,2,1,0,0,2,0,2
differentiated,S_0030970,2,2,1,1,1,0,0.5,0.5,0.0,2,0.6309297535714574,False,True,False,False,False,0,0,0,2,1,1,0,0,1,0,2
differentiated,S_0030971,1,1,1,0,1,0,0.0,1.0,0.0,1,-0.0,False,False,False,False,False,0,0,0,1,1,0,0,0,1,0,1
differentiated,S_0030976,2,1,2,0,1,0,0.0,1.0,0.0,1,-0.0,False,False,False,False,False,0,0,0,1,1,0,0,0,1,0,1
differentiated,S_0030977,2,1,2,0,1,0,0.0,1.0,0.0,1,-0.0,False,False,False,False,False,0,0,0,1,1,0,0,0,1,0,1
differentiated,S_0030981,2,1,2,0,1,0,0.0,1.0,0.0,1,-0.0,False,False,False,False,False,0,0,0,1,1,0,0,0,1,0,1
differentiated,S_0030987,1,1,1,0,1,0,0.0,1.0,0.0,1,-0.0,False,False,False,False,False,0,0,1,0,1,1,0,0,0,0,1
differentiated,S_0030989,1,1,1,0,1,0,0.0,1.0,0.0,1,-0.0,False,False,False,False,False,0,0,1,0,1,1,0,0,0,0,1
differentiated,S_0030998,1,1,1,1,0,0,1.0,0.0,0.0,1,-0.0,False,False,False,False,False,0,0,0,1,1,0,1,0,0,0,1
differentiated,S_0031005,1,1,1,1,0,0,1.0,0.0,0.0,1,-0.0,False,False,False,False,False,0,0,0,1,1,0,1,0,0,0,1
differentiated,S_0031009,1,1,1,0,0,1,0.0,0.0,1.0,1,-0.0,False,False,False,False,False,0,1,0,0,1,0,0,0,1,0,1
differentiated,S_0031016,2,1,2,1,0,0,1.0,0.0,0.0,1,-0.0,False,False,False,False,False,0,0,0,1,1,0,1,0,0,0,1
differentiated,S_0031023,1,1,1,0,0,1,0.0,0.0,1.0,1,-0.0,False,False,False,False,False,0,1,0,0,1,0,0,0,1,0,1
differentiated,S_0031045,6,6,3,1,2,3,0.16666666666666666,0.3333333333333333,0.5,3,0.920619835714305,True,True,True,True,False,0,0,4,2,2,1,0,1,2,2,4
differentiated,S_0031046,1,1,1,0,1,0,0.0,1.0,0.0,1,-0.0,False,False,False,False,False,0,0,1,0,1,0,0,1,0,0,1
differentiated,S_0031047,1,1,1,0,1,0,0.0,1.0,0.0,1,-0.0,False,False,False,False,False,0,0,1,0,1,0,0,1,0,0,1
differentiated,S_0031087,1,1,1,0,0,1,0.0,0.0,1.0,1,-0.0,False,False,False,False,False,0,0,1,0,1,0,0,0,0,1,1
differentiated,S_0031095,1,1,1,0,0,1,0.0,0.0,1.0,1,-0.0,False,False,False,False,False,0,0,1,0,1,0,0,0,0,1,1
differentiated,S_0031104,1,1,1,0,0,1,0.0,0.0,1.0,1,-0.0,False,False,False,False,False,0,0,1,0,1,0,0,0,0,1,1
differentiated,S_0031107,1,1,1,0,0,1,0.0,0.0,1.0,1,-0.0,False,False,False,False,False,0,0,1,0,1,0,0,0,0,1,1
differentiated,S_0031110,1,1,1,0,0,1,0.0,0.0,1.0,1,-0.0,False,False,False,False,False,0,0,1,0,1,0,0,0,0,1,1
differentiated,S_0031126,2,2,2,0,1,1,0.0,0.5,0.5,2,0.6309297535714574,False,True,False,False,False,0,0,2,0,1,1,0,0,0,1,2
differentiated,S_0031154,7,7,2,2,4,1,0.2857142857142857,0.5714285714285714,0.14285714285714285,3,0.8699155297736259,True,True,True,True,False,0,0,0,7,1,4,2,0,1,0,3
differentiated,S_0031155,1,1,1,0,0,1,0.0,0.0,1.0,1,-0.0,False,False,False,False,False,0,0,0,1,1,1,0,0,0,0,1
differentiated,S_0031170,1,1,1,0,1,0,0.0,1.0,0.0,1,-0.0,False,False,False,False,False,0,0,1,0,1,1,0,0,0,0,1
differentiated,S_0031172,1,1,1,0,1,0,0.0,1.0,0.0,1,-0.0,False,False,False,False,False,0,0,1,0,1,1,0,0,0,0,1
differentiated,S_0031173,1,1,1,0,1,0,0.0,1.0,0.0,1,-0.0,False,False,False,False,False,0,0,1,0,1,1,0,0,0,0,1
differentiated,S_0031174,2,1,2,1,0,0,1.0,0.0,0.0,1,-0.0,False,False,False,False,False,0,0,0,1,1,0,0,0,1,0,1
differentiated,S_0031177,2,2,1,2,0,0,1.0,0.0,0.0,1,-0.0,False,True,False,False,False,0,0,0,2,1,2,0,0,0,0,1
differentiated,S_0031179,1,1,1,0,1,0,0.0,1.0,0.0,1,-0.0,False,False,False,False,False,0,0,1,0,1,1,0,0,0,0,1
differentiated,S_0031180,1,1,1,0,1,0,0.0,1.0,0.0,1,-0.0,False,False,False,False,False,0,0,0,1,1,0,0,1,0,0,1
differentiated,S_0031189,1,1,1,0,1,0,0.0,1.0,0.0,1,-0.0,False,False,False,False,False,0,0,1,0,1,0,0,0,1,0,1
differentiated,S_0031198,1,1,1,0,1,0,0.0,1.0,0.0,1,-0.0,False,False,False,False,False,0,0,1,0,1,1,0,0,0,0,1
differentiated,S_0031199,2,2,1,0,2,0,0.0,1.0,0.0,1,-0.0,False,True,False,False,False,0,0,2,0,1,1,0,0,1,0,2
differentiated,S_0031201,3,2,3,0,2,0,0.0,1.0,0.0,1,-0.0,False,True,False,False,False,0,0,1,1,2,0,0,0,2,0,1
differentiated,S_0031202,2,2,2,0,2,0,0.0,1.0,0.0,1,-0.0,False,True,False,False,False,1,0,0,1,2,0,1,0,1,0,2
differentiated,S_0031203,1,1,1,0,1,0,0.0,1.0,0.0,1,-0.0,False,False,False,False,False,0,0,1,0,1,1,0,0,0,0,1
differentiated,S_0031205,1,1,1,0,1,0,0.0,1.0,0.0,1,-0.0,False,False,False,False,False,0,0,1,0,1,1,0,0,0,0,1
differentiated,S_0031207,1,1,1,0,1,0,0.0,1.0,0.0,1,-0.0,False,False,False,False,False,0,0,1,0,1,1,0,0,0,0,1
differentiated,S_0031209,1,1,1,0,1,0,0.0,1.0,0.0,1,-0.0,False,False,False,False,False,0,0,1,0,1,1,0,0,0,0,1
differentiated,S_0031210,1,1,1,0,1,0,0.0,1.0,0.0,1,-0.0,False,False,False,False,False,0,0,1,0,1,1,0,0,0,0,1
differentiated,S_0031213,1,1,1,0,1,0,0.0,1.0,0.0,1,-0.0,False,False,False,False,False,0,0,1,0,1,1,0,0,0,0,1
differentiated,S_0031217,1,1,1,0,1,0,0.0,1.0,0.0,1,-0.0,False,False,False,False,False,0,0,1,0,1,1,0,0,0,0,1
differentiated,S_0031221,1,1,1,0,1,0,0.0,1.0,0.0,1,-0.0,False,False,False,False,False,0,0,1,0,1,1,0,0,0,0,1
differentiated,S_0031222,1,1,1,0,1,0,0.0,1.0,0.0,1,-0.0,False,False,False,False,False,0,0,1,0,1,1,0,0,0,0,1
differentiated,S_0031223,1,1,1,0,1,0,0.0,1.0,0.0,1,-0.0,False,False,False,False,False,0,0,1,0,1,1,0,0,0,0,1
differentiated,S_0031224,1,1,1,0,1,0,0.0,1.0,0.0,1,-0.0,False,False,False,False,False,0,0,1,0,1,1,0,0,0,0,1
differentiated,S_0031225,3,3,2,1,2,0,0.3333333333333333,0.6666666666666666,0.0,2,0.5793801642856949,False,True,True,False,False,0,0,0,3,1,1,1,1,0,0,3
differentiated,S_0031226,1,1,1,0,1,0,0.0,1.0,0.0,1,-0.0,False,False,False,False,False,0,0,1,0,1,0,0,0,0,1,1
differentiated,S_0031227,1,1,1,0,1,0,0.0,1.0,0.0,1,-0.0,False,False,False,False,False,0,0,1,0,1,0,0,0,0,1,1
differentiated,S_0031230,1,1,1,0,1,0,0.0,1.0,0.0,1,-0.0,False,False,False,False,False,0,0,1,0,1,0,0,0,0,1,1
differentiated,S_0031231,1,1,1,0,1,0,0.0,1.0,0.0,1,-0.0,False,False,False,False,False,0,0,1,0,1,0,0,0,0,1,1
differentiated,S_0031232,1,1,1,0,1,0,0.0,1.0,0.0,1,-0.0,False,False,False,False,False,0,0,1,0,1,0,0,0,0,1,1
differentiated,S_0031234,1,1,1,0,1,0,0.0,1.0,0.0,1,-0.0,False,False,False,False,False,0,0,1,0,1,0,0,0,0,1,1
differentiated,S_0031235,1,1,1,0,1,0,0.0,1.0,0.0,1,-0.0,False,False,False,False,False,0,0,1,0,1,1,0,0,0,0,1
differentiated,S_0031237,1,1,1,0,1,0,0.0,1.0,0.0,1,-0.0,False,False,False,False,False,0,0,1,0,1,0,0,0,0,1,1
differentiated,S_0031240,1,1,1,0,1,0,0.0,1.0,0.0,1,-0.0,False,False,False,False,False,0,0,1,0,1,1,0,0,0,0,1
differentiated,S_0031242,1,1,1,0,1,0,0.0,1.0,0.0,1,-0.0,False,False,False,False,False,0,0,1,0,1,1,0,0,0,0,1
differentiated,S_0031243,1,1,1,0,1,0,0.0,1.0,0.0,1,-0.0,False,False,False,False,False,0,0,1,0,1,1,0,0,0,0,1
differentiated,S_0031245,2,1,2,0,1,0,0.0,1.0,0.0,1,-0.0,False,False,False,False,False,0,0,1,0,1,0,0,0,0,1,1
differentiated,S_0031251,1,1,1,0,1,0,0.0,1.0,0.0,1,-0.0,False,False,False,False,False,0,0,1,0,1,1,0,0,0,0,1
differentiated,S_0031253,1,1,1,0,1,0,0.0,1.0,0.0,1,-0.0,False,False,False,False,False,0,0,1,0,1,1,0,0,0,0,1
differentiated,S_0031256,1,1,1,0,1,0,0.0,1.0,0.0,1,-0.0,False,False,False,False,False,0,0,1,0,1,1,0,0,0,0,1
differentiated,S_0031258,1,1,1,0,1,0,0.0,1.0,0.0,1,-0.0,False,False,False,False,False,0,0,1,0,1,1,0,0,0,0,1
differentiated,S_0031259,1,1,1,0,1,0,0.0,1.0,0.0,1,-0.0,False,False,False,False,False,0,0,1,0,1,1,0,0,0,0,1
differentiated,S_0031263,1,1,1,0,1,0,0.0,1.0,0.0,1,-0.0,False,False,False,False,False,0,0,1,0,1,1,0,0,0,0,1
differentiated,S_0031265,2,2,2,0,2,0,0.0,1.0,0.0,1,-0.0,False,True,False,False,False,0,0,2,0,1,1,0,1,0,0,2
differentiated,S_0031270,1,1,1,0,1,0,0.0,1.0,0.0,1,-0.0,False,False,False,False,False,0,0,1,0,1,1,0,0,0,0,1
differentiated,S_0031271,1,1,1,0,1,0,0.0,1.0,0.0,1,-0.0,False,False,False,False,False,0,0,1,0,1,1,0,0,0,0,1
differentiated,S_0031272,2,2,2,0,2,0,0.0,1.0,0.0,1,-0.0,False,True,False,False,False,0,0,2,0,1,1,0,1,0,0,2
differentiated,S_0031273,2,2,2,0,2,0,0.0,1.0,0.0,1,-0.0,False,True,False,False,False,0,0,2,0,1,1,0,1,0,0,2
differentiated,S_0031285,2,2,2,0,2,0,0.0,1.0,0.0,1,-0.0,False,True,False,False,False,0,0,2,0,1,1,0,0,0,1,2
differentiated,S_0031286,1,1,1,0,1,0,0.0,1.0,0.0,1,-0.0,False,False,False,False,False,0,0,1,0,1,0,0,1,0,0,1
differentiated,S_0031288,1,1,1,0,1,0,0.0,1.0,0.0,1,-0.0,False,False,False,False,False,0,0,1,0,1,1,0,0,0,0,1
differentiated,S_0031292,2,2,2,0,2,0,0.0,1.0,0.0,1,-0.0,False,True,False,False,False,0,0,2,0,1,1,0,0,0,1,2
differentiated,S_0031296,4,4,3,0,4,0,0.0,1.0,0.0,1,-0.0,False,True,True,False,False,0,0,0,4,1,2,0,1,1,0,3
differentiated,S_0031299,1,1,1,0,1,0,0.0,1.0,0.0,1,-0.0,False,False,False,False,False,0,0,1,0,1,1,0,0,0,0,1
differentiated,S_0031300,1,1,1,0,1,0,0.0,1.0,0.0,1,-0.0,False,False,False,False,False,0,0,1,0,1,1,0,0,0,0,1
differentiated,S_0031302,1,1,1,0,1,0,0.0,1.0,0.0,1,-0.0,False,False,False,False,False,0,0,1,0,1,1,0,0,0,0,1
differentiated,S_0031303,1,1,1,0,1,0,0.0,1.0,0.0,1,-0.0,False,False,False,False,False,0,0,1,0,1,1,0,0,0,0,1
differentiated,S_0031308,1,1,1,0,0,1,0.0,0.0,1.0,1,-0.0,False,False,False,False,False,0,0,1,0,1,0,0,1,0,0,1
differentiated,S_0031312,2,2,1,0,2,0,0.0,1.0,0.0,1,-0.0,False,True,False,False,False,0,0,2,0,1,1,0,0,1,0,2
differentiated,S_0031321,2,2,1,0,2,0,0.0,1.0,0.0,1,-0.0,False,True,False,False,False,0,0,2,0,1,1,0,0,1,0,2
differentiated,S_0031324,3,3,1,0,3,0,0.0,1.0,0.0,1,-0.0,False,True,True,False,False,0,0,3,0,1,1,0,0,1,1,3
differentiated,S_0031331,3,3,1,0,3,0,0.0,1.0,0.0,1,-0.0,False,True,True,False,False,0,0,3,0,1,1,0,0,1,1,3
differentiated,S_0031345,1,1,1,0,1,0,0.0,1.0,0.0,1,-0.0,False,False,False,False,False,0,0,1,0,1,0,0,0,0,1,1
differentiated,S_0031346,1,1,1,0,1,0,0.0,1.0,0.0,1,-0.0,False,False,False,False,False,0,0,1,0,1,0,0,0,0,1,1
differentiated,S_0031356,1,1,1,0,1,0,0.0,1.0,0.0,1,-0.0,False,False,False,False,False,0,0,1,0,1,1,0,0,0,0,1
differentiated,S_0031358,1,1,1,1,0,0,1.0,0.0,0.0,1,-0.0,False,False,False,False,False,0,0,1,0,1,0,0,0,0,1,1
differentiated,S_0031359,1,1,1,0,1,0,0.0,1.0,0.0,1,-0.0,False,False,False,False,False,0,0,1,0,1,0,0,0,0,1,1
differentiated,S_0031360,1,1,1,0,1,0,0.0,1.0,0.0,1,-0.0,False,False,False,False,False,0,0,1,0,1,0,0,0,0,1,1
differentiated,S_0031362,1,1,1,1,0,0,1.0,0.0,0.0,1,-0.0,False,False,False,False,False,0,0,0,1,1,0,1,0,0,0,1
differentiated,S_0031366,2,2,1,0,2,0,0.0,1.0,0.0,1,-0.0,False,True,False,False,False,0,0,2,0,1,1,1,0,0,0,2
differentiated,S_0031371,2,2,1,0,2,0,0.0,1.0,0.0,1,-0.0,False,True,False,False,False,0,0,2,0,1,1,1,0,0,0,2
differentiated,S_0031372,3,3,1,0,3,0,0.0,1.0,0.0,1,-0.0,False,True,True,False,False,0,0,3,0,1,1,1,0,0,1,3
differentiated,S_0031374,1,1,1,0,1,0,0.0,1.0,0.0,1,-0.0,False,False,False,False,False,0,1,0,0,1,0,0,0,0,1,1
differentiated,S_0031375,1,1,1,0,1,0,0.0,1.0,0.0,1,-0.0,False,False,False,False,False,0,1,0,0,1,0,0,0,0,1,1
differentiated,S_0031376,2,2,2,0,2,0,0.0,1.0,0.0,1,-0.0,False,True,False,False,False,0,1,1,0,2,0,0,0,1,1,2
differentiated,S_0031379,2,2,2,2,0,0,1.0,0.0,0.0,1,-0.0,False,True,False,False,False,0,0,0,2,1,2,0,0,0,0,1
differentiated,S_0031395,3,3,1,0,2,1,0.0,0.6666666666666666,0.3333333333333333,2,0.5793801642856949,False,True,True,False,False,0,0,3,0,1,1,1,0,1,0,3
differentiated,S_0031396,2,2,2,2,0,0,1.0,0.0,0.0,1,-0.0,False,True,False,False,False,0,0,0,2,1,2,0,0,0,0,1
differentiated,S_0031398,3,3,1,0,2,1,0.0,0.6666666666666666,0.3333333333333333,2,0.5793801642856949,False,True,True,False,False,0,0,3,0,1,1,1,0,1,0,3
differentiated,S_0031399,1,1,1,0,1,0,0.0,1.0,0.0,1,-0.0,False,False,False,False,False,0,0,1,0,1,0,0,0,0,1,1
differentiated,S_0031406,1,1,1,0,1,0,0.0,1.0,0.0,1,-0.0,False,False,False,False,False,0,0,1,0,1,1,0,0,0,0,1
differentiated,S_0031407,2,2,2,0,2,0,0.0,1.0,0.0,1,-0.0,False,True,False,False,False,0,0,2,0,1,1,0,0,0,1,2
differentiated,S_0031409,1,1,1,0,0,1,0.0,0.0,1.0,1,-0.0,False,False,False,False,False,0,0,1,0,1,1,0,0,0,0,1
differentiated,S_0031410,1,1,1,0,0,1,0.0,0.0,1.0,1,-0.0,False,False,False,False,False,0,0,1,0,1,1,0,0,0,0,1
differentiated,S_0031420,1,1,1,0,1,0,0.0,1.0,0.0,1,-0.0,False,False,False,False,False,0,0,1,0,1,0,1,0,0,0,1
differentiated,S_0031429,1,1,1,0,0,1,0.0,0.0,1.0,1,-0.0,False,False,False,False,False,0,0,1,0,1,0,0,0,0,1,1
differentiated,S_0031448,1,1,1,0,0,1,0.0,0.0,1.0,1,-0.0,False,False,False,False,False,0,0,1,0,1,0,0,0,0,1,1
differentiated,S_0031475,2,2,1,0,0,2,0.0,0.0,1.0,1,-0.0,False,True,False,False,False,0,0,2,0,1,1,1,0,0,0,2
differentiated,S_0031478,1,1,1,1,0,0,1.0,0.0,0.0,1,-0.0,False,False,False,False,False,0,0,0,1,1,0,0,0,1,0,1
differentiated,S_0031483,5,5,2,1,4,0,0.2,0.8,0.0,2,0.4554859150035952,True,True,True,True,False,0,0,2,3,2,1,0,1,2,1,4
differentiated,S_0031531,1,1,1,0,1,0,0.0,1.0,0.0,1,-0.0,False,False,False,False,False,0,0,1,0,1,0,0,0,1,0,1
differentiated,S_0031535,1,1,1,0,0,1,0.0,0.0,1.0,1,-0.0,False,False,False,False,False,0,0,1,0,1,0,0,0,0,1,1
differentiated,S_0031579,1,1,1,0,1,0,0.0,1.0,0.0,1,-0.0,False,False,False,False,False,0,0,0,1,1,1,0,0,0,0,1
differentiated,S_0031653,1,1,1,1,0,0,1.0,0.0,0.0,1,-0.0,False,False,False,False,False,0,0,1,0,1,1,0,0,0,0,1
differentiated,S_0031664,1,1,1,0,1,0,0.0,1.0,0.0,1,-0.0,False,False,False,False,False,0,0,0,1,1,0,0,0,1,0,1
differentiated,S_0031665,2,2,2,1,1,0,0.5,0.5,0.0,2,0.6309297535714574,False,True,False,False,False,0,0,0,2,1,0,0,0,2,0,1
differentiated,S_0031667,2,2,2,1,1,0,0.5,0.5,0.0,2,0.6309297535714574,False,True,False,False,False,0,0,0,2,1,0,0,0,2,0,1
differentiated,S_0031669,2,2,2,1,1,0,0.5,0.5,0.0,2,0.6309297535714574,False,True,False,False,False,0,0,0,2,1,0,0,0,2,0,1
differentiated,S_0031670,2,2,2,1,1,0,0.5,0.5,0.0,2,0.6309297535714574,False,True,False,False,False,0,0,0,2,1,0,0,0,2,0,1
differentiated,S_0031671,4,2,4,1,1,0,0.5,0.5,0.0,2,0.6309297535714574,False,True,False,False,False,0,0,0,2,1,0,0,0,2,0,1
differentiated,S_0031673,2,2,2,1,1,0,0.5,0.5,0.0,2,0.6309297535714574,False,True,False,False,False,0,0,0,2,1,0,0,0,2,0,1
differentiated,S_0031674,3,2,3,1,1,0,0.5,0.5,0.0,2,0.6309297535714574,False,True,False,False,False,0,0,0,2,1,0,0,0,2,0,1
differentiated,S_0031676,1,1,1,0,1,0,0.0,1.0,0.0,1,-0.0,False,False,False,False,False,0,0,0,1,1,0,0,0,1,0,1
differentiated,S_0031693,1,1,1,0,0,1,0.0,0.0,1.0,1,-0.0,False,False,False,False,False,0,0,1,0,1,0,0,0,0,1,1
differentiated,S_0031694,2,2,1,0,2,0,0.0,1.0,0.0,1,-0.0,False,True,False,False,False,0,0,2,0,1,0,1,0,0,1,2
differentiated,S_0031695,2,2,1,0,2,0,0.0,1.0,0.0,1,-0.0,False,True,False,False,False,0,0,2,0,1,0,1,0,0,1,2
differentiated,S_0031696,4,4,3,2,2,0,0.5,0.5,0.0,2,0.6309297535714574,False,True,True,False,False,0,0,3,1,2,2,0,0,1,1,3
differentiated,S_0031697,3,3,2,1,2,0,0.3333333333333333,0.6666666666666666,0.0,2,0.5793801642856949,False,True,True,False,False,0,0,3,0,1,2,0,0,0,1,2
differentiated,S_0031699,1,1,1,0,0,1,0.0,0.0,1.0,1,-0.0,False,False,False,False,False,0,0,1,0,1,0,0,0,0,1,1
differentiated,S_0031700,1,1,1,0,0,1,0.0,0.0,1.0,1,-0.0,False,False,False,False,False,0,0,1,0,1,0,0,0,0,1,1
differentiated,S_0031703,2,2,2,0,2,0,0.0,1.0,0.0,1,-0.0,False,True,False,False,False,0,1,1,0,2,0,0,0,2,0,1
differentiated,S_0031878,1,1,1,0,1,0,0.0,1.0,0.0,1,-0.0,False,False,False,False,False,0,0,1,0,1,0,0,0,0,1,1
differentiated,S_0031879,1,1,1,0,0,1,0.0,0.0,1.0,1,-0.0,False,False,False,False,False,0,0,1,0,1,1,0,0,0,0,1
differentiated,S_0031881,1,1,1,0,0,1,0.0,0.0,1.0,1,-0.0,False,False,False,False,False,0,0,1,0,1,1,0,0,0,0,1
differentiated,S_0031882,1,1,1,0,1,0,0.0,1.0,0.0,1,-0.0,False,False,False,False,False,0,1,0,0,1,1,0,0,0,0,1
differentiated,S_0031884,1,1,1,0,1,0,0.0,1.0,0.0,1,-0.0,False,False,False,False,False,0,1,0,0,1,1,0,0,0,0,1
differentiated,S_0031886,1,1,1,0,1,0,0.0,1.0,0.0,1,-0.0,False,False,False,False,False,0,0,1,0,1,0,1,0,0,0,1
differentiated,S_0031891,1,1,1,0,1,0,0.0,1.0,0.0,1,-0.0,False,False,False,False,False,0,0,1,0,1,0,1,0,0,0,1
differentiated,S_0031892,3,3,2,2,1,0,0.6666666666666666,0.3333333333333333,0.0,2,0.5793801642856949,False,True,True,False,False,0,0,1,2,2,2,1,0,0,0,2
differentiated,S_0031893,4,2,2,2,0,0,1.0,0.0,0.0,1,-0.0,False,True,False,False,False,0,0,0,2,1,2,0,0,0,0,1
differentiated,S_0031900,1,1,1,0,1,0,0.0,1.0,0.0,1,-0.0,False,False,False,False,False,0,0,1,0,1,1,0,0,0,0,1
differentiated,S_0031902,1,1,1,0,0,1,0.0,0.0,1.0,1,-0.0,False,False,False,False,False,0,0,1,0,1,0,1,0,0,0,1
differentiated,S_0031982,1,1,1,1,0,0,1.0,0.0,0.0,1,-0.0,False,False,False,False,False,0,0,0,1,1,0,0,0,1,0,1
differentiated,S_0031983,1,1,1,1,0,0,1.0,0.0,0.0,1,-0.0,False,False,False,False,False,0,0,0,1,1,0,0,0,1,0,1
differentiated,S_0032057,1,1,1,0,0,1,0.0,0.0,1.0,1,-0.0,False,False,False,False,False,0,0,1,0,1,0,1,0,0,0,1
differentiated,S_0032059,1,1,1,0,0,1,0.0,0.0,1.0,1,-0.0,False,False,False,False,False,0,0,1,0,1,0,1,0,0,0,1
differentiated,S_0032060,1,1,1,0,0,1,0.0,0.0,1.0,1,-0.0,False,False,False,False,False,0,0,1,0,1,0,1,0,0,0,1
differentiated,S_0032061,1,1,1,0,0,1,0.0,0.0,1.0,1,-0.0,False,False,False,False,False,0,0,1,0,1,0,1,0,0,0,1
differentiated,S_0032103,1,1,1,0,1,0,0.0,1.0,0.0,1,-0.0,False,False,False,False,False,0,0,1,0,1,1,0,0,0,0,1
differentiated,S_0032104,1,1,1,0,1,0,0.0,1.0,0.0,1,-0.0,False,False,False,False,False,0,0,1,0,1,1,0,0,0,0,1
differentiated,S_0032145,2,2,1,0,1,1,0.0,0.5,0.5,2,0.6309297535714574,False,True,False,False,False,0,0,2,0,1,1,0,1,0,0,2
differentiated,S_0032146,2,2,1,0,1,1,0.0,0.5,0.5,2,0.6309297535714574,False,True,False,False,False,0,0,2,0,1,1,0,1,0,0,2
differentiated,S_0032222,2,2,1,0,2,0,0.0,1.0,0.0,1,-0.0,False,True,False,False,False,0,0,2,0,1,2,0,0,0,0,1
differentiated,S_0032257,5,5,2,0,4,1,0.0,0.8,0.2,2,0.4554859150035952,True,True,True,True,False,0,0,5,0,1,3,0,0,0,2,2
differentiated,S_0032258,4,4,2,0,4,0,0.0,1.0,0.0,1,-0.0,False,True,True,False,False,0,0,4,0,1,3,0,0,0,1,2
differentiated,S_0032259,1,1,1,0,0,1,0.0,0.0,1.0,1,-0.0,False,False,False,False,False,0,0,1,0,1,0,0,0,0,1,1
differentiated,S_0032260,2,2,1,0,2,0,0.0,1.0,0.0,1,-0.0,False,True,False,False,False,0,0,2,0,1,2,0,0,0,0,1
differentiated,S_0032262,2,2,1,0,2,0,0.0,1.0,0.0,1,-0.0,False,True,False,False,False,0,0,2,0,1,2,0,0,0,0,1
differentiated,S_0032263,3,3,2,0,3,0,0.0,1.0,0.0,1,-0.0,False,True,True,False,False,0,0,3,0,1,2,0,0,1,0,2
differentiated,S_0032264,2,2,1,0,2,0,0.0,1.0,0.0,1,-0.0,False,True,False,False,False,0,0,2,0,1,2,0,0,0,0,1
differentiated,S_0032265,1,1,1,0,1,0,0.0,1.0,0.0,1,-0.0,False,False,False,False,False,0,0,1,0,1,0,0,0,1,0,1
differentiated,S_0032266,3,3,2,1,2,0,0.3333333333333333,0.6666666666666666,0.0,2,0.5793801642856949,False,True,True,False,False,0,0,3,0,1,2,0,0,0,1,2
differentiated,S_0032268,3,3,2,1,2,0,0.3333333333333333,0.6666666666666666,0.0,2,0.5793801642856949,False,True,True,False,False,0,0,3,0,1,2,0,0,0,1,2
differentiated,S_0032269,1,1,1,0,1,0,0.0,1.0,0.0,1,-0.0,False,False,False,False,False,0,0,1,0,1,1,0,0,0,0,1
differentiated,S_0032270,3,3,3,3,0,0,1.0,0.0,0.0,1,-0.0,False,True,True,False,False,0,0,1,2,2,1,0,0,1,1,3
differentiated,S_0032271,2,2,2,1,1,0,0.5,0.5,0.0,2,0.6309297535714574,False,True,False,False,False,0,0,2,0,1,1,0,0,0,1,2
differentiated,S_0032384,1,1,1,0,1,0,0.0,1.0,0.0,1,-0.0,False,False,False,False,False,0,0,0,1,1,0,0,0,0,1,1
differentiated,S_0032412,1,1,1,0,1,0,0.0,1.0,0.0,1,-0.0,False,False,False,False,False,0,0,1,0,1,1,0,0,0,0,1
differentiated,S_0032471,2,2,1,0,2,0,0.0,1.0,0.0,1,-0.0,False,True,False,False,False,0,0,0,2,1,1,0,0,0,1,2
differentiated,S_0032489,1,1,1,0,1,0,0.0,1.0,0.0,1,-0.0,False,False,False,False,False,0,0,0,1,1,0,0,0,0,1,1
differentiated,S_0032490,1,1,1,0,1,0,0.0,1.0,0.0,1,-0.0,False,False,False,False,False,0,0,0,1,1,0,0,0,0,1,1
differentiated,S_0032492,1,1,1,0,1,0,0.0,1.0,0.0,1,-0.0,False,False,False,False,False,0,0,0,1,1,0,0,0,0,1,1
differentiated,S_0032516,1,1,1,0,1,0,0.0,1.0,0.0,1,-0.0,False,False,False,False,False,0,0,1,0,1,0,0,0,1,0,1
differentiated,S_0032554,1,1,1,0,0,1,0.0,0.0,1.0,1,-0.0,False,False,False,False,False,0,0,1,0,1,0,0,0,1,0,1
differentiated,S_0032608,3,3,1,0,3,0,0.0,1.0,0.0,1,-0.0,False,True,True,False,False,0,0,3,0,1,1,1,0,0,1,3
differentiated,S_0032658,1,1,1,1,0,0,1.0,0.0,0.0,1,-0.0,False,False,False,False,False,0,0,0,1,1,1,0,0,0,0,1
differentiated,S_0032659,1,1,1,1,0,0,1.0,0.0,0.0,1,-0.0,False,False,False,False,False,0,0,0,1,1,1,0,0,0,0,1
differentiated,S_0032663,1,1,1,1,0,0,1.0,0.0,0.0,1,-0.0,False,False,False,False,False,0,0,0,1,1,1,0,0,0,0,1
differentiated,S_0032664,1,1,1,1,0,0,1.0,0.0,0.0,1,-0.0,False,False,False,False,False,0,0,0,1,1,1,0,0,0,0,1
differentiated,S_0032666,1,1,1,1,0,0,1.0,0.0,0.0,1,-0.0,False,False,False,False,False,0,0,0,1,1,1,0,0,0,0,1
differentiated,S_0032668,1,1,1,1,0,0,1.0,0.0,0.0,1,-0.0,False,False,False,False,False,0,0,0,1,1,1,0,0,0,0,1
differentiated,S_0032672,2,1,2,1,0,0,1.0,0.0,0.0,1,-0.0,False,False,False,False,False,0,0,0,1,1,1,0,0,0,0,1
differentiated,S_0032703,1,1,1,1,0,0,1.0,0.0,0.0,1,-0.0,False,False,False,False,False,0,0,0,1,1,1,0,0,0,0,1
differentiated,S_0032717,1,1,1,1,0,0,1.0,0.0,0.0,1,-0.0,False,False,False,False,False,0,0,0,1,1,1,0,0,0,0,1
differentiated,S_0032740,3,3,2,0,2,1,0.0,0.6666666666666666,0.3333333333333333,2,0.5793801642856949,False,True,True,False,False,0,1,2,0,2,1,0,0,1,1,3
differentiated,S_0032745,2,2,1,0,1,1,0.0,0.5,0.5,2,0.6309297535714574,False,True,False,False,False,0,0,2,0,1,1,0,0,0,1,2
differentiated,S_0032747,2,2,1,0,1,1,0.0,0.5,0.5,2,0.6309297535714574,False,True,False,False,False,0,0,2,0,1,1,0,0,0,1,2
differentiated,S_0032748,2,2,1,0,1,1,0.0,0.5,0.5,2,0.6309297535714574,False,True,False,False,False,0,0,2,0,1,1,0,0,0,1,2
differentiated,S_0032750,2,2,1,0,1,1,0.0,0.5,0.5,2,0.6309297535714574,False,True,False,False,False,0,0,2,0,1,1,0,0,0,1,2
differentiated,S_0032751,1,1,1,0,1,0,0.0,1.0,0.0,1,-0.0,False,False,False,False,False,0,0,0,1,1,1,0,0,0,0,1
differentiated,S_0032759,1,1,1,0,1,0,0.0,1.0,0.0,1,-0.0,False,False,False,False,False,0,0,1,0,1,0,1,0,0,0,1
differentiated,S_0032790,3,3,3,2,1,0,0.6666666666666666,0.3333333333333333,0.0,2,0.5793801642856949,False,True,True,False,False,0,0,1,2,2,2,1,0,0,0,2
differentiated,S_0032792,2,2,1,0,2,0,0.0,1.0,0.0,1,-0.0,False,True,False,False,False,0,0,2,0,1,0,1,0,1,0,2
differentiated,S_0032955,1,1,1,0,0,1,0.0,0.0,1.0,1,-0.0,False,False,False,False,False,0,0,1,0,1,0,0,0,1,0,1
differentiated,S_0032956,1,1,1,0,0,1,0.0,0.0,1.0,1,-0.0,False,False,False,False,False,0,0,1,0,1,0,0,0,1,0,1
differentiated,S_0032994,3,3,1,0,2,1,0.0,0.6666666666666666,0.3333333333333333,2,0.5793801642856949,False,True,True,False,False,0,0,3,0,1,1,1,0,1,0,3
differentiated,S_0033125,2,2,1,1,1,0,0.5,0.5,0.0,2,0.6309297535714574,False,True,False,False,False,0,0,2,0,1,0,0,0,0,2,1
differentiated,S_0033127,1,1,1,1,0,0,1.0,0.0,0.0,1,-0.0,False,False,False,False,False,0,0,1,0,1,0,0,0,0,1,1
differentiated,S_0033135,1,1,1,1,0,0,1.0,0.0,0.0,1,-0.0,False,False,False,False,False,0,0,1,0,1,0,0,0,0,1,1
differentiated,S_0033161,2,2,2,1,1,0,0.5,0.5,0.0,2,0.6309297535714574,False,True,False,False,False,0,0,0,2,1,1,0,0,1,0,2
differentiated,S_0033191,1,1,1,0,1,0,0.0,1.0,0.0,1,-0.0,False,False,False,False,False,0,0,1,0,1,0,0,0,1,0,1
differentiated,S_0033199,1,1,1,0,1,0,0.0,1.0,0.0,1,-0.0,False,False,False,False,False,0,0,1,0,1,0,0,0,1,0,1
differentiated,S_0033216,3,3,2,1,2,0,0.3333333333333333,0.6666666666666666,0.0,2,0.5793801642856949,False,True,True,False,False,0,0,3,0,1,2,0,0,0,1,2
differentiated,S_0033259,4,4,4,2,2,0,0.5,0.5,0.0,2,0.6309297535714574,False,True,True,False,False,0,0,1,3,2,3,1,0,0,0,2
differentiated,S_0033268,2,2,1,1,1,0,0.5,0.5,0.0,2,0.6309297535714574,False,True,False,False,False,0,0,2,0,1,2,0,0,0,0,1
differentiated,S_0033269,2,2,1,1,1,0,0.5,0.5,0.0,2,0.6309297535714574,False,True,False,False,False,0,0,2,0,1,2,0,0,0,0,1
differentiated,S_0033274,2,2,1,1,1,0,0.5,0.5,0.0,2,0.6309297535714574,False,True,False,False,False,0,0,2,0,1,2,0,0,0,0,1
differentiated,S_0033276,2,2,1,1,1,0,0.5,0.5,0.0,2,0.6309297535714574,False,True,False,False,False,0,0,2,0,1,2,0,0,0,0,1
differentiated,S_0033279,1,1,1,1,0,0,1.0,0.0,0.0,1,-0.0,False,False,False,False,False,0,0,1,0,1,0,0,1,0,0,1
differentiated,S_0033281,1,1,1,1,0,0,1.0,0.0,0.0,1,-0.0,False,False,False,False,False,0,0,1,0,1,0,0,1,0,0,1
differentiated,S_0033294,2,2,1,0,1,1,0.0,0.5,0.5,2,0.6309297535714574,False,True,False,False,False,0,0,2,0,1,2,0,0,0,0,1
differentiated,S_0033295,1,1,1,0,0,1,0.0,0.0,1.0,1,-0.0,False,False,False,False,False,0,0,1,0,1,1,0,0,0,0,1
differentiated,S_0033296,1,1,1,0,1,0,0.0,1.0,0.0,1,-0.0,False,False,False,False,False,0,0,1,0,1,1,0,0,0,0,1
differentiated,S_0033297,1,1,1,0,0,1,0.0,0.0,1.0,1,-0.0,False,False,False,False,False,0,0,1,0,1,1,0,0,0,0,1
differentiated,S_0033298,1,1,1,1,0,0,1.0,0.0,0.0,1,-0.0,False,False,False,False,False,0,0,0,1,1,1,0,0,0,0,1
differentiated,S_0033299,1,1,1,0,0,1,0.0,0.0,1.0,1,-0.0,False,False,False,False,False,0,0,1,0,1,1,0,0,0,0,1
differentiated,S_0033302,1,1,1,0,0,1,0.0,0.0,1.0,1,-0.0,False,False,False,False,False,0,0,1,0,1,1,0,0,0,0,1
differentiated,S_0033303,1,1,1,0,0,1,0.0,0.0,1.0,1,-0.0,False,False,False,False,False,0,0,1,0,1,1,0,0,0,0,1
differentiated,S_0033305,1,1,1,0,0,1,0.0,0.0,1.0,1,-0.0,False,False,False,False,False,0,0,1,0,1,1,0,0,0,0,1
differentiated,S_0033306,1,1,1,0,0,1,0.0,0.0,1.0,1,-0.0,False,False,False,False,False,0,0,1,0,1,1,0,0,0,0,1
differentiated,S_0033308,1,1,1,0,0,1,0.0,0.0,1.0,1,-0.0,False,False,False,False,False,0,0,1,0,1,1,0,0,0,0,1
differentiated,S_0033310,1,1,1,1,0,0,1.0,0.0,0.0,1,-0.0,False,False,False,False,False,0,0,0,1,1,1,0,0,0,0,1
differentiated,S_0033314,1,1,1,1,0,0,1.0,0.0,0.0,1,-0.0,False,False,False,False,False,0,0,0,1,1,1,0,0,0,0,1
differentiated,S_0033321,1,1,1,0,0,1,0.0,0.0,1.0,1,-0.0,False,False,False,False,False,0,0,1,0,1,1,0,0,0,0,1
differentiated,S_0033354,1,1,1,0,0,1,0.0,0.0,1.0,1,-0.0,False,False,False,False,False,0,0,1,0,1,1,0,0,0,0,1
differentiated,S_0033355,1,1,1,0,0,1,0.0,0.0,1.0,1,-0.0,False,False,False,False,False,0,0,1,0,1,1,0,0,0,0,1
differentiated,S_0033359,1,1,1,0,0,1,0.0,0.0,1.0,1,-0.0,False,False,False,False,False,0,0,1,0,1,1,0,0,0,0,1
differentiated,S_0033365,1,1,1,0,1,0,0.0,1.0,0.0,1,-0.0,False,False,False,False,False,0,0,1,0,1,1,0,0,0,0,1
differentiated,S_0033369,1,1,1,0,1,0,0.0,1.0,0.0,1,-0.0,False,False,False,False,False,0,0,1,0,1,1,0,0,0,0,1
differentiated,S_0033373,1,1,1,0,1,0,0.0,1.0,0.0,1,-0.0,False,False,False,False,False,0,0,1,0,1,0,0,0,1,0,1
differentiated,S_0033374,1,1,1,0,1,0,0.0,1.0,0.0,1,-0.0,False,False,False,False,False,0,0,1,0,1,0,0,0,1,0,1
differentiated,S_0033375,1,1,1,0,1,0,0.0,1.0,0.0,1,-0.0,False,False,False,False,False,0,0,1,0,1,0,0,0,1,0,1
differentiated,S_0033393,1,1,1,0,1,0,0.0,1.0,0.0,1,-0.0,False,False,False,False,False,0,0,1,0,1,0,0,1,0,0,1
differentiated,S_0033394,1,1,1,0,1,0,0.0,1.0,0.0,1,-0.0,False,False,False,False,False,0,0,1,0,1,0,0,1,0,0,1
differentiated,S_0033397,1,1,1,0,1,0,0.0,1.0,0.0,1,-0.0,False,False,False,False,False,0,0,1,0,1,1,0,0,0,0,1
differentiated,S_0033399,1,1,1,0,1,0,0.0,1.0,0.0,1,-0.0,False,False,False,False,False,0,0,1,0,1,1,0,0,0,0,1
differentiated,S_0033401,1,1,1,0,1,0,0.0,1.0,0.0,1,-0.0,False,False,False,False,False,0,0,1,0,1,0,0,1,0,0,1
differentiated,S_0033402,1,1,1,0,1,0,0.0,1.0,0.0,1,-0.0,False,False,False,False,False,0,0,1,0,1,0,0,1,0,0,1
differentiated,S_0033403,1,1,1,0,1,0,0.0,1.0,0.0,1,-0.0,False,False,False,False,False,0,0,1,0,1,0,0,1,0,0,1
differentiated,S_0033406,1,1,1,0,1,0,0.0,1.0,0.0,1,-0.0,False,False,False,False,False,0,0,1,0,1,0,0,1,0,0,1
differentiated,S_0033407,1,1,1,0,0,1,0.0,0.0,1.0,1,-0.0,False,False,False,False,False,0,0,1,0,1,0,0,0,1,0,1
differentiated,S_0033409,1,1,1,0,0,1,0.0,0.0,1.0,1,-0.0,False,False,False,False,False,0,0,1,0,1,0,0,0,1,0,1
differentiated,S_0033410,1,1,1,0,0,1,0.0,0.0,1.0,1,-0.0,False,False,False,False,False,0,0,1,0,1,0,0,0,1,0,1
differentiated,S_0033413,1,1,1,0,0,1,0.0,0.0,1.0,1,-0.0,False,False,False,False,False,0,0,1,0,1,0,0,0,1,0,1
differentiated,S_0033420,1,1,1,0,0,1,0.0,0.0,1.0,1,-0.0,False,False,False,False,False,0,0,1,0,1,0,0,0,1,0,1
differentiated,S_0033421,1,1,1,0,0,1,0.0,0.0,1.0,1,-0.0,False,False,False,False,False,0,0,1,0,1,0,0,0,1,0,1
differentiated,S_0033424,1,1,1,0,0,1,0.0,0.0,1.0,1,-0.0,False,False,False,False,False,0,0,1,0,1,0,0,0,1,0,1
differentiated,S_0033426,1,1,1,0,0,1,0.0,0.0,1.0,1,-0.0,False,False,False,False,False,0,0,1,0,1,0,0,0,1,0,1
differentiated,S_0033427,1,1,1,0,0,1,0.0,0.0,1.0,1,-0.0,False,False,False,False,False,0,0,1,0,1,0,0,0,1,0,1
differentiated,S_0033431,1,1,1,0,0,1,0.0,0.0,1.0,1,-0.0,False,False,False,False,False,0,0,1,0,1,0,0,0,1,0,1
differentiated,S_0033444,1,1,1,0,1,0,0.0,1.0,0.0,1,-0.0,False,False,False,False,False,0,0,1,0,1,1,0,0,0,0,1
differentiated,S_0033471,2,2,1,0,0,2,0.0,0.0,1.0,1,-0.0,False,True,False,False,False,0,0,2,0,1,1,1,0,0,0,2
differentiated,S_0033476,2,2,2,0,2,0,0.0,1.0,0.0,1,-0.0,False,True,False,False,False,0,1,1,0,2,0,0,0,2,0,1
differentiated,S_0033477,1,1,1,0,1,0,0.0,1.0,0.0,1,-0.0,False,False,False,False,False,0,0,1,0,1,0,0,0,1,0,1
differentiated,S_0033478,1,1,1,0,1,0,0.0,1.0,0.0,1,-0.0,False,False,False,False,False,0,0,1,0,1,0,0,0,1,0,1
differentiated,S_0033480,1,1,1,0,1,0,0.0,1.0,0.0,1,-0.0,False,False,False,False,False,0,0,1,0,1,0,0,0,1,0,1
differentiated,S_0033482,1,1,1,0,1,0,0.0,1.0,0.0,1,-0.0,False,False,False,False,False,0,0,1,0,1,0,0,0,1,0,1
differentiated,S_0033483,1,1,1,0,1,0,0.0,1.0,0.0,1,-0.0,False,False,False,False,False,0,0,1,0,1,0,0,0,1,0,1
differentiated,S_0033486,1,1,1,0,1,0,0.0,1.0,0.0,1,-0.0,False,False,False,False,False,0,0,1,0,1,0,0,0,1,0,1
differentiated,S_0033572,1,1,1,0,0,1,0.0,0.0,1.0,1,-0.0,False,False,False,False,False,0,0,1,0,1,0,0,0,1,0,1
differentiated,S_0033579,1,1,1,0,1,0,0.0,1.0,0.0,1,-0.0,False,False,False,False,False,0,0,1,0,1,0,0,0,1,0,1
differentiated,S_0033580,1,1,1,0,1,0,0.0,1.0,0.0,1,-0.0,False,False,False,False,False,0,0,1,0,1,0,0,0,1,0,1
differentiated,S_0033583,1,1,1,0,1,0,0.0,1.0,0.0,1,-0.0,False,False,False,False,False,0,0,1,0,1,0,0,0,1,0,1
differentiated,S_0033584,1,1,1,0,1,0,0.0,1.0,0.0,1,-0.0,False,False,False,False,False,0,0,1,0,1,0,0,0,1,0,1
differentiated,S_0033586,1,1,1,0,1,0,0.0,1.0,0.0,1,-0.0,False,False,False,False,False,0,0,1,0,1,0,0,0,1,0,1
differentiated,S_0033587,1,1,1,0,1,0,0.0,1.0,0.0,1,-0.0,False,False,False,False,False,0,0,1,0,1,0,0,0,1,0,1
differentiated,S_0033604,1,1,1,1,0,0,1.0,0.0,0.0,1,-0.0,False,False,False,False,False,0,0,0,1,1,1,0,0,0,0,1
differentiated,S_0033606,2,1,2,1,0,0,1.0,0.0,0.0,1,-0.0,False,False,False,False,False,0,0,0,1,1,1,0,0,0,0,1
differentiated,S_0033607,1,1,1,1,0,0,1.0,0.0,0.0,1,-0.0,False,False,False,False,False,0,0,0,1,1,1,0,0,0,0,1
differentiated,S_0033637,1,1,1,1,0,0,1.0,0.0,0.0,1,-0.0,False,False,False,False,False,0,0,0,1,1,1,0,0,0,0,1
differentiated,S_0033788,2,1,2,0,0,1,0.0,0.0,1.0,1,-0.0,False,False,False,False,False,0,0,1,0,1,0,0,0,1,0,1
differentiated,S_0033789,1,1,1,0,0,1,0.0,0.0,1.0,1,-0.0,False,False,False,False,False,0,0,1,0,1,0,0,0,1,0,1
differentiated,S_0033792,1,1,1,0,0,1,0.0,0.0,1.0,1,-0.0,False,False,False,False,False,0,0,1,0,1,0,0,0,1,0,1
differentiated,S_0033793,1,1,1,0,0,1,0.0,0.0,1.0,1,-0.0,False,False,False,False,False,0,0,1,0,1,0,0,0,1,0,1
differentiated,S_0033798,1,1,1,0,1,0,0.0,1.0,0.0,1,-0.0,False,False,False,False,False,0,0,1,0,1,0,0,0,1,0,1
differentiated,S_0033808,1,1,1,0,1,0,0.0,1.0,0.0,1,-0.0,False,False,False,False,False,0,0,1,0,1,0,0,0,1,0,1
differentiated,S_0033830,3,3,3,2,1,0,0.6666666666666666,0.3333333333333333,0.0,2,0.5793801642856949,False,True,True,False,False,0,0,0,3,1,2,0,0,1,0,2
differentiated,S_0033834,3,3,3,2,1,0,0.6666666666666666,0.3333333333333333,0.0,2,0.5793801642856949,False,True,True,False,False,0,0,0,3,1,2,0,0,1,0,2
differentiated,S_0033843,1,1,1,0,1,0,0.0,1.0,0.0,1,-0.0,False,False,False,False,False,0,0,1,0,1,0,0,0,1,0,1
differentiated,S_0033844,1,1,1,0,1,0,0.0,1.0,0.0,1,-0.0,False,False,False,False,False,0,0,1,0,1,0,0,0,1,0,1
differentiated,S_0033852,1,1,1,0,1,0,0.0,1.0,0.0,1,-0.0,False,False,False,False,False,0,0,1,0,1,0,0,0,1,0,1
differentiated,S_0033853,1,1,1,0,1,0,0.0,1.0,0.0,1,-0.0,False,False,False,False,False,0,0,1,0,1,0,0,0,1,0,1
differentiated,S_0033855,1,1,1,0,1,0,0.0,1.0,0.0,1,-0.0,False,False,False,False,False,0,0,1,0,1,0,0,0,1,0,1
differentiated,S_0033856,1,1,1,0,1,0,0.0,1.0,0.0,1,-0.0,False,False,False,False,False,0,0,1,0,1,0,0,0,1,0,1
differentiated,S_0033871,1,1,1,0,1,0,0.0,1.0,0.0,1,-0.0,False,False,False,False,False,0,0,1,0,1,0,0,0,1,0,1
differentiated,S_0033874,1,1,1,0,1,0,0.0,1.0,0.0,1,-0.0,False,False,False,False,False,0,0,1,0,1,0,0,0,1,0,1
differentiated,S_0034025,1,1,1,0,1,0,0.0,1.0,0.0,1,-0.0,False,False,False,False,False,0,0,1,0,1,0,0,0,1,0,1
differentiated,S_0034026,1,1,1,0,1,0,0.0,1.0,0.0,1,-0.0,False,False,False,False,False,0,0,1,0,1,0,0,0,1,0,1
differentiated,S_0034040,1,1,1,0,1,0,0.0,1.0,0.0,1,-0.0,False,False,False,False,False,0,0,1,0,1,0,0,0,1,0,1
differentiated,S_0034041,1,1,1,0,1,0,0.0,1.0,0.0,1,-0.0,False,False,False,False,False,0,0,1,0,1,0,0,0,1,0,1
differentiated,S_0034044,1,1,1,0,1,0,0.0,1.0,0.0,1,-0.0,False,False,False,False,False,0,0,1,0,1,0,0,0,1,0,1
differentiated,S_0034045,1,1,1,0,1,0,0.0,1.0,0.0,1,-0.0,False,False,False,False,False,0,0,1,0,1,0,0,0,1,0,1
differentiated,S_0034049,1,1,1,0,1,0,0.0,1.0,0.0,1,-0.0,False,False,False,False,False,0,0,1,0,1,0,0,0,1,0,1
differentiated,S_0034062,2,2,1,0,2,0,0.0,1.0,0.0,1,-0.0,False,True,False,False,False,0,0,2,0,1,1,0,0,1,0,2
differentiated,S_0034064,2,2,1,0,2,0,0.0,1.0,0.0,1,-0.0,False,True,False,False,False,0,0,2,0,1,1,0,0,1,0,2
differentiated,S_0034065,2,2,1,0,2,0,0.0,1.0,0.0,1,-0.0,False,True,False,False,False,0,0,2,0,1,1,0,0,1,0,2
differentiated,S_0034068,2,2,1,0,2,0,0.0,1.0,0.0,1,-0.0,False,True,False,False,False,0,0,2,0,1,1,0,0,1,0,2
differentiated,S_0034144,1,1,1,1,0,0,1.0,0.0,0.0,1,-0.0,False,False,False,False,False,0,0,1,0,1,0,0,0,0,1,1
differentiated,S_0034145,2,2,2,1,1,0,0.5,0.5,0.0,2,0.6309297535714574,False,True,False,False,False,0,0,2,0,1,0,0,0,1,1,2
differentiated,S_0034147,1,1,1,0,1,0,0.0,1.0,0.0,1,-0.0,False,False,False,False,False,0,0,1,0,1,0,0,0,1,0,1
differentiated,S_0034148,1,1,1,0,1,0,0.0,1.0,0.0,1,-0.0,False,False,False,False,False,0,0,1,0,1,0,0,0,1,0,1
differentiated,S_0034149,1,1,1,0,1,0,0.0,1.0,0.0,1,-0.0,False,False,False,False,False,0,0,1,0,1,0,0,0,1,0,1
differentiated,S_0034151,1,1,1,0,1,0,0.0,1.0,0.0,1,-0.0,False,False,False,False,False,0,0,1,0,1,0,0,0,1,0,1
differentiated,S_0034153,1,1,1,1,0,0,1.0,0.0,0.0,1,-0.0,False,False,False,False,False,0,0,1,0,1,0,0,0,0,1,1
differentiated,S_0034154,1,1,1,1,0,0,1.0,0.0,0.0,1,-0.0,False,False,False,False,False,0,0,1,0,1,0,0,0,0,1,1
differentiated,S_0034157,1,1,1,0,1,0,0.0,1.0,0.0,1,-0.0,False,False,False,False,False,0,0,1,0,1,0,0,0,1,0,1
differentiated,S_0034158,1,1,1,1,0,0,1.0,0.0,0.0,1,-0.0,False,False,False,False,False,0,0,0,1,1,0,0,0,1,0,1
differentiated,S_0034162,1,1,1,1,0,0,1.0,0.0,0.0,1,-0.0,False,False,False,False,False,0,0,0,1,1,0,0,0,1,0,1
differentiated,S_0034193,1,1,1,1,0,0,1.0,0.0,0.0,1,-0.0,False,False,False,False,False,0,0,0,1,1,1,0,0,0,0,1
differentiated,S_0034195,1,1,1,1,0,0,1.0,0.0,0.0,1,-0.0,False,False,False,False,False,0,0,0,1,1,1,0,0,0,0,1
differentiated,S_0034210,2,2,1,0,0,2,0.0,0.0,1.0,1,-0.0,False,True,False,False,False,0,0,2,0,1,0,1,0,0,1,2
differentiated,S_0034211,1,1,1,0,0,1,0.0,0.0,1.0,1,-0.0,False,False,False,False,False,0,0,1,0,1,0,0,0,0,1,1
differentiated,S_0034424,1,1,1,0,1,0,0.0,1.0,0.0,1,-0.0,False,False,False,False,False,0,0,1,0,1,0,1,0,0,0,1
differentiated,S_0034438,5,5,3,2,3,0,0.4,0.6,0.0,2,0.6126016192893442,True,True,True,True,False,0,0,0,5,1,2,2,0,1,0,3
differentiated,S_0034612,1,1,1,0,1,0,0.0,1.0,0.0,1,-0.0,False,False,False,False,False,1,0,0,0,1,0,1,0,0,0,1
differentiated,S_0034613,2,2,2,0,2,0,0.0,1.0,0.0,1,-0.0,False,True,False,False,False,1,0,0,1,2,0,1,0,1,0,2
differentiated,S_0034617,2,2,2,0,2,0,0.0,1.0,0.0,1,-0.0,False,True,False,False,False,1,0,0,1,2,0,1,0,1,0,2
differentiated,S_0034650,1,1,1,0,1,0,0.0,1.0,0.0,1,-0.0,False,False,False,False,False,0,0,1,0,1,1,0,0,0,0,1
differentiated,S_0034651,1,1,1,0,1,0,0.0,1.0,0.0,1,-0.0,False,False,False,False,False,0,0,1,0,1,1,0,0,0,0,1
differentiated,S_0034655,2,2,1,0,2,0,0.0,1.0,0.0,1,-0.0,False,True,False,False,False,0,0,2,0,1,1,0,0,1,0,2
differentiated,S_0034656,2,2,1,0,2,0,0.0,1.0,0.0,1,-0.0,False,True,False,False,False,0,0,2,0,1,1,0,0,1,0,2
differentiated,S_0034668,7,7,5,4,3,0,0.5714285714285714,0.42857142857142855,0.0,2,0.6216097450797566,True,True,True,True,False,0,0,0,7,1,5,0,1,1,0,3
differentiated,S_0034672,3,3,3,2,1,0,0.6666666666666666,0.3333333333333333,0.0,2,0.5793801642856949,False,True,True,False,False,0,0,0,3,1,2,0,0,1,0,2
differentiated,S_0034674,2,2,1,0,2,0,0.0,1.0,0.0,1,-0.0,False,True,False,False,False,0,0,2,0,1,1,1,0,0,0,2
differentiated,S_0034676,2,2,1,0,2,0,0.0,1.0,0.0,1,-0.0,False,True,False,False,False,0,0,2,0,1,1,1,0,0,0,2
differentiated,S_0034681,1,1,1,0,1,0,0.0,1.0,0.0,1,-0.0,False,False,False,False,False,0,0,1,0,1,0,1,0,0,0,1
differentiated,S_0034682,1,1,1,0,1,0,0.0,1.0,0.0,1,-0.0,False,False,False,False,False,0,0,1,0,1,0,1,0,0,0,1
differentiated,S_0034694,3,3,3,2,1,0,0.6666666666666666,0.3333333333333333,0.0,2,0.5793801642856949,False,True,True,False,False,0,0,0,3,1,2,0,0,1,0,2
differentiated,S_0034695,3,3,3,2,1,0,0.6666666666666666,0.3333333333333333,0.0,2,0.5793801642856949,False,True,True,False,False,0,0,0,3,1,2,0,0,1,0,2
differentiated,S_0034696,3,3,3,2,1,0,0.6666666666666666,0.3333333333333333,0.0,2,0.5793801642856949,False,True,True,False,False,0,0,0,3,1,2,0,0,1,0,2
differentiated,S_0034703,3,3,3,2,1,0,0.6666666666666666,0.3333333333333333,0.0,2,0.5793801642856949,False,True,True,False,False,0,0,0,3,1,2,0,0,1,0,2
differentiated,S_0034704,3,3,3,2,1,0,0.6666666666666666,0.3333333333333333,0.0,2,0.5793801642856949,False,True,True,False,False,0,0,0,3,1,2,0,0,1,0,2
differentiated,S_0034706,3,3,3,2,1,0,0.6666666666666666,0.3333333333333333,0.0,2,0.5793801642856949,False,True,True,False,False,0,0,0,3,1,2,0,0,1,0,2
differentiated,S_0034707,6,6,4,6,0,0,1.0,0.0,0.0,1,-0.0,True,True,True,True,False,0,0,0,6,1,4,1,0,1,0,3
differentiated,S_0034708,6,6,4,6,0,0,1.0,0.0,0.0,1,-0.0,True,True,True,True,False,0,0,0,6,1,4,1,0,1,0,3
differentiated,S_0034713,3,3,3,2,1,0,0.6666666666666666,0.3333333333333333,0.0,2,0.5793801642856949,False,True,True,False,False,0,0,0,3,1,2,0,0,1,0,2
differentiated,S_0034728,2,2,1,0,0,2,0.0,0.0,1.0,1,-0.0,False,True,False,False,False,0,0,2,0,1,1,1,0,0,0,2
differentiated,S_0034729,2,2,1,0,0,2,0.0,0.0,1.0,1,-0.0,False,True,False,False,False,0,0,2,0,1,1,1,0,0,0,2
differentiated,S_0034821,1,1,1,0,1,0,0.0,1.0,0.0,1,-0.0,False,False,False,False,False,0,0,0,1,1,0,0,0,0,1,1
differentiated,S_0034822,1,1,1,0,1,0,0.0,1.0,0.0,1,-0.0,False,False,False,False,False,0,0,0,1,1,0,0,0,0,1,1
differentiated,S_0034823,1,1,1,0,1,0,0.0,1.0,0.0,1,-0.0,False,False,False,False,False,0,0,0,1,1,0,0,0,0,1,1
differentiated,S_0034824,1,1,1,0,1,0,0.0,1.0,0.0,1,-0.0,False,False,False,False,False,0,0,0,1,1,0,0,0,0,1,1
differentiated,S_0034851,1,1,1,0,0,1,0.0,0.0,1.0,1,-0.0,False,False,False,False,False,0,0,1,0,1,0,1,0,0,0,1
differentiated,S_0034852,1,1,1,0,1,0,0.0,1.0,0.0,1,-0.0,False,False,False,False,False,0,0,1,0,1,0,0,0,1,0,1
differentiated,S_0034853,1,1,1,0,1,0,0.0,1.0,0.0,1,-0.0,False,False,False,False,False,0,0,0,1,1,0,0,0,1,0,1
differentiated,S_0034854,2,2,2,0,2,0,0.0,1.0,0.0,1,-0.0,False,True,False,False,False,0,0,1,1,2,0,0,0,2,0,1
differentiated,S_0034855,1,1,1,0,1,0,0.0,1.0,0.0,1,-0.0,False,False,False,False,False,0,0,0,1,1,0,0,0,1,0,1
differentiated,S_0034856,2,2,2,0,2,0,0.0,1.0,0.0,1,-0.0,False,True,False,False,False,1,0,0,1,2,0,1,0,1,0,2
differentiated,S_0034906,2,2,1,0,0,2,0.0,0.0,1.0,1,-0.0,False,True,False,False,False,0,0,2,0,1,1,1,0,0,0,2
differentiated,S_0034908,2,2,1,0,0,2,0.0,0.0,1.0,1,-0.0,False,True,False,False,False,0,0,2,0,1,1,1,0,0,0,2
differentiated,S_0034920,3,3,1,0,3,0,0.0,1.0,0.0,1,-0.0,False,True,True,False,False,0,0,3,0,1,1,1,0,0,1,3
differentiated,S_0034921,3,3,1,0,3,0,0.0,1.0,0.0,1,-0.0,False,True,True,False,False,0,0,3,0,1,1,1,0,0,1,3
differentiated,S_0034922,3,3,1,0,3,0,0.0,1.0,0.0,1,-0.0,False,True,True,False,False,0,0,3,0,1,1,1,0,0,1,3
differentiated,S_0034935,1,1,1,0,1,0,0.0,1.0,0.0,1,-0.0,False,False,False,False,False,0,0,0,1,1,0,0,0,0,1,1
differentiated,S_0034936,1,1,1,0,1,0,0.0,1.0,0.0,1,-0.0,False,False,False,False,False,0,0,0,1,1,0,0,0,0,1,1
differentiated,S_0034979,1,1,1,0,0,1,0.0,0.0,1.0,1,-0.0,False,False,False,False,False,0,0,1,0,1,0,0,0,1,0,1
differentiated,S_0034992,1,1,1,0,0,1,0.0,0.0,1.0,1,-0.0,False,False,False,False,False,0,0,1,0,1,0,1,0,0,0,1
differentiated,S_0034995,1,1,1,0,0,1,0.0,0.0,1.0,1,-0.0,False,False,False,False,False,0,0,1,0,1,0,1,0,0,0,1
differentiated,S_0034997,2,2,1,0,1,1,0.0,0.5,0.5,2,0.6309297535714574,False,True,False,False,False,0,0,2,0,1,1,1,0,0,0,2
differentiated,S_0034998,1,1,1,0,0,1,0.0,0.0,1.0,1,-0.0,False,False,False,False,False,0,0,1,0,1,1,0,0,0,0,1
differentiated,S_0035000,1,1,1,0,0,1,0.0,0.0,1.0,1,-0.0,False,False,False,False,False,0,0,1,0,1,1,0,0,0,0,1
differentiated,S_0035001,1,1,1,0,0,1,0.0,0.0,1.0,1,-0.0,False,False,False,False,False,0,0,1,0,1,1,0,0,0,0,1
differentiated,S_0035003,1,1,1,0,0,1,0.0,0.0,1.0,1,-0.0,False,False,False,False,False,0,0,1,0,1,1,0,0,0,0,1
differentiated,S_0035008,1,1,1,0,0,1,0.0,0.0,1.0,1,-0.0,False,False,False,False,False,0,0,1,0,1,0,1,0,0,0,1
differentiated,S_0035009,1,1,1,0,0,1,0.0,0.0,1.0,1,-0.0,False,False,False,False,False,0,0,1,0,1,0,1,0,0,0,1
differentiated,S_0035010,4,4,3,2,2,0,0.5,0.5,0.0,2,0.6309297535714574,False,True,True,False,False,0,0,0,4,1,4,0,0,0,0,1
differentiated,S_0035011,1,1,1,0,0,1,0.0,0.0,1.0,1,-0.0,False,False,False,False,False,0,0,1,0,1,0,1,0,0,0,1
differentiated,S_0035013,1,1,1,0,0,1,0.0,0.0,1.0,1,-0.0,False,False,False,False,False,0,0,1,0,1,0,1,0,0,0,1
differentiated,S_0035015,1,1,1,0,0,1,0.0,0.0,1.0,1,-0.0,False,False,False,False,False,0,0,1,0,1,0,1,0,0,0,1
differentiated,S_0035017,1,1,1,0,0,1,0.0,0.0,1.0,1,-0.0,False,False,False,False,False,0,0,1,0,1,0,1,0,0,0,1
differentiated,S_0035020,2,2,1,0,1,1,0.0,0.5,0.5,2,0.6309297535714574,False,True,False,False,False,0,0,2,0,1,0,1,0,0,1,2
differentiated,S_0035021,3,3,1,0,1,2,0.0,0.3333333333333333,0.6666666666666666,2,0.5793801642856949,False,True,True,False,False,0,0,3,0,1,0,2,0,0,1,2
differentiated,S_0035022,1,1,1,0,1,0,0.0,1.0,0.0,1,-0.0,False,False,False,False,False,0,0,0,1,1,1,0,0,0,0,1
differentiated,S_0035023,2,2,1,0,0,2,0.0,0.0,1.0,1,-0.0,False,True,False,False,False,0,0,2,0,1,0,1,0,0,1,2
differentiated,S_0035024,1,1,1,0,1,0,0.0,1.0,0.0,1,-0.0,False,False,False,False,False,0,0,0,1,1,1,0,0,0,0,1
differentiated,S_0035025,1,1,1,0,1,0,0.0,1.0,0.0,1,-0.0,False,False,False,False,False,0,0,1,0,1,0,1,0,0,0,1
differentiated,S_0035026,3,3,1,0,1,2,0.0,0.3333333333333333,0.6666666666666666,2,0.5793801642856949,False,True,True,False,False,0,0,3,0,1,0,2,0,0,1,2
differentiated,S_0035028,2,2,1,0,0,2,0.0,0.0,1.0,1,-0.0,False,True,False,False,False,0,0,2,0,1,0,1,0,0,1,2
differentiated,S_0035030,1,1,1,0,0,1,0.0,0.0,1.0,1,-0.0,False,False,False,False,False,0,0,1,0,1,0,0,1,0,0,1
differentiated,S_0035032,1,1,1,0,0,1,0.0,0.0,1.0,1,-0.0,False,False,False,False,False,0,0,1,0,1,0,0,1,0,0,1
differentiated,S_0035039,1,1,1,0,0,1,0.0,0.0,1.0,1,-0.0,False,False,False,False,False,0,0,1,0,1,0,0,1,0,0,1
differentiated,S_0035078,1,1,1,0,1,0,0.0,1.0,0.0,1,-0.0,False,False,False,False,False,0,0,1,0,1,1,0,0,0,0,1
differentiated,S_0035088,1,1,1,0,1,0,0.0,1.0,0.0,1,-0.0,False,False,False,False,False,0,0,1,0,1,1,0,0,0,0,1
differentiated,S_0035090,1,1,1,0,0,1,0.0,0.0,1.0,1,-0.0,False,False,False,False,False,0,0,1,0,1,0,0,1,0,0,1
differentiated,S_0035093,1,1,1,0,0,1,0.0,0.0,1.0,1,-0.0,False,False,False,False,False,0,1,0,0,1,0,0,0,1,0,1
differentiated,S_0035100,1,1,1,0,1,0,0.0,1.0,0.0,1,-0.0,False,False,False,False,False,0,0,1,0,1,0,1,0,0,0,1
differentiated,S_0035101,1,1,1,0,0,1,0.0,0.0,1.0,1,-0.0,False,False,False,False,False,0,1,0,0,1,0,0,0,1,0,1
differentiated,S_0035102,3,3,2,0,0,3,0.0,0.0,1.0,1,-0.0,False,True,True,False,False,0,1,2,0,2,1,1,0,1,0,3
differentiated,S_0035141,1,1,1,1,0,0,1.0,0.0,0.0,1,-0.0,False,False,False,False,False,0,0,0,1,1,1,0,0,0,0,1
differentiated,S_0035142,1,1,1,1,0,0,1.0,0.0,0.0,1,-0.0,False,False,False,False,False,0,0,0,1,1,1,0,0,0,0,1
differentiated,S_0035167,1,1,1,0,0,1,0.0,0.0,1.0,1,-0.0,False,False,False,False,False,0,0,1,0,1,0,0,0,0,1,1
differentiated,S_0035169,1,1,1,0,0,1,0.0,0.0,1.0,1,-0.0,False,False,False,False,False,0,0,1,0,1,0,0,0,0,1,1
differentiated,S_0035187,3,3,1,1,2,0,0.3333333333333333,0.6666666666666666,0.0,2,0.5793801642856949,False,True,True,False,False,0,0,0,3,1,0,0,1,1,1,3
differentiated,S_0035193,3,3,1,1,2,0,0.3333333333333333,0.6666666666666666,0.0,2,0.5793801642856949,False,True,True,False,False,0,0,0,3,1,0,0,1,1,1,3
differentiated,S_0035194,3,3,1,1,2,0,0.3333333333333333,0.6666666666666666,0.0,2,0.5793801642856949,False,True,True,False,False,0,0,0,3,1,0,0,1,1,1,3
differentiated,S_0035195,3,3,1,1,2,0,0.3333333333333333,0.6666666666666666,0.0,2,0.5793801642856949,False,True,True,False,False,0,0,0,3,1,0,0,1,1,1,3
differentiated,S_0035199,3,3,1,1,2,0,0.3333333333333333,0.6666666666666666,0.0,2,0.5793801642856949,False,True,True,False,False,0,0,0,3,1,0,0,1,1,1,3
differentiated,S_0035200,1,1,1,1,0,0,1.0,0.0,0.0,1,-0.0,False,False,False,False,False,0,0,0,1,1,0,1,0,0,0,1
differentiated,S_0035201,1,1,1,0,1,0,0.0,1.0,0.0,1,-0.0,False,False,False,False,False,0,0,0,1,1,0,0,0,0,1,1
differentiated,S_0035202,2,2,2,1,1,0,0.5,0.5,0.0,2,0.6309297535714574,False,True,False,False,False,0,0,0,2,1,0,1,0,0,1,2
differentiated,S_0035207,1,1,1,1,0,0,1.0,0.0,0.0,1,-0.0,False,False,False,False,False,0,0,0,1,1,1,0,0,0,0,1
differentiated,S_0035208,1,1,1,1,0,0,1.0,0.0,0.0,1,-0.0,False,False,False,False,False,0,0,0,1,1,1,0,0,0,0,1
differentiated,S_0035210,1,1,1,1,0,0,1.0,0.0,0.0,1,-0.0,False,False,False,False,False,0,0,0,1,1,1,0,0,0,0,1
differentiated,S_0035211,1,1,1,1,0,0,1.0,0.0,0.0,1,-0.0,False,False,False,False,False,0,0,0,1,1,1,0,0,0,0,1
differentiated,S_0035217,1,1,1,1,0,0,1.0,0.0,0.0,1,-0.0,False,False,False,False,False,0,0,0,1,1,1,0,0,0,0,1
differentiated,S_0035225,1,1,1,1,0,0,1.0,0.0,0.0,1,-0.0,False,False,False,False,False,0,0,0,1,1,1,0,0,0,0,1
differentiated,S_0035227,2,1,2,1,0,0,1.0,0.0,0.0,1,-0.0,False,False,False,False,False,0,0,0,1,1,1,0,0,0,0,1
differentiated,S_0035228,1,1,1,1,0,0,1.0,0.0,0.0,1,-0.0,False,False,False,False,False,0,0,0,1,1,1,0,0,0,0,1
differentiated,S_0035238,1,1,1,1,0,0,1.0,0.0,0.0,1,-0.0,False,False,False,False,False,0,0,0,1,1,1,0,0,0,0,1
differentiated,S_0035239,1,1,1,1,0,0,1.0,0.0,0.0,1,-0.0,False,False,False,False,False,0,0,0,1,1,1,0,0,0,0,1
differentiated,S_0035242,1,1,1,1,0,0,1.0,0.0,0.0,1,-0.0,False,False,False,False,False,0,0,0,1,1,1,0,0,0,0,1
differentiated,S_0035252,1,1,1,1,0,0,1.0,0.0,0.0,1,-0.0,False,False,False,False,False,0,0,0,1,1,1,0,0,0,0,1
differentiated,S_0035267,1,1,1,1,0,0,1.0,0.0,0.0,1,-0.0,False,False,False,False,False,0,0,0,1,1,1,0,0,0,0,1
differentiated,S_0035268,1,1,1,1,0,0,1.0,0.0,0.0,1,-0.0,False,False,False,False,False,0,0,0,1,1,1,0,0,0,0,1
differentiated,S_0035281,1,1,1,1,0,0,1.0,0.0,0.0,1,-0.0,False,False,False,False,False,0,0,0,1,1,1,0,0,0,0,1
differentiated,S_0035282,1,1,1,1,0,0,1.0,0.0,0.0,1,-0.0,False,False,False,False,False,0,0,0,1,1,1,0,0,0,0,1
differentiated,S_0035283,1,1,1,1,0,0,1.0,0.0,0.0,1,-0.0,False,False,False,False,False,0,0,0,1,1,1,0,0,0,0,1
differentiated,S_0035294,1,1,1,1,0,0,1.0,0.0,0.0,1,-0.0,False,False,False,False,False,0,0,0,1,1,1,0,0,0,0,1
differentiated,S_0035301,1,1,1,1,0,0,1.0,0.0,0.0,1,-0.0,False,False,False,False,False,0,0,0,1,1,1,0,0,0,0,1
differentiated,S_0035382,2,2,1,0,1,1,0.0,0.5,0.5,2,0.6309297535714574,False,True,False,False,False,0,0,2,0,1,1,0,1,0,0,2
differentiated,S_0035383,2,2,1,0,1,1,0.0,0.5,0.5,2,0.6309297535714574,False,True,False,False,False,0,0,2,0,1,1,0,1,0,0,2
differentiated,S_0035412,2,2,2,0,2,0,0.0,1.0,0.0,1,-0.0,False,True,False,False,False,0,0,0,2,1,1,0,0,0,1,2
differentiated,S_0035413,2,2,2,0,2,0,0.0,1.0,0.0,1,-0.0,False,True,False,False,False,0,0,0,2,1,1,0,0,0,1,2
differentiated,S_0035423,2,2,2,0,2,0,0.0,1.0,0.0,1,-0.0,False,True,False,False,False,0,0,0,2,1,1,0,0,0,1,2
differentiated,S_0035433,4,2,4,0,2,0,0.0,1.0,0.0,1,-0.0,False,True,False,False,False,0,0,0,2,1,1,0,0,0,1,2
differentiated,S_0035440,1,1,1,1,0,0,1.0,0.0,0.0,1,-0.0,False,False,False,False,False,0,0,0,1,1,1,0,0,0,0,1
differentiated,S_0035442,3,3,3,1,2,0,0.3333333333333333,0.6666666666666666,0.0,2,0.5793801642856949,False,True,True,False,False,0,0,0,3,1,2,0,0,0,1,2
differentiated,S_0035457,1,1,1,1,0,0,1.0,0.0,0.0,1,-0.0,False,False,False,False,False,0,0,0,1,1,1,0,0,0,0,1
differentiated,S_0035461,1,1,1,1,0,0,1.0,0.0,0.0,1,-0.0,False,False,False,False,False,0,0,0,1,1,1,0,0,0,0,1
differentiated,S_0035462,1,1,1,1,0,0,1.0,0.0,0.0,1,-0.0,False,False,False,False,False,0,0,0,1,1,1,0,0,0,0,1
differentiated,S_0035495,1,1,1,1,0,0,1.0,0.0,0.0,1,-0.0,False,False,False,False,False,0,0,0,1,1,1,0,0,0,0,1
differentiated,S_0035496,1,1,1,1,0,0,1.0,0.0,0.0,1,-0.0,False,False,False,False,False,0,0,0,1,1,1,0,0,0,0,1
differentiated,S_0035497,1,1,1,0,1,0,0.0,1.0,0.0,1,-0.0,False,False,False,False,False,0,0,0,1,1,0,0,0,0,1,1
differentiated,S_0035498,1,1,1,0,1,0,0.0,1.0,0.0,1,-0.0,False,False,False,False,False,0,0,0,1,1,0,0,0,0,1,1
differentiated,S_0035513,2,2,2,0,2,0,0.0,1.0,0.0,1,-0.0,False,True,False,False,False,0,0,0,2,1,1,0,0,0,1,2
differentiated,S_0035515,2,2,2,0,2,0,0.0,1.0,0.0,1,-0.0,False,True,False,False,False,0,0,0,2,1,1,0,0,0,1,2
differentiated,S_0035526,3,3,3,2,1,0,0.6666666666666666,0.3333333333333333,0.0,2,0.5793801642856949,False,True,True,False,False,0,0,0,3,1,2,0,0,1,0,2
differentiated,S_0035527,5,3,5,2,1,0,0.6666666666666666,0.3333333333333333,0.0,2,0.5793801642856949,False,True,True,False,False,0,0,0,3,1,2,0,0,1,0,2
differentiated,S_0035530,6,3,6,2,1,0,0.6666666666666666,0.3333333333333333,0.0,2,0.5793801642856949,False,True,True,False,False,0,0,0,3,1,2,0,0,1,0,2
differentiated,S_0035533,3,3,3,2,1,0,0.6666666666666666,0.3333333333333333,0.0,2,0.5793801642856949,False,True,True,False,False,0,0,0,3,1,2,0,0,1,0,2
differentiated,S_0035535,3,3,3,2,1,0,0.6666666666666666,0.3333333333333333,0.0,2,0.5793801642856949,False,True,True,False,False,0,0,0,3,1,2,0,0,1,0,2
differentiated,S_0035537,3,3,3,2,1,0,0.6666666666666666,0.3333333333333333,0.0,2,0.5793801642856949,False,True,True,False,False,0,0,0,3,1,2,0,0,1,0,2
differentiated,S_0035610,1,1,1,0,0,1,0.0,0.0,1.0,1,-0.0,False,False,False,False,False,0,0,1,0,1,1,0,0,0,0,1
differentiated,S_0035719,2,2,1,1,0,1,0.5,0.0,0.5,2,0.6309297535714574,False,True,False,False,False,0,0,2,0,1,1,1,0,0,0,2
differentiated,S_0035737,2,2,1,1,0,1,0.5,0.0,0.5,2,0.6309297535714574,False,True,False,False,False,0,0,2,0,1,1,1,0,0,0,2
differentiated,S_0035742,1,1,1,1,0,0,1.0,0.0,0.0,1,-0.0,False,False,False,False,False,0,0,0,1,1,0,0,0,1,0,1
differentiated,S_0035743,1,1,1,1,0,0,1.0,0.0,0.0,1,-0.0,False,False,False,False,False,0,0,0,1,1,0,0,0,1,0,1
differentiated,S_0035774,1,1,1,0,1,0,0.0,1.0,0.0,1,-0.0,False,False,False,False,False,0,0,1,0,1,0,0,0,1,0,1
differentiated,S_0035775,1,1,1,0,1,0,0.0,1.0,0.0,1,-0.0,False,False,False,False,False,0,0,1,0,1,0,0,0,1,0,1
differentiated,S_0035819,1,1,1,1,0,0,1.0,0.0,0.0,1,-0.0,False,False,False,False,False,0,0,0,1,1,1,0,0,0,0,1
differentiated,S_0035828,1,1,1,1,0,0,1.0,0.0,0.0,1,-0.0,False,False,False,False,False,0,0,0,1,1,1,0,0,0,0,1
differentiated,S_0035873,1,1,1,1,0,0,1.0,0.0,0.0,1,-0.0,False,False,False,False,False,0,0,0,1,1,0,1,0,0,0,1
differentiated,S_0035887,2,1,2,1,0,0,1.0,0.0,0.0,1,-0.0,False,False,False,False,False,0,0,0,1,1,0,0,0,1,0,1
differentiated,S_0035904,1,1,1,0,1,0,0.0,1.0,0.0,1,-0.0,False,False,False,False,False,0,0,1,0,1,1,0,0,0,0,1
differentiated,S_0035927,1,1,1,0,1,0,0.0,1.0,0.0,1,-0.0,False,False,False,False,False,0,0,1,0,1,1,0,0,0,0,1
differentiated,S_0035977,1,1,1,0,0,1,0.0,0.0,1.0,1,-0.0,False,False,False,False,False,0,0,1,0,1,0,0,1,0,0,1
differentiated,S_0035979,1,1,1,0,0,1,0.0,0.0,1.0,1,-0.0,False,False,False,False,False,0,0,1,0,1,0,0,1,0,0,1
differentiated,S_0035980,1,1,1,0,0,1,0.0,0.0,1.0,1,-0.0,False,False,False,False,False,0,0,1,0,1,0,0,1,0,0,1
differentiated,S_0036001,1,1,1,0,0,1,0.0,0.0,1.0,1,-0.0,False,False,False,False,False,0,0,1,0,1,0,0,1,0,0,1
differentiated,S_0036006,1,1,1,0,1,0,0.0,1.0,0.0,1,-0.0,False,False,False,False,False,0,0,1,0,1,0,0,0,0,1,1
differentiated,S_0036007,1,1,1,0,1,0,0.0,1.0,0.0,1,-0.0,False,False,False,False,False,0,0,1,0,1,0,0,0,0,1,1
differentiated,S_0036009,2,2,1,0,2,0,0.0,1.0,0.0,1,-0.0,False,True,False,False,False,0,0,0,2,1,0,0,1,0,1,2
differentiated,S_0036017,3,3,2,1,2,0,0.3333333333333333,0.6666666666666666,0.0,2,0.5793801642856949,False,True,True,False,False,0,0,0,3,1,0,0,1,1,1,3
differentiated,S_0036018,1,1,1,0,1,0,0.0,1.0,0.0,1,-0.0,False,False,False,False,False,0,0,1,0,1,0,0,0,0,1,1
differentiated,S_0036019,4,4,3,1,3,0,0.25,0.75,0.0,2,0.5118595071429147,False,True,True,False,False,0,0,1,3,2,0,0,1,1,2,3
differentiated,S_0036026,1,1,1,1,0,0,1.0,0.0,0.0,1,-0.0,False,False,False,False,False,0,0,0,1,1,0,0,0,1,0,1
differentiated,S_0036044,1,1,1,0,1,0,0.0,1.0,0.0,1,-0.0,False,False,False,False,False,0,0,1,0,1,0,0,1,0,0,1
differentiated,S_0036045,1,1,1,0,1,0,0.0,1.0,0.0,1,-0.0,False,False,False,False,False,0,0,1,0,1,0,0,1,0,0,1
differentiated,S_0036051,1,1,1,0,0,1,0.0,0.0,1.0,1,-0.0,False,False,False,False,False,0,0,1,0,1,0,0,0,0,1,1
differentiated,S_0036052,1,1,1,0,0,1,0.0,0.0,1.0,1,-0.0,False,False,False,False,False,0,0,1,0,1,0,0,0,0,1,1
differentiated,S_0036057,1,1,1,0,0,1,0.0,0.0,1.0,1,-0.0,False,False,False,False,False,0,0,1,0,1,0,0,0,0,1,1
differentiated,S_0036059,1,1,1,0,0,1,0.0,0.0,1.0,1,-0.0,False,False,False,False,False,0,0,1,0,1,0,0,0,0,1,1
differentiated,S_0036062,6,6,4,2,4,0,0.3333333333333333,0.6666666666666666,0.0,2,0.5793801642856949,True,True,True,True,False,0,0,1,5,2,2,3,0,1,0,3
differentiated,S_0036063,5,5,3,2,3,0,0.4,0.6,0.0,2,0.6126016192893442,True,True,True,True,False,0,0,0,5,1,2,3,0,0,0,2
differentiated,S_0036064,5,5,2,2,3,0,0.4,0.6,0.0,2,0.6126016192893442,True,True,True,True,False,0,0,0,5,1,2,3,0,0,0,2
differentiated,S_0036066,6,6,3,2,4,0,0.3333333333333333,0.6666666666666666,0.0,2,0.5793801642856949,True,True,True,True,False,0,0,1,5,2,2,4,0,0,0,2
differentiated,S_0036067,7,6,4,2,4,0,0.3333333333333333,0.6666666666666666,0.0,2,0.5793801642856949,True,True,True,True,False,0,0,1,5,2,2,4,0,0,0,2
differentiated,S_0036069,1,1,1,0,1,0,0.0,1.0,0.0,1,-0.0,False,False,False,False,False,0,0,0,1,1,0,0,0,1,0,1
differentiated,S_0036075,7,5,4,2,3,0,0.4,0.6,0.0,2,0.6126016192893442,True,True,True,True,False,0,0,0,5,1,2,2,0,1,0,3
differentiated,S_0036076,1,1,1,0,1,0,0.0,1.0,0.0,1,-0.0,False,False,False,False,False,0,0,0,1,1,0,1,0,0,0,1
differentiated,S_0036077,10,5,6,2,3,0,0.4,0.6,0.0,2,0.6126016192893442,True,True,True,True,False,0,0,0,5,1,2,2,0,1,0,3
differentiated,S_0036087,1,1,1,0,1,0,0.0,1.0,0.0,1,-0.0,False,False,False,False,False,0,0,1,0,1,0,0,0,1,0,1
differentiated,S_0036148,3,3,1,0,3,0,0.0,1.0,0.0,1,-0.0,False,True,True,False,False,0,0,3,0,1,1,1,0,0,1,3
differentiated,S_0036149,3,3,1,0,3,0,0.0,1.0,0.0,1,-0.0,False,True,True,False,False,0,0,3,0,1,1,1,0,0,1,3
differentiated,S_0036165,3,3,1,0,3,0,0.0,1.0,0.0,1,-0.0,False,True,True,False,False,0,0,3,0,1,1,1,0,0,1,3
differentiated,S_0036166,3,3,1,0,3,0,0.0,1.0,0.0,1,-0.0,False,True,True,False,False,0,0,3,0,1,1,1,0,0,1,3
differentiated,S_0036178,3,1,3,1,0,0,1.0,0.0,0.0,1,-0.0,False,False,False,False,False,0,0,0,1,1,1,0,0,0,0,1
differentiated,S_0036203,1,1,1,0,1,0,0.0,1.0,0.0,1,-0.0,False,False,False,False,False,0,0,1,0,1,1,0,0,0,0,1
differentiated,S_0036204,1,1,1,0,1,0,0.0,1.0,0.0,1,-0.0,False,False,False,False,False,0,0,1,0,1,1,0,0,0,0,1
differentiated,S_0036207,1,1,1,0,1,0,0.0,1.0,0.0,1,-0.0,False,False,False,False,False,0,1,0,0,1,0,0,0,0,1,1
differentiated,S_0036208,1,1,1,0,1,0,0.0,1.0,0.0,1,-0.0,False,False,False,False,False,0,1,0,0,1,0,0,0,0,1,1
differentiated,S_0036209,1,1,1,0,1,0,0.0,1.0,0.0,1,-0.0,False,False,False,False,False,0,1,0,0,1,0,0,0,0,1,1
differentiated,S_0036210,1,1,1,0,1,0,0.0,1.0,0.0,1,-0.0,False,False,False,False,False,0,1,0,0,1,0,0,0,0,1,1
differentiated,S_0036211,1,1,1,0,1,0,0.0,1.0,0.0,1,-0.0,False,False,False,False,False,0,1,0,0,1,0,0,0,0,1,1
differentiated,S_0036212,1,1,1,0,1,0,0.0,1.0,0.0,1,-0.0,False,False,False,False,False,0,1,0,0,1,0,0,0,0,1,1
differentiated,S_0036214,1,1,1,0,1,0,0.0,1.0,0.0,1,-0.0,False,False,False,False,False,0,1,0,0,1,0,0,0,0,1,1
differentiated,S_0036215,1,1,1,0,1,0,0.0,1.0,0.0,1,-0.0,False,False,False,False,False,0,1,0,0,1,0,0,0,0,1,1
differentiated,S_0036217,1,1,1,0,1,0,0.0,1.0,0.0,1,-0.0,False,False,False,False,False,0,1,0,0,1,0,0,0,0,1,1
differentiated,S_0036218,1,1,1,0,1,0,0.0,1.0,0.0,1,-0.0,False,False,False,False,False,0,1,0,0,1,0,0,0,0,1,1
differentiated,S_0036219,1,1,1,0,1,0,0.0,1.0,0.0,1,-0.0,False,False,False,False,False,0,1,0,0,1,0,0,0,0,1,1
differentiated,S_0036220,1,1,1,0,1,0,0.0,1.0,0.0,1,-0.0,False,False,False,False,False,0,1,0,0,1,0,0,0,0,1,1
differentiated,S_0036259,1,1,1,0,1,0,0.0,1.0,0.0,1,-0.0,False,False,False,False,False,0,0,1,0,1,1,0,0,0,0,1
differentiated,S_0036261,1,1,1,0,1,0,0.0,1.0,0.0,1,-0.0,False,False,False,False,False,0,0,1,0,1,1,0,0,0,0,1
differentiated,S_0036270,1,1,1,0,1,0,0.0,1.0,0.0,1,-0.0,False,False,False,False,False,0,0,1,0,1,1,0,0,0,0,1
differentiated,S_0036309,10,6,6,6,0,0,1.0,0.0,0.0,1,-0.0,True,True,True,True,False,0,0,0,6,1,4,1,0,1,0,3
differentiated,S_0036311,9,6,7,6,0,0,1.0,0.0,0.0,1,-0.0,True,True,True,True,False,0,0,0,6,1,4,1,0,1,0,3
differentiated,S_0036321,4,4,4,4,0,0,1.0,0.0,0.0,1,-0.0,False,True,True,False,False,0,0,0,4,1,2,1,0,1,0,3
differentiated,S_0036322,4,4,4,4,0,0,1.0,0.0,0.0,1,-0.0,False,True,True,False,False,0,0,0,4,1,2,1,0,1,0,3
differentiated,S_0036326,3,3,3,2,1,0,0.6666666666666666,0.3333333333333333,0.0,2,0.5793801642856949,False,True,True,False,False,0,0,0,3,1,2,0,0,1,0,2
differentiated,S_0036328,1,1,1,1,0,0,1.0,0.0,0.0,1,-0.0,False,False,False,False,False,0,0,0,1,1,0,0,0,1,0,1
differentiated,S_0036329,3,3,3,3,0,0,1.0,0.0,0.0,1,-0.0,False,True,True,False,False,0,0,0,3,1,2,1,0,0,0,2
differentiated,S_0036330,1,1,1,0,1,0,0.0,1.0,0.0,1,-0.0,False,False,False,False,False,0,0,0,1,1,0,1,0,0,0,1
differentiated,S_0036331,4,4,4,3,1,0,0.75,0.25,0.0,2,0.5118595071429147,False,True,True,False,False,0,0,0,4,1,2,2,0,0,0,2
differentiated,S_0036354,2,2,1,0,0,2,0.0,0.0,1.0,1,-0.0,False,True,False,False,False,0,0,2,0,1,1,1,0,0,0,2
differentiated,S_0036356,2,2,1,0,0,2,0.0,0.0,1.0,1,-0.0,False,True,False,False,False,0,0,2,0,1,1,1,0,0,0,2
differentiated,S_0036358,2,2,1,0,0,2,0.0,0.0,1.0,1,-0.0,False,True,False,False,False,0,0,2,0,1,1,1,0,0,0,2
differentiated,S_0036359,5,3,3,1,2,0,0.3333333333333333,0.6666666666666666,0.0,2,0.5793801642856949,False,True,True,False,False,0,0,0,3,1,1,1,1,0,0,3
differentiated,S_0036361,8,5,5,2,3,0,0.4,0.6,0.0,2,0.6126016192893442,True,True,True,True,False,0,0,0,5,1,2,1,1,1,0,4
differentiated,S_0036362,5,5,4,2,3,0,0.4,0.6,0.0,2,0.6126016192893442,True,True,True,True,False,0,0,0,5,1,2,1,1,1,0,4
differentiated,S_0036393,1,1,1,0,1,0,0.0,1.0,0.0,1,-0.0,False,False,False,False,False,0,0,0,1,1,0,0,1,0,0,1
differentiated,S_0036395,1,1,1,0,1,0,0.0,1.0,0.0,1,-0.0,False,False,False,False,False,0,0,0,1,1,0,0,1,0,0,1
differentiated,S_0036396,2,2,2,0,2,0,0.0,1.0,0.0,1,-0.0,False,True,False,False,False,0,0,1,1,2,0,1,1,0,0,2
differentiated,S_0036397,1,1,1,0,1,0,0.0,1.0,0.0,1,-0.0,False,False,False,False,False,0,0,0,1,1,0,0,1,0,0,1
differentiated,S_0036399,1,1,1,0,1,0,0.0,1.0,0.0,1,-0.0,False,False,False,False,False,0,0,1,0,1,0,1,0,0,0,1
differentiated,S_0036404,1,1,1,0,1,0,0.0,1.0,0.0,1,-0.0,False,False,False,False,False,0,0,1,0,1,0,1,0,0,0,1
differentiated,S_0036414,1,1,1,0,1,0,0.0,1.0,0.0,1,-0.0,False,False,False,False,False,0,0,1,0,1,0,1,0,0,0,1
differentiated,S_0036415,1,1,1,0,1,0,0.0,1.0,0.0,1,-0.0,False,False,False,False,False,0,0,1,0,1,0,1,0,0,0,1
differentiated,S_0036423,1,1,1,0,1,0,0.0,1.0,0.0,1,-0.0,False,False,False,False,False,0,0,1,0,1,0,1,0,0,0,1
differentiated,S_0036425,4,4,3,1,2,1,0.25,0.5,0.25,3,0.946394630357186,False,True,True,False,False,0,0,1,3,2,1,1,2,0,0,3
differentiated,S_0036426,2,2,2,1,0,1,0.5,0.0,0.5,2,0.6309297535714574,False,True,False,False,False,0,0,1,1,2,0,1,1,0,0,2
differentiated,S_0036433,1,1,1,0,1,0,0.0,1.0,0.0,1,-0.0,False,False,False,False,False,0,0,1,0,1,0,1,0,0,0,1
differentiated,S_0036442,1,1,1,0,1,0,0.0,1.0,0.0,1,-0.0,False,False,False,False,False,0,0,1,0,1,0,1,0,0,0,1
differentiated,S_0036449,1,1,1,0,1,0,0.0,1.0,0.0,1,-0.0,False,False,False,False,False,0,0,1,0,1,1,0,0,0,0,1
differentiated,S_0036450,1,1,1,0,1,0,0.0,1.0,0.0,1,-0.0,False,False,False,False,False,0,0,1,0,1,1,0,0,0,0,1
differentiated,S_0036457,1,1,1,0,1,0,0.0,1.0,0.0,1,-0.0,False,False,False,False,False,0,0,0,1,1,0,0,0,0,1,1
differentiated,S_0036458,1,1,1,0,1,0,0.0,1.0,0.0,1,-0.0,False,False,False,False,False,0,0,0,1,1,0,0,0,0,1,1
differentiated,S_0036467,1,1,1,0,1,0,0.0,1.0,0.0,1,-0.0,False,False,False,False,False,0,0,0,1,1,0,0,0,0,1,1
differentiated,S_0036487,1,1,1,1,0,0,1.0,0.0,0.0,1,-0.0,False,False,False,False,False,0,0,0,1,1,0,0,0,1,0,1
differentiated,S_0036488,1,1,1,1,0,0,1.0,0.0,0.0,1,-0.0,False,False,False,False,False,0,0,0,1,1,0,0,0,1,0,1
differentiated,S_0036605,1,1,1,1,0,0,1.0,0.0,0.0,1,-0.0,False,False,False,False,False,0,0,0,1,1,0,0,1,0,0,1
differentiated,S_0036606,1,1,1,1,0,0,1.0,0.0,0.0,1,-0.0,False,False,False,False,False,0,0,0,1,1,0,0,1,0,0,1
differentiated,S_0036687,2,2,2,0,2,0,0.0,1.0,0.0,1,-0.0,False,True,False,False,False,0,0,0,2,1,0,0,0,2,0,1
differentiated,S_0036806,1,1,1,0,0,1,0.0,0.0,1.0,1,-0.0,False,False,False,False,False,0,0,1,0,1,1,0,0,0,0,1
differentiated,S_0036815,2,1,2,1,0,0,1.0,0.0,0.0,1,-0.0,False,False,False,False,False,0,0,0,1,1,1,0,0,0,0,1
differentiated,S_0036816,2,1,2,1,0,0,1.0,0.0,0.0,1,-0.0,False,False,False,False,False,0,0,0,1,1,1,0,0,0,0,1
differentiated,S_0036817,1,1,1,0,1,0,0.0,1.0,0.0,1,-0.0,False,False,False,False,False,0,1,0,0,1,0,0,0,0,1,1
differentiated,S_0036820,1,1,1,0,1,0,0.0,1.0,0.0,1,-0.0,False,False,False,False,False,0,1,0,0,1,0,0,0,0,1,1
differentiated,S_0036822,1,1,1,0,1,0,0.0,1.0,0.0,1,-0.0,False,False,False,False,False,0,1,0,0,1,0,0,0,0,1,1
differentiated,S_0036824,1,1,1,0,1,0,0.0,1.0,0.0,1,-0.0,False,False,False,False,False,0,1,0,0,1,0,0,0,0,1,1
differentiated,S_0036826,1,1,1,0,1,0,0.0,1.0,0.0,1,-0.0,False,False,False,False,False,0,1,0,0,1,0,0,0,0,1,1
differentiated,S_0036829,1,1,1,0,1,0,0.0,1.0,0.0,1,-0.0,False,False,False,False,False,0,1,0,0,1,0,0,0,0,1,1
differentiated,S_0036831,1,1,1,0,1,0,0.0,1.0,0.0,1,-0.0,False,False,False,False,False,0,1,0,0,1,0,0,0,0,1,1
differentiated,S_0036833,1,1,1,0,1,0,0.0,1.0,0.0,1,-0.0,False,False,False,False,False,0,1,0,0,1,0,0,0,0,1,1
differentiated,S_0036841,1,1,1,0,1,0,0.0,1.0,0.0,1,-0.0,False,False,False,False,False,0,1,0,0,1,0,0,0,0,1,1
differentiated,S_0036843,1,1,1,0,1,0,0.0,1.0,0.0,1,-0.0,False,False,False,False,False,0,1,0,0,1,0,0,0,0,1,1
differentiated,S_0036887,1,1,1,0,1,0,0.0,1.0,0.0,1,-0.0,False,False,False,False,False,0,1,0,0,1,0,0,0,0,1,1
differentiated,S_0036941,1,1,1,1,0,0,1.0,0.0,0.0,1,-0.0,False,False,False,False,False,0,0,0,1,1,1,0,0,0,0,1
differentiated,S_0036945,1,1,1,1,0,0,1.0,0.0,0.0,1,-0.0,False,False,False,False,False,0,0,0,1,1,1,0,0,0,0,1
differentiated,S_0036976,1,1,1,0,1,0,0.0,1.0,0.0,1,-0.0,False,False,False,False,False,0,0,1,0,1,0,0,0,1,0,1
differentiated,S_0036992,1,1,1,0,1,0,0.0,1.0,0.0,1,-0.0,False,False,False,False,False,0,0,1,0,1,0,0,0,0,1,1
differentiated,S_0037021,2,2,1,0,2,0,0.0,1.0,0.0,1,-0.0,False,True,False,False,False,0,0,2,0,1,0,0,0,1,1,2
differentiated,S_0037066,2,2,1,0,2,0,0.0,1.0,0.0,1,-0.0,False,True,False,False,False,0,0,2,0,1,0,0,0,1,1,2
differentiated,S_0037067,2,2,1,0,2,0,0.0,1.0,0.0,1,-0.0,False,True,False,False,False,0,0,2,0,1,0,0,0,1,1,2
differentiated,S_0037069,4,4,2,0,2,2,0.0,0.5,0.5,2,0.6309297535714574,False,True,True,False,False,0,1,3,0,2,1,1,0,1,1,4
differentiated,S_0037094,2,2,1,0,2,0,0.0,1.0,0.0,1,-0.0,False,True,False,False,False,0,0,2,0,1,0,0,0,1,1,2
differentiated,S_0037130,1,1,1,0,0,1,0.0,0.0,1.0,1,-0.0,False,False,False,False,False,0,0,1,0,1,0,0,0,0,1,1
differentiated,S_0037142,2,2,2,0,2,0,0.0,1.0,0.0,1,-0.0,False,True,False,False,False,0,0,2,0,1,0,1,0,1,0,2
differentiated,S_0037147,2,2,2,0,2,0,0.0,1.0,0.0,1,-0.0,False,True,False,False,False,0,0,2,0,1,0,1,0,1,0,2
differentiated,S_0037153,2,2,2,0,2,0,0.0,1.0,0.0,1,-0.0,False,True,False,False,False,0,0,2,0,1,0,1,0,1,0,2
differentiated,S_0037154,2,2,2,0,2,0,0.0,1.0,0.0,1,-0.0,False,True,False,False,False,0,0,2,0,1,0,1,0,1,0,2
differentiated,S_0037156,2,2,2,0,2,0,0.0,1.0,0.0,1,-0.0,False,True,False,False,False,0,0,2,0,1,0,1,0,1,0,2
differentiated,S_0037158,4,4,4,2,2,0,0.5,0.5,0.0,2,0.6309297535714574,False,True,True,False,False,0,0,1,3,2,3,1,0,0,0,2
differentiated,S_0037164,1,1,1,0,1,0,0.0,1.0,0.0,1,-0.0,False,False,False,False,False,0,0,1,0,1,0,1,0,0,0,1
differentiated,S_0037167,1,1,1,0,1,0,0.0,1.0,0.0,1,-0.0,False,False,False,False,False,0,0,1,0,1,0,1,0,0,0,1
differentiated,S_0037168,1,1,1,0,1,0,0.0,1.0,0.0,1,-0.0,False,False,False,False,False,0,0,1,0,1,0,1,0,0,0,1
differentiated,S_0037186,4,4,4,2,2,0,0.5,0.5,0.0,2,0.6309297535714574,False,True,True,False,False,0,0,1,3,2,3,1,0,0,0,2
differentiated,S_0037188,4,4,4,2,2,0,0.5,0.5,0.0,2,0.6309297535714574,False,True,True,False,False,0,0,1,3,2,3,1,0,0,0,2
differentiated,S_0037283,1,1,1,1,0,0,1.0,0.0,0.0,1,-0.0,False,False,False,False,False,0,0,0,1,1,1,0,0,0,0,1
differentiated,S_0037287,2,1,2,1,0,0,1.0,0.0,0.0,1,-0.0,False,False,False,False,False,0,0,0,1,1,1,0,0,0,0,1
differentiated,S_0037288,1,1,1,1,0,0,1.0,0.0,0.0,1,-0.0,False,False,False,False,False,0,0,0,1,1,1,0,0,0,0,1
differentiated,S_0037426,1,1,1,0,0,1,0.0,0.0,1.0,1,-0.0,False,False,False,False,False,0,0,1,0,1,0,0,0,0,1,1
differentiated,S_0037428,1,1,1,0,0,1,0.0,0.0,1.0,1,-0.0,False,False,False,False,False,0,0,1,0,1,0,0,0,0,1,1
differentiated,S_0037433,1,1,1,0,0,1,0.0,0.0,1.0,1,-0.0,False,False,False,False,False,0,0,1,0,1,0,0,0,0,1,1
differentiated,S_0037648,1,1,1,0,1,0,0.0,1.0,0.0,1,-0.0,False,False,False,False,False,0,0,0,1,1,0,0,0,1,0,1
differentiated,S_0037650,2,1,2,0,1,0,0.0,1.0,0.0,1,-0.0,False,False,False,False,False,0,0,0,1,1,0,0,0,1,0,1
differentiated,S_0037681,1,1,1,0,1,0,0.0,1.0,0.0,1,-0.0,False,False,False,False,False,0,0,0,1,1,1,0,0,0,0,1
differentiated,S_0037686,5,3,5,2,1,0,0.6666666666666666,0.3333333333333333,0.0,2,0.5793801642856949,False,True,True,False,False,0,0,0,3,1,2,0,0,1,0,2
differentiated,S_0037694,3,3,3,2,1,0,0.6666666666666666,0.3333333333333333,0.0,2,0.5793801642856949,False,True,True,False,False,0,0,0,3,1,2,0,0,1,0,2
differentiated,S_0037698,3,3,3,2,1,0,0.6666666666666666,0.3333333333333333,0.0,2,0.5793801642856949,False,True,True,False,False,0,0,0,3,1,2,0,0,1,0,2
differentiated,S_0037700,3,3,3,2,1,0,0.6666666666666666,0.3333333333333333,0.0,2,0.5793801642856949,False,True,True,False,False,0,0,0,3,1,2,0,0,1,0,2
differentiated,S_0037701,1,1,1,1,0,0,1.0,0.0,0.0,1,-0.0,False,False,False,False,False,0,0,1,0,1,0,0,0,0,1,1
differentiated,S_0037703,1,1,1,1,0,0,1.0,0.0,0.0,1,-0.0,False,False,False,False,False,0,0,1,0,1,0,0,0,0,1,1
differentiated,S_0037707,1,1,1,1,0,0,1.0,0.0,0.0,1,-0.0,False,False,False,False,False,0,0,1,0,1,0,0,0,0,1,1
differentiated,S_0037718,2,1,2,1,0,0,1.0,0.0,0.0,1,-0.0,False,False,False,False,False,0,0,0,1,1,1,0,0,0,0,1
differentiated,S_0037725,1,1,1,1,0,0,1.0,0.0,0.0,1,-0.0,False,False,False,False,False,0,0,0,1,1,1,0,0,0,0,1
differentiated,S_0037760,2,2,2,1,1,0,0.5,0.5,0.0,2,0.6309297535714574,False,True,False,False,False,0,0,2,0,1,1,0,0,0,1,2
differentiated,S_0037772,1,1,1,0,1,0,0.0,1.0,0.0,1,-0.0,False,False,False,False,False,0,0,1,0,1,1,0,0,0,0,1
differentiated,S_0037773,1,1,1,0,1,0,0.0,1.0,0.0,1,-0.0,False,False,False,False,False,0,0,1,0,1,1,0,0,0,0,1
differentiated,S_0037778,1,1,1,1,0,0,1.0,0.0,0.0,1,-0.0,False,False,False,False,False,0,0,1,0,1,0,0,0,0,1,1
differentiated,S_0037779,1,1,1,1,0,0,1.0,0.0,0.0,1,-0.0,False,False,False,False,False,0,0,1,0,1,0,0,0,0,1,1
differentiated,S_0037781,1,1,1,0,1,0,0.0,1.0,0.0,1,-0.0,False,False,False,False,False,0,0,1,0,1,0,0,0,0,1,1
differentiated,S_0037783,1,1,1,0,1,0,0.0,1.0,0.0,1,-0.0,False,False,False,False,False,0,0,1,0,1,1,0,0,0,0,1
differentiated,S_0037784,1,1,1,0,1,0,0.0,1.0,0.0,1,-0.0,False,False,False,False,False,0,0,1,0,1,1,0,0,0,0,1
differentiated,S_0037785,2,1,2,0,1,0,0.0,1.0,0.0,1,-0.0,False,False,False,False,False,0,0,1,0,1,1,0,0,0,0,1
differentiated,S_0037787,1,1,1,0,1,0,0.0,1.0,0.0,1,-0.0,False,False,False,False,False,0,0,1,0,1,1,0,0,0,0,1
differentiated,S_0037788,1,1,1,0,1,0,0.0,1.0,0.0,1,-0.0,False,False,False,False,False,0,0,1,0,1,1,0,0,0,0,1
differentiated,S_0037794,1,1,1,0,1,0,0.0,1.0,0.0,1,-0.0,False,False,False,False,False,0,0,1,0,1,0,0,0,0,1,1
differentiated,S_0037802,1,1,1,0,1,0,0.0,1.0,0.0,1,-0.0,False,False,False,False,False,0,0,1,0,1,1,0,0,0,0,1
differentiated,S_0037824,1,1,1,0,1,0,0.0,1.0,0.0,1,-0.0,False,False,False,False,False,0,0,1,0,1,1,0,0,0,0,1
differentiated,S_0037830,3,3,3,2,1,0,0.6666666666666666,0.3333333333333333,0.0,2,0.5793801642856949,False,True,True,False,False,0,0,0,3,1,2,0,0,1,0,2
differentiated,S_0037849,3,3,3,2,1,0,0.6666666666666666,0.3333333333333333,0.0,2,0.5793801642856949,False,True,True,False,False,0,0,0,3,1,2,0,0,1,0,2
differentiated,S_0037870,4,3,4,2,1,0,0.6666666666666666,0.3333333333333333,0.0,2,0.5793801642856949,False,True,True,False,False,0,0,0,3,1,2,0,0,1,0,2
differentiated,S_0037880,6,3,6,2,1,0,0.6666666666666666,0.3333333333333333,0.0,2,0.5793801642856949,False,True,True,False,False,0,0,0,3,1,2,0,0,1,0,2
differentiated,S_0037887,2,2,2,1,1,0,0.5,0.5,0.0,2,0.6309297535714574,False,True,False,False,False,0,0,2,0,1,1,0,0,0,1,2
differentiated,S_0037900,1,1,1,0,1,0,0.0,1.0,0.0,1,-0.0,False,False,False,False,False,0,0,1,0,1,0,0,0,0,1,1
differentiated,S_0037903,1,1,1,0,1,0,0.0,1.0,0.0,1,-0.0,False,False,False,False,False,0,0,1,0,1,0,0,0,0,1,1
differentiated,S_0037904,1,1,1,0,1,0,0.0,1.0,0.0,1,-0.0,False,False,False,False,False,0,0,1,0,1,1,0,0,0,0,1
differentiated,S_0037924,1,1,1,0,1,0,0.0,1.0,0.0,1,-0.0,False,False,False,False,False,0,0,1,0,1,1,0,0,0,0,1
differentiated,S_0037925,1,1,1,0,1,0,0.0,1.0,0.0,1,-0.0,False,False,False,False,False,0,0,1,0,1,1,0,0,0,0,1
differentiated,S_0037927,1,1,1,0,1,0,0.0,1.0,0.0,1,-0.0,False,False,False,False,False,0,0,1,0,1,1,0,0,0,0,1
differentiated,S_0037928,1,1,1,0,1,0,0.0,1.0,0.0,1,-0.0,False,False,False,False,False,0,0,1,0,1,1,0,0,0,0,1
differentiated,S_0037953,3,3,2,1,2,0,0.3333333333333333,0.6666666666666666,0.0,2,0.5793801642856949,False,True,True,False,False,0,0,3,0,1,2,0,0,0,1,2
differentiated,S_0037954,1,1,1,1,0,0,1.0,0.0,0.0,1,-0.0,False,False,False,False,False,0,0,0,1,1,0,0,0,1,0,1
differentiated,S_0038012,2,2,1,0,2,0,0.0,1.0,0.0,1,-0.0,False,True,False,False,False,0,0,2,0,1,2,0,0,0,0,1
differentiated,S_0038014,2,2,1,0,2,0,0.0,1.0,0.0,1,-0.0,False,True,False,False,False,0,0,2,0,1,2,0,0,0,0,1
differentiated,S_0038027,1,1,1,0,1,0,0.0,1.0,0.0,1,-0.0,False,False,False,False,False,0,0,1,0,1,1,0,0,0,0,1
differentiated,S_0038029,1,1,1,0,1,0,0.0,1.0,0.0,1,-0.0,False,False,False,False,False,0,0,1,0,1,1,0,0,0,0,1
differentiated,S_0038036,4,4,2,1,3,0,0.25,0.75,0.0,2,0.5118595071429147,False,True,True,False,False,0,0,4,0,1,2,0,0,1,1,3
differentiated,S_0038039,4,4,2,1,3,0,0.25,0.75,0.0,2,0.5118595071429147,False,True,True,False,False,0,0,4,0,1,2,0,0,1,1,3
differentiated,S_0038041,1,1,1,0,1,0,0.0,1.0,0.0,1,-0.0,False,False,False,False,False,0,0,1,0,1,0,0,0,1,0,1
differentiated,S_0038045,3,3,2,1,2,0,0.3333333333333333,0.6666666666666666,0.0,2,0.5793801642856949,False,True,True,False,False,0,0,3,0,1,2,0,0,0,1,2
differentiated,S_0038091,1,1,1,0,1,0,0.0,1.0,0.0,1,-0.0,False,False,False,False,False,0,0,1,0,1,1,0,0,0,0,1
differentiated,S_0038092,1,1,1,0,1,0,0.0,1.0,0.0,1,-0.0,False,False,False,False,False,0,0,1,0,1,1,0,0,0,0,1
differentiated,S_0038094,4,4,2,0,2,2,0.0,0.5,0.5,2,0.6309297535714574,False,True,True,False,False,0,1,3,0,2,1,1,0,1,1,4
differentiated,S_0038154,1,1,1,1,0,0,1.0,0.0,0.0,1,-0.0,False,False,False,False,False,0,0,0,1,1,1,0,0,0,0,1
differentiated,S_0038214,1,1,1,1,0,0,1.0,0.0,0.0,1,-0.0,False,False,False,False,False,0,0,0,1,1,1,0,0,0,0,1
differentiated,S_0038302,1,1,1,1,0,0,1.0,0.0,0.0,1,-0.0,False,False,False,False,False,0,0,0,1,1,0,1,0,0,0,1
differentiated,S_0038309,1,1,1,1,0,0,1.0,0.0,0.0,1,-0.0,False,False,False,False,False,0,0,0,1,1,1,0,0,0,0,1
differentiated,S_0038424,1,1,1,1,0,0,1.0,0.0,0.0,1,-0.0,False,False,False,False,False,0,0,0,1,1,1,0,0,0,0,1
differentiated,S_0038425,1,1,1,1,0,0,1.0,0.0,0.0,1,-0.0,False,False,False,False,False,0,0,0,1,1,1,0,0,0,0,1
differentiated,S_0038431,1,1,1,1,0,0,1.0,0.0,0.0,1,-0.0,False,False,False,False,False,0,0,0,1,1,1,0,0,0,0,1
differentiated,S_0038433,1,1,1,1,0,0,1.0,0.0,0.0,1,-0.0,False,False,False,False,False,0,0,0,1,1,1,0,0,0,0,1
differentiated,S_0038437,1,1,1,1,0,0,1.0,0.0,0.0,1,-0.0,False,False,False,False,False,0,0,0,1,1,1,0,0,0,0,1
differentiated,S_0038465,1,1,1,1,0,0,1.0,0.0,0.0,1,-0.0,False,False,False,False,False,0,0,0,1,1,0,0,0,1,0,1
differentiated,S_0038473,1,1,1,1,0,0,1.0,0.0,0.0,1,-0.0,False,False,False,False,False,0,0,0,1,1,0,0,0,1,0,1
differentiated,S_0038488,1,1,1,0,1,0,0.0,1.0,0.0,1,-0.0,False,False,False,False,False,0,0,0,1,1,0,0,0,0,1,1
differentiated,S_0038527,3,3,1,0,3,0,0.0,1.0,0.0,1,-0.0,False,True,True,False,False,0,0,3,0,1,1,1,0,0,1,3
differentiated,S_0038528,3,3,1,0,3,0,0.0,1.0,0.0,1,-0.0,False,True,True,False,False,0,0,3,0,1,1,1,0,0,1,3
differentiated,S_0038546,1,1,1,0,1,0,0.0,1.0,0.0,1,-0.0,False,False,False,False,False,0,0,1,0,1,1,0,0,0,0,1
differentiated,S_0038547,2,2,1,0,2,0,0.0,1.0,0.0,1,-0.0,False,True,False,False,False,0,0,2,0,1,0,1,0,0,1,2
differentiated,S_0038549,1,1,1,0,1,0,0.0,1.0,0.0,1,-0.0,False,False,False,False,False,0,0,1,0,1,0,1,0,0,0,1
differentiated,S_0038550,2,2,1,0,2,0,0.0,1.0,0.0,1,-0.0,False,True,False,False,False,0,0,2,0,1,1,1,0,0,0,2
differentiated,S_0038552,3,3,2,0,2,1,0.0,0.6666666666666666,0.3333333333333333,2,0.5793801642856949,False,True,True,False,False,0,1,2,0,2,1,0,0,1,1,3
differentiated,S_0038553,3,3,2,0,2,1,0.0,0.6666666666666666,0.3333333333333333,2,0.5793801642856949,False,True,True,False,False,0,1,2,0,2,1,0,0,1,1,3
differentiated,S_0038554,4,4,2,0,2,2,0.0,0.5,0.5,2,0.6309297535714574,False,True,True,False,False,0,1,3,0,2,1,1,0,1,1,4
differentiated,S_0038555,1,1,1,0,0,1,0.0,0.0,1.0,1,-0.0,False,False,False,False,False,0,0,1,0,1,0,1,0,0,0,1
differentiated,S_0038556,3,3,2,0,2,1,0.0,0.6666666666666666,0.3333333333333333,2,0.5793801642856949,False,True,True,False,False,0,1,2,0,2,1,0,0,1,1,3
differentiated,S_0038557,4,4,2,0,2,2,0.0,0.5,0.5,2,0.6309297535714574,False,True,True,False,False,0,1,3,0,2,1,1,0,1,1,4
differentiated,S_0038559,4,4,2,0,2,2,0.0,0.5,0.5,2,0.6309297535714574,False,True,True,False,False,0,1,3,0,2,1,1,0,1,1,4
differentiated,S_0038561,4,4,2,0,2,2,0.0,0.5,0.5,2,0.6309297535714574,False,True,True,False,False,0,1,3,0,2,1,1,0,1,1,4
differentiated,S_0038563,4,4,2,0,2,2,0.0,0.5,0.5,2,0.6309297535714574,False,True,True,False,False,0,1,3,0,2,1,1,0,1,1,4
differentiated,S_0038564,4,4,2,0,2,2,0.0,0.5,0.5,2,0.6309297535714574,False,True,True,False,False,0,1,3,0,2,1,1,0,1,1,4
differentiated,S_0038569,2,2,1,0,2,0,0.0,1.0,0.0,1,-0.0,False,True,False,False,False,0,0,2,0,1,1,1,0,0,0,2
differentiated,S_0038570,3,3,1,0,3,0,0.0,1.0,0.0,1,-0.0,False,True,True,False,False,0,0,3,0,1,1,1,0,0,1,3
differentiated,S_0038572,3,3,1,0,3,0,0.0,1.0,0.0,1,-0.0,False,True,True,False,False,0,0,3,0,1,1,1,0,0,1,3
differentiated,S_0038575,3,3,1,0,3,0,0.0,1.0,0.0,1,-0.0,False,True,True,False,False,0,0,3,0,1,1,1,0,0,1,3
differentiated,S_0038576,3,3,1,0,3,0,0.0,1.0,0.0,1,-0.0,False,True,True,False,False,0,0,3,0,1,1,1,0,0,1,3
differentiated,S_0038580,3,3,1,0,3,0,0.0,1.0,0.0,1,-0.0,False,True,True,False,False,0,0,3,0,1,1,1,0,0,1,3
differentiated,S_0038582,3,3,1,0,3,0,0.0,1.0,0.0,1,-0.0,False,True,True,False,False,0,0,3,0,1,1,1,0,0,1,3
differentiated,S_0038583,1,1,1,0,0,1,0.0,0.0,1.0,1,-0.0,False,False,False,False,False,0,0,1,0,1,1,0,0,0,0,1
differentiated,S_0038584,1,1,1,0,1,0,0.0,1.0,0.0,1,-0.0,False,False,False,False,False,0,0,1,0,1,0,1,0,0,0,1
differentiated,S_0038585,2,2,2,0,1,1,0.0,0.5,0.5,2,0.6309297535714574,False,True,False,False,False,0,0,2,0,1,1,1,0,0,0,2
differentiated,S_0038586,3,3,3,2,0,1,0.6666666666666666,0.0,0.3333333333333333,2,0.5793801642856949,False,True,True,False,False,0,0,1,2,2,3,0,0,0,0,1
differentiated,S_0038587,2,2,1,0,2,0,0.0,1.0,0.0,1,-0.0,False,True,False,False,False,0,0,2,0,1,0,1,0,1,0,2
differentiated,S_0038588,5,5,3,2,2,1,0.4,0.4,0.2,3,0.9602297178607612,True,True,True,True,False,0,0,3,2,2,3,1,0,1,0,3
differentiated,S_0038590,3,3,1,0,2,1,0.0,0.6666666666666666,0.3333333333333333,2,0.5793801642856949,False,True,True,False,False,0,0,3,0,1,1,1,0,1,0,3
differentiated,S_0038591,3,3,1,0,2,1,0.0,0.6666666666666666,0.3333333333333333,2,0.5793801642856949,False,True,True,False,False,0,0,3,0,1,1,1,0,1,0,3
differentiated,S_0038593,2,2,2,2,0,0,1.0,0.0,0.0,1,-0.0,False,True,False,False,False,0,0,0,2,1,2,0,0,0,0,1
differentiated,S_0038595,2,2,2,2,0,0,1.0,0.0,0.0,1,-0.0,False,True,False,False,False,0,0,0,2,1,2,0,0,0,0,1
differentiated,S_0038596,1,1,1,0,1,0,0.0,1.0,0.0,1,-0.0,False,False,False,False,False,0,1,0,0,1,0,0,0,0,1,1
differentiated,S_0038598,1,1,1,0,1,0,0.0,1.0,0.0,1,-0.0,False,False,False,False,False,0,1,0,0,1,0,0,0,0,1,1
differentiated,S_0038599,1,1,1,0,1,0,0.0,1.0,0.0,1,-0.0,False,False,False,False,False,0,1,0,0,1,0,0,0,0,1,1
differentiated,S_0038600,1,1,1,0,1,0,0.0,1.0,0.0,1,-0.0,False,False,False,False,False,0,1,0,0,1,0,0,0,0,1,1
differentiated,S_0038602,3,3,2,0,2,1,0.0,0.6666666666666666,0.3333333333333333,2,0.5793801642856949,False,True,True,False,False,0,1,2,0,2,1,0,0,1,1,3
differentiated,S_0038604,3,3,2,0,2,1,0.0,0.6666666666666666,0.3333333333333333,2,0.5793801642856949,False,True,True,False,False,0,1,2,0,2,1,0,0,1,1,3
differentiated,S_0038605,2,2,1,0,2,0,0.0,1.0,0.0,1,-0.0,False,True,False,False,False,0,0,2,0,1,0,1,0,0,1,2
differentiated,S_0038606,2,2,1,0,2,0,0.0,1.0,0.0,1,-0.0,False,True,False,False,False,0,0,2,0,1,0,1,0,0,1,2
differentiated,S_0038609,2,2,1,0,2,0,0.0,1.0,0.0,1,-0.0,False,True,False,False,False,0,0,2,0,1,0,1,0,0,1,2
differentiated,S_0038610,2,2,1,0,2,0,0.0,1.0,0.0,1,-0.0,False,True,False,False,False,0,0,2,0,1,0,1,0,0,1,2
differentiated,S_0038611,2,2,1,0,2,0,0.0,1.0,0.0,1,-0.0,False,True,False,False,False,0,0,2,0,1,0,1,0,0,1,2
differentiated,S_0038614,6,6,5,2,4,0,0.3333333333333333,0.6666666666666666,0.0,2,0.5793801642856949,True,True,True,True,False,0,0,2,4,2,2,1,0,2,1,4
differentiated,S_0038615,8,6,7,2,4,0,0.3333333333333333,0.6666666666666666,0.0,2,0.5793801642856949,True,True,True,True,False,0,0,2,4,2,2,1,0,2,1,4
differentiated,S_0038618,2,2,1,0,2,0,0.0,1.0,0.0,1,-0.0,False,True,False,False,False,0,0,2,0,1,0,1,0,0,1,2
differentiated,S_0038619,2,2,1,0,2,0,0.0,1.0,0.0,1,-0.0,False,True,False,False,False,0,0,2,0,1,0,1,0,0,1,2
differentiated,S_0038620,4,4,3,2,2,0,0.5,0.5,0.0,2,0.6309297535714574,False,True,True,False,False,0,0,2,2,2,2,1,0,0,1,3
differentiated,S_0038623,4,4,3,2,2,0,0.5,0.5,0.0,2,0.6309297535714574,False,True,True,False,False,0,0,2,2,2,2,1,0,0,1,3
differentiated,S_0038624,1,1,1,0,1,0,0.0,1.0,0.0,1,-0.0,False,False,False,False,False,0,0,1,0,1,0,0,0,0,1,1
differentiated,S_0038626,1,1,1,0,1,0,0.0,1.0,0.0,1,-0.0,False,False,False,False,False,0,0,1,0,1,0,1,0,0,0,1
differentiated,S_0038628,1,1,1,0,1,0,0.0,1.0,0.0,1,-0.0,False,False,False,False,False,0,0,1,0,1,0,1,0,0,0,1
differentiated,S_0038629,3,3,3,2,1,0,0.6666666666666666,0.3333333333333333,0.0,2,0.5793801642856949,False,True,True,False,False,0,0,1,2,2,2,1,0,0,0,2
differentiated,S_0038630,2,2,2,2,0,0,1.0,0.0,0.0,1,-0.0,False,True,False,False,False,0,0,0,2,1,2,0,0,0,0,1
differentiated,S_0038631,3,3,3,2,1,0,0.6666666666666666,0.3333333333333333,0.0,2,0.5793801642856949,False,True,True,False,False,0,0,1,2,2,2,1,0,0,0,2
differentiated,S_0038632,3,3,3,2,1,0,0.6666666666666666,0.3333333333333333,0.0,2,0.5793801642856949,False,True,True,False,False,0,0,1,2,2,2,1,0,0,0,2
differentiated,S_0038634,2,2,2,0,1,1,0.0,0.5,0.5,2,0.6309297535714574,False,True,False,False,False,0,0,2,0,1,1,1,0,0,0,2
differentiated,S_0038635,1,1,1,0,0,1,0.0,0.0,1.0,1,-0.0,False,False,False,False,False,0,0,1,0,1,1,0,0,0,0,1
differentiated,S_0038636,1,1,1,0,1,0,0.0,1.0,0.0,1,-0.0,False,False,False,False,False,0,0,1,0,1,0,1,0,0,0,1
differentiated,S_0038637,1,1,1,0,0,1,0.0,0.0,1.0,1,-0.0,False,False,False,False,False,0,0,1,0,1,1,0,0,0,0,1
differentiated,S_0038638,1,1,1,0,1,0,0.0,1.0,0.0,1,-0.0,False,False,False,False,False,0,0,1,0,1,0,1,0,0,0,1
differentiated,S_0038639,2,2,2,0,1,1,0.0,0.5,0.5,2,0.6309297535714574,False,True,False,False,False,0,0,2,0,1,1,1,0,0,0,2
differentiated,S_0038640,1,1,1,0,0,1,0.0,0.0,1.0,1,-0.0,False,False,False,False,False,0,0,1,0,1,1,0,0,0,0,1
differentiated,S_0038641,1,1,1,0,1,0,0.0,1.0,0.0,1,-0.0,False,False,False,False,False,0,0,1,0,1,0,1,0,0,0,1
differentiated,S_0038642,2,2,2,0,1,1,0.0,0.5,0.5,2,0.6309297535714574,False,True,False,False,False,0,0,2,0,1,1,1,0,0,0,2
differentiated,S_0038644,1,1,1,0,0,1,0.0,0.0,1.0,1,-0.0,False,False,False,False,False,0,0,1,0,1,1,0,0,0,0,1
differentiated,S_0038647,1,1,1,0,0,1,0.0,0.0,1.0,1,-0.0,False,False,False,False,False,0,0,1,0,1,1,0,0,0,0,1
differentiated,S_0038650,1,1,1,0,0,1,0.0,0.0,1.0,1,-0.0,False,False,False,False,False,0,0,1,0,1,1,0,0,0,0,1
differentiated,S_0038651,1,1,1,0,0,1,0.0,0.0,1.0,1,-0.0,False,False,False,False,False,0,0,1,0,1,1,0,0,0,0,1
differentiated,S_0038652,1,1,1,0,0,1,0.0,0.0,1.0,1,-0.0,False,False,False,False,False,0,0,1,0,1,1,0,0,0,0,1
differentiated,S_0038654,1,1,1,0,0,1,0.0,0.0,1.0,1,-0.0,False,False,False,False,False,0,0,1,0,1,1,0,0,0,0,1
differentiated,S_0038655,1,1,1,0,1,0,0.0,1.0,0.0,1,-0.0,False,False,False,False,False,0,0,1,0,1,1,0,0,0,0,1
differentiated,S_0038657,1,1,1,0,1,0,0.0,1.0,0.0,1,-0.0,False,False,False,False,False,0,0,1,0,1,1,0,0,0,0,1
differentiated,S_0038658,1,1,1,0,1,0,0.0,1.0,0.0,1,-0.0,False,False,False,False,False,0,0,1,0,1,1,0,0,0,0,1
differentiated,S_0038659,3,3,2,0,2,1,0.0,0.6666666666666666,0.3333333333333333,2,0.5793801642856949,False,True,True,False,False,0,1,2,0,2,1,0,0,1,1,3
differentiated,S_0038660,2,2,2,2,0,0,1.0,0.0,0.0,1,-0.0,False,True,False,False,False,0,0,0,2,1,2,0,0,0,0,1
differentiated,S_0038661,2,2,2,2,0,0,1.0,0.0,0.0,1,-0.0,False,True,False,False,False,0,0,0,2,1,2,0,0,0,0,1
differentiated,S_0038662,2,2,2,2,0,0,1.0,0.0,0.0,1,-0.0,False,True,False,False,False,0,0,0,2,1,2,0,0,0,0,1
differentiated,S_0038663,4,3,4,2,1,0,0.6666666666666666,0.3333333333333333,0.0,2,0.5793801642856949,False,True,True,False,False,0,0,0,3,1,3,0,0,0,0,1
differentiated,S_0038665,3,3,3,2,1,0,0.6666666666666666,0.3333333333333333,0.0,2,0.5793801642856949,False,True,True,False,False,0,0,0,3,1,3,0,0,0,0,1
differentiated,S_0038674,1,1,1,0,1,0,0.0,1.0,0.0,1,-0.0,False,False,False,False,False,0,0,1,0,1,0,1,0,0,0,1
differentiated,S_0038675,2,2,2,2,0,0,1.0,0.0,0.0,1,-0.0,False,True,False,False,False,0,0,0,2,1,2,0,0,0,0,1
differentiated,S_0038676,4,4,4,2,2,0,0.5,0.5,0.0,2,0.6309297535714574,False,True,True,False,False,0,0,1,3,2,3,1,0,0,0,2
differentiated,S_0038677,1,1,1,0,1,0,0.0,1.0,0.0,1,-0.0,False,False,False,False,False,0,0,1,0,1,0,1,0,0,0,1
differentiated,S_0038679,4,4,3,2,2,0,0.5,0.5,0.0,2,0.6309297535714574,False,True,True,False,False,0,0,2,2,2,2,1,0,1,0,3
differentiated,S_0038680,1,1,1,0,1,0,0.0,1.0,0.0,1,-0.0,False,False,False,False,False,0,0,1,0,1,0,0,0,1,0,1
differentiated,S_0038681,1,1,1,0,1,0,0.0,1.0,0.0,1,-0.0,False,False,False,False,False,0,0,1,0,1,0,1,0,0,0,1
differentiated,S_0038682,2,2,1,0,2,0,0.0,1.0,0.0,1,-0.0,False,True,False,False,False,0,0,2,0,1,0,1,0,1,0,2
differentiated,S_0038683,2,2,1,0,2,0,0.0,1.0,0.0,1,-0.0,False,True,False,False,False,0,0,2,0,1,0,1,0,1,0,2
differentiated,S_0038692,1,1,1,0,1,0,0.0,1.0,0.0,1,-0.0,False,False,False,False,False,0,0,0,1,1,0,0,0,0,1,1
differentiated,S_0038712,1,1,1,1,0,0,1.0,0.0,0.0,1,-0.0,False,False,False,False,False,0,0,0,1,1,0,0,0,1,0,1
differentiated,S_0038734,1,1,1,0,1,0,0.0,1.0,0.0,1,-0.0,False,False,False,False,False,0,0,0,1,1,0,0,0,1,0,1
differentiated,S_0038841,1,1,1,0,1,0,0.0,1.0,0.0,1,-0.0,False,False,False,False,False,0,0,1,0,1,1,0,0,0,0,1
differentiated,S_0038849,1,1,1,0,1,0,0.0,1.0,0.0,1,-0.0,False,False,False,False,False,0,0,1,0,1,1,0,0,0,0,1
differentiated,S_0038860,1,1,1,0,1,0,0.0,1.0,0.0,1,-0.0,False,False,False,False,False,0,0,1,0,1,1,0,0,0,0,1
differentiated,S_0038862,1,1,1,0,1,0,0.0,1.0,0.0,1,-0.0,False,False,False,False,False,0,0,1,0,1,1,0,0,0,0,1
differentiated,S_0038867,1,1,1,0,1,0,0.0,1.0,0.0,1,-0.0,False,False,False,False,False,0,0,1,0,1,1,0,0,0,0,1
differentiated,S_0038869,1,1,1,0,1,0,0.0,1.0,0.0,1,-0.0,False,False,False,False,False,0,0,1,0,1,1,0,0,0,0,1
differentiated,S_0038872,1,1,1,0,1,0,0.0,1.0,0.0,1,-0.0,False,False,False,False,False,0,0,1,0,1,1,0,0,0,0,1
differentiated,S_0038878,1,1,1,0,1,0,0.0,1.0,0.0,1,-0.0,False,False,False,False,False,0,0,1,0,1,1,0,0,0,0,1
differentiated,S_0038885,1,1,1,0,1,0,0.0,1.0,0.0,1,-0.0,False,False,False,False,False,0,0,1,0,1,1,0,0,0,0,1
differentiated,S_0038888,1,1,1,0,1,0,0.0,1.0,0.0,1,-0.0,False,False,False,False,False,0,0,1,0,1,1,0,0,0,0,1
differentiated,S_0038889,1,1,1,0,1,0,0.0,1.0,0.0,1,-0.0,False,False,False,False,False,0,0,1,0,1,1,0,0,0,0,1
differentiated,S_0038890,1,1,1,0,1,0,0.0,1.0,0.0,1,-0.0,False,False,False,False,False,0,0,1,0,1,1,0,0,0,0,1
differentiated,S_0038892,1,1,1,0,1,0,0.0,1.0,0.0,1,-0.0,False,False,False,False,False,0,0,1,0,1,1,0,0,0,0,1
differentiated,S_0038894,1,1,1,0,1,0,0.0,1.0,0.0,1,-0.0,False,False,False,False,False,0,0,1,0,1,1,0,0,0,0,1
differentiated,S_0038899,2,2,1,2,0,0,1.0,0.0,0.0,1,-0.0,False,True,False,False,False,0,0,0,2,1,2,0,0,0,0,1
differentiated,S_0038908,4,4,3,1,2,1,0.25,0.5,0.25,3,0.946394630357186,False,True,True,False,False,0,0,2,2,2,1,1,2,0,0,3
differentiated,S_0038911,4,4,3,1,2,1,0.25,0.5,0.25,3,0.946394630357186,False,True,True,False,False,0,0,2,2,2,1,1,2,0,0,3
differentiated,S_0038912,4,4,3,1,2,1,0.25,0.5,0.25,3,0.946394630357186,False,True,True,False,False,0,0,2,2,2,1,1,2,0,0,3
differentiated,S_0038915,4,4,3,1,2,1,0.25,0.5,0.25,3,0.946394630357186,False,True,True,False,False,0,0,2,2,2,1,1,2,0,0,3
differentiated,S_0038918,4,4,3,1,2,1,0.25,0.5,0.25,3,0.946394630357186,False,True,True,False,False,0,0,2,2,2,1,1,2,0,0,3
differentiated,S_0038921,1,1,1,0,1,0,0.0,1.0,0.0,1,-0.0,False,False,False,False,False,0,0,1,0,1,1,0,0,0,0,1
differentiated,S_0038922,1,1,1,0,1,0,0.0,1.0,0.0,1,-0.0,False,False,False,False,False,0,0,1,0,1,1,0,0,0,0,1
differentiated,S_0038930,1,1,1,1,0,0,1.0,0.0,0.0,1,-0.0,False,False,False,False,False,0,0,0,1,1,1,0,0,0,0,1
differentiated,S_0038932,1,1,1,1,0,0,1.0,0.0,0.0,1,-0.0,False,False,False,False,False,0,0,0,1,1,1,0,0,0,0,1
differentiated,S_0039045,1,1,1,1,0,0,1.0,0.0,0.0,1,-0.0,False,False,False,False,False,0,0,0,1,1,1,0,0,0,0,1
differentiated,S_0039059,2,2,1,0,2,0,0.0,1.0,0.0,1,-0.0,False,True,False,False,False,0,0,2,0,1,0,1,0,0,1,2
differentiated,S_0039061,4,4,3,2,2,0,0.5,0.5,0.0,2,0.6309297535714574,False,True,True,False,False,0,0,2,2,2,2,1,0,0,1,3
differentiated,S_0039062,2,2,2,2,0,0,1.0,0.0,0.0,1,-0.0,False,True,False,False,False,0,0,0,2,1,2,0,0,0,0,1
differentiated,S_0039064,6,4,5,2,2,0,0.5,0.5,0.0,2,0.6309297535714574,False,True,True,False,False,0,0,2,2,2,2,1,0,0,1,3
differentiated,S_0039257,1,1,1,0,1,0,0.0,1.0,0.0,1,-0.0,False,False,False,False,False,0,0,1,0,1,0,0,0,1,0,1
differentiated,S_0039265,1,1,1,0,1,0,0.0,1.0,0.0,1,-0.0,False,False,False,False,False,0,0,1,0,1,0,0,0,1,0,1
differentiated,S_0039268,1,1,1,0,1,0,0.0,1.0,0.0,1,-0.0,False,False,False,False,False,0,0,1,0,1,0,0,0,1,0,1
differentiated,S_0039292,1,1,1,0,1,0,0.0,1.0,0.0,1,-0.0,False,False,False,False,False,0,0,1,0,1,0,0,0,1,0,1
differentiated,S_0039347,1,1,1,0,1,0,0.0,1.0,0.0,1,-0.0,False,False,False,False,False,0,0,1,0,1,1,0,0,0,0,1
differentiated,S_0039352,1,1,1,0,0,1,0.0,0.0,1.0,1,-0.0,False,False,False,False,False,0,0,1,0,1,0,1,0,0,0,1
differentiated,S_0039359,1,1,1,0,0,1,0.0,0.0,1.0,1,-0.0,False,False,False,False,False,0,0,1,0,1,0,0,0,1,0,1
differentiated,S_0039363,1,1,1,0,0,1,0.0,0.0,1.0,1,-0.0,False,False,False,False,False,0,0,1,0,1,0,0,0,1,0,1
differentiated,S_0039365,1,1,1,0,0,1,0.0,0.0,1.0,1,-0.0,False,False,False,False,False,0,0,1,0,1,0,0,0,1,0,1
differentiated,S_0039367,1,1,1,0,0,1,0.0,0.0,1.0,1,-0.0,False,False,False,False,False,0,0,1,0,1,0,0,0,1,0,1
differentiated,S_0039371,1,1,1,0,0,1,0.0,0.0,1.0,1,-0.0,False,False,False,False,False,0,0,1,0,1,0,0,0,1,0,1
differentiated,S_0039373,1,1,1,0,0,1,0.0,0.0,1.0,1,-0.0,False,False,False,False,False,0,0,1,0,1,0,0,0,1,0,1
differentiated,S_0039394,1,1,1,0,0,1,0.0,0.0,1.0,1,-0.0,False,False,False,False,False,0,0,1,0,1,0,0,0,1,0,1
differentiated,S_0039395,1,1,1,0,0,1,0.0,0.0,1.0,1,-0.0,False,False,False,False,False,0,0,1,0,1,0,0,0,1,0,1
differentiated,S_0039413,1,1,1,0,1,0,0.0,1.0,0.0,1,-0.0,False,False,False,False,False,0,0,1,0,1,0,0,0,1,0,1
differentiated,S_0039461,1,1,1,0,1,0,0.0,1.0,0.0,1,-0.0,False,False,False,False,False,0,0,0,1,1,0,0,0,1,0,1
differentiated,S_0039465,1,1,1,0,1,0,0.0,1.0,0.0,1,-0.0,False,False,False,False,False,0,0,0,1,1,0,0,0,1,0,1
differentiated,S_0039515,1,1,1,0,1,0,0.0,1.0,0.0,1,-0.0,False,False,False,False,False,0,0,0,1,1,0,0,0,1,0,1
differentiated,S_0039835,2,2,1,0,2,0,0.0,1.0,0.0,1,-0.0,False,True,False,False,False,0,0,2,0,1,2,0,0,0,0,1
differentiated,S_0039840,1,1,1,0,1,0,0.0,1.0,0.0,1,-0.0,False,False,False,False,False,0,0,0,1,1,0,0,0,1,0,1
differentiated,S_0039864,1,1,1,0,0,1,0.0,0.0,1.0,1,-0.0,False,False,False,False,False,0,0,1,0,1,0,0,0,0,1,1
differentiated,S_0039866,1,1,1,0,0,1,0.0,0.0,1.0,1,-0.0,False,False,False,False,False,0,0,1,0,1,0,0,0,0,1,1
differentiated,S_0039867,1,1,1,0,0,1,0.0,0.0,1.0,1,-0.0,False,False,False,False,False,0,0,1,0,1,0,0,0,0,1,1
differentiated,S_0039937,1,1,1,0,1,0,0.0,1.0,0.0,1,-0.0,False,False,False,False,False,0,0,1,0,1,1,0,0,0,0,1
differentiated,S_0039958,1,1,1,0,1,0,0.0,1.0,0.0,1,-0.0,False,False,False,False,False,0,0,1,0,1,0,0,0,0,1,1
differentiated,S_0039962,1,1,1,0,1,0,0.0,1.0,0.0,1,-0.0,False,False,False,False,False,0,0,0,1,1,0,0,0,1,0,1
differentiated,S_0039990,1,1,1,0,1,0,0.0,1.0,0.0,1,-0.0,False,False,False,False,False,0,0,1,0,1,0,1,0,0,0,1
differentiated,S_0039992,1,1,1,0,1,0,0.0,1.0,0.0,1,-0.0,False,False,False,False,False,0,0,1,0,1,0,1,0,0,0,1
differentiated,S_0040008,1,1,1,1,0,0,1.0,0.0,0.0,1,-0.0,False,False,False,False,False,0,0,0,1,1,1,0,0,0,0,1
differentiated,S_0040045,1,1,1,0,0,1,0.0,0.0,1.0,1,-0.0,False,False,False,False,False,0,0,1,0,1,0,0,0,0,1,1
differentiated,S_0040077,1,1,1,0,1,0,0.0,1.0,0.0,1,-0.0,False,False,False,False,False,0,0,1,0,1,1,0,0,0,0,1
differentiated,S_0040081,3,3,2,0,3,0,0.0,1.0,0.0,1,-0.0,False,True,True,False,False,0,0,3,0,1,2,0,0,1,0,2
differentiated,S_0040082,3,3,2,0,3,0,0.0,1.0,0.0,1,-0.0,False,True,True,False,False,0,0,3,0,1,2,0,0,1,0,2
differentiated,S_0040087,1,1,1,0,1,0,0.0,1.0,0.0,1,-0.0,False,False,False,False,False,0,0,1,0,1,1,0,0,0,0,1
differentiated,S_0040088,1,1,1,0,1,0,0.0,1.0,0.0,1,-0.0,False,False,False,False,False,0,0,1,0,1,1,0,0,0,0,1
differentiated,S_0040089,1,1,1,0,1,0,0.0,1.0,0.0,1,-0.0,False,False,False,False,False,0,0,1,0,1,0,0,0,1,0,1
differentiated,S_0040092,1,1,1,0,1,0,0.0,1.0,0.0,1,-0.0,False,False,False,False,False,0,0,1,0,1,1,0,0,0,0,1
differentiated,S_0040160,1,1,1,0,0,1,0.0,0.0,1.0,1,-0.0,False,False,False,False,False,0,0,1,0,1,1,0,0,0,0,1
differentiated,S_0040161,1,1,1,0,0,1,0.0,0.0,1.0,1,-0.0,False,False,False,False,False,0,0,1,0,1,1,0,0,0,0,1
differentiated,S_0040163,1,1,1,0,0,1,0.0,0.0,1.0,1,-0.0,False,False,False,False,False,0,0,1,0,1,1,0,0,0,0,1
differentiated,S_0040165,1,1,1,0,0,1,0.0,0.0,1.0,1,-0.0,False,False,False,False,False,0,0,1,0,1,1,0,0,0,0,1
differentiated,S_0040174,1,1,1,0,0,1,0.0,0.0,1.0,1,-0.0,False,False,False,False,False,0,0,1,0,1,1,0,0,0,0,1
differentiated,S_0040202,1,1,1,1,0,0,1.0,0.0,0.0,1,-0.0,False,False,False,False,False,0,0,0,1,1,1,0,0,0,0,1
differentiated,S_0040203,1,1,1,1,0,0,1.0,0.0,0.0,1,-0.0,False,False,False,False,False,0,0,0,1,1,1,0,0,0,0,1
differentiated,S_0040279,1,1,1,0,1,0,0.0,1.0,0.0,1,-0.0,False,False,False,False,False,0,0,1,0,1,1,0,0,0,0,1
differentiated,S_0040280,1,1,1,0,1,0,0.0,1.0,0.0,1,-0.0,False,False,False,False,False,0,0,1,0,1,1,0,0,0,0,1
differentiated,S_0040300,1,1,1,0,1,0,0.0,1.0,0.0,1,-0.0,False,False,False,False,False,0,0,1,0,1,0,1,0,0,0,1
differentiated,S_0040301,1,1,1,0,1,0,0.0,1.0,0.0,1,-0.0,False,False,False,False,False,0,0,1,0,1,0,1,0,0,0,1
differentiated,S_0040302,4,4,3,2,2,0,0.5,0.5,0.0,2,0.6309297535714574,False,True,True,False,False,0,0,2,2,2,2,1,0,0,1,3
differentiated,S_0040303,2,2,1,0,2,0,0.0,1.0,0.0,1,-0.0,False,True,False,False,False,0,0,2,0,1,0,1,0,0,1,2
differentiated,S_0040320,1,1,1,0,1,0,0.0,1.0,0.0,1,-0.0,False,False,False,False,False,0,0,0,1,1,0,0,1,0,0,1
differentiated,S_0040321,1,1,1,0,1,0,0.0,1.0,0.0,1,-0.0,False,False,False,False,False,0,0,0,1,1,0,0,1,0,0,1
differentiated,S_0040347,4,4,3,2,2,0,0.5,0.5,0.0,2,0.6309297535714574,False,True,True,False,False,0,0,2,2,2,2,1,0,0,1,3
differentiated,S_0040349,4,4,3,2,2,0,0.5,0.5,0.0,2,0.6309297535714574,False,True,True,False,False,0,0,2,2,2,2,1,0,0,1,3
differentiated,S_0040366,4,4,3,2,2,0,0.5,0.5,0.0,2,0.6309297535714574,False,True,True,False,False,0,0,2,2,2,2,1,0,0,1,3
differentiated,S_0040367,4,4,3,2,2,0,0.5,0.5,0.0,2,0.6309297535714574,False,True,True,False,False,0,0,2,2,2,2,1,0,0,1,3
differentiated,S_0040378,1,1,1,0,1,0,0.0,1.0,0.0,1,-0.0,False,False,False,False,False,0,0,1,0,1,1,0,0,0,0,1
differentiated,S_0040431,1,1,1,1,0,0,1.0,0.0,0.0,1,-0.0,False,False,False,False,False,0,0,0,1,1,1,0,0,0,0,1
differentiated,S_0040433,1,1,1,1,0,0,1.0,0.0,0.0,1,-0.0,False,False,False,False,False,0,0,0,1,1,1,0,0,0,0,1
differentiated,S_0040444,2,1,2,1,0,0,1.0,0.0,0.0,1,-0.0,False,False,False,False,False,0,0,0,1,1,1,0,0,0,0,1
differentiated,S_0040453,1,1,1,1,0,0,1.0,0.0,0.0,1,-0.0,False,False,False,False,False,0,0,0,1,1,1,0,0,0,0,1
differentiated,S_0040460,3,2,3,2,0,0,1.0,0.0,0.0,1,-0.0,False,True,False,False,False,0,0,0,2,1,2,0,0,0,0,1
differentiated,S_0040464,1,1,1,1,0,0,1.0,0.0,0.0,1,-0.0,False,False,False,False,False,0,0,0,1,1,1,0,0,0,0,1
differentiated,S_0040465,1,1,1,1,0,0,1.0,0.0,0.0,1,-0.0,False,False,False,False,False,0,0,0,1,1,1,0,0,0,0,1
differentiated,S_0040466,2,2,2,2,0,0,1.0,0.0,0.0,1,-0.0,False,True,False,False,False,0,0,0,2,1,2,0,0,0,0,1
differentiated,S_0040494,2,2,1,0,1,1,0.0,0.5,0.5,2,0.6309297535714574,False,True,False,False,False,0,0,2,0,1,1,0,0,1,0,2
differentiated,S_0040495,2,2,1,0,1,1,0.0,0.5,0.5,2,0.6309297535714574,False,True,False,False,False,0,0,2,0,1,1,0,0,1,0,2
differentiated,S_0040498,2,2,1,0,1,1,0.0,0.5,0.5,2,0.6309297535714574,False,True,False,False,False,0,0,2,0,1,1,0,0,1,0,2
differentiated,S_0040511,2,2,1,0,1,1,0.0,0.5,0.5,2,0.6309297535714574,False,True,False,False,False,0,0,2,0,1,1,0,0,0,1,2
differentiated,S_0040512,2,2,1,0,1,1,0.0,0.5,0.5,2,0.6309297535714574,False,True,False,False,False,0,0,2,0,1,1,0,0,0,1,2
differentiated,S_0040513,2,2,1,0,1,1,0.0,0.5,0.5,2,0.6309297535714574,False,True,False,False,False,0,0,2,0,1,1,0,0,0,1,2
differentiated,S_0040516,2,2,1,0,1,1,0.0,0.5,0.5,2,0.6309297535714574,False,True,False,False,False,0,0,2,0,1,1,0,0,0,1,2
differentiated,S_0040517,2,2,1,0,1,1,0.0,0.5,0.5,2,0.6309297535714574,False,True,False,False,False,0,0,2,0,1,1,0,0,0,1,2
differentiated,S_0040519,2,2,1,0,1,1,0.0,0.5,0.5,2,0.6309297535714574,False,True,False,False,False,0,0,2,0,1,1,0,0,0,1,2
differentiated,S_0040520,2,2,1,0,1,1,0.0,0.5,0.5,2,0.6309297535714574,False,True,False,False,False,0,0,2,0,1,1,0,0,0,1,2
differentiated,S_0040521,2,2,1,0,1,1,0.0,0.5,0.5,2,0.6309297535714574,False,True,False,False,False,0,0,2,0,1,1,0,0,0,1,2
differentiated,S_0040522,2,2,1,0,1,1,0.0,0.5,0.5,2,0.6309297535714574,False,True,False,False,False,0,0,2,0,1,1,0,0,0,1,2
differentiated,S_0040525,2,2,1,0,1,1,0.0,0.5,0.5,2,0.6309297535714574,False,True,False,False,False,0,0,2,0,1,1,0,0,0,1,2
differentiated,S_0040527,2,2,1,0,1,1,0.0,0.5,0.5,2,0.6309297535714574,False,True,False,False,False,0,0,2,0,1,1,0,0,0,1,2
differentiated,S_0040528,2,2,1,0,1,1,0.0,0.5,0.5,2,0.6309297535714574,False,True,False,False,False,0,0,2,0,1,1,0,0,0,1,2
differentiated,S_0040529,2,2,1,0,1,1,0.0,0.5,0.5,2,0.6309297535714574,False,True,False,False,False,0,0,2,0,1,1,0,0,0,1,2
differentiated,S_0040531,1,1,1,0,0,1,0.0,0.0,1.0,1,-0.0,False,False,False,False,False,0,0,1,0,1,0,0,0,0,1,1
differentiated,S_0040532,1,1,1,0,0,1,0.0,0.0,1.0,1,-0.0,False,False,False,False,False,0,0,1,0,1,0,0,0,0,1,1
differentiated,S_0040535,2,2,2,0,0,2,0.0,0.0,1.0,1,-0.0,False,True,False,False,False,0,0,2,0,1,0,1,0,0,1,2
differentiated,S_0040536,2,2,2,0,0,2,0.0,0.0,1.0,1,-0.0,False,True,False,False,False,0,0,2,0,1,0,1,0,0,1,2
differentiated,S_0040537,2,2,2,0,0,2,0.0,0.0,1.0,1,-0.0,False,True,False,False,False,0,0,2,0,1,0,1,0,0,1,2
differentiated,S_0040539,1,1,1,0,0,1,0.0,0.0,1.0,1,-0.0,False,False,False,False,False,0,0,1,0,1,0,1,0,0,0,1
differentiated,S_0040541,1,1,1,0,0,1,0.0,0.0,1.0,1,-0.0,False,False,False,False,False,0,0,1,0,1,0,0,0,0,1,1
differentiated,S_0040542,1,1,1,0,0,1,0.0,0.0,1.0,1,-0.0,False,False,False,False,False,0,0,1,0,1,0,1,0,0,0,1
differentiated,S_0040543,1,1,1,0,0,1,0.0,0.0,1.0,1,-0.0,False,False,False,False,False,0,0,1,0,1,0,1,0,0,0,1
differentiated,S_0040544,1,1,1,0,0,1,0.0,0.0,1.0,1,-0.0,False,False,False,False,False,0,0,1,0,1,0,0,0,0,1,1
differentiated,S_0040546,1,1,1,0,0,1,0.0,0.0,1.0,1,-0.0,False,False,False,False,False,0,0,1,0,1,0,0,0,0,1,1
differentiated,S_0040548,1,1,1,0,0,1,0.0,0.0,1.0,1,-0.0,False,False,False,False,False,0,0,1,0,1,0,0,0,0,1,1
differentiated,S_0040570,4,4,4,2,2,0,0.5,0.5,0.0,2,0.6309297535714574,False,True,True,False,False,0,0,0,4,1,2,0,0,2,0,2
differentiated,S_0040584,1,1,1,0,1,0,0.0,1.0,0.0,1,-0.0,False,False,False,False,False,0,0,0,1,1,0,0,0,0,1,1
differentiated,S_0040596,1,1,1,0,1,0,0.0,1.0,0.0,1,-0.0,False,False,False,False,False,0,0,1,0,1,1,0,0,0,0,1
differentiated,S_0040598,1,1,1,0,1,0,0.0,1.0,0.0,1,-0.0,False,False,False,False,False,0,0,1,0,1,1,0,0,0,0,1
differentiated,S_0040599,1,1,1,0,1,0,0.0,1.0,0.0,1,-0.0,False,False,False,False,False,0,0,1,0,1,1,0,0,0,0,1
differentiated,S_0040604,1,1,1,0,0,1,0.0,0.0,1.0,1,-0.0,False,False,False,False,False,0,0,1,0,1,0,1,0,0,0,1
differentiated,S_0040605,1,1,1,0,0,1,0.0,0.0,1.0,1,-0.0,False,False,False,False,False,0,0,1,0,1,0,1,0,0,0,1
differentiated,S_0040627,2,2,1,0,2,0,0.0,1.0,0.0,1,-0.0,False,True,False,False,False,0,0,2,0,1,0,1,0,0,1,2
differentiated,S_0040628,4,4,3,2,2,0,0.5,0.5,0.0,2,0.6309297535714574,False,True,True,False,False,0,0,2,2,2,2,1,0,0,1,3
differentiated,S_0040630,2,2,1,0,2,0,0.0,1.0,0.0,1,-0.0,False,True,False,False,False,0,0,2,0,1,0,1,0,0,1,2
differentiated,S_0040634,5,5,3,2,2,1,0.4,0.4,0.2,3,0.9602297178607612,True,True,True,True,False,0,0,3,2,2,3,1,0,1,0,3
differentiated,S_0040635,5,5,3,2,2,1,0.4,0.4,0.2,3,0.9602297178607612,True,True,True,True,False,0,0,3,2,2,3,1,0,1,0,3
differentiated,S_0040651,1,1,1,1,0,0,1.0,0.0,0.0,1,-0.0,False,False,False,False,False,0,0,0,1,1,1,0,0,0,0,1
differentiated,S_0040661,1,1,1,0,1,0,0.0,1.0,0.0,1,-0.0,False,False,False,False,False,0,0,0,1,1,0,0,0,0,1,1
differentiated,S_0040664,1,1,1,0,1,0,0.0,1.0,0.0,1,-0.0,False,False,False,False,False,0,0,0,1,1,0,0,0,0,1,1
differentiated,S_0040665,6,5,4,4,1,0,0.8,0.2,0.0,2,0.4554859150035952,True,True,True,True,False,0,0,0,5,1,2,1,0,1,1,4
differentiated,S_0040671,1,1,1,0,1,0,0.0,1.0,0.0,1,-0.0,False,False,False,False,False,0,0,0,1,1,0,0,1,0,0,1
differentiated,S_0040690,3,3,1,0,2,1,0.0,0.6666666666666666,0.3333333333333333,2,0.5793801642856949,False,True,True,False,False,0,0,3,0,1,1,1,0,1,0,3
differentiated,S_0040703,1,1,1,0,0,1,0.0,0.0,1.0,1,-0.0,False,False,False,False,False,0,0,1,0,1,0,0,0,0,1,1
differentiated,S_0040705,1,1,1,0,0,1,0.0,0.0,1.0,1,-0.0,False,False,False,False,False,0,0,1,0,1,0,0,0,0,1,1
differentiated,S_0040706,1,1,1,0,0,1,0.0,0.0,1.0,1,-0.0,False,False,False,False,False,0,0,1,0,1,0,0,0,0,1,1
differentiated,S_0040711,1,1,1,0,0,1,0.0,0.0,1.0,1,-0.0,False,False,False,False,False,0,0,1,0,1,0,0,0,0,1,1
differentiated,S_0040724,1,1,1,0,1,0,0.0,1.0,0.0,1,-0.0,False,False,False,False,False,0,0,1,0,1,1,0,0,0,0,1
differentiated,S_0040725,1,1,1,0,1,0,0.0,1.0,0.0,1,-0.0,False,False,False,False,False,0,0,1,0,1,1,0,0,0,0,1
differentiated,S_0040772,2,2,1,0,2,0,0.0,1.0,0.0,1,-0.0,False,True,False,False,False,0,0,2,0,1,0,1,0,1,0,2
differentiated,S_0040781,1,1,1,0,1,0,0.0,1.0,0.0,1,-0.0,False,False,False,False,False,0,0,1,0,1,1,0,0,0,0,1
differentiated,S_0040782,1,1,1,0,1,0,0.0,1.0,0.0,1,-0.0,False,False,False,False,False,0,0,1,0,1,1,0,0,0,0,1
differentiated,S_0040787,1,1,1,0,1,0,0.0,1.0,0.0,1,-0.0,False,False,False,False,False,0,0,1,0,1,0,0,0,1,0,1
differentiated,S_0040789,1,1,1,0,1,0,0.0,1.0,0.0,1,-0.0,False,False,False,False,False,0,0,1,0,1,0,0,0,1,0,1
differentiated,S_0040826,1,1,1,1,0,0,1.0,0.0,0.0,1,-0.0,False,False,False,False,False,0,0,0,1,1,0,1,0,0,0,1
differentiated,S_0040828,2,2,2,1,0,1,0.5,0.0,0.5,2,0.6309297535714574,False,True,False,False,False,0,0,1,1,2,0,1,1,0,0,2
differentiated,S_0040830,2,2,1,0,1,1,0.0,0.5,0.5,2,0.6309297535714574,False,True,False,False,False,0,0,2,0,1,1,0,1,0,0,2
differentiated,S_0040832,2,2,1,0,1,1,0.0,0.5,0.5,2,0.6309297535714574,False,True,False,False,False,0,0,2,0,1,1,0,1,0,0,2
differentiated,S_0040835,2,2,2,1,1,0,0.5,0.5,0.0,2,0.6309297535714574,False,True,False,False,False,0,0,1,1,2,0,0,1,1,0,2
differentiated,S_0040840,2,2,2,1,1,0,0.5,0.5,0.0,2,0.6309297535714574,False,True,False,False,False,0,0,0,2,1,1,0,0,0,1,2
differentiated,S_0040851,1,1,1,0,1,0,0.0,1.0,0.0,1,-0.0,False,False,False,False,False,0,0,1,0,1,1,0,0,0,0,1
differentiated,S_0040854,1,1,1,0,1,0,0.0,1.0,0.0,1,-0.0,False,False,False,False,False,0,0,1,0,1,1,0,0,0,0,1
differentiated,S_0040859,1,1,1,0,1,0,0.0,1.0,0.0,1,-0.0,False,False,False,False,False,0,0,1,0,1,1,0,0,0,0,1
differentiated,S_0040862,1,1,1,0,1,0,0.0,1.0,0.0,1,-0.0,False,False,False,False,False,0,0,1,0,1,1,0,0,0,0,1
differentiated,S_0040865,1,1,1,0,1,0,0.0,1.0,0.0,1,-0.0,False,False,False,False,False,0,0,1,0,1,1,0,0,0,0,1
differentiated,S_0040868,1,1,1,0,1,0,0.0,1.0,0.0,1,-0.0,False,False,False,False,False,0,0,1,0,1,1,0,0,0,0,1
differentiated,S_0040871,1,1,1,0,1,0,0.0,1.0,0.0,1,-0.0,False,False,False,False,False,0,0,1,0,1,1,0,0,0,0,1
differentiated,S_0040873,1,1,1,0,1,0,0.0,1.0,0.0,1,-0.0,False,False,False,False,False,0,0,1,0,1,1,0,0,0,0,1
differentiated,S_0040874,1,1,1,0,1,0,0.0,1.0,0.0,1,-0.0,False,False,False,False,False,0,0,1,0,1,1,0,0,0,0,1
differentiated,S_0040875,1,1,1,0,1,0,0.0,1.0,0.0,1,-0.0,False,False,False,False,False,0,0,1,0,1,1,0,0,0,0,1
differentiated,S_0040923,3,3,2,0,2,1,0.0,0.6666666666666666,0.3333333333333333,2,0.5793801642856949,False,True,True,False,False,0,0,3,0,1,2,0,0,1,0,2
differentiated,S_0040952,1,1,1,0,1,0,0.0,1.0,0.0,1,-0.0,False,False,False,False,False,0,0,1,0,1,1,0,0,0,0,1
differentiated,S_0040960,1,1,1,0,0,1,0.0,0.0,1.0,1,-0.0,False,False,False,False,False,0,0,1,0,1,0,0,0,0,1,1
differentiated,S_0040961,1,1,1,0,0,1,0.0,0.0,1.0,1,-0.0,False,False,False,False,False,0,0,1,0,1,0,0,0,0,1,1
differentiated,S_0040966,1,1,1,0,0,1,0.0,0.0,1.0,1,-0.0,False,False,False,False,False,0,0,1,0,1,0,0,0,0,1,1
differentiated,S_0040969,1,1,1,0,0,1,0.0,0.0,1.0,1,-0.0,False,False,False,False,False,0,0,1,0,1,0,0,0,0,1,1
differentiated,S_0040974,1,1,1,0,0,1,0.0,0.0,1.0,1,-0.0,False,False,False,False,False,0,0,1,0,1,0,0,0,0,1,1
differentiated,S_0040976,1,1,1,0,0,1,0.0,0.0,1.0,1,-0.0,False,False,False,False,False,0,0,1,0,1,0,0,0,0,1,1
differentiated,S_0040987,2,2,2,1,0,1,0.5,0.0,0.5,2,0.6309297535714574,False,True,False,False,False,0,0,1,1,2,1,0,0,0,1,2
differentiated,S_0040988,2,2,2,1,0,1,0.5,0.0,0.5,2,0.6309297535714574,False,True,False,False,False,0,0,1,1,2,1,0,0,0,1,2
differentiated,S_0040993,4,4,3,1,2,1,0.25,0.5,0.25,3,0.946394630357186,False,True,True,False,False,0,0,2,2,2,1,1,2,0,0,3
differentiated,S_0040994,4,4,3,1,2,1,0.25,0.5,0.25,3,0.946394630357186,False,True,True,False,False,0,0,2,2,2,1,1,2,0,0,3
differentiated,S_0041021,1,1,1,0,1,0,0.0,1.0,0.0,1,-0.0,False,False,False,False,False,0,0,1,0,1,0,1,0,0,0,1
differentiated,S_0041028,4,3,4,0,2,1,0.0,0.6666666666666666,0.3333333333333333,2,0.5793801642856949,False,True,True,False,False,0,1,1,1,3,1,0,0,1,1,3
differentiated,S_0041045,1,1,1,0,0,1,0.0,0.0,1.0,1,-0.0,False,False,False,False,False,0,0,1,0,1,0,0,0,1,0,1
differentiated,S_0041048,1,1,1,0,0,1,0.0,0.0,1.0,1,-0.0,False,False,False,False,False,0,0,1,0,1,0,0,0,1,0,1
differentiated,S_0041058,3,3,2,0,2,1,0.0,0.6666666666666666,0.3333333333333333,2,0.5793801642856949,False,True,True,False,False,0,0,3,0,1,1,0,0,1,1,3
differentiated,S_0041070,1,1,1,0,1,0,0.0,1.0,0.0,1,-0.0,False,False,False,False,False,0,0,1,0,1,0,0,0,0,1,1
differentiated,S_0041071,1,1,1,0,1,0,0.0,1.0,0.0,1,-0.0,False,False,False,False,False,0,0,1,0,1,0,0,0,0,1,1
differentiated,S_0041074,2,2,2,0,2,0,0.0,1.0,0.0,1,-0.0,False,True,False,False,False,0,1,1,0,2,1,0,0,0,1,2
differentiated,S_0041076,1,1,1,0,1,0,0.0,1.0,0.0,1,-0.0,False,False,False,False,False,0,1,0,0,1,1,0,0,0,0,1
differentiated,S_0041077,2,2,2,0,2,0,0.0,1.0,0.0,1,-0.0,False,True,False,False,False,0,1,1,0,2,1,0,0,0,1,2
differentiated,S_0041090,1,1,1,0,1,0,0.0,1.0,0.0,1,-0.0,False,False,False,False,False,0,1,0,0,1,1,0,0,0,0,1
differentiated,S_0041093,5,3,3,2,1,0,0.6666666666666666,0.3333333333333333,0.0,2,0.5793801642856949,False,True,True,False,False,0,0,1,2,2,2,1,0,0,0,2
differentiated,S_0041120,6,2,6,0,2,0,0.0,1.0,0.0,1,-0.0,False,True,False,False,False,0,0,0,2,1,1,0,0,0,1,2
differentiated,S_0041132,1,1,1,0,0,1,0.0,0.0,1.0,1,-0.0,False,False,False,False,False,0,1,0,0,1,0,0,0,1,0,1
differentiated,S_0041137,1,1,1,0,0,1,0.0,0.0,1.0,1,-0.0,False,False,False,False,False,0,1,0,0,1,0,0,0,1,0,1
differentiated,S_0041147,2,2,2,1,1,0,0.5,0.5,0.0,2,0.6309297535714574,False,True,False,False,False,0,0,0,2,1,2,0,0,0,0,1
differentiated,S_0041149,2,2,1,0,1,1,0.0,0.5,0.5,2,0.6309297535714574,False,True,False,False,False,0,0,2,0,1,0,1,0,0,1,2
differentiated,S_0041151,4,4,3,1,2,1,0.25,0.5,0.25,3,0.946394630357186,False,True,True,False,False,0,0,2,2,2,2,1,0,0,1,3
differentiated,S_0041160,1,1,1,0,0,1,0.0,0.0,1.0,1,-0.0,False,False,False,False,False,0,0,1,0,1,1,0,0,0,0,1
differentiated,S_0041165,2,2,1,0,1,1,0.0,0.5,0.5,2,0.6309297535714574,False,True,False,False,False,0,0,2,0,1,0,1,0,0,1,2
differentiated,S_0041168,2,2,1,0,1,1,0.0,0.5,0.5,2,0.6309297535714574,False,True,False,False,False,0,0,2,0,1,0,1,0,0,1,2
differentiated,S_0041180,2,2,1,0,1,1,0.0,0.5,0.5,2,0.6309297535714574,False,True,False,False,False,0,0,2,0,1,0,1,0,0,1,2
differentiated,S_0041188,4,4,3,1,2,1,0.25,0.5,0.25,3,0.946394630357186,False,True,True,False,False,0,0,2,2,2,1,1,0,1,1,4
differentiated,S_0041206,4,4,3,1,2,1,0.25,0.5,0.25,3,0.946394630357186,False,True,True,False,False,0,0,2,2,2,1,1,0,1,1,4
differentiated,S_0041209,1,1,1,0,0,1,0.0,0.0,1.0,1,-0.0,False,False,False,False,False,0,0,1,0,1,0,0,0,1,0,1
differentiated,S_0041212,1,1,1,0,0,1,0.0,0.0,1.0,1,-0.0,False,False,False,False,False,0,0,1,0,1,0,0,0,1,0,1
differentiated,S_0041214,1,1,1,0,0,1,0.0,0.0,1.0,1,-0.0,False,False,False,False,False,0,1,0,0,1,0,0,0,1,0,1
differentiated,S_0041215,1,1,1,0,0,1,0.0,0.0,1.0,1,-0.0,False,False,False,False,False,0,1,0,0,1,0,0,0,1,0,1
differentiated,S_0041218,1,1,1,0,0,1,0.0,0.0,1.0,1,-0.0,False,False,False,False,False,0,1,0,0,1,0,0,0,1,0,1
differentiated,S_0041219,1,1,1,0,0,1,0.0,0.0,1.0,1,-0.0,False,False,False,False,False,0,1,0,0,1,0,0,0,1,0,1
differentiated,S_0041220,1,1,1,0,0,1,0.0,0.0,1.0,1,-0.0,False,False,False,False,False,0,1,0,0,1,0,0,0,1,0,1
differentiated,S_0041225,1,1,1,0,1,0,0.0,1.0,0.0,1,-0.0,False,False,False,False,False,0,0,1,0,1,1,0,0,0,0,1
differentiated,S_0041226,1,1,1,0,1,0,0.0,1.0,0.0,1,-0.0,False,False,False,False,False,0,0,1,0,1,1,0,0,0,0,1
differentiated,S_0041258,1,1,1,0,0,1,0.0,0.0,1.0,1,-0.0,False,False,False,False,False,0,0,1,0,1,0,1,0,0,0,1
differentiated,S_0041262,1,1,1,0,0,1,0.0,0.0,1.0,1,-0.0,False,False,False,False,False,0,0,1,0,1,0,1,0,0,0,1
differentiated,S_0041266,1,1,1,0,1,0,0.0,1.0,0.0,1,-0.0,False,False,False,False,False,0,0,1,0,1,1,0,0,0,0,1
differentiated,S_0041272,1,1,1,1,0,0,1.0,0.0,0.0,1,-0.0,False,False,False,False,False,0,0,0,1,1,0,0,0,1,0,1
differentiated,S_0041278,1,1,1,1,0,0,1.0,0.0,0.0,1,-0.0,False,False,False,False,False,0,0,0,1,1,0,0,0,1,0,1
differentiated,S_0041280,1,1,1,1,0,0,1.0,0.0,0.0,1,-0.0,False,False,False,False,False,0,0,0,1,1,0,0,0,1,0,1
differentiated,S_0041284,1,1,1,1,0,0,1.0,0.0,0.0,1,-0.0,False,False,False,False,False,0,0,0,1,1,0,0,0,1,0,1
differentiated,S_0041285,1,1,1,0,1,0,0.0,1.0,0.0,1,-0.0,False,False,False,False,False,0,0,1,0,1,0,0,1,0,0,1
differentiated,S_0041287,1,1,1,0,1,0,0.0,1.0,0.0,1,-0.0,False,False,False,False,False,0,0,1,0,1,0,0,1,0,0,1
differentiated,S_0041301,1,1,1,1,0,0,1.0,0.0,0.0,1,-0.0,False,False,False,False,False,0,0,0,1,1,0,0,0,1,0,1
differentiated,S_0041302,1,1,1,1,0,0,1.0,0.0,0.0,1,-0.0,False,False,False,False,False,0,0,0,1,1,0,0,0,1,0,1
differentiated,S_0041315,1,1,1,0,1,0,0.0,1.0,0.0,1,-0.0,False,False,False,False,False,0,0,0,1,1,1,0,0,0,0,1
differentiated,S_0041325,1,1,1,0,1,0,0.0,1.0,0.0,1,-0.0,False,False,False,False,False,0,0,1,0,1,1,0,0,0,0,1
differentiated,S_0041329,3,2,3,1,1,0,0.5,0.5,0.0,2,0.6309297535714574,False,True,False,False,False,0,0,0,2,1,0,1,1,0,0,2
differentiated,S_0041330,1,1,1,0,1,0,0.0,1.0,0.0,1,-0.0,False,False,False,False,False,0,0,1,0,1,0,1,0,0,0,1
differentiated,S_0041331,1,1,1,0,1,0,0.0,1.0,0.0,1,-0.0,False,False,False,False,False,0,0,1,0,1,0,1,0,0,0,1
differentiated,S_0041333,1,1,1,0,1,0,0.0,1.0,0.0,1,-0.0,False,False,False,False,False,0,0,1,0,1,0,1,0,0,0,1
differentiated,S_0041334,1,1,1,0,1,0,0.0,1.0,0.0,1,-0.0,False,False,False,False,False,0,0,1,0,1,0,1,0,0,0,1
differentiated,S_0041336,1,1,1,0,1,0,0.0,1.0,0.0,1,-0.0,False,False,False,False,False,0,0,0,1,1,0,0,0,0,1,1
differentiated,S_0041338,1,1,1,0,1,0,0.0,1.0,0.0,1,-0.0,False,False,False,False,False,0,0,0,1,1,0,0,0,0,1,1
differentiated,S_0041342,1,1,1,0,1,0,0.0,1.0,0.0,1,-0.0,False,False,False,False,False,0,0,1,0,1,0,1,0,0,0,1
differentiated,S_0041345,1,1,1,0,1,0,0.0,1.0,0.0,1,-0.0,False,False,False,False,False,0,0,1,0,1,0,1,0,0,0,1
differentiated,S_0041350,1,1,1,0,1,0,0.0,1.0,0.0,1,-0.0,False,False,False,False,False,0,0,1,0,1,0,1,0,0,0,1
differentiated,S_0041351,1,1,1,0,1,0,0.0,1.0,0.0,1,-0.0,False,False,False,False,False,0,0,1,0,1,0,1,0,0,0,1
differentiated,S_0041355,1,1,1,0,1,0,0.0,1.0,0.0,1,-0.0,False,False,False,False,False,0,0,1,0,1,0,1,0,0,0,1
differentiated,S_0041357,1,1,1,0,1,0,0.0,1.0,0.0,1,-0.0,False,False,False,False,False,0,0,1,0,1,0,1,0,0,0,1
differentiated,S_0041362,1,1,1,0,1,0,0.0,1.0,0.0,1,-0.0,False,False,False,False,False,0,0,1,0,1,0,1,0,0,0,1
differentiated,S_0041363,1,1,1,0,1,0,0.0,1.0,0.0,1,-0.0,False,False,False,False,False,0,0,1,0,1,0,1,0,0,0,1
differentiated,S_0041370,2,2,1,0,0,2,0.0,0.0,1.0,1,-0.0,False,True,False,False,False,0,0,2,0,1,1,1,0,0,0,2
differentiated,S_0041372,2,2,1,0,0,2,0.0,0.0,1.0,1,-0.0,False,True,False,False,False,0,0,2,0,1,1,1,0,0,0,2
differentiated,S_0041376,2,2,1,0,0,2,0.0,0.0,1.0,1,-0.0,False,True,False,False,False,0,0,2,0,1,1,1,0,0,0,2
differentiated,S_0041413,1,1,1,0,1,0,0.0,1.0,0.0,1,-0.0,False,False,False,False,False,0,0,0,1,1,0,0,0,0,1,1
differentiated,S_0041414,2,2,2,1,1,0,0.5,0.5,0.0,2,0.6309297535714574,False,True,False,False,False,0,0,0,2,1,1,0,0,0,1,2
differentiated,S_0041415,1,1,1,1,0,0,1.0,0.0,0.0,1,-0.0,False,False,False,False,False,0,0,0,1,1,1,0,0,0,0,1
differentiated,S_0041416,1,1,1,0,1,0,0.0,1.0,0.0,1,-0.0,False,False,False,False,False,0,0,0,1,1,0,0,0,0,1,1
differentiated,S_0041418,1,1,1,0,1,0,0.0,1.0,0.0,1,-0.0,False,False,False,False,False,0,0,0,1,1,0,0,0,0,1,1
differentiated,S_0041423,3,2,3,2,0,0,1.0,0.0,0.0,1,-0.0,False,True,False,False,False,0,0,0,2,1,1,1,0,0,0,2
differentiated,S_0041425,1,1,1,1,0,0,1.0,0.0,0.0,1,-0.0,False,False,False,False,False,0,0,0,1,1,0,1,0,0,0,1
differentiated,S_0041427,1,1,1,1,0,0,1.0,0.0,0.0,1,-0.0,False,False,False,False,False,0,0,0,1,1,0,1,0,0,0,1
differentiated,S_0041428,1,1,1,1,0,0,1.0,0.0,0.0,1,-0.0,False,False,False,False,False,0,0,0,1,1,0,1,0,0,0,1
differentiated,S_0041429,1,1,1,1,0,0,1.0,0.0,0.0,1,-0.0,False,False,False,False,False,0,0,0,1,1,0,1,0,0,0,1
differentiated,S_0041438,1,1,1,1,0,0,1.0,0.0,0.0,1,-0.0,False,False,False,False,False,0,0,0,1,1,1,0,0,0,0,1
differentiated,S_0041439,1,1,1,1,0,0,1.0,0.0,0.0,1,-0.0,False,False,False,False,False,0,0,0,1,1,1,0,0,0,0,1
differentiated,S_0041450,1,1,1,1,0,0,1.0,0.0,0.0,1,-0.0,False,False,False,False,False,0,0,0,1,1,1,0,0,0,0,1
differentiated,S_0041456,3,3,1,0,3,0,0.0,1.0,0.0,1,-0.0,False,True,True,False,False,0,0,3,0,1,1,1,0,0,1,3
differentiated,S_0041457,3,3,1,0,3,0,0.0,1.0,0.0,1,-0.0,False,True,True,False,False,0,0,3,0,1,1,1,0,0,1,3
differentiated,S_0041490,2,2,1,0,1,1,0.0,0.5,0.5,2,0.6309297535714574,False,True,False,False,False,0,0,2,0,1,1,0,0,1,0,2
differentiated,S_0041491,2,2,1,0,1,1,0.0,0.5,0.5,2,0.6309297535714574,False,True,False,False,False,0,0,2,0,1,1,0,0,1,0,2
differentiated,S_0041494,2,2,1,0,1,1,0.0,0.5,0.5,2,0.6309297535714574,False,True,False,False,False,0,0,2,0,1,1,0,0,1,0,2
differentiated,S_0041497,2,2,1,0,1,1,0.0,0.5,0.5,2,0.6309297535714574,False,True,False,False,False,0,0,2,0,1,1,0,0,1,0,2
differentiated,S_0041506,2,2,1,0,1,1,0.0,0.5,0.5,2,0.6309297535714574,False,True,False,False,False,0,0,2,0,1,1,0,0,0,1,2
differentiated,S_0041508,2,2,1,0,1,1,0.0,0.5,0.5,2,0.6309297535714574,False,True,False,False,False,0,0,2,0,1,1,0,0,0,1,2
differentiated,S_0041537,2,2,1,0,1,1,0.0,0.5,0.5,2,0.6309297535714574,False,True,False,False,False,0,0,2,0,1,1,0,0,0,1,2
differentiated,S_0041542,2,2,1,0,1,1,0.0,0.5,0.5,2,0.6309297535714574,False,True,False,False,False,0,0,2,0,1,1,0,0,0,1,2
differentiated,S_0041543,2,2,1,0,1,1,0.0,0.5,0.5,2,0.6309297535714574,False,True,False,False,False,0,0,2,0,1,1,0,0,0,1,2
differentiated,S_0041556,2,2,1,0,1,1,0.0,0.5,0.5,2,0.6309297535714574,False,True,False,False,False,0,0,2,0,1,1,0,0,0,1,2
differentiated,S_0041578,1,1,1,1,0,0,1.0,0.0,0.0,1,-0.0,False,False,False,False,False,0,0,0,1,1,1,0,0,0,0,1
differentiated,S_0041579,1,1,1,1,0,0,1.0,0.0,0.0,1,-0.0,False,False,False,False,False,0,0,0,1,1,1,0,0,0,0,1
differentiated,S_0041591,1,1,1,1,0,0,1.0,0.0,0.0,1,-0.0,False,False,False,False,False,0,0,0,1,1,1,0,0,0,0,1
differentiated,S_0041619,2,1,2,1,0,0,1.0,0.0,0.0,1,-0.0,False,False,False,False,False,0,0,0,1,1,1,0,0,0,0,1
differentiated,S_0041634,1,1,1,0,1,0,0.0,1.0,0.0,1,-0.0,False,False,False,False,False,0,0,0,1,1,1,0,0,0,0,1
differentiated,S_0041635,1,1,1,0,1,0,0.0,1.0,0.0,1,-0.0,False,False,False,False,False,0,0,0,1,1,1,0,0,0,0,1
differentiated,S_0041661,1,1,1,0,1,0,0.0,1.0,0.0,1,-0.0,False,False,False,False,False,0,0,0,1,1,1,0,0,0,0,1
differentiated,S_0041731,2,2,1,1,0,1,0.5,0.0,0.5,2,0.6309297535714574,False,True,False,False,False,0,0,2,0,1,1,1,0,0,0,2
differentiated,S_0041734,2,2,1,1,0,1,0.5,0.0,0.5,2,0.6309297535714574,False,True,False,False,False,0,0,2,0,1,1,1,0,0,0,2
differentiated,S_0041792,2,2,1,1,0,1,0.5,0.0,0.5,2,0.6309297535714574,False,True,False,False,False,0,0,2,0,1,1,1,0,0,0,2
differentiated,S_0041803,2,1,2,1,0,0,1.0,0.0,0.0,1,-0.0,False,False,False,False,False,0,0,0,1,1,0,0,0,1,0,1
differentiated,S_0041843,2,1,2,1,0,0,1.0,0.0,0.0,1,-0.0,False,False,False,False,False,0,0,0,1,1,0,0,0,1,0,1
differentiated,S_0041853,2,1,2,1,0,0,1.0,0.0,0.0,1,-0.0,False,False,False,False,False,0,0,0,1,1,0,0,0,1,0,1
differentiated,S_0041855,2,1,2,1,0,0,1.0,0.0,0.0,1,-0.0,False,False,False,False,False,0,0,0,1,1,0,0,0,1,0,1
differentiated,S_0041856,1,1,1,1,0,0,1.0,0.0,0.0,1,-0.0,False,False,False,False,False,0,0,0,1,1,0,0,0,1,0,1
differentiated,S_0041871,1,1,1,1,0,0,1.0,0.0,0.0,1,-0.0,False,False,False,False,False,0,0,0,1,1,0,0,0,1,0,1
differentiated,S_0041872,1,1,1,1,0,0,1.0,0.0,0.0,1,-0.0,False,False,False,False,False,0,0,0,1,1,0,0,0,1,0,1
differentiated,S_0041882,1,1,1,1,0,0,1.0,0.0,0.0,1,-0.0,False,False,False,False,False,0,0,1,0,1,1,0,0,0,0,1
differentiated,S_0041883,1,1,1,1,0,0,1.0,0.0,0.0,1,-0.0,False,False,False,False,False,0,0,1,0,1,1,0,0,0,0,1
differentiated,S_0041898,1,1,1,1,0,0,1.0,0.0,0.0,1,-0.0,False,False,False,False,False,0,0,0,1,1,0,0,0,1,0,1
differentiated,S_0041953,1,1,1,1,0,0,1.0,0.0,0.0,1,-0.0,False,False,False,False,False,0,0,0,1,1,0,0,0,1,0,1
differentiated,S_0042003,1,1,1,0,1,0,0.0,1.0,0.0,1,-0.0,False,False,False,False,False,0,0,1,0,1,1,0,0,0,0,1
differentiated,S_0042005,1,1,1,0,1,0,0.0,1.0,0.0,1,-0.0,False,False,False,False,False,0,0,1,0,1,1,0,0,0,0,1
differentiated,S_0042007,1,1,1,0,1,0,0.0,1.0,0.0,1,-0.0,False,False,False,False,False,0,0,1,0,1,1,0,0,0,0,1
differentiated,S_0042009,1,1,1,0,1,0,0.0,1.0,0.0,1,-0.0,False,False,False,False,False,0,0,1,0,1,1,0,0,0,0,1
differentiated,S_0042021,1,1,1,0,1,0,0.0,1.0,0.0,1,-0.0,False,False,False,False,False,0,0,0,1,1,1,0,0,0,0,1
differentiated,S_0042072,2,2,1,0,0,2,0.0,0.0,1.0,1,-0.0,False,True,False,False,False,0,0,2,0,1,1,1,0,0,0,2
differentiated,S_0042131,1,1,1,0,0,1,0.0,0.0,1.0,1,-0.0,False,False,False,False,False,0,0,1,0,1,0,0,1,0,0,1
differentiated,S_0042195,2,2,2,0,2,0,0.0,1.0,0.0,1,-0.0,False,True,False,False,False,0,0,1,1,2,0,0,0,2,0,1
differentiated,S_0042216,1,1,1,0,1,0,0.0,1.0,0.0,1,-0.0,False,False,False,False,False,0,0,0,1,1,1,0,0,0,0,1
differentiated,S_0042219,1,1,1,0,1,0,0.0,1.0,0.0,1,-0.0,False,False,False,False,False,0,0,0,1,1,1,0,0,0,0,1
differentiated,S_0042224,5,5,3,1,2,2,0.2,0.4,0.4,3,0.9602297178607612,True,True,True,True,False,0,0,3,2,2,3,1,0,0,1,3
differentiated,S_0042225,5,5,3,1,2,2,0.2,0.4,0.4,3,0.9602297178607612,True,True,True,True,False,0,0,3,2,2,3,1,0,0,1,3
differentiated,S_0042226,1,1,1,0,1,0,0.0,1.0,0.0,1,-0.0,False,False,False,False,False,0,0,1,0,1,0,1,0,0,0,1
differentiated,S_0042228,1,1,1,0,1,0,0.0,1.0,0.0,1,-0.0,False,False,False,False,False,0,0,1,0,1,0,1,0,0,0,1
differentiated,S_0042230,5,5,3,1,2,2,0.2,0.4,0.4,3,0.9602297178607612,True,True,True,True,False,0,0,3,2,2,3,1,0,0,1,3
differentiated,S_0042232,1,1,1,0,0,1,0.0,0.0,1.0,1,-0.0,False,False,False,False,False,0,0,1,0,1,0,0,0,1,0,1
differentiated,S_0042234,1,1,1,0,1,0,0.0,1.0,0.0,1,-0.0,False,False,False,False,False,0,0,1,0,1,1,0,0,0,0,1
differentiated,S_0042236,1,1,1,0,1,0,0.0,1.0,0.0,1,-0.0,False,False,False,False,False,0,0,1,0,1,1,0,0,0,0,1
differentiated,S_0042246,1,1,1,0,1,0,0.0,1.0,0.0,1,-0.0,False,False,False,False,False,0,0,0,1,1,1,0,0,0,0,1
differentiated,S_0042248,1,1,1,0,1,0,0.0,1.0,0.0,1,-0.0,False,False,False,False,False,0,0,0,1,1,1,0,0,0,0,1
differentiated,S_0042252,7,5,5,1,2,2,0.2,0.4,0.4,3,0.9602297178607612,True,True,True,True,False,0,0,3,2,2,3,1,0,0,1,3
differentiated,S_0042253,1,1,1,0,1,0,0.0,1.0,0.0,1,-0.0,False,False,False,False,False,0,0,1,0,1,0,1,0,0,0,1
differentiated,S_0042254,2,2,2,0,2,0,0.0,1.0,0.0,1,-0.0,False,True,False,False,False,0,0,1,1,2,0,1,0,0,1,2
differentiated,S_0042255,1,1,1,0,1,0,0.0,1.0,0.0,1,-0.0,False,False,False,False,False,0,0,1,0,1,1,0,0,0,0,1
differentiated,S_0042256,1,1,1,0,1,0,0.0,1.0,0.0,1,-0.0,False,False,False,False,False,0,0,1,0,1,0,1,0,0,0,1
differentiated,S_0042258,1,1,1,0,0,1,0.0,0.0,1.0,1,-0.0,False,False,False,False,False,0,0,1,0,1,1,0,0,0,0,1
differentiated,S_0042259,1,1,1,0,0,1,0.0,0.0,1.0,1,-0.0,False,False,False,False,False,0,0,1,0,1,1,0,0,0,0,1
differentiated,S_0042262,1,1,1,0,0,1,0.0,0.0,1.0,1,-0.0,False,False,False,False,False,0,0,1,0,1,1,0,0,0,0,1
differentiated,S_0042265,2,2,2,0,1,1,0.0,0.5,0.5,2,0.6309297535714574,False,True,False,False,False,0,0,1,1,2,2,0,0,0,0,1
differentiated,S_0042268,1,1,1,0,0,1,0.0,0.0,1.0,1,-0.0,False,False,False,False,False,0,0,1,0,1,1,0,0,0,0,1
differentiated,S_0042271,2,2,1,0,0,2,0.0,0.0,1.0,1,-0.0,False,True,False,False,False,0,0,2,0,1,1,0,0,0,1,2
differentiated,S_0042272,1,1,1,0,0,1,0.0,0.0,1.0,1,-0.0,False,False,False,False,False,0,0,1,0,1,0,0,0,0,1,1
differentiated,S_0042274,2,2,1,0,0,2,0.0,0.0,1.0,1,-0.0,False,True,False,False,False,0,0,2,0,1,1,0,0,0,1,2
differentiated,S_0042275,1,1,1,0,0,1,0.0,0.0,1.0,1,-0.0,False,False,False,False,False,0,0,1,0,1,1,0,0,0,0,1
differentiated,S_0042276,1,1,1,0,0,1,0.0,0.0,1.0,1,-0.0,False,False,False,False,False,0,0,1,0,1,1,0,0,0,0,1
differentiated,S_0042277,2,2,1,0,0,2,0.0,0.0,1.0,1,-0.0,False,True,False,False,False,0,0,2,0,1,1,0,0,0,1,2
differentiated,S_0042280,2,2,1,0,0,2,0.0,0.0,1.0,1,-0.0,False,True,False,False,False,0,0,2,0,1,1,0,0,0,1,2
differentiated,S_0042283,1,1,1,0,0,1,0.0,0.0,1.0,1,-0.0,False,False,False,False,False,0,0,1,0,1,0,0,0,0,1,1
differentiated,S_0042288,3,3,2,0,2,1,0.0,0.6666666666666666,0.3333333333333333,2,0.5793801642856949,False,True,True,False,False,0,0,2,1,2,0,1,0,1,1,3
differentiated,S_0042289,1,1,1,0,0,1,0.0,0.0,1.0,1,-0.0,False,False,False,False,False,0,0,1,0,1,0,0,0,1,0,1
differentiated,S_0042290,2,2,2,0,2,0,0.0,1.0,0.0,1,-0.0,False,True,False,False,False,0,0,1,1,2,0,1,0,0,1,2
differentiated,S_0042291,1,1,1,0,0,1,0.0,0.0,1.0,1,-0.0,False,False,False,False,False,0,0,1,0,1,0,0,0,1,0,1
differentiated,S_0042293,1,1,1,0,0,1,0.0,0.0,1.0,1,-0.0,False,False,False,False,False,0,0,1,0,1,0,0,0,1,0,1
differentiated,S_0042298,1,1,1,0,0,1,0.0,0.0,1.0,1,-0.0,False,False,False,False,False,0,0,1,0,1,0,0,0,1,0,1
differentiated,S_0042300,1,1,1,0,1,0,0.0,1.0,0.0,1,-0.0,False,False,False,False,False,0,0,1,0,1,0,1,0,0,0,1
differentiated,S_0042307,1,1,1,0,0,1,0.0,0.0,1.0,1,-0.0,False,False,False,False,False,0,0,1,0,1,1,0,0,0,0,1
differentiated,S_0042309,1,1,1,0,1,0,0.0,1.0,0.0,1,-0.0,False,False,False,False,False,0,0,1,0,1,1,0,0,0,0,1
differentiated,S_0042310,1,1,1,0,1,0,0.0,1.0,0.0,1,-0.0,False,False,False,False,False,0,0,1,0,1,1,0,0,0,0,1
differentiated,S_0042312,1,1,1,0,1,0,0.0,1.0,0.0,1,-0.0,False,False,False,False,False,0,0,1,0,1,1,0,0,0,0,1
differentiated,S_0042314,1,1,1,0,1,0,0.0,1.0,0.0,1,-0.0,False,False,False,False,False,0,0,0,1,1,0,0,0,0,1,1
differentiated,S_0042315,1,1,1,0,1,0,0.0,1.0,0.0,1,-0.0,False,False,False,False,False,0,0,1,0,1,0,1,0,0,0,1
differentiated,S_0042318,1,1,1,0,1,0,0.0,1.0,0.0,1,-0.0,False,False,False,False,False,0,0,0,1,1,0,0,0,0,1,1
differentiated,S_0042319,2,1,2,0,1,0,0.0,1.0,0.0,1,-0.0,False,False,False,False,False,0,0,0,1,1,0,0,0,0,1,1
differentiated,S_0042320,1,1,1,0,1,0,0.0,1.0,0.0,1,-0.0,False,False,False,False,False,0,0,0,1,1,0,0,0,0,1,1
differentiated,S_0042322,2,2,2,0,1,1,0.0,0.5,0.5,2,0.6309297535714574,False,True,False,False,False,0,1,0,1,2,0,0,0,1,1,2
differentiated,S_0042333,1,1,1,0,0,1,0.0,0.0,1.0,1,-0.0,False,False,False,False,False,0,0,1,0,1,0,0,0,0,1,1
differentiated,S_0042338,4,4,4,2,2,0,0.5,0.5,0.0,2,0.6309297535714574,False,True,True,False,False,0,0,1,3,2,3,1,0,0,0,2
differentiated,S_0042339,3,3,3,2,1,0,0.6666666666666666,0.3333333333333333,0.0,2,0.5793801642856949,False,True,True,False,False,0,0,0,3,1,3,0,0,0,0,1
differentiated,S_0042343,3,3,3,2,1,0,0.6666666666666666,0.3333333333333333,0.0,2,0.5793801642856949,False,True,True,False,False,0,0,0,3,1,3,0,0,0,0,1
differentiated,S_0042345,3,3,3,2,1,0,0.6666666666666666,0.3333333333333333,0.0,2,0.5793801642856949,False,True,True,False,False,0,0,0,3,1,3,0,0,0,0,1
differentiated,S_0042348,3,3,3,2,1,0,0.6666666666666666,0.3333333333333333,0.0,2,0.5793801642856949,False,True,True,False,False,0,0,0,3,1,3,0,0,0,0,1
differentiated,S_0042353,3,3,3,2,1,0,0.6666666666666666,0.3333333333333333,0.0,2,0.5793801642856949,False,True,True,False,False,0,0,0,3,1,3,0,0,0,0,1
differentiated,S_0042354,3,3,3,2,1,0,0.6666666666666666,0.3333333333333333,0.0,2,0.5793801642856949,False,True,True,False,False,0,0,0,3,1,3,0,0,0,0,1
differentiated,S_0042358,3,3,3,2,1,0,0.6666666666666666,0.3333333333333333,0.0,2,0.5793801642856949,False,True,True,False,False,0,0,0,3,1,3,0,0,0,0,1
differentiated,S_0042359,2,2,2,2,0,0,1.0,0.0,0.0,1,-0.0,False,True,False,False,False,0,0,0,2,1,2,0,0,0,0,1
differentiated,S_0042362,17,12,14,5,5,2,0.4166666666666667,0.4166666666666667,0.16666666666666666,3,0.9358932809493993,True,True,True,True,True,0,0,2,10,2,6,3,1,2,0,4
differentiated,S_0042364,1,1,1,1,0,0,1.0,0.0,0.0,1,-0.0,False,False,False,False,False,0,0,1,0,1,1,0,0,0,0,1
differentiated,S_0042365,1,1,1,1,0,0,1.0,0.0,0.0,1,-0.0,False,False,False,False,False,0,0,1,0,1,1,0,0,0,0,1
differentiated,S_0042366,1,1,1,1,0,0,1.0,0.0,0.0,1,-0.0,False,False,False,False,False,0,0,1,0,1,1,0,0,0,0,1
differentiated,S_0042368,1,1,1,1,0,0,1.0,0.0,0.0,1,-0.0,False,False,False,False,False,0,0,1,0,1,1,0,0,0,0,1
differentiated,S_0042390,1,1,1,0,1,0,0.0,1.0,0.0,1,-0.0,False,False,False,False,False,0,0,0,1,1,0,0,0,1,0,1
differentiated,S_0042400,1,1,1,1,0,0,1.0,0.0,0.0,1,-0.0,False,False,False,False,False,0,0,1,0,1,1,0,0,0,0,1
differentiated,S_0042401,1,1,1,1,0,0,1.0,0.0,0.0,1,-0.0,False,False,False,False,False,0,0,1,0,1,1,0,0,0,0,1
differentiated,S_0042420,2,2,1,0,2,0,0.0,1.0,0.0,1,-0.0,False,True,False,False,False,0,0,2,0,1,1,1,0,0,0,2
differentiated,S_0042436,2,2,2,1,1,0,0.5,0.5,0.0,2,0.6309297535714574,False,True,False,False,False,0,0,1,1,2,1,1,0,0,0,2
differentiated,S_0042444,2,2,2,1,1,0,0.5,0.5,0.0,2,0.6309297535714574,False,True,False,False,False,0,0,1,1,2,1,1,0,0,0,2
differentiated,S_0042455,1,1,1,0,1,0,0.0,1.0,0.0,1,-0.0,False,False,False,False,False,0,0,1,0,1,1,0,0,0,0,1
differentiated,S_0042457,1,1,1,0,1,0,0.0,1.0,0.0,1,-0.0,False,False,False,False,False,0,0,1,0,1,1,0,0,0,0,1
differentiated,S_0042458,1,1,1,0,1,0,0.0,1.0,0.0,1,-0.0,False,False,False,False,False,0,0,1,0,1,1,0,0,0,0,1
differentiated,S_0042460,1,1,1,0,1,0,0.0,1.0,0.0,1,-0.0,False,False,False,False,False,0,0,1,0,1,1,0,0,0,0,1
differentiated,S_0042461,2,2,2,0,2,0,0.0,1.0,0.0,1,-0.0,False,True,False,False,False,0,0,1,1,2,1,0,0,0,1,2
differentiated,S_0042518,1,1,1,0,0,1,0.0,0.0,1.0,1,-0.0,False,False,False,False,False,0,0,1,0,1,0,0,0,1,0,1
differentiated,S_0042520,1,1,1,0,0,1,0.0,0.0,1.0,1,-0.0,False,False,False,False,False,0,0,1,0,1,0,0,0,1,0,1
differentiated,S_0042522,1,1,1,0,0,1,0.0,0.0,1.0,1,-0.0,False,False,False,False,False,0,0,1,0,1,0,0,0,1,0,1
differentiated,S_0042540,1,1,1,0,1,0,0.0,1.0,0.0,1,-0.0,False,False,False,False,False,0,0,0,1,1,0,1,0,0,0,1
differentiated,S_0042541,2,1,2,0,1,0,0.0,1.0,0.0,1,-0.0,False,False,False,False,False,0,0,0,1,1,0,1,0,0,0,1
differentiated,S_0042546,1,1,1,0,1,0,0.0,1.0,0.0,1,-0.0,False,False,False,False,False,0,0,0,1,1,0,1,0,0,0,1
differentiated,S_0042547,1,1,1,0,1,0,0.0,1.0,0.0,1,-0.0,False,False,False,False,False,0,0,0,1,1,0,1,0,0,0,1
differentiated,S_0042552,1,1,1,0,1,0,0.0,1.0,0.0,1,-0.0,False,False,False,False,False,0,0,0,1,1,0,1,0,0,0,1
differentiated,S_0042553,1,1,1,0,1,0,0.0,1.0,0.0,1,-0.0,False,False,False,False,False,0,0,0,1,1,0,1,0,0,0,1
differentiated,S_0042555,1,1,1,0,1,0,0.0,1.0,0.0,1,-0.0,False,False,False,False,False,0,0,0,1,1,0,1,0,0,0,1
differentiated,S_0042556,1,1,1,0,1,0,0.0,1.0,0.0,1,-0.0,False,False,False,False,False,0,0,0,1,1,0,1,0,0,0,1
differentiated,S_0042559,2,1,2,0,1,0,0.0,1.0,0.0,1,-0.0,False,False,False,False,False,0,0,0,1,1,0,1,0,0,0,1
differentiated,S_0042588,1,1,1,0,1,0,0.0,1.0,0.0,1,-0.0,False,False,False,False,False,0,0,0,1,1,0,1,0,0,0,1
differentiated,S_0042589,1,1,1,0,1,0,0.0,1.0,0.0,1,-0.0,False,False,False,False,False,0,0,0,1,1,0,1,0,0,0,1
differentiated,S_0042591,2,2,1,1,1,0,0.5,0.5,0.0,2,0.6309297535714574,False,True,False,False,False,0,0,0,2,1,0,1,1,0,0,2
differentiated,S_0042596,2,2,1,1,1,0,0.5,0.5,0.0,2,0.6309297535714574,False,True,False,False,False,0,0,0,2,1,0,1,1,0,0,2
differentiated,S_0042599,1,1,1,0,1,0,0.0,1.0,0.0,1,-0.0,False,False,False,False,False,0,0,0,1,1,0,0,0,1,0,1
differentiated,S_0042600,1,1,1,0,1,0,0.0,1.0,0.0,1,-0.0,False,False,False,False,False,0,0,0,1,1,0,0,0,1,0,1
differentiated,S_0042614,1,1,1,0,1,0,0.0,1.0,0.0,1,-0.0,False,False,False,False,False,0,0,1,0,1,0,0,0,0,1,1
differentiated,S_0042628,3,3,2,2,1,0,0.6666666666666666,0.3333333333333333,0.0,2,0.5793801642856949,False,True,True,False,False,0,0,1,2,2,2,1,0,0,0,2
differentiated,S_0042629,1,1,1,0,1,0,0.0,1.0,0.0,1,-0.0,False,False,False,False,False,0,1,0,0,1,0,0,0,0,1,1
differentiated,S_0042631,1,1,1,0,1,0,0.0,1.0,0.0,1,-0.0,False,False,False,False,False,0,1,0,0,1,0,0,0,0,1,1
differentiated,S_0042633,1,1,1,0,1,0,0.0,1.0,0.0,1,-0.0,False,False,False,False,False,0,1,0,0,1,0,0,0,0,1,1
differentiated,S_0042634,1,1,1,0,1,0,0.0,1.0,0.0,1,-0.0,False,False,False,False,False,0,0,1,0,1,1,0,0,0,0,1
differentiated,S_0042635,2,2,2,0,2,0,0.0,1.0,0.0,1,-0.0,False,True,False,False,False,0,1,1,0,2,1,0,0,0,1,2
differentiated,S_0042636,1,1,1,0,1,0,0.0,1.0,0.0,1,-0.0,False,False,False,False,False,0,1,0,0,1,0,0,0,0,1,1
differentiated,S_0042638,1,1,1,0,1,0,0.0,1.0,0.0,1,-0.0,False,False,False,False,False,0,0,1,0,1,0,1,0,0,0,1
differentiated,S_0042639,1,1,1,0,1,0,0.0,1.0,0.0,1,-0.0,False,False,False,False,False,0,0,1,0,1,0,1,0,0,0,1
differentiated,S_0042668,2,2,1,1,1,0,0.5,0.5,0.0,2,0.6309297535714574,False,True,False,False,False,0,0,2,0,1,2,0,0,0,0,1
differentiated,S_0042688,1,1,1,0,1,0,0.0,1.0,0.0,1,-0.0,False,False,False,False,False,0,0,1,0,1,1,0,0,0,0,1
differentiated,S_0042689,1,1,1,0,0,1,0.0,0.0,1.0,1,-0.0,False,False,False,False,False,0,0,1,0,1,1,0,0,0,0,1
differentiated,S_0042717,2,2,1,0,2,0,0.0,1.0,0.0,1,-0.0,False,True,False,False,False,0,0,2,0,1,0,0,0,1,1,2
differentiated,S_0042721,1,1,1,0,0,1,0.0,0.0,1.0,1,-0.0,False,False,False,False,False,0,0,1,0,1,1,0,0,0,0,1
differentiated,S_0042722,1,1,1,0,1,0,0.0,1.0,0.0,1,-0.0,False,False,False,False,False,0,0,1,0,1,0,1,0,0,0,1
differentiated,S_0042723,2,2,2,0,1,1,0.0,0.5,0.5,2,0.6309297535714574,False,True,False,False,False,0,0,2,0,1,1,1,0,0,0,2
differentiated,S_0042725,1,1,1,0,0,1,0.0,0.0,1.0,1,-0.0,False,False,False,False,False,0,0,1,0,1,1,0,0,0,0,1
differentiated,S_0042726,1,1,1,0,1,0,0.0,1.0,0.0,1,-0.0,False,False,False,False,False,0,0,1,0,1,0,1,0,0,0,1
differentiated,S_0042728,1,1,1,0,1,0,0.0,1.0,0.0,1,-0.0,False,False,False,False,False,0,0,1,0,1,0,1,0,0,0,1
differentiated,S_0042730,1,1,1,0,0,1,0.0,0.0,1.0,1,-0.0,False,False,False,False,False,0,0,1,0,1,1,0,0,0,0,1
differentiated,S_0042731,1,1,1,0,1,0,0.0,1.0,0.0,1,-0.0,False,False,False,False,False,0,0,1,0,1,0,1,0,0,0,1
differentiated,S_0042735,1,1,1,0,0,1,0.0,0.0,1.0,1,-0.0,False,False,False,False,False,0,0,1,0,1,1,0,0,0,0,1
differentiated,S_0042736,1,1,1,0,1,0,0.0,1.0,0.0,1,-0.0,False,False,False,False,False,0,0,1,0,1,0,1,0,0,0,1
differentiated,S_0042740,1,1,1,0,1,0,0.0,1.0,0.0,1,-0.0,False,False,False,False,False,0,0,1,0,1,0,1,0,0,0,1
differentiated,S_0042783,1,1,1,0,0,1,0.0,0.0,1.0,1,-0.0,False,False,False,False,False,0,0,1,0,1,0,0,0,0,1,1
differentiated,S_0042784,1,1,1,0,1,0,0.0,1.0,0.0,1,-0.0,False,False,False,False,False,0,0,1,0,1,1,0,0,0,0,1
differentiated,S_0042793,1,1,1,0,1,0,0.0,1.0,0.0,1,-0.0,False,False,False,False,False,0,0,1,0,1,1,0,0,0,0,1
differentiated,S_0042794,1,1,1,0,1,0,0.0,1.0,0.0,1,-0.0,False,False,False,False,False,0,0,1,0,1,1,0,0,0,0,1
differentiated,S_0042810,4,4,3,2,2,0,0.5,0.5,0.0,2,0.6309297535714574,False,True,True,False,False,0,0,0,4,1,4,0,0,0,0,1
differentiated,S_0042811,1,1,1,0,0,1,0.0,0.0,1.0,1,-0.0,False,False,False,False,False,0,0,1,0,1,1,0,0,0,0,1
differentiated,S_0042812,1,1,1,0,0,1,0.0,0.0,1.0,1,-0.0,False,False,False,False,False,0,0,1,0,1,1,0,0,0,0,1
differentiated,S_0042813,1,1,1,0,1,0,0.0,1.0,0.0,1,-0.0,False,False,False,False,False,0,0,1,0,1,0,0,1,0,0,1
differentiated,S_0042815,2,2,1,0,1,1,0.0,0.5,0.5,2,0.6309297535714574,False,True,False,False,False,0,0,2,0,1,0,1,0,0,1,2
differentiated,S_0042816,1,1,1,0,1,0,0.0,1.0,0.0,1,-0.0,False,False,False,False,False,0,0,1,0,1,0,0,1,0,0,1
differentiated,S_0042817,1,1,1,0,1,0,0.0,1.0,0.0,1,-0.0,False,False,False,False,False,0,0,1,0,1,0,1,0,0,0,1
differentiated,S_0042818,1,1,1,0,1,0,0.0,1.0,0.0,1,-0.0,False,False,False,False,False,0,0,1,0,1,0,0,1,0,0,1
differentiated,S_0042819,2,1,2,0,1,0,0.0,1.0,0.0,1,-0.0,False,False,False,False,False,0,0,1,0,1,0,0,1,0,0,1
differentiated,S_0042820,1,1,1,0,1,0,0.0,1.0,0.0,1,-0.0,False,False,False,False,False,0,0,1,0,1,0,0,1,0,0,1
differentiated,S_0042822,1,1,1,0,1,0,0.0,1.0,0.0,1,-0.0,False,False,False,False,False,0,0,1,0,1,0,0,1,0,0,1
differentiated,S_0042823,1,1,1,0,1,0,0.0,1.0,0.0,1,-0.0,False,False,False,False,False,0,0,1,0,1,0,0,1,0,0,1
differentiated,S_0042824,1,1,1,0,1,0,0.0,1.0,0.0,1,-0.0,False,False,False,False,False,0,0,1,0,1,0,0,1,0,0,1
differentiated,S_0042826,5,5,4,2,3,0,0.4,0.6,0.0,2,0.6126016192893442,True,True,True,True,False,0,0,1,4,2,4,0,1,0,0,2
differentiated,S_0042828,1,1,1,0,1,0,0.0,1.0,0.0,1,-0.0,False,False,False,False,False,0,0,1,0,1,0,0,1,0,0,1
differentiated,S_0042829,1,1,1,0,1,0,0.0,1.0,0.0,1,-0.0,False,False,False,False,False,0,0,1,0,1,0,0,1,0,0,1
differentiated,S_0042833,1,1,1,0,1,0,0.0,1.0,0.0,1,-0.0,False,False,False,False,False,0,0,1,0,1,0,0,1,0,0,1
differentiated,S_0042834,1,1,1,0,1,0,0.0,1.0,0.0,1,-0.0,False,False,False,False,False,0,0,1,0,1,0,0,1,0,0,1
differentiated,S_0042836,1,1,1,0,1,0,0.0,1.0,0.0,1,-0.0,False,False,False,False,False,0,0,1,0,1,0,0,1,0,0,1
differentiated,S_0042838,1,1,1,0,1,0,0.0,1.0,0.0,1,-0.0,False,False,False,False,False,0,0,1,0,1,0,0,1,0,0,1
differentiated,S_0042853,1,1,1,0,1,0,0.0,1.0,0.0,1,-0.0,False,False,False,False,False,0,0,1,0,1,0,0,1,0,0,1
differentiated,S_0042854,1,1,1,0,1,0,0.0,1.0,0.0,1,-0.0,False,False,False,False,False,0,0,1,0,1,0,0,1,0,0,1
differentiated,S_0042855,1,1,1,0,1,0,0.0,1.0,0.0,1,-0.0,False,False,False,False,False,0,0,1,0,1,0,0,1,0,0,1
differentiated,S_0042856,1,1,1,0,1,0,0.0,1.0,0.0,1,-0.0,False,False,False,False,False,0,0,1,0,1,0,0,1,0,0,1
differentiated,S_0042859,1,1,1,0,1,0,0.0,1.0,0.0,1,-0.0,False,False,False,False,False,0,0,1,0,1,0,0,1,0,0,1
differentiated,S_0042865,1,1,1,0,1,0,0.0,1.0,0.0,1,-0.0,False,False,False,False,False,0,0,1,0,1,0,0,1,0,0,1
differentiated,S_0042866,1,1,1,0,0,1,0.0,0.0,1.0,1,-0.0,False,False,False,False,False,0,0,1,0,1,1,0,0,0,0,1
differentiated,S_0042869,1,1,1,0,1,0,0.0,1.0,0.0,1,-0.0,False,False,False,False,False,0,0,1,0,1,0,0,1,0,0,1
differentiated,S_0042874,1,1,1,0,0,1,0.0,0.0,1.0,1,-0.0,False,False,False,False,False,0,0,1,0,1,0,0,0,0,1,1
differentiated,S_0042895,1,1,1,0,1,0,0.0,1.0,0.0,1,-0.0,False,False,False,False,False,0,0,1,0,1,1,0,0,0,0,1
differentiated,S_0042896,1,1,1,0,1,0,0.0,1.0,0.0,1,-0.0,False,False,False,False,False,0,0,1,0,1,1,0,0,0,0,1
differentiated,S_0042968,2,2,2,0,2,0,0.0,1.0,0.0,1,-0.0,False,True,False,False,False,0,0,0,2,1,1,0,0,0,1,2
differentiated,S_0042970,1,1,1,0,1,0,0.0,1.0,0.0,1,-0.0,False,False,False,False,False,0,0,0,1,1,1,0,0,0,0,1
differentiated,S_0042987,10,5,6,1,4,0,0.2,0.8,0.0,2,0.4554859150035952,True,True,True,True,False,0,0,0,5,1,1,0,1,1,2,4
differentiated,S_0042989,10,5,6,1,4,0,0.2,0.8,0.0,2,0.4554859150035952,True,True,True,True,False,0,0,0,5,1,1,0,1,1,2,4
differentiated,S_0042990,10,5,6,1,4,0,0.2,0.8,0.0,2,0.4554859150035952,True,True,True,True,False,0,0,0,5,1,1,0,1,1,2,4
differentiated,S_0042991,10,5,6,1,4,0,0.2,0.8,0.0,2,0.4554859150035952,True,True,True,True,False,0,0,0,5,1,1,0,1,1,2,4
differentiated,S_0043012,1,1,1,0,1,0,0.0,1.0,0.0,1,-0.0,False,False,False,False,False,0,0,1,0,1,1,0,0,0,0,1
differentiated,S_0043017,1,1,1,0,1,0,0.0,1.0,0.0,1,-0.0,False,False,False,False,False,0,0,0,1,1,1,0,0,0,0,1
differentiated,S_0043026,1,1,1,0,1,0,0.0,1.0,0.0,1,-0.0,False,False,False,False,False,0,0,0,1,1,1,0,0,0,0,1
differentiated,S_0043042,2,2,2,1,1,0,0.5,0.5,0.0,2,0.6309297535714574,False,True,False,False,False,0,0,1,1,2,1,1,0,0,0,2
differentiated,S_0043045,2,2,2,1,1,0,0.5,0.5,0.0,2,0.6309297535714574,False,True,False,False,False,0,0,1,1,2,1,1,0,0,0,2
differentiated,S_0043046,2,2,2,1,1,0,0.5,0.5,0.0,2,0.6309297535714574,False,True,False,False,False,0,0,1,1,2,1,1,0,0,0,2
differentiated,S_0043050,3,2,3,1,1,0,0.5,0.5,0.0,2,0.6309297535714574,False,True,False,False,False,0,0,1,1,2,1,1,0,0,0,2
differentiated,S_0043056,1,1,1,0,1,0,0.0,1.0,0.0,1,-0.0,False,False,False,False,False,0,0,1,0,1,0,0,0,0,1,1
differentiated,S_0043075,1,1,1,1,0,0,1.0,0.0,0.0,1,-0.0,False,False,False,False,False,0,0,0,1,1,1,0,0,0,0,1
differentiated,S_0043076,1,1,1,1,0,0,1.0,0.0,0.0,1,-0.0,False,False,False,False,False,0,0,0,1,1,1,0,0,0,0,1
differentiated,S_0043079,1,1,1,1,0,0,1.0,0.0,0.0,1,-0.0,False,False,False,False,False,0,0,0,1,1,1,0,0,0,0,1
differentiated,S_0043080,1,1,1,1,0,0,1.0,0.0,0.0,1,-0.0,False,False,False,False,False,0,0,0,1,1,1,0,0,0,0,1
differentiated,S_0043088,1,1,1,0,1,0,0.0,1.0,0.0,1,-0.0,False,False,False,False,False,0,0,1,0,1,0,1,0,0,0,1
differentiated,S_0043089,1,1,1,0,1,0,0.0,1.0,0.0,1,-0.0,False,False,False,False,False,0,0,1,0,1,0,1,0,0,0,1
differentiated,S_0043102,2,2,2,1,0,1,0.5,0.0,0.5,2,0.6309297535714574,False,True,False,False,False,0,0,1,1,2,1,0,0,0,1,2
differentiated,S_0043106,2,2,2,1,0,1,0.5,0.0,0.5,2,0.6309297535714574,False,True,False,False,False,0,0,1,1,2,1,0,0,0,1,2
differentiated,S_0043107,1,1,1,0,1,0,0.0,1.0,0.0,1,-0.0,False,False,False,False,False,0,0,1,0,1,0,1,0,0,0,1
differentiated,S_0043110,1,1,1,1,0,0,1.0,0.0,0.0,1,-0.0,False,False,False,False,False,0,0,0,1,1,0,0,1,0,0,1
differentiated,S_0043111,1,1,1,0,1,0,0.0,1.0,0.0,1,-0.0,False,False,False,False,False,0,0,0,1,1,0,0,0,1,0,1
differentiated,S_0043119,2,2,2,2,0,0,1.0,0.0,0.0,1,-0.0,False,True,False,False,False,0,0,0,2,1,2,0,0,0,0,1
differentiated,S_0043122,2,2,2,2,0,0,1.0,0.0,0.0,1,-0.0,False,True,False,False,False,0,0,0,2,1,2,0,0,0,0,1
differentiated,S_0043140,1,1,1,0,1,0,0.0,1.0,0.0,1,-0.0,False,False,False,False,False,0,0,1,0,1,0,1,0,0,0,1
differentiated,S_0043141,1,1,1,0,1,0,0.0,1.0,0.0,1,-0.0,False,False,False,False,False,0,0,1,0,1,0,1,0,0,0,1
differentiated,S_0043159,2,2,2,0,2,0,0.0,1.0,0.0,1,-0.0,False,True,False,False,False,0,0,1,1,2,0,0,0,2,0,1
differentiated,S_0043179,1,1,1,0,1,0,0.0,1.0,0.0,1,-0.0,False,False,False,False,False,0,0,1,0,1,1,0,0,0,0,1
differentiated,S_0043180,1,1,1,0,1,0,0.0,1.0,0.0,1,-0.0,False,False,False,False,False,0,0,1,0,1,1,0,0,0,0,1
differentiated,S_0043191,2,2,1,1,0,1,0.5,0.0,0.5,2,0.6309297535714574,False,True,False,False,False,0,0,2,0,1,0,0,1,1,0,2
differentiated,S_0043192,2,2,1,1,0,1,0.5,0.0,0.5,2,0.6309297535714574,False,True,False,False,False,0,0,2,0,1,0,0,1,1,0,2
differentiated,S_0043193,2,2,1,1,0,1,0.5,0.0,0.5,2,0.6309297535714574,False,True,False,False,False,0,0,2,0,1,0,0,1,1,0,2
differentiated,S_0043212,2,2,1,0,2,0,0.0,1.0,0.0,1,-0.0,False,True,False,False,False,0,0,2,0,1,1,0,0,0,1,2
differentiated,S_0043213,2,2,1,0,2,0,0.0,1.0,0.0,1,-0.0,False,True,False,False,False,0,0,2,0,1,1,0,0,0,1,2
differentiated,S_0043214,1,1,1,1,0,0,1.0,0.0,0.0,1,-0.0,False,False,False,False,False,0,0,0,1,1,1,0,0,0,0,1
differentiated,S_0043215,4,2,2,2,0,0,1.0,0.0,0.0,1,-0.0,False,True,False,False,False,0,0,0,2,1,2,0,0,0,0,1
differentiated,S_0043269,4,4,2,0,4,0,0.0,1.0,0.0,1,-0.0,False,True,True,False,False,0,0,1,3,2,1,2,0,1,0,3
differentiated,S_0043293,1,1,1,0,1,0,0.0,1.0,0.0,1,-0.0,False,False,False,False,False,0,1,0,0,1,1,0,0,0,0,1
differentiated,S_0043294,1,1,1,0,1,0,0.0,1.0,0.0,1,-0.0,False,False,False,False,False,0,1,0,0,1,1,0,0,0,0,1
differentiated,S_0043298,1,1,1,0,1,0,0.0,1.0,0.0,1,-0.0,False,False,False,False,False,0,0,0,1,1,0,0,1,0,0,1
differentiated,S_0043301,1,1,1,0,1,0,0.0,1.0,0.0,1,-0.0,False,False,False,False,False,0,0,0,1,1,0,0,1,0,0,1
differentiated,S_0043302,1,1,1,0,1,0,0.0,1.0,0.0,1,-0.0,False,False,False,False,False,0,0,0,1,1,0,0,1,0,0,1
differentiated,S_0043316,1,1,1,0,0,1,0.0,0.0,1.0,1,-0.0,False,False,False,False,False,0,0,1,0,1,0,0,1,0,0,1
differentiated,S_0043328,3,1,3,1,0,0,1.0,0.0,0.0,1,-0.0,False,False,False,False,False,0,0,0,1,1,0,0,0,1,0,1
differentiated,S_0043340,1,1,1,0,1,0,0.0,1.0,0.0,1,-0.0,False,False,False,False,False,0,0,1,0,1,0,1,0,0,0,1
differentiated,S_0043342,3,3,3,2,1,0,0.6666666666666666,0.3333333333333333,0.0,2,0.5793801642856949,False,True,True,False,False,0,0,0,3,1,2,0,0,1,0,2
differentiated,S_0043343,3,3,3,2,1,0,0.6666666666666666,0.3333333333333333,0.0,2,0.5793801642856949,False,True,True,False,False,0,0,0,3,1,2,0,0,1,0,2
differentiated,S_0043344,2,2,1,0,2,0,0.0,1.0,0.0,1,-0.0,False,True,False,False,False,0,0,2,0,1,1,1,0,0,0,2
differentiated,S_0043348,1,1,1,0,0,1,0.0,0.0,1.0,1,-0.0,False,False,False,False,False,0,0,1,0,1,1,0,0,0,0,1
differentiated,S_0043350,1,1,1,0,0,1,0.0,0.0,1.0,1,-0.0,False,False,False,False,False,0,0,1,0,1,1,0,0,0,0,1
differentiated,S_0043373,1,1,1,1,0,0,1.0,0.0,0.0,1,-0.0,False,False,False,False,False,0,0,0,1,1,0,0,0,1,0,1
differentiated,S_0043374,2,1,2,1,0,0,1.0,0.0,0.0,1,-0.0,False,False,False,False,False,0,0,0,1,1,0,0,0,1,0,1
differentiated,S_0043375,1,1,1,1,0,0,1.0,0.0,0.0,1,-0.0,False,False,False,False,False,0,0,0,1,1,0,0,0,1,0,1
differentiated,S_0043379,1,1,1,1,0,0,1.0,0.0,0.0,1,-0.0,False,False,False,False,False,0,0,0,1,1,0,1,0,0,0,1
differentiated,S_0043394,6,3,6,2,1,0,0.6666666666666666,0.3333333333333333,0.0,2,0.5793801642856949,False,True,True,False,False,0,0,0,3,1,2,0,0,1,0,2
differentiated,S_0043414,2,2,2,1,1,0,0.5,0.5,0.0,2,0.6309297535714574,False,True,False,False,False,0,0,0,2,1,2,0,0,0,0,1
differentiated,S_0043415,2,2,2,1,1,0,0.5,0.5,0.0,2,0.6309297535714574,False,True,False,False,False,0,0,0,2,1,2,0,0,0,0,1
differentiated,S_0043458,7,7,6,3,2,2,0.42857142857142855,0.2857142857142857,0.2857142857142857,3,0.9821410328348751,True,True,True,True,False,0,0,2,5,2,4,2,0,1,0,3
differentiated,S_0043570,3,2,3,1,1,0,0.5,0.5,0.0,2,0.6309297535714574,False,True,False,False,False,0,0,0,2,1,0,0,0,2,0,1
differentiated,S_0043571,1,1,1,1,0,0,1.0,0.0,0.0,1,-0.0,False,False,False,False,False,0,0,1,0,1,1,0,0,0,0,1
differentiated,S_0043572,1,1,1,1,0,0,1.0,0.0,0.0,1,-0.0,False,False,False,False,False,0,0,1,0,1,1,0,0,0,0,1
differentiated,S_0043575,1,1,1,1,0,0,1.0,0.0,0.0,1,-0.0,False,False,False,False,False,0,0,1,0,1,1,0,0,0,0,1
differentiated,S_0043585,1,1,1,1,0,0,1.0,0.0,0.0,1,-0.0,False,False,False,False,False,0,0,1,0,1,1,0,0,0,0,1
differentiated,S_0043648,1,1,1,0,1,0,0.0,1.0,0.0,1,-0.0,False,False,False,False,False,0,0,1,0,1,1,0,0,0,0,1
differentiated,S_0043649,1,1,1,0,1,0,0.0,1.0,0.0,1,-0.0,False,False,False,False,False,0,0,1,0,1,1,0,0,0,0,1
differentiated,S_0043654,1,1,1,0,1,0,0.0,1.0,0.0,1,-0.0,False,False,False,False,False,0,0,1,0,1,1,0,0,0,0,1
differentiated,S_0043655,1,1,1,0,1,0,0.0,1.0,0.0,1,-0.0,False,False,False,False,False,0,0,1,0,1,1,0,0,0,0,1
differentiated,S_0043657,2,2,1,0,2,0,0.0,1.0,0.0,1,-0.0,False,True,False,False,False,0,0,2,0,1,1,0,0,1,0,2
differentiated,S_0043663,2,2,1,0,2,0,0.0,1.0,0.0,1,-0.0,False,True,False,False,False,0,0,2,0,1,1,0,0,1,0,2
differentiated,S_0043679,4,4,2,0,4,0,0.0,1.0,0.0,1,-0.0,False,True,True,False,False,0,0,1,3,2,1,2,0,1,0,3
differentiated,S_0043680,7,4,3,0,4,0,0.0,1.0,0.0,1,-0.0,False,True,True,False,False,0,0,1,3,2,1,2,0,1,0,3
differentiated,S_0043687,4,4,2,0,4,0,0.0,1.0,0.0,1,-0.0,False,True,True,False,False,0,0,1,3,2,1,2,0,1,0,3
differentiated,S_0043690,2,2,1,0,1,1,0.0,0.5,0.5,2,0.6309297535714574,False,True,False,False,False,0,0,2,0,1,0,1,0,0,1,2
differentiated,S_0043697,1,1,1,1,0,0,1.0,0.0,0.0,1,-0.0,False,False,False,False,False,0,0,0,1,1,1,0,0,0,0,1
differentiated,S_0043698,1,1,1,1,0,0,1.0,0.0,0.0,1,-0.0,False,False,False,False,False,0,0,0,1,1,1,0,0,0,0,1
differentiated,S_0043699,2,1,2,0,1,0,0.0,1.0,0.0,1,-0.0,False,False,False,False,False,0,0,0,1,1,1,0,0,0,0,1
differentiated,S_0043707,2,2,1,0,1,1,0.0,0.5,0.5,2,0.6309297535714574,False,True,False,False,False,0,0,2,0,1,0,1,0,0,1,2
differentiated,S_0043710,1,1,1,0,0,1,0.0,0.0,1.0,1,-0.0,False,False,False,False,False,0,0,1,0,1,0,0,0,1,0,1
differentiated,S_0043712,1,1,1,0,0,1,0.0,0.0,1.0,1,-0.0,False,False,False,False,False,0,0,1,0,1,0,0,0,1,0,1
differentiated,S_0043713,1,1,1,0,0,1,0.0,0.0,1.0,1,-0.0,False,False,False,False,False,0,0,1,0,1,0,0,0,1,0,1
differentiated,S_0043714,1,1,1,0,0,1,0.0,0.0,1.0,1,-0.0,False,False,False,False,False,0,0,1,0,1,1,0,0,0,0,1
differentiated,S_0043725,2,2,2,0,1,1,0.0,0.5,0.5,2,0.6309297535714574,False,True,False,False,False,0,0,1,1,2,1,0,0,1,0,2
differentiated,S_0043727,1,1,1,0,0,1,0.0,0.0,1.0,1,-0.0,False,False,False,False,False,0,0,1,0,1,1,0,0,0,0,1
differentiated,S_0043729,1,1,1,0,0,1,0.0,0.0,1.0,1,-0.0,False,False,False,False,False,0,0,1,0,1,1,0,0,0,0,1
differentiated,S_0043733,1,1,1,0,1,0,0.0,1.0,0.0,1,-0.0,False,False,False,False,False,0,0,0,1,1,0,0,0,0,1,1
differentiated,S_0043734,1,1,1,0,1,0,0.0,1.0,0.0,1,-0.0,False,False,False,False,False,0,0,0,1,1,0,0,0,0,1,1
differentiated,S_0043735,1,1,1,0,1,0,0.0,1.0,0.0,1,-0.0,False,False,False,False,False,0,0,0,1,1,0,0,0,0,1,1
differentiated,S_0043736,1,1,1,0,0,1,0.0,0.0,1.0,1,-0.0,False,False,False,False,False,0,0,1,0,1,1,0,0,0,0,1
differentiated,S_0043743,4,4,3,0,4,0,0.0,1.0,0.0,1,-0.0,False,True,True,False,False,0,0,0,4,1,2,0,1,1,0,3
differentiated,S_0043760,1,1,1,0,1,0,0.0,1.0,0.0,1,-0.0,False,False,False,False,False,0,0,1,0,1,0,1,0,0,0,1
differentiated,S_0043761,1,1,1,0,1,0,0.0,1.0,0.0,1,-0.0,False,False,False,False,False,0,0,1,0,1,0,1,0,0,0,1
differentiated,S_0043792,4,4,3,2,2,0,0.5,0.5,0.0,2,0.6309297535714574,False,True,True,False,False,0,0,2,2,2,2,1,0,0,1,3
differentiated,S_0043800,3,3,1,1,2,0,0.3333333333333333,0.6666666666666666,0.0,2,0.5793801642856949,False,True,True,False,False,0,0,0,3,1,0,0,1,1,1,3
differentiated,S_0043834,1,1,1,0,1,0,0.0,1.0,0.0,1,-0.0,False,False,False,False,False,0,1,0,0,1,1,0,0,0,0,1
differentiated,S_0043835,1,1,1,0,1,0,0.0,1.0,0.0,1,-0.0,False,False,False,False,False,0,1,0,0,1,1,0,0,0,0,1
differentiated,S_0043837,4,4,2,0,4,0,0.0,1.0,0.0,1,-0.0,False,True,True,False,False,0,0,1,3,2,1,2,0,1,0,3
differentiated,S_0043838,4,4,2,0,4,0,0.0,1.0,0.0,1,-0.0,False,True,True,False,False,0,0,1,3,2,1,2,0,1,0,3
differentiated,S_0043841,7,4,3,0,4,0,0.0,1.0,0.0,1,-0.0,False,True,True,False,False,0,0,1,3,2,1,2,0,1,0,3
differentiated,S_0043843,4,4,2,0,4,0,0.0,1.0,0.0,1,-0.0,False,True,True,False,False,0,0,1,3,2,1,2,0,1,0,3
differentiated,S_0043845,1,1,1,0,0,1,0.0,0.0,1.0,1,-0.0,False,False,False,False,False,0,0,1,0,1,0,1,0,0,0,1
differentiated,S_0043846,1,1,1,0,0,1,0.0,0.0,1.0,1,-0.0,False,False,False,False,False,0,0,1,0,1,0,1,0,0,0,1
differentiated,S_0043847,4,4,2,0,4,0,0.0,1.0,0.0,1,-0.0,False,True,True,False,False,0,0,1,3,2,1,2,0,1,0,3
differentiated,S_0043850,1,1,1,0,1,0,0.0,1.0,0.0,1,-0.0,False,False,False,False,False,0,1,0,0,1,1,0,0,0,0,1
differentiated,S_0043851,1,1,1,0,0,1,0.0,0.0,1.0,1,-0.0,False,False,False,False,False,0,0,1,0,1,0,1,0,0,0,1
differentiated,S_0043852,1,1,1,0,0,1,0.0,0.0,1.0,1,-0.0,False,False,False,False,False,0,0,1,0,1,0,1,0,0,0,1
differentiated,S_0043853,1,1,1,0,1,0,0.0,1.0,0.0,1,-0.0,False,False,False,False,False,0,1,0,0,1,1,0,0,0,0,1
differentiated,S_0043855,1,1,1,0,1,0,0.0,1.0,0.0,1,-0.0,False,False,False,False,False,0,1,0,0,1,1,0,0,0,0,1
differentiated,S_0043872,1,1,1,0,0,1,0.0,0.0,1.0,1,-0.0,False,False,False,False,False,0,0,1,0,1,0,1,0,0,0,1
differentiated,S_0043874,1,1,1,0,0,1,0.0,0.0,1.0,1,-0.0,False,False,False,False,False,0,0,1,0,1,0,1,0,0,0,1
differentiated,S_0043879,1,1,1,0,0,1,0.0,0.0,1.0,1,-0.0,False,False,False,False,False,0,0,1,0,1,0,1,0,0,0,1
differentiated,S_0043880,1,1,1,0,0,1,0.0,0.0,1.0,1,-0.0,False,False,False,False,False,0,0,1,0,1,0,1,0,0,0,1
differentiated,S_0043902,2,2,1,1,1,0,0.5,0.5,0.0,2,0.6309297535714574,False,True,False,False,False,0,0,2,0,1,2,0,0,0,0,1
differentiated,S_0043904,3,3,1,1,2,0,0.3333333333333333,0.6666666666666666,0.0,2,0.5793801642856949,False,True,True,False,False,0,0,0,3,1,0,0,1,1,1,3
differentiated,S_0043913,1,1,1,0,1,0,0.0,1.0,0.0,1,-0.0,False,False,False,False,False,0,0,0,1,1,0,0,0,0,1,1
differentiated,S_0043914,1,1,1,0,1,0,0.0,1.0,0.0,1,-0.0,False,False,False,False,False,0,1,0,0,1,1,0,0,0,0,1
differentiated,S_0043915,1,1,1,0,1,0,0.0,1.0,0.0,1,-0.0,False,False,False,False,False,0,0,0,1,1,0,0,0,0,1,1
differentiated,S_0043916,1,1,1,0,1,0,0.0,1.0,0.0,1,-0.0,False,False,False,False,False,0,1,0,0,1,1,0,0,0,0,1
differentiated,S_0043925,1,1,1,0,1,0,0.0,1.0,0.0,1,-0.0,False,False,False,False,False,0,1,0,0,1,0,0,0,1,0,1
differentiated,S_0043936,1,1,1,0,1,0,0.0,1.0,0.0,1,-0.0,False,False,False,False,False,0,0,0,1,1,0,0,0,0,1,1
differentiated,S_0043938,1,1,1,0,1,0,0.0,1.0,0.0,1,-0.0,False,False,False,False,False,0,1,0,0,1,1,0,0,0,0,1
differentiated,S_0043939,1,1,1,0,0,1,0.0,0.0,1.0,1,-0.0,False,False,False,False,False,0,0,1,0,1,1,0,0,0,0,1
differentiated,S_0043940,2,2,2,0,1,1,0.0,0.5,0.5,2,0.6309297535714574,False,True,False,False,False,0,1,1,0,2,2,0,0,0,0,1
differentiated,S_0043941,1,1,1,0,0,1,0.0,0.0,1.0,1,-0.0,False,False,False,False,False,0,0,1,0,1,1,0,0,0,0,1
differentiated,S_0043943,1,1,1,0,0,1,0.0,0.0,1.0,1,-0.0,False,False,False,False,False,0,0,1,0,1,1,0,0,0,0,1
differentiated,S_0043944,1,1,1,0,0,1,0.0,0.0,1.0,1,-0.0,False,False,False,False,False,0,0,1,0,1,1,0,0,0,0,1
differentiated,S_0043946,2,2,2,0,1,1,0.0,0.5,0.5,2,0.6309297535714574,False,True,False,False,False,0,1,1,0,2,1,0,0,1,0,2
differentiated,S_0043948,2,2,2,0,1,1,0.0,0.5,0.5,2,0.6309297535714574,False,True,False,False,False,0,1,1,0,2,1,0,0,1,0,2
differentiated,S_0043949,1,1,1,0,0,1,0.0,0.0,1.0,1,-0.0,False,False,False,False,False,0,0,1,0,1,1,0,0,0,0,1
differentiated,S_0043950,1,1,1,0,1,0,0.0,1.0,0.0,1,-0.0,False,False,False,False,False,0,1,0,0,1,0,0,0,1,0,1
differentiated,S_0044102,2,2,1,0,0,2,0.0,0.0,1.0,1,-0.0,False,True,False,False,False,0,0,2,0,1,1,1,0,0,0,2
differentiated,S_0044105,2,2,1,0,0,2,0.0,0.0,1.0,1,-0.0,False,True,False,False,False,0,0,2,0,1,1,1,0,0,0,2
differentiated,S_0044115,2,2,1,0,0,2,0.0,0.0,1.0,1,-0.0,False,True,False,False,False,0,0,2,0,1,1,1,0,0,0,2
differentiated,S_0044142,1,1,1,0,1,0,0.0,1.0,0.0,1,-0.0,False,False,False,False,False,0,0,1,0,1,1,0,0,0,0,1
differentiated,S_0044143,1,1,1,0,1,0,0.0,1.0,0.0,1,-0.0,False,False,False,False,False,0,0,1,0,1,1,0,0,0,0,1
differentiated,S_0044145,1,1,1,0,1,0,0.0,1.0,0.0,1,-0.0,False,False,False,False,False,0,0,1,0,1,1,0,0,0,0,1
differentiated,S_0044159,1,1,1,0,1,0,0.0,1.0,0.0,1,-0.0,False,False,False,False,False,0,0,1,0,1,1,0,0,0,0,1
differentiated,S_0044161,1,1,1,0,1,0,0.0,1.0,0.0,1,-0.0,False,False,False,False,False,0,0,1,0,1,1,0,0,0,0,1
differentiated,S_0044162,1,1,1,0,1,0,0.0,1.0,0.0,1,-0.0,False,False,False,False,False,0,0,1,0,1,1,0,0,0,0,1
differentiated,S_0044171,1,1,1,1,0,0,1.0,0.0,0.0,1,-0.0,False,False,False,False,False,0,0,0,1,1,0,1,0,0,0,1
differentiated,S_0044199,3,3,3,2,1,0,0.6666666666666666,0.3333333333333333,0.0,2,0.5793801642856949,False,True,True,False,False,0,0,0,3,1,3,0,0,0,0,1
differentiated,S_0044200,3,3,3,2,1,0,0.6666666666666666,0.3333333333333333,0.0,2,0.5793801642856949,False,True,True,False,False,0,0,0,3,1,3,0,0,0,0,1
differentiated,S_0044202,3,3,3,2,1,0,0.6666666666666666,0.3333333333333333,0.0,2,0.5793801642856949,False,True,True,False,False,0,0,0,3,1,3,0,0,0,0,1
differentiated,S_0044211,1,1,1,1,0,0,1.0,0.0,0.0,1,-0.0,False,False,False,False,False,0,0,1,0,1,1,0,0,0,0,1
differentiated,S_0044212,1,1,1,1,0,0,1.0,0.0,0.0,1,-0.0,False,False,False,False,False,0,0,1,0,1,1,0,0,0,0,1
differentiated,S_0044213,1,1,1,1,0,0,1.0,0.0,0.0,1,-0.0,False,False,False,False,False,0,0,1,0,1,1,0,0,0,0,1
differentiated,S_0044220,1,1,1,0,1,0,0.0,1.0,0.0,1,-0.0,False,False,False,False,False,0,1,0,0,1,0,0,0,1,0,1
differentiated,S_0044221,1,1,1,0,1,0,0.0,1.0,0.0,1,-0.0,False,False,False,False,False,0,1,0,0,1,0,0,0,1,0,1
differentiated,S_0044222,1,1,1,0,1,0,0.0,1.0,0.0,1,-0.0,False,False,False,False,False,0,1,0,0,1,0,0,0,1,0,1
differentiated,S_0044223,1,1,1,0,1,0,0.0,1.0,0.0,1,-0.0,False,False,False,False,False,0,1,0,0,1,0,0,0,1,0,1
differentiated,S_0044228,1,1,1,0,1,0,0.0,1.0,0.0,1,-0.0,False,False,False,False,False,0,1,0,0,1,0,0,0,1,0,1
differentiated,S_0044234,1,1,1,0,1,0,0.0,1.0,0.0,1,-0.0,False,False,False,False,False,0,1,0,0,1,0,0,0,1,0,1
differentiated,S_0044237,1,1,1,0,1,0,0.0,1.0,0.0,1,-0.0,False,False,False,False,False,0,1,0,0,1,0,0,0,1,0,1
differentiated,S_0044241,1,1,1,0,1,0,0.0,1.0,0.0,1,-0.0,False,False,False,False,False,0,0,1,0,1,1,0,0,0,0,1
differentiated,S_0044242,1,1,1,0,1,0,0.0,1.0,0.0,1,-0.0,False,False,False,False,False,0,0,1,0,1,1,0,0,0,0,1
differentiated,S_0044278,1,1,1,0,1,0,0.0,1.0,0.0,1,-0.0,False,False,False,False,False,0,0,0,1,1,1,0,0,0,0,1
differentiated,S_0044305,2,2,1,0,2,0,0.0,1.0,0.0,1,-0.0,False,True,False,False,False,0,0,2,0,1,1,0,0,1,0,2
differentiated,S_0044306,2,2,1,0,2,0,0.0,1.0,0.0,1,-0.0,False,True,False,False,False,0,0,2,0,1,1,0,0,1,0,2
differentiated,S_0044308,2,2,1,0,2,0,0.0,1.0,0.0,1,-0.0,False,True,False,False,False,0,0,2,0,1,1,0,0,1,0,2
differentiated,S_0044309,2,2,1,0,2,0,0.0,1.0,0.0,1,-0.0,False,True,False,False,False,0,0,2,0,1,1,0,0,1,0,2
differentiated,S_0044315,2,2,1,0,2,0,0.0,1.0,0.0,1,-0.0,False,True,False,False,False,0,0,2,0,1,1,0,0,1,0,2
differentiated,S_0044316,2,2,1,0,2,0,0.0,1.0,0.0,1,-0.0,False,True,False,False,False,0,0,2,0,1,1,0,0,1,0,2
differentiated,S_0044322,1,1,1,1,0,0,1.0,0.0,0.0,1,-0.0,False,False,False,False,False,0,0,1,0,1,0,0,0,0,1,1
differentiated,S_0044323,1,1,1,1,0,0,1.0,0.0,0.0,1,-0.0,False,False,False,False,False,0,0,1,0,1,0,0,0,0,1,1
differentiated,S_0044325,5,4,4,0,4,0,0.0,1.0,0.0,1,-0.0,False,True,True,False,False,0,0,0,4,1,2,0,1,1,0,3
differentiated,S_0044327,4,4,3,0,4,0,0.0,1.0,0.0,1,-0.0,False,True,True,False,False,0,0,0,4,1,2,0,1,1,0,3
differentiated,S_0044328,1,1,1,1,0,0,1.0,0.0,0.0,1,-0.0,False,False,False,False,False,0,0,1,0,1,0,0,0,0,1,1
differentiated,S_0044329,1,1,1,1,0,0,1.0,0.0,0.0,1,-0.0,False,False,False,False,False,0,0,1,0,1,0,0,0,0,1,1
differentiated,S_0044372,1,1,1,1,0,0,1.0,0.0,0.0,1,-0.0,False,False,False,False,False,0,0,0,1,1,1,0,0,0,0,1
differentiated,S_0044374,1,1,1,1,0,0,1.0,0.0,0.0,1,-0.0,False,False,False,False,False,0,0,0,1,1,1,0,0,0,0,1
differentiated,S_0044375,1,1,1,0,0,1,0.0,0.0,1.0,1,-0.0,False,False,False,False,False,0,0,1,0,1,0,0,0,0,1,1
differentiated,S_0044376,1,1,1,0,0,1,0.0,0.0,1.0,1,-0.0,False,False,False,False,False,0,0,1,0,1,0,0,0,0,1,1
differentiated,S_0044380,1,1,1,0,1,0,0.0,1.0,0.0,1,-0.0,False,False,False,False,False,0,1,0,0,1,0,0,0,1,0,1
differentiated,S_0044382,1,1,1,0,0,1,0.0,0.0,1.0,1,-0.0,False,False,False,False,False,0,1,0,0,1,0,0,0,1,0,1
differentiated,S_0044383,1,1,1,0,0,1,0.0,0.0,1.0,1,-0.0,False,False,False,False,False,0,1,0,0,1,0,0,0,1,0,1
differentiated,S_0044395,1,1,1,0,0,1,0.0,0.0,1.0,1,-0.0,False,False,False,False,False,0,1,0,0,1,0,0,0,1,0,1
differentiated,S_0044438,1,1,1,0,0,1,0.0,0.0,1.0,1,-0.0,False,False,False,False,False,0,1,0,0,1,0,0,0,1,0,1
differentiated,S_0044439,1,1,1,0,0,1,0.0,0.0,1.0,1,-0.0,False,False,False,False,False,0,1,0,0,1,0,0,0,1,0,1
differentiated,S_0044441,1,1,1,0,0,1,0.0,0.0,1.0,1,-0.0,False,False,False,False,False,0,1,0,0,1,0,0,0,1,0,1
differentiated,S_0044442,2,2,2,1,1,0,0.5,0.5,0.0,2,0.6309297535714574,False,True,False,False,False,0,0,1,1,2,0,0,1,1,0,2
differentiated,S_0044443,3,2,3,1,1,0,0.5,0.5,0.0,2,0.6309297535714574,False,True,False,False,False,0,0,1,1,2,0,0,1,1,0,2
differentiated,S_0044451,1,1,1,0,0,1,0.0,0.0,1.0,1,-0.0,False,False,False,False,False,0,0,1,0,1,0,0,1,0,0,1
differentiated,S_0044452,1,1,1,0,0,1,0.0,0.0,1.0,1,-0.0,False,False,False,False,False,0,0,1,0,1,0,0,1,0,0,1
differentiated,S_0044468,1,1,1,0,0,1,0.0,0.0,1.0,1,-0.0,False,False,False,False,False,0,0,1,0,1,0,1,0,0,0,1
differentiated,S_0044470,1,1,1,0,0,1,0.0,0.0,1.0,1,-0.0,False,False,False,False,False,0,0,1,0,1,0,1,0,0,0,1
differentiated,S_0044511,1,1,1,0,0,1,0.0,0.0,1.0,1,-0.0,False,False,False,False,False,0,0,1,0,1,0,1,0,0,0,1
differentiated,S_0044519,1,1,1,0,0,1,0.0,0.0,1.0,1,-0.0,False,False,False,False,False,0,0,1,0,1,0,1,0,0,0,1
differentiated,S_0044521,3,3,1,0,1,2,0.0,0.3333333333333333,0.6666666666666666,2,0.5793801642856949,False,True,True,False,False,0,0,3,0,1,1,1,0,0,1,3
differentiated,S_0044522,3,3,1,0,1,2,0.0,0.3333333333333333,0.6666666666666666,2,0.5793801642856949,False,True,True,False,False,0,0,3,0,1,1,1,0,0,1,3
differentiated,S_0044524,1,1,1,0,1,0,0.0,1.0,0.0,1,-0.0,False,False,False,False,False,0,0,1,0,1,0,0,1,0,0,1
differentiated,S_0044526,3,3,1,0,1,2,0.0,0.3333333333333333,0.6666666666666666,2,0.5793801642856949,False,True,True,False,False,0,0,3,0,1,1,1,0,0,1,3
differentiated,S_0044527,3,3,1,0,1,2,0.0,0.3333333333333333,0.6666666666666666,2,0.5793801642856949,False,True,True,False,False,0,0,3,0,1,1,1,0,0,1,3
differentiated,S_0044528,1,1,1,0,0,1,0.0,0.0,1.0,1,-0.0,False,False,False,False,False,0,0,1,0,1,1,0,0,0,0,1
differentiated,S_0044529,1,1,1,0,0,1,0.0,0.0,1.0,1,-0.0,False,False,False,False,False,0,0,1,0,1,1,0,0,0,0,1
differentiated,S_0044532,1,1,1,0,1,0,0.0,1.0,0.0,1,-0.0,False,False,False,False,False,0,0,1,0,1,0,1,0,0,0,1
differentiated,S_0044533,1,1,1,0,0,1,0.0,0.0,1.0,1,-0.0,False,False,False,False,False,0,0,1,0,1,1,0,0,0,0,1
differentiated,S_0044541,1,1,1,0,1,0,0.0,1.0,0.0,1,-0.0,False,False,False,False,False,0,0,1,0,1,0,1,0,0,0,1
differentiated,S_0044542,1,1,1,0,1,0,0.0,1.0,0.0,1,-0.0,False,False,False,False,False,0,0,0,1,1,1,0,0,0,0,1
differentiated,S_0044545,1,1,1,0,1,0,0.0,1.0,0.0,1,-0.0,False,False,False,False,False,0,0,0,1,1,1,0,0,0,0,1
differentiated,S_0044556,2,2,1,1,1,0,0.5,0.5,0.0,2,0.6309297535714574,False,True,False,False,False,0,0,0,2,1,1,0,0,1,0,2
differentiated,S_0044557,2,2,1,1,1,0,0.5,0.5,0.0,2,0.6309297535714574,False,True,False,False,False,0,0,0,2,1,1,0,0,1,0,2
differentiated,S_0044560,2,2,1,1,1,0,0.5,0.5,0.0,2,0.6309297535714574,False,True,False,False,False,0,0,0,2,1,1,0,0,1,0,2
differentiated,S_0044565,2,2,1,1,1,0,0.5,0.5,0.0,2,0.6309297535714574,False,True,False,False,False,0,0,0,2,1,1,0,0,1,0,2
differentiated,S_0044597,2,2,1,1,1,0,0.5,0.5,0.0,2,0.6309297535714574,False,True,False,False,False,0,0,0,2,1,1,0,0,1,0,2
differentiated,S_0044599,2,2,1,1,1,0,0.5,0.5,0.0,2,0.6309297535714574,False,True,False,False,False,0,0,0,2,1,1,0,0,1,0,2
differentiated,S_0044607,3,3,2,1,1,1,0.3333333333333333,0.3333333333333333,0.3333333333333333,3,0.9999999999999998,False,True,True,False,False,0,0,2,1,2,0,1,0,1,1,3
differentiated,S_0044608,2,2,1,0,1,1,0.0,0.5,0.5,2,0.6309297535714574,False,True,False,False,False,0,0,2,0,1,0,1,0,0,1,2
differentiated,S_0044610,1,1,1,1,0,0,1.0,0.0,0.0,1,-0.0,False,False,False,False,False,0,0,0,1,1,1,0,0,0,0,1
differentiated,S_0044616,1,1,1,1,0,0,1.0,0.0,0.0,1,-0.0,False,False,False,False,False,0,0,1,0,1,0,0,1,0,0,1
differentiated,S_0044620,2,2,1,1,1,0,0.5,0.5,0.0,2,0.6309297535714574,False,True,False,False,False,0,0,2,0,1,2,0,0,0,0,1
differentiated,S_0044622,2,2,1,1,1,0,0.5,0.5,0.0,2,0.6309297535714574,False,True,False,False,False,0,0,2,0,1,2,0,0,0,0,1
differentiated,S_0044634,4,3,3,1,1,1,0.3333333333333333,0.3333333333333333,0.3333333333333333,3,0.9999999999999998,False,True,True,False,False,0,0,2,1,2,0,1,0,1,1,3
differentiated,S_0044635,4,3,3,1,1,1,0.3333333333333333,0.3333333333333333,0.3333333333333333,3,0.9999999999999998,False,True,True,False,False,0,0,2,1,2,0,1,0,1,1,3
differentiated,S_0044658,1,1,1,0,0,1,0.0,0.0,1.0,1,-0.0,False,False,False,False,False,0,0,1,0,1,0,0,1,0,0,1
differentiated,S_0044659,1,1,1,0,0,1,0.0,0.0,1.0,1,-0.0,False,False,False,False,False,0,0,1,0,1,0,0,1,0,0,1
differentiated,S_0044671,1,1,1,0,0,1,0.0,0.0,1.0,1,-0.0,False,False,False,False,False,0,0,1,0,1,0,0,1,0,0,1
differentiated,S_0044673,1,1,1,0,1,0,0.0,1.0,0.0,1,-0.0,False,False,False,False,False,0,0,1,0,1,1,0,0,0,0,1
differentiated,S_0044674,1,1,1,0,1,0,0.0,1.0,0.0,1,-0.0,False,False,False,False,False,0,0,1,0,1,1,0,0,0,0,1
differentiated,S_0044677,1,1,1,1,0,0,1.0,0.0,0.0,1,-0.0,False,False,False,False,False,0,0,0,1,1,1,0,0,0,0,1
differentiated,S_0044712,2,2,1,0,0,2,0.0,0.0,1.0,1,-0.0,False,True,False,False,False,0,0,2,0,1,1,0,0,0,1,2
differentiated,S_0044713,2,2,1,0,0,2,0.0,0.0,1.0,1,-0.0,False,True,False,False,False,0,0,2,0,1,1,0,0,0,1,2
differentiated,S_0044734,2,2,2,0,2,0,0.0,1.0,0.0,1,-0.0,False,True,False,False,False,0,0,2,0,1,1,0,0,0,1,2
differentiated,S_0044738,1,1,1,0,1,0,0.0,1.0,0.0,1,-0.0,False,False,False,False,False,0,0,1,0,1,0,0,0,1,0,1
differentiated,S_0044739,1,1,1,0,1,0,0.0,1.0,0.0,1,-0.0,False,False,False,False,False,0,0,1,0,1,0,0,0,1,0,1
differentiated,S_0044740,5,4,4,1,3,0,0.25,0.75,0.0,2,0.5118595071429147,False,True,True,False,False,0,0,0,4,1,0,0,1,2,1,3
differentiated,S_0044754,3,2,3,1,1,0,0.5,0.5,0.0,2,0.6309297535714574,False,True,False,False,False,0,0,0,2,1,0,0,0,2,0,1
differentiated,S_0044770,4,4,4,2,2,0,0.5,0.5,0.0,2,0.6309297535714574,False,True,True,False,False,0,0,1,3,2,3,1,0,0,0,2
differentiated,S_0044804,1,1,1,0,0,1,0.0,0.0,1.0,1,-0.0,False,False,False,False,False,0,0,1,0,1,0,0,0,0,1,1
differentiated,S_0044823,2,2,1,0,2,0,0.0,1.0,0.0,1,-0.0,False,True,False,False,False,0,0,2,0,1,1,0,0,1,0,2
differentiated,S_0044827,1,1,1,1,0,0,1.0,0.0,0.0,1,-0.0,False,False,False,False,False,0,0,1,0,1,0,0,0,0,1,1
differentiated,S_0044841,1,1,1,1,0,0,1.0,0.0,0.0,1,-0.0,False,False,False,False,False,0,0,1,0,1,1,0,0,0,0,1
differentiated,S_0044842,1,1,1,1,0,0,1.0,0.0,0.0,1,-0.0,False,False,False,False,False,0,0,1,0,1,1,0,0,0,0,1
differentiated,S_0044849,1,1,1,1,0,0,1.0,0.0,0.0,1,-0.0,False,False,False,False,False,0,0,0,1,1,1,0,0,0,0,1
differentiated,S_0044877,6,4,5,2,2,0,0.5,0.5,0.0,2,0.6309297535714574,False,True,True,False,False,0,0,2,2,2,2,1,0,0,1,3
differentiated,S_0044913,2,2,2,0,1,1,0.0,0.5,0.5,2,0.6309297535714574,False,True,False,False,False,0,0,2,0,1,1,1,0,0,0,2
differentiated,S_0044917,2,2,1,1,1,0,0.5,0.5,0.0,2,0.6309297535714574,False,True,False,False,False,0,0,0,2,1,0,1,1,0,0,2
differentiated,S_0044919,5,5,4,2,3,0,0.4,0.6,0.0,2,0.6126016192893442,True,True,True,True,False,0,0,0,5,1,3,0,1,1,0,3
differentiated,S_0044931,1,1,1,0,1,0,0.0,1.0,0.0,1,-0.0,False,False,False,False,False,0,0,1,0,1,0,0,0,0,1,1
differentiated,S_0044932,2,2,2,0,2,0,0.0,1.0,0.0,1,-0.0,False,True,False,False,False,0,1,1,0,2,1,0,0,0,1,2
differentiated,S_0044933,1,1,1,0,1,0,0.0,1.0,0.0,1,-0.0,False,False,False,False,False,0,1,0,0,1,1,0,0,0,0,1
differentiated,S_0044934,1,1,1,0,1,0,0.0,1.0,0.0,1,-0.0,False,False,False,False,False,0,1,0,0,1,1,0,0,0,0,1
differentiated,S_0044935,1,1,1,0,1,0,0.0,1.0,0.0,1,-0.0,False,False,False,False,False,0,1,0,0,1,1,0,0,0,0,1
differentiated,S_0044942,2,2,2,0,2,0,0.0,1.0,0.0,1,-0.0,False,True,False,False,False,0,1,1,0,2,1,0,0,0,1,2
differentiated,S_0044943,2,2,1,0,2,0,0.0,1.0,0.0,1,-0.0,False,True,False,False,False,0,0,2,0,1,1,0,0,1,0,2
differentiated,S_0044946,1,1,1,0,1,0,0.0,1.0,0.0,1,-0.0,False,False,False,False,False,0,0,1,0,1,0,0,0,0,1,1
differentiated,S_0044948,1,1,1,0,1,0,0.0,1.0,0.0,1,-0.0,False,False,False,False,False,0,0,1,0,1,0,0,0,0,1,1
differentiated,S_0044949,2,2,1,2,0,0,1.0,0.0,0.0,1,-0.0,False,True,False,False,False,0,0,0,2,1,1,1,0,0,0,2
differentiated,S_0044950,1,1,1,0,0,1,0.0,0.0,1.0,1,-0.0,False,False,False,False,False,0,0,1,0,1,0,0,0,0,1,1
differentiated,S_0044980,1,1,1,1,0,0,1.0,0.0,0.0,1,-0.0,False,False,False,False,False,0,0,0,1,1,1,0,0,0,0,1
differentiated,S_0044983,1,1,1,1,0,0,1.0,0.0,0.0,1,-0.0,False,False,False,False,False,0,0,0,1,1,1,0,0,0,0,1
differentiated,S_0044990,1,1,1,0,1,0,0.0,1.0,0.0,1,-0.0,False,False,False,False,False,0,0,1,0,1,0,0,0,1,0,1
differentiated,S_0044993,1,1,1,0,0,1,0.0,0.0,1.0,1,-0.0,False,False,False,False,False,0,0,1,0,1,0,0,0,1,0,1
differentiated,S_0044995,1,1,1,0,0,1,0.0,0.0,1.0,1,-0.0,False,False,False,False,False,0,0,1,0,1,0,0,0,1,0,1
differentiated,S_0045001,1,1,1,0,1,0,0.0,1.0,0.0,1,-0.0,False,False,False,False,False,0,0,1,0,1,0,0,1,0,0,1
differentiated,S_0045002,1,1,1,0,1,0,0.0,1.0,0.0,1,-0.0,False,False,False,False,False,0,0,1,0,1,0,0,1,0,0,1
differentiated,S_0045005,1,1,1,0,1,0,0.0,1.0,0.0,1,-0.0,False,False,False,False,False,0,0,1,0,1,0,0,1,0,0,1
differentiated,S_0045006,1,1,1,0,1,0,0.0,1.0,0.0,1,-0.0,False,False,False,False,False,0,0,1,0,1,0,0,1,0,0,1
differentiated,S_0045015,1,1,1,0,1,0,0.0,1.0,0.0,1,-0.0,False,False,False,False,False,0,0,1,0,1,0,0,1,0,0,1
differentiated,S_0045016,1,1,1,0,1,0,0.0,1.0,0.0,1,-0.0,False,False,False,False,False,0,0,1,0,1,0,0,1,0,0,1
differentiated,S_0045021,1,1,1,0,1,0,0.0,1.0,0.0,1,-0.0,False,False,False,False,False,0,0,1,0,1,0,0,0,1,0,1
differentiated,S_0045027,1,1,1,0,0,1,0.0,0.0,1.0,1,-0.0,False,False,False,False,False,0,0,1,0,1,1,0,0,0,0,1
differentiated,S_0045032,1,1,1,0,0,1,0.0,0.0,1.0,1,-0.0,False,False,False,False,False,0,0,1,0,1,1,0,0,0,0,1
differentiated,S_0045033,1,1,1,0,0,1,0.0,0.0,1.0,1,-0.0,False,False,False,False,False,0,0,1,0,1,1,0,0,0,0,1
differentiated,S_0045043,1,1,1,0,0,1,0.0,0.0,1.0,1,-0.0,False,False,False,False,False,0,0,1,0,1,1,0,0,0,0,1
differentiated,S_0045053,14,9,5,3,5,1,0.3333333333333333,0.5555555555555556,0.1111111111111111,3,0.8527924884900404,True,True,True,True,False,0,0,0,9,1,7,2,0,0,0,2
differentiated,S_0045054,2,2,1,0,2,0,0.0,1.0,0.0,1,-0.0,False,True,False,False,False,0,0,2,0,1,1,0,1,0,0,2
differentiated,S_0045055,2,2,1,0,2,0,0.0,1.0,0.0,1,-0.0,False,True,False,False,False,0,0,2,0,1,1,0,1,0,0,2
differentiated,S_0045067,3,3,2,1,1,1,0.3333333333333333,0.3333333333333333,0.3333333333333333,3,0.9999999999999998,False,True,True,False,False,0,0,2,1,2,0,1,0,1,1,3
differentiated,S_0045068,1,1,1,1,0,0,1.0,0.0,0.0,1,-0.0,False,False,False,False,False,0,0,1,0,1,0,0,1,0,0,1
differentiated,S_0045071,1,1,1,1,0,0,1.0,0.0,0.0,1,-0.0,False,False,False,False,False,0,0,1,0,1,0,0,1,0,0,1
differentiated,S_0045078,1,1,1,1,0,0,1.0,0.0,0.0,1,-0.0,False,False,False,False,False,0,0,0,1,1,1,0,0,0,0,1
differentiated,S_0045085,2,1,2,1,0,0,1.0,0.0,0.0,1,-0.0,False,False,False,False,False,0,0,0,1,1,1,0,0,0,0,1
differentiated,S_0045093,1,1,1,1,0,0,1.0,0.0,0.0,1,-0.0,False,False,False,False,False,0,0,0,1,1,1,0,0,0,0,1
differentiated,S_0045094,1,1,1,1,0,0,1.0,0.0,0.0,1,-0.0,False,False,False,False,False,0,0,0,1,1,1,0,0,0,0,1
differentiated,S_0045095,1,1,1,1,0,0,1.0,0.0,0.0,1,-0.0,False,False,False,False,False,0,0,0,1,1,1,0,0,0,0,1
differentiated,S_0045096,1,1,1,1,0,0,1.0,0.0,0.0,1,-0.0,False,False,False,False,False,0,0,0,1,1,1,0,0,0,0,1
differentiated,S_0045400,1,1,1,1,0,0,1.0,0.0,0.0,1,-0.0,False,False,False,False,False,0,0,1,0,1,1,0,0,0,0,1
differentiated,S_0045401,1,1,1,0,1,0,0.0,1.0,0.0,1,-0.0,False,False,False,False,False,0,1,0,0,1,0,0,0,1,0,1
differentiated,S_0045405,1,1,1,0,1,0,0.0,1.0,0.0,1,-0.0,False,False,False,False,False,0,1,0,0,1,0,0,0,1,0,1
differentiated,S_0045409,1,1,1,0,1,0,0.0,1.0,0.0,1,-0.0,False,False,False,False,False,0,1,0,0,1,0,0,0,1,0,1
differentiated,S_0045410,1,1,1,0,1,0,0.0,1.0,0.0,1,-0.0,False,False,False,False,False,0,1,0,0,1,0,0,0,1,0,1
differentiated,S_0045422,1,1,1,0,1,0,0.0,1.0,0.0,1,-0.0,False,False,False,False,False,0,1,0,0,1,0,0,0,1,0,1
differentiated,S_0045512,1,1,1,0,1,0,0.0,1.0,0.0,1,-0.0,False,False,False,False,False,0,0,1,0,1,1,0,0,0,0,1
differentiated,S_0045513,1,1,1,0,1,0,0.0,1.0,0.0,1,-0.0,False,False,False,False,False,0,0,1,0,1,1,0,0,0,0,1
differentiated,S_0045514,1,1,1,0,1,0,0.0,1.0,0.0,1,-0.0,False,False,False,False,False,0,0,1,0,1,1,0,0,0,0,1
differentiated,S_0045516,2,2,2,1,1,0,0.5,0.5,0.0,2,0.6309297535714574,False,True,False,False,False,0,0,1,1,2,1,1,0,0,0,2
differentiated,S_0045518,2,2,2,1,1,0,0.5,0.5,0.0,2,0.6309297535714574,False,True,False,False,False,0,0,1,1,2,1,1,0,0,0,2
differentiated,S_0045520,1,1,1,1,0,0,1.0,0.0,0.0,1,-0.0,False,False,False,False,False,0,0,0,1,1,0,1,0,0,0,1
differentiated,S_0045522,1,1,1,0,1,0,0.0,1.0,0.0,1,-0.0,False,False,False,False,False,0,0,1,0,1,1,0,0,0,0,1
differentiated,S_0045523,1,1,1,1,0,0,1.0,0.0,0.0,1,-0.0,False,False,False,False,False,0,0,0,1,1,0,1,0,0,0,1
differentiated,S_0045538,1,1,1,1,0,0,1.0,0.0,0.0,1,-0.0,False,False,False,False,False,0,0,0,1,1,0,1,0,0,0,1
differentiated,S_0045540,2,2,2,0,1,1,0.0,0.5,0.5,2,0.6309297535714574,False,True,False,False,False,0,0,1,1,2,0,0,2,0,0,1
differentiated,S_0045541,2,2,2,0,1,1,0.0,0.5,0.5,2,0.6309297535714574,False,True,False,False,False,0,0,1,1,2,0,0,2,0,0,1
differentiated,S_0045544,1,1,1,1,0,0,1.0,0.0,0.0,1,-0.0,False,False,False,False,False,0,0,0,1,1,0,1,0,0,0,1
differentiated,S_0045546,1,1,1,1,0,0,1.0,0.0,0.0,1,-0.0,False,False,False,False,False,0,0,0,1,1,0,1,0,0,0,1
differentiated,S_0045550,1,1,1,0,1,0,0.0,1.0,0.0,1,-0.0,False,False,False,False,False,0,0,0,1,1,0,0,1,0,0,1
differentiated,S_0045552,1,1,1,0,1,0,0.0,1.0,0.0,1,-0.0,False,False,False,False,False,0,0,0,1,1,0,0,1,0,0,1
differentiated,S_0045556,2,2,2,0,1,1,0.0,0.5,0.5,2,0.6309297535714574,False,True,False,False,False,0,0,1,1,2,0,0,2,0,0,1
differentiated,S_0045559,1,1,1,0,1,0,0.0,1.0,0.0,1,-0.0,False,False,False,False,False,0,0,0,1,1,0,0,1,0,0,1
differentiated,S_0045566,6,4,5,3,1,0,0.75,0.25,0.0,2,0.5118595071429147,False,True,True,False,False,0,0,0,4,1,2,1,0,0,1,3
differentiated,S_0045567,1,1,1,0,1,0,0.0,1.0,0.0,1,-0.0,False,False,False,False,False,0,0,0,1,1,0,0,0,0,1,1
differentiated,S_0045578,1,1,1,1,0,0,1.0,0.0,0.0,1,-0.0,False,False,False,False,False,0,0,0,1,1,0,0,0,1,0,1
differentiated,S_0045595,4,4,3,2,2,0,0.5,0.5,0.0,2,0.6309297535714574,False,True,True,False,False,0,0,2,2,2,2,1,0,0,1,3
differentiated,S_0045596,4,4,3,2,2,0,0.5,0.5,0.0,2,0.6309297535714574,False,True,True,False,False,0,0,2,2,2,2,1,0,0,1,3
differentiated,S_0045597,4,4,3,2,2,0,0.5,0.5,0.0,2,0.6309297535714574,False,True,True,False,False,0,0,2,2,2,2,1,0,0,1,3
differentiated,S_0045604,1,1,1,0,1,0,0.0,1.0,0.0,1,-0.0,False,False,False,False,False,0,1,0,0,1,0,0,0,0,1,1
differentiated,S_0045643,1,1,1,0,1,0,0.0,1.0,0.0,1,-0.0,False,False,False,False,False,0,0,1,0,1,1,0,0,0,0,1
differentiated,S_0045644,1,1,1,0,1,0,0.0,1.0,0.0,1,-0.0,False,False,False,False,False,0,0,1,0,1,1,0,0,0,0,1
differentiated,S_0045683,1,1,1,0,1,0,0.0,1.0,0.0,1,-0.0,False,False,False,False,False,0,0,0,1,1,0,0,1,0,0,1
differentiated,S_0045684,1,1,1,0,1,0,0.0,1.0,0.0,1,-0.0,False,False,False,False,False,0,0,0,1,1,0,0,1,0,0,1
differentiated,S_0045692,1,1,1,0,1,0,0.0,1.0,0.0,1,-0.0,False,False,False,False,False,0,0,0,1,1,0,0,1,0,0,1
differentiated,S_0045694,1,1,1,0,1,0,0.0,1.0,0.0,1,-0.0,False,False,False,False,False,0,0,0,1,1,0,0,1,0,0,1
differentiated,S_0045712,1,1,1,0,1,0,0.0,1.0,0.0,1,-0.0,False,False,False,False,False,0,0,0,1,1,0,0,1,0,0,1
differentiated,S_0045719,1,1,1,1,0,0,1.0,0.0,0.0,1,-0.0,False,False,False,False,False,0,0,0,1,1,1,0,0,0,0,1
differentiated,S_0045720,1,1,1,1,0,0,1.0,0.0,0.0,1,-0.0,False,False,False,False,False,0,0,0,1,1,1,0,0,0,0,1
differentiated,S_0045756,1,1,1,0,1,0,0.0,1.0,0.0,1,-0.0,False,False,False,False,False,0,0,1,0,1,0,1,0,0,0,1
differentiated,S_0045778,2,2,1,0,0,2,0.0,0.0,1.0,1,-0.0,False,True,False,False,False,0,0,2,0,1,1,1,0,0,0,2
differentiated,S_0045788,2,2,1,0,0,2,0.0,0.0,1.0,1,-0.0,False,True,False,False,False,0,0,2,0,1,1,0,0,0,1,2
differentiated,S_0045843,2,2,2,1,1,0,0.5,0.5,0.0,2,0.6309297535714574,False,True,False,False,False,0,0,0,2,1,1,0,0,0,1,2
differentiated,S_0045845,2,2,2,1,1,0,0.5,0.5,0.0,2,0.6309297535714574,False,True,False,False,False,0,0,0,2,1,1,0,0,0,1,2
differentiated,S_0045847,2,2,2,1,1,0,0.5,0.5,0.0,2,0.6309297535714574,False,True,False,False,False,0,0,0,2,1,1,0,0,0,1,2
differentiated,S_0045848,1,1,1,0,1,0,0.0,1.0,0.0,1,-0.0,False,False,False,False,False,0,0,1,0,1,1,0,0,0,0,1
differentiated,S_0045899,2,2,2,0,2,0,0.0,1.0,0.0,1,-0.0,False,True,False,False,False,0,1,1,0,2,0,0,0,2,0,1
differentiated,S_0045901,3,3,2,0,3,0,0.0,1.0,0.0,1,-0.0,False,True,True,False,False,0,1,2,0,2,1,0,0,2,0,2
differentiated,S_0045902,1,1,1,0,1,0,0.0,1.0,0.0,1,-0.0,False,False,False,False,False,0,0,1,0,1,1,0,0,0,0,1
differentiated,S_0045903,1,1,1,0,1,0,0.0,1.0,0.0,1,-0.0,False,False,False,False,False,0,0,1,0,1,1,0,0,0,0,1
differentiated,S_0045904,1,1,1,0,1,0,0.0,1.0,0.0,1,-0.0,False,False,False,False,False,0,0,1,0,1,1,0,0,0,0,1
differentiated,S_0045929,1,1,1,0,1,0,0.0,1.0,0.0,1,-0.0,False,False,False,False,False,0,0,1,0,1,0,0,0,1,0,1
differentiated,S_0045930,1,1,1,0,1,0,0.0,1.0,0.0,1,-0.0,False,False,False,False,False,0,0,1,0,1,0,0,0,1,0,1
differentiated,S_0045942,1,1,1,0,1,0,0.0,1.0,0.0,1,-0.0,False,False,False,False,False,0,0,1,0,1,0,0,0,1,0,1
differentiated,S_0045953,2,2,1,0,2,0,0.0,1.0,0.0,1,-0.0,False,True,False,False,False,0,0,2,0,1,1,0,0,1,0,2
differentiated,S_0045973,2,2,2,0,2,0,0.0,1.0,0.0,1,-0.0,False,True,False,False,False,0,1,1,0,2,1,0,0,1,0,2
differentiated,S_0045974,2,2,2,0,2,0,0.0,1.0,0.0,1,-0.0,False,True,False,False,False,0,1,1,0,2,1,0,0,1,0,2
differentiated,S_0045982,2,2,2,0,2,0,0.0,1.0,0.0,1,-0.0,False,True,False,False,False,0,1,1,0,2,1,0,0,1,0,2
differentiated,S_0045983,2,2,2,0,2,0,0.0,1.0,0.0,1,-0.0,False,True,False,False,False,0,1,1,0,2,1,0,0,1,0,2
differentiated,S_0045986,2,2,2,0,2,0,0.0,1.0,0.0,1,-0.0,False,True,False,False,False,0,1,1,0,2,1,0,0,1,0,2
differentiated,S_0045987,2,2,2,0,2,0,0.0,1.0,0.0,1,-0.0,False,True,False,False,False,0,1,1,0,2,1,0,0,1,0,2
differentiated,S_0046032,1,1,1,0,0,1,0.0,0.0,1.0,1,-0.0,False,False,False,False,False,0,0,1,0,1,0,0,0,0,1,1
differentiated,S_0046047,3,3,2,0,3,0,0.0,1.0,0.0,1,-0.0,False,True,True,False,False,0,1,2,0,2,0,0,0,3,0,1
differentiated,S_0046049,3,3,2,0,3,0,0.0,1.0,0.0,1,-0.0,False,True,True,False,False,0,1,2,0,2,0,0,0,3,0,1
differentiated,S_0046060,2,2,1,1,1,0,0.5,0.5,0.0,2,0.6309297535714574,False,True,False,False,False,0,0,0,2,1,0,1,1,0,0,2
differentiated,S_0046098,2,2,1,1,1,0,0.5,0.5,0.0,2,0.6309297535714574,False,True,False,False,False,0,0,0,2,1,0,1,1,0,0,2
differentiated,S_0046100,4,2,2,1,1,0,0.5,0.5,0.0,2,0.6309297535714574,False,True,False,False,False,0,0,0,2,1,0,1,1,0,0,2
differentiated,S_0046106,2,2,1,1,1,0,0.5,0.5,0.0,2,0.6309297535714574,False,True,False,False,False,0,0,0,2,1,0,1,1,0,0,2
differentiated,S_0046107,4,2,2,1,1,0,0.5,0.5,0.0,2,0.6309297535714574,False,True,False,False,False,0,0,0,2,1,0,1,1,0,0,2
differentiated,S_0046143,3,3,2,0,3,0,0.0,1.0,0.0,1,-0.0,False,True,True,False,False,0,0,2,1,2,2,0,1,0,0,2
differentiated,S_0046144,1,1,1,0,1,0,0.0,1.0,0.0,1,-0.0,False,False,False,False,False,0,0,1,0,1,1,0,0,0,0,1
differentiated,S_0046145,1,1,1,0,1,0,0.0,1.0,0.0,1,-0.0,False,False,False,False,False,0,0,0,1,1,1,0,0,0,0,1
differentiated,S_0046146,1,1,1,0,1,0,0.0,1.0,0.0,1,-0.0,False,False,False,False,False,0,0,1,0,1,1,0,0,0,0,1
differentiated,S_0046148,1,1,1,0,1,0,0.0,1.0,0.0,1,-0.0,False,False,False,False,False,0,0,0,1,1,1,0,0,0,0,1
differentiated,S_0046184,1,1,1,1,0,0,1.0,0.0,0.0,1,-0.0,False,False,False,False,False,0,0,1,0,1,1,0,0,0,0,1
differentiated,S_0046186,1,1,1,1,0,0,1.0,0.0,0.0,1,-0.0,False,False,False,False,False,0,0,1,0,1,1,0,0,0,0,1
differentiated,S_0046191,1,1,1,1,0,0,1.0,0.0,0.0,1,-0.0,False,False,False,False,False,0,0,1,0,1,1,0,0,0,0,1
differentiated,S_0046192,1,1,1,1,0,0,1.0,0.0,0.0,1,-0.0,False,False,False,False,False,0,0,1,0,1,1,0,0,0,0,1
differentiated,S_0046193,1,1,1,1,0,0,1.0,0.0,0.0,1,-0.0,False,False,False,False,False,0,0,1,0,1,1,0,0,0,0,1
differentiated,S_0046195,2,2,1,1,0,1,0.5,0.0,0.5,2,0.6309297535714574,False,True,False,False,False,0,0,2,0,1,1,1,0,0,0,2
differentiated,S_0046197,2,2,1,1,0,1,0.5,0.0,0.5,2,0.6309297535714574,False,True,False,False,False,0,0,2,0,1,1,1,0,0,0,2
differentiated,S_0046222,1,1,1,0,0,1,0.0,0.0,1.0,1,-0.0,False,False,False,False,False,0,0,1,0,1,0,0,0,1,0,1
differentiated,S_0046268,1,1,1,1,0,0,1.0,0.0,0.0,1,-0.0,False,False,False,False,False,0,0,0,1,1,0,0,0,1,0,1
differentiated,S_0046270,1,1,1,1,0,0,1.0,0.0,0.0,1,-0.0,False,False,False,False,False,0,0,0,1,1,0,0,0,1,0,1
differentiated,S_0046271,1,1,1,1,0,0,1.0,0.0,0.0,1,-0.0,False,False,False,False,False,0,0,0,1,1,0,0,0,1,0,1
differentiated,S_0046336,1,1,1,0,0,1,0.0,0.0,1.0,1,-0.0,False,False,False,False,False,0,0,1,0,1,1,0,0,0,0,1
differentiated,S_0046397,1,1,1,1,0,0,1.0,0.0,0.0,1,-0.0,False,False,False,False,False,0,0,0,1,1,0,0,1,0,0,1
differentiated,S_0046431,1,1,1,1,0,0,1.0,0.0,0.0,1,-0.0,False,False,False,False,False,0,0,0,1,1,0,0,1,0,0,1
differentiated,S_0046432,1,1,1,1,0,0,1.0,0.0,0.0,1,-0.0,False,False,False,False,False,0,0,0,1,1,0,0,1,0,0,1
differentiated,S_0046437,1,1,1,1,0,0,1.0,0.0,0.0,1,-0.0,False,False,False,False,False,0,0,0,1,1,0,0,1,0,0,1
differentiated,S_0046446,1,1,1,1,0,0,1.0,0.0,0.0,1,-0.0,False,False,False,False,False,0,0,0,1,1,0,0,1,0,0,1
differentiated,S_0046447,1,1,1,1,0,0,1.0,0.0,0.0,1,-0.0,False,False,False,False,False,0,0,0,1,1,0,0,1,0,0,1
differentiated,S_0046458,1,1,1,1,0,0,1.0,0.0,0.0,1,-0.0,False,False,False,False,False,0,0,0,1,1,0,0,1,0,0,1
differentiated,S_0046460,1,1,1,1,0,0,1.0,0.0,0.0,1,-0.0,False,False,False,False,False,0,0,0,1,1,0,0,1,0,0,1
differentiated,S_0046466,1,1,1,1,0,0,1.0,0.0,0.0,1,-0.0,False,False,False,False,False,0,0,0,1,1,0,0,1,0,0,1
differentiated,S_0046467,1,1,1,1,0,0,1.0,0.0,0.0,1,-0.0,False,False,False,False,False,0,0,0,1,1,0,0,1,0,0,1
differentiated,S_0046476,1,1,1,0,1,0,0.0,1.0,0.0,1,-0.0,False,False,False,False,False,0,0,0,1,1,0,0,0,1,0,1
differentiated,S_0046480,1,1,1,0,1,0,0.0,1.0,0.0,1,-0.0,False,False,False,False,False,0,0,0,1,1,0,0,0,1,0,1
differentiated,S_0046481,2,2,1,1,1,0,0.5,0.5,0.0,2,0.6309297535714574,False,True,False,False,False,0,0,0,2,1,0,1,1,0,0,2
differentiated,S_0046482,2,2,1,1,1,0,0.5,0.5,0.0,2,0.6309297535714574,False,True,False,False,False,0,0,0,2,1,0,1,1,0,0,2
differentiated,S_0046488,1,1,1,0,1,0,0.0,1.0,0.0,1,-0.0,False,False,False,False,False,0,0,0,1,1,0,0,0,1,0,1
differentiated,S_0046497,1,1,1,0,1,0,0.0,1.0,0.0,1,-0.0,False,False,False,False,False,0,0,1,0,1,0,0,0,0,1,1
differentiated,S_0046498,1,1,1,0,1,0,0.0,1.0,0.0,1,-0.0,False,False,False,False,False,0,0,1,0,1,0,0,0,0,1,1
differentiated,S_0046502,1,1,1,0,1,0,0.0,1.0,0.0,1,-0.0,False,False,False,False,False,0,0,0,1,1,0,1,0,0,0,1
differentiated,S_0046509,1,1,1,1,0,0,1.0,0.0,0.0,1,-0.0,False,False,False,False,False,0,0,1,0,1,1,0,0,0,0,1
differentiated,S_0046511,1,1,1,1,0,0,1.0,0.0,0.0,1,-0.0,False,False,False,False,False,0,0,1,0,1,1,0,0,0,0,1
differentiated,S_0046522,1,1,1,0,1,0,0.0,1.0,0.0,1,-0.0,False,False,False,False,False,0,0,1,0,1,0,0,0,0,1,1
differentiated,S_0046523,1,1,1,0,1,0,0.0,1.0,0.0,1,-0.0,False,False,False,False,False,0,0,1,0,1,0,0,0,0,1,1
differentiated,S_0046532,1,1,1,0,1,0,0.0,1.0,0.0,1,-0.0,False,False,False,False,False,0,0,1,0,1,1,0,0,0,0,1
differentiated,S_0046534,1,1,1,0,1,0,0.0,1.0,0.0,1,-0.0,False,False,False,False,False,0,0,1,0,1,1,0,0,0,0,1
differentiated,S_0046540,3,3,3,0,3,0,0.0,1.0,0.0,1,-0.0,False,True,True,False,False,0,0,1,2,2,1,1,1,0,0,3
differentiated,S_0046541,1,1,1,0,1,0,0.0,1.0,0.0,1,-0.0,False,False,False,False,False,0,0,1,0,1,1,0,0,0,0,1
differentiated,S_0046546,2,2,2,0,2,0,0.0,1.0,0.0,1,-0.0,False,True,False,False,False,0,0,2,0,1,1,0,0,1,0,2
differentiated,S_0046550,2,2,2,0,2,0,0.0,1.0,0.0,1,-0.0,False,True,False,False,False,0,0,2,0,1,1,0,0,1,0,2
differentiated,S_0046555,1,1,1,0,1,0,0.0,1.0,0.0,1,-0.0,False,False,False,False,False,0,0,1,0,1,1,0,0,0,0,1
differentiated,S_0046556,1,1,1,0,1,0,0.0,1.0,0.0,1,-0.0,False,False,False,False,False,0,0,1,0,1,1,0,0,0,0,1
differentiated,S_0046557,1,1,1,0,1,0,0.0,1.0,0.0,1,-0.0,False,False,False,False,False,0,0,1,0,1,1,0,0,0,0,1
differentiated,S_0046558,1,1,1,0,1,0,0.0,1.0,0.0,1,-0.0,False,False,False,False,False,0,0,1,0,1,1,0,0,0,0,1
differentiated,S_0046595,1,1,1,0,0,1,0.0,0.0,1.0,1,-0.0,False,False,False,False,False,0,0,1,0,1,1,0,0,0,0,1
differentiated,S_0046596,1,1,1,0,0,1,0.0,0.0,1.0,1,-0.0,False,False,False,False,False,0,0,1,0,1,1,0,0,0,0,1
differentiated,S_0046608,2,2,2,0,0,2,0.0,0.0,1.0,1,-0.0,False,True,False,False,False,0,1,1,0,2,0,0,0,2,0,1
differentiated,S_0046609,2,2,1,0,0,2,0.0,0.0,1.0,1,-0.0,False,True,False,False,False,0,0,2,0,1,0,0,0,2,0,1
differentiated,S_0046610,1,1,1,0,0,1,0.0,0.0,1.0,1,-0.0,False,False,False,False,False,0,0,1,0,1,0,0,0,1,0,1
differentiated,S_0046613,2,2,2,0,2,0,0.0,1.0,0.0,1,-0.0,False,True,False,False,False,0,0,1,1,2,2,0,0,0,0,1
differentiated,S_0046614,1,1,1,0,0,1,0.0,0.0,1.0,1,-0.0,False,False,False,False,False,0,0,1,0,1,0,0,0,1,0,1
differentiated,S_0046615,2,2,1,0,0,2,0.0,0.0,1.0,1,-0.0,False,True,False,False,False,0,0,2,0,1,0,0,0,2,0,1
differentiated,S_0046616,5,3,5,0,2,1,0.0,0.6666666666666666,0.3333333333333333,2,0.5793801642856949,False,True,True,False,False,0,0,1,2,2,1,0,0,2,0,2
differentiated,S_0046617,2,2,2,0,0,2,0.0,0.0,1.0,1,-0.0,False,True,False,False,False,0,1,1,0,2,0,0,0,2,0,1
differentiated,S_0046619,2,2,2,0,0,2,0.0,0.0,1.0,1,-0.0,False,True,False,False,False,0,1,1,0,2,0,0,0,2,0,1
differentiated,S_0046657,1,1,1,1,0,0,1.0,0.0,0.0,1,-0.0,False,False,False,False,False,0,0,0,1,1,1,0,0,0,0,1
differentiated,S_0046658,1,1,1,1,0,0,1.0,0.0,0.0,1,-0.0,False,False,False,False,False,0,0,0,1,1,1,0,0,0,0,1
differentiated,S_0046660,1,1,1,1,0,0,1.0,0.0,0.0,1,-0.0,False,False,False,False,False,0,0,0,1,1,1,0,0,0,0,1
differentiated,S_0046686,1,1,1,0,1,0,0.0,1.0,0.0,1,-0.0,False,False,False,False,False,0,0,1,0,1,1,0,0,0,0,1
differentiated,S_0046692,1,1,1,0,0,1,0.0,0.0,1.0,1,-0.0,False,False,False,False,False,0,0,1,0,1,1,0,0,0,0,1
differentiated,S_0046695,1,1,1,0,0,1,0.0,0.0,1.0,1,-0.0,False,False,False,False,False,0,0,1,0,1,1,0,0,0,0,1
differentiated,S_0046696,1,1,1,0,0,1,0.0,0.0,1.0,1,-0.0,False,False,False,False,False,0,0,1,0,1,1,0,0,0,0,1
differentiated,S_0046705,1,1,1,0,1,0,0.0,1.0,0.0,1,-0.0,False,False,False,False,False,0,0,1,0,1,1,0,0,0,0,1
differentiated,S_0046706,1,1,1,0,1,0,0.0,1.0,0.0,1,-0.0,False,False,False,False,False,0,0,1,0,1,1,0,0,0,0,1
differentiated,S_0046710,1,1,1,0,1,0,0.0,1.0,0.0,1,-0.0,False,False,False,False,False,0,0,1,0,1,1,0,0,0,0,1
differentiated,S_0046712,1,1,1,0,1,0,0.0,1.0,0.0,1,-0.0,False,False,False,False,False,0,0,1,0,1,1,0,0,0,0,1
differentiated,S_0046713,1,1,1,0,1,0,0.0,1.0,0.0,1,-0.0,False,False,False,False,False,0,0,1,0,1,1,0,0,0,0,1
differentiated,S_0046714,1,1,1,0,1,0,0.0,1.0,0.0,1,-0.0,False,False,False,False,False,0,0,1,0,1,1,0,0,0,0,1
differentiated,S_0046716,1,1,1,0,1,0,0.0,1.0,0.0,1,-0.0,False,False,False,False,False,0,0,1,0,1,1,0,0,0,0,1
differentiated,S_0046734,2,2,2,0,1,1,0.0,0.5,0.5,2,0.6309297535714574,False,True,False,False,False,0,1,1,0,2,1,0,0,1,0,2
differentiated,S_0046748,1,1,1,0,0,1,0.0,0.0,1.0,1,-0.0,False,False,False,False,False,0,0,1,0,1,0,0,0,1,0,1
differentiated,S_0046749,1,1,1,0,0,1,0.0,0.0,1.0,1,-0.0,False,False,False,False,False,0,0,1,0,1,0,0,0,1,0,1
differentiated,S_0046750,1,1,1,0,0,1,0.0,0.0,1.0,1,-0.0,False,False,False,False,False,0,0,1,0,1,0,0,0,1,0,1
differentiated,S_0046751,1,1,1,0,0,1,0.0,0.0,1.0,1,-0.0,False,False,False,False,False,0,0,1,0,1,0,0,0,1,0,1
differentiated,S_0046755,1,1,1,0,0,1,0.0,0.0,1.0,1,-0.0,False,False,False,False,False,0,0,1,0,1,0,0,0,1,0,1
differentiated,S_0046757,1,1,1,0,0,1,0.0,0.0,1.0,1,-0.0,False,False,False,False,False,0,0,1,0,1,0,0,0,1,0,1
differentiated,S_0046758,1,1,1,0,0,1,0.0,0.0,1.0,1,-0.0,False,False,False,False,False,0,0,1,0,1,0,0,0,1,0,1
differentiated,S_0046759,1,1,1,0,0,1,0.0,0.0,1.0,1,-0.0,False,False,False,False,False,0,0,1,0,1,0,0,0,1,0,1
differentiated,S_0046764,1,1,1,0,1,0,0.0,1.0,0.0,1,-0.0,False,False,False,False,False,0,0,1,0,1,0,0,0,1,0,1
differentiated,S_0046765,1,1,1,0,1,0,0.0,1.0,0.0,1,-0.0,False,False,False,False,False,0,0,1,0,1,0,0,0,1,0,1
differentiated,S_0046768,1,1,1,0,0,1,0.0,0.0,1.0,1,-0.0,False,False,False,False,False,0,0,1,0,1,0,0,0,1,0,1
differentiated,S_0046769,1,1,1,0,1,0,0.0,1.0,0.0,1,-0.0,False,False,False,False,False,0,0,0,1,1,0,0,1,0,0,1
differentiated,S_0046830,1,1,1,0,1,0,0.0,1.0,0.0,1,-0.0,False,False,False,False,False,0,0,1,0,1,1,0,0,0,0,1
differentiated,S_0046834,1,1,1,0,1,0,0.0,1.0,0.0,1,-0.0,False,False,False,False,False,0,1,0,0,1,1,0,0,0,0,1
differentiated,S_0046836,1,1,1,0,1,0,0.0,1.0,0.0,1,-0.0,False,False,False,False,False,0,1,0,0,1,1,0,0,0,0,1
differentiated,S_0046837,1,1,1,0,1,0,0.0,1.0,0.0,1,-0.0,False,False,False,False,False,0,1,0,0,1,1,0,0,0,0,1
differentiated,S_0046838,1,1,1,0,1,0,0.0,1.0,0.0,1,-0.0,False,False,False,False,False,0,1,0,0,1,1,0,0,0,0,1
differentiated,S_0046839,1,1,1,0,0,1,0.0,0.0,1.0,1,-0.0,False,False,False,False,False,0,1,0,0,1,0,0,0,1,0,1
differentiated,S_0046840,1,1,1,0,0,1,0.0,0.0,1.0,1,-0.0,False,False,False,False,False,0,1,0,0,1,0,0,0,1,0,1
differentiated,S_0046842,1,1,1,0,0,1,0.0,0.0,1.0,1,-0.0,False,False,False,False,False,0,1,0,0,1,0,0,0,1,0,1
differentiated,S_0046843,1,1,1,0,0,1,0.0,0.0,1.0,1,-0.0,False,False,False,False,False,0,0,1,0,1,1,0,0,0,0,1
differentiated,S_0046844,1,1,1,0,0,1,0.0,0.0,1.0,1,-0.0,False,False,False,False,False,0,0,1,0,1,1,0,0,0,0,1
differentiated,S_0046849,1,1,1,0,0,1,0.0,0.0,1.0,1,-0.0,False,False,False,False,False,0,0,1,0,1,0,0,0,0,1,1
differentiated,S_0046850,1,1,1,0,0,1,0.0,0.0,1.0,1,-0.0,False,False,False,False,False,0,0,1,0,1,0,0,0,0,1,1
differentiated,S_0046860,3,3,2,0,3,0,0.0,1.0,0.0,1,-0.0,False,True,True,False,False,0,0,3,0,1,1,0,0,0,2,2
differentiated,S_0046861,3,3,2,0,3,0,0.0,1.0,0.0,1,-0.0,False,True,True,False,False,0,0,3,0,1,1,0,0,0,2,2
differentiated,S_0046862,3,3,2,0,3,0,0.0,1.0,0.0,1,-0.0,False,True,True,False,False,0,0,3,0,1,1,0,0,0,2,2
differentiated,S_0046865,3,3,2,0,3,0,0.0,1.0,0.0,1,-0.0,False,True,True,False,False,0,0,3,0,1,1,0,0,0,2,2
differentiated,S_0046869,1,1,1,1,0,0,1.0,0.0,0.0,1,-0.0,False,False,False,False,False,0,0,0,1,1,1,0,0,0,0,1
differentiated,S_0046889,1,1,1,0,1,0,0.0,1.0,0.0,1,-0.0,False,False,False,False,False,0,0,0,1,1,0,0,1,0,0,1
differentiated,S_0046890,2,2,1,1,1,0,0.5,0.5,0.0,2,0.6309297535714574,False,True,False,False,False,0,0,0,2,1,0,1,1,0,0,2
differentiated,S_0046891,1,1,1,0,1,0,0.0,1.0,0.0,1,-0.0,False,False,False,False,False,0,0,1,0,1,0,0,0,0,1,1
differentiated,S_0046892,3,3,2,1,2,0,0.3333333333333333,0.6666666666666666,0.0,2,0.5793801642856949,False,True,True,False,False,0,0,1,2,2,0,1,1,0,1,3
differentiated,S_0046893,1,1,1,0,1,0,0.0,1.0,0.0,1,-0.0,False,False,False,False,False,0,0,1,0,1,0,0,0,0,1,1
differentiated,S_0046900,2,2,1,1,1,0,0.5,0.5,0.0,2,0.6309297535714574,False,True,False,False,False,0,0,0,2,1,0,1,1,0,0,2
differentiated,S_0046901,1,1,1,0,1,0,0.0,1.0,0.0,1,-0.0,False,False,False,False,False,0,0,1,0,1,0,0,0,0,1,1
differentiated,S_0046913,2,2,1,1,1,0,0.5,0.5,0.0,2,0.6309297535714574,False,True,False,False,False,0,0,0,2,1,0,1,1,0,0,2
differentiated,S_0046927,3,3,2,0,3,0,0.0,1.0,0.0,1,-0.0,False,True,True,False,False,0,1,2,0,2,0,0,0,3,0,1
differentiated,S_0046928,1,1,1,0,1,0,0.0,1.0,0.0,1,-0.0,False,False,False,False,False,0,0,1,0,1,0,0,0,1,0,1
differentiated,S_0046930,2,2,2,0,2,0,0.0,1.0,0.0,1,-0.0,False,True,False,False,False,0,1,1,0,2,0,0,0,2,0,1
differentiated,S_0046931,1,1,1,0,0,1,0.0,0.0,1.0,1,-0.0,False,False,False,False,False,0,0,1,0,1,0,0,0,1,0,1
differentiated,S_0046932,1,1,1,0,0,1,0.0,0.0,1.0,1,-0.0,False,False,False,False,False,0,0,1,0,1,0,0,0,1,0,1
differentiated,S_0046935,1,1,1,0,0,1,0.0,0.0,1.0,1,-0.0,False,False,False,False,False,0,0,1,0,1,0,0,0,1,0,1
differentiated,S_0046936,1,1,1,0,0,1,0.0,0.0,1.0,1,-0.0,False,False,False,False,False,0,0,1,0,1,0,0,0,1,0,1
differentiated,S_0046939,2,2,2,0,1,1,0.0,0.5,0.5,2,0.6309297535714574,False,True,False,False,False,0,0,1,1,2,0,0,0,2,0,1
differentiated,S_0046946,1,1,1,0,1,0,0.0,1.0,0.0,1,-0.0,False,False,False,False,False,0,0,1,0,1,0,0,0,1,0,1
differentiated,S_0046949,1,1,1,1,0,0,1.0,0.0,0.0,1,-0.0,False,False,False,False,False,0,0,0,1,1,1,0,0,0,0,1
differentiated,S_0046952,2,2,1,1,1,0,0.5,0.5,0.0,2,0.6309297535714574,False,True,False,False,False,0,0,0,2,1,1,0,0,1,0,2
differentiated,S_0046953,4,4,2,1,2,1,0.25,0.5,0.25,3,0.946394630357186,False,True,True,False,False,0,0,2,2,2,1,1,0,1,1,4
differentiated,S_0046955,4,4,2,1,2,1,0.25,0.5,0.25,3,0.946394630357186,False,True,True,False,False,0,0,2,2,2,1,1,0,1,1,4
differentiated,S_0046956,4,4,2,1,2,1,0.25,0.5,0.25,3,0.946394630357186,False,True,True,False,False,0,0,2,2,2,1,1,0,1,1,4
differentiated,S_0046958,4,4,2,1,2,1,0.25,0.5,0.25,3,0.946394630357186,False,True,True,False,False,0,0,2,2,2,1,1,0,1,1,4
differentiated,S_0046986,1,1,1,1,0,0,1.0,0.0,0.0,1,-0.0,False,False,False,False,False,0,0,0,1,1,0,0,0,1,0,1
differentiated,S_0047039,1,1,1,1,0,0,1.0,0.0,0.0,1,-0.0,False,False,False,False,False,0,0,0,1,1,1,0,0,0,0,1
differentiated,S_0047051,1,1,1,1,0,0,1.0,0.0,0.0,1,-0.0,False,False,False,False,False,0,0,0,1,1,1,0,0,0,0,1
differentiated,S_0047052,1,1,1,1,0,0,1.0,0.0,0.0,1,-0.0,False,False,False,False,False,0,0,0,1,1,1,0,0,0,0,1
differentiated,S_0047077,2,2,1,0,2,0,0.0,1.0,0.0,1,-0.0,False,True,False,False,False,0,0,2,0,1,0,1,0,0,1,2
differentiated,S_0047087,1,1,1,1,0,0,1.0,0.0,0.0,1,-0.0,False,False,False,False,False,0,0,0,1,1,1,0,0,0,0,1
differentiated,S_0047139,1,1,1,0,1,0,0.0,1.0,0.0,1,-0.0,False,False,False,False,False,0,0,1,0,1,1,0,0,0,0,1
differentiated,S_0047140,2,2,1,0,1,1,0.0,0.5,0.5,2,0.6309297535714574,False,True,False,False,False,0,0,2,0,1,2,0,0,0,0,1
differentiated,S_0047143,1,1,1,0,1,0,0.0,1.0,0.0,1,-0.0,False,False,False,False,False,0,0,0,1,1,1,0,0,0,0,1
differentiated,S_0047144,1,1,1,0,0,1,0.0,0.0,1.0,1,-0.0,False,False,False,False,False,0,0,1,0,1,1,0,0,0,0,1
differentiated,S_0047145,2,2,2,1,1,0,0.5,0.5,0.0,2,0.6309297535714574,False,True,False,False,False,0,0,1,1,2,0,0,1,1,0,2
differentiated,S_0047146,1,1,1,0,1,0,0.0,1.0,0.0,1,-0.0,False,False,False,False,False,0,0,0,1,1,0,0,0,1,0,1
differentiated,S_0047151,1,1,1,0,0,1,0.0,0.0,1.0,1,-0.0,False,False,False,False,False,0,0,1,0,1,0,0,0,0,1,1
differentiated,S_0047152,1,1,1,0,0,1,0.0,0.0,1.0,1,-0.0,False,False,False,False,False,0,0,1,0,1,0,0,0,0,1,1
differentiated,S_0047157,1,1,1,0,1,0,0.0,1.0,0.0,1,-0.0,False,False,False,False,False,0,1,0,0,1,1,0,0,0,0,1
differentiated,S_0047162,7,7,6,3,2,2,0.42857142857142855,0.2857142857142857,0.2857142857142857,3,0.9821410328348751,True,True,True,True,False,0,0,2,5,2,4,2,0,1,0,3
differentiated,S_0047163,5,5,5,3,2,0,0.6,0.4,0.0,2,0.6126016192893442,True,True,True,True,False,0,0,0,5,1,3,1,0,1,0,3
differentiated,S_0047164,7,7,6,3,2,2,0.42857142857142855,0.2857142857142857,0.2857142857142857,3,0.9821410328348751,True,True,True,True,False,0,0,2,5,2,4,2,0,1,0,3
differentiated,S_0047166,10,10,8,5,5,0,0.5,0.5,0.0,2,0.6309297535714574,True,True,True,True,True,0,0,0,10,1,5,2,1,2,0,4
differentiated,S_0047167,1,1,1,1,0,0,1.0,0.0,0.0,1,-0.0,False,False,False,False,False,0,0,0,1,1,0,0,0,1,0,1
differentiated,S_0047168,1,1,1,1,0,0,1.0,0.0,0.0,1,-0.0,False,False,False,False,False,0,0,0,1,1,0,0,0,1,0,1
differentiated,S_0047172,10,5,10,3,2,0,0.6,0.4,0.0,2,0.6126016192893442,True,True,True,True,False,0,0,0,5,1,3,1,0,1,0,3
differentiated,S_0047185,2,2,2,0,1,1,0.0,0.5,0.5,2,0.6309297535714574,False,True,False,False,False,0,0,2,0,1,1,0,0,0,1,2
differentiated,S_0047186,2,2,2,0,1,1,0.0,0.5,0.5,2,0.6309297535714574,False,True,False,False,False,0,0,2,0,1,1,0,0,0,1,2
differentiated,S_0047191,2,2,2,0,1,1,0.0,0.5,0.5,2,0.6309297535714574,False,True,False,False,False,0,0,2,0,1,1,0,0,0,1,2
differentiated,S_0047192,2,2,2,0,1,1,0.0,0.5,0.5,2,0.6309297535714574,False,True,False,False,False,0,0,2,0,1,1,0,0,0,1,2
differentiated,S_0047200,1,1,1,0,1,0,0.0,1.0,0.0,1,-0.0,False,False,False,False,False,0,1,0,0,1,1,0,0,0,0,1
differentiated,S_0047201,1,1,1,0,1,0,0.0,1.0,0.0,1,-0.0,False,False,False,False,False,0,1,0,0,1,1,0,0,0,0,1
differentiated,S_0047207,2,2,2,0,2,0,0.0,1.0,0.0,1,-0.0,False,True,False,False,False,0,0,1,1,2,0,1,0,1,0,2
differentiated,S_0047210,1,1,1,0,1,0,0.0,1.0,0.0,1,-0.0,False,False,False,False,False,0,1,0,0,1,1,0,0,0,0,1
differentiated,S_0047211,1,1,1,0,1,0,0.0,1.0,0.0,1,-0.0,False,False,False,False,False,0,1,0,0,1,1,0,0,0,0,1
differentiated,S_0047215,2,1,2,0,1,0,0.0,1.0,0.0,1,-0.0,False,False,False,False,False,0,0,0,1,1,0,0,0,1,0,1
differentiated,S_0047216,1,1,1,0,1,0,0.0,1.0,0.0,1,-0.0,False,False,False,False,False,0,0,0,1,1,0,0,0,1,0,1
differentiated,S_0047221,1,1,1,0,1,0,0.0,1.0,0.0,1,-0.0,False,False,False,False,False,0,1,0,0,1,1,0,0,0,0,1
differentiated,S_0047222,1,1,1,0,1,0,0.0,1.0,0.0,1,-0.0,False,False,False,False,False,0,1,0,0,1,1,0,0,0,0,1
differentiated,S_0047223,1,1,1,0,1,0,0.0,1.0,0.0,1,-0.0,False,False,False,False,False,0,1,0,0,1,1,0,0,0,0,1
differentiated,S_0047224,1,1,1,0,1,0,0.0,1.0,0.0,1,-0.0,False,False,False,False,False,0,0,1,0,1,0,0,0,1,0,1
differentiated,S_0047225,1,1,1,0,1,0,0.0,1.0,0.0,1,-0.0,False,False,False,False,False,0,0,0,1,1,0,0,0,1,0,1
differentiated,S_0047226,1,1,1,0,1,0,0.0,1.0,0.0,1,-0.0,False,False,False,False,False,0,0,1,0,1,0,0,0,1,0,1
differentiated,S_0047227,1,1,1,0,1,0,0.0,1.0,0.0,1,-0.0,False,False,False,False,False,0,0,0,1,1,0,0,0,1,0,1
differentiated,S_0047228,1,1,1,0,1,0,0.0,1.0,0.0,1,-0.0,False,False,False,False,False,0,0,1,0,1,0,0,0,1,0,1
differentiated,S_0047245,1,1,1,0,0,1,0.0,0.0,1.0,1,-0.0,False,False,False,False,False,0,0,1,0,1,0,1,0,0,0,1
differentiated,S_0047294,2,1,2,1,0,0,1.0,0.0,0.0,1,-0.0,False,False,False,False,False,0,0,0,1,1,1,0,0,0,0,1
differentiated,S_0047301,2,2,2,1,0,1,0.5,0.0,0.5,2,0.6309297535714574,False,True,False,False,False,0,0,1,1,2,0,1,1,0,0,2
differentiated,S_0047302,3,2,3,1,0,1,0.5,0.0,0.5,2,0.6309297535714574,False,True,False,False,False,0,0,1,1,2,0,1,1,0,0,2
differentiated,S_0047303,1,1,1,0,0,1,0.0,0.0,1.0,1,-0.0,False,False,False,False,False,0,0,1,0,1,0,0,1,0,0,1
differentiated,S_0047305,1,1,1,0,0,1,0.0,0.0,1.0,1,-0.0,False,False,False,False,False,0,0,1,0,1,0,0,1,0,0,1
differentiated,S_0047312,3,3,1,0,1,2,0.0,0.3333333333333333,0.6666666666666666,2,0.5793801642856949,False,True,True,False,False,0,0,3,0,1,1,1,0,0,1,3
differentiated,S_0047313,3,3,1,0,1,2,0.0,0.3333333333333333,0.6666666666666666,2,0.5793801642856949,False,True,True,False,False,0,0,3,0,1,1,1,0,0,1,3
differentiated,S_0047317,1,1,1,0,1,0,0.0,1.0,0.0,1,-0.0,False,False,False,False,False,0,0,1,0,1,0,1,0,0,0,1
differentiated,S_0047319,1,1,1,0,1,0,0.0,1.0,0.0,1,-0.0,False,False,False,False,False,0,0,1,0,1,0,1,0,0,0,1
differentiated,S_0047320,2,2,1,0,0,2,0.0,0.0,1.0,1,-0.0,False,True,False,False,False,0,0,2,0,1,1,1,0,0,0,2
differentiated,S_0047322,2,2,1,0,0,2,0.0,0.0,1.0,1,-0.0,False,True,False,False,False,0,0,2,0,1,1,1,0,0,0,2
differentiated,S_0047323,10,10,8,5,5,0,0.5,0.5,0.0,2,0.6309297535714574,True,True,True,True,True,0,0,0,10,1,5,2,1,2,0,4
differentiated,S_0047324,12,12,9,5,5,2,0.4166666666666667,0.4166666666666667,0.16666666666666666,3,0.9358932809493993,True,True,True,True,True,0,0,2,10,2,6,3,1,2,0,4
differentiated,S_0047326,1,1,1,1,0,0,1.0,0.0,0.0,1,-0.0,False,False,False,False,False,0,0,0,1,1,0,0,0,1,0,1
differentiated,S_0047327,1,1,1,1,0,0,1.0,0.0,0.0,1,-0.0,False,False,False,False,False,0,0,0,1,1,0,0,0,1,0,1
differentiated,S_0047333,1,1,1,0,1,0,0.0,1.0,0.0,1,-0.0,False,False,False,False,False,0,0,1,0,1,1,0,0,0,0,1
differentiated,S_0047334,1,1,1,0,1,0,0.0,1.0,0.0,1,-0.0,False,False,False,False,False,0,0,1,0,1,1,0,0,0,0,1
differentiated,S_0047336,1,1,1,0,1,0,0.0,1.0,0.0,1,-0.0,False,False,False,False,False,0,0,1,0,1,1,0,0,0,0,1
differentiated,S_0047337,4,4,2,0,2,2,0.0,0.5,0.5,2,0.6309297535714574,False,True,True,False,False,0,0,4,0,1,2,1,0,0,1,3
differentiated,S_0047339,1,1,1,0,1,0,0.0,1.0,0.0,1,-0.0,False,False,False,False,False,0,0,1,0,1,1,0,0,0,0,1
differentiated,S_0047340,1,1,1,0,1,0,0.0,1.0,0.0,1,-0.0,False,False,False,False,False,0,0,1,0,1,1,0,0,0,0,1
differentiated,S_0047341,3,3,1,0,1,2,0.0,0.3333333333333333,0.6666666666666666,2,0.5793801642856949,False,True,True,False,False,0,0,3,0,1,1,1,0,0,1,3
differentiated,S_0047373,1,1,1,1,0,0,1.0,0.0,0.0,1,-0.0,False,False,False,False,False,0,0,0,1,1,0,0,0,1,0,1
differentiated,S_0047374,1,1,1,0,1,0,0.0,1.0,0.0,1,-0.0,False,False,False,False,False,0,0,1,0,1,1,0,0,0,0,1
differentiated,S_0047385,1,1,1,0,0,1,0.0,0.0,1.0,1,-0.0,False,False,False,False,False,0,0,1,0,1,0,0,1,0,0,1
differentiated,S_0047387,2,2,2,1,1,0,0.5,0.5,0.0,2,0.6309297535714574,False,True,False,False,False,0,0,1,1,2,1,1,0,0,0,2
differentiated,S_0047389,2,2,2,1,1,0,0.5,0.5,0.0,2,0.6309297535714574,False,True,False,False,False,0,0,1,1,2,1,1,0,0,0,2
differentiated,S_0047394,2,2,2,1,1,0,0.5,0.5,0.0,2,0.6309297535714574,False,True,False,False,False,0,0,1,1,2,1,1,0,0,0,2
differentiated,S_0047395,2,2,2,1,1,0,0.5,0.5,0.0,2,0.6309297535714574,False,True,False,False,False,0,0,1,1,2,1,1,0,0,0,2
differentiated,S_0047430,1,1,1,0,1,0,0.0,1.0,0.0,1,-0.0,False,False,False,False,False,0,1,0,0,1,0,0,0,1,0,1
differentiated,S_0047431,1,1,1,0,1,0,0.0,1.0,0.0,1,-0.0,False,False,False,False,False,0,1,0,0,1,0,0,0,1,0,1
differentiated,S_0047455,1,1,1,1,0,0,1.0,0.0,0.0,1,-0.0,False,False,False,False,False,0,0,1,0,1,1,0,0,0,0,1
differentiated,S_0047456,1,1,1,1,0,0,1.0,0.0,0.0,1,-0.0,False,False,False,False,False,0,0,1,0,1,1,0,0,0,0,1
differentiated,S_0047459,1,1,1,0,1,0,0.0,1.0,0.0,1,-0.0,False,False,False,False,False,0,0,0,1,1,0,0,0,1,0,1
differentiated,S_0047463,1,1,1,0,1,0,0.0,1.0,0.0,1,-0.0,False,False,False,False,False,0,1,0,0,1,0,0,0,1,0,1
differentiated,S_0047468,1,1,1,0,1,0,0.0,1.0,0.0,1,-0.0,False,False,False,False,False,0,1,0,0,1,0,0,0,1,0,1
differentiated,S_0047469,1,1,1,0,1,0,0.0,1.0,0.0,1,-0.0,False,False,False,False,False,0,1,0,0,1,0,0,0,1,0,1
differentiated,S_0047667,4,1,4,1,0,0,1.0,0.0,0.0,1,-0.0,False,False,False,False,False,0,0,0,1,1,0,0,0,1,0,1
differentiated,S_0047679,1,1,1,0,1,0,0.0,1.0,0.0,1,-0.0,False,False,False,False,False,0,0,1,0,1,0,0,0,1,0,1
differentiated,S_0047680,1,1,1,0,1,0,0.0,1.0,0.0,1,-0.0,False,False,False,False,False,0,0,1,0,1,0,0,0,1,0,1
differentiated,S_0047701,1,1,1,1,0,0,1.0,0.0,0.0,1,-0.0,False,False,False,False,False,0,0,0,1,1,0,0,0,1,0,1
differentiated,S_0047704,7,7,6,3,2,2,0.42857142857142855,0.2857142857142857,0.2857142857142857,3,0.9821410328348751,True,True,True,True,False,0,0,2,5,2,4,2,0,1,0,3
differentiated,S_0047708,1,1,1,0,0,1,0.0,0.0,1.0,1,-0.0,False,False,False,False,False,0,0,1,0,1,0,0,0,0,1,1
differentiated,S_0047711,2,2,1,2,0,0,1.0,0.0,0.0,1,-0.0,False,True,False,False,False,0,0,0,2,1,1,1,0,0,0,2
differentiated,S_0047718,1,1,1,0,0,1,0.0,0.0,1.0,1,-0.0,False,False,False,False,False,0,0,1,0,1,0,0,0,0,1,1
differentiated,S_0047720,2,2,1,2,0,0,1.0,0.0,0.0,1,-0.0,False,True,False,False,False,0,0,0,2,1,1,1,0,0,0,2
differentiated,S_0047782,1,1,1,0,0,1,0.0,0.0,1.0,1,-0.0,False,False,False,False,False,0,0,1,0,1,1,0,0,0,0,1
differentiated,S_0047803,1,1,1,0,1,0,0.0,1.0,0.0,1,-0.0,False,False,False,False,False,0,0,1,0,1,1,0,0,0,0,1
differentiated,S_0047804,1,1,1,0,1,0,0.0,1.0,0.0,1,-0.0,False,False,False,False,False,0,0,1,0,1,1,0,0,0,0,1
differentiated,S_0047856,4,4,4,2,2,0,0.5,0.5,0.0,2,0.6309297535714574,False,True,True,False,False,0,0,1,3,2,3,0,0,1,0,2
differentiated,S_0047857,4,4,4,2,2,0,0.5,0.5,0.0,2,0.6309297535714574,False,True,True,False,False,0,0,1,3,2,3,0,0,1,0,2
differentiated,S_0047858,4,4,4,2,2,0,0.5,0.5,0.0,2,0.6309297535714574,False,True,True,False,False,0,0,1,3,2,3,0,0,1,0,2
differentiated,S_0047859,4,4,4,2,2,0,0.5,0.5,0.0,2,0.6309297535714574,False,True,True,False,False,0,0,1,3,2,3,0,0,1,0,2
differentiated,S_0047913,4,4,3,1,2,1,0.25,0.5,0.25,3,0.946394630357186,False,True,True,False,False,0,0,2,2,2,1,1,2,0,0,3
differentiated,S_0047914,2,2,1,0,1,1,0.0,0.5,0.5,2,0.6309297535714574,False,True,False,False,False,0,0,2,0,1,1,0,1,0,0,2
differentiated,S_0047969,1,1,1,0,1,0,0.0,1.0,0.0,1,-0.0,False,False,False,False,False,0,0,0,1,1,0,0,1,0,0,1
differentiated,S_0047971,1,1,1,0,1,0,0.0,1.0,0.0,1,-0.0,False,False,False,False,False,0,0,0,1,1,0,0,1,0,0,1
differentiated,S_0047980,1,1,1,0,1,0,0.0,1.0,0.0,1,-0.0,False,False,False,False,False,0,0,1,0,1,0,1,0,0,0,1
differentiated,S_0047982,1,1,1,0,1,0,0.0,1.0,0.0,1,-0.0,False,False,False,False,False,0,0,1,0,1,0,1,0,0,0,1
differentiated,S_0047990,1,1,1,0,1,0,0.0,1.0,0.0,1,-0.0,False,False,False,False,False,0,0,1,0,1,0,1,0,0,0,1
differentiated,S_0047991,1,1,1,0,1,0,0.0,1.0,0.0,1,-0.0,False,False,False,False,False,0,0,1,0,1,0,1,0,0,0,1
differentiated,S_0047994,2,2,1,0,0,2,0.0,0.0,1.0,1,-0.0,False,True,False,False,False,0,0,2,0,1,1,0,0,0,1,2
differentiated,S_0047995,2,2,1,0,0,2,0.0,0.0,1.0,1,-0.0,False,True,False,False,False,0,0,2,0,1,1,0,0,0,1,2
differentiated,S_0047996,2,2,1,0,0,2,0.0,0.0,1.0,1,-0.0,False,True,False,False,False,0,0,2,0,1,1,0,0,0,1,2
differentiated,S_0048087,3,3,3,2,1,0,0.6666666666666666,0.3333333333333333,0.0,2,0.5793801642856949,False,True,True,False,False,0,0,1,2,2,2,1,0,0,0,2
differentiated,S_0048088,5,3,5,2,1,0,0.6666666666666666,0.3333333333333333,0.0,2,0.5793801642856949,False,True,True,False,False,0,0,1,2,2,2,1,0,0,0,2
differentiated,S_0048089,5,5,3,2,2,1,0.4,0.4,0.2,3,0.9602297178607612,True,True,True,True,False,0,0,3,2,2,3,1,0,1,0,3
differentiated,S_0048165,1,1,1,0,1,0,0.0,1.0,0.0,1,-0.0,False,False,False,False,False,0,0,1,0,1,0,1,0,0,0,1
differentiated,S_0048166,1,1,1,0,1,0,0.0,1.0,0.0,1,-0.0,False,False,False,False,False,0,0,1,0,1,0,1,0,0,0,1
differentiated,S_0048168,1,1,1,0,0,1,0.0,0.0,1.0,1,-0.0,False,False,False,False,False,0,0,1,0,1,1,0,0,0,0,1
differentiated,S_0048177,1,1,1,0,1,0,0.0,1.0,0.0,1,-0.0,False,False,False,False,False,0,0,1,0,1,0,1,0,0,0,1
differentiated,S_0048183,1,1,1,0,1,0,0.0,1.0,0.0,1,-0.0,False,False,False,False,False,0,0,1,0,1,0,1,0,0,0,1
differentiated,S_0048260,1,1,1,0,1,0,0.0,1.0,0.0,1,-0.0,False,False,False,False,False,0,0,0,1,1,0,0,0,0,1,1
differentiated,S_0048264,4,4,3,1,2,1,0.25,0.5,0.25,3,0.946394630357186,False,True,True,False,False,0,0,2,2,2,1,1,2,0,0,3
differentiated,S_0048267,4,4,3,1,2,1,0.25,0.5,0.25,3,0.946394630357186,False,True,True,False,False,0,0,2,2,2,1,1,2,0,0,3
differentiated,S_0048272,1,1,1,1,0,0,1.0,0.0,0.0,1,-0.0,False,False,False,False,False,0,0,0,1,1,0,1,0,0,0,1
differentiated,S_0048273,1,1,1,1,0,0,1.0,0.0,0.0,1,-0.0,False,False,False,False,False,0,0,0,1,1,0,1,0,0,0,1
differentiated,S_0048275,2,2,2,1,1,0,0.5,0.5,0.0,2,0.6309297535714574,False,True,False,False,False,0,0,0,2,1,1,0,0,0,1,2
differentiated,S_0048292,1,1,1,0,1,0,0.0,1.0,0.0,1,-0.0,False,False,False,False,False,0,0,0,1,1,0,0,0,1,0,1
differentiated,S_0048300,3,3,1,0,3,0,0.0,1.0,0.0,1,-0.0,False,True,True,False,False,0,0,3,0,1,1,1,0,0,1,3
differentiated,S_0048301,3,3,1,0,3,0,0.0,1.0,0.0,1,-0.0,False,True,True,False,False,0,0,3,0,1,1,1,0,0,1,3
differentiated,S_0048303,3,3,1,0,3,0,0.0,1.0,0.0,1,-0.0,False,True,True,False,False,0,0,3,0,1,1,1,0,0,1,3
differentiated,S_0048350,1,1,1,0,1,0,0.0,1.0,0.0,1,-0.0,False,False,False,False,False,0,0,0,1,1,0,0,0,1,0,1
differentiated,S_0048351,3,3,2,0,2,1,0.0,0.6666666666666666,0.3333333333333333,2,0.5793801642856949,False,True,True,False,False,0,0,3,0,1,1,0,0,1,1,3
differentiated,S_0048352,3,3,2,0,2,1,0.0,0.6666666666666666,0.3333333333333333,2,0.5793801642856949,False,True,True,False,False,0,0,3,0,1,1,0,0,1,1,3
differentiated,S_0048353,3,3,1,1,2,0,0.3333333333333333,0.6666666666666666,0.0,2,0.5793801642856949,False,True,True,False,False,0,0,0,3,1,0,0,1,1,1,3
differentiated,S_0048354,3,3,2,0,2,1,0.0,0.6666666666666666,0.3333333333333333,2,0.5793801642856949,False,True,True,False,False,0,0,3,0,1,1,0,0,1,1,3
differentiated,S_0048360,1,1,1,0,1,0,0.0,1.0,0.0,1,-0.0,False,False,False,False,False,0,0,1,0,1,1,0,0,0,0,1
differentiated,S_0048361,1,1,1,0,1,0,0.0,1.0,0.0,1,-0.0,False,False,False,False,False,0,1,0,0,1,0,0,0,0,1,1
differentiated,S_0048365,1,1,1,0,1,0,0.0,1.0,0.0,1,-0.0,False,False,False,False,False,0,0,0,1,1,0,0,1,0,0,1
differentiated,S_0048403,2,2,1,0,1,1,0.0,0.5,0.5,2,0.6309297535714574,False,True,False,False,False,0,0,2,0,1,1,0,0,0,1,2
differentiated,S_0048424,2,2,1,0,2,0,0.0,1.0,0.0,1,-0.0,False,True,False,False,False,0,0,2,0,1,2,0,0,0,0,1
differentiated,S_0048427,2,2,1,0,2,0,0.0,1.0,0.0,1,-0.0,False,True,False,False,False,0,0,2,0,1,2,0,0,0,0,1
differentiated,S_0048441,4,1,4,1,0,0,1.0,0.0,0.0,1,-0.0,False,False,False,False,False,0,0,0,1,1,0,0,0,1,0,1
differentiated,S_0048448,3,3,2,1,1,1,0.3333333333333333,0.3333333333333333,0.3333333333333333,3,0.9999999999999998,False,True,True,False,False,0,0,2,1,2,0,1,0,1,1,3
differentiated,S_0048449,2,1,2,1,0,0,1.0,0.0,0.0,1,-0.0,False,False,False,False,False,0,0,0,1,1,0,0,0,1,0,1
differentiated,S_0048451,1,1,1,1,0,0,1.0,0.0,0.0,1,-0.0,False,False,False,False,False,0,0,1,0,1,0,0,1,0,0,1
differentiated,S_0048452,1,1,1,0,1,0,0.0,1.0,0.0,1,-0.0,False,False,False,False,False,0,1,0,0,1,0,0,0,0,1,1
differentiated,S_0048453,2,2,2,2,0,0,1.0,0.0,0.0,1,-0.0,False,True,False,False,False,0,0,0,2,1,2,0,0,0,0,1
differentiated,S_0048494,4,2,4,1,1,0,0.5,0.5,0.0,2,0.6309297535714574,False,True,False,False,False,0,0,0,2,1,1,0,0,0,1,2
differentiated,S_0048495,2,2,2,1,1,0,0.5,0.5,0.0,2,0.6309297535714574,False,True,False,False,False,0,0,0,2,1,1,0,0,0,1,2
differentiated,S_0048496,2,2,2,1,1,0,0.5,0.5,0.0,2,0.6309297535714574,False,True,False,False,False,0,0,0,2,1,1,0,0,0,1,2
differentiated,S_0048497,2,2,2,1,1,0,0.5,0.5,0.0,2,0.6309297535714574,False,True,False,False,False,0,0,0,2,1,1,0,0,0,1,2
differentiated,S_0048517,1,1,1,0,1,0,0.0,1.0,0.0,1,-0.0,False,False,False,False,False,0,0,1,0,1,1,0,0,0,0,1
differentiated,S_0048523,2,2,1,1,0,1,0.5,0.0,0.5,2,0.6309297535714574,False,True,False,False,False,0,0,2,0,1,1,1,0,0,0,2
differentiated,S_0048524,2,2,1,1,0,1,0.5,0.0,0.5,2,0.6309297535714574,False,True,False,False,False,0,0,2,0,1,1,1,0,0,0,2
differentiated,S_0048563,1,1,1,0,0,1,0.0,0.0,1.0,1,-0.0,False,False,False,False,False,0,0,1,0,1,0,0,0,0,1,1
differentiated,S_0048570,1,1,1,0,1,0,0.0,1.0,0.0,1,-0.0,False,False,False,False,False,0,0,1,0,1,1,0,0,0,0,1
differentiated,S_0048575,2,1,2,0,1,0,0.0,1.0,0.0,1,-0.0,False,False,False,False,False,0,0,0,1,1,1,0,0,0,0,1
differentiated,S_0048577,1,1,1,0,1,0,0.0,1.0,0.0,1,-0.0,False,False,False,False,False,0,0,0,1,1,1,0,0,0,0,1
differentiated,S_0048589,1,1,1,0,1,0,0.0,1.0,0.0,1,-0.0,False,False,False,False,False,0,0,0,1,1,1,0,0,0,0,1
differentiated,S_0048590,1,1,1,0,1,0,0.0,1.0,0.0,1,-0.0,False,False,False,False,False,0,0,0,1,1,1,0,0,0,0,1
differentiated,S_0048591,2,2,2,0,1,1,0.0,0.5,0.5,2,0.6309297535714574,False,True,False,False,False,0,1,0,1,2,0,0,0,2,0,1
differentiated,S_0048594,1,1,1,0,0,1,0.0,0.0,1.0,1,-0.0,False,False,False,False,False,0,0,1,0,1,1,0,0,0,0,1
differentiated,S_0048595,4,4,3,1,2,1,0.25,0.5,0.25,3,0.946394630357186,False,True,True,False,False,0,0,2,2,2,2,1,0,0,1,3
differentiated,S_0048596,5,5,3,1,2,2,0.2,0.4,0.4,3,0.9602297178607612,True,True,True,True,False,0,0,3,2,2,3,1,0,0,1,3
differentiated,S_0048604,2,2,2,0,2,0,0.0,1.0,0.0,1,-0.0,False,True,False,False,False,0,1,1,0,2,1,0,0,1,0,2
differentiated,S_0048643,1,1,1,0,0,1,0.0,0.0,1.0,1,-0.0,False,False,False,False,False,0,0,1,0,1,0,0,0,0,1,1
differentiated,S_0048677,1,1,1,0,0,1,0.0,0.0,1.0,1,-0.0,False,False,False,False,False,0,0,1,0,1,0,0,0,0,1,1
differentiated,S_0048678,1,1,1,0,0,1,0.0,0.0,1.0,1,-0.0,False,False,False,False,False,0,0,1,0,1,0,0,0,0,1,1
differentiated,S_0048687,2,2,1,0,2,0,0.0,1.0,0.0,1,-0.0,False,True,False,False,False,0,0,2,0,1,2,0,0,0,0,1
differentiated,S_0048689,1,1,1,0,1,0,0.0,1.0,0.0,1,-0.0,False,False,False,False,False,0,0,1,0,1,0,0,0,0,1,1
differentiated,S_0048690,1,1,1,0,1,0,0.0,1.0,0.0,1,-0.0,False,False,False,False,False,0,0,1,0,1,0,0,0,0,1,1
differentiated,S_0048691,1,1,1,0,1,0,0.0,1.0,0.0,1,-0.0,False,False,False,False,False,0,0,1,0,1,0,0,0,0,1,1
differentiated,S_0048692,2,2,1,0,2,0,0.0,1.0,0.0,1,-0.0,False,True,False,False,False,0,0,2,0,1,0,0,0,0,2,1
differentiated,S_0048694,1,1,1,0,1,0,0.0,1.0,0.0,1,-0.0,False,False,False,False,False,0,0,1,0,1,1,0,0,0,0,1
differentiated,S_0048695,2,2,1,0,2,0,0.0,1.0,0.0,1,-0.0,False,True,False,False,False,0,0,2,0,1,1,0,0,0,1,2
differentiated,S_0048696,1,1,1,0,1,0,0.0,1.0,0.0,1,-0.0,False,False,False,False,False,0,0,1,0,1,0,0,0,0,1,1
differentiated,S_0048697,1,1,1,0,1,0,0.0,1.0,0.0,1,-0.0,False,False,False,False,False,0,0,1,0,1,0,0,0,0,1,1
differentiated,S_0048698,1,1,1,0,1,0,0.0,1.0,0.0,1,-0.0,False,False,False,False,False,0,0,1,0,1,0,0,0,0,1,1
differentiated,S_0048699,1,1,1,0,1,0,0.0,1.0,0.0,1,-0.0,False,False,False,False,False,0,0,1,0,1,0,0,0,0,1,1
differentiated,S_0048701,1,1,1,1,0,0,1.0,0.0,0.0,1,-0.0,False,False,False,False,False,0,0,0,1,1,1,0,0,0,0,1
differentiated,S_0048715,1,1,1,0,0,1,0.0,0.0,1.0,1,-0.0,False,False,False,False,False,0,0,1,0,1,0,1,0,0,0,1
differentiated,S_0048755,2,2,2,1,1,0,0.5,0.5,0.0,2,0.6309297535714574,False,True,False,False,False,0,0,1,1,2,0,1,0,1,0,2
differentiated,S_0048789,2,2,1,1,0,1,0.5,0.0,0.5,2,0.6309297535714574,False,True,False,False,False,0,0,2,0,1,0,0,1,1,0,2
differentiated,S_0048821,1,1,1,0,1,0,0.0,1.0,0.0,1,-0.0,False,False,False,False,False,0,1,0,0,1,1,0,0,0,0,1
differentiated,S_0048825,4,4,2,1,3,0,0.25,0.75,0.0,2,0.5118595071429147,False,True,True,False,False,0,0,0,4,1,0,0,1,1,2,3
differentiated,S_0048826,8,4,4,1,3,0,0.25,0.75,0.0,2,0.5118595071429147,False,True,True,False,False,0,0,0,4,1,0,0,1,1,2,3
differentiated,S_0048827,4,4,2,1,3,0,0.25,0.75,0.0,2,0.5118595071429147,False,True,True,False,False,0,0,0,4,1,0,0,1,1,2,3
differentiated,S_0048836,1,1,1,0,1,0,0.0,1.0,0.0,1,-0.0,False,False,False,False,False,0,0,0,1,1,0,0,0,0,1,1
differentiated,S_0048842,1,1,1,0,0,1,0.0,0.0,1.0,1,-0.0,False,False,False,False,False,0,0,1,0,1,0,0,0,0,1,1
differentiated,S_0048859,1,1,1,0,0,1,0.0,0.0,1.0,1,-0.0,False,False,False,False,False,0,0,1,0,1,0,1,0,0,0,1
differentiated,S_0048860,3,3,1,1,2,0,0.3333333333333333,0.6666666666666666,0.0,2,0.5793801642856949,False,True,True,False,False,0,0,0,3,1,0,0,1,1,1,3
differentiated,S_0048897,1,1,1,0,0,1,0.0,0.0,1.0,1,-0.0,False,False,False,False,False,0,0,1,0,1,0,0,0,0,1,1
differentiated,S_0048898,1,1,1,0,0,1,0.0,0.0,1.0,1,-0.0,False,False,False,False,False,0,0,1,0,1,0,0,0,0,1,1
differentiated,S_0048904,3,3,3,0,2,1,0.0,0.6666666666666666,0.3333333333333333,2,0.5793801642856949,False,True,True,False,False,0,1,1,1,3,1,0,0,1,1,3
differentiated,S_0048905,4,3,4,0,2,1,0.0,0.6666666666666666,0.3333333333333333,2,0.5793801642856949,False,True,True,False,False,0,1,1,1,3,1,0,0,1,1,3
differentiated,S_0048907,3,3,3,0,2,1,0.0,0.6666666666666666,0.3333333333333333,2,0.5793801642856949,False,True,True,False,False,0,1,1,1,3,1,0,0,1,1,3
differentiated,S_0048908,1,1,1,0,0,1,0.0,0.0,1.0,1,-0.0,False,False,False,False,False,0,0,1,0,1,0,0,0,1,0,1
differentiated,S_0048918,2,2,2,0,2,0,0.0,1.0,0.0,1,-0.0,False,True,False,False,False,0,0,1,1,2,0,1,0,1,0,2
differentiated,S_0048938,1,1,1,0,1,0,0.0,1.0,0.0,1,-0.0,False,False,False,False,False,0,0,1,0,1,1,0,0,0,0,1
differentiated,S_0048943,1,1,1,0,1,0,0.0,1.0,0.0,1,-0.0,False,False,False,False,False,0,0,1,0,1,1,0,0,0,0,1
differentiated,S_0048956,1,1,1,0,1,0,0.0,1.0,0.0,1,-0.0,False,False,False,False,False,0,0,1,0,1,1,0,0,0,0,1
differentiated,S_0048957,1,1,1,0,1,0,0.0,1.0,0.0,1,-0.0,False,False,False,False,False,0,0,1,0,1,1,0,0,0,0,1
differentiated,S_0049070,1,1,1,1,0,0,1.0,0.0,0.0,1,-0.0,False,False,False,False,False,0,0,0,1,1,0,1,0,0,0,1
differentiated,S_0049071,1,1,1,1,0,0,1.0,0.0,0.0,1,-0.0,False,False,False,False,False,0,0,0,1,1,0,1,0,0,0,1
differentiated,S_0049083,1,1,1,1,0,0,1.0,0.0,0.0,1,-0.0,False,False,False,False,False,0,0,0,1,1,0,0,0,1,0,1
differentiated,S_0049087,1,1,1,0,1,0,0.0,1.0,0.0,1,-0.0,False,False,False,False,False,0,0,0,1,1,0,0,0,0,1,1
differentiated,S_0049088,1,1,1,1,0,0,1.0,0.0,0.0,1,-0.0,False,False,False,False,False,0,0,0,1,1,0,0,0,1,0,1
differentiated,S_0049091,1,1,1,1,0,0,1.0,0.0,0.0,1,-0.0,False,False,False,False,False,0,0,0,1,1,1,0,0,0,0,1
differentiated,S_0049093,1,1,1,1,0,0,1.0,0.0,0.0,1,-0.0,False,False,False,False,False,0,0,0,1,1,1,0,0,0,0,1
differentiated,S_0049122,1,1,1,1,0,0,1.0,0.0,0.0,1,-0.0,False,False,False,False,False,0,0,0,1,1,0,1,0,0,0,1
differentiated,S_0049125,2,2,1,1,0,1,0.5,0.0,0.5,2,0.6309297535714574,False,True,False,False,False,0,0,2,0,1,0,0,1,1,0,2
differentiated,S_0049150,1,1,1,0,1,0,0.0,1.0,0.0,1,-0.0,False,False,False,False,False,0,0,0,1,1,0,0,0,0,1,1
differentiated,S_0049152,1,1,1,1,0,0,1.0,0.0,0.0,1,-0.0,False,False,False,False,False,0,0,0,1,1,0,0,0,1,0,1
differentiated,S_0049153,1,1,1,1,0,0,1.0,0.0,0.0,1,-0.0,False,False,False,False,False,0,0,0,1,1,0,0,0,1,0,1
differentiated,S_0049180,2,2,1,1,0,1,0.5,0.0,0.5,2,0.6309297535714574,False,True,False,False,False,0,0,2,0,1,0,0,1,1,0,2
differentiated,S_0049186,1,1,1,0,0,1,0.0,0.0,1.0,1,-0.0,False,False,False,False,False,0,0,1,0,1,0,1,0,0,0,1
differentiated,S_0049209,1,1,1,0,1,0,0.0,1.0,0.0,1,-0.0,False,False,False,False,False,0,0,0,1,1,0,0,0,0,1,1
differentiated,S_0049211,1,1,1,0,1,0,0.0,1.0,0.0,1,-0.0,False,False,False,False,False,0,0,0,1,1,0,0,0,0,1,1
differentiated,S_0049218,1,1,1,0,1,0,0.0,1.0,0.0,1,-0.0,False,False,False,False,False,0,0,0,1,1,0,0,0,0,1,1
differentiated,S_0049219,1,1,1,0,1,0,0.0,1.0,0.0,1,-0.0,False,False,False,False,False,0,0,0,1,1,0,0,0,0,1,1
differentiated,S_0049220,1,1,1,0,1,0,0.0,1.0,0.0,1,-0.0,False,False,False,False,False,0,0,0,1,1,0,0,0,0,1,1
differentiated,S_0049222,2,1,2,0,1,0,0.0,1.0,0.0,1,-0.0,False,False,False,False,False,0,0,0,1,1,0,0,0,0,1,1
differentiated,S_0049244,3,3,1,1,2,0,0.3333333333333333,0.6666666666666666,0.0,2,0.5793801642856949,False,True,True,False,False,0,0,0,3,1,0,0,1,1,1,3
differentiated,S_0049251,1,1,1,0,1,0,0.0,1.0,0.0,1,-0.0,False,False,False,False,False,0,0,1,0,1,0,1,0,0,0,1
differentiated,S_0049275,1,1,1,0,1,0,0.0,1.0,0.0,1,-0.0,False,False,False,False,False,0,0,1,0,1,0,1,0,0,0,1
differentiated,S_0049330,1,1,1,0,1,0,0.0,1.0,0.0,1,-0.0,False,False,False,False,False,0,0,1,0,1,0,0,0,1,0,1
differentiated,S_0049344,1,1,1,0,1,0,0.0,1.0,0.0,1,-0.0,False,False,False,False,False,0,0,1,0,1,1,0,0,0,0,1
differentiated,S_0049351,1,1,1,0,1,0,0.0,1.0,0.0,1,-0.0,False,False,False,False,False,0,1,0,0,1,1,0,0,0,0,1
differentiated,S_0049352,1,1,1,0,1,0,0.0,1.0,0.0,1,-0.0,False,False,False,False,False,0,1,0,0,1,1,0,0,0,0,1
differentiated,S_0049358,1,1,1,0,0,1,0.0,0.0,1.0,1,-0.0,False,False,False,False,False,0,1,0,0,1,0,0,0,1,0,1
differentiated,S_0049362,4,2,4,0,2,0,0.0,1.0,0.0,1,-0.0,False,True,False,False,False,0,0,0,2,1,1,0,0,1,0,2
differentiated,S_0049366,2,2,2,0,2,0,0.0,1.0,0.0,1,-0.0,False,True,False,False,False,0,0,0,2,1,1,0,0,1,0,2
differentiated,S_0049378,1,1,1,0,1,0,0.0,1.0,0.0,1,-0.0,False,False,False,False,False,0,0,1,0,1,0,1,0,0,0,1
differentiated,S_0049380,1,1,1,0,0,1,0.0,0.0,1.0,1,-0.0,False,False,False,False,False,0,1,0,0,1,0,0,0,1,0,1
differentiated,S_0049403,1,1,1,0,1,0,0.0,1.0,0.0,1,-0.0,False,False,False,False,False,0,0,1,0,1,0,0,1,0,0,1
differentiated,S_0049405,1,1,1,0,1,0,0.0,1.0,0.0,1,-0.0,False,False,False,False,False,0,0,1,0,1,0,0,1,0,0,1
differentiated,S_0049425,1,1,1,1,0,0,1.0,0.0,0.0,1,-0.0,False,False,False,False,False,0,0,0,1,1,1,0,0,0,0,1
differentiated,S_0049430,1,1,1,1,0,0,1.0,0.0,0.0,1,-0.0,False,False,False,False,False,0,0,0,1,1,1,0,0,0,0,1
differentiated,S_0049459,1,1,1,0,1,0,0.0,1.0,0.0,1,-0.0,False,False,False,False,False,0,0,1,0,1,0,0,0,0,1,1
differentiated,S_0049523,2,2,1,2,0,0,1.0,0.0,0.0,1,-0.0,False,True,False,False,False,0,0,0,2,1,2,0,0,0,0,1
differentiated,S_0049524,2,2,1,2,0,0,1.0,0.0,0.0,1,-0.0,False,True,False,False,False,0,0,0,2,1,2,0,0,0,0,1
differentiated,S_0049528,2,2,1,2,0,0,1.0,0.0,0.0,1,-0.0,False,True,False,False,False,0,0,0,2,1,2,0,0,0,0,1
differentiated,S_0049529,2,2,2,0,2,0,0.0,1.0,0.0,1,-0.0,False,True,False,False,False,1,0,0,1,2,0,1,0,1,0,2
differentiated,S_0049576,2,2,2,0,2,0,0.0,1.0,0.0,1,-0.0,False,True,False,False,False,0,0,2,0,1,1,0,0,0,1,2
differentiated,S_0049578,2,2,2,0,2,0,0.0,1.0,0.0,1,-0.0,False,True,False,False,False,0,0,2,0,1,1,0,0,0,1,2
differentiated,S_0049580,2,2,2,0,2,0,0.0,1.0,0.0,1,-0.0,False,True,False,False,False,0,0,2,0,1,1,0,0,0,1,2
differentiated,S_0049584,2,2,2,0,2,0,0.0,1.0,0.0,1,-0.0,False,True,False,False,False,0,0,2,0,1,1,0,0,0,1,2
differentiated,S_0049585,2,2,2,0,2,0,0.0,1.0,0.0,1,-0.0,False,True,False,False,False,0,0,2,0,1,1,0,0,0,1,2
differentiated,S_0049588,2,2,2,0,2,0,0.0,1.0,0.0,1,-0.0,False,True,False,False,False,0,0,2,0,1,1,0,0,0,1,2
differentiated,S_0049639,1,1,1,1,0,0,1.0,0.0,0.0,1,-0.0,False,False,False,False,False,0,0,0,1,1,1,0,0,0,0,1
differentiated,S_0049641,2,2,2,1,1,0,0.5,0.5,0.0,2,0.6309297535714574,False,True,False,False,False,0,0,0,2,1,2,0,0,0,0,1
differentiated,S_0049643,1,1,1,0,1,0,0.0,1.0,0.0,1,-0.0,False,False,False,False,False,0,0,0,1,1,0,0,0,1,0,1
differentiated,S_0049688,1,1,1,0,1,0,0.0,1.0,0.0,1,-0.0,False,False,False,False,False,0,0,1,0,1,0,0,0,1,0,1
differentiated,S_0049714,1,1,1,1,0,0,1.0,0.0,0.0,1,-0.0,False,False,False,False,False,0,0,1,0,1,1,0,0,0,0,1
differentiated,S_0049726,2,2,2,0,2,0,0.0,1.0,0.0,1,-0.0,False,True,False,False,False,0,1,1,0,2,1,0,0,0,1,2
differentiated,S_0049743,1,1,1,1,0,0,1.0,0.0,0.0,1,-0.0,False,False,False,False,False,0,0,0,1,1,1,0,0,0,0,1
differentiated,S_0049746,1,1,1,1,0,0,1.0,0.0,0.0,1,-0.0,False,False,False,False,False,0,0,0,1,1,1,0,0,0,0,1
differentiated,S_0049748,2,1,2,1,0,0,1.0,0.0,0.0,1,-0.0,False,False,False,False,False,0,0,0,1,1,1,0,0,0,0,1
differentiated,S_0049751,1,1,1,0,1,0,0.0,1.0,0.0,1,-0.0,False,False,False,False,False,0,0,1,0,1,0,1,0,0,0,1
differentiated,S_0049754,1,1,1,0,1,0,0.0,1.0,0.0,1,-0.0,False,False,False,False,False,0,0,1,0,1,0,1,0,0,0,1
differentiated,S_0049778,1,1,1,0,1,0,0.0,1.0,0.0,1,-0.0,False,False,False,False,False,0,0,0,1,1,1,0,0,0,0,1
differentiated,S_0049786,3,2,3,1,1,0,0.5,0.5,0.0,2,0.6309297535714574,False,True,False,False,False,0,0,0,2,1,1,0,1,0,0,2
differentiated,S_0049788,1,1,1,0,1,0,0.0,1.0,0.0,1,-0.0,False,False,False,False,False,0,0,0,1,1,0,0,1,0,0,1
differentiated,S_0049789,3,2,3,1,1,0,0.5,0.5,0.0,2,0.6309297535714574,False,True,False,False,False,0,0,0,2,1,1,0,1,0,0,2
differentiated,S_0049796,1,1,1,0,1,0,0.0,1.0,0.0,1,-0.0,False,False,False,False,False,0,0,0,1,1,0,0,0,1,0,1
differentiated,S_0049807,2,2,2,1,1,0,0.5,0.5,0.0,2,0.6309297535714574,False,True,False,False,False,0,0,0,2,1,0,0,0,2,0,1
differentiated,S_0049835,2,1,2,0,1,0,0.0,1.0,0.0,1,-0.0,False,False,False,False,False,0,0,0,1,1,0,0,0,1,0,1
differentiated,S_0049836,1,1,1,0,1,0,0.0,1.0,0.0,1,-0.0,False,False,False,False,False,0,0,0,1,1,0,0,0,1,0,1
differentiated,S_0049842,1,1,1,0,1,0,0.0,1.0,0.0,1,-0.0,False,False,False,False,False,0,0,0,1,1,0,0,0,1,0,1
differentiated,S_0049843,1,1,1,0,1,0,0.0,1.0,0.0,1,-0.0,False,False,False,False,False,0,0,0,1,1,0,0,0,1,0,1
differentiated,S_0049852,1,1,1,0,1,0,0.0,1.0,0.0,1,-0.0,False,False,False,False,False,0,0,0,1,1,0,0,0,1,0,1
differentiated,S_0049853,1,1,1,0,1,0,0.0,1.0,0.0,1,-0.0,False,False,False,False,False,0,0,0,1,1,0,0,0,1,0,1
differentiated,S_0049873,2,2,2,1,1,0,0.5,0.5,0.0,2,0.6309297535714574,False,True,False,False,False,0,0,0,2,1,0,0,0,2,0,1
differentiated,S_0049888,2,2,2,1,1,0,0.5,0.5,0.0,2,0.6309297535714574,False,True,False,False,False,0,0,0,2,1,0,0,0,2,0,1
differentiated,S_0049933,1,1,1,1,0,0,1.0,0.0,0.0,1,-0.0,False,False,False,False,False,0,0,1,0,1,1,0,0,0,0,1
differentiated,S_0049935,1,1,1,1,0,0,1.0,0.0,0.0,1,-0.0,False,False,False,False,False,0,0,1,0,1,1,0,0,0,0,1
differentiated,S_0049947,5,5,4,1,4,0,0.2,0.8,0.0,2,0.4554859150035952,True,True,True,True,False,0,0,1,4,2,1,3,1,0,0,3
differentiated,S_0050009,1,1,1,0,0,1,0.0,0.0,1.0,1,-0.0,False,False,False,False,False,0,0,1,0,1,0,0,0,1,0,1
differentiated,S_0050017,1,1,1,0,1,0,0.0,1.0,0.0,1,-0.0,False,False,False,False,False,0,0,1,0,1,0,0,0,1,0,1
differentiated,S_0050020,1,1,1,0,1,0,0.0,1.0,0.0,1,-0.0,False,False,False,False,False,0,0,1,0,1,0,0,0,1,0,1
differentiated,S_0050023,1,1,1,0,0,1,0.0,0.0,1.0,1,-0.0,False,False,False,False,False,0,0,1,0,1,0,0,0,1,0,1
differentiated,S_0050024,1,1,1,0,0,1,0.0,0.0,1.0,1,-0.0,False,False,False,False,False,0,0,1,0,1,0,0,0,1,0,1
differentiated,S_0050025,1,1,1,0,1,0,0.0,1.0,0.0,1,-0.0,False,False,False,False,False,0,0,1,0,1,0,0,0,1,0,1
differentiated,S_0050026,1,1,1,0,1,0,0.0,1.0,0.0,1,-0.0,False,False,False,False,False,0,0,1,0,1,0,0,0,1,0,1
differentiated,S_0050027,2,2,1,0,1,1,0.0,0.5,0.5,2,0.6309297535714574,False,True,False,False,False,0,0,2,0,1,0,0,1,1,0,2
differentiated,S_0050032,1,1,1,0,1,0,0.0,1.0,0.0,1,-0.0,False,False,False,False,False,0,0,1,0,1,0,0,0,1,0,1
differentiated,S_0050042,2,2,1,1,1,0,0.5,0.5,0.0,2,0.6309297535714574,False,True,False,False,False,0,0,0,2,1,0,1,1,0,0,2
differentiated,S_0050076,1,1,1,1,0,0,1.0,0.0,0.0,1,-0.0,False,False,False,False,False,0,0,1,0,1,1,0,0,0,0,1
differentiated,S_0050084,2,2,2,1,1,0,0.5,0.5,0.0,2,0.6309297535714574,False,True,False,False,False,0,0,0,2,1,0,0,0,2,0,1
differentiated,S_0050086,1,1,1,1,0,0,1.0,0.0,0.0,1,-0.0,False,False,False,False,False,0,0,1,0,1,1,0,0,0,0,1
differentiated,S_0050093,1,1,1,1,0,0,1.0,0.0,0.0,1,-0.0,False,False,False,False,False,0,0,1,0,1,1,0,0,0,0,1
differentiated,S_0050094,1,1,1,1,0,0,1.0,0.0,0.0,1,-0.0,False,False,False,False,False,0,0,1,0,1,1,0,0,0,0,1
differentiated,S_0050095,2,2,2,1,1,0,0.5,0.5,0.0,2,0.6309297535714574,False,True,False,False,False,0,0,0,2,1,0,0,0,2,0,1
differentiated,S_0050138,2,2,1,1,1,0,0.5,0.5,0.0,2,0.6309297535714574,False,True,False,False,False,0,0,2,0,1,2,0,0,0,0,1
differentiated,S_0050145,1,1,1,1,0,0,1.0,0.0,0.0,1,-0.0,False,False,False,False,False,0,0,1,0,1,1,0,0,0,0,1
differentiated,S_0050185,1,1,1,0,1,0,0.0,1.0,0.0,1,-0.0,False,False,False,False,False,0,0,1,0,1,1,0,0,0,0,1
differentiated,S_0050186,1,1,1,1,0,0,1.0,0.0,0.0,1,-0.0,False,False,False,False,False,0,0,1,0,1,1,0,0,0,0,1
differentiated,S_0050188,1,1,1,1,0,0,1.0,0.0,0.0,1,-0.0,False,False,False,False,False,0,0,1,0,1,1,0,0,0,0,1
differentiated,S_0050204,1,1,1,0,0,1,0.0,0.0,1.0,1,-0.0,False,False,False,False,False,0,0,1,0,1,0,0,1,0,0,1
differentiated,S_0050206,1,1,1,0,0,1,0.0,0.0,1.0,1,-0.0,False,False,False,False,False,0,0,1,0,1,0,0,1,0,0,1
differentiated,S_0050207,2,2,2,1,1,0,0.5,0.5,0.0,2,0.6309297535714574,False,True,False,False,False,0,0,0,2,1,0,1,1,0,0,2
differentiated,S_0050208,1,1,1,0,0,1,0.0,0.0,1.0,1,-0.0,False,False,False,False,False,0,0,1,0,1,0,0,1,0,0,1
differentiated,S_0050215,2,2,2,1,1,0,0.5,0.5,0.0,2,0.6309297535714574,False,True,False,False,False,0,0,0,2,1,1,1,0,0,0,2
differentiated,S_0050226,2,2,2,1,1,0,0.5,0.5,0.0,2,0.6309297535714574,False,True,False,False,False,0,0,0,2,1,1,0,0,1,0,2
differentiated,S_0050227,2,2,2,1,1,0,0.5,0.5,0.0,2,0.6309297535714574,False,True,False,False,False,0,0,0,2,1,1,0,0,1,0,2
differentiated,S_0050235,2,2,2,1,1,0,0.5,0.5,0.0,2,0.6309297535714574,False,True,False,False,False,0,0,0,2,1,0,1,1,0,0,2
differentiated,S_0050305,1,1,1,0,1,0,0.0,1.0,0.0,1,-0.0,False,False,False,False,False,0,0,1,0,1,0,0,0,1,0,1
differentiated,S_0050308,1,1,1,0,1,0,0.0,1.0,0.0,1,-0.0,False,False,False,False,False,0,0,1,0,1,0,0,0,1,0,1
differentiated,S_0050326,1,1,1,0,1,0,0.0,1.0,0.0,1,-0.0,False,False,False,False,False,0,0,1,0,1,0,0,0,1,0,1
differentiated,S_0050335,2,2,2,0,2,0,0.0,1.0,0.0,1,-0.0,False,True,False,False,False,0,0,0,2,1,0,1,1,0,0,2
differentiated,S_0050375,1,1,1,1,0,0,1.0,0.0,0.0,1,-0.0,False,False,False,False,False,0,0,1,0,1,1,0,0,0,0,1
differentiated,S_0050387,2,2,2,2,0,0,1.0,0.0,0.0,1,-0.0,False,True,False,False,False,0,0,1,1,2,1,0,0,1,0,2
differentiated,S_0050389,2,2,2,2,0,0,1.0,0.0,0.0,1,-0.0,False,True,False,False,False,0,0,1,1,2,1,0,0,1,0,2
differentiated,S_0050390,2,2,2,2,0,0,1.0,0.0,0.0,1,-0.0,False,True,False,False,False,0,0,1,1,2,1,0,0,1,0,2
differentiated,S_0050392,1,1,1,1,0,0,1.0,0.0,0.0,1,-0.0,False,False,False,False,False,0,0,1,0,1,1,0,0,0,0,1
differentiated,S_0050409,2,2,2,0,1,1,0.0,0.5,0.5,2,0.6309297535714574,False,True,False,False,False,0,0,2,0,1,1,1,0,0,0,2
differentiated,S_0050411,2,2,2,0,1,1,0.0,0.5,0.5,2,0.6309297535714574,False,True,False,False,False,0,0,2,0,1,1,1,0,0,0,2
differentiated,S_0050427,2,2,1,0,2,0,0.0,1.0,0.0,1,-0.0,False,True,False,False,False,0,0,2,0,1,0,1,0,1,0,2
differentiated,S_0050445,1,1,1,0,1,0,0.0,1.0,0.0,1,-0.0,False,False,False,False,False,0,0,1,0,1,0,1,0,0,0,1
differentiated,S_0050489,1,1,1,0,0,1,0.0,0.0,1.0,1,-0.0,False,False,False,False,False,0,0,1,0,1,1,0,0,0,0,1
differentiated,S_0050497,1,1,1,1,0,0,1.0,0.0,0.0,1,-0.0,False,False,False,False,False,0,0,1,0,1,1,0,0,0,0,1
differentiated,S_0050498,1,1,1,1,0,0,1.0,0.0,0.0,1,-0.0,False,False,False,False,False,0,0,1,0,1,1,0,0,0,0,1
differentiated,S_0050552,1,1,1,1,0,0,1.0,0.0,0.0,1,-0.0,False,False,False,False,False,0,0,1,0,1,1,0,0,0,0,1
differentiated,S_0050620,1,1,1,0,1,0,0.0,1.0,0.0,1,-0.0,False,False,False,False,False,0,0,0,1,1,1,0,0,0,0,1
differentiated,S_0050638,2,2,2,0,2,0,0.0,1.0,0.0,1,-0.0,False,True,False,False,False,0,0,1,1,2,0,0,0,2,0,1
differentiated,S_0050639,2,2,2,0,2,0,0.0,1.0,0.0,1,-0.0,False,True,False,False,False,0,0,1,1,2,0,0,0,2,0,1
differentiated,S_0050641,3,3,2,0,3,0,0.0,1.0,0.0,1,-0.0,False,True,True,False,False,0,1,2,0,2,0,0,0,3,0,1
differentiated,S_0050647,1,1,1,1,0,0,1.0,0.0,0.0,1,-0.0,False,False,False,False,False,0,0,0,1,1,1,0,0,0,0,1
differentiated,S_0050678,1,1,1,0,0,1,0.0,0.0,1.0,1,-0.0,False,False,False,False,False,0,0,1,0,1,0,0,0,0,1,1
differentiated,S_0050680,1,1,1,0,0,1,0.0,0.0,1.0,1,-0.0,False,False,False,False,False,0,0,1,0,1,0,0,0,0,1,1
differentiated,S_0050684,1,1,1,0,1,0,0.0,1.0,0.0,1,-0.0,False,False,False,False,False,0,0,0,1,1,0,0,1,0,0,1
differentiated,S_0050686,1,1,1,0,0,1,0.0,0.0,1.0,1,-0.0,False,False,False,False,False,0,0,1,0,1,0,0,0,1,0,1
differentiated,S_0050687,1,1,1,0,0,1,0.0,0.0,1.0,1,-0.0,False,False,False,False,False,0,0,1,0,1,0,0,0,1,0,1
differentiated,S_0050707,1,1,1,1,0,0,1.0,0.0,0.0,1,-0.0,False,False,False,False,False,0,0,0,1,1,0,0,0,1,0,1
differentiated,S_0050708,1,1,1,0,1,0,0.0,1.0,0.0,1,-0.0,False,False,False,False,False,0,0,0,1,1,0,0,0,0,1,1
differentiated,S_0050710,1,1,1,0,1,0,0.0,1.0,0.0,1,-0.0,False,False,False,False,False,0,0,0,1,1,0,0,0,0,1,1
differentiated,S_0050715,1,1,1,0,1,0,0.0,1.0,0.0,1,-0.0,False,False,False,False,False,0,0,0,1,1,0,0,0,0,1,1
differentiated,S_0050716,1,1,1,0,1,0,0.0,1.0,0.0,1,-0.0,False,False,False,False,False,0,0,0,1,1,0,0,0,0,1,1
differentiated,S_0050717,1,1,1,1,0,0,1.0,0.0,0.0,1,-0.0,False,False,False,False,False,0,0,0,1,1,0,0,0,1,0,1
differentiated,S_0050724,1,1,1,0,1,0,0.0,1.0,0.0,1,-0.0,False,False,False,False,False,0,0,0,1,1,0,0,0,0,1,1
differentiated,S_0050726,1,1,1,0,1,0,0.0,1.0,0.0,1,-0.0,False,False,False,False,False,0,0,0,1,1,0,0,0,0,1,1
differentiated,S_0050737,1,1,1,0,1,0,0.0,1.0,0.0,1,-0.0,False,False,False,False,False,0,0,0,1,1,0,0,0,0,1,1
differentiated,S_0050749,1,1,1,0,1,0,0.0,1.0,0.0,1,-0.0,False,False,False,False,False,0,0,0,1,1,0,0,0,0,1,1
differentiated,S_0050750,1,1,1,1,0,0,1.0,0.0,0.0,1,-0.0,False,False,False,False,False,0,0,0,1,1,0,0,0,1,0,1
differentiated,S_0050751,1,1,1,1,0,0,1.0,0.0,0.0,1,-0.0,False,False,False,False,False,0,0,0,1,1,0,0,0,1,0,1
differentiated,S_0050783,1,1,1,0,0,1,0.0,0.0,1.0,1,-0.0,False,False,False,False,False,0,0,1,0,1,0,0,0,1,0,1
differentiated,S_0050786,1,1,1,0,0,1,0.0,0.0,1.0,1,-0.0,False,False,False,False,False,0,0,1,0,1,0,0,0,1,0,1
differentiated,S_0050788,3,3,2,0,3,0,0.0,1.0,0.0,1,-0.0,False,True,True,False,False,0,1,2,0,2,0,0,0,3,0,1
differentiated,S_0050789,3,3,2,0,3,0,0.0,1.0,0.0,1,-0.0,False,True,True,False,False,0,1,2,0,2,0,0,0,3,0,1
differentiated,S_0050792,3,3,2,0,3,0,0.0,1.0,0.0,1,-0.0,False,True,True,False,False,0,1,2,0,2,0,0,0,3,0,1
differentiated,S_0050845,1,1,1,0,1,0,0.0,1.0,0.0,1,-0.0,False,False,False,False,False,0,0,0,1,1,0,0,0,0,1,1
differentiated,S_0050898,1,1,1,0,1,0,0.0,1.0,0.0,1,-0.0,False,False,False,False,False,0,0,0,1,1,1,0,0,0,0,1
differentiated,S_0050901,4,4,2,0,2,2,0.0,0.5,0.5,2,0.6309297535714574,False,True,True,False,False,0,1,3,0,2,1,1,0,1,1,4
differentiated,S_0050903,4,4,4,2,2,0,0.5,0.5,0.0,2,0.6309297535714574,False,True,True,False,False,0,0,0,4,1,2,0,0,2,0,2
differentiated,S_0050907,3,3,1,0,3,0,0.0,1.0,0.0,1,-0.0,False,True,True,False,False,0,0,3,0,1,1,1,0,0,1,3
differentiated,S_0050914,1,1,1,0,0,1,0.0,0.0,1.0,1,-0.0,False,False,False,False,False,0,0,1,0,1,1,0,0,0,0,1
differentiated,S_0050920,1,1,1,0,1,0,0.0,1.0,0.0,1,-0.0,False,False,False,False,False,0,1,0,0,1,0,0,0,0,1,1
differentiated,S_0050945,1,1,1,0,0,1,0.0,0.0,1.0,1,-0.0,False,False,False,False,False,0,0,1,0,1,0,0,0,0,1,1
differentiated,S_0050946,1,1,1,0,0,1,0.0,0.0,1.0,1,-0.0,False,False,False,False,False,0,0,1,0,1,0,0,0,0,1,1
differentiated,S_0050947,1,1,1,0,0,1,0.0,0.0,1.0,1,-0.0,False,False,False,False,False,0,0,1,0,1,0,0,0,0,1,1
differentiated,S_0050966,4,4,3,0,4,0,0.0,1.0,0.0,1,-0.0,False,True,True,False,False,0,0,1,3,2,1,2,0,1,0,3
differentiated,S_0050967,6,4,3,0,4,0,0.0,1.0,0.0,1,-0.0,False,True,True,False,False,0,0,1,3,2,1,2,0,1,0,3
differentiated,S_0050994,1,1,1,0,1,0,0.0,1.0,0.0,1,-0.0,False,False,False,False,False,0,0,1,0,1,0,0,0,1,0,1
differentiated,S_0050999,2,2,1,0,2,0,0.0,1.0,0.0,1,-0.0,False,True,False,False,False,0,0,2,0,1,0,2,0,0,0,1
differentiated,S_0051004,1,1,1,1,0,0,1.0,0.0,0.0,1,-0.0,False,False,False,False,False,0,0,1,0,1,0,0,0,0,1,1
differentiated,S_0051005,1,1,1,1,0,0,1.0,0.0,0.0,1,-0.0,False,False,False,False,False,0,0,1,0,1,0,0,0,0,1,1
differentiated,S_0051022,3,3,3,2,1,0,0.6666666666666666,0.3333333333333333,0.0,2,0.5793801642856949,False,True,True,False,False,0,0,0,3,1,2,0,0,1,0,2
differentiated,S_0051023,3,3,3,2,1,0,0.6666666666666666,0.3333333333333333,0.0,2,0.5793801642856949,False,True,True,False,False,0,0,0,3,1,2,0,0,1,0,2
differentiated,S_0051024,3,3,3,2,1,0,0.6666666666666666,0.3333333333333333,0.0,2,0.5793801642856949,False,True,True,False,False,0,0,0,3,1,2,0,0,1,0,2
differentiated,S_0051029,4,4,3,0,4,0,0.0,1.0,0.0,1,-0.0,False,True,True,False,False,0,0,0,4,1,2,0,1,1,0,3
differentiated,S_0051053,1,1,1,0,1,0,0.0,1.0,0.0,1,-0.0,False,False,False,False,False,0,0,0,1,1,0,0,1,0,0,1
differentiated,S_0051076,1,1,1,1,0,0,1.0,0.0,0.0,1,-0.0,False,False,False,False,False,0,0,0,1,1,1,0,0,0,0,1
differentiated,S_0051078,1,1,1,1,0,0,1.0,0.0,0.0,1,-0.0,False,False,False,False,False,0,0,0,1,1,1,0,0,0,0,1
differentiated,S_0051080,3,3,3,2,1,0,0.6666666666666666,0.3333333333333333,0.0,2,0.5793801642856949,False,True,True,False,False,0,0,0,3,1,2,0,0,1,0,2
differentiated,S_0051096,1,1,1,1,0,0,1.0,0.0,0.0,1,-0.0,False,False,False,False,False,0,0,1,0,1,0,0,0,0,1,1
differentiated,S_0051102,1,1,1,0,1,0,0.0,1.0,0.0,1,-0.0,False,False,False,False,False,0,0,1,0,1,0,1,0,0,0,1
differentiated,S_0051103,3,3,2,0,3,0,0.0,1.0,0.0,1,-0.0,False,True,True,False,False,0,0,2,1,2,2,0,0,0,1,2
differentiated,S_0051138,2,2,1,0,1,1,0.0,0.5,0.5,2,0.6309297535714574,False,True,False,False,False,0,0,2,0,1,1,0,0,0,1,2
differentiated,S_0051149,2,2,1,0,0,2,0.0,0.0,1.0,1,-0.0,False,True,False,False,False,0,0,2,0,1,1,1,0,0,0,2
differentiated,S_0051171,1,1,1,1,0,0,1.0,0.0,0.0,1,-0.0,False,False,False,False,False,0,0,1,0,1,0,0,0,0,1,1
differentiated,S_0051174,1,1,1,1,0,0,1.0,0.0,0.0,1,-0.0,False,False,False,False,False,0,0,0,1,1,1,0,0,0,0,1
differentiated,S_0051177,1,1,1,0,1,0,0.0,1.0,0.0,1,-0.0,False,False,False,False,False,0,0,1,0,1,0,1,0,0,0,1
differentiated,S_0051178,2,2,2,1,1,0,0.5,0.5,0.0,2,0.6309297535714574,False,True,False,False,False,0,0,0,2,1,1,0,0,0,1,2
differentiated,S_0051179,2,2,2,2,0,0,1.0,0.0,0.0,1,-0.0,False,True,False,False,False,0,0,0,2,1,2,0,0,0,0,1
differentiated,S_0051180,2,2,2,2,0,0,1.0,0.0,0.0,1,-0.0,False,True,False,False,False,0,0,0,2,1,2,0,0,0,0,1
differentiated,S_0051182,2,2,2,2,0,0,1.0,0.0,0.0,1,-0.0,False,True,False,False,False,0,0,0,2,1,2,0,0,0,0,1
differentiated,S_0051183,2,2,1,0,1,1,0.0,0.5,0.5,2,0.6309297535714574,False,True,False,False,False,0,0,2,0,1,1,0,0,0,1,2
differentiated,S_0051195,2,2,1,1,1,0,0.5,0.5,0.0,2,0.6309297535714574,False,True,False,False,False,0,0,0,2,1,0,1,1,0,0,2
differentiated,S_0051210,5,3,5,0,3,0,0.0,1.0,0.0,1,-0.0,False,True,True,False,False,0,0,1,2,2,1,0,0,2,0,2
differentiated,S_0051211,1,1,1,0,1,0,0.0,1.0,0.0,1,-0.0,False,False,False,False,False,0,1,0,0,1,1,0,0,0,0,1
differentiated,S_0051213,1,1,1,0,1,0,0.0,1.0,0.0,1,-0.0,False,False,False,False,False,0,1,0,0,1,1,0,0,0,0,1
differentiated,S_0051214,2,2,1,0,2,0,0.0,1.0,0.0,1,-0.0,False,True,False,False,False,0,0,2,0,1,1,0,0,1,0,2
differentiated,S_0051218,1,1,1,0,1,0,0.0,1.0,0.0,1,-0.0,False,False,False,False,False,0,0,1,0,1,0,1,0,0,0,1
differentiated,S_0051258,3,2,3,0,2,0,0.0,1.0,0.0,1,-0.0,False,True,False,False,False,1,0,0,1,2,0,1,0,1,0,2
differentiated,S_0051269,3,3,3,2,1,0,0.6666666666666666,0.3333333333333333,0.0,2,0.5793801642856949,False,True,True,False,False,0,0,0,3,1,2,0,0,1,0,2
differentiated,S_0051274,1,1,1,0,1,0,0.0,1.0,0.0,1,-0.0,False,False,False,False,False,0,0,1,0,1,1,0,0,0,0,1
differentiated,S_0051276,1,1,1,0,1,0,0.0,1.0,0.0,1,-0.0,False,False,False,False,False,0,0,1,0,1,1,0,0,0,0,1
differentiated,S_0051281,3,3,3,2,1,0,0.6666666666666666,0.3333333333333333,0.0,2,0.5793801642856949,False,True,True,False,False,0,0,0,3,1,2,0,0,1,0,2
differentiated,S_0051299,1,1,1,1,0,0,1.0,0.0,0.0,1,-0.0,False,False,False,False,False,0,0,1,0,1,0,0,0,0,1,1
differentiated,S_0051300,1,1,1,1,0,0,1.0,0.0,0.0,1,-0.0,False,False,False,False,False,0,0,1,0,1,0,0,0,0,1,1
differentiated,S_0051310,2,2,1,0,1,1,0.0,0.5,0.5,2,0.6309297535714574,False,True,False,False,False,0,0,2,0,1,1,1,0,0,0,2
differentiated,S_0051312,1,1,1,0,0,1,0.0,0.0,1.0,1,-0.0,False,False,False,False,False,0,0,1,0,1,0,1,0,0,0,1
differentiated,S_0051356,1,1,1,0,1,0,0.0,1.0,0.0,1,-0.0,False,False,False,False,False,0,0,0,1,1,1,0,0,0,0,1
differentiated,S_0051358,1,1,1,0,1,0,0.0,1.0,0.0,1,-0.0,False,False,False,False,False,0,0,1,0,1,1,0,0,0,0,1
differentiated,S_0051359,1,1,1,0,1,0,0.0,1.0,0.0,1,-0.0,False,False,False,False,False,0,0,1,0,1,1,0,0,0,0,1
differentiated,S_0051360,1,1,1,1,0,0,1.0,0.0,0.0,1,-0.0,False,False,False,False,False,0,0,0,1,1,0,0,0,1,0,1
differentiated,S_0051441,2,2,1,0,1,1,0.0,0.5,0.5,2,0.6309297535714574,False,True,False,False,False,0,0,2,0,1,1,0,0,0,1,2
differentiated,S_0051445,3,3,3,0,2,1,0.0,0.6666666666666666,0.3333333333333333,2,0.5793801642856949,False,True,True,False,False,0,0,1,2,2,1,0,0,2,0,2
differentiated,S_0051461,2,2,1,1,1,0,0.5,0.5,0.0,2,0.6309297535714574,False,True,False,False,False,0,0,0,2,1,0,1,1,0,0,2
differentiated,S_0051465,4,2,2,1,1,0,0.5,0.5,0.0,2,0.6309297535714574,False,True,False,False,False,0,0,0,2,1,0,1,1,0,0,2
differentiated,S_0051466,2,2,1,1,1,0,0.5,0.5,0.0,2,0.6309297535714574,False,True,False,False,False,0,0,0,2,1,0,1,1,0,0,2
differentiated,S_0051467,1,1,1,0,1,0,0.0,1.0,0.0,1,-0.0,False,False,False,False,False,0,1,0,0,1,1,0,0,0,0,1
differentiated,S_0051482,1,1,1,0,1,0,0.0,1.0,0.0,1,-0.0,False,False,False,False,False,0,0,0,1,1,1,0,0,0,0,1
differentiated,S_0051484,1,1,1,0,0,1,0.0,0.0,1.0,1,-0.0,False,False,False,False,False,0,0,1,0,1,0,0,1,0,0,1
differentiated,S_0051518,1,1,1,1,0,0,1.0,0.0,0.0,1,-0.0,False,False,False,False,False,0,0,0,1,1,0,0,0,1,0,1
differentiated,S_0051519,1,1,1,1,0,0,1.0,0.0,0.0,1,-0.0,False,False,False,False,False,0,0,0,1,1,0,0,0,1,0,1
differentiated,S_0051527,2,2,2,0,2,0,0.0,1.0,0.0,1,-0.0,False,True,False,False,False,0,1,1,0,2,1,0,0,1,0,2
differentiated,S_0051528,2,2,2,0,2,0,0.0,1.0,0.0,1,-0.0,False,True,False,False,False,0,1,1,0,2,1,0,0,1,0,2
differentiated,S_0051530,2,2,2,0,2,0,0.0,1.0,0.0,1,-0.0,False,True,False,False,False,0,1,1,0,2,1,0,0,1,0,2
differentiated,S_0051531,2,2,2,0,2,0,0.0,1.0,0.0,1,-0.0,False,True,False,False,False,0,1,1,0,2,1,0,0,1,0,2
differentiated,S_0051532,2,2,1,1,1,0,0.5,0.5,0.0,2,0.6309297535714574,False,True,False,False,False,0,0,0,2,1,1,0,0,1,0,2
differentiated,S_0051535,1,1,1,1,0,0,1.0,0.0,0.0,1,-0.0,False,False,False,False,False,0,0,1,0,1,0,0,0,0,1,1
differentiated,S_0051538,1,1,1,0,1,0,0.0,1.0,0.0,1,-0.0,False,False,False,False,False,0,0,0,1,1,0,0,0,0,1,1
differentiated,S_0051547,1,1,1,0,1,0,0.0,1.0,0.0,1,-0.0,False,False,False,False,False,0,0,0,1,1,0,0,0,1,0,1
differentiated,S_0051554,2,2,1,0,1,1,0.0,0.5,0.5,2,0.6309297535714574,False,True,False,False,False,0,0,2,0,1,1,0,0,0,1,2
differentiated,S_0051597,1,1,1,0,1,0,0.0,1.0,0.0,1,-0.0,False,False,False,False,False,0,0,0,1,1,1,0,0,0,0,1
differentiated,S_0051598,1,1,1,0,1,0,0.0,1.0,0.0,1,-0.0,False,False,False,False,False,0,0,0,1,1,1,0,0,0,0,1
differentiated,S_0051612,1,1,1,0,0,1,0.0,0.0,1.0,1,-0.0,False,False,False,False,False,0,0,1,0,1,0,0,0,0,1,1
differentiated,S_0051613,2,2,1,0,2,0,0.0,1.0,0.0,1,-0.0,False,True,False,False,False,0,0,2,0,1,0,0,0,1,1,2
differentiated,S_0051615,1,1,1,0,0,1,0.0,0.0,1.0,1,-0.0,False,False,False,False,False,0,0,1,0,1,0,0,0,0,1,1
differentiated,S_0051621,1,1,1,0,1,0,0.0,1.0,0.0,1,-0.0,False,False,False,False,False,0,0,1,0,1,0,1,0,0,0,1
differentiated,S_0051622,1,1,1,0,1,0,0.0,1.0,0.0,1,-0.0,False,False,False,False,False,0,0,1,0,1,0,1,0,0,0,1
differentiated,S_0051627,1,1,1,0,1,0,0.0,1.0,0.0,1,-0.0,False,False,False,False,False,0,0,1,0,1,0,1,0,0,0,1
differentiated,S_0051636,1,1,1,0,1,0,0.0,1.0,0.0,1,-0.0,False,False,False,False,False,0,0,0,1,1,0,0,0,1,0,1
differentiated,S_0051654,2,2,2,2,0,0,1.0,0.0,0.0,1,-0.0,False,True,False,False,False,0,0,0,2,1,2,0,0,0,0,1
differentiated,S_0051655,3,3,3,2,1,0,0.6666666666666666,0.3333333333333333,0.0,2,0.5793801642856949,False,True,True,False,False,0,0,1,2,2,2,1,0,0,0,2
differentiated,S_0051665,2,2,2,0,1,1,0.0,0.5,0.5,2,0.6309297535714574,False,True,False,False,False,0,0,2,0,1,1,1,0,0,0,2
differentiated,S_0051675,2,2,2,0,1,1,0.0,0.5,0.5,2,0.6309297535714574,False,True,False,False,False,0,0,2,0,1,1,1,0,0,0,2
differentiated,S_0051678,3,3,1,0,2,1,0.0,0.6666666666666666,0.3333333333333333,2,0.5793801642856949,False,True,True,False,False,0,0,3,0,1,1,1,0,1,0,3
differentiated,S_0051725,1,1,1,0,1,0,0.0,1.0,0.0,1,-0.0,False,False,False,False,False,0,0,1,0,1,1,0,0,0,0,1
differentiated,S_0051727,1,1,1,0,1,0,0.0,1.0,0.0,1,-0.0,False,False,False,False,False,0,0,0,1,1,1,0,0,0,0,1
differentiated,S_0051744,1,1,1,0,1,0,0.0,1.0,0.0,1,-0.0,False,False,False,False,False,0,0,0,1,1,0,0,0,0,1,1
differentiated,S_0051756,1,1,1,0,0,1,0.0,0.0,1.0,1,-0.0,False,False,False,False,False,0,0,1,0,1,0,0,0,0,1,1
differentiated,S_0051761,2,2,2,0,2,0,0.0,1.0,0.0,1,-0.0,False,True,False,False,False,1,0,0,1,2,0,1,0,1,0,2
differentiated,S_0051762,1,1,1,0,1,0,0.0,1.0,0.0,1,-0.0,False,False,False,False,False,1,0,0,0,1,0,1,0,0,0,1
differentiated,S_0051800,3,3,3,2,1,0,0.6666666666666666,0.3333333333333333,0.0,2,0.5793801642856949,False,True,True,False,False,0,0,0,3,1,2,0,0,1,0,2
differentiated,S_0051821,16,10,6,3,4,3,0.3,0.4,0.3,3,0.9911594714322187,True,True,True,True,True,0,0,2,8,2,7,3,0,0,0,2
differentiated,S_0051823,10,10,4,3,4,3,0.3,0.4,0.3,3,0.9911594714322187,True,True,True,True,True,0,0,2,8,2,7,3,0,0,0,2
differentiated,S_0051841,1,1,1,0,1,0,0.0,1.0,0.0,1,-0.0,False,False,False,False,False,0,0,0,1,1,0,0,0,1,0,1
differentiated,S_0051944,1,1,1,1,0,0,1.0,0.0,0.0,1,-0.0,False,False,False,False,False,0,0,0,1,1,1,0,0,0,0,1
differentiated,S_0051998,1,1,1,1,0,0,1.0,0.0,0.0,1,-0.0,False,False,False,False,False,0,0,0,1,1,1,0,0,0,0,1
differentiated,S_0052006,1,1,1,1,0,0,1.0,0.0,0.0,1,-0.0,False,False,False,False,False,0,0,0,1,1,1,0,0,0,0,1
differentiated,S_0052011,1,1,1,1,0,0,1.0,0.0,0.0,1,-0.0,False,False,False,False,False,0,0,0,1,1,1,0,0,0,0,1
differentiated,S_0052027,1,1,1,0,0,1,0.0,0.0,1.0,1,-0.0,False,False,False,False,False,0,0,1,0,1,0,0,0,0,1,1
differentiated,S_0052028,1,1,1,0,0,1,0.0,0.0,1.0,1,-0.0,False,False,False,False,False,0,0,1,0,1,0,0,0,0,1,1
differentiated,S_0052030,1,1,1,0,0,1,0.0,0.0,1.0,1,-0.0,False,False,False,False,False,0,0,1,0,1,0,0,0,0,1,1
differentiated,S_0052035,1,1,1,1,0,0,1.0,0.0,0.0,1,-0.0,False,False,False,False,False,0,0,0,1,1,1,0,0,0,0,1
differentiated,S_0052090,1,1,1,0,0,1,0.0,0.0,1.0,1,-0.0,False,False,False,False,False,0,0,1,0,1,0,0,0,0,1,1
differentiated,S_0052094,1,1,1,0,0,1,0.0,0.0,1.0,1,-0.0,False,False,False,False,False,0,0,1,0,1,0,0,0,0,1,1
differentiated,S_0052095,1,1,1,0,0,1,0.0,0.0,1.0,1,-0.0,False,False,False,False,False,0,0,1,0,1,0,0,0,0,1,1
differentiated,S_0052097,1,1,1,0,0,1,0.0,0.0,1.0,1,-0.0,False,False,False,False,False,0,0,1,0,1,0,0,0,0,1,1
differentiated,S_0052099,1,1,1,0,0,1,0.0,0.0,1.0,1,-0.0,False,False,False,False,False,0,0,1,0,1,0,0,0,0,1,1
differentiated,S_0052113,1,1,1,0,0,1,0.0,0.0,1.0,1,-0.0,False,False,False,False,False,0,0,1,0,1,0,0,0,0,1,1
differentiated,S_0052118,1,1,1,0,0,1,0.0,0.0,1.0,1,-0.0,False,False,False,False,False,0,0,1,0,1,0,0,0,0,1,1
differentiated,S_0052119,1,1,1,0,0,1,0.0,0.0,1.0,1,-0.0,False,False,False,False,False,0,0,1,0,1,0,0,0,0,1,1
differentiated,S_0052145,1,1,1,0,0,1,0.0,0.0,1.0,1,-0.0,False,False,False,False,False,0,0,1,0,1,0,0,0,0,1,1
differentiated,S_0052168,1,1,1,1,0,0,1.0,0.0,0.0,1,-0.0,False,False,False,False,False,0,0,0,1,1,1,0,0,0,0,1
differentiated,S_0052173,1,1,1,1,0,0,1.0,0.0,0.0,1,-0.0,False,False,False,False,False,0,0,0,1,1,1,0,0,0,0,1
differentiated,S_0052181,1,1,1,1,0,0,1.0,0.0,0.0,1,-0.0,False,False,False,False,False,0,0,0,1,1,0,1,0,0,0,1
differentiated,S_0052182,1,1,1,1,0,0,1.0,0.0,0.0,1,-0.0,False,False,False,False,False,0,0,0,1,1,0,1,0,0,0,1
differentiated,S_0052193,2,2,1,0,0,2,0.0,0.0,1.0,1,-0.0,False,True,False,False,False,0,0,2,0,1,1,1,0,0,0,2
differentiated,S_0052194,2,2,1,0,0,2,0.0,0.0,1.0,1,-0.0,False,True,False,False,False,0,0,2,0,1,1,1,0,0,0,2
differentiated,S_0052237,1,1,1,0,1,0,0.0,1.0,0.0,1,-0.0,False,False,False,False,False,0,1,0,0,1,0,0,0,1,0,1
differentiated,S_0052238,1,1,1,0,1,0,0.0,1.0,0.0,1,-0.0,False,False,False,False,False,0,1,0,0,1,0,0,0,1,0,1
differentiated,S_0052240,1,1,1,0,0,1,0.0,0.0,1.0,1,-0.0,False,False,False,False,False,0,0,1,0,1,0,0,0,0,1,1
differentiated,S_0052253,2,2,1,0,2,0,0.0,1.0,0.0,1,-0.0,False,True,False,False,False,0,0,2,0,1,0,0,0,1,1,2
differentiated,S_0052262,1,1,1,0,1,0,0.0,1.0,0.0,1,-0.0,False,False,False,False,False,0,0,1,0,1,1,0,0,0,0,1
differentiated,S_0052267,1,1,1,0,1,0,0.0,1.0,0.0,1,-0.0,False,False,False,False,False,0,0,1,0,1,0,0,0,0,1,1
differentiated,S_0052283,1,1,1,0,1,0,0.0,1.0,0.0,1,-0.0,False,False,False,False,False,0,0,1,0,1,1,0,0,0,0,1
differentiated,S_0052296,7,4,5,0,4,0,0.0,1.0,0.0,1,-0.0,False,True,True,False,False,0,0,0,4,1,2,0,1,1,0,3
differentiated,S_0052297,4,4,3,0,4,0,0.0,1.0,0.0,1,-0.0,False,True,True,False,False,0,0,0,4,1,2,0,1,1,0,3
differentiated,S_0052315,2,2,2,1,1,0,0.5,0.5,0.0,2,0.6309297535714574,False,True,False,False,False,0,0,2,0,1,1,0,0,0,1,2
differentiated,S_0052358,1,1,1,0,1,0,0.0,1.0,0.0,1,-0.0,False,False,False,False,False,0,0,1,0,1,1,0,0,0,0,1
differentiated,S_0052359,1,1,1,0,1,0,0.0,1.0,0.0,1,-0.0,False,False,False,False,False,0,0,1,0,1,1,0,0,0,0,1
differentiated,S_0052371,4,4,3,0,4,0,0.0,1.0,0.0,1,-0.0,False,True,True,False,False,0,0,0,4,1,2,0,1,1,0,3
differentiated,S_0052384,1,1,1,0,1,0,0.0,1.0,0.0,1,-0.0,False,False,False,False,False,0,0,1,0,1,1,0,0,0,0,1
differentiated,S_0052398,1,1,1,0,1,0,0.0,1.0,0.0,1,-0.0,False,False,False,False,False,0,0,1,0,1,1,0,0,0,0,1
differentiated,S_0052406,1,1,1,0,1,0,0.0,1.0,0.0,1,-0.0,False,False,False,False,False,0,0,1,0,1,1,0,0,0,0,1
differentiated,S_0052415,2,2,1,0,2,0,0.0,1.0,0.0,1,-0.0,False,True,False,False,False,0,0,2,0,1,0,0,0,1,1,2
differentiated,S_0052451,2,2,1,0,2,0,0.0,1.0,0.0,1,-0.0,False,True,False,False,False,0,0,2,0,1,1,0,0,1,0,2
differentiated,S_0052492,2,2,1,0,2,0,0.0,1.0,0.0,1,-0.0,False,True,False,False,False,0,0,2,0,1,0,0,0,1,1,2
differentiated,S_0052494,2,2,1,0,2,0,0.0,1.0,0.0,1,-0.0,False,True,False,False,False,0,0,2,0,1,0,0,0,1,1,2
differentiated,S_0052513,1,1,1,0,0,1,0.0,0.0,1.0,1,-0.0,False,False,False,False,False,0,0,1,0,1,0,0,0,1,0,1
differentiated,S_0052521,4,4,4,2,2,0,0.5,0.5,0.0,2,0.6309297535714574,False,True,True,False,False,0,0,1,3,2,3,1,0,0,0,2
differentiated,S_0052547,2,2,1,0,2,0,0.0,1.0,0.0,1,-0.0,False,True,False,False,False,0,0,2,0,1,0,1,0,0,1,2
differentiated,S_0052549,2,2,1,0,2,0,0.0,1.0,0.0,1,-0.0,False,True,False,False,False,0,0,2,0,1,0,1,0,0,1,2
differentiated,S_0052555,1,1,1,0,1,0,0.0,1.0,0.0,1,-0.0,False,False,False,False,False,0,0,1,0,1,0,0,0,0,1,1
differentiated,S_0052570,3,3,1,0,3,0,0.0,1.0,0.0,1,-0.0,False,True,True,False,False,0,0,3,0,1,1,1,0,0,1,3
differentiated,S_0052588,1,1,1,0,1,0,0.0,1.0,0.0,1,-0.0,False,False,False,False,False,0,0,1,0,1,0,0,0,0,1,1
differentiated,S_0052591,4,4,4,2,2,0,0.5,0.5,0.0,2,0.6309297535714574,False,True,True,False,False,0,0,0,4,1,2,0,0,2,0,2
differentiated,S_0052597,4,4,4,2,2,0,0.5,0.5,0.0,2,0.6309297535714574,False,True,True,False,False,0,0,0,4,1,2,0,0,2,0,2
differentiated,S_0052599,4,4,4,2,2,0,0.5,0.5,0.0,2,0.6309297535714574,False,True,True,False,False,0,0,0,4,1,2,0,0,2,0,2
differentiated,S_0052626,1,1,1,0,1,0,0.0,1.0,0.0,1,-0.0,False,False,False,False,False,0,0,1,0,1,0,0,0,0,1,1
differentiated,S_0052666,2,2,2,1,1,0,0.5,0.5,0.0,2,0.6309297535714574,False,True,False,False,False,0,0,0,2,1,1,0,0,1,0,2
differentiated,S_0052669,1,1,1,0,1,0,0.0,1.0,0.0,1,-0.0,False,False,False,False,False,0,0,1,0,1,0,1,0,0,0,1
differentiated,S_0052702,1,1,1,0,1,0,0.0,1.0,0.0,1,-0.0,False,False,False,False,False,0,0,0,1,1,0,0,0,1,0,1
differentiated,S_0052705,1,1,1,0,1,0,0.0,1.0,0.0,1,-0.0,False,False,False,False,False,0,1,0,0,1,1,0,0,0,0,1
differentiated,S_0052706,1,1,1,0,1,0,0.0,1.0,0.0,1,-0.0,False,False,False,False,False,0,1,0,0,1,1,0,0,0,0,1
differentiated,S_0052712,1,1,1,0,1,0,0.0,1.0,0.0,1,-0.0,False,False,False,False,False,0,0,0,1,1,0,0,0,1,0,1
differentiated,S_0052777,1,1,1,0,1,0,0.0,1.0,0.0,1,-0.0,False,False,False,False,False,0,0,1,0,1,1,0,0,0,0,1
differentiated,S_0052816,1,1,1,0,0,1,0.0,0.0,1.0,1,-0.0,False,False,False,False,False,0,0,1,0,1,0,0,0,0,1,1
differentiated,S_0052851,1,1,1,1,0,0,1.0,0.0,0.0,1,-0.0,False,False,False,False,False,0,0,1,0,1,0,0,1,0,0,1
differentiated,S_0052905,1,1,1,1,0,0,1.0,0.0,0.0,1,-0.0,False,False,False,False,False,0,0,0,1,1,1,0,0,0,0,1
differentiated,S_0052909,1,1,1,1,0,0,1.0,0.0,0.0,1,-0.0,False,False,False,False,False,0,0,0,1,1,1,0,0,0,0,1
differentiated,S_0052914,1,1,1,1,0,0,1.0,0.0,0.0,1,-0.0,False,False,False,False,False,0,0,0,1,1,1,0,0,0,0,1
differentiated,S_0052920,2,2,2,1,0,1,0.5,0.0,0.5,2,0.6309297535714574,False,True,False,False,False,0,0,1,1,2,1,0,0,0,1,2
differentiated,S_0052960,1,1,1,1,0,0,1.0,0.0,0.0,1,-0.0,False,False,False,False,False,0,0,0,1,1,1,0,0,0,0,1
differentiated,S_0052974,1,1,1,1,0,0,1.0,0.0,0.0,1,-0.0,False,False,False,False,False,0,0,0,1,1,1,0,0,0,0,1
differentiated,S_0052995,1,1,1,1,0,0,1.0,0.0,0.0,1,-0.0,False,False,False,False,False,0,0,0,1,1,1,0,0,0,0,1
differentiated,S_0053002,1,1,1,0,0,1,0.0,0.0,1.0,1,-0.0,False,False,False,False,False,0,0,1,0,1,0,0,0,0,1,1
differentiated,S_0053004,1,1,1,0,0,1,0.0,0.0,1.0,1,-0.0,False,False,False,False,False,0,0,1,0,1,0,0,0,0,1,1
differentiated,S_0053021,2,2,2,2,0,0,1.0,0.0,0.0,1,-0.0,False,True,False,False,False,0,0,0,2,1,2,0,0,0,0,1
differentiated,S_0053041,2,2,2,1,0,1,0.5,0.0,0.5,2,0.6309297535714574,False,True,False,False,False,0,0,1,1,2,1,0,0,0,1,2
differentiated,S_0053050,1,1,1,0,0,1,0.0,0.0,1.0,1,-0.0,False,False,False,False,False,0,0,1,0,1,0,0,0,0,1,1
differentiated,S_0053053,1,1,1,0,0,1,0.0,0.0,1.0,1,-0.0,False,False,False,False,False,0,0,1,0,1,0,0,0,0,1,1
differentiated,S_0053132,3,3,3,2,1,0,0.6666666666666666,0.3333333333333333,0.0,2,0.5793801642856949,False,True,True,False,False,0,0,0,3,1,3,0,0,0,0,1
differentiated,S_0053199,1,1,1,0,1,0,0.0,1.0,0.0,1,-0.0,False,False,False,False,False,0,0,1,0,1,0,1,0,0,0,1
differentiated,S_0053201,1,1,1,0,1,0,0.0,1.0,0.0,1,-0.0,False,False,False,False,False,0,0,1,0,1,0,1,0,0,0,1
differentiated,S_0053209,1,1,1,0,1,0,0.0,1.0,0.0,1,-0.0,False,False,False,False,False,0,0,1,0,1,0,1,0,0,0,1
differentiated,S_0053218,1,1,1,0,1,0,0.0,1.0,0.0,1,-0.0,False,False,False,False,False,0,0,1,0,1,0,1,0,0,0,1
differentiated,S_0053219,1,1,1,0,1,0,0.0,1.0,0.0,1,-0.0,False,False,False,False,False,0,0,1,0,1,0,1,0,0,0,1
differentiated,S_0053227,1,1,1,1,0,0,1.0,0.0,0.0,1,-0.0,False,False,False,False,False,0,0,0,1,1,0,1,0,0,0,1
differentiated,S_0053229,2,2,2,1,1,0,0.5,0.5,0.0,2,0.6309297535714574,False,True,False,False,False,0,0,1,1,2,1,1,0,0,0,2
differentiated,S_0053239,6,3,6,2,1,0,0.6666666666666666,0.3333333333333333,0.0,2,0.5793801642856949,False,True,True,False,False,0,0,0,3,1,3,0,0,0,0,1
differentiated,S_0053240,1,1,1,1,0,0,1.0,0.0,0.0,1,-0.0,False,False,False,False,False,0,0,0,1,1,1,0,0,0,0,1
differentiated,S_0053250,1,1,1,0,1,0,0.0,1.0,0.0,1,-0.0,False,False,False,False,False,0,0,1,0,1,0,1,0,0,0,1
differentiated,S_0053251,1,1,1,0,1,0,0.0,1.0,0.0,1,-0.0,False,False,False,False,False,0,0,1,0,1,0,1,0,0,0,1
differentiated,S_0053253,1,1,1,0,1,0,0.0,1.0,0.0,1,-0.0,False,False,False,False,False,0,0,1,0,1,0,1,0,0,0,1
differentiated,S_0053255,1,1,1,0,1,0,0.0,1.0,0.0,1,-0.0,False,False,False,False,False,0,0,1,0,1,0,1,0,0,0,1
differentiated,S_0053256,1,1,1,0,1,0,0.0,1.0,0.0,1,-0.0,False,False,False,False,False,0,0,1,0,1,0,1,0,0,0,1
differentiated,S_0053276,1,1,1,0,1,0,0.0,1.0,0.0,1,-0.0,False,False,False,False,False,0,0,0,1,1,0,0,1,0,0,1
differentiated,S_0053279,1,1,1,0,1,0,0.0,1.0,0.0,1,-0.0,False,False,False,False,False,0,0,1,0,1,0,1,0,0,0,1
differentiated,S_0053288,3,3,3,2,1,0,0.6666666666666666,0.3333333333333333,0.0,2,0.5793801642856949,False,True,True,False,False,0,0,0,3,1,3,0,0,0,0,1
differentiated,S_0053299,1,1,1,0,1,0,0.0,1.0,0.0,1,-0.0,False,False,False,False,False,0,0,0,1,1,0,0,0,1,0,1
differentiated,S_0053340,1,1,1,0,1,0,0.0,1.0,0.0,1,-0.0,False,False,False,False,False,0,0,0,1,1,0,0,0,0,1,1
differentiated,S_0053342,1,1,1,0,1,0,0.0,1.0,0.0,1,-0.0,False,False,False,False,False,0,0,0,1,1,0,0,0,0,1,1
differentiated,S_0053343,1,1,1,0,1,0,0.0,1.0,0.0,1,-0.0,False,False,False,False,False,0,0,0,1,1,0,0,0,1,0,1
differentiated,S_0053344,1,1,1,0,1,0,0.0,1.0,0.0,1,-0.0,False,False,False,False,False,0,0,0,1,1,0,0,0,1,0,1
differentiated,S_0053345,1,1,1,0,1,0,0.0,1.0,0.0,1,-0.0,False,False,False,False,False,0,0,0,1,1,0,0,0,1,0,1
differentiated,S_0053348,1,1,1,0,1,0,0.0,1.0,0.0,1,-0.0,False,False,False,False,False,0,0,1,0,1,0,0,0,1,0,1
differentiated,S_0053349,1,1,1,0,1,0,0.0,1.0,0.0,1,-0.0,False,False,False,False,False,0,0,1,0,1,0,0,0,1,0,1
differentiated,S_0053350,1,1,1,0,1,0,0.0,1.0,0.0,1,-0.0,False,False,False,False,False,0,0,0,1,1,0,0,0,1,0,1
differentiated,S_0053351,1,1,1,0,1,0,0.0,1.0,0.0,1,-0.0,False,False,False,False,False,0,0,0,1,1,0,0,0,1,0,1
differentiated,S_0053354,2,2,1,0,2,0,0.0,1.0,0.0,1,-0.0,False,True,False,False,False,0,0,2,0,1,1,0,0,1,0,2
differentiated,S_0053376,1,1,1,0,0,1,0.0,0.0,1.0,1,-0.0,False,False,False,False,False,0,0,1,0,1,0,1,0,0,0,1
differentiated,S_0053377,1,1,1,0,0,1,0.0,0.0,1.0,1,-0.0,False,False,False,False,False,0,0,1,0,1,0,1,0,0,0,1
differentiated,S_0053380,2,1,2,0,1,0,0.0,1.0,0.0,1,-0.0,False,False,False,False,False,0,0,0,1,1,0,0,0,1,0,1
differentiated,S_0053381,1,1,1,0,1,0,0.0,1.0,0.0,1,-0.0,False,False,False,False,False,0,0,1,0,1,1,0,0,0,0,1
differentiated,S_0053382,2,2,2,0,2,0,0.0,1.0,0.0,1,-0.0,False,True,False,False,False,0,0,1,1,2,1,0,0,1,0,2
differentiated,S_0053383,1,1,1,0,1,0,0.0,1.0,0.0,1,-0.0,False,False,False,False,False,0,0,1,0,1,1,0,0,0,0,1
differentiated,S_0053385,1,1,1,0,1,0,0.0,1.0,0.0,1,-0.0,False,False,False,False,False,0,0,1,0,1,1,0,0,0,0,1
differentiated,S_0053389,1,1,1,0,1,0,0.0,1.0,0.0,1,-0.0,False,False,False,False,False,0,0,1,0,1,0,0,0,1,0,1
differentiated,S_0053390,1,1,1,0,1,0,0.0,1.0,0.0,1,-0.0,False,False,False,False,False,0,0,1,0,1,0,0,0,1,0,1
differentiated,S_0053392,1,1,1,0,0,1,0.0,0.0,1.0,1,-0.0,False,False,False,False,False,0,0,1,0,1,0,1,0,0,0,1
differentiated,S_0053393,1,1,1,0,0,1,0.0,0.0,1.0,1,-0.0,False,False,False,False,False,0,0,1,0,1,0,1,0,0,0,1
differentiated,S_0053394,1,1,1,0,0,1,0.0,0.0,1.0,1,-0.0,False,False,False,False,False,0,0,1,0,1,0,1,0,0,0,1
differentiated,S_0053395,1,1,1,0,0,1,0.0,0.0,1.0,1,-0.0,False,False,False,False,False,0,0,1,0,1,0,1,0,0,0,1
differentiated,S_0053400,1,1,1,0,1,0,0.0,1.0,0.0,1,-0.0,False,False,False,False,False,0,0,0,1,1,0,0,0,0,1,1
differentiated,S_0053401,1,1,1,0,1,0,0.0,1.0,0.0,1,-0.0,False,False,False,False,False,0,0,1,0,1,0,0,0,1,0,1
differentiated,S_0053402,1,1,1,0,1,0,0.0,1.0,0.0,1,-0.0,False,False,False,False,False,0,0,0,1,1,0,0,0,1,0,1
differentiated,S_0053411,1,1,1,0,1,0,0.0,1.0,0.0,1,-0.0,False,False,False,False,False,0,0,0,1,1,0,0,0,0,1,1
differentiated,S_0053413,1,1,1,0,1,0,0.0,1.0,0.0,1,-0.0,False,False,False,False,False,0,0,1,0,1,0,0,0,1,0,1
differentiated,S_0053415,1,1,1,0,1,0,0.0,1.0,0.0,1,-0.0,False,False,False,False,False,0,0,0,1,1,0,0,0,0,1,1
differentiated,S_0053416,1,1,1,0,1,0,0.0,1.0,0.0,1,-0.0,False,False,False,False,False,0,0,1,0,1,1,0,0,0,0,1
differentiated,S_0053417,1,1,1,0,1,0,0.0,1.0,0.0,1,-0.0,False,False,False,False,False,0,0,1,0,1,1,0,0,0,0,1
differentiated,S_0053418,2,1,2,0,1,0,0.0,1.0,0.0,1,-0.0,False,False,False,False,False,0,0,0,1,1,0,0,0,0,1,1
differentiated,S_0053422,1,1,1,0,1,0,0.0,1.0,0.0,1,-0.0,False,False,False,False,False,0,0,1,0,1,1,0,0,0,0,1
differentiated,S_0053424,2,2,2,0,1,1,0.0,0.5,0.5,2,0.6309297535714574,False,True,False,False,False,0,0,2,0,1,1,1,0,0,0,2
differentiated,S_0053425,1,1,1,0,1,0,0.0,1.0,0.0,1,-0.0,False,False,False,False,False,0,0,1,0,1,1,0,0,0,0,1
differentiated,S_0053426,1,1,1,0,1,0,0.0,1.0,0.0,1,-0.0,False,False,False,False,False,0,0,1,0,1,0,0,0,1,0,1
differentiated,S_0053428,1,1,1,0,0,1,0.0,0.0,1.0,1,-0.0,False,False,False,False,False,0,0,1,0,1,0,1,0,0,0,1
differentiated,S_0053429,2,2,2,0,1,1,0.0,0.5,0.5,2,0.6309297535714574,False,True,False,False,False,0,0,2,0,1,0,1,0,1,0,2
differentiated,S_0053434,3,2,3,0,2,0,0.0,1.0,0.0,1,-0.0,False,True,False,False,False,0,0,1,1,2,1,0,0,1,0,2
differentiated,S_0053435,1,1,1,0,0,1,0.0,0.0,1.0,1,-0.0,False,False,False,False,False,0,0,1,0,1,0,1,0,0,0,1
differentiated,S_0053452,1,1,1,0,0,1,0.0,0.0,1.0,1,-0.0,False,False,False,False,False,0,0,1,0,1,0,1,0,0,0,1
differentiated,S_0053468,2,2,1,0,1,1,0.0,0.5,0.5,2,0.6309297535714574,False,True,False,False,False,0,0,2,0,1,0,1,0,1,0,2
differentiated,S_0053469,2,2,2,0,1,1,0.0,0.5,0.5,2,0.6309297535714574,False,True,False,False,False,0,0,1,1,2,0,1,0,0,1,2
differentiated,S_0053470,1,1,1,0,1,0,0.0,1.0,0.0,1,-0.0,False,False,False,False,False,0,0,1,0,1,0,0,0,1,0,1
differentiated,S_0053477,1,1,1,0,1,0,0.0,1.0,0.0,1,-0.0,False,False,False,False,False,0,0,1,0,1,0,0,0,1,0,1
differentiated,S_0053478,7,4,3,0,4,0,0.0,1.0,0.0,1,-0.0,False,True,True,False,False,0,0,1,3,2,1,2,0,1,0,3
differentiated,S_0053480,1,1,1,0,0,1,0.0,0.0,1.0,1,-0.0,False,False,False,False,False,0,0,1,0,1,0,1,0,0,0,1
differentiated,S_0053485,1,1,1,0,0,1,0.0,0.0,1.0,1,-0.0,False,False,False,False,False,0,0,1,0,1,0,1,0,0,0,1
differentiated,S_0053492,1,1,1,0,1,0,0.0,1.0,0.0,1,-0.0,False,False,False,False,False,0,0,0,1,1,0,0,0,1,0,1
differentiated,S_0053510,1,1,1,0,0,1,0.0,0.0,1.0,1,-0.0,False,False,False,False,False,0,0,1,0,1,0,1,0,0,0,1
differentiated,S_0053512,1,1,1,0,0,1,0.0,0.0,1.0,1,-0.0,False,False,False,False,False,0,0,1,0,1,0,1,0,0,0,1
differentiated,S_0053520,2,2,2,0,1,1,0.0,0.5,0.5,2,0.6309297535714574,False,True,False,False,False,0,0,1,1,2,0,1,0,1,0,2
differentiated,S_0053521,2,2,2,0,1,1,0.0,0.5,0.5,2,0.6309297535714574,False,True,False,False,False,0,0,1,1,2,0,1,0,1,0,2
differentiated,S_0053523,1,1,1,0,0,1,0.0,0.0,1.0,1,-0.0,False,False,False,False,False,0,0,1,0,1,0,1,0,0,0,1
differentiated,S_0053524,4,4,2,0,4,0,0.0,1.0,0.0,1,-0.0,False,True,True,False,False,0,0,1,3,2,1,2,0,1,0,3
differentiated,S_0053525,4,4,2,0,4,0,0.0,1.0,0.0,1,-0.0,False,True,True,False,False,0,0,1,3,2,1,2,0,1,0,3
differentiated,S_0053542,1,1,1,0,1,0,0.0,1.0,0.0,1,-0.0,False,False,False,False,False,0,0,0,1,1,0,0,0,0,1,1
differentiated,S_0053549,4,4,2,0,4,0,0.0,1.0,0.0,1,-0.0,False,True,True,False,False,0,0,1,3,2,1,2,0,1,0,3
differentiated,S_0053559,1,1,1,0,0,1,0.0,0.0,1.0,1,-0.0,False,False,False,False,False,0,0,1,0,1,0,1,0,0,0,1
differentiated,S_0053560,1,1,1,0,0,1,0.0,0.0,1.0,1,-0.0,False,False,False,False,False,0,0,1,0,1,0,1,0,0,0,1
differentiated,S_0053575,1,1,1,0,1,0,0.0,1.0,0.0,1,-0.0,False,False,False,False,False,0,1,0,0,1,1,0,0,0,0,1
differentiated,S_0053585,1,1,1,0,1,0,0.0,1.0,0.0,1,-0.0,False,False,False,False,False,0,0,0,1,1,0,0,0,1,0,1
differentiated,S_0053587,1,1,1,0,1,0,0.0,1.0,0.0,1,-0.0,False,False,False,False,False,0,0,1,0,1,0,0,0,1,0,1
differentiated,S_0053589,1,1,1,0,0,1,0.0,0.0,1.0,1,-0.0,False,False,False,False,False,0,0,1,0,1,0,1,0,0,0,1
differentiated,S_0053599,1,1,1,0,0,1,0.0,0.0,1.0,1,-0.0,False,False,False,False,False,0,0,1,0,1,0,1,0,0,0,1
differentiated,S_0053600,1,1,1,0,0,1,0.0,0.0,1.0,1,-0.0,False,False,False,False,False,0,0,1,0,1,0,1,0,0,0,1
differentiated,S_0053605,1,1,1,0,0,1,0.0,0.0,1.0,1,-0.0,False,False,False,False,False,0,0,1,0,1,0,1,0,0,0,1
differentiated,S_0053607,1,1,1,0,0,1,0.0,0.0,1.0,1,-0.0,False,False,False,False,False,0,0,1,0,1,0,1,0,0,0,1
differentiated,S_0053610,2,1,2,0,1,0,0.0,1.0,0.0,1,-0.0,False,False,False,False,False,0,0,0,1,1,0,0,0,1,0,1
differentiated,S_0053615,4,4,2,0,4,0,0.0,1.0,0.0,1,-0.0,False,True,True,False,False,0,0,1,3,2,1,2,0,1,0,3
differentiated,S_0053628,1,1,1,0,1,0,0.0,1.0,0.0,1,-0.0,False,False,False,False,False,0,0,0,1,1,0,0,0,1,0,1
differentiated,S_0053636,1,1,1,0,1,0,0.0,1.0,0.0,1,-0.0,False,False,False,False,False,0,0,1,0,1,1,0,0,0,0,1
differentiated,S_0053645,1,1,1,0,0,1,0.0,0.0,1.0,1,-0.0,False,False,False,False,False,0,0,1,0,1,0,1,0,0,0,1
differentiated,S_0053664,2,2,2,0,2,0,0.0,1.0,0.0,1,-0.0,False,True,False,False,False,0,0,0,2,1,0,1,1,0,0,2
differentiated,S_0053688,1,1,1,0,1,0,0.0,1.0,0.0,1,-0.0,False,False,False,False,False,0,0,0,1,1,1,0,0,0,0,1
differentiated,S_0053690,1,1,1,0,1,0,0.0,1.0,0.0,1,-0.0,False,False,False,False,False,0,0,0,1,1,1,0,0,0,0,1
differentiated,S_0053707,2,2,2,0,2,0,0.0,1.0,0.0,1,-0.0,False,True,False,False,False,0,0,1,1,2,0,1,0,1,0,2
differentiated,S_0053708,3,2,3,0,2,0,0.0,1.0,0.0,1,-0.0,False,True,False,False,False,0,0,1,1,2,0,1,0,1,0,2
differentiated,S_0053718,1,1,1,0,1,0,0.0,1.0,0.0,1,-0.0,False,False,False,False,False,0,0,0,1,1,0,1,0,0,0,1
differentiated,S_0053719,1,1,1,0,1,0,0.0,1.0,0.0,1,-0.0,False,False,False,False,False,0,0,0,1,1,0,1,0,0,0,1
differentiated,S_0053726,3,2,2,0,2,0,0.0,1.0,0.0,1,-0.0,False,True,False,False,False,0,0,0,2,1,0,2,0,0,0,1
differentiated,S_0053727,1,1,1,0,1,0,0.0,1.0,0.0,1,-0.0,False,False,False,False,False,0,0,0,1,1,0,1,0,0,0,1
differentiated,S_0053731,1,1,1,0,1,0,0.0,1.0,0.0,1,-0.0,False,False,False,False,False,0,0,0,1,1,1,0,0,0,0,1
differentiated,S_0053732,1,1,1,0,1,0,0.0,1.0,0.0,1,-0.0,False,False,False,False,False,0,0,0,1,1,1,0,0,0,0,1
differentiated,S_0053733,4,2,4,0,2,0,0.0,1.0,0.0,1,-0.0,False,True,False,False,False,0,0,0,2,1,0,1,1,0,0,2
differentiated,S_0053741,2,2,2,0,2,0,0.0,1.0,0.0,1,-0.0,False,True,False,False,False,0,0,0,2,1,0,1,1,0,0,2
differentiated,S_0053743,1,1,1,0,1,0,0.0,1.0,0.0,1,-0.0,False,False,False,False,False,0,0,0,1,1,1,0,0,0,0,1
differentiated,S_0053744,1,1,1,0,1,0,0.0,1.0,0.0,1,-0.0,False,False,False,False,False,0,0,0,1,1,1,0,0,0,0,1
differentiated,S_0053751,1,1,1,0,1,0,0.0,1.0,0.0,1,-0.0,False,False,False,False,False,0,0,0,1,1,1,0,0,0,0,1
differentiated,S_0053752,1,1,1,0,1,0,0.0,1.0,0.0,1,-0.0,False,False,False,False,False,0,0,0,1,1,1,0,0,0,0,1
differentiated,S_0053759,1,1,1,0,1,0,0.0,1.0,0.0,1,-0.0,False,False,False,False,False,0,0,0,1,1,1,0,0,0,0,1
differentiated,S_0053776,1,1,1,0,1,0,0.0,1.0,0.0,1,-0.0,False,False,False,False,False,0,0,0,1,1,0,1,0,0,0,1
differentiated,S_0053777,2,2,2,0,2,0,0.0,1.0,0.0,1,-0.0,False,True,False,False,False,0,1,1,0,2,1,0,0,1,0,2
differentiated,S_0053778,1,1,1,0,1,0,0.0,1.0,0.0,1,-0.0,False,False,False,False,False,0,0,0,1,1,0,1,0,0,0,1
differentiated,S_0053786,1,1,1,0,1,0,0.0,1.0,0.0,1,-0.0,False,False,False,False,False,0,0,1,0,1,0,0,0,1,0,1
differentiated,S_0053788,3,3,2,0,3,0,0.0,1.0,0.0,1,-0.0,False,True,True,False,False,0,0,1,2,2,0,2,0,1,0,2
differentiated,S_0053794,2,2,2,0,2,0,0.0,1.0,0.0,1,-0.0,False,True,False,False,False,0,0,1,1,2,0,1,0,1,0,2
differentiated,S_0053795,2,2,2,0,2,0,0.0,1.0,0.0,1,-0.0,False,True,False,False,False,0,0,1,1,2,0,1,0,1,0,2
differentiated,S_0053799,1,1,1,0,1,0,0.0,1.0,0.0,1,-0.0,False,False,False,False,False,0,0,0,1,1,1,0,0,0,0,1
differentiated,S_0053801,2,1,2,0,1,0,0.0,1.0,0.0,1,-0.0,False,False,False,False,False,0,0,0,1,1,0,1,0,0,0,1
differentiated,S_0053802,1,1,1,0,1,0,0.0,1.0,0.0,1,-0.0,False,False,False,False,False,0,0,0,1,1,0,1,0,0,0,1
differentiated,S_0053817,1,1,1,0,1,0,0.0,1.0,0.0,1,-0.0,False,False,False,False,False,0,0,0,1,1,0,1,0,0,0,1
differentiated,S_0053821,1,1,1,0,1,0,0.0,1.0,0.0,1,-0.0,False,False,False,False,False,0,0,0,1,1,1,0,0,0,0,1
differentiated,S_0053822,3,2,3,0,2,0,0.0,1.0,0.0,1,-0.0,False,True,False,False,False,0,0,1,1,2,0,1,0,1,0,2
differentiated,S_0053823,2,2,2,0,2,0,0.0,1.0,0.0,1,-0.0,False,True,False,False,False,0,0,1,1,2,0,1,0,1,0,2
differentiated,S_0053833,4,4,3,0,4,0,0.0,1.0,0.0,1,-0.0,False,True,True,False,False,0,1,2,1,3,1,1,0,2,0,3
differentiated,S_0053838,1,1,1,0,1,0,0.0,1.0,0.0,1,-0.0,False,False,False,False,False,0,0,0,1,1,0,1,0,0,0,1
differentiated,S_0053839,2,1,2,0,1,0,0.0,1.0,0.0,1,-0.0,False,False,False,False,False,0,0,0,1,1,0,1,0,0,0,1
differentiated,S_0053843,1,1,1,0,1,0,0.0,1.0,0.0,1,-0.0,False,False,False,False,False,0,0,0,1,1,1,0,0,0,0,1
differentiated,S_0053852,2,2,2,0,2,0,0.0,1.0,0.0,1,-0.0,False,True,False,False,False,0,0,1,1,2,0,1,0,1,0,2
differentiated,S_0053853,2,2,2,0,2,0,0.0,1.0,0.0,1,-0.0,False,True,False,False,False,0,0,1,1,2,0,1,0,1,0,2
differentiated,S_0053856,6,5,4,0,5,0,0.0,1.0,0.0,1,-0.0,True,True,True,True,False,0,1,2,2,3,1,2,0,2,0,3
differentiated,S_0053863,1,1,1,0,1,0,0.0,1.0,0.0,1,-0.0,False,False,False,False,False,0,0,0,1,1,1,0,0,0,0,1
differentiated,S_0053864,1,1,1,0,1,0,0.0,1.0,0.0,1,-0.0,False,False,False,False,False,0,0,0,1,1,1,0,0,0,0,1
differentiated,S_0053932,1,1,1,0,1,0,0.0,1.0,0.0,1,-0.0,False,False,False,False,False,0,0,1,0,1,0,0,0,1,0,1
differentiated,S_0053938,1,1,1,0,1,0,0.0,1.0,0.0,1,-0.0,False,False,False,False,False,0,0,1,0,1,0,0,0,1,0,1
differentiated,S_0053939,1,1,1,0,1,0,0.0,1.0,0.0,1,-0.0,False,False,False,False,False,0,0,1,0,1,0,0,0,1,0,1
differentiated,S_0053954,1,1,1,0,1,0,0.0,1.0,0.0,1,-0.0,False,False,False,False,False,0,0,1,0,1,0,0,0,1,0,1
differentiated,S_0053957,1,1,1,0,1,0,0.0,1.0,0.0,1,-0.0,False,False,False,False,False,0,0,1,0,1,0,0,0,1,0,1
differentiated,S_0053965,1,1,1,0,1,0,0.0,1.0,0.0,1,-0.0,False,False,False,False,False,0,0,1,0,1,0,0,0,1,0,1
differentiated,S_0053966,1,1,1,0,1,0,0.0,1.0,0.0,1,-0.0,False,False,False,False,False,0,0,1,0,1,0,0,0,1,0,1
differentiated,S_0053972,1,1,1,0,1,0,0.0,1.0,0.0,1,-0.0,False,False,False,False,False,0,0,1,0,1,0,0,0,1,0,1
differentiated,S_0053974,1,1,1,0,1,0,0.0,1.0,0.0,1,-0.0,False,False,False,False,False,0,0,1,0,1,0,0,0,1,0,1
differentiated,S_0053978,1,1,1,0,1,0,0.0,1.0,0.0,1,-0.0,False,False,False,False,False,0,0,0,1,1,1,0,0,0,0,1
differentiated,S_0054002,1,1,1,0,0,1,0.0,0.0,1.0,1,-0.0,False,False,False,False,False,0,0,1,0,1,0,0,1,0,0,1
differentiated,S_0054003,1,1,1,0,0,1,0.0,0.0,1.0,1,-0.0,False,False,False,False,False,0,0,1,0,1,0,0,1,0,0,1
differentiated,S_0054073,2,2,2,0,1,1,0.0,0.5,0.5,2,0.6309297535714574,False,True,False,False,False,0,0,1,1,2,0,0,2,0,0,1
differentiated,S_0054074,1,1,1,0,0,1,0.0,0.0,1.0,1,-0.0,False,False,False,False,False,0,0,1,0,1,0,0,1,0,0,1
differentiated,S_0054080,1,1,1,0,1,0,0.0,1.0,0.0,1,-0.0,False,False,False,False,False,0,0,0,1,1,0,0,1,0,0,1
differentiated,S_0054084,1,1,1,0,1,0,0.0,1.0,0.0,1,-0.0,False,False,False,False,False,0,0,0,1,1,0,0,1,0,0,1
differentiated,S_0054085,1,1,1,0,0,1,0.0,0.0,1.0,1,-0.0,False,False,False,False,False,0,0,1,0,1,0,1,0,0,0,1
differentiated,S_0054226,2,1,2,1,0,0,1.0,0.0,0.0,1,-0.0,False,False,False,False,False,0,0,0,1,1,1,0,0,0,0,1
differentiated,S_0054228,1,1,1,1,0,0,1.0,0.0,0.0,1,-0.0,False,False,False,False,False,0,0,0,1,1,1,0,0,0,0,1
differentiated,S_0054229,2,1,2,1,0,0,1.0,0.0,0.0,1,-0.0,False,False,False,False,False,0,0,0,1,1,1,0,0,0,0,1
differentiated,S_0054230,1,1,1,1,0,0,1.0,0.0,0.0,1,-0.0,False,False,False,False,False,0,0,0,1,1,1,0,0,0,0,1
differentiated,S_0054255,1,1,1,1,0,0,1.0,0.0,0.0,1,-0.0,False,False,False,False,False,0,0,0,1,1,1,0,0,0,0,1
differentiated,S_0054273,4,4,3,1,2,1,0.25,0.5,0.25,3,0.946394630357186,False,True,True,False,False,0,0,2,2,2,1,1,2,0,0,3
differentiated,S_0054288,1,1,1,0,0,1,0.0,0.0,1.0,1,-0.0,False,False,False,False,False,0,0,1,0,1,0,1,0,0,0,1
differentiated,S_0054289,1,1,1,0,0,1,0.0,0.0,1.0,1,-0.0,False,False,False,False,False,0,0,1,0,1,0,1,0,0,0,1
differentiated,S_0054348,1,1,1,0,1,0,0.0,1.0,0.0,1,-0.0,False,False,False,False,False,0,0,1,0,1,0,0,0,1,0,1
differentiated,S_0054355,1,1,1,0,1,0,0.0,1.0,0.0,1,-0.0,False,False,False,False,False,0,0,1,0,1,0,0,0,1,0,1
differentiated,S_0054357,1,1,1,0,1,0,0.0,1.0,0.0,1,-0.0,False,False,False,False,False,0,0,1,0,1,0,0,0,1,0,1
differentiated,S_0054359,1,1,1,0,1,0,0.0,1.0,0.0,1,-0.0,False,False,False,False,False,0,0,1,0,1,0,0,0,1,0,1
differentiated,S_0054377,2,2,2,0,2,0,0.0,1.0,0.0,1,-0.0,False,True,False,False,False,0,0,0,2,1,0,1,1,0,0,2
differentiated,S_0054397,1,1,1,0,1,0,0.0,1.0,0.0,1,-0.0,False,False,False,False,False,0,0,1,0,1,0,0,0,1,0,1
differentiated,S_0054398,1,1,1,0,1,0,0.0,1.0,0.0,1,-0.0,False,False,False,False,False,0,0,1,0,1,0,0,0,1,0,1
differentiated,S_0054421,2,2,2,0,2,0,0.0,1.0,0.0,1,-0.0,False,True,False,False,False,0,0,2,0,1,1,0,0,1,0,2
differentiated,S_0054423,1,1,1,0,1,0,0.0,1.0,0.0,1,-0.0,False,False,False,False,False,0,0,1,0,1,0,0,0,1,0,1
differentiated,S_0054425,2,2,2,0,2,0,0.0,1.0,0.0,1,-0.0,False,True,False,False,False,0,0,2,0,1,1,0,0,1,0,2
differentiated,S_0054431,1,1,1,1,0,0,1.0,0.0,0.0,1,-0.0,False,False,False,False,False,0,0,0,1,1,0,0,1,0,0,1
differentiated,S_0054449,1,1,1,1,0,0,1.0,0.0,0.0,1,-0.0,False,False,False,False,False,0,0,1,0,1,1,0,0,0,0,1
differentiated,S_0054451,1,1,1,1,0,0,1.0,0.0,0.0,1,-0.0,False,False,False,False,False,0,0,1,0,1,1,0,0,0,0,1
differentiated,S_0054515,1,1,1,0,1,0,0.0,1.0,0.0,1,-0.0,False,False,False,False,False,0,0,0,1,1,0,0,0,1,0,1
differentiated,S_0054523,1,1,1,0,1,0,0.0,1.0,0.0,1,-0.0,False,False,False,False,False,0,0,0,1,1,0,0,0,1,0,1
differentiated,S_0054528,1,1,1,0,1,0,0.0,1.0,0.0,1,-0.0,False,False,False,False,False,0,0,0,1,1,0,0,0,1,0,1
differentiated,S_0054532,2,1,2,0,1,0,0.0,1.0,0.0,1,-0.0,False,False,False,False,False,0,0,0,1,1,0,0,0,1,0,1
differentiated,S_0054536,1,1,1,0,1,0,0.0,1.0,0.0,1,-0.0,False,False,False,False,False,0,0,0,1,1,0,0,0,1,0,1
differentiated,S_0054540,2,2,2,1,1,0,0.5,0.5,0.0,2,0.6309297535714574,False,True,False,False,False,0,0,0,2,1,0,0,1,1,0,2
differentiated,S_0054567,2,2,2,1,1,0,0.5,0.5,0.0,2,0.6309297535714574,False,True,False,False,False,0,1,1,0,2,1,0,0,1,0,2
differentiated,S_0054580,1,1,1,0,1,0,0.0,1.0,0.0,1,-0.0,False,False,False,False,False,0,0,0,1,1,0,0,0,1,0,1
differentiated,S_0054587,1,1,1,0,1,0,0.0,1.0,0.0,1,-0.0,False,False,False,False,False,0,0,1,0,1,0,0,1,0,0,1
differentiated,S_0054588,2,2,2,0,2,0,0.0,1.0,0.0,1,-0.0,False,True,False,False,False,0,0,0,2,1,1,0,0,1,0,2
differentiated,S_0054589,3,3,3,0,2,1,0.0,0.6666666666666666,0.3333333333333333,2,0.5793801642856949,False,True,True,False,False,0,0,1,2,2,1,0,0,2,0,2
differentiated,S_0054593,2,2,2,1,1,0,0.5,0.5,0.0,2,0.6309297535714574,False,True,False,False,False,0,0,1,1,2,0,0,1,1,0,2
differentiated,S_0054594,2,2,2,1,1,0,0.5,0.5,0.0,2,0.6309297535714574,False,True,False,False,False,0,0,1,1,2,0,0,1,1,0,2
differentiated,S_0054611,1,1,1,1,0,0,1.0,0.0,0.0,1,-0.0,False,False,False,False,False,0,0,1,0,1,1,0,0,0,0,1
differentiated,S_0054648,2,2,2,0,0,2,0.0,0.0,1.0,1,-0.0,False,True,False,False,False,0,1,1,0,2,0,0,0,2,0,1
differentiated,S_0054649,1,1,1,0,0,1,0.0,0.0,1.0,1,-0.0,False,False,False,False,False,0,0,1,0,1,0,0,0,1,0,1
differentiated,S_0054650,2,2,2,0,0,2,0.0,0.0,1.0,1,-0.0,False,True,False,False,False,0,1,1,0,2,0,0,0,2,0,1
differentiated,S_0054651,2,2,2,0,0,2,0.0,0.0,1.0,1,-0.0,False,True,False,False,False,0,1,1,0,2,0,0,0,2,0,1
differentiated,S_0054652,2,2,2,0,0,2,0.0,0.0,1.0,1,-0.0,False,True,False,False,False,0,1,1,0,2,0,0,0,2,0,1
differentiated,S_0054658,4,4,2,1,3,0,0.25,0.75,0.0,2,0.5118595071429147,False,True,True,False,False,0,0,4,0,1,2,0,0,1,1,3
differentiated,S_0054660,2,2,1,0,2,0,0.0,1.0,0.0,1,-0.0,False,True,False,False,False,0,0,2,0,1,1,0,0,1,0,2
differentiated,S_0054661,2,2,2,1,1,0,0.5,0.5,0.0,2,0.6309297535714574,False,True,False,False,False,0,0,2,0,1,1,0,0,0,1,2
differentiated,S_0054667,1,1,1,1,0,0,1.0,0.0,0.0,1,-0.0,False,False,False,False,False,0,0,1,0,1,0,0,0,0,1,1
differentiated,S_0054668,1,1,1,1,0,0,1.0,0.0,0.0,1,-0.0,False,False,False,False,False,0,0,1,0,1,0,0,0,0,1,1
differentiated,S_0054669,2,2,2,1,1,0,0.5,0.5,0.0,2,0.6309297535714574,False,True,False,False,False,0,0,2,0,1,0,0,0,1,1,2
differentiated,S_0054677,1,1,1,1,0,0,1.0,0.0,0.0,1,-0.0,False,False,False,False,False,0,0,0,1,1,1,0,0,0,0,1
differentiated,S_0054678,1,1,1,1,0,0,1.0,0.0,0.0,1,-0.0,False,False,False,False,False,0,0,0,1,1,1,0,0,0,0,1
differentiated,S_0054679,3,3,2,1,2,0,0.3333333333333333,0.6666666666666666,0.0,2,0.5793801642856949,False,True,True,False,False,0,0,3,0,1,2,0,0,0,1,2
differentiated,S_0054680,3,3,2,1,2,0,0.3333333333333333,0.6666666666666666,0.0,2,0.5793801642856949,False,True,True,False,False,0,0,3,0,1,2,0,0,0,1,2
differentiated,S_0054681,1,1,1,1,0,0,1.0,0.0,0.0,1,-0.0,False,False,False,False,False,0,0,0,1,1,1,0,0,0,0,1
differentiated,S_0054718,1,1,1,1,0,0,1.0,0.0,0.0,1,-0.0,False,False,False,False,False,0,0,0,1,1,0,0,1,0,0,1
differentiated,S_0054754,1,1,1,0,1,0,0.0,1.0,0.0,1,-0.0,False,False,False,False,False,0,0,1,0,1,1,0,0,0,0,1
differentiated,S_0054756,1,1,1,0,1,0,0.0,1.0,0.0,1,-0.0,False,False,False,False,False,0,0,1,0,1,1,0,0,0,0,1
differentiated,S_0054792,1,1,1,0,1,0,0.0,1.0,0.0,1,-0.0,False,False,False,False,False,0,0,1,0,1,0,0,0,1,0,1
differentiated,S_0054810,4,4,3,0,4,0,0.0,1.0,0.0,1,-0.0,False,True,True,False,False,0,0,0,4,1,2,0,1,1,0,3
differentiated,S_0054811,2,2,1,0,2,0,0.0,1.0,0.0,1,-0.0,False,True,False,False,False,0,0,2,0,1,1,0,0,1,0,2
differentiated,S_0054812,2,2,1,0,2,0,0.0,1.0,0.0,1,-0.0,False,True,False,False,False,0,0,2,0,1,1,0,0,1,0,2
differentiated,S_0054813,2,2,1,0,2,0,0.0,1.0,0.0,1,-0.0,False,True,False,False,False,0,0,2,0,1,1,0,0,1,0,2
differentiated,S_0054815,1,1,1,1,0,0,1.0,0.0,0.0,1,-0.0,False,False,False,False,False,0,0,1,0,1,0,0,0,0,1,1
differentiated,S_0054816,1,1,1,1,0,0,1.0,0.0,0.0,1,-0.0,False,False,False,False,False,0,0,1,0,1,0,0,0,0,1,1
differentiated,S_0054817,3,3,3,3,0,0,1.0,0.0,0.0,1,-0.0,False,True,True,False,False,0,0,1,2,2,1,0,0,1,1,3
differentiated,S_0054820,2,2,2,1,1,0,0.5,0.5,0.0,2,0.6309297535714574,False,True,False,False,False,0,0,2,0,1,1,0,0,0,1,2
differentiated,S_0054822,1,1,1,1,0,0,1.0,0.0,0.0,1,-0.0,False,False,False,False,False,0,0,1,0,1,0,0,0,0,1,1
differentiated,S_0054823,1,1,1,1,0,0,1.0,0.0,0.0,1,-0.0,False,False,False,False,False,0,0,1,0,1,0,0,0,0,1,1
differentiated,S_0054828,1,1,1,1,0,0,1.0,0.0,0.0,1,-0.0,False,False,False,False,False,0,0,0,1,1,1,0,0,0,0,1
differentiated,S_0054855,1,1,1,0,1,0,0.0,1.0,0.0,1,-0.0,False,False,False,False,False,0,0,1,0,1,1,0,0,0,0,1
differentiated,S_0054856,4,4,4,2,2,0,0.5,0.5,0.0,2,0.6309297535714574,False,True,True,False,False,0,0,0,4,1,2,0,0,2,0,2
differentiated,S_0054858,3,3,2,0,2,1,0.0,0.6666666666666666,0.3333333333333333,2,0.5793801642856949,False,True,True,False,False,0,1,2,0,2,1,0,0,1,1,3
differentiated,S_0054964,4,4,2,0,4,0,0.0,1.0,0.0,1,-0.0,False,True,True,False,False,0,0,1,3,2,1,2,0,1,0,3
differentiated,S_0054968,4,4,2,0,4,0,0.0,1.0,0.0,1,-0.0,False,True,True,False,False,0,0,1,3,2,1,2,0,1,0,3
differentiated,S_0054980,3,3,1,0,2,1,0.0,0.6666666666666666,0.3333333333333333,2,0.5793801642856949,False,True,True,False,False,0,0,3,0,1,1,1,0,1,0,3
differentiated,S_0055047,1,1,1,1,0,0,1.0,0.0,0.0,1,-0.0,False,False,False,False,False,0,0,1,0,1,0,0,0,0,1,1
differentiated,S_0055061,2,2,1,2,0,0,1.0,0.0,0.0,1,-0.0,False,True,False,False,False,0,0,0,2,1,1,1,0,0,0,2
differentiated,S_0055102,1,1,1,1,0,0,1.0,0.0,0.0,1,-0.0,False,False,False,False,False,0,0,0,1,1,1,0,0,0,0,1
differentiated,S_0055109,5,5,3,1,2,2,0.2,0.4,0.4,3,0.9602297178607612,True,True,True,True,False,0,0,3,2,2,3,1,0,0,1,3
differentiated,S_0055121,3,3,1,0,3,0,0.0,1.0,0.0,1,-0.0,False,True,True,False,False,0,0,0,3,1,1,2,0,0,0,2
differentiated,S_0055142,2,2,1,0,2,0,0.0,1.0,0.0,1,-0.0,False,True,False,False,False,0,0,0,2,1,0,1,1,0,0,2
differentiated,S_0055149,3,3,1,1,2,0,0.3333333333333333,0.6666666666666666,0.0,2,0.5793801642856949,False,True,True,False,False,0,0,0,3,1,0,1,2,0,0,2
differentiated,S_0055167,1,1,1,0,1,0,0.0,1.0,0.0,1,-0.0,False,False,False,False,False,0,0,1,0,1,1,0,0,0,0,1
differentiated,S_0055168,1,1,1,0,1,0,0.0,1.0,0.0,1,-0.0,False,False,False,False,False,0,0,1,0,1,1,0,0,0,0,1
differentiated,S_0055172,1,1,1,0,1,0,0.0,1.0,0.0,1,-0.0,False,False,False,False,False,0,0,1,0,1,1,0,0,0,0,1
differentiated,S_0055182,1,1,1,0,1,0,0.0,1.0,0.0,1,-0.0,False,False,False,False,False,0,0,1,0,1,1,0,0,0,0,1
differentiated,S_0055198,1,1,1,0,0,1,0.0,0.0,1.0,1,-0.0,False,False,False,False,False,0,0,1,0,1,0,0,1,0,0,1
differentiated,S_0055201,2,2,1,0,2,0,0.0,1.0,0.0,1,-0.0,False,True,False,False,False,0,0,2,0,1,2,0,0,0,0,1
differentiated,S_0055207,1,1,1,1,0,0,1.0,0.0,0.0,1,-0.0,False,False,False,False,False,0,0,1,0,1,1,0,0,0,0,1
differentiated,S_0055272,1,1,1,0,1,0,0.0,1.0,0.0,1,-0.0,False,False,False,False,False,0,0,0,1,1,1,0,0,0,0,1
differentiated,S_0055289,1,1,1,1,0,0,1.0,0.0,0.0,1,-0.0,False,False,False,False,False,0,0,0,1,1,1,0,0,0,0,1
differentiated,S_0055293,1,1,1,0,0,1,0.0,0.0,1.0,1,-0.0,False,False,False,False,False,0,0,1,0,1,0,0,0,0,1,1
differentiated,S_0055339,1,1,1,0,1,0,0.0,1.0,0.0,1,-0.0,False,False,False,False,False,0,0,1,0,1,1,0,0,0,0,1
differentiated,S_0055362,1,1,1,0,0,1,0.0,0.0,1.0,1,-0.0,False,False,False,False,False,0,0,1,0,1,0,0,0,0,1,1
differentiated,S_0055371,1,1,1,0,1,0,0.0,1.0,0.0,1,-0.0,False,False,False,False,False,0,0,0,1,1,0,0,1,0,0,1
differentiated,S_0055383,1,1,1,0,1,0,0.0,1.0,0.0,1,-0.0,False,False,False,False,False,0,0,1,0,1,1,0,0,0,0,1
differentiated,S_0055400,4,2,4,1,1,0,0.5,0.5,0.0,2,0.6309297535714574,False,True,False,False,False,0,0,0,2,1,1,0,0,1,0,2
differentiated,S_0055419,2,1,2,1,0,0,1.0,0.0,0.0,1,-0.0,False,False,False,False,False,0,0,0,1,1,1,0,0,0,0,1
differentiated,S_0055420,2,1,2,1,0,0,1.0,0.0,0.0,1,-0.0,False,False,False,False,False,0,0,0,1,1,1,0,0,0,0,1
differentiated,S_0055428,3,3,1,0,2,1,0.0,0.6666666666666666,0.3333333333333333,2,0.5793801642856949,False,True,True,False,False,0,0,3,0,1,2,0,0,0,1,2
differentiated,S_0055430,3,3,1,0,2,1,0.0,0.6666666666666666,0.3333333333333333,2,0.5793801642856949,False,True,True,False,False,0,0,3,0,1,2,0,0,0,1,2
differentiated,S_0055441,2,2,1,0,2,0,0.0,1.0,0.0,1,-0.0,False,True,False,False,False,0,0,2,0,1,1,0,0,0,1,2
differentiated,S_0055442,2,2,1,0,2,0,0.0,1.0,0.0,1,-0.0,False,True,False,False,False,0,0,2,0,1,1,0,0,0,1,2
differentiated,S_0055448,3,3,2,0,3,0,0.0,1.0,0.0,1,-0.0,False,True,True,False,False,0,0,3,0,1,1,0,0,0,2,2
differentiated,S_0055451,3,3,2,0,3,0,0.0,1.0,0.0,1,-0.0,False,True,True,False,False,0,0,3,0,1,1,0,0,0,2,2
differentiated,S_0055453,3,3,2,0,3,0,0.0,1.0,0.0,1,-0.0,False,True,True,False,False,0,0,3,0,1,1,0,0,0,2,2
differentiated,S_0055458,1,1,1,0,1,0,0.0,1.0,0.0,1,-0.0,False,False,False,False,False,0,0,0,1,1,1,0,0,0,0,1
differentiated,S_0055463,3,3,2,0,3,0,0.0,1.0,0.0,1,-0.0,False,True,True,False,False,0,0,3,0,1,1,0,0,0,2,2
differentiated,S_0055489,1,1,1,1,0,0,1.0,0.0,0.0,1,-0.0,False,False,False,False,False,0,0,0,1,1,1,0,0,0,0,1
differentiated,S_0055521,1,1,1,0,0,1,0.0,0.0,1.0,1,-0.0,False,False,False,False,False,0,0,1,0,1,1,0,0,0,0,1
differentiated,S_0055522,1,1,1,0,0,1,0.0,0.0,1.0,1,-0.0,False,False,False,False,False,0,0,1,0,1,1,0,0,0,0,1
differentiated,S_0055524,1,1,1,0,0,1,0.0,0.0,1.0,1,-0.0,False,False,False,False,False,0,0,1,0,1,1,0,0,0,0,1
differentiated,S_0055585,1,1,1,0,1,0,0.0,1.0,0.0,1,-0.0,False,False,False,False,False,0,0,1,0,1,0,0,0,1,0,1
differentiated,S_0055591,2,2,2,1,1,0,0.5,0.5,0.0,2,0.6309297535714574,False,True,False,False,False,0,0,2,0,1,1,0,0,0,1,2
differentiated,S_0055619,17,12,12,5,5,2,0.4166666666666667,0.4166666666666667,0.16666666666666666,3,0.9358932809493993,True,True,True,True,True,0,0,2,10,2,6,3,1,2,0,4
differentiated,S_0055638,1,1,1,1,0,0,1.0,0.0,0.0,1,-0.0,False,False,False,False,False,0,0,0,1,1,1,0,0,0,0,1
differentiated,S_0055642,2,2,1,1,1,0,0.5,0.5,0.0,2,0.6309297535714574,False,True,False,False,False,0,0,2,0,1,1,0,0,1,0,2
differentiated,S_0055649,1,1,1,0,1,0,0.0,1.0,0.0,1,-0.0,False,False,False,False,False,0,0,1,0,1,0,0,0,1,0,1
differentiated,S_0055650,1,1,1,0,1,0,0.0,1.0,0.0,1,-0.0,False,False,False,False,False,0,0,0,1,1,0,0,0,1,0,1
differentiated,S_0055651,2,2,2,1,1,0,0.5,0.5,0.0,2,0.6309297535714574,False,True,False,False,False,0,0,0,2,1,0,0,0,2,0,1
differentiated,S_0055652,2,2,2,1,1,0,0.5,0.5,0.0,2,0.6309297535714574,False,True,False,False,False,0,0,0,2,1,0,0,0,2,0,1
differentiated,S_0055653,2,2,2,1,1,0,0.5,0.5,0.0,2,0.6309297535714574,False,True,False,False,False,0,0,0,2,1,0,0,0,2,0,1
differentiated,S_0055654,1,1,1,0,1,0,0.0,1.0,0.0,1,-0.0,False,False,False,False,False,0,0,1,0,1,0,0,0,1,0,1
differentiated,S_0055656,1,1,1,0,1,0,0.0,1.0,0.0,1,-0.0,False,False,False,False,False,0,0,1,0,1,0,0,0,1,0,1
differentiated,S_0055677,1,1,1,0,1,0,0.0,1.0,0.0,1,-0.0,False,False,False,False,False,0,0,1,0,1,1,0,0,0,0,1
differentiated,S_0055714,1,1,1,0,1,0,0.0,1.0,0.0,1,-0.0,False,False,False,False,False,0,0,0,1,1,0,1,0,0,0,1
differentiated,S_0055723,1,1,1,0,1,0,0.0,1.0,0.0,1,-0.0,False,False,False,False,False,0,0,0,1,1,1,0,0,0,0,1
differentiated,S_0055724,1,1,1,0,1,0,0.0,1.0,0.0,1,-0.0,False,False,False,False,False,0,0,0,1,1,1,0,0,0,0,1
differentiated,S_0055741,1,1,1,0,0,1,0.0,0.0,1.0,1,-0.0,False,False,False,False,False,0,0,1,0,1,0,0,0,0,1,1
differentiated,S_0055743,1,1,1,0,0,1,0.0,0.0,1.0,1,-0.0,False,False,False,False,False,0,0,1,0,1,0,0,0,0,1,1
differentiated,S_0055744,1,1,1,0,0,1,0.0,0.0,1.0,1,-0.0,False,False,False,False,False,0,0,1,0,1,0,0,0,0,1,1
differentiated,S_0055747,3,3,1,1,2,0,0.3333333333333333,0.6666666666666666,0.0,2,0.5793801642856949,False,True,True,False,False,0,0,0,3,1,0,0,1,1,1,3
differentiated,S_0055748,3,3,1,1,2,0,0.3333333333333333,0.6666666666666666,0.0,2,0.5793801642856949,False,True,True,False,False,0,0,0,3,1,0,0,1,1,1,3
differentiated,S_0055749,3,3,2,1,2,0,0.3333333333333333,0.6666666666666666,0.0,2,0.5793801642856949,False,True,True,False,False,0,0,0,3,1,0,0,1,1,1,3
differentiated,S_0055767,1,1,1,0,1,0,0.0,1.0,0.0,1,-0.0,False,False,False,False,False,0,0,0,1,1,0,0,0,0,1,1
differentiated,S_0055771,2,2,2,1,1,0,0.5,0.5,0.0,2,0.6309297535714574,False,True,False,False,False,0,0,0,2,1,0,0,0,2,0,1
differentiated,S_0055775,1,1,1,0,1,0,0.0,1.0,0.0,1,-0.0,False,False,False,False,False,0,0,0,1,1,0,0,0,1,0,1
differentiated,S_0055784,2,2,1,0,2,0,0.0,1.0,0.0,1,-0.0,False,True,False,False,False,0,0,2,0,1,1,0,0,1,0,2
differentiated,S_0055788,8,8,3,2,5,1,0.25,0.625,0.125,3,0.8194483718728035,True,True,True,True,False,0,0,0,8,1,5,2,0,0,1,3
differentiated,S_0055794,7,7,3,2,4,1,0.2857142857142857,0.5714285714285714,0.14285714285714285,3,0.8699155297736259,True,True,True,True,False,0,0,0,7,1,4,3,0,0,0,2
differentiated,S_0055801,10,5,2,1,3,1,0.2,0.6,0.2,3,0.8649735207179272,True,True,True,True,False,0,0,0,5,1,3,2,0,0,0,2
differentiated,S_0055825,1,1,1,1,0,0,1.0,0.0,0.0,1,-0.0,False,False,False,False,False,0,0,1,0,1,1,0,0,0,0,1
differentiated,S_0055829,1,1,1,1,0,0,1.0,0.0,0.0,1,-0.0,False,False,False,False,False,0,0,1,0,1,1,0,0,0,0,1
differentiated,S_0055831,1,1,1,1,0,0,1.0,0.0,0.0,1,-0.0,False,False,False,False,False,0,0,1,0,1,1,0,0,0,0,1
differentiated,S_0055864,1,1,1,0,1,0,0.0,1.0,0.0,1,-0.0,False,False,False,False,False,0,0,0,1,1,0,0,0,0,1,1
differentiated,S_0055868,4,4,4,2,2,0,0.5,0.5,0.0,2,0.6309297535714574,False,True,True,False,False,0,0,0,4,1,2,0,0,2,0,2
differentiated,S_0055899,3,3,1,0,1,2,0.0,0.3333333333333333,0.6666666666666666,2,0.5793801642856949,False,True,True,False,False,0,0,3,0,1,1,1,0,0,1,3
differentiated,S_0055967,1,1,1,0,0,1,0.0,0.0,1.0,1,-0.0,False,False,False,False,False,0,0,1,0,1,1,0,0,0,0,1
differentiated,S_0055968,2,2,2,1,1,0,0.5,0.5,0.0,2,0.6309297535714574,False,True,False,False,False,0,0,0,2,1,1,0,0,0,1,2
differentiated,S_0056003,4,4,4,2,2,0,0.5,0.5,0.0,2,0.6309297535714574,False,True,True,False,False,0,0,1,3,2,3,1,0,0,0,2
differentiated,S_0056005,4,4,4,2,2,0,0.5,0.5,0.0,2,0.6309297535714574,False,True,True,False,False,0,0,1,3,2,3,1,0,0,0,2
differentiated,S_0056007,4,4,4,2,2,0,0.5,0.5,0.0,2,0.6309297535714574,False,True,True,False,False,0,0,1,3,2,3,1,0,0,0,2
differentiated,S_0056009,7,4,7,2,2,0,0.5,0.5,0.0,2,0.6309297535714574,False,True,True,False,False,0,0,1,3,2,3,1,0,0,0,2
differentiated,S_0056017,1,1,1,0,1,0,0.0,1.0,0.0,1,-0.0,False,False,False,False,False,0,0,0,1,1,0,0,0,1,0,1
differentiated,S_0056059,1,1,1,1,0,0,1.0,0.0,0.0,1,-0.0,False,False,False,False,False,0,0,0,1,1,1,0,0,0,0,1
differentiated,S_0056061,1,1,1,1,0,0,1.0,0.0,0.0,1,-0.0,False,False,False,False,False,0,0,0,1,1,1,0,0,0,0,1
differentiated,S_0056097,1,1,1,0,1,0,0.0,1.0,0.0,1,-0.0,False,False,False,False,False,0,0,1,0,1,0,0,0,1,0,1
differentiated,S_0056110,1,1,1,0,1,0,0.0,1.0,0.0,1,-0.0,False,False,False,False,False,0,0,1,0,1,0,0,0,1,0,1
differentiated,S_0056243,2,2,2,1,1,0,0.5,0.5,0.0,2,0.6309297535714574,False,True,False,False,False,0,0,0,2,1,0,0,0,2,0,1
differentiated,S_0056258,1,1,1,0,1,0,0.0,1.0,0.0,1,-0.0,False,False,False,False,False,0,1,0,0,1,0,0,0,1,0,1
differentiated,S_0056269,1,1,1,0,0,1,0.0,0.0,1.0,1,-0.0,False,False,False,False,False,0,0,1,0,1,1,0,0,0,0,1
differentiated,S_0056270,2,2,2,1,1,0,0.5,0.5,0.0,2,0.6309297535714574,False,True,False,False,False,0,0,0,2,1,1,0,0,0,1,2
differentiated,S_0056298,1,1,1,1,0,0,1.0,0.0,0.0,1,-0.0,False,False,False,False,False,0,0,0,1,1,1,0,0,0,0,1
differentiated,S_0056350,1,1,1,0,0,1,0.0,0.0,1.0,1,-0.0,False,False,False,False,False,0,0,1,0,1,0,0,0,0,1,1
differentiated,S_0056377,3,1,3,1,0,0,1.0,0.0,0.0,1,-0.0,False,False,False,False,False,0,0,0,1,1,0,0,0,1,0,1
differentiated,S_0056402,1,1,1,1,0,0,1.0,0.0,0.0,1,-0.0,False,False,False,False,False,0,0,0,1,1,1,0,0,0,0,1
differentiated,S_0056405,3,3,2,1,1,1,0.3333333333333333,0.3333333333333333,0.3333333333333333,3,0.9999999999999998,False,True,True,False,False,0,0,2,1,2,0,1,0,1,1,3
differentiated,S_0056406,3,3,2,1,1,1,0.3333333333333333,0.3333333333333333,0.3333333333333333,3,0.9999999999999998,False,True,True,False,False,0,0,2,1,2,0,1,0,1,1,3
differentiated,S_0056411,3,3,2,1,1,1,0.3333333333333333,0.3333333333333333,0.3333333333333333,3,0.9999999999999998,False,True,True,False,False,0,0,2,1,2,0,1,0,1,1,3
differentiated,S_0056413,3,3,2,1,1,1,0.3333333333333333,0.3333333333333333,0.3333333333333333,3,0.9999999999999998,False,True,True,False,False,0,0,2,1,2,0,1,0,1,1,3
differentiated,S_0056416,3,3,2,1,1,1,0.3333333333333333,0.3333333333333333,0.3333333333333333,3,0.9999999999999998,False,True,True,False,False,0,0,2,1,2,0,1,0,1,1,3
differentiated,S_0056423,4,4,2,1,2,1,0.25,0.5,0.25,3,0.946394630357186,False,True,True,False,False,0,0,2,2,2,1,1,0,1,1,4
differentiated,S_0056424,4,4,3,1,2,1,0.25,0.5,0.25,3,0.946394630357186,False,True,True,False,False,0,0,2,2,2,1,1,0,1,1,4
differentiated,S_0056425,4,4,3,1,2,1,0.25,0.5,0.25,3,0.946394630357186,False,True,True,False,False,0,0,2,2,2,1,1,0,1,1,4
differentiated,S_0056426,4,4,3,1,2,1,0.25,0.5,0.25,3,0.946394630357186,False,True,True,False,False,0,0,2,2,2,1,1,0,1,1,4
differentiated,S_0056462,1,1,1,0,1,0,0.0,1.0,0.0,1,-0.0,False,False,False,False,False,0,0,1,0,1,1,0,0,0,0,1
differentiated,S_0056463,1,1,1,0,1,0,0.0,1.0,0.0,1,-0.0,False,False,False,False,False,0,0,1,0,1,1,0,0,0,0,1
differentiated,S_0056465,1,1,1,0,1,0,0.0,1.0,0.0,1,-0.0,False,False,False,False,False,0,0,1,0,1,1,0,0,0,0,1
differentiated,S_0056467,1,1,1,0,1,0,0.0,1.0,0.0,1,-0.0,False,False,False,False,False,0,0,1,0,1,1,0,0,0,0,1
differentiated,S_0056468,1,1,1,0,1,0,0.0,1.0,0.0,1,-0.0,False,False,False,False,False,0,0,1,0,1,1,0,0,0,0,1
differentiated,S_0056469,1,1,1,0,1,0,0.0,1.0,0.0,1,-0.0,False,False,False,False,False,0,0,1,0,1,1,0,0,0,0,1
differentiated,S_0056476,1,1,1,0,1,0,0.0,1.0,0.0,1,-0.0,False,False,False,False,False,0,0,0,1,1,0,0,0,0,1,1
differentiated,S_0056477,2,2,2,0,2,0,0.0,1.0,0.0,1,-0.0,False,True,False,False,False,0,1,1,0,2,0,0,0,2,0,1
differentiated,S_0056478,2,2,2,0,2,0,0.0,1.0,0.0,1,-0.0,False,True,False,False,False,0,1,1,0,2,0,0,0,2,0,1
differentiated,S_0056479,2,2,2,0,2,0,0.0,1.0,0.0,1,-0.0,False,True,False,False,False,0,1,1,0,2,0,0,0,2,0,1
differentiated,S_0056480,2,2,2,0,2,0,0.0,1.0,0.0,1,-0.0,False,True,False,False,False,0,1,1,0,2,0,0,0,2,0,1
differentiated,S_0056482,1,1,1,1,0,0,1.0,0.0,0.0,1,-0.0,False,False,False,False,False,0,0,1,0,1,1,0,0,0,0,1
differentiated,S_0056507,2,2,1,0,2,0,0.0,1.0,0.0,1,-0.0,False,True,False,False,False,0,0,2,0,1,2,0,0,0,0,1
differentiated,S_0056508,2,2,1,0,2,0,0.0,1.0,0.0,1,-0.0,False,True,False,False,False,0,0,2,0,1,2,0,0,0,0,1
differentiated,S_0056512,1,1,1,0,0,1,0.0,0.0,1.0,1,-0.0,False,False,False,False,False,0,0,1,0,1,0,0,0,1,0,1
differentiated,S_0056513,1,1,1,0,0,1,0.0,0.0,1.0,1,-0.0,False,False,False,False,False,0,0,1,0,1,0,0,0,1,0,1
differentiated,S_0056515,3,3,2,0,3,0,0.0,1.0,0.0,1,-0.0,False,True,True,False,False,0,1,2,0,2,2,0,0,1,0,2
differentiated,S_0056522,1,1,1,0,0,1,0.0,0.0,1.0,1,-0.0,False,False,False,False,False,0,0,1,0,1,0,0,0,0,1,1
differentiated,S_0056541,1,1,1,0,0,1,0.0,0.0,1.0,1,-0.0,False,False,False,False,False,0,0,1,0,1,0,1,0,0,0,1
differentiated,S_0056571,1,1,1,0,1,0,0.0,1.0,0.0,1,-0.0,False,False,False,False,False,0,0,1,0,1,0,0,0,1,0,1
differentiated,S_0056576,1,1,1,0,1,0,0.0,1.0,0.0,1,-0.0,False,False,False,False,False,0,0,0,1,1,0,0,0,1,0,1
differentiated,S_0056581,2,2,2,0,2,0,0.0,1.0,0.0,1,-0.0,False,True,False,False,False,0,1,1,0,2,0,0,0,2,0,1
differentiated,S_0056582,1,1,1,0,1,0,0.0,1.0,0.0,1,-0.0,False,False,False,False,False,0,0,1,0,1,1,0,0,0,0,1
differentiated,S_0056586,1,1,1,0,1,0,0.0,1.0,0.0,1,-0.0,False,False,False,False,False,0,0,1,0,1,1,0,0,0,0,1
differentiated,S_0056588,1,1,1,0,1,0,0.0,1.0,0.0,1,-0.0,False,False,False,False,False,0,0,1,0,1,1,0,0,0,0,1
differentiated,S_0056589,1,1,1,0,1,0,0.0,1.0,0.0,1,-0.0,False,False,False,False,False,0,0,1,0,1,1,0,0,0,0,1
differentiated,S_0056597,4,2,4,0,2,0,0.0,1.0,0.0,1,-0.0,False,True,False,False,False,0,0,0,2,1,0,1,1,0,0,2
differentiated,S_0056598,1,1,1,0,1,0,0.0,1.0,0.0,1,-0.0,False,False,False,False,False,0,0,0,1,1,0,0,0,1,0,1
differentiated,S_0056599,1,1,1,0,1,0,0.0,1.0,0.0,1,-0.0,False,False,False,False,False,0,0,0,1,1,0,1,0,0,0,1
differentiated,S_0056606,2,2,2,0,2,0,0.0,1.0,0.0,1,-0.0,False,True,False,False,False,0,0,0,2,1,0,1,1,0,0,2
differentiated,S_0056610,2,2,1,1,1,0,0.5,0.5,0.0,2,0.6309297535714574,False,True,False,False,False,0,0,0,2,1,0,1,1,0,0,2
differentiated,S_0056613,1,1,1,0,1,0,0.0,1.0,0.0,1,-0.0,False,False,False,False,False,0,0,0,1,1,0,0,1,0,0,1
differentiated,S_0056615,1,1,1,0,1,0,0.0,1.0,0.0,1,-0.0,False,False,False,False,False,0,0,0,1,1,0,0,1,0,0,1
differentiated,S_0056661,1,1,1,0,1,0,0.0,1.0,0.0,1,-0.0,False,False,False,False,False,0,0,1,0,1,1,0,0,0,0,1
differentiated,S_0056662,1,1,1,0,1,0,0.0,1.0,0.0,1,-0.0,False,False,False,False,False,0,0,1,0,1,1,0,0,0,0,1
differentiated,S_0056668,1,1,1,0,1,0,0.0,1.0,0.0,1,-0.0,False,False,False,False,False,0,0,1,0,1,1,0,0,0,0,1
differentiated,S_0056681,1,1,1,0,1,0,0.0,1.0,0.0,1,-0.0,False,False,False,False,False,0,0,1,0,1,1,0,0,0,0,1
differentiated,S_0056684,1,1,1,0,1,0,0.0,1.0,0.0,1,-0.0,False,False,False,False,False,0,0,1,0,1,1,0,0,0,0,1
differentiated,S_0056692,5,3,5,0,3,0,0.0,1.0,0.0,1,-0.0,False,True,True,False,False,0,0,1,2,2,1,1,1,0,0,3
differentiated,S_0056693,3,3,2,0,3,0,0.0,1.0,0.0,1,-0.0,False,True,True,False,False,0,0,3,0,1,2,0,0,1,0,2
differentiated,S_0056694,3,3,2,0,3,0,0.0,1.0,0.0,1,-0.0,False,True,True,False,False,0,0,3,0,1,2,0,0,1,0,2
differentiated,S_0056696,2,2,1,0,2,0,0.0,1.0,0.0,1,-0.0,False,True,False,False,False,0,0,0,2,1,0,1,1,0,0,2
differentiated,S_0056743,3,3,1,1,2,0,0.3333333333333333,0.6666666666666666,0.0,2,0.5793801642856949,False,True,True,False,False,0,0,0,3,1,0,0,1,1,1,3
differentiated,S_0056745,3,3,1,1,2,0,0.3333333333333333,0.6666666666666666,0.0,2,0.5793801642856949,False,True,True,False,False,0,0,0,3,1,0,0,1,1,1,3
differentiated,S_0056756,1,1,1,0,1,0,0.0,1.0,0.0,1,-0.0,False,False,False,False,False,0,0,0,1,1,1,0,0,0,0,1
differentiated,S_0056757,1,1,1,0,1,0,0.0,1.0,0.0,1,-0.0,False,False,False,False,False,0,0,0,1,1,1,0,0,0,0,1
differentiated,S_0056759,1,1,1,0,1,0,0.0,1.0,0.0,1,-0.0,False,False,False,False,False,0,0,0,1,1,1,0,0,0,0,1
differentiated,S_0056764,4,4,3,1,2,1,0.25,0.5,0.25,3,0.946394630357186,False,True,True,False,False,0,0,2,2,2,1,1,2,0,0,3
differentiated,S_0056765,4,4,3,1,2,1,0.25,0.5,0.25,3,0.946394630357186,False,True,True,False,False,0,0,2,2,2,1,1,2,0,0,3
differentiated,S_0056784,2,2,2,1,1,0,0.5,0.5,0.0,2,0.6309297535714574,False,True,False,False,False,0,0,1,1,2,1,1,0,0,0,2
differentiated,S_0056786,2,2,1,0,0,2,0.0,0.0,1.0,1,-0.0,False,True,False,False,False,0,0,2,0,1,1,1,0,0,0,2
differentiated,S_0056798,1,1,1,0,1,0,0.0,1.0,0.0,1,-0.0,False,False,False,False,False,0,0,1,0,1,0,0,0,1,0,1
differentiated,S_0056799,1,1,1,0,1,0,0.0,1.0,0.0,1,-0.0,False,False,False,False,False,0,0,1,0,1,0,0,0,1,0,1
differentiated,S_0056811,1,1,1,0,0,1,0.0,0.0,1.0,1,-0.0,False,False,False,False,False,0,0,1,0,1,0,0,0,0,1,1
differentiated,S_0056813,3,3,1,1,2,0,0.3333333333333333,0.6666666666666666,0.0,2,0.5793801642856949,False,True,True,False,False,0,0,0,3,1,0,0,1,1,1,3
differentiated,S_0056815,3,3,1,1,2,0,0.3333333333333333,0.6666666666666666,0.0,2,0.5793801642856949,False,True,True,False,False,0,0,0,3,1,0,0,1,1,1,3
differentiated,S_0056816,5,5,2,1,4,0,0.2,0.8,0.0,2,0.4554859150035952,True,True,True,True,False,0,0,2,3,2,1,0,1,2,1,4
differentiated,S_0056817,3,3,1,1,2,0,0.3333333333333333,0.6666666666666666,0.0,2,0.5793801642856949,False,True,True,False,False,0,0,0,3,1,0,0,1,1,1,3
differentiated,S_0056818,5,5,2,1,4,0,0.2,0.8,0.0,2,0.4554859150035952,True,True,True,True,False,0,0,2,3,2,1,0,1,2,1,4
differentiated,S_0056823,1,1,1,0,0,1,0.0,0.0,1.0,1,-0.0,False,False,False,False,False,0,0,1,0,1,0,0,0,0,1,1
differentiated,S_0056825,1,1,1,0,1,0,0.0,1.0,0.0,1,-0.0,False,False,False,False,False,0,1,0,0,1,1,0,0,0,0,1
differentiated,S_0056830,3,3,1,0,3,0,0.0,1.0,0.0,1,-0.0,False,True,True,False,False,0,0,3,0,1,1,1,0,0,1,3
differentiated,S_0056833,1,1,1,1,0,0,1.0,0.0,0.0,1,-0.0,False,False,False,False,False,0,0,0,1,1,0,0,0,1,0,1
differentiated,S_0056841,1,1,1,0,1,0,0.0,1.0,0.0,1,-0.0,False,False,False,False,False,0,0,1,0,1,1,0,0,0,0,1
differentiated,S_0056865,7,4,5,3,1,0,0.75,0.25,0.0,2,0.5118595071429147,False,True,True,False,False,0,0,0,4,1,2,1,0,0,1,3
differentiated,S_0056866,3,3,3,2,1,0,0.6666666666666666,0.3333333333333333,0.0,2,0.5793801642856949,False,True,True,False,False,0,0,0,3,1,1,1,0,0,1,3
differentiated,S_0056924,1,1,1,0,1,0,0.0,1.0,0.0,1,-0.0,False,False,False,False,False,0,0,1,0,1,1,0,0,0,0,1
differentiated,S_0056926,1,1,1,1,0,0,1.0,0.0,0.0,1,-0.0,False,False,False,False,False,0,0,0,1,1,0,1,0,0,0,1
differentiated,S_0056927,2,2,2,2,0,0,1.0,0.0,0.0,1,-0.0,False,True,False,False,False,0,0,0,2,1,0,1,0,1,0,2
differentiated,S_0056940,1,1,1,0,1,0,0.0,1.0,0.0,1,-0.0,False,False,False,False,False,0,0,1,0,1,0,0,0,1,0,1
differentiated,S_0056941,1,1,1,0,1,0,0.0,1.0,0.0,1,-0.0,False,False,False,False,False,0,0,1,0,1,0,0,0,1,0,1
differentiated,S_0056945,1,1,1,1,0,0,1.0,0.0,0.0,1,-0.0,False,False,False,False,False,0,0,0,1,1,1,0,0,0,0,1
differentiated,S_0056946,2,2,2,1,1,0,0.5,0.5,0.0,2,0.6309297535714574,False,True,False,False,False,0,0,0,2,1,0,1,1,0,0,2
differentiated,S_0057006,1,1,1,1,0,0,1.0,0.0,0.0,1,-0.0,False,False,False,False,False,0,0,1,0,1,1,0,0,0,0,1
differentiated,S_0057007,1,1,1,1,0,0,1.0,0.0,0.0,1,-0.0,False,False,False,False,False,0,0,1,0,1,1,0,0,0,0,1
differentiated,S_0057020,1,1,1,1,0,0,1.0,0.0,0.0,1,-0.0,False,False,False,False,False,0,0,1,0,1,1,0,0,0,0,1
differentiated,S_0057023,2,2,2,1,1,0,0.5,0.5,0.0,2,0.6309297535714574,False,True,False,False,False,0,1,1,0,2,1,0,0,1,0,2
differentiated,S_0057035,1,1,1,0,1,0,0.0,1.0,0.0,1,-0.0,False,False,False,False,False,0,0,1,0,1,0,0,0,1,0,1
differentiated,S_0057049,2,2,1,0,2,0,0.0,1.0,0.0,1,-0.0,False,True,False,False,False,0,0,2,0,1,1,0,0,1,0,2
differentiated,S_0057050,1,1,1,0,1,0,0.0,1.0,0.0,1,-0.0,False,False,False,False,False,0,0,1,0,1,1,0,0,0,0,1
differentiated,S_0057064,4,4,3,2,2,0,0.5,0.5,0.0,2,0.6309297535714574,False,True,True,False,False,0,0,2,2,2,2,1,0,0,1,3
differentiated,S_0057068,2,2,2,0,2,0,0.0,1.0,0.0,1,-0.0,False,True,False,False,False,0,0,1,1,2,1,0,1,0,0,2
differentiated,S_0057075,2,2,1,0,1,1,0.0,0.5,0.5,2,0.6309297535714574,False,True,False,False,False,0,0,2,0,1,1,0,1,0,0,2
differentiated,S_0057076,2,2,1,0,1,1,0.0,0.5,0.5,2,0.6309297535714574,False,True,False,False,False,0,0,2,0,1,1,0,1,0,0,2
differentiated,S_0057077,2,2,1,0,1,1,0.0,0.5,0.5,2,0.6309297535714574,False,True,False,False,False,0,0,2,0,1,1,0,1,0,0,2
differentiated,S_0057079,1,1,1,0,1,0,0.0,1.0,0.0,1,-0.0,False,False,False,False,False,0,0,1,0,1,1,0,0,0,0,1
differentiated,S_0057081,2,2,1,0,1,1,0.0,0.5,0.5,2,0.6309297535714574,False,True,False,False,False,0,0,2,0,1,1,0,1,0,0,2
differentiated,S_0057083,1,1,1,0,1,0,0.0,1.0,0.0,1,-0.0,False,False,False,False,False,0,0,1,0,1,1,0,0,0,0,1
differentiated,S_0057084,3,3,3,1,1,1,0.3333333333333333,0.3333333333333333,0.3333333333333333,3,0.9999999999999998,False,True,True,False,False,0,0,1,2,2,0,1,2,0,0,2
differentiated,S_0057086,1,1,1,0,1,0,0.0,1.0,0.0,1,-0.0,False,False,False,False,False,0,0,1,0,1,1,0,0,0,0,1
differentiated,S_0057090,1,1,1,0,1,0,0.0,1.0,0.0,1,-0.0,False,False,False,False,False,0,0,1,0,1,1,0,0,0,0,1
differentiated,S_0057094,1,1,1,0,1,0,0.0,1.0,0.0,1,-0.0,False,False,False,False,False,0,0,1,0,1,1,0,0,0,0,1
differentiated,S_0057105,1,1,1,1,0,0,1.0,0.0,0.0,1,-0.0,False,False,False,False,False,0,0,0,1,1,0,0,0,1,0,1
differentiated,S_0057106,1,1,1,0,1,0,0.0,1.0,0.0,1,-0.0,False,False,False,False,False,0,0,1,0,1,1,0,0,0,0,1
differentiated,S_0057116,3,3,3,1,1,1,0.3333333333333333,0.3333333333333333,0.3333333333333333,3,0.9999999999999998,False,True,True,False,False,0,0,1,2,2,0,1,2,0,0,2
differentiated,S_0057144,7,7,3,1,4,2,0.14285714285714285,0.5714285714285714,0.2857142857142857,3,0.8699155297736259,True,True,True,True,False,0,1,0,6,2,4,2,0,1,0,3
differentiated,S_0057151,1,1,1,0,1,0,0.0,1.0,0.0,1,-0.0,False,False,False,False,False,0,1,0,0,1,0,0,0,0,1,1
differentiated,S_0057190,2,2,2,0,2,0,0.0,1.0,0.0,1,-0.0,False,True,False,False,False,0,0,0,2,1,1,0,0,1,0,2
differentiated,S_0057191,2,2,2,0,2,0,0.0,1.0,0.0,1,-0.0,False,True,False,False,False,0,0,0,2,1,1,0,0,1,0,2
differentiated,S_0057195,2,2,1,0,2,0,0.0,1.0,0.0,1,-0.0,False,True,False,False,False,0,0,2,0,1,1,0,1,0,0,2
differentiated,S_0057209,1,1,1,0,1,0,0.0,1.0,0.0,1,-0.0,False,False,False,False,False,0,0,1,0,1,1,0,0,0,0,1
differentiated,S_0057241,1,1,1,1,0,0,1.0,0.0,0.0,1,-0.0,False,False,False,False,False,0,0,0,1,1,0,0,0,1,0,1
differentiated,S_0057313,1,1,1,0,1,0,0.0,1.0,0.0,1,-0.0,False,False,False,False,False,0,0,1,0,1,0,0,0,1,0,1
differentiated,S_0057329,1,1,1,0,0,1,0.0,0.0,1.0,1,-0.0,False,False,False,False,False,0,1,0,0,1,0,0,0,1,0,1
differentiated,S_0057334,1,1,1,1,0,0,1.0,0.0,0.0,1,-0.0,False,False,False,False,False,0,0,0,1,1,0,1,0,0,0,1
differentiated,S_0057348,3,3,3,1,1,1,0.3333333333333333,0.3333333333333333,0.3333333333333333,3,0.9999999999999998,False,True,True,False,False,0,0,1,2,2,0,1,2,0,0,2
differentiated,S_0057349,8,8,3,3,4,1,0.375,0.5,0.125,3,0.8868595071429147,True,True,True,True,False,0,0,0,8,1,6,2,0,0,0,2
differentiated,S_0057350,9,9,4,3,4,2,0.3333333333333333,0.4444444444444444,0.2222222222222222,3,0.965633607142825,True,True,True,True,False,0,1,0,8,2,6,2,0,1,0,3
differentiated,S_0057351,9,9,4,3,4,2,0.3333333333333333,0.4444444444444444,0.2222222222222222,3,0.965633607142825,True,True,True,True,False,0,1,0,8,2,6,2,0,1,0,3
differentiated,S_0057358,1,1,1,0,0,1,0.0,0.0,1.0,1,-0.0,False,False,False,False,False,0,0,1,0,1,0,0,0,1,0,1
differentiated,S_0057372,1,1,1,1,0,0,1.0,0.0,0.0,1,-0.0,False,False,False,False,False,0,0,0,1,1,0,1,0,0,0,1
differentiated,S_0057377,1,1,1,0,1,0,0.0,1.0,0.0,1,-0.0,False,False,False,False,False,0,1,0,0,1,0,0,0,1,0,1
differentiated,S_0057382,1,1,1,0,1,0,0.0,1.0,0.0,1,-0.0,False,False,False,False,False,0,0,1,0,1,0,0,0,1,0,1
differentiated,S_0057392,2,2,2,2,0,0,1.0,0.0,0.0,1,-0.0,False,True,False,False,False,0,0,0,2,1,0,1,0,1,0,2
differentiated,S_0057414,1,1,1,0,0,1,0.0,0.0,1.0,1,-0.0,False,False,False,False,False,0,0,1,0,1,1,0,0,0,0,1
differentiated,S_0057416,1,1,1,0,0,1,0.0,0.0,1.0,1,-0.0,False,False,False,False,False,0,0,1,0,1,1,0,0,0,0,1
differentiated,S_0057419,4,4,2,0,2,2,0.0,0.5,0.5,2,0.6309297535714574,False,True,True,False,False,0,0,3,1,2,2,1,0,0,1,3
differentiated,S_0057421,3,3,1,0,1,2,0.0,0.3333333333333333,0.6666666666666666,2,0.5793801642856949,False,True,True,False,False,0,0,3,0,1,1,1,0,0,1,3
differentiated,S_0057442,1,1,1,0,0,1,0.0,0.0,1.0,1,-0.0,False,False,False,False,False,0,0,1,0,1,0,0,0,0,1,1
differentiated,S_0057470,1,1,1,0,1,0,0.0,1.0,0.0,1,-0.0,False,False,False,False,False,0,0,0,1,1,0,0,0,1,0,1
differentiated,S_0057472,1,1,1,0,1,0,0.0,1.0,0.0,1,-0.0,False,False,False,False,False,0,0,0,1,1,0,0,0,1,0,1
differentiated,S_0057474,9,9,4,3,4,2,0.3333333333333333,0.4444444444444444,0.2222222222222222,3,0.965633607142825,True,True,True,True,False,0,1,0,8,2,6,2,0,1,0,3
differentiated,S_0057476,10,10,4,3,4,3,0.3,0.4,0.3,3,0.9911594714322187,True,True,True,True,True,0,0,2,8,2,7,3,0,0,0,2
differentiated,S_0057478,1,1,1,0,1,0,0.0,1.0,0.0,1,-0.0,False,False,False,False,False,0,1,0,0,1,0,0,0,1,0,1
differentiated,S_0057502,1,1,1,0,1,0,0.0,1.0,0.0,1,-0.0,False,False,False,False,False,0,0,1,0,1,1,0,0,0,0,1
differentiated,S_0057504,2,1,2,0,1,0,0.0,1.0,0.0,1,-0.0,False,False,False,False,False,0,0,1,0,1,1,0,0,0,0,1
differentiated,S_0057505,1,1,1,0,1,0,0.0,1.0,0.0,1,-0.0,False,False,False,False,False,0,0,1,0,1,1,0,0,0,0,1
differentiated,S_0057506,1,1,1,0,1,0,0.0,1.0,0.0,1,-0.0,False,False,False,False,False,0,0,1,0,1,1,0,0,0,0,1
differentiated,S_0057511,1,1,1,0,1,0,0.0,1.0,0.0,1,-0.0,False,False,False,False,False,0,0,1,0,1,1,0,0,0,0,1
differentiated,S_0057519,2,2,2,1,0,1,0.5,0.0,0.5,2,0.6309297535714574,False,True,False,False,False,0,0,1,1,2,0,1,1,0,0,2
differentiated,S_0057524,1,1,1,0,1,0,0.0,1.0,0.0,1,-0.0,False,False,False,False,False,0,0,1,0,1,1,0,0,0,0,1
differentiated,S_0057525,4,4,3,3,1,0,0.75,0.25,0.0,2,0.5118595071429147,False,True,True,False,False,0,0,0,4,1,2,1,0,0,1,3
differentiated,S_0057528,7,4,5,3,1,0,0.75,0.25,0.0,2,0.5118595071429147,False,True,True,False,False,0,0,0,4,1,2,1,0,0,1,3
differentiated,S_0057529,4,4,3,3,1,0,0.75,0.25,0.0,2,0.5118595071429147,False,True,True,False,False,0,0,0,4,1,2,1,0,0,1,3
differentiated,S_0057531,4,4,3,3,1,0,0.75,0.25,0.0,2,0.5118595071429147,False,True,True,False,False,0,0,0,4,1,2,1,0,0,1,3
differentiated,S_0057533,3,3,1,1,2,0,0.3333333333333333,0.6666666666666666,0.0,2,0.5793801642856949,False,True,True,False,False,0,0,0,3,1,0,0,1,1,1,3
differentiated,S_0057536,2,2,1,0,2,0,0.0,1.0,0.0,1,-0.0,False,True,False,False,False,0,0,2,0,1,1,0,0,1,0,2
differentiated,S_0057537,5,5,2,1,4,0,0.2,0.8,0.0,2,0.4554859150035952,True,True,True,True,False,0,0,2,3,2,1,0,1,2,1,4
differentiated,S_0057538,2,2,1,0,0,2,0.0,0.0,1.0,1,-0.0,False,True,False,False,False,0,0,2,0,1,1,1,0,0,0,2
differentiated,S_0057541,2,2,2,2,0,0,1.0,0.0,0.0,1,-0.0,False,True,False,False,False,0,0,0,2,1,0,1,0,1,0,2
differentiated,S_0057546,1,1,1,1,0,0,1.0,0.0,0.0,1,-0.0,False,False,False,False,False,0,0,0,1,1,0,0,0,1,0,1
differentiated,S_0057569,1,1,1,1,0,0,1.0,0.0,0.0,1,-0.0,False,False,False,False,False,0,0,0,1,1,0,0,0,1,0,1
differentiated,S_0057602,1,1,1,0,1,0,0.0,1.0,0.0,1,-0.0,False,False,False,False,False,0,0,1,0,1,0,0,0,1,0,1
differentiated,S_0057603,1,1,1,0,1,0,0.0,1.0,0.0,1,-0.0,False,False,False,False,False,0,0,1,0,1,0,0,0,1,0,1
differentiated,S_0057604,1,1,1,0,1,0,0.0,1.0,0.0,1,-0.0,False,False,False,False,False,0,0,1,0,1,0,0,0,1,0,1
differentiated,S_0057608,1,1,1,0,1,0,0.0,1.0,0.0,1,-0.0,False,False,False,False,False,0,0,1,0,1,0,0,0,1,0,1
differentiated,S_0057609,1,1,1,0,1,0,0.0,1.0,0.0,1,-0.0,False,False,False,False,False,0,0,1,0,1,0,0,0,1,0,1
differentiated,S_0057610,1,1,1,0,1,0,0.0,1.0,0.0,1,-0.0,False,False,False,False,False,0,0,1,0,1,0,0,0,1,0,1
differentiated,S_0057611,1,1,1,0,1,0,0.0,1.0,0.0,1,-0.0,False,False,False,False,False,0,0,1,0,1,0,0,0,1,0,1
differentiated,S_0057614,2,2,1,1,0,1,0.5,0.0,0.5,2,0.6309297535714574,False,True,False,False,False,0,0,2,0,1,0,0,1,1,0,2
differentiated,S_0057616,2,2,1,1,0,1,0.5,0.0,0.5,2,0.6309297535714574,False,True,False,False,False,0,0,2,0,1,0,0,1,1,0,2
differentiated,S_0057619,1,1,1,0,1,0,0.0,1.0,0.0,1,-0.0,False,False,False,False,False,0,0,0,1,1,0,0,0,1,0,1
differentiated,S_0057629,13,8,4,3,4,1,0.375,0.5,0.125,3,0.8868595071429147,True,True,True,True,False,0,0,0,8,1,6,2,0,0,0,2
differentiated,S_0057636,1,1,1,1,0,0,1.0,0.0,0.0,1,-0.0,False,False,False,False,False,0,0,0,1,1,1,0,0,0,0,1
differentiated,S_0057637,1,1,1,0,0,1,0.0,0.0,1.0,1,-0.0,False,False,False,False,False,0,0,1,0,1,1,0,0,0,0,1
differentiated,S_0057643,3,3,1,1,2,0,0.3333333333333333,0.6666666666666666,0.0,2,0.5793801642856949,False,True,True,False,False,0,0,0,3,1,0,0,1,1,1,3
differentiated,S_0057648,1,1,1,0,0,1,0.0,0.0,1.0,1,-0.0,False,False,False,False,False,0,0,1,0,1,0,0,0,0,1,1
differentiated,S_0057649,1,1,1,0,0,1,0.0,0.0,1.0,1,-0.0,False,False,False,False,False,0,0,1,0,1,0,0,0,0,1,1
differentiated,S_0057658,17,11,7,3,5,3,0.2727272727272727,0.45454545454545453,0.2727272727272727,3,0.9713067383178074,True,True,True,True,True,0,0,2,9,2,8,3,0,0,0,2
differentiated,S_0057659,15,10,6,3,6,1,0.3,0.6,0.1,3,0.81734542214651,True,True,True,True,True,0,0,1,9,2,7,2,0,0,1,3
differentiated,S_0057660,15,9,6,3,5,1,0.3333333333333333,0.5555555555555556,0.1111111111111111,3,0.8527924884900404,True,True,True,True,False,0,0,0,9,1,7,2,0,0,0,2
differentiated,S_0057661,4,4,3,2,2,0,0.5,0.5,0.0,2,0.6309297535714574,False,True,True,False,False,0,0,0,4,1,4,0,0,0,0,1
differentiated,S_0057662,9,9,4,3,4,2,0.3333333333333333,0.4444444444444444,0.2222222222222222,3,0.965633607142825,True,True,True,True,False,0,1,0,8,2,6,2,0,1,0,3
differentiated,S_0057663,15,9,6,3,4,2,0.3333333333333333,0.4444444444444444,0.2222222222222222,3,0.965633607142825,True,True,True,True,False,0,1,0,8,2,6,2,0,1,0,3
differentiated,S_0057673,3,3,2,1,1,1,0.3333333333333333,0.3333333333333333,0.3333333333333333,3,0.9999999999999998,False,True,True,False,False,0,0,2,1,2,1,1,1,0,0,3
differentiated,S_0057674,1,1,1,0,1,0,0.0,1.0,0.0,1,-0.0,False,False,False,False,False,0,0,1,0,1,1,0,0,0,0,1
differentiated,S_0057676,1,1,1,0,1,0,0.0,1.0,0.0,1,-0.0,False,False,False,False,False,0,0,1,0,1,1,0,0,0,0,1
differentiated,S_0057677,1,1,1,0,1,0,0.0,1.0,0.0,1,-0.0,False,False,False,False,False,0,0,1,0,1,1,0,0,0,0,1
differentiated,S_0057679,1,1,1,0,1,0,0.0,1.0,0.0,1,-0.0,False,False,False,False,False,0,0,1,0,1,1,0,0,0,0,1
differentiated,S_0057680,1,1,1,0,1,0,0.0,1.0,0.0,1,-0.0,False,False,False,False,False,0,0,1,0,1,1,0,0,0,0,1
differentiated,S_0057681,2,2,2,1,1,0,0.5,0.5,0.0,2,0.6309297535714574,False,True,False,False,False,0,0,1,1,2,1,1,0,0,0,2
differentiated,S_0057696,1,1,1,0,1,0,0.0,1.0,0.0,1,-0.0,False,False,False,False,False,0,0,1,0,1,1,0,0,0,0,1
differentiated,S_0057698,1,1,1,0,1,0,0.0,1.0,0.0,1,-0.0,False,False,False,False,False,0,0,1,0,1,1,0,0,0,0,1
differentiated,S_0057700,1,1,1,0,0,1,0.0,0.0,1.0,1,-0.0,False,False,False,False,False,0,0,1,0,1,0,0,0,1,0,1
differentiated,S_0057701,1,1,1,0,0,1,0.0,0.0,1.0,1,-0.0,False,False,False,False,False,0,0,1,0,1,0,0,0,1,0,1
differentiated,S_0057705,1,1,1,1,0,0,1.0,0.0,0.0,1,-0.0,False,False,False,False,False,0,0,1,0,1,1,0,0,0,0,1
differentiated,S_0057707,1,1,1,1,0,0,1.0,0.0,0.0,1,-0.0,False,False,False,False,False,0,0,1,0,1,1,0,0,0,0,1
differentiated,S_0057710,1,1,1,1,0,0,1.0,0.0,0.0,1,-0.0,False,False,False,False,False,0,0,1,0,1,1,0,0,0,0,1
differentiated,S_0057711,1,1,1,1,0,0,1.0,0.0,0.0,1,-0.0,False,False,False,False,False,0,0,1,0,1,1,0,0,0,0,1
differentiated,S_0057713,1,1,1,1,0,0,1.0,0.0,0.0,1,-0.0,False,False,False,False,False,0,0,1,0,1,1,0,0,0,0,1
differentiated,S_0057714,1,1,1,1,0,0,1.0,0.0,0.0,1,-0.0,False,False,False,False,False,0,0,1,0,1,1,0,0,0,0,1
differentiated,S_0057715,1,1,1,1,0,0,1.0,0.0,0.0,1,-0.0,False,False,False,False,False,0,0,1,0,1,1,0,0,0,0,1
differentiated,S_0057716,1,1,1,1,0,0,1.0,0.0,0.0,1,-0.0,False,False,False,False,False,0,0,1,0,1,1,0,0,0,0,1
differentiated,S_0057719,1,1,1,1,0,0,1.0,0.0,0.0,1,-0.0,False,False,False,False,False,0,0,1,0,1,1,0,0,0,0,1
differentiated,S_0057720,1,1,1,1,0,0,1.0,0.0,0.0,1,-0.0,False,False,False,False,False,0,0,1,0,1,1,0,0,0,0,1
differentiated,S_0057759,2,2,2,2,0,0,1.0,0.0,0.0,1,-0.0,False,True,False,False,False,0,0,0,2,1,0,1,0,1,0,2
differentiated,S_0057780,1,1,1,0,1,0,0.0,1.0,0.0,1,-0.0,False,False,False,False,False,0,0,1,0,1,1,0,0,0,0,1
differentiated,S_0057781,1,1,1,0,1,0,0.0,1.0,0.0,1,-0.0,False,False,False,False,False,0,0,1,0,1,1,0,0,0,0,1
differentiated,S_0057788,1,1,1,0,0,1,0.0,0.0,1.0,1,-0.0,False,False,False,False,False,0,0,1,0,1,0,0,0,1,0,1
differentiated,S_0057791,1,1,1,0,0,1,0.0,0.0,1.0,1,-0.0,False,False,False,False,False,0,0,1,0,1,0,0,0,1,0,1
differentiated,S_0057792,1,1,1,0,0,1,0.0,0.0,1.0,1,-0.0,False,False,False,False,False,0,0,1,0,1,0,0,0,1,0,1
differentiated,S_0057794,3,3,2,0,3,0,0.0,1.0,0.0,1,-0.0,False,True,True,False,False,0,1,2,0,2,0,0,0,3,0,1
differentiated,S_0057800,2,2,1,0,2,0,0.0,1.0,0.0,1,-0.0,False,True,False,False,False,0,0,2,0,1,2,0,0,0,0,1
differentiated,S_0057801,1,1,1,0,1,0,0.0,1.0,0.0,1,-0.0,False,False,False,False,False,0,0,0,1,1,0,0,0,1,0,1
differentiated,S_0057843,3,3,1,1,2,0,0.3333333333333333,0.6666666666666666,0.0,2,0.5793801642856949,False,True,True,False,False,0,0,0,3,1,0,0,1,1,1,3
differentiated,S_0057844,5,5,2,1,4,0,0.2,0.8,0.0,2,0.4554859150035952,True,True,True,True,False,0,0,2,3,2,1,0,1,2,1,4
differentiated,S_0057845,1,1,1,0,0,1,0.0,0.0,1.0,1,-0.0,False,False,False,False,False,0,0,1,0,1,0,0,0,0,1,1
differentiated,S_0057855,4,4,3,0,4,0,0.0,1.0,0.0,1,-0.0,False,True,True,False,False,0,1,0,3,2,2,0,1,1,0,3
differentiated,S_0057856,2,2,2,1,1,0,0.5,0.5,0.0,2,0.6309297535714574,False,True,False,False,False,0,0,0,2,1,1,0,0,0,1,2
differentiated,S_0057880,5,5,2,1,4,0,0.2,0.8,0.0,2,0.4554859150035952,True,True,True,True,False,0,0,2,3,2,1,0,1,2,1,4
differentiated,S_0057889,1,1,1,0,0,1,0.0,0.0,1.0,1,-0.0,False,False,False,False,False,0,0,1,0,1,1,0,0,0,0,1
differentiated,S_0057890,1,1,1,0,1,0,0.0,1.0,0.0,1,-0.0,False,False,False,False,False,0,1,0,0,1,1,0,0,0,0,1
differentiated,S_0057892,3,3,3,1,2,0,0.3333333333333333,0.6666666666666666,0.0,2,0.5793801642856949,False,True,True,False,False,0,0,0,3,1,2,0,0,0,1,2
differentiated,S_0057893,1,1,1,0,1,0,0.0,1.0,0.0,1,-0.0,False,False,False,False,False,0,1,0,0,1,1,0,0,0,0,1
differentiated,S_0057895,2,2,2,0,1,1,0.0,0.5,0.5,2,0.6309297535714574,False,True,False,False,False,0,0,1,1,2,0,0,0,1,1,2
differentiated,S_0057900,1,1,1,1,0,0,1.0,0.0,0.0,1,-0.0,False,False,False,False,False,0,0,0,1,1,0,0,0,1,0,1
differentiated,S_0057901,1,1,1,1,0,0,1.0,0.0,0.0,1,-0.0,False,False,False,False,False,0,0,0,1,1,0,0,0,1,0,1
differentiated,S_0057902,1,1,1,1,0,0,1.0,0.0,0.0,1,-0.0,False,False,False,False,False,0,0,0,1,1,0,0,0,1,0,1
differentiated,S_0057903,1,1,1,1,0,0,1.0,0.0,0.0,1,-0.0,False,False,False,False,False,0,0,0,1,1,0,0,0,1,0,1
differentiated,S_0057910,1,1,1,1,0,0,1.0,0.0,0.0,1,-0.0,False,False,False,False,False,0,0,0,1,1,0,0,0,1,0,1
differentiated,S_0057911,1,1,1,1,0,0,1.0,0.0,0.0,1,-0.0,False,False,False,False,False,0,0,0,1,1,0,0,0,1,0,1
differentiated,S_0057912,1,1,1,1,0,0,1.0,0.0,0.0,1,-0.0,False,False,False,False,False,0,0,0,1,1,0,0,0,1,0,1
differentiated,S_0057914,1,1,1,1,0,0,1.0,0.0,0.0,1,-0.0,False,False,False,False,False,0,0,0,1,1,0,0,0,1,0,1
differentiated,S_0057916,3,3,3,2,1,0,0.6666666666666666,0.3333333333333333,0.0,2,0.5793801642856949,False,True,True,False,False,0,0,1,2,2,1,1,0,1,0,3
differentiated,S_0057917,3,3,3,2,1,0,0.6666666666666666,0.3333333333333333,0.0,2,0.5793801642856949,False,True,True,False,False,0,0,1,2,2,1,1,0,1,0,3
differentiated,S_0057922,1,1,1,1,0,0,1.0,0.0,0.0,1,-0.0,False,False,False,False,False,0,0,0,1,1,0,0,0,1,0,1
differentiated,S_0057923,1,1,1,1,0,0,1.0,0.0,0.0,1,-0.0,False,False,False,False,False,0,0,0,1,1,0,0,0,1,0,1
differentiated,S_0057925,1,1,1,1,0,0,1.0,0.0,0.0,1,-0.0,False,False,False,False,False,0,0,0,1,1,0,0,0,1,0,1
differentiated,S_0057930,1,1,1,0,1,0,0.0,1.0,0.0,1,-0.0,False,False,False,False,False,0,0,1,0,1,1,0,0,0,0,1
differentiated,S_0057932,1,1,1,0,1,0,0.0,1.0,0.0,1,-0.0,False,False,False,False,False,0,0,1,0,1,1,0,0,0,0,1
differentiated,S_0057934,1,1,1,0,1,0,0.0,1.0,0.0,1,-0.0,False,False,False,False,False,0,0,1,0,1,1,0,0,0,0,1
differentiated,S_0057952,2,2,1,0,0,2,0.0,0.0,1.0,1,-0.0,False,True,False,False,False,0,0,2,0,1,1,1,0,0,0,2
differentiated,S_0057953,2,2,1,0,0,2,0.0,0.0,1.0,1,-0.0,False,True,False,False,False,0,0,2,0,1,1,1,0,0,0,2
differentiated,S_0057966,16,10,7,3,6,1,0.3,0.6,0.1,3,0.81734542214651,True,True,True,True,True,0,0,1,9,2,7,2,0,0,1,3
differentiated,S_0057967,14,9,5,3,5,1,0.3333333333333333,0.5555555555555556,0.1111111111111111,3,0.8527924884900404,True,True,True,True,False,0,0,0,9,1,7,2,0,0,0,2
differentiated,S_0057969,8,8,3,3,4,1,0.375,0.5,0.125,3,0.8868595071429147,True,True,True,True,False,0,0,0,8,1,6,2,0,0,0,2
differentiated,S_0057970,1,1,1,1,0,0,1.0,0.0,0.0,1,-0.0,False,False,False,False,False,0,0,0,1,1,0,0,0,1,0,1
differentiated,S_0057980,1,1,1,0,1,0,0.0,1.0,0.0,1,-0.0,False,False,False,False,False,0,0,1,0,1,0,0,0,1,0,1
differentiated,S_0058025,1,1,1,1,0,0,1.0,0.0,0.0,1,-0.0,False,False,False,False,False,0,0,1,0,1,1,0,0,0,0,1
differentiated,S_0058026,1,1,1,1,0,0,1.0,0.0,0.0,1,-0.0,False,False,False,False,False,0,0,1,0,1,1,0,0,0,0,1
differentiated,S_0058044,1,1,1,1,0,0,1.0,0.0,0.0,1,-0.0,False,False,False,False,False,0,0,1,0,1,1,0,0,0,0,1
differentiated,S_0058051,1,1,1,0,1,0,0.0,1.0,0.0,1,-0.0,False,False,False,False,False,0,0,1,0,1,0,0,0,1,0,1
differentiated,S_0058052,1,1,1,0,1,0,0.0,1.0,0.0,1,-0.0,False,False,False,False,False,0,0,1,0,1,0,0,0,1,0,1
differentiated,S_0058067,1,1,1,0,1,0,0.0,1.0,0.0,1,-0.0,False,False,False,False,False,0,0,0,1,1,1,0,0,0,0,1
differentiated,S_0058073,1,1,1,0,1,0,0.0,1.0,0.0,1,-0.0,False,False,False,False,False,0,0,0,1,1,0,0,0,1,0,1
differentiated,S_0058085,2,2,1,0,0,2,0.0,0.0,1.0,1,-0.0,False,True,False,False,False,0,0,2,0,1,1,1,0,0,0,2
differentiated,S_0058112,2,2,2,0,2,0,0.0,1.0,0.0,1,-0.0,False,True,False,False,False,0,1,1,0,2,1,0,0,1,0,2
differentiated,S_0058114,2,2,2,0,2,0,0.0,1.0,0.0,1,-0.0,False,True,False,False,False,0,1,1,0,2,1,0,0,1,0,2
differentiated,S_0058127,1,1,1,0,0,1,0.0,0.0,1.0,1,-0.0,False,False,False,False,False,0,0,1,0,1,1,0,0,0,0,1
differentiated,S_0058139,1,1,1,1,0,0,1.0,0.0,0.0,1,-0.0,False,False,False,False,False,0,0,0,1,1,0,1,0,0,0,1
differentiated,S_0058147,1,1,1,1,0,0,1.0,0.0,0.0,1,-0.0,False,False,False,False,False,0,0,1,0,1,1,0,0,0,0,1
differentiated,S_0058149,1,1,1,1,0,0,1.0,0.0,0.0,1,-0.0,False,False,False,False,False,0,0,1,0,1,1,0,0,0,0,1
differentiated,S_0058161,1,1,1,1,0,0,1.0,0.0,0.0,1,-0.0,False,False,False,False,False,0,0,0,1,1,1,0,0,0,0,1
differentiated,S_0058162,3,3,3,1,2,0,0.3333333333333333,0.6666666666666666,0.0,2,0.5793801642856949,False,True,True,False,False,0,0,0,3,1,2,0,0,0,1,2
differentiated,S_0058163,3,3,3,1,2,0,0.3333333333333333,0.6666666666666666,0.0,2,0.5793801642856949,False,True,True,False,False,0,0,0,3,1,2,0,0,0,1,2
differentiated,S_0058164,3,3,3,1,2,0,0.3333333333333333,0.6666666666666666,0.0,2,0.5793801642856949,False,True,True,False,False,0,0,0,3,1,2,0,0,0,1,2
differentiated,S_0058166,6,2,3,0,2,0,0.0,1.0,0.0,1,-0.0,False,True,False,False,False,0,0,2,0,1,2,0,0,0,0,1
differentiated,S_0058167,1,1,1,0,1,0,0.0,1.0,0.0,1,-0.0,False,False,False,False,False,0,0,1,0,1,1,0,0,0,0,1
differentiated,S_0058180,1,1,1,0,1,0,0.0,1.0,0.0,1,-0.0,False,False,False,False,False,0,0,1,0,1,1,0,0,0,0,1
differentiated,S_0058182,1,1,1,1,0,0,1.0,0.0,0.0,1,-0.0,False,False,False,False,False,0,0,0,1,1,0,1,0,0,0,1
differentiated,S_0058183,2,2,2,1,0,1,0.5,0.0,0.5,2,0.6309297535714574,False,True,False,False,False,0,0,1,1,2,0,1,1,0,0,2
differentiated,S_0058187,2,2,1,0,2,0,0.0,1.0,0.0,1,-0.0,False,True,False,False,False,0,0,2,0,1,1,0,0,1,0,2
differentiated,S_0058188,2,2,1,0,2,0,0.0,1.0,0.0,1,-0.0,False,True,False,False,False,0,0,2,0,1,1,0,0,1,0,2
differentiated,S_0058194,1,1,1,0,1,0,0.0,1.0,0.0,1,-0.0,False,False,False,False,False,0,0,1,0,1,1,0,0,0,0,1
differentiated,S_0058227,1,1,1,0,1,0,0.0,1.0,0.0,1,-0.0,False,False,False,False,False,0,0,1,0,1,0,0,1,0,0,1
differentiated,S_0058229,4,4,2,0,4,0,0.0,1.0,0.0,1,-0.0,False,True,True,False,False,0,0,4,0,1,3,0,0,0,1,2
differentiated,S_0058230,1,1,1,0,0,1,0.0,0.0,1.0,1,-0.0,False,False,False,False,False,0,0,1,0,1,0,0,0,0,1,1
differentiated,S_0058239,2,2,2,2,0,0,1.0,0.0,0.0,1,-0.0,False,True,False,False,False,0,0,0,2,1,2,0,0,0,0,1
differentiated,S_0058252,1,1,1,1,0,0,1.0,0.0,0.0,1,-0.0,False,False,False,False,False,0,0,1,0,1,1,0,0,0,0,1
differentiated,S_0058253,1,1,1,1,0,0,1.0,0.0,0.0,1,-0.0,False,False,False,False,False,0,0,1,0,1,1,0,0,0,0,1
differentiated,S_0058258,3,3,3,2,1,0,0.6666666666666666,0.3333333333333333,0.0,2,0.5793801642856949,False,True,True,False,False,0,0,0,3,1,1,1,0,0,1,3
differentiated,S_0058281,3,3,3,2,1,0,0.6666666666666666,0.3333333333333333,0.0,2,0.5793801642856949,False,True,True,False,False,0,0,0,3,1,2,0,0,1,0,2
differentiated,S_0058286,4,4,2,4,0,0,1.0,0.0,0.0,1,-0.0,False,True,True,False,False,0,0,0,4,1,2,1,0,1,0,3
differentiated,S_0058288,1,1,1,0,1,0,0.0,1.0,0.0,1,-0.0,False,False,False,False,False,0,0,0,1,1,0,0,0,1,0,1
differentiated,S_0058289,1,1,1,0,1,0,0.0,1.0,0.0,1,-0.0,False,False,False,False,False,0,0,0,1,1,0,0,0,1,0,1
differentiated,S_0058293,1,1,1,0,1,0,0.0,1.0,0.0,1,-0.0,False,False,False,False,False,0,0,1,0,1,1,0,0,0,0,1
differentiated,S_0058296,1,1,1,0,0,1,0.0,0.0,1.0,1,-0.0,False,False,False,False,False,0,0,1,0,1,0,0,1,0,0,1
differentiated,S_0058317,1,1,1,0,1,0,0.0,1.0,0.0,1,-0.0,False,False,False,False,False,0,0,1,0,1,0,0,0,1,0,1
differentiated,S_0058336,4,4,3,3,1,0,0.75,0.25,0.0,2,0.5118595071429147,False,True,True,False,False,0,0,0,4,1,2,1,0,0,1,3
differentiated,S_0058337,6,6,4,2,2,2,0.3333333333333333,0.3333333333333333,0.3333333333333333,3,0.9999999999999998,True,True,True,True,False,0,1,3,2,3,3,1,0,1,1,4
differentiated,S_0058339,8,8,6,2,4,2,0.25,0.5,0.25,3,0.946394630357186,True,True,True,True,False,0,1,3,4,3,3,1,0,3,1,4
differentiated,S_0058341,4,4,3,2,2,0,0.5,0.5,0.0,2,0.6309297535714574,False,True,True,False,False,0,0,2,2,2,2,1,0,0,1,3
differentiated,S_0058346,1,1,1,0,1,0,0.0,1.0,0.0,1,-0.0,False,False,False,False,False,0,0,0,1,1,0,0,1,0,0,1
differentiated,S_0058347,2,2,1,0,1,1,0.0,0.5,0.5,2,0.6309297535714574,False,True,False,False,False,0,0,2,0,1,1,0,1,0,0,2
differentiated,S_0058348,1,1,1,0,1,0,0.0,1.0,0.0,1,-0.0,False,False,False,False,False,0,0,1,0,1,1,0,0,0,0,1
differentiated,S_0058349,1,1,1,0,1,0,0.0,1.0,0.0,1,-0.0,False,False,False,False,False,0,0,1,0,1,1,0,0,0,0,1
differentiated,S_0058378,1,1,1,1,0,0,1.0,0.0,0.0,1,-0.0,False,False,False,False,False,0,0,0,1,1,0,0,0,1,0,1
differentiated,S_0058499,1,1,1,1,0,0,1.0,0.0,0.0,1,-0.0,False,False,False,False,False,0,0,1,0,1,1,0,0,0,0,1
differentiated,S_0058500,1,1,1,1,0,0,1.0,0.0,0.0,1,-0.0,False,False,False,False,False,0,0,1,0,1,1,0,0,0,0,1
differentiated,S_0058561,1,1,1,0,0,1,0.0,0.0,1.0,1,-0.0,False,False,False,False,False,0,0,1,0,1,0,0,0,0,1,1
differentiated,S_0058563,1,1,1,0,1,0,0.0,1.0,0.0,1,-0.0,False,False,False,False,False,0,0,1,0,1,1,0,0,0,0,1
differentiated,S_0058582,1,1,1,1,0,0,1.0,0.0,0.0,1,-0.0,False,False,False,False,False,0,0,0,1,1,0,0,0,1,0,1
differentiated,S_0058588,1,1,1,1,0,0,1.0,0.0,0.0,1,-0.0,False,False,False,False,False,0,0,0,1,1,0,1,0,0,0,1
differentiated,S_0058640,4,4,3,2,2,0,0.5,0.5,0.0,2,0.6309297535714574,False,True,True,False,False,0,0,2,2,2,2,1,0,0,1,3
differentiated,S_0058643,1,1,1,0,0,1,0.0,0.0,1.0,1,-0.0,False,False,False,False,False,0,0,1,0,1,1,0,0,0,0,1
differentiated,S_0058652,3,3,3,2,1,0,0.6666666666666666,0.3333333333333333,0.0,2,0.5793801642856949,False,True,True,False,False,0,0,0,3,1,3,0,0,0,0,1
differentiated,S_0058659,1,1,1,0,1,0,0.0,1.0,0.0,1,-0.0,False,False,False,False,False,0,0,1,0,1,1,0,0,0,0,1
differentiated,S_0058660,1,1,1,0,1,0,0.0,1.0,0.0,1,-0.0,False,False,False,False,False,0,0,1,0,1,1,0,0,0,0,1
differentiated,S_0058661,1,1,1,0,1,0,0.0,1.0,0.0,1,-0.0,False,False,False,False,False,0,0,1,0,1,1,0,0,0,0,1
differentiated,S_0058662,1,1,1,0,0,1,0.0,0.0,1.0,1,-0.0,False,False,False,False,False,0,0,1,0,1,1,0,0,0,0,1
differentiated,S_0058663,1,1,1,0,0,1,0.0,0.0,1.0,1,-0.0,False,False,False,False,False,0,0,1,0,1,1,0,0,0,0,1
differentiated,S_0058676,10,10,4,3,4,3,0.3,0.4,0.3,3,0.9911594714322187,True,True,True,True,True,0,0,2,8,2,7,3,0,0,0,2
differentiated,S_0058685,1,1,1,0,1,0,0.0,1.0,0.0,1,-0.0,False,False,False,False,False,0,0,1,0,1,1,0,0,0,0,1
differentiated,S_0058690,1,1,1,1,0,0,1.0,0.0,0.0,1,-0.0,False,False,False,False,False,0,0,0,1,1,0,1,0,0,0,1
differentiated,S_0058691,1,1,1,1,0,0,1.0,0.0,0.0,1,-0.0,False,False,False,False,False,0,0,0,1,1,0,1,0,0,0,1
differentiated,S_0058693,1,1,1,1,0,0,1.0,0.0,0.0,1,-0.0,False,False,False,False,False,0,0,0,1,1,0,1,0,0,0,1
differentiated,S_0058702,3,3,3,2,1,0,0.6666666666666666,0.3333333333333333,0.0,2,0.5793801642856949,False,True,True,False,False,0,0,1,2,2,1,1,0,1,0,3
differentiated,S_0058707,1,1,1,1,0,0,1.0,0.0,0.0,1,-0.0,False,False,False,False,False,0,0,1,0,1,1,0,0,0,0,1
differentiated,S_0058709,1,1,1,1,0,0,1.0,0.0,0.0,1,-0.0,False,False,False,False,False,0,0,1,0,1,1,0,0,0,0,1
differentiated,S_0058711,1,1,1,1,0,0,1.0,0.0,0.0,1,-0.0,False,False,False,False,False,0,0,1,0,1,1,0,0,0,0,1
differentiated,S_0058737,5,5,2,1,4,0,0.2,0.8,0.0,2,0.4554859150035952,True,True,True,True,False,0,0,2,3,2,1,0,1,2,1,4
differentiated,S_0058738,5,5,2,1,4,0,0.2,0.8,0.0,2,0.4554859150035952,True,True,True,True,False,0,0,2,3,2,1,0,1,2,1,4
differentiated,S_0058739,1,1,1,1,0,0,1.0,0.0,0.0,1,-0.0,False,False,False,False,False,0,0,1,0,1,1,0,0,0,0,1
differentiated,S_0058765,2,2,2,2,0,0,1.0,0.0,0.0,1,-0.0,False,True,False,False,False,0,0,0,2,1,2,0,0,0,0,1
differentiated,S_0058777,1,1,1,1,0,0,1.0,0.0,0.0,1,-0.0,False,False,False,False,False,0,0,0,1,1,1,0,0,0,0,1
differentiated,S_0058779,2,2,2,0,2,0,0.0,1.0,0.0,1,-0.0,False,True,False,False,False,0,1,1,0,2,1,0,0,1,0,2
differentiated,S_0058791,2,2,1,0,1,1,0.0,0.5,0.5,2,0.6309297535714574,False,True,False,False,False,0,0,2,0,1,1,0,1,0,0,2
differentiated,S_0058793,2,2,2,1,0,1,0.5,0.0,0.5,2,0.6309297535714574,False,True,False,False,False,0,0,1,1,2,0,1,1,0,0,2
differentiated,S_0058795,1,1,1,1,0,0,1.0,0.0,0.0,1,-0.0,False,False,False,False,False,0,0,0,1,1,0,1,0,0,0,1
differentiated,S_0058796,2,2,1,0,0,2,0.0,0.0,1.0,1,-0.0,False,True,False,False,False,0,0,2,0,1,1,1,0,0,0,2
differentiated,S_0058797,2,2,1,0,0,2,0.0,0.0,1.0,1,-0.0,False,True,False,False,False,0,0,2,0,1,1,1,0,0,0,2
differentiated,S_0058818,1,1,1,0,1,0,0.0,1.0,0.0,1,-0.0,False,False,False,False,False,0,0,1,0,1,1,0,0,0,0,1
differentiated,S_0058819,3,3,2,0,3,0,0.0,1.0,0.0,1,-0.0,False,True,True,False,False,0,1,2,0,2,0,0,0,3,0,1
differentiated,S_0058830,4,4,3,3,1,0,0.75,0.25,0.0,2,0.5118595071429147,False,True,True,False,False,0,0,0,4,1,2,1,0,0,1,3
differentiated,S_0058831,2,2,2,2,0,0,1.0,0.0,0.0,1,-0.0,False,True,False,False,False,0,0,0,2,1,1,1,0,0,0,2
differentiated,S_0058835,3,3,2,0,2,1,0.0,0.6666666666666666,0.3333333333333333,2,0.5793801642856949,False,True,True,False,False,0,0,2,1,2,1,0,2,0,0,2
differentiated,S_0058842,1,1,1,0,1,0,0.0,1.0,0.0,1,-0.0,False,False,False,False,False,0,0,1,0,1,1,0,0,0,0,1
differentiated,S_0058844,3,3,3,1,2,0,0.3333333333333333,0.6666666666666666,0.0,2,0.5793801642856949,False,True,True,False,False,0,0,1,2,2,1,1,1,0,0,3
differentiated,S_0058845,2,2,2,1,1,0,0.5,0.5,0.0,2,0.6309297535714574,False,True,False,False,False,0,0,0,2,1,0,1,1,0,0,2
differentiated,S_0058846,1,1,1,0,1,0,0.0,1.0,0.0,1,-0.0,False,False,False,False,False,0,0,1,0,1,1,0,0,0,0,1
differentiated,S_0058847,1,1,1,0,1,0,0.0,1.0,0.0,1,-0.0,False,False,False,False,False,0,0,0,1,1,0,0,1,0,0,1
differentiated,S_0058848,1,1,1,0,1,0,0.0,1.0,0.0,1,-0.0,False,False,False,False,False,0,0,1,0,1,1,0,0,0,0,1
differentiated,S_0058850,5,5,3,4,1,0,0.8,0.2,0.0,2,0.4554859150035952,True,True,True,True,False,0,0,0,5,1,2,1,0,2,0,3
differentiated,S_0058851,1,1,1,0,1,0,0.0,1.0,0.0,1,-0.0,False,False,False,False,False,0,0,0,1,1,0,0,0,1,0,1
differentiated,S_0058859,1,1,1,0,1,0,0.0,1.0,0.0,1,-0.0,False,False,False,False,False,0,0,1,0,1,0,0,1,0,0,1
differentiated,S_0058860,1,1,1,0,1,0,0.0,1.0,0.0,1,-0.0,False,False,False,False,False,0,0,1,0,1,0,0,1,0,0,1
differentiated,S_0058861,1,1,1,0,1,0,0.0,1.0,0.0,1,-0.0,False,False,False,False,False,0,0,1,0,1,1,0,0,0,0,1
differentiated,S_0058864,1,1,1,0,0,1,0.0,0.0,1.0,1,-0.0,False,False,False,False,False,0,0,1,0,1,0,0,0,1,0,1
differentiated,S_0058865,1,1,1,0,0,1,0.0,0.0,1.0,1,-0.0,False,False,False,False,False,0,0,1,0,1,0,0,0,1,0,1
differentiated,S_0058877,1,1,1,1,0,0,1.0,0.0,0.0,1,-0.0,False,False,False,False,False,0,0,1,0,1,1,0,0,0,0,1
differentiated,S_0058885,1,1,1,1,0,0,1.0,0.0,0.0,1,-0.0,False,False,False,False,False,0,0,1,0,1,1,0,0,0,0,1
differentiated,S_0058892,1,1,1,1,0,0,1.0,0.0,0.0,1,-0.0,False,False,False,False,False,0,0,1,0,1,1,0,0,0,0,1
differentiated,S_0058894,1,1,1,1,0,0,1.0,0.0,0.0,1,-0.0,False,False,False,False,False,0,0,1,0,1,1,0,0,0,0,1
differentiated,S_0058927,1,1,1,0,1,0,0.0,1.0,0.0,1,-0.0,False,False,False,False,False,0,0,0,1,1,0,0,0,1,0,1
differentiated,S_0058929,1,1,1,0,1,0,0.0,1.0,0.0,1,-0.0,False,False,False,False,False,0,1,0,0,1,0,0,0,1,0,1
differentiated,S_0058963,1,1,1,0,1,0,0.0,1.0,0.0,1,-0.0,False,False,False,False,False,0,0,1,0,1,1,0,0,0,0,1
differentiated,S_0059016,1,1,1,0,1,0,0.0,1.0,0.0,1,-0.0,False,False,False,False,False,0,0,0,1,1,0,0,0,1,0,1
differentiated,S_0059020,1,1,1,0,1,0,0.0,1.0,0.0,1,-0.0,False,False,False,False,False,0,1,0,0,1,1,0,0,0,0,1
differentiated,S_0059024,1,1,1,0,1,0,0.0,1.0,0.0,1,-0.0,False,False,False,False,False,0,1,0,0,1,1,0,0,0,0,1
differentiated,S_0059032,1,1,1,0,1,0,0.0,1.0,0.0,1,-0.0,False,False,False,False,False,0,0,1,0,1,1,0,0,0,0,1
differentiated,S_0059056,1,1,1,1,0,0,1.0,0.0,0.0,1,-0.0,False,False,False,False,False,0,0,1,0,1,1,0,0,0,0,1
differentiated,S_0059101,3,3,1,1,2,0,0.3333333333333333,0.6666666666666666,0.0,2,0.5793801642856949,False,True,True,False,False,0,0,0,3,1,0,0,1,1,1,3
differentiated,S_0059102,3,3,1,1,2,0,0.3333333333333333,0.6666666666666666,0.0,2,0.5793801642856949,False,True,True,False,False,0,0,0,3,1,0,0,1,1,1,3
differentiated,S_0059103,3,3,1,1,2,0,0.3333333333333333,0.6666666666666666,0.0,2,0.5793801642856949,False,True,True,False,False,0,0,0,3,1,0,0,1,1,1,3
differentiated,S_0059104,3,3,1,1,2,0,0.3333333333333333,0.6666666666666666,0.0,2,0.5793801642856949,False,True,True,False,False,0,0,0,3,1,0,0,1,1,1,3
differentiated,S_0059131,1,1,1,1,0,0,1.0,0.0,0.0,1,-0.0,False,False,False,False,False,0,0,1,0,1,0,0,1,0,0,1
differentiated,S_0059134,1,1,1,1,0,0,1.0,0.0,0.0,1,-0.0,False,False,False,False,False,0,0,1,0,1,0,0,1,0,0,1
differentiated,S_0059136,1,1,1,1,0,0,1.0,0.0,0.0,1,-0.0,False,False,False,False,False,0,0,1,0,1,0,0,1,0,0,1
differentiated,S_0059146,1,1,1,1,0,0,1.0,0.0,0.0,1,-0.0,False,False,False,False,False,0,0,1,0,1,0,0,1,0,0,1
differentiated,S_0059147,1,1,1,1,0,0,1.0,0.0,0.0,1,-0.0,False,False,False,False,False,0,0,1,0,1,0,0,1,0,0,1
differentiated,S_0059150,1,1,1,1,0,0,1.0,0.0,0.0,1,-0.0,False,False,False,False,False,0,0,1,0,1,0,0,1,0,0,1
differentiated,S_0059182,1,1,1,0,1,0,0.0,1.0,0.0,1,-0.0,False,False,False,False,False,0,0,0,1,1,0,0,0,1,0,1
differentiated,S_0059183,2,2,1,0,1,1,0.0,0.5,0.5,2,0.6309297535714574,False,True,False,False,False,0,0,2,0,1,2,0,0,0,0,1
differentiated,S_0059184,1,1,1,0,0,1,0.0,0.0,1.0,1,-0.0,False,False,False,False,False,0,0,1,0,1,1,0,0,0,0,1
differentiated,S_0059185,4,4,3,0,4,0,0.0,1.0,0.0,1,-0.0,False,True,True,False,False,0,0,0,4,1,2,0,1,1,0,3
differentiated,S_0059187,1,1,1,1,0,0,1.0,0.0,0.0,1,-0.0,False,False,False,False,False,0,0,1,0,1,0,0,1,0,0,1
differentiated,S_0059224,1,1,1,1,0,0,1.0,0.0,0.0,1,-0.0,False,False,False,False,False,0,0,1,0,1,0,0,1,0,0,1
differentiated,S_0059225,1,1,1,0,0,1,0.0,0.0,1.0,1,-0.0,False,False,False,False,False,0,0,1,0,1,1,0,0,0,0,1
differentiated,S_0059226,1,1,1,0,1,0,0.0,1.0,0.0,1,-0.0,False,False,False,False,False,0,0,1,0,1,1,0,0,0,0,1
differentiated,S_0059228,1,1,1,0,0,1,0.0,0.0,1.0,1,-0.0,False,False,False,False,False,0,0,1,0,1,1,0,0,0,0,1
differentiated,S_0059270,2,2,2,2,0,0,1.0,0.0,0.0,1,-0.0,False,True,False,False,False,0,0,0,2,1,0,1,0,1,0,2
differentiated,S_0059277,1,1,1,0,0,1,0.0,0.0,1.0,1,-0.0,False,False,False,False,False,0,0,1,0,1,0,0,1,0,0,1
differentiated,S_0059284,1,1,1,1,0,0,1.0,0.0,0.0,1,-0.0,False,False,False,False,False,0,0,1,0,1,1,0,0,0,0,1
differentiated,S_0059292,3,3,3,2,1,0,0.6666666666666666,0.3333333333333333,0.0,2,0.5793801642856949,False,True,True,False,False,0,0,0,3,1,3,0,0,0,0,1
differentiated,S_0059295,1,1,1,0,1,0,0.0,1.0,0.0,1,-0.0,False,False,False,False,False,0,0,1,0,1,1,0,0,0,0,1
differentiated,S_0059307,1,1,1,0,1,0,0.0,1.0,0.0,1,-0.0,False,False,False,False,False,0,0,1,0,1,0,1,0,0,0,1
differentiated,S_0059309,1,1,1,0,1,0,0.0,1.0,0.0,1,-0.0,False,False,False,False,False,0,0,1,0,1,0,1,0,0,0,1
differentiated,S_0059323,1,1,1,1,0,0,1.0,0.0,0.0,1,-0.0,False,False,False,False,False,0,0,0,1,1,0,1,0,0,0,1
differentiated,S_0059328,1,1,1,1,0,0,1.0,0.0,0.0,1,-0.0,False,False,False,False,False,0,0,1,0,1,0,0,1,0,0,1
differentiated,S_0059329,1,1,1,1,0,0,1.0,0.0,0.0,1,-0.0,False,False,False,False,False,0,0,1,0,1,0,0,1,0,0,1
differentiated,S_0059360,1,1,1,1,0,0,1.0,0.0,0.0,1,-0.0,False,False,False,False,False,0,0,0,1,1,0,0,0,1,0,1
differentiated,S_0059369,1,1,1,1,0,0,1.0,0.0,0.0,1,-0.0,False,False,False,False,False,0,0,1,0,1,0,0,1,0,0,1
differentiated,S_0059370,1,1,1,1,0,0,1.0,0.0,0.0,1,-0.0,False,False,False,False,False,0,0,1,0,1,0,0,1,0,0,1
differentiated,S_0059395,1,1,1,0,0,1,0.0,0.0,1.0,1,-0.0,False,False,False,False,False,0,0,1,0,1,0,0,0,1,0,1
differentiated,S_0059399,2,2,1,1,1,0,0.5,0.5,0.0,2,0.6309297535714574,False,True,False,False,False,0,0,2,0,1,2,0,0,0,0,1
differentiated,S_0059400,5,4,4,0,4,0,0.0,1.0,0.0,1,-0.0,False,True,True,False,False,0,0,0,4,1,2,0,1,1,0,3
differentiated,S_0059401,2,2,2,0,2,0,0.0,1.0,0.0,1,-0.0,False,True,False,False,False,0,0,0,2,1,1,0,0,1,0,2
differentiated,S_0059404,1,1,1,1,0,0,1.0,0.0,0.0,1,-0.0,False,False,False,False,False,0,0,1,0,1,1,0,0,0,0,1
differentiated,S_0059489,1,1,1,0,1,0,0.0,1.0,0.0,1,-0.0,False,False,False,False,False,0,0,1,0,1,0,0,0,1,0,1
differentiated,S_0059503,4,4,3,0,4,0,0.0,1.0,0.0,1,-0.0,False,True,True,False,False,0,0,0,4,1,2,0,1,1,0,3
differentiated,S_0059506,1,1,1,1,0,0,1.0,0.0,0.0,1,-0.0,False,False,False,False,False,0,0,1,0,1,0,0,1,0,0,1
differentiated,S_0059509,1,1,1,1,0,0,1.0,0.0,0.0,1,-0.0,False,False,False,False,False,0,0,1,0,1,0,0,1,0,0,1
differentiated,S_0059546,2,2,1,1,1,0,0.5,0.5,0.0,2,0.6309297535714574,False,True,False,False,False,0,0,0,2,1,1,0,0,1,0,2
differentiated,S_0059552,1,1,1,1,0,0,1.0,0.0,0.0,1,-0.0,False,False,False,False,False,0,0,0,1,1,0,1,0,0,0,1
differentiated,S_0059554,2,2,1,0,2,0,0.0,1.0,0.0,1,-0.0,False,True,False,False,False,0,0,2,0,1,1,1,0,0,0,2
differentiated,S_0059579,1,1,1,1,0,0,1.0,0.0,0.0,1,-0.0,False,False,False,False,False,0,0,1,0,1,0,0,1,0,0,1
differentiated,S_0059580,1,1,1,1,0,0,1.0,0.0,0.0,1,-0.0,False,False,False,False,False,0,0,1,0,1,0,0,1,0,0,1
differentiated,S_0059585,1,1,1,1,0,0,1.0,0.0,0.0,1,-0.0,False,False,False,False,False,0,0,0,1,1,0,0,0,1,0,1
differentiated,S_0059586,1,1,1,1,0,0,1.0,0.0,0.0,1,-0.0,False,False,False,False,False,0,0,0,1,1,0,0,0,1,0,1
differentiated,S_0059592,1,1,1,1,0,0,1.0,0.0,0.0,1,-0.0,False,False,False,False,False,0,0,1,0,1,1,0,0,0,0,1
differentiated,S_0059624,2,2,1,0,0,2,0.0,0.0,1.0,1,-0.0,False,True,False,False,False,0,0,2,0,1,1,0,0,0,1,2
differentiated,S_0059626,1,1,1,1,0,0,1.0,0.0,0.0,1,-0.0,False,False,False,False,False,0,0,0,1,1,1,0,0,0,0,1
differentiated,S_0059632,1,1,1,1,0,0,1.0,0.0,0.0,1,-0.0,False,False,False,False,False,0,0,0,1,1,1,0,0,0,0,1
differentiated,S_0059643,3,3,3,2,1,0,0.6666666666666666,0.3333333333333333,0.0,2,0.5793801642856949,False,True,True,False,False,0,0,0,3,1,3,0,0,0,0,1
differentiated,S_0059645,1,1,1,1,0,0,1.0,0.0,0.0,1,-0.0,False,False,False,False,False,0,0,0,1,1,1,0,0,0,0,1
differentiated,S_0059651,2,2,1,2,0,0,1.0,0.0,0.0,1,-0.0,False,True,False,False,False,0,0,0,2,1,2,0,0,0,0,1
differentiated,S_0059653,2,2,1,2,0,0,1.0,0.0,0.0,1,-0.0,False,True,False,False,False,0,0,0,2,1,2,0,0,0,0,1
differentiated,S_0059656,5,5,3,1,4,0,0.2,0.8,0.0,2,0.4554859150035952,True,True,True,True,False,0,0,0,5,1,1,0,1,1,2,4
differentiated,S_0059657,2,2,1,2,0,0,1.0,0.0,0.0,1,-0.0,False,True,False,False,False,0,0,0,2,1,1,1,0,0,0,2
differentiated,S_0059666,2,2,1,2,0,0,1.0,0.0,0.0,1,-0.0,False,True,False,False,False,0,0,0,2,1,2,0,0,0,0,1
differentiated,S_0059669,2,2,1,2,0,0,1.0,0.0,0.0,1,-0.0,False,True,False,False,False,0,0,0,2,1,2,0,0,0,0,1
differentiated,S_0059670,2,2,1,2,0,0,1.0,0.0,0.0,1,-0.0,False,True,False,False,False,0,0,0,2,1,2,0,0,0,0,1
differentiated,S_0059672,2,2,1,2,0,0,1.0,0.0,0.0,1,-0.0,False,True,False,False,False,0,0,0,2,1,2,0,0,0,0,1
differentiated,S_0059677,1,1,1,1,0,0,1.0,0.0,0.0,1,-0.0,False,False,False,False,False,0,0,0,1,1,1,0,0,0,0,1
differentiated,S_0059679,1,1,1,1,0,0,1.0,0.0,0.0,1,-0.0,False,False,False,False,False,0,0,0,1,1,1,0,0,0,0,1
differentiated,S_0059687,2,1,2,1,0,0,1.0,0.0,0.0,1,-0.0,False,False,False,False,False,0,0,0,1,1,1,0,0,0,0,1
differentiated,S_0059688,2,1,2,1,0,0,1.0,0.0,0.0,1,-0.0,False,False,False,False,False,0,0,0,1,1,1,0,0,0,0,1
differentiated,S_0059690,1,1,1,1,0,0,1.0,0.0,0.0,1,-0.0,False,False,False,False,False,0,0,0,1,1,1,0,0,0,0,1
differentiated,S_0059717,2,1,2,1,0,0,1.0,0.0,0.0,1,-0.0,False,False,False,False,False,0,0,0,1,1,1,0,0,0,0,1
differentiated,S_0059718,2,1,2,1,0,0,1.0,0.0,0.0,1,-0.0,False,False,False,False,False,0,0,0,1,1,1,0,0,0,0,1
differentiated,S_0059736,6,3,6,2,1,0,0.6666666666666666,0.3333333333333333,0.0,2,0.5793801642856949,False,True,True,False,False,0,0,0,3,1,2,0,0,1,0,2
differentiated,S_0059759,1,1,1,1,0,0,1.0,0.0,0.0,1,-0.0,False,False,False,False,False,0,0,0,1,1,1,0,0,0,0,1
differentiated,S_0059778,2,2,1,2,0,0,1.0,0.0,0.0,1,-0.0,False,True,False,False,False,0,0,0,2,1,1,1,0,0,0,2
differentiated,S_0059779,2,2,1,2,0,0,1.0,0.0,0.0,1,-0.0,False,True,False,False,False,0,0,0,2,1,1,1,0,0,0,2
differentiated,S_0059802,1,1,1,1,0,0,1.0,0.0,0.0,1,-0.0,False,False,False,False,False,0,0,0,1,1,1,0,0,0,0,1
differentiated,S_0059803,1,1,1,1,0,0,1.0,0.0,0.0,1,-0.0,False,False,False,False,False,0,0,0,1,1,1,0,0,0,0,1
differentiated,S_0059818,3,3,3,1,2,0,0.3333333333333333,0.6666666666666666,0.0,2,0.5793801642856949,False,True,True,False,False,0,0,0,3,1,0,0,1,1,1,3
differentiated,S_0059819,3,3,3,1,2,0,0.3333333333333333,0.6666666666666666,0.0,2,0.5793801642856949,False,True,True,False,False,0,0,0,3,1,0,0,1,1,1,3
differentiated,S_0059837,2,2,2,1,1,0,0.5,0.5,0.0,2,0.6309297535714574,False,True,False,False,False,0,0,0,2,1,1,0,0,1,0,2
differentiated,S_0059858,1,1,1,1,0,0,1.0,0.0,0.0,1,-0.0,False,False,False,False,False,0,0,0,1,1,1,0,0,0,0,1
differentiated,S_0059883,5,5,2,2,3,0,0.4,0.6,0.0,2,0.6126016192893442,True,True,True,True,False,0,0,0,5,1,2,3,0,0,0,2
differentiated,S_0059884,1,1,1,0,1,0,0.0,1.0,0.0,1,-0.0,False,False,False,False,False,0,0,0,1,1,1,0,0,0,0,1
differentiated,S_0059885,1,1,1,0,1,0,0.0,1.0,0.0,1,-0.0,False,False,False,False,False,0,0,0,1,1,1,0,0,0,0,1
differentiated,S_0059887,5,5,2,2,3,0,0.4,0.6,0.0,2,0.6126016192893442,True,True,True,True,False,0,0,0,5,1,2,3,0,0,0,2
differentiated,S_0059890,1,1,1,1,0,0,1.0,0.0,0.0,1,-0.0,False,False,False,False,False,0,0,0,1,1,1,0,0,0,0,1
differentiated,S_0059891,1,1,1,1,0,0,1.0,0.0,0.0,1,-0.0,False,False,False,False,False,0,0,0,1,1,1,0,0,0,0,1
differentiated,S_0059899,1,1,1,1,0,0,1.0,0.0,0.0,1,-0.0,False,False,False,False,False,0,0,0,1,1,1,0,0,0,0,1
differentiated,S_0059904,1,1,1,1,0,0,1.0,0.0,0.0,1,-0.0,False,False,False,False,False,0,0,0,1,1,1,0,0,0,0,1
differentiated,S_0059906,1,1,1,1,0,0,1.0,0.0,0.0,1,-0.0,False,False,False,False,False,0,0,0,1,1,1,0,0,0,0,1
differentiated,S_0059910,1,1,1,1,0,0,1.0,0.0,0.0,1,-0.0,False,False,False,False,False,0,0,0,1,1,1,0,0,0,0,1
differentiated,S_0059917,1,1,1,1,0,0,1.0,0.0,0.0,1,-0.0,False,False,False,False,False,0,0,0,1,1,1,0,0,0,0,1
differentiated,S_0059930,1,1,1,1,0,0,1.0,0.0,0.0,1,-0.0,False,False,False,False,False,0,0,0,1,1,1,0,0,0,0,1
differentiated,S_0059933,1,1,1,1,0,0,1.0,0.0,0.0,1,-0.0,False,False,False,False,False,0,0,0,1,1,1,0,0,0,0,1
differentiated,S_0059934,1,1,1,1,0,0,1.0,0.0,0.0,1,-0.0,False,False,False,False,False,0,0,0,1,1,1,0,0,0,0,1
differentiated,S_0059935,1,1,1,1,0,0,1.0,0.0,0.0,1,-0.0,False,False,False,False,False,0,0,0,1,1,1,0,0,0,0,1
differentiated,S_0059941,1,1,1,1,0,0,1.0,0.0,0.0,1,-0.0,False,False,False,False,False,0,0,0,1,1,1,0,0,0,0,1
differentiated,S_0059945,1,1,1,1,0,0,1.0,0.0,0.0,1,-0.0,False,False,False,False,False,0,0,0,1,1,1,0,0,0,0,1
differentiated,S_0059946,1,1,1,1,0,0,1.0,0.0,0.0,1,-0.0,False,False,False,False,False,0,0,0,1,1,1,0,0,0,0,1
differentiated,S_0059953,1,1,1,0,1,0,0.0,1.0,0.0,1,-0.0,False,False,False,False,False,0,0,0,1,1,0,0,0,1,0,1
differentiated,S_0059973,3,3,3,2,1,0,0.6666666666666666,0.3333333333333333,0.0,2,0.5793801642856949,False,True,True,False,False,0,0,0,3,1,2,0,0,1,0,2
differentiated,S_0059983,1,1,1,1,0,0,1.0,0.0,0.0,1,-0.0,False,False,False,False,False,0,0,0,1,1,1,0,0,0,0,1
differentiated,S_0060012,1,1,1,1,0,0,1.0,0.0,0.0,1,-0.0,False,False,False,False,False,0,0,0,1,1,1,0,0,0,0,1
differentiated,S_0060016,1,1,1,1,0,0,1.0,0.0,0.0,1,-0.0,False,False,False,False,False,0,0,0,1,1,1,0,0,0,0,1
differentiated,S_0060027,1,1,1,0,1,0,0.0,1.0,0.0,1,-0.0,False,False,False,False,False,0,0,0,1,1,0,0,0,1,0,1
differentiated,S_0060029,2,2,2,2,0,0,1.0,0.0,0.0,1,-0.0,False,True,False,False,False,0,0,0,2,1,1,0,0,1,0,2
differentiated,S_0060030,1,1,1,0,1,0,0.0,1.0,0.0,1,-0.0,False,False,False,False,False,0,0,0,1,1,0,0,0,1,0,1
differentiated,S_0060034,3,3,3,2,1,0,0.6666666666666666,0.3333333333333333,0.0,2,0.5793801642856949,False,True,True,False,False,0,0,0,3,1,2,0,0,1,0,2
differentiated,S_0060045,1,1,1,0,1,0,0.0,1.0,0.0,1,-0.0,False,False,False,False,False,0,0,0,1,1,0,0,0,1,0,1
differentiated,S_0060056,2,2,1,2,0,0,1.0,0.0,0.0,1,-0.0,False,True,False,False,False,0,0,0,2,1,2,0,0,0,0,1
differentiated,S_0060065,1,1,1,0,1,0,0.0,1.0,0.0,1,-0.0,False,False,False,False,False,0,0,0,1,1,0,0,0,0,1,1
differentiated,S_0060068,1,1,1,0,1,0,0.0,1.0,0.0,1,-0.0,False,False,False,False,False,0,0,0,1,1,0,0,0,1,0,1
differentiated,S_0060081,1,1,1,1,0,0,1.0,0.0,0.0,1,-0.0,False,False,False,False,False,0,0,0,1,1,1,0,0,0,0,1
differentiated,S_0060082,1,1,1,1,0,0,1.0,0.0,0.0,1,-0.0,False,False,False,False,False,0,0,0,1,1,1,0,0,0,0,1
differentiated,S_0060086,1,1,1,1,0,0,1.0,0.0,0.0,1,-0.0,False,False,False,False,False,0,0,0,1,1,1,0,0,0,0,1
differentiated,S_0060087,1,1,1,1,0,0,1.0,0.0,0.0,1,-0.0,False,False,False,False,False,0,0,0,1,1,1,0,0,0,0,1
differentiated,S_0060092,1,1,1,1,0,0,1.0,0.0,0.0,1,-0.0,False,False,False,False,False,0,0,0,1,1,1,0,0,0,0,1
differentiated,S_0060093,2,2,2,2,0,0,1.0,0.0,0.0,1,-0.0,False,True,False,False,False,0,0,0,2,1,1,0,0,1,0,2
differentiated,S_0060099,1,1,1,0,1,0,0.0,1.0,0.0,1,-0.0,False,False,False,False,False,0,0,0,1,1,0,0,0,1,0,1
differentiated,S_0060101,1,1,1,0,1,0,0.0,1.0,0.0,1,-0.0,False,False,False,False,False,0,0,0,1,1,0,0,0,1,0,1
differentiated,S_0060110,3,3,2,1,2,0,0.3333333333333333,0.6666666666666666,0.0,2,0.5793801642856949,False,True,True,False,False,0,0,0,3,1,0,0,1,1,1,3
differentiated,S_0060122,1,1,1,1,0,0,1.0,0.0,0.0,1,-0.0,False,False,False,False,False,0,0,0,1,1,1,0,0,0,0,1
differentiated,S_0060124,2,2,2,0,2,0,0.0,1.0,0.0,1,-0.0,False,True,False,False,False,0,0,0,2,1,1,0,0,1,0,2
differentiated,S_0060136,1,1,1,1,0,0,1.0,0.0,0.0,1,-0.0,False,False,False,False,False,0,0,0,1,1,1,0,0,0,0,1
differentiated,S_0060138,2,2,2,1,1,0,0.5,0.5,0.0,2,0.6309297535714574,False,True,False,False,False,0,0,0,2,1,1,0,0,1,0,2
differentiated,S_0060139,2,2,2,0,2,0,0.0,1.0,0.0,1,-0.0,False,True,False,False,False,0,0,0,2,1,1,0,0,1,0,2
differentiated,S_0060151,2,2,1,0,2,0,0.0,1.0,0.0,1,-0.0,False,True,False,False,False,0,0,0,2,1,0,2,0,0,0,1
differentiated,S_0060155,1,1,1,1,0,0,1.0,0.0,0.0,1,-0.0,False,False,False,False,False,0,0,0,1,1,1,0,0,0,0,1
differentiated,S_0060156,1,1,1,0,1,0,0.0,1.0,0.0,1,-0.0,False,False,False,False,False,0,0,0,1,1,0,0,0,1,0,1
differentiated,S_0060157,1,1,1,1,0,0,1.0,0.0,0.0,1,-0.0,False,False,False,False,False,0,0,0,1,1,1,0,0,0,0,1
differentiated,S_0060161,1,1,1,1,0,0,1.0,0.0,0.0,1,-0.0,False,False,False,False,False,0,0,0,1,1,1,0,0,0,0,1
differentiated,S_0060162,1,1,1,1,0,0,1.0,0.0,0.0,1,-0.0,False,False,False,False,False,0,0,0,1,1,1,0,0,0,0,1
differentiated,S_0060163,1,1,1,0,1,0,0.0,1.0,0.0,1,-0.0,False,False,False,False,False,0,0,0,1,1,0,0,0,1,0,1
differentiated,S_0060164,2,2,2,1,1,0,0.5,0.5,0.0,2,0.6309297535714574,False,True,False,False,False,0,0,0,2,1,1,0,0,1,0,2
differentiated,S_0060166,1,1,1,1,0,0,1.0,0.0,0.0,1,-0.0,False,False,False,False,False,0,0,0,1,1,1,0,0,0,0,1
differentiated,S_0060168,1,1,1,1,0,0,1.0,0.0,0.0,1,-0.0,False,False,False,False,False,0,0,0,1,1,1,0,0,0,0,1
differentiated,S_0060173,1,1,1,1,0,0,1.0,0.0,0.0,1,-0.0,False,False,False,False,False,0,0,0,1,1,1,0,0,0,0,1
differentiated,S_0060175,1,1,1,1,0,0,1.0,0.0,0.0,1,-0.0,False,False,False,False,False,0,0,0,1,1,1,0,0,0,0,1
differentiated,S_0060185,2,2,2,0,2,0,0.0,1.0,0.0,1,-0.0,False,True,False,False,False,0,0,0,2,1,1,0,0,1,0,2
differentiated,S_0060188,1,1,1,1,0,0,1.0,0.0,0.0,1,-0.0,False,False,False,False,False,0,0,0,1,1,0,0,0,1,0,1
differentiated,S_0060189,1,1,1,0,1,0,0.0,1.0,0.0,1,-0.0,False,False,False,False,False,0,0,0,1,1,0,0,0,1,0,1
differentiated,S_0060195,1,1,1,1,0,0,1.0,0.0,0.0,1,-0.0,False,False,False,False,False,0,0,0,1,1,1,0,0,0,0,1
differentiated,S_0060211,1,1,1,1,0,0,1.0,0.0,0.0,1,-0.0,False,False,False,False,False,0,0,0,1,1,1,0,0,0,0,1
differentiated,S_0060218,1,1,1,1,0,0,1.0,0.0,0.0,1,-0.0,False,False,False,False,False,0,0,0,1,1,1,0,0,0,0,1
differentiated,S_0060219,1,1,1,1,0,0,1.0,0.0,0.0,1,-0.0,False,False,False,False,False,0,0,0,1,1,1,0,0,0,0,1
differentiated,S_0060234,2,2,1,2,0,0,1.0,0.0,0.0,1,-0.0,False,True,False,False,False,0,0,0,2,1,2,0,0,0,0,1
differentiated,S_0060235,2,2,1,2,0,0,1.0,0.0,0.0,1,-0.0,False,True,False,False,False,0,0,0,2,1,2,0,0,0,0,1
differentiated,S_0060236,1,1,1,1,0,0,1.0,0.0,0.0,1,-0.0,False,False,False,False,False,0,0,0,1,1,1,0,0,0,0,1
differentiated,S_0060238,1,1,1,1,0,0,1.0,0.0,0.0,1,-0.0,False,False,False,False,False,0,0,0,1,1,1,0,0,0,0,1
differentiated,S_0060248,1,1,1,1,0,0,1.0,0.0,0.0,1,-0.0,False,False,False,False,False,0,0,0,1,1,1,0,0,0,0,1
differentiated,S_0060249,1,1,1,1,0,0,1.0,0.0,0.0,1,-0.0,False,False,False,False,False,0,0,0,1,1,1,0,0,0,0,1
differentiated,S_0060257,2,2,1,2,0,0,1.0,0.0,0.0,1,-0.0,False,True,False,False,False,0,0,0,2,1,2,0,0,0,0,1
differentiated,S_0060267,1,1,1,1,0,0,1.0,0.0,0.0,1,-0.0,False,False,False,False,False,0,0,0,1,1,1,0,0,0,0,1
differentiated,S_0060284,1,1,1,0,1,0,0.0,1.0,0.0,1,-0.0,False,False,False,False,False,0,0,0,1,1,0,0,0,1,0,1
differentiated,S_0060299,1,1,1,1,0,0,1.0,0.0,0.0,1,-0.0,False,False,False,False,False,0,0,0,1,1,1,0,0,0,0,1
differentiated,S_0060300,1,1,1,1,0,0,1.0,0.0,0.0,1,-0.0,False,False,False,False,False,0,0,0,1,1,1,0,0,0,0,1
differentiated,S_0060311,2,2,2,2,0,0,1.0,0.0,0.0,1,-0.0,False,True,False,False,False,0,0,0,2,1,1,0,0,1,0,2
differentiated,S_0060316,5,5,2,2,3,0,0.4,0.6,0.0,2,0.6126016192893442,True,True,True,True,False,0,0,0,5,1,2,3,0,0,0,2
differentiated,S_0060317,5,5,2,2,3,0,0.4,0.6,0.0,2,0.6126016192893442,True,True,True,True,False,0,0,0,5,1,2,3,0,0,0,2
differentiated,S_0060323,3,3,2,1,2,0,0.3333333333333333,0.6666666666666666,0.0,2,0.5793801642856949,False,True,True,False,False,0,0,0,3,1,1,1,1,0,0,3
differentiated,S_0060341,1,1,1,1,0,0,1.0,0.0,0.0,1,-0.0,False,False,False,False,False,0,0,0,1,1,1,0,0,0,0,1
differentiated,S_0060345,1,1,1,1,0,0,1.0,0.0,0.0,1,-0.0,False,False,False,False,False,0,0,0,1,1,1,0,0,0,0,1
differentiated,S_0060349,1,1,1,0,1,0,0.0,1.0,0.0,1,-0.0,False,False,False,False,False,0,0,0,1,1,0,0,0,1,0,1
differentiated,S_0060351,3,3,2,1,2,0,0.3333333333333333,0.6666666666666666,0.0,2,0.5793801642856949,False,True,True,False,False,0,0,0,3,1,1,1,1,0,0,3
differentiated,S_0060356,1,1,1,1,0,0,1.0,0.0,0.0,1,-0.0,False,False,False,False,False,0,0,0,1,1,1,0,0,0,0,1
differentiated,S_0060359,1,1,1,0,1,0,0.0,1.0,0.0,1,-0.0,False,False,False,False,False,0,0,0,1,1,0,0,0,1,0,1
differentiated,S_0060363,1,1,1,1,0,0,1.0,0.0,0.0,1,-0.0,False,False,False,False,False,0,0,0,1,1,1,0,0,0,0,1
differentiated,S_0060364,1,1,1,1,0,0,1.0,0.0,0.0,1,-0.0,False,False,False,False,False,0,0,0,1,1,1,0,0,0,0,1
differentiated,S_0060365,2,1,2,1,0,0,1.0,0.0,0.0,1,-0.0,False,False,False,False,False,0,0,0,1,1,1,0,0,0,0,1
differentiated,S_0060366,2,1,2,1,0,0,1.0,0.0,0.0,1,-0.0,False,False,False,False,False,0,0,0,1,1,1,0,0,0,0,1
differentiated,S_0060367,5,5,2,2,3,0,0.4,0.6,0.0,2,0.6126016192893442,True,True,True,True,False,0,0,0,5,1,2,3,0,0,0,2
differentiated,S_0060368,5,5,2,2,3,0,0.4,0.6,0.0,2,0.6126016192893442,True,True,True,True,False,0,0,0,5,1,2,3,0,0,0,2
differentiated,S_0060369,1,1,1,1,0,0,1.0,0.0,0.0,1,-0.0,False,False,False,False,False,0,0,0,1,1,1,0,0,0,0,1
differentiated,S_0060388,2,2,1,2,0,0,1.0,0.0,0.0,1,-0.0,False,True,False,False,False,0,0,0,2,1,1,1,0,0,0,2
differentiated,S_0060389,2,2,1,2,0,0,1.0,0.0,0.0,1,-0.0,False,True,False,False,False,0,0,0,2,1,1,1,0,0,0,2
differentiated,S_0060395,1,1,1,1,0,0,1.0,0.0,0.0,1,-0.0,False,False,False,False,False,0,0,0,1,1,1,0,0,0,0,1
differentiated,S_0060396,2,2,1,2,0,0,1.0,0.0,0.0,1,-0.0,False,True,False,False,False,0,0,0,2,1,2,0,0,0,0,1
differentiated,S_0060416,2,2,2,1,1,0,0.5,0.5,0.0,2,0.6309297535714574,False,True,False,False,False,0,0,0,2,1,1,0,0,1,0,2
differentiated,S_0060420,1,1,1,1,0,0,1.0,0.0,0.0,1,-0.0,False,False,False,False,False,0,0,0,1,1,1,0,0,0,0,1
differentiated,S_0060426,1,1,1,1,0,0,1.0,0.0,0.0,1,-0.0,False,False,False,False,False,0,0,0,1,1,1,0,0,0,0,1
differentiated,S_0060427,1,1,1,1,0,0,1.0,0.0,0.0,1,-0.0,False,False,False,False,False,0,0,0,1,1,1,0,0,0,0,1
differentiated,S_0060431,1,1,1,1,0,0,1.0,0.0,0.0,1,-0.0,False,False,False,False,False,0,0,0,1,1,1,0,0,0,0,1
differentiated,S_0060436,1,1,1,1,0,0,1.0,0.0,0.0,1,-0.0,False,False,False,False,False,0,0,0,1,1,1,0,0,0,0,1
differentiated,S_0060440,4,4,4,2,2,0,0.5,0.5,0.0,2,0.6309297535714574,False,True,True,False,False,0,0,0,4,1,2,0,0,2,0,2
differentiated,S_0060441,4,4,4,2,2,0,0.5,0.5,0.0,2,0.6309297535714574,False,True,True,False,False,0,0,0,4,1,2,0,0,2,0,2
differentiated,S_0060448,3,3,3,2,1,0,0.6666666666666666,0.3333333333333333,0.0,2,0.5793801642856949,False,True,True,False,False,0,0,0,3,1,3,0,0,0,0,1
differentiated,S_0060454,3,3,3,2,1,0,0.6666666666666666,0.3333333333333333,0.0,2,0.5793801642856949,False,True,True,False,False,0,0,0,3,1,3,0,0,0,0,1
differentiated,S_0060464,1,1,1,1,0,0,1.0,0.0,0.0,1,-0.0,False,False,False,False,False,0,0,0,1,1,1,0,0,0,0,1
differentiated,S_0060467,1,1,1,1,0,0,1.0,0.0,0.0,1,-0.0,False,False,False,False,False,0,0,0,1,1,1,0,0,0,0,1
differentiated,S_0060468,2,2,2,1,1,0,0.5,0.5,0.0,2,0.6309297535714574,False,True,False,False,False,0,0,0,2,1,1,0,0,1,0,2
differentiated,S_0060469,1,1,1,1,0,0,1.0,0.0,0.0,1,-0.0,False,False,False,False,False,0,0,0,1,1,1,0,0,0,0,1
differentiated,S_0060470,1,1,1,1,0,0,1.0,0.0,0.0,1,-0.0,False,False,False,False,False,0,0,0,1,1,1,0,0,0,0,1
differentiated,S_0060475,1,1,1,0,1,0,0.0,1.0,0.0,1,-0.0,False,False,False,False,False,0,0,0,1,1,0,0,0,1,0,1
differentiated,S_0060480,2,2,2,2,0,0,1.0,0.0,0.0,1,-0.0,False,True,False,False,False,0,0,0,2,1,1,0,0,1,0,2
differentiated,S_0060481,2,2,1,2,0,0,1.0,0.0,0.0,1,-0.0,False,True,False,False,False,0,0,0,2,1,1,1,0,0,0,2
differentiated,S_0060482,2,2,1,2,0,0,1.0,0.0,0.0,1,-0.0,False,True,False,False,False,0,0,0,2,1,1,1,0,0,0,2
differentiated,S_0060487,3,3,3,2,1,0,0.6666666666666666,0.3333333333333333,0.0,2,0.5793801642856949,False,True,True,False,False,0,0,0,3,1,2,0,0,1,0,2
differentiated,S_0060496,5,5,2,2,3,0,0.4,0.6,0.0,2,0.6126016192893442,True,True,True,True,False,0,0,0,5,1,2,3,0,0,0,2
differentiated,S_0060497,5,5,2,2,3,0,0.4,0.6,0.0,2,0.6126016192893442,True,True,True,True,False,0,0,0,5,1,2,3,0,0,0,2
differentiated,S_0060498,1,1,1,0,1,0,0.0,1.0,0.0,1,-0.0,False,False,False,False,False,0,0,0,1,1,0,0,0,1,0,1
differentiated,S_0060499,1,1,1,1,0,0,1.0,0.0,0.0,1,-0.0,False,False,False,False,False,0,0,0,1,1,1,0,0,0,0,1
differentiated,S_0060500,1,1,1,1,0,0,1.0,0.0,0.0,1,-0.0,False,False,False,False,False,0,0,0,1,1,1,0,0,0,0,1
differentiated,S_0060512,3,3,3,2,1,0,0.6666666666666666,0.3333333333333333,0.0,2,0.5793801642856949,False,True,True,False,False,0,0,0,3,1,3,0,0,0,0,1
differentiated,S_0060517,3,3,3,2,1,0,0.6666666666666666,0.3333333333333333,0.0,2,0.5793801642856949,False,True,True,False,False,0,0,0,3,1,3,0,0,0,0,1
differentiated,S_0060518,1,1,1,0,1,0,0.0,1.0,0.0,1,-0.0,False,False,False,False,False,0,0,0,1,1,0,0,0,1,0,1
differentiated,S_0060522,1,1,1,0,1,0,0.0,1.0,0.0,1,-0.0,False,False,False,False,False,0,0,0,1,1,0,0,0,1,0,1
differentiated,S_0060528,1,1,1,1,0,0,1.0,0.0,0.0,1,-0.0,False,False,False,False,False,0,0,0,1,1,1,0,0,0,0,1
differentiated,S_0060546,1,1,1,0,1,0,0.0,1.0,0.0,1,-0.0,False,False,False,False,False,0,0,0,1,1,0,0,0,1,0,1
differentiated,S_0060549,1,1,1,1,0,0,1.0,0.0,0.0,1,-0.0,False,False,False,False,False,0,0,0,1,1,1,0,0,0,0,1
differentiated,S_0060550,1,1,1,1,0,0,1.0,0.0,0.0,1,-0.0,False,False,False,False,False,0,0,0,1,1,1,0,0,0,0,1
differentiated,S_0060551,3,3,2,1,2,0,0.3333333333333333,0.6666666666666666,0.0,2,0.5793801642856949,False,True,True,False,False,0,0,0,3,1,0,0,1,1,1,3
differentiated,S_0060552,1,1,1,1,0,0,1.0,0.0,0.0,1,-0.0,False,False,False,False,False,0,0,0,1,1,1,0,0,0,0,1
differentiated,S_0060553,3,3,2,1,2,0,0.3333333333333333,0.6666666666666666,0.0,2,0.5793801642856949,False,True,True,False,False,0,0,0,3,1,0,0,1,1,1,3
differentiated,S_0060559,1,1,1,1,0,0,1.0,0.0,0.0,1,-0.0,False,False,False,False,False,0,0,0,1,1,1,0,0,0,0,1
differentiated,S_0060562,2,2,1,2,0,0,1.0,0.0,0.0,1,-0.0,False,True,False,False,False,0,0,0,2,1,2,0,0,0,0,1
differentiated,S_0060584,1,1,1,0,1,0,0.0,1.0,0.0,1,-0.0,False,False,False,False,False,0,0,0,1,1,0,0,0,1,0,1
differentiated,S_0060592,1,1,1,0,1,0,0.0,1.0,0.0,1,-0.0,False,False,False,False,False,0,0,0,1,1,0,0,0,1,0,1
differentiated,S_0060603,2,2,2,0,2,0,0.0,1.0,0.0,1,-0.0,False,True,False,False,False,0,0,0,2,1,1,0,0,1,0,2
differentiated,S_0060606,3,3,3,2,1,0,0.6666666666666666,0.3333333333333333,0.0,2,0.5793801642856949,False,True,True,False,False,0,0,0,3,1,2,0,0,1,0,2
differentiated,S_0060611,1,1,1,1,0,0,1.0,0.0,0.0,1,-0.0,False,False,False,False,False,0,0,0,1,1,1,0,0,0,0,1
differentiated,S_0060614,1,1,1,1,0,0,1.0,0.0,0.0,1,-0.0,False,False,False,False,False,0,0,0,1,1,1,0,0,0,0,1
differentiated,S_0060628,2,2,1,0,2,0,0.0,1.0,0.0,1,-0.0,False,True,False,False,False,0,0,0,2,1,0,2,0,0,0,1
differentiated,S_0060634,2,2,2,0,2,0,0.0,1.0,0.0,1,-0.0,False,True,False,False,False,0,0,0,2,1,0,0,0,2,0,1
differentiated,S_0060635,2,2,2,0,2,0,0.0,1.0,0.0,1,-0.0,False,True,False,False,False,0,0,0,2,1,0,0,0,2,0,1
differentiated,S_0060642,1,1,1,0,1,0,0.0,1.0,0.0,1,-0.0,False,False,False,False,False,0,0,0,1,1,1,0,0,0,0,1
differentiated,S_0060643,1,1,1,1,0,0,1.0,0.0,0.0,1,-0.0,False,False,False,False,False,0,0,0,1,1,1,0,0,0,0,1
differentiated,S_0060644,1,1,1,0,1,0,0.0,1.0,0.0,1,-0.0,False,False,False,False,False,0,0,0,1,1,1,0,0,0,0,1
differentiated,S_0060645,1,1,1,1,0,0,1.0,0.0,0.0,1,-0.0,False,False,False,False,False,0,0,0,1,1,1,0,0,0,0,1
differentiated,S_0060646,2,2,1,0,2,0,0.0,1.0,0.0,1,-0.0,False,True,False,False,False,0,0,0,2,1,0,2,0,0,0,1
differentiated,S_0060653,3,3,2,1,2,0,0.3333333333333333,0.6666666666666666,0.0,2,0.5793801642856949,False,True,True,False,False,0,0,0,3,1,1,1,1,0,0,3
differentiated,S_0060661,1,1,1,1,0,0,1.0,0.0,0.0,1,-0.0,False,False,False,False,False,0,0,0,1,1,1,0,0,0,0,1
differentiated,S_0060664,1,1,1,1,0,0,1.0,0.0,0.0,1,-0.0,False,False,False,False,False,0,0,0,1,1,1,0,0,0,0,1
differentiated,S_0060666,1,1,1,1,0,0,1.0,0.0,0.0,1,-0.0,False,False,False,False,False,0,0,0,1,1,1,0,0,0,0,1
differentiated,S_0060673,1,1,1,1,0,0,1.0,0.0,0.0,1,-0.0,False,False,False,False,False,0,0,0,1,1,1,0,0,0,0,1
differentiated,S_0060675,3,3,2,1,2,0,0.3333333333333333,0.6666666666666666,0.0,2,0.5793801642856949,False,True,True,False,False,0,0,0,3,1,1,1,1,0,0,3
differentiated,S_0060678,3,3,3,2,1,0,0.6666666666666666,0.3333333333333333,0.0,2,0.5793801642856949,False,True,True,False,False,0,0,0,3,1,2,0,0,1,0,2
differentiated,S_0060679,2,2,2,2,0,0,1.0,0.0,0.0,1,-0.0,False,True,False,False,False,0,0,0,2,1,1,0,0,1,0,2
differentiated,S_0060704,3,3,3,2,1,0,0.6666666666666666,0.3333333333333333,0.0,2,0.5793801642856949,False,True,True,False,False,0,0,0,3,1,2,0,0,1,0,2
differentiated,S_0060726,1,1,1,0,1,0,0.0,1.0,0.0,1,-0.0,False,False,False,False,False,0,0,0,1,1,0,0,0,1,0,1
differentiated,S_0060738,2,2,2,2,0,0,1.0,0.0,0.0,1,-0.0,False,True,False,False,False,0,0,0,2,1,1,0,0,1,0,2
differentiated,S_0060744,1,1,1,1,0,0,1.0,0.0,0.0,1,-0.0,False,False,False,False,False,0,0,0,1,1,0,0,0,1,0,1
differentiated,S_0060746,1,1,1,1,0,0,1.0,0.0,0.0,1,-0.0,False,False,False,False,False,0,0,0,1,1,1,0,0,0,0,1
differentiated,S_0060756,1,1,1,1,0,0,1.0,0.0,0.0,1,-0.0,False,False,False,False,False,0,0,0,1,1,1,0,0,0,0,1
differentiated,S_0060760,5,5,3,1,4,0,0.2,0.8,0.0,2,0.4554859150035952,True,True,True,True,False,0,0,0,5,1,1,0,1,1,2,4
differentiated,S_0060763,5,5,3,1,4,0,0.2,0.8,0.0,2,0.4554859150035952,True,True,True,True,False,0,0,0,5,1,1,0,1,1,2,4
differentiated,S_0060770,2,2,2,1,1,0,0.5,0.5,0.0,2,0.6309297535714574,False,True,False,False,False,0,0,0,2,1,1,0,0,1,0,2
differentiated,S_0060771,1,1,1,1,0,0,1.0,0.0,0.0,1,-0.0,False,False,False,False,False,0,0,0,1,1,1,0,0,0,0,1
differentiated,S_0060772,2,2,2,2,0,0,1.0,0.0,0.0,1,-0.0,False,True,False,False,False,0,0,0,2,1,1,0,0,1,0,2
differentiated,S_0060785,1,1,1,1,0,0,1.0,0.0,0.0,1,-0.0,False,False,False,False,False,0,0,0,1,1,1,0,0,0,0,1
differentiated,S_0060786,2,2,1,2,0,0,1.0,0.0,0.0,1,-0.0,False,True,False,False,False,0,0,0,2,1,2,0,0,0,0,1
differentiated,S_0060787,2,2,1,2,0,0,1.0,0.0,0.0,1,-0.0,False,True,False,False,False,0,0,0,2,1,2,0,0,0,0,1
differentiated,S_0060810,2,2,1,2,0,0,1.0,0.0,0.0,1,-0.0,False,True,False,False,False,0,0,0,2,1,2,0,0,0,0,1
differentiated,S_0060812,1,1,1,0,1,0,0.0,1.0,0.0,1,-0.0,False,False,False,False,False,0,0,0,1,1,0,0,0,1,0,1
differentiated,S_0060821,1,1,1,1,0,0,1.0,0.0,0.0,1,-0.0,False,False,False,False,False,0,0,0,1,1,1,0,0,0,0,1
differentiated,S_0060824,1,1,1,1,0,0,1.0,0.0,0.0,1,-0.0,False,False,False,False,False,0,0,0,1,1,1,0,0,0,0,1
differentiated,S_0060825,1,1,1,1,0,0,1.0,0.0,0.0,1,-0.0,False,False,False,False,False,0,0,0,1,1,1,0,0,0,0,1
differentiated,S_0060829,1,1,1,1,0,0,1.0,0.0,0.0,1,-0.0,False,False,False,False,False,0,0,0,1,1,1,0,0,0,0,1
differentiated,S_0060830,1,1,1,1,0,0,1.0,0.0,0.0,1,-0.0,False,False,False,False,False,0,0,0,1,1,1,0,0,0,0,1
differentiated,S_0060833,1,1,1,1,0,0,1.0,0.0,0.0,1,-0.0,False,False,False,False,False,0,0,0,1,1,1,0,0,0,0,1
differentiated,S_0060839,1,1,1,1,0,0,1.0,0.0,0.0,1,-0.0,False,False,False,False,False,0,0,0,1,1,0,0,0,1,0,1
differentiated,S_0060849,2,2,2,1,1,0,0.5,0.5,0.0,2,0.6309297535714574,False,True,False,False,False,0,0,0,2,1,1,0,0,1,0,2
differentiated,S_0060851,1,1,1,1,0,0,1.0,0.0,0.0,1,-0.0,False,False,False,False,False,0,0,0,1,1,1,0,0,0,0,1
differentiated,S_0060852,1,1,1,1,0,0,1.0,0.0,0.0,1,-0.0,False,False,False,False,False,0,0,0,1,1,1,0,0,0,0,1
differentiated,S_0060863,2,2,2,1,1,0,0.5,0.5,0.0,2,0.6309297535714574,False,True,False,False,False,0,0,0,2,1,1,0,0,1,0,2
differentiated,S_0060864,1,1,1,0,1,0,0.0,1.0,0.0,1,-0.0,False,False,False,False,False,0,0,0,1,1,0,0,0,1,0,1
differentiated,S_0060877,1,1,1,0,1,0,0.0,1.0,0.0,1,-0.0,False,False,False,False,False,0,0,0,1,1,1,0,0,0,0,1
differentiated,S_0060886,2,2,1,2,0,0,1.0,0.0,0.0,1,-0.0,False,True,False,False,False,0,0,0,2,1,2,0,0,0,0,1
differentiated,S_0060892,2,2,2,0,2,0,0.0,1.0,0.0,1,-0.0,False,True,False,False,False,0,0,0,2,1,0,0,0,2,0,1
differentiated,S_0060893,2,2,2,0,2,0,0.0,1.0,0.0,1,-0.0,False,True,False,False,False,0,0,0,2,1,0,0,0,2,0,1
differentiated,S_0060912,2,2,2,0,2,0,0.0,1.0,0.0,1,-0.0,False,True,False,False,False,0,0,0,2,1,0,0,0,2,0,1
differentiated,S_0060913,2,2,2,0,2,0,0.0,1.0,0.0,1,-0.0,False,True,False,False,False,0,0,0,2,1,0,0,0,2,0,1
differentiated,S_0060925,2,2,2,2,0,0,1.0,0.0,0.0,1,-0.0,False,True,False,False,False,0,0,0,2,1,1,0,0,1,0,2
differentiated,S_0060941,3,3,3,2,1,0,0.6666666666666666,0.3333333333333333,0.0,2,0.5793801642856949,False,True,True,False,False,0,0,0,3,1,2,0,0,1,0,2
differentiated,S_0060948,1,1,1,1,0,0,1.0,0.0,0.0,1,-0.0,False,False,False,False,False,0,0,0,1,1,1,0,0,0,0,1
differentiated,S_0060955,2,2,1,2,0,0,1.0,0.0,0.0,1,-0.0,False,True,False,False,False,0,0,0,2,1,2,0,0,0,0,1
differentiated,S_0060956,2,2,1,2,0,0,1.0,0.0,0.0,1,-0.0,False,True,False,False,False,0,0,0,2,1,2,0,0,0,0,1
differentiated,S_0060962,2,2,1,2,0,0,1.0,0.0,0.0,1,-0.0,False,True,False,False,False,0,0,0,2,1,2,0,0,0,0,1
differentiated,S_0060968,2,2,2,2,0,0,1.0,0.0,0.0,1,-0.0,False,True,False,False,False,0,0,0,2,1,1,0,0,1,0,2
differentiated,S_0060972,2,2,2,1,1,0,0.5,0.5,0.0,2,0.6309297535714574,False,True,False,False,False,0,0,0,2,1,1,0,0,1,0,2
differentiated,S_0060980,2,2,2,1,1,0,0.5,0.5,0.0,2,0.6309297535714574,False,True,False,False,False,0,0,0,2,1,1,0,0,1,0,2
differentiated,S_0060990,1,1,1,1,0,0,1.0,0.0,0.0,1,-0.0,False,False,False,False,False,0,0,0,1,1,1,0,0,0,0,1
differentiated,S_0060994,1,1,1,1,0,0,1.0,0.0,0.0,1,-0.0,False,False,False,False,False,0,0,0,1,1,0,0,0,1,0,1
differentiated,S_0061000,1,1,1,1,0,0,1.0,0.0,0.0,1,-0.0,False,False,False,False,False,0,0,0,1,1,1,0,0,0,0,1
differentiated,S_0061009,2,2,2,2,0,0,1.0,0.0,0.0,1,-0.0,False,True,False,False,False,0,0,0,2,1,1,0,0,1,0,2
differentiated,S_0061020,2,2,2,0,2,0,0.0,1.0,0.0,1,-0.0,False,True,False,False,False,0,0,0,2,1,0,0,0,2,0,1
differentiated,S_0061027,2,2,2,0,2,0,0.0,1.0,0.0,1,-0.0,False,True,False,False,False,0,0,0,2,1,0,0,0,2,0,1
differentiated,S_0061030,1,1,1,1,0,0,1.0,0.0,0.0,1,-0.0,False,False,False,False,False,0,0,0,1,1,1,0,0,0,0,1
differentiated,S_0061031,1,1,1,1,0,0,1.0,0.0,0.0,1,-0.0,False,False,False,False,False,0,0,0,1,1,1,0,0,0,0,1
differentiated,S_0061049,1,1,1,1,0,0,1.0,0.0,0.0,1,-0.0,False,False,False,False,False,0,0,0,1,1,1,0,0,0,0,1
differentiated,S_0061052,1,1,1,1,0,0,1.0,0.0,0.0,1,-0.0,False,False,False,False,False,0,0,0,1,1,1,0,0,0,0,1
differentiated,S_0061062,2,1,2,1,0,0,1.0,0.0,0.0,1,-0.0,False,False,False,False,False,0,0,0,1,1,1,0,0,0,0,1
differentiated,S_0061067,2,1,2,1,0,0,1.0,0.0,0.0,1,-0.0,False,False,False,False,False,0,0,0,1,1,1,0,0,0,0,1
differentiated,S_0061076,3,3,3,2,1,0,0.6666666666666666,0.3333333333333333,0.0,2,0.5793801642856949,False,True,True,False,False,0,0,0,3,1,2,0,0,1,0,2
differentiated,S_0061077,1,1,1,1,0,0,1.0,0.0,0.0,1,-0.0,False,False,False,False,False,0,0,0,1,1,1,0,0,0,0,1
differentiated,S_0061078,1,1,1,1,0,0,1.0,0.0,0.0,1,-0.0,False,False,False,False,False,0,0,0,1,1,1,0,0,0,0,1
differentiated,S_0061085,1,1,1,0,1,0,0.0,1.0,0.0,1,-0.0,False,False,False,False,False,0,0,0,1,1,0,0,0,1,0,1
differentiated,S_0061092,3,3,3,2,1,0,0.6666666666666666,0.3333333333333333,0.0,2,0.5793801642856949,False,True,True,False,False,0,0,0,3,1,2,0,0,1,0,2
differentiated,S_0061094,1,1,1,1,0,0,1.0,0.0,0.0,1,-0.0,False,False,False,False,False,0,0,0,1,1,1,0,0,0,0,1
differentiated,S_0061100,2,2,2,2,0,0,1.0,0.0,0.0,1,-0.0,False,True,False,False,False,0,0,0,2,1,1,0,0,1,0,2
differentiated,S_0061104,1,1,1,0,1,0,0.0,1.0,0.0,1,-0.0,False,False,False,False,False,0,0,0,1,1,0,0,0,1,0,1
differentiated,S_0061106,1,1,1,1,0,0,1.0,0.0,0.0,1,-0.0,False,False,False,False,False,0,0,0,1,1,1,0,0,0,0,1
differentiated,S_0061110,3,3,3,2,1,0,0.6666666666666666,0.3333333333333333,0.0,2,0.5793801642856949,False,True,True,False,False,0,0,0,3,1,3,0,0,0,0,1
differentiated,S_0061111,3,3,3,2,1,0,0.6666666666666666,0.3333333333333333,0.0,2,0.5793801642856949,False,True,True,False,False,0,0,0,3,1,3,0,0,0,0,1
differentiated,S_0061113,2,2,2,0,2,0,0.0,1.0,0.0,1,-0.0,False,True,False,False,False,0,0,0,2,1,1,0,0,1,0,2
differentiated,S_0061115,5,5,2,2,3,0,0.4,0.6,0.0,2,0.6126016192893442,True,True,True,True,False,0,0,0,5,1,2,3,0,0,0,2
differentiated,S_0061116,2,2,2,1,1,0,0.5,0.5,0.0,2,0.6309297535714574,False,True,False,False,False,0,0,0,2,1,1,0,0,1,0,2
differentiated,S_0061120,5,5,2,2,3,0,0.4,0.6,0.0,2,0.6126016192893442,True,True,True,True,False,0,0,0,5,1,2,3,0,0,0,2
differentiated,S_0061121,3,3,3,2,1,0,0.6666666666666666,0.3333333333333333,0.0,2,0.5793801642856949,False,True,True,False,False,0,0,0,3,1,2,0,0,1,0,2
differentiated,S_0061133,1,1,1,0,1,0,0.0,1.0,0.0,1,-0.0,False,False,False,False,False,0,0,0,1,1,0,0,0,1,0,1
differentiated,S_0061137,1,1,1,1,0,0,1.0,0.0,0.0,1,-0.0,False,False,False,False,False,0,0,0,1,1,0,0,0,1,0,1
differentiated,S_0061140,1,1,1,1,0,0,1.0,0.0,0.0,1,-0.0,False,False,False,False,False,0,0,0,1,1,1,0,0,0,0,1
differentiated,S_0061141,1,1,1,1,0,0,1.0,0.0,0.0,1,-0.0,False,False,False,False,False,0,0,0,1,1,0,0,0,1,0,1
differentiated,S_0061143,1,1,1,1,0,0,1.0,0.0,0.0,1,-0.0,False,False,False,False,False,0,0,0,1,1,1,0,0,0,0,1
differentiated,S_0061152,1,1,1,0,1,0,0.0,1.0,0.0,1,-0.0,False,False,False,False,False,0,0,0,1,1,0,0,0,1,0,1
differentiated,S_0061154,1,1,1,1,0,0,1.0,0.0,0.0,1,-0.0,False,False,False,False,False,0,0,0,1,1,1,0,0,0,0,1
differentiated,S_0061155,1,1,1,1,0,0,1.0,0.0,0.0,1,-0.0,False,False,False,False,False,0,0,0,1,1,1,0,0,0,0,1
differentiated,S_0061169,1,1,1,1,0,0,1.0,0.0,0.0,1,-0.0,False,False,False,False,False,0,0,0,1,1,1,0,0,0,0,1
differentiated,S_0061170,1,1,1,1,0,0,1.0,0.0,0.0,1,-0.0,False,False,False,False,False,0,0,0,1,1,1,0,0,0,0,1
differentiated,S_0061171,2,2,2,2,0,0,1.0,0.0,0.0,1,-0.0,False,True,False,False,False,0,0,0,2,1,1,0,0,1,0,2
differentiated,S_0061175,2,2,2,0,2,0,0.0,1.0,0.0,1,-0.0,False,True,False,False,False,0,0,0,2,1,1,0,0,1,0,2
differentiated,S_0061191,1,1,1,1,0,0,1.0,0.0,0.0,1,-0.0,False,False,False,False,False,0,0,0,1,1,1,0,0,0,0,1
differentiated,S_0061198,2,2,2,1,1,0,0.5,0.5,0.0,2,0.6309297535714574,False,True,False,False,False,0,0,0,2,1,1,0,0,1,0,2
differentiated,S_0061203,5,5,3,1,4,0,0.2,0.8,0.0,2,0.4554859150035952,True,True,True,True,False,0,0,0,5,1,1,0,1,1,2,4
differentiated,S_0061205,5,5,3,1,4,0,0.2,0.8,0.0,2,0.4554859150035952,True,True,True,True,False,0,0,0,5,1,1,0,1,1,2,4
differentiated,S_0061206,2,2,1,2,0,0,1.0,0.0,0.0,1,-0.0,False,True,False,False,False,0,0,0,2,1,2,0,0,0,0,1
differentiated,S_0061208,1,1,1,0,1,0,0.0,1.0,0.0,1,-0.0,False,False,False,False,False,0,0,0,1,1,0,0,0,1,0,1
differentiated,S_0061213,1,1,1,1,0,0,1.0,0.0,0.0,1,-0.0,False,False,False,False,False,0,0,0,1,1,1,0,0,0,0,1
differentiated,S_0061214,1,1,1,1,0,0,1.0,0.0,0.0,1,-0.0,False,False,False,False,False,0,0,0,1,1,1,0,0,0,0,1
differentiated,S_0061223,1,1,1,1,0,0,1.0,0.0,0.0,1,-0.0,False,False,False,False,False,0,0,0,1,1,1,0,0,0,0,1
differentiated,S_0061224,1,1,1,1,0,0,1.0,0.0,0.0,1,-0.0,False,False,False,False,False,0,0,0,1,1,1,0,0,0,0,1
differentiated,S_0061235,1,1,1,0,1,0,0.0,1.0,0.0,1,-0.0,False,False,False,False,False,0,0,0,1,1,0,0,0,1,0,1
differentiated,S_0061238,3,3,3,2,1,0,0.6666666666666666,0.3333333333333333,0.0,2,0.5793801642856949,False,True,True,False,False,0,0,0,3,1,2,0,0,1,0,2
differentiated,S_0061244,1,1,1,1,0,0,1.0,0.0,0.0,1,-0.0,False,False,False,False,False,0,0,0,1,1,1,0,0,0,0,1
differentiated,S_0061260,1,1,1,0,1,0,0.0,1.0,0.0,1,-0.0,False,False,False,False,False,0,0,0,1,1,0,0,0,1,0,1
differentiated,S_0061265,2,2,2,0,2,0,0.0,1.0,0.0,1,-0.0,False,True,False,False,False,0,0,0,2,1,0,0,0,2,0,1
differentiated,S_0061268,3,3,2,1,2,0,0.3333333333333333,0.6666666666666666,0.0,2,0.5793801642856949,False,True,True,False,False,0,0,0,3,1,0,0,1,1,1,3
differentiated,S_0061270,1,1,1,0,1,0,0.0,1.0,0.0,1,-0.0,False,False,False,False,False,0,0,0,1,1,0,0,0,1,0,1
differentiated,S_0061281,1,1,1,0,1,0,0.0,1.0,0.0,1,-0.0,False,False,False,False,False,0,0,0,1,1,0,0,0,1,0,1
differentiated,S_0061284,1,1,1,1,0,0,1.0,0.0,0.0,1,-0.0,False,False,False,False,False,0,0,0,1,1,1,0,0,0,0,1
differentiated,S_0061285,1,1,1,1,0,0,1.0,0.0,0.0,1,-0.0,False,False,False,False,False,0,0,0,1,1,1,0,0,0,0,1
differentiated,S_0061305,1,1,1,0,1,0,0.0,1.0,0.0,1,-0.0,False,False,False,False,False,0,0,0,1,1,0,0,0,1,0,1
differentiated,S_0061308,1,1,1,1,0,0,1.0,0.0,0.0,1,-0.0,False,False,False,False,False,0,0,0,1,1,1,0,0,0,0,1
differentiated,S_0061311,1,1,1,1,0,0,1.0,0.0,0.0,1,-0.0,False,False,False,False,False,0,0,0,1,1,1,0,0,0,0,1
differentiated,S_0061315,1,1,1,1,0,0,1.0,0.0,0.0,1,-0.0,False,False,False,False,False,0,0,0,1,1,1,0,0,0,0,1
differentiated,S_0061317,1,1,1,0,1,0,0.0,1.0,0.0,1,-0.0,False,False,False,False,False,0,0,0,1,1,0,0,0,1,0,1
differentiated,S_0061324,1,1,1,1,0,0,1.0,0.0,0.0,1,-0.0,False,False,False,False,False,0,0,0,1,1,1,0,0,0,0,1
differentiated,S_0061325,1,1,1,1,0,0,1.0,0.0,0.0,1,-0.0,False,False,False,False,False,0,0,0,1,1,1,0,0,0,0,1
differentiated,S_0061330,1,1,1,0,1,0,0.0,1.0,0.0,1,-0.0,False,False,False,False,False,0,0,0,1,1,0,0,0,1,0,1
differentiated,S_0061332,3,3,3,2,1,0,0.6666666666666666,0.3333333333333333,0.0,2,0.5793801642856949,False,True,True,False,False,0,0,0,3,1,3,0,0,0,0,1
differentiated,S_0061333,3,3,3,2,1,0,0.6666666666666666,0.3333333333333333,0.0,2,0.5793801642856949,False,True,True,False,False,0,0,0,3,1,3,0,0,0,0,1
differentiated,S_0061361,5,5,2,2,3,0,0.4,0.6,0.0,2,0.6126016192893442,True,True,True,True,False,0,0,0,5,1,2,3,0,0,0,2
differentiated,S_0061364,5,5,2,2,3,0,0.4,0.6,0.0,2,0.6126016192893442,True,True,True,True,False,0,0,0,5,1,2,3,0,0,0,2
differentiated,S_0061366,1,1,1,0,1,0,0.0,1.0,0.0,1,-0.0,False,False,False,False,False,0,0,0,1,1,0,0,0,1,0,1
differentiated,S_0061371,1,1,1,0,1,0,0.0,1.0,0.0,1,-0.0,False,False,False,False,False,0,0,0,1,1,0,0,0,1,0,1
differentiated,S_0061378,1,1,1,0,1,0,0.0,1.0,0.0,1,-0.0,False,False,False,False,False,0,0,0,1,1,1,0,0,0,0,1
differentiated,S_0061379,1,1,1,0,1,0,0.0,1.0,0.0,1,-0.0,False,False,False,False,False,0,0,0,1,1,1,0,0,0,0,1
differentiated,S_0061387,1,1,1,1,0,0,1.0,0.0,0.0,1,-0.0,False,False,False,False,False,0,0,0,1,1,1,0,0,0,0,1
differentiated,S_0061390,2,2,2,1,1,0,0.5,0.5,0.0,2,0.6309297535714574,False,True,False,False,False,0,0,0,2,1,1,0,0,1,0,2
differentiated,S_0061396,3,3,3,2,1,0,0.6666666666666666,0.3333333333333333,0.0,2,0.5793801642856949,False,True,True,False,False,0,0,0,3,1,2,0,0,1,0,2
differentiated,S_0061401,1,1,1,1,0,0,1.0,0.0,0.0,1,-0.0,False,False,False,False,False,0,0,0,1,1,1,0,0,0,0,1
differentiated,S_0061402,5,5,5,3,2,0,0.6,0.4,0.0,2,0.6126016192893442,True,True,True,True,False,0,0,0,5,1,3,1,0,1,0,3
differentiated,S_0061429,4,4,3,1,3,0,0.25,0.75,0.0,2,0.5118595071429147,False,True,True,False,False,0,0,0,4,1,1,2,1,0,0,3
differentiated,S_0061434,1,1,1,1,0,0,1.0,0.0,0.0,1,-0.0,False,False,False,False,False,0,0,0,1,1,1,0,0,0,0,1
differentiated,S_0061439,1,1,1,1,0,0,1.0,0.0,0.0,1,-0.0,False,False,False,False,False,0,0,0,1,1,1,0,0,0,0,1
differentiated,S_0061440,1,1,1,1,0,0,1.0,0.0,0.0,1,-0.0,False,False,False,False,False,0,0,0,1,1,1,0,0,0,0,1
differentiated,S_0061448,4,4,4,2,2,0,0.5,0.5,0.0,2,0.6309297535714574,False,True,True,False,False,0,0,0,4,1,2,0,0,2,0,2
differentiated,S_0061449,4,4,4,2,2,0,0.5,0.5,0.0,2,0.6309297535714574,False,True,True,False,False,0,0,0,4,1,2,0,0,2,0,2
differentiated,S_0061454,2,2,1,2,0,0,1.0,0.0,0.0,1,-0.0,False,True,False,False,False,0,0,0,2,1,1,1,0,0,0,2
differentiated,S_0061455,2,2,1,2,0,0,1.0,0.0,0.0,1,-0.0,False,True,False,False,False,0,0,0,2,1,1,1,0,0,0,2
differentiated,S_0061465,2,2,1,2,0,0,1.0,0.0,0.0,1,-0.0,False,True,False,False,False,0,0,0,2,1,2,0,0,0,0,1
differentiated,S_0061466,2,2,1,2,0,0,1.0,0.0,0.0,1,-0.0,False,True,False,False,False,0,0,0,2,1,2,0,0,0,0,1
differentiated,S_0061467,3,3,3,2,1,0,0.6666666666666666,0.3333333333333333,0.0,2,0.5793801642856949,False,True,True,False,False,0,0,0,3,1,3,0,0,0,0,1
differentiated,S_0061468,3,3,3,2,1,0,0.6666666666666666,0.3333333333333333,0.0,2,0.5793801642856949,False,True,True,False,False,0,0,0,3,1,3,0,0,0,0,1
differentiated,S_0061470,1,1,1,0,1,0,0.0,1.0,0.0,1,-0.0,False,False,False,False,False,0,0,0,1,1,0,0,0,1,0,1
differentiated,S_0061471,1,1,1,0,1,0,0.0,1.0,0.0,1,-0.0,False,False,False,False,False,0,0,0,1,1,0,0,0,1,0,1
differentiated,S_0061472,2,2,2,1,1,0,0.5,0.5,0.0,2,0.6309297535714574,False,True,False,False,False,0,0,0,2,1,1,0,0,1,0,2
differentiated,S_0061478,3,3,3,2,1,0,0.6666666666666666,0.3333333333333333,0.0,2,0.5793801642856949,False,True,True,False,False,0,0,0,3,1,2,0,0,1,0,2
differentiated,S_0061480,1,1,1,1,0,0,1.0,0.0,0.0,1,-0.0,False,False,False,False,False,0,0,0,1,1,1,0,0,0,0,1
differentiated,S_0061481,1,1,1,1,0,0,1.0,0.0,0.0,1,-0.0,False,False,False,False,False,0,0,0,1,1,1,0,0,0,0,1
differentiated,S_0061484,1,1,1,0,1,0,0.0,1.0,0.0,1,-0.0,False,False,False,False,False,0,0,0,1,1,0,0,0,1,0,1
differentiated,S_0061491,5,5,2,2,3,0,0.4,0.6,0.0,2,0.6126016192893442,True,True,True,True,False,0,0,0,5,1,2,3,0,0,0,2
differentiated,S_0061492,5,5,2,2,3,0,0.4,0.6,0.0,2,0.6126016192893442,True,True,True,True,False,0,0,0,5,1,2,3,0,0,0,2
differentiated,S_0061493,1,1,1,1,0,0,1.0,0.0,0.0,1,-0.0,False,False,False,False,False,0,0,0,1,1,1,0,0,0,0,1
differentiated,S_0061497,1,1,1,1,0,0,1.0,0.0,0.0,1,-0.0,False,False,False,False,False,0,0,0,1,1,1,0,0,0,0,1
differentiated,S_0061498,1,1,1,0,1,0,0.0,1.0,0.0,1,-0.0,False,False,False,False,False,0,0,0,1,1,0,0,0,1,0,1
differentiated,S_0061505,1,1,1,0,1,0,0.0,1.0,0.0,1,-0.0,False,False,False,False,False,0,0,0,1,1,1,0,0,0,0,1
differentiated,S_0061511,2,2,2,2,0,0,1.0,0.0,0.0,1,-0.0,False,True,False,False,False,0,0,0,2,1,1,0,0,1,0,2
differentiated,S_0061517,1,1,1,0,1,0,0.0,1.0,0.0,1,-0.0,False,False,False,False,False,0,0,0,1,1,1,0,0,0,0,1
differentiated,S_0061518,1,1,1,0,1,0,0.0,1.0,0.0,1,-0.0,False,False,False,False,False,0,0,0,1,1,1,0,0,0,0,1
differentiated,S_0061519,3,3,2,1,2,0,0.3333333333333333,0.6666666666666666,0.0,2,0.5793801642856949,False,True,True,False,False,0,0,0,3,1,0,0,1,1,1,3
differentiated,S_0061520,3,3,2,1,2,0,0.3333333333333333,0.6666666666666666,0.0,2,0.5793801642856949,False,True,True,False,False,0,0,0,3,1,0,0,1,1,1,3
differentiated,S_0061526,1,1,1,0,1,0,0.0,1.0,0.0,1,-0.0,False,False,False,False,False,0,0,0,1,1,0,0,0,1,0,1
differentiated,S_0061528,3,3,3,2,1,0,0.6666666666666666,0.3333333333333333,0.0,2,0.5793801642856949,False,True,True,False,False,0,0,0,3,1,2,0,0,1,0,2
differentiated,S_0061554,2,2,1,2,0,0,1.0,0.0,0.0,1,-0.0,False,True,False,False,False,0,0,0,2,1,2,0,0,0,0,1
differentiated,S_0061557,1,1,1,0,1,0,0.0,1.0,0.0,1,-0.0,False,False,False,False,False,0,0,0,1,1,1,0,0,0,0,1
differentiated,S_0061558,1,1,1,0,1,0,0.0,1.0,0.0,1,-0.0,False,False,False,False,False,0,0,0,1,1,1,0,0,0,0,1
differentiated,S_0061572,1,1,1,0,1,0,0.0,1.0,0.0,1,-0.0,False,False,False,False,False,0,0,0,1,1,0,0,0,1,0,1
differentiated,S_0061579,1,1,1,0,1,0,0.0,1.0,0.0,1,-0.0,False,False,False,False,False,0,0,0,1,1,0,0,0,1,0,1
differentiated,S_0061582,1,1,1,1,0,0,1.0,0.0,0.0,1,-0.0,False,False,False,False,False,0,0,0,1,1,1,0,0,0,0,1
differentiated,S_0061586,1,1,1,1,0,0,1.0,0.0,0.0,1,-0.0,False,False,False,False,False,0,0,0,1,1,1,0,0,0,0,1
differentiated,S_0061587,1,1,1,1,0,0,1.0,0.0,0.0,1,-0.0,False,False,False,False,False,0,0,0,1,1,1,0,0,0,0,1
differentiated,S_0061602,2,2,2,2,0,0,1.0,0.0,0.0,1,-0.0,False,True,False,False,False,0,0,0,2,1,2,0,0,0,0,1
differentiated,S_0061604,4,4,3,1,3,0,0.25,0.75,0.0,2,0.5118595071429147,False,True,True,False,False,0,0,0,4,1,1,2,1,0,0,3
differentiated,S_0061609,1,1,1,1,0,0,1.0,0.0,0.0,1,-0.0,False,False,False,False,False,0,0,0,1,1,1,0,0,0,0,1
differentiated,S_0061614,2,2,2,2,0,0,1.0,0.0,0.0,1,-0.0,False,True,False,False,False,0,0,0,2,1,2,0,0,0,0,1
differentiated,S_0061625,2,2,1,2,0,0,1.0,0.0,0.0,1,-0.0,False,True,False,False,False,0,0,0,2,1,2,0,0,0,0,1
differentiated,S_0061636,1,1,1,1,0,0,1.0,0.0,0.0,1,-0.0,False,False,False,False,False,0,0,0,1,1,1,0,0,0,0,1
differentiated,S_0061637,1,1,1,1,0,0,1.0,0.0,0.0,1,-0.0,False,False,False,False,False,0,0,0,1,1,1,0,0,0,0,1
differentiated,S_0061652,2,2,2,0,2,0,0.0,1.0,0.0,1,-0.0,False,True,False,False,False,0,0,0,2,1,0,0,0,2,0,1
differentiated,S_0061653,2,2,2,0,2,0,0.0,1.0,0.0,1,-0.0,False,True,False,False,False,0,0,0,2,1,0,0,0,2,0,1
differentiated,S_0061664,3,3,3,2,1,0,0.6666666666666666,0.3333333333333333,0.0,2,0.5793801642856949,False,True,True,False,False,0,0,0,3,1,3,0,0,0,0,1
differentiated,S_0061665,3,3,3,2,1,0,0.6666666666666666,0.3333333333333333,0.0,2,0.5793801642856949,False,True,True,False,False,0,0,0,3,1,3,0,0,0,0,1
differentiated,S_0061670,2,2,2,1,1,0,0.5,0.5,0.0,2,0.6309297535714574,False,True,False,False,False,0,0,0,2,1,1,0,0,1,0,2
differentiated,S_0061674,1,1,1,1,0,0,1.0,0.0,0.0,1,-0.0,False,False,False,False,False,0,0,0,1,1,1,0,0,0,0,1
differentiated,S_0061675,1,1,1,1,0,0,1.0,0.0,0.0,1,-0.0,False,False,False,False,False,0,0,0,1,1,1,0,0,0,0,1
differentiated,S_0061678,2,2,2,1,1,0,0.5,0.5,0.0,2,0.6309297535714574,False,True,False,False,False,0,0,0,2,1,1,0,0,1,0,2
differentiated,S_0061690,1,1,1,1,0,0,1.0,0.0,0.0,1,-0.0,False,False,False,False,False,0,0,0,1,1,0,0,0,1,0,1
differentiated,S_0061691,2,2,2,2,0,0,1.0,0.0,0.0,1,-0.0,False,True,False,False,False,0,0,0,2,1,1,0,0,1,0,2
differentiated,S_0061696,1,1,1,1,0,0,1.0,0.0,0.0,1,-0.0,False,False,False,False,False,0,0,0,1,1,0,0,0,1,0,1
differentiated,S_0061704,2,2,2,1,1,0,0.5,0.5,0.0,2,0.6309297535714574,False,True,False,False,False,0,0,0,2,1,1,0,0,1,0,2
differentiated,S_0061718,5,5,5,3,2,0,0.6,0.4,0.0,2,0.6126016192893442,True,True,True,True,False,0,0,0,5,1,3,1,0,1,0,3
differentiated,S_0061719,1,1,1,0,1,0,0.0,1.0,0.0,1,-0.0,False,False,False,False,False,0,0,0,1,1,0,0,0,1,0,1
differentiated,S_0061720,4,4,3,1,3,0,0.25,0.75,0.0,2,0.5118595071429147,False,True,True,False,False,0,0,0,4,1,1,2,1,0,0,3
differentiated,S_0061726,5,5,5,3,2,0,0.6,0.4,0.0,2,0.6126016192893442,True,True,True,True,False,0,0,0,5,1,3,1,0,1,0,3
differentiated,S_0061745,1,1,1,1,0,0,1.0,0.0,0.0,1,-0.0,False,False,False,False,False,0,0,0,1,1,1,0,0,0,0,1
differentiated,S_0061746,2,2,1,2,0,0,1.0,0.0,0.0,1,-0.0,False,True,False,False,False,0,0,0,2,1,2,0,0,0,0,1
differentiated,S_0061754,3,3,3,2,1,0,0.6666666666666666,0.3333333333333333,0.0,2,0.5793801642856949,False,True,True,False,False,0,0,0,3,1,3,0,0,0,0,1
differentiated,S_0061755,3,3,3,2,1,0,0.6666666666666666,0.3333333333333333,0.0,2,0.5793801642856949,False,True,True,False,False,0,0,0,3,1,3,0,0,0,0,1
differentiated,S_0061756,1,1,1,1,0,0,1.0,0.0,0.0,1,-0.0,False,False,False,False,False,0,0,0,1,1,1,0,0,0,0,1
differentiated,S_0061768,3,3,3,2,1,0,0.6666666666666666,0.3333333333333333,0.0,2,0.5793801642856949,False,True,True,False,False,0,0,0,3,1,3,0,0,0,0,1
differentiated,S_0061769,3,3,3,2,1,0,0.6666666666666666,0.3333333333333333,0.0,2,0.5793801642856949,False,True,True,False,False,0,0,0,3,1,3,0,0,0,0,1
differentiated,S_0061775,1,1,1,1,0,0,1.0,0.0,0.0,1,-0.0,False,False,False,False,False,0,0,0,1,1,0,0,0,1,0,1
differentiated,S_0061777,1,1,1,1,0,0,1.0,0.0,0.0,1,-0.0,False,False,False,False,False,0,0,0,1,1,0,0,0,1,0,1
differentiated,S_0061784,1,1,1,1,0,0,1.0,0.0,0.0,1,-0.0,False,False,False,False,False,0,0,0,1,1,0,0,0,1,0,1
differentiated,S_0061793,3,3,2,1,2,0,0.3333333333333333,0.6666666666666666,0.0,2,0.5793801642856949,False,True,True,False,False,0,0,0,3,1,0,0,1,1,1,3
differentiated,S_0061797,1,1,1,0,1,0,0.0,1.0,0.0,1,-0.0,False,False,False,False,False,0,0,0,1,1,0,0,0,1,0,1
differentiated,S_0061801,3,3,3,2,1,0,0.6666666666666666,0.3333333333333333,0.0,2,0.5793801642856949,False,True,True,False,False,0,0,0,3,1,2,0,0,1,0,2
differentiated,S_0061811,5,5,5,3,2,0,0.6,0.4,0.0,2,0.6126016192893442,True,True,True,True,False,0,0,0,5,1,3,1,0,1,0,3
differentiated,S_0061812,5,5,5,3,2,0,0.6,0.4,0.0,2,0.6126016192893442,True,True,True,True,False,0,0,0,5,1,3,1,0,1,0,3
differentiated,S_0061819,1,1,1,1,0,0,1.0,0.0,0.0,1,-0.0,False,False,False,False,False,0,0,0,1,1,1,0,0,0,0,1
differentiated,S_0061820,1,1,1,1,0,0,1.0,0.0,0.0,1,-0.0,False,False,False,False,False,0,0,0,1,1,1,0,0,0,0,1
differentiated,S_0061826,1,1,1,0,1,0,0.0,1.0,0.0,1,-0.0,False,False,False,False,False,0,0,0,1,1,0,0,0,1,0,1
differentiated,S_0061831,1,1,1,0,1,0,0.0,1.0,0.0,1,-0.0,False,False,False,False,False,0,0,0,1,1,0,0,0,1,0,1
differentiated,S_0061833,5,5,2,2,3,0,0.4,0.6,0.0,2,0.6126016192893442,True,True,True,True,False,0,0,0,5,1,2,3,0,0,0,2
differentiated,S_0061837,5,5,2,2,3,0,0.4,0.6,0.0,2,0.6126016192893442,True,True,True,True,False,0,0,0,5,1,2,3,0,0,0,2
differentiated,S_0061838,5,5,2,2,3,0,0.4,0.6,0.0,2,0.6126016192893442,True,True,True,True,False,0,0,0,5,1,2,3,0,0,0,2
differentiated,S_0061839,5,5,2,2,3,0,0.4,0.6,0.0,2,0.6126016192893442,True,True,True,True,False,0,0,0,5,1,2,3,0,0,0,2
differentiated,S_0061844,1,1,1,1,0,0,1.0,0.0,0.0,1,-0.0,False,False,False,False,False,0,0,0,1,1,1,0,0,0,0,1
differentiated,S_0061845,2,2,2,1,1,0,0.5,0.5,0.0,2,0.6309297535714574,False,True,False,False,False,0,0,0,2,1,1,0,0,1,0,2
differentiated,S_0061850,2,2,2,2,0,0,1.0,0.0,0.0,1,-0.0,False,True,False,False,False,0,0,0,2,1,1,0,0,1,0,2
differentiated,S_0061857,1,1,1,1,0,0,1.0,0.0,0.0,1,-0.0,False,False,False,False,False,0,0,0,1,1,1,0,0,0,0,1
differentiated,S_0061859,3,3,3,2,1,0,0.6666666666666666,0.3333333333333333,0.0,2,0.5793801642856949,False,True,True,False,False,0,0,0,3,1,2,0,0,1,0,2
differentiated,S_0061860,1,1,1,1,0,0,1.0,0.0,0.0,1,-0.0,False,False,False,False,False,0,0,0,1,1,1,0,0,0,0,1
differentiated,S_0061872,1,1,1,1,0,0,1.0,0.0,0.0,1,-0.0,False,False,False,False,False,0,0,0,1,1,1,0,0,0,0,1
differentiated,S_0061879,1,1,1,1,0,0,1.0,0.0,0.0,1,-0.0,False,False,False,False,False,0,0,0,1,1,1,0,0,0,0,1
differentiated,S_0061883,3,3,3,2,1,0,0.6666666666666666,0.3333333333333333,0.0,2,0.5793801642856949,False,True,True,False,False,0,0,0,3,1,2,0,0,1,0,2
differentiated,S_0061888,1,1,1,1,0,0,1.0,0.0,0.0,1,-0.0,False,False,False,False,False,0,0,0,1,1,1,0,0,0,0,1
differentiated,S_0061895,1,1,1,0,1,0,0.0,1.0,0.0,1,-0.0,False,False,False,False,False,0,0,0,1,1,1,0,0,0,0,1
differentiated,S_0061911,1,1,1,1,0,0,1.0,0.0,0.0,1,-0.0,False,False,False,False,False,0,0,0,1,1,1,0,0,0,0,1
differentiated,S_0061920,2,2,2,2,0,0,1.0,0.0,0.0,1,-0.0,False,True,False,False,False,0,0,0,2,1,1,0,0,1,0,2
differentiated,S_0061921,1,1,1,0,1,0,0.0,1.0,0.0,1,-0.0,False,False,False,False,False,0,0,0,1,1,0,0,0,1,0,1
differentiated,S_0061927,2,2,2,0,2,0,0.0,1.0,0.0,1,-0.0,False,True,False,False,False,0,0,0,2,1,0,0,0,2,0,1
differentiated,S_0061928,2,2,2,0,2,0,0.0,1.0,0.0,1,-0.0,False,True,False,False,False,0,0,0,2,1,0,0,0,2,0,1
differentiated,S_0061930,4,4,3,1,3,0,0.25,0.75,0.0,2,0.5118595071429147,False,True,True,False,False,0,0,0,4,1,1,2,1,0,0,3
differentiated,S_0061933,3,3,3,2,1,0,0.6666666666666666,0.3333333333333333,0.0,2,0.5793801642856949,False,True,True,False,False,0,0,0,3,1,2,0,0,1,0,2
differentiated,S_0061942,1,1,1,1,0,0,1.0,0.0,0.0,1,-0.0,False,False,False,False,False,0,0,0,1,1,1,0,0,0,0,1
differentiated,S_0061943,1,1,1,1,0,0,1.0,0.0,0.0,1,-0.0,False,False,False,False,False,0,0,0,1,1,1,0,0,0,0,1
differentiated,S_0061947,1,1,1,1,0,0,1.0,0.0,0.0,1,-0.0,False,False,False,False,False,0,0,0,1,1,1,0,0,0,0,1
differentiated,S_0061948,2,2,2,1,1,0,0.5,0.5,0.0,2,0.6309297535714574,False,True,False,False,False,0,0,0,2,1,1,0,0,1,0,2
differentiated,S_0061949,2,2,2,0,2,0,0.0,1.0,0.0,1,-0.0,False,True,False,False,False,0,0,0,2,1,0,0,0,2,0,1
differentiated,S_0061950,1,1,1,1,0,0,1.0,0.0,0.0,1,-0.0,False,False,False,False,False,0,0,0,1,1,1,0,0,0,0,1
differentiated,S_0061951,2,2,2,0,2,0,0.0,1.0,0.0,1,-0.0,False,True,False,False,False,0,0,0,2,1,0,0,0,2,0,1
differentiated,S_0061956,1,1,1,0,1,0,0.0,1.0,0.0,1,-0.0,False,False,False,False,False,0,0,0,1,1,0,0,0,1,0,1
differentiated,S_0061957,2,2,2,2,0,0,1.0,0.0,0.0,1,-0.0,False,True,False,False,False,0,0,0,2,1,2,0,0,0,0,1
differentiated,S_0061958,2,2,2,2,0,0,1.0,0.0,0.0,1,-0.0,False,True,False,False,False,0,0,0,2,1,2,0,0,0,0,1
differentiated,S_0061962,1,1,1,0,1,0,0.0,1.0,0.0,1,-0.0,False,False,False,False,False,0,0,0,1,1,0,0,0,1,0,1
differentiated,S_0061969,1,1,1,1,0,0,1.0,0.0,0.0,1,-0.0,False,False,False,False,False,0,0,0,1,1,1,0,0,0,0,1
differentiated,S_0061974,3,3,3,2,1,0,0.6666666666666666,0.3333333333333333,0.0,2,0.5793801642856949,False,True,True,False,False,0,0,0,3,1,2,0,0,1,0,2
differentiated,S_0061982,1,1,1,1,0,0,1.0,0.0,0.0,1,-0.0,False,False,False,False,False,0,0,0,1,1,1,0,0,0,0,1
differentiated,S_0061999,1,1,1,1,0,0,1.0,0.0,0.0,1,-0.0,False,False,False,False,False,0,0,0,1,1,1,0,0,0,0,1
differentiated,S_0062003,1,1,1,1,0,0,1.0,0.0,0.0,1,-0.0,False,False,False,False,False,0,0,0,1,1,1,0,0,0,0,1
differentiated,S_0062016,5,5,2,2,3,0,0.4,0.6,0.0,2,0.6126016192893442,True,True,True,True,False,0,0,0,5,1,2,3,0,0,0,2
differentiated,S_0062017,5,5,2,2,3,0,0.4,0.6,0.0,2,0.6126016192893442,True,True,True,True,False,0,0,0,5,1,2,3,0,0,0,2
differentiated,S_0062030,1,1,1,1,0,0,1.0,0.0,0.0,1,-0.0,False,False,False,False,False,0,0,0,1,1,1,0,0,0,0,1
differentiated,S_0062031,1,1,1,1,0,0,1.0,0.0,0.0,1,-0.0,False,False,False,False,False,0,0,0,1,1,1,0,0,0,0,1
differentiated,S_0062038,2,2,1,2,0,0,1.0,0.0,0.0,1,-0.0,False,True,False,False,False,0,0,0,2,1,2,0,0,0,0,1
differentiated,S_0062050,1,1,1,1,0,0,1.0,0.0,0.0,1,-0.0,False,False,False,False,False,0,0,0,1,1,1,0,0,0,0,1
differentiated,S_0062051,1,1,1,1,0,0,1.0,0.0,0.0,1,-0.0,False,False,False,False,False,0,0,0,1,1,1,0,0,0,0,1
differentiated,S_0062062,1,1,1,1,0,0,1.0,0.0,0.0,1,-0.0,False,False,False,False,False,0,0,0,1,1,1,0,0,0,0,1
differentiated,S_0062083,2,2,2,2,0,0,1.0,0.0,0.0,1,-0.0,False,True,False,False,False,0,0,0,2,1,1,0,0,1,0,2
differentiated,S_0062084,1,1,1,1,0,0,1.0,0.0,0.0,1,-0.0,False,False,False,False,False,0,0,0,1,1,1,0,0,0,0,1
differentiated,S_0062086,1,1,1,0,1,0,0.0,1.0,0.0,1,-0.0,False,False,False,False,False,0,0,0,1,1,1,0,0,0,0,1
differentiated,S_0062087,1,1,1,0,1,0,0.0,1.0,0.0,1,-0.0,False,False,False,False,False,0,0,0,1,1,1,0,0,0,0,1
differentiated,S_0062108,3,3,3,2,1,0,0.6666666666666666,0.3333333333333333,0.0,2,0.5793801642856949,False,True,True,False,False,0,0,0,3,1,2,0,0,1,0,2
differentiated,S_0062110,1,1,1,1,0,0,1.0,0.0,0.0,1,-0.0,False,False,False,False,False,0,0,0,1,1,1,0,0,0,0,1
differentiated,S_0062140,1,1,1,0,1,0,0.0,1.0,0.0,1,-0.0,False,False,False,False,False,0,0,0,1,1,0,0,0,1,0,1
differentiated,S_0062148,3,3,3,2,1,0,0.6666666666666666,0.3333333333333333,0.0,2,0.5793801642856949,False,True,True,False,False,0,0,0,3,1,2,0,0,1,0,2
differentiated,S_0062149,2,2,2,0,2,0,0.0,1.0,0.0,1,-0.0,False,True,False,False,False,0,0,0,2,1,0,0,0,2,0,1
differentiated,S_0062151,4,4,4,2,2,0,0.5,0.5,0.0,2,0.6309297535714574,False,True,True,False,False,0,0,0,4,1,2,0,0,2,0,2
differentiated,S_0062152,4,4,4,2,2,0,0.5,0.5,0.0,2,0.6309297535714574,False,True,True,False,False,0,0,0,4,1,2,0,0,2,0,2
differentiated,S_0062160,1,1,1,1,0,0,1.0,0.0,0.0,1,-0.0,False,False,False,False,False,0,0,0,1,1,1,0,0,0,0,1
differentiated,S_0062169,1,1,1,1,0,0,1.0,0.0,0.0,1,-0.0,False,False,False,False,False,0,0,0,1,1,1,0,0,0,0,1
differentiated,S_0062172,1,1,1,1,0,0,1.0,0.0,0.0,1,-0.0,False,False,False,False,False,0,0,0,1,1,1,0,0,0,0,1
differentiated,S_0062181,1,1,1,1,0,0,1.0,0.0,0.0,1,-0.0,False,False,False,False,False,0,0,0,1,1,1,0,0,0,0,1
differentiated,S_0062183,1,1,1,1,0,0,1.0,0.0,0.0,1,-0.0,False,False,False,False,False,0,0,0,1,1,1,0,0,0,0,1
differentiated,S_0062189,1,1,1,1,0,0,1.0,0.0,0.0,1,-0.0,False,False,False,False,False,0,0,0,1,1,1,0,0,0,0,1
differentiated,S_0062190,3,3,3,2,1,0,0.6666666666666666,0.3333333333333333,0.0,2,0.5793801642856949,False,True,True,False,False,0,0,0,3,1,3,0,0,0,0,1
differentiated,S_0062191,3,3,3,2,1,0,0.6666666666666666,0.3333333333333333,0.0,2,0.5793801642856949,False,True,True,False,False,0,0,0,3,1,3,0,0,0,0,1
differentiated,S_0062192,1,1,1,1,0,0,1.0,0.0,0.0,1,-0.0,False,False,False,False,False,0,0,0,1,1,1,0,0,0,0,1
differentiated,S_0062195,2,2,2,1,1,0,0.5,0.5,0.0,2,0.6309297535714574,False,True,False,False,False,0,0,0,2,1,1,0,0,1,0,2
differentiated,S_0062203,1,1,1,0,1,0,0.0,1.0,0.0,1,-0.0,False,False,False,False,False,0,0,0,1,1,0,0,0,1,0,1
differentiated,S_0062210,3,3,3,2,1,0,0.6666666666666666,0.3333333333333333,0.0,2,0.5793801642856949,False,True,True,False,False,0,0,0,3,1,3,0,0,0,0,1
differentiated,S_0062211,3,3,3,2,1,0,0.6666666666666666,0.3333333333333333,0.0,2,0.5793801642856949,False,True,True,False,False,0,0,0,3,1,3,0,0,0,0,1
differentiated,S_0062214,1,1,1,0,1,0,0.0,1.0,0.0,1,-0.0,False,False,False,False,False,0,0,0,1,1,0,0,0,1,0,1
differentiated,S_0062215,1,1,1,1,0,0,1.0,0.0,0.0,1,-0.0,False,False,False,False,False,0,0,0,1,1,1,0,0,0,0,1
differentiated,S_0062216,1,1,1,0,1,0,0.0,1.0,0.0,1,-0.0,False,False,False,False,False,0,0,0,1,1,0,0,0,0,1,1
differentiated,S_0062217,1,1,1,0,1,0,0.0,1.0,0.0,1,-0.0,False,False,False,False,False,0,0,0,1,1,1,0,0,0,0,1
differentiated,S_0062218,1,1,1,0,1,0,0.0,1.0,0.0,1,-0.0,False,False,False,False,False,0,0,0,1,1,1,0,0,0,0,1
differentiated,S_0062219,1,1,1,0,1,0,0.0,1.0,0.0,1,-0.0,False,False,False,False,False,0,0,0,1,1,0,0,0,1,0,1
differentiated,S_0062243,2,2,2,2,0,0,1.0,0.0,0.0,1,-0.0,False,True,False,False,False,0,0,0,2,1,1,0,0,1,0,2
differentiated,S_0062244,5,5,2,2,3,0,0.4,0.6,0.0,2,0.6126016192893442,True,True,True,True,False,0,0,0,5,1,2,3,0,0,0,2
differentiated,S_0062245,5,5,2,2,3,0,0.4,0.6,0.0,2,0.6126016192893442,True,True,True,True,False,0,0,0,5,1,2,3,0,0,0,2
differentiated,S_0062251,1,1,1,1,0,0,1.0,0.0,0.0,1,-0.0,False,False,False,False,False,0,0,0,1,1,1,0,0,0,0,1
differentiated,S_0062253,1,1,1,1,0,0,1.0,0.0,0.0,1,-0.0,False,False,False,False,False,0,0,0,1,1,1,0,0,0,0,1
differentiated,S_0062255,1,1,1,1,0,0,1.0,0.0,0.0,1,-0.0,False,False,False,False,False,0,0,0,1,1,1,0,0,0,0,1
differentiated,S_0062262,3,3,2,0,3,0,0.0,1.0,0.0,1,-0.0,False,True,True,False,False,0,0,0,3,1,1,0,1,1,0,3
differentiated,S_0062266,1,1,1,1,0,0,1.0,0.0,0.0,1,-0.0,False,False,False,False,False,0,0,0,1,1,1,0,0,0,0,1
differentiated,S_0062267,2,2,1,2,0,0,1.0,0.0,0.0,1,-0.0,False,True,False,False,False,0,0,0,2,1,2,0,0,0,0,1
differentiated,S_0062271,1,1,1,1,0,0,1.0,0.0,0.0,1,-0.0,False,False,False,False,False,0,0,0,1,1,1,0,0,0,0,1
differentiated,S_0062274,2,2,1,2,0,0,1.0,0.0,0.0,1,-0.0,False,True,False,False,False,0,0,0,2,1,2,0,0,0,0,1
differentiated,S_0062283,1,1,1,1,0,0,1.0,0.0,0.0,1,-0.0,False,False,False,False,False,0,0,0,1,1,1,0,0,0,0,1
differentiated,S_0062290,1,1,1,0,1,0,0.0,1.0,0.0,1,-0.0,False,False,False,False,False,0,0,0,1,1,0,0,0,1,0,1
differentiated,S_0062301,1,1,1,0,1,0,0.0,1.0,0.0,1,-0.0,False,False,False,False,False,0,0,0,1,1,0,0,0,1,0,1
differentiated,S_0062306,2,2,2,2,0,0,1.0,0.0,0.0,1,-0.0,False,True,False,False,False,0,0,0,2,1,2,0,0,0,0,1
differentiated,S_0062307,2,2,2,2,0,0,1.0,0.0,0.0,1,-0.0,False,True,False,False,False,0,0,0,2,1,2,0,0,0,0,1
differentiated,S_0062310,1,1,1,0,1,0,0.0,1.0,0.0,1,-0.0,False,False,False,False,False,0,0,0,1,1,0,0,0,1,0,1
differentiated,S_0062311,1,1,1,1,0,0,1.0,0.0,0.0,1,-0.0,False,False,False,False,False,0,0,0,1,1,1,0,0,0,0,1
differentiated,S_0062312,1,1,1,1,0,0,1.0,0.0,0.0,1,-0.0,False,False,False,False,False,0,0,0,1,1,1,0,0,0,0,1
differentiated,S_0062313,1,1,1,1,0,0,1.0,0.0,0.0,1,-0.0,False,False,False,False,False,0,0,0,1,1,1,0,0,0,0,1
differentiated,S_0062319,1,1,1,1,0,0,1.0,0.0,0.0,1,-0.0,False,False,False,False,False,0,0,0,1,1,1,0,0,0,0,1
differentiated,S_0062320,1,1,1,1,0,0,1.0,0.0,0.0,1,-0.0,False,False,False,False,False,0,0,0,1,1,1,0,0,0,0,1
differentiated,S_0062322,1,1,1,0,1,0,0.0,1.0,0.0,1,-0.0,False,False,False,False,False,0,0,0,1,1,0,0,0,1,0,1
differentiated,S_0062324,1,1,1,0,1,0,0.0,1.0,0.0,1,-0.0,False,False,False,False,False,0,0,0,1,1,0,0,0,1,0,1
differentiated,S_0062342,1,1,1,1,0,0,1.0,0.0,0.0,1,-0.0,False,False,False,False,False,0,0,0,1,1,1,0,0,0,0,1
differentiated,S_0062353,4,4,4,2,2,0,0.5,0.5,0.0,2,0.6309297535714574,False,True,True,False,False,0,0,0,4,1,2,0,0,2,0,2
differentiated,S_0062354,4,4,4,2,2,0,0.5,0.5,0.0,2,0.6309297535714574,False,True,True,False,False,0,0,0,4,1,2,0,0,2,0,2
differentiated,S_0062361,2,2,1,2,0,0,1.0,0.0,0.0,1,-0.0,False,True,False,False,False,0,0,0,2,1,1,1,0,0,0,2
differentiated,S_0062362,2,2,1,2,0,0,1.0,0.0,0.0,1,-0.0,False,True,False,False,False,0,0,0,2,1,1,1,0,0,0,2
differentiated,S_0062366,1,1,1,1,0,0,1.0,0.0,0.0,1,-0.0,False,False,False,False,False,0,0,0,1,1,1,0,0,0,0,1
differentiated,S_0062367,1,1,1,1,0,0,1.0,0.0,0.0,1,-0.0,False,False,False,False,False,0,0,0,1,1,1,0,0,0,0,1
differentiated,S_0062383,3,3,3,2,1,0,0.6666666666666666,0.3333333333333333,0.0,2,0.5793801642856949,False,True,True,False,False,0,0,0,3,1,3,0,0,0,0,1
differentiated,S_0062384,3,3,3,2,1,0,0.6666666666666666,0.3333333333333333,0.0,2,0.5793801642856949,False,True,True,False,False,0,0,0,3,1,3,0,0,0,0,1
differentiated,S_0062395,3,3,3,2,1,0,0.6666666666666666,0.3333333333333333,0.0,2,0.5793801642856949,False,True,True,False,False,0,0,0,3,1,3,0,0,0,0,1
differentiated,S_0062397,3,3,3,2,1,0,0.6666666666666666,0.3333333333333333,0.0,2,0.5793801642856949,False,True,True,False,False,0,0,0,3,1,3,0,0,0,0,1
differentiated,S_0062404,1,1,1,1,0,0,1.0,0.0,0.0,1,-0.0,False,False,False,False,False,0,0,0,1,1,1,0,0,0,0,1
differentiated,S_0062405,1,1,1,1,0,0,1.0,0.0,0.0,1,-0.0,False,False,False,False,False,0,0,0,1,1,1,0,0,0,0,1
differentiated,S_0062410,1,1,1,0,1,0,0.0,1.0,0.0,1,-0.0,False,False,False,False,False,0,0,0,1,1,0,0,0,1,0,1
differentiated,S_0062419,1,1,1,1,0,0,1.0,0.0,0.0,1,-0.0,False,False,False,False,False,0,0,0,1,1,1,0,0,0,0,1
differentiated,S_0062429,1,1,1,1,0,0,1.0,0.0,0.0,1,-0.0,False,False,False,False,False,0,0,0,1,1,1,0,0,0,0,1
differentiated,S_0062431,2,2,2,1,1,0,0.5,0.5,0.0,2,0.6309297535714574,False,True,False,False,False,0,0,0,2,1,1,0,0,1,0,2
differentiated,S_0062433,1,1,1,1,0,0,1.0,0.0,0.0,1,-0.0,False,False,False,False,False,0,0,0,1,1,1,0,0,0,0,1
differentiated,S_0062435,4,4,3,1,3,0,0.25,0.75,0.0,2,0.5118595071429147,False,True,True,False,False,0,0,0,4,1,1,2,1,0,0,3
differentiated,S_0062443,1,1,1,1,0,0,1.0,0.0,0.0,1,-0.0,False,False,False,False,False,0,0,0,1,1,1,0,0,0,0,1
differentiated,S_0062444,1,1,1,1,0,0,1.0,0.0,0.0,1,-0.0,False,False,False,False,False,0,0,0,1,1,1,0,0,0,0,1
differentiated,S_0062458,2,2,1,2,0,0,1.0,0.0,0.0,1,-0.0,False,True,False,False,False,0,0,0,2,1,2,0,0,0,0,1
differentiated,S_0062463,3,3,3,2,1,0,0.6666666666666666,0.3333333333333333,0.0,2,0.5793801642856949,False,True,True,False,False,0,0,0,3,1,3,0,0,0,0,1
differentiated,S_0062464,3,3,3,2,1,0,0.6666666666666666,0.3333333333333333,0.0,2,0.5793801642856949,False,True,True,False,False,0,0,0,3,1,3,0,0,0,0,1
differentiated,S_0062466,2,2,1,2,0,0,1.0,0.0,0.0,1,-0.0,False,True,False,False,False,0,0,0,2,1,2,0,0,0,0,1
differentiated,S_0062476,2,2,2,0,2,0,0.0,1.0,0.0,1,-0.0,False,True,False,False,False,0,0,0,2,1,1,0,0,1,0,2
differentiated,S_0062489,2,2,2,2,0,0,1.0,0.0,0.0,1,-0.0,False,True,False,False,False,0,0,0,2,1,1,0,0,1,0,2
differentiated,S_0062500,1,1,1,0,1,0,0.0,1.0,0.0,1,-0.0,False,False,False,False,False,0,0,0,1,1,0,0,0,0,1,1
differentiated,S_0062512,3,3,3,2,1,0,0.6666666666666666,0.3333333333333333,0.0,2,0.5793801642856949,False,True,True,False,False,0,0,0,3,1,2,0,0,1,0,2
differentiated,S_0062514,1,1,1,1,0,0,1.0,0.0,0.0,1,-0.0,False,False,False,False,False,0,0,0,1,1,1,0,0,0,0,1
differentiated,S_0062515,1,1,1,1,0,0,1.0,0.0,0.0,1,-0.0,False,False,False,False,False,0,0,0,1,1,1,0,0,0,0,1
differentiated,S_0062521,1,1,1,1,0,0,1.0,0.0,0.0,1,-0.0,False,False,False,False,False,0,0,0,1,1,1,0,0,0,0,1
differentiated,S_0062523,1,1,1,0,1,0,0.0,1.0,0.0,1,-0.0,False,False,False,False,False,0,0,0,1,1,0,0,0,0,1,1
differentiated,S_0062525,3,3,2,1,2,0,0.3333333333333333,0.6666666666666666,0.0,2,0.5793801642856949,False,True,True,False,False,0,0,0,3,1,1,1,1,0,0,3
differentiated,S_0062526,1,1,1,1,0,0,1.0,0.0,0.0,1,-0.0,False,False,False,False,False,0,0,0,1,1,1,0,0,0,0,1
differentiated,S_0062527,1,1,1,1,0,0,1.0,0.0,0.0,1,-0.0,False,False,False,False,False,0,0,0,1,1,1,0,0,0,0,1
differentiated,S_0062529,1,1,1,1,0,0,1.0,0.0,0.0,1,-0.0,False,False,False,False,False,0,0,0,1,1,1,0,0,0,0,1
differentiated,S_0062533,1,1,1,1,0,0,1.0,0.0,0.0,1,-0.0,False,False,False,False,False,0,0,0,1,1,1,0,0,0,0,1
differentiated,S_0062535,2,2,1,2,0,0,1.0,0.0,0.0,1,-0.0,False,True,False,False,False,0,0,0,2,1,2,0,0,0,0,1
differentiated,S_0062538,1,1,1,1,0,0,1.0,0.0,0.0,1,-0.0,False,False,False,False,False,0,0,0,1,1,1,0,0,0,0,1
differentiated,S_0062539,1,1,1,1,0,0,1.0,0.0,0.0,1,-0.0,False,False,False,False,False,0,0,0,1,1,1,0,0,0,0,1
differentiated,S_0062543,1,1,1,1,0,0,1.0,0.0,0.0,1,-0.0,False,False,False,False,False,0,0,0,1,1,1,0,0,0,0,1
differentiated,S_0062547,1,1,1,1,0,0,1.0,0.0,0.0,1,-0.0,False,False,False,False,False,0,0,0,1,1,1,0,0,0,0,1
differentiated,S_0062551,1,1,1,1,0,0,1.0,0.0,0.0,1,-0.0,False,False,False,False,False,0,0,0,1,1,1,0,0,0,0,1
differentiated,S_0062552,1,1,1,1,0,0,1.0,0.0,0.0,1,-0.0,False,False,False,False,False,0,0,0,1,1,1,0,0,0,0,1
differentiated,S_0062553,1,1,1,1,0,0,1.0,0.0,0.0,1,-0.0,False,False,False,False,False,0,0,0,1,1,1,0,0,0,0,1
differentiated,S_0062557,1,1,1,1,0,0,1.0,0.0,0.0,1,-0.0,False,False,False,False,False,0,0,0,1,1,1,0,0,0,0,1
differentiated,S_0062558,1,1,1,1,0,0,1.0,0.0,0.0,1,-0.0,False,False,False,False,False,0,0,0,1,1,1,0,0,0,0,1
differentiated,S_0062560,1,1,1,0,1,0,0.0,1.0,0.0,1,-0.0,False,False,False,False,False,0,0,0,1,1,1,0,0,0,0,1
differentiated,S_0062571,2,2,1,2,0,0,1.0,0.0,0.0,1,-0.0,False,True,False,False,False,0,0,0,2,1,1,1,0,0,0,2
differentiated,S_0062572,2,2,1,2,0,0,1.0,0.0,0.0,1,-0.0,False,True,False,False,False,0,0,0,2,1,1,1,0,0,0,2
differentiated,S_0062586,1,1,1,0,1,0,0.0,1.0,0.0,1,-0.0,False,False,False,False,False,0,0,0,1,1,0,0,0,1,0,1
differentiated,S_0062587,2,2,2,1,1,0,0.5,0.5,0.0,2,0.6309297535714574,False,True,False,False,False,0,0,0,2,1,1,0,0,1,0,2
differentiated,S_0062591,1,1,1,1,0,0,1.0,0.0,0.0,1,-0.0,False,False,False,False,False,0,0,0,1,1,1,0,0,0,0,1
differentiated,S_0062598,2,2,2,2,0,0,1.0,0.0,0.0,1,-0.0,False,True,False,False,False,0,0,0,2,1,1,0,0,1,0,2
differentiated,S_0062603,1,1,1,1,0,0,1.0,0.0,0.0,1,-0.0,False,False,False,False,False,0,0,0,1,1,1,0,0,0,0,1
differentiated,S_0062604,1,1,1,1,0,0,1.0,0.0,0.0,1,-0.0,False,False,False,False,False,0,0,0,1,1,1,0,0,0,0,1
differentiated,S_0062609,1,1,1,0,1,0,0.0,1.0,0.0,1,-0.0,False,False,False,False,False,0,0,0,1,1,1,0,0,0,0,1
differentiated,S_0062613,2,2,2,2,0,0,1.0,0.0,0.0,1,-0.0,False,True,False,False,False,0,0,0,2,1,1,0,0,1,0,2
differentiated,S_0062617,1,1,1,1,0,0,1.0,0.0,0.0,1,-0.0,False,False,False,False,False,0,0,0,1,1,1,0,0,0,0,1
differentiated,S_0062618,1,1,1,1,0,0,1.0,0.0,0.0,1,-0.0,False,False,False,False,False,0,0,0,1,1,1,0,0,0,0,1
differentiated,S_0062629,1,1,1,0,1,0,0.0,1.0,0.0,1,-0.0,False,False,False,False,False,0,0,0,1,1,0,0,0,0,1,1
differentiated,S_0062637,2,2,1,2,0,0,1.0,0.0,0.0,1,-0.0,False,True,False,False,False,0,0,0,2,1,2,0,0,0,0,1
differentiated,S_0062649,2,2,1,2,0,0,1.0,0.0,0.0,1,-0.0,False,True,False,False,False,0,0,0,2,1,1,1,0,0,0,2
differentiated,S_0062655,2,2,1,2,0,0,1.0,0.0,0.0,1,-0.0,False,True,False,False,False,0,0,0,2,1,1,1,0,0,0,2
differentiated,S_0062656,3,3,2,1,2,0,0.3333333333333333,0.6666666666666666,0.0,2,0.5793801642856949,False,True,True,False,False,0,0,0,3,1,0,0,1,1,1,3
differentiated,S_0062657,3,3,2,1,2,0,0.3333333333333333,0.6666666666666666,0.0,2,0.5793801642856949,False,True,True,False,False,0,0,0,3,1,0,0,1,1,1,3
differentiated,S_0062658,1,1,1,1,0,0,1.0,0.0,0.0,1,-0.0,False,False,False,False,False,0,0,0,1,1,0,0,0,1,0,1
differentiated,S_0062673,1,1,1,1,0,0,1.0,0.0,0.0,1,-0.0,False,False,False,False,False,0,0,0,1,1,1,0,0,0,0,1
differentiated,S_0062674,1,1,1,1,0,0,1.0,0.0,0.0,1,-0.0,False,False,False,False,False,0,0,0,1,1,1,0,0,0,0,1
differentiated,S_0062690,1,1,1,0,1,0,0.0,1.0,0.0,1,-0.0,False,False,False,False,False,0,0,0,1,1,1,0,0,0,0,1
differentiated,S_0062691,1,1,1,0,1,0,0.0,1.0,0.0,1,-0.0,False,False,False,False,False,0,0,0,1,1,1,0,0,0,0,1
differentiated,S_0062694,1,1,1,1,0,0,1.0,0.0,0.0,1,-0.0,False,False,False,False,False,0,0,0,1,1,1,0,0,0,0,1
differentiated,S_0062696,1,1,1,0,1,0,0.0,1.0,0.0,1,-0.0,False,False,False,False,False,0,0,0,1,1,0,0,0,1,0,1
differentiated,S_0062697,1,1,1,1,0,0,1.0,0.0,0.0,1,-0.0,False,False,False,False,False,0,0,0,1,1,1,0,0,0,0,1
differentiated,S_0062711,1,1,1,0,1,0,0.0,1.0,0.0,1,-0.0,False,False,False,False,False,0,0,0,1,1,0,0,0,1,0,1
differentiated,S_0062715,1,1,1,0,1,0,0.0,1.0,0.0,1,-0.0,False,False,False,False,False,0,0,0,1,1,0,0,0,1,0,1
differentiated,S_0062718,1,1,1,0,1,0,0.0,1.0,0.0,1,-0.0,False,False,False,False,False,0,0,0,1,1,0,0,0,1,0,1
differentiated,S_0062733,1,1,1,0,1,0,0.0,1.0,0.0,1,-0.0,False,False,False,False,False,0,0,0,1,1,0,0,0,1,0,1
differentiated,S_0062735,1,1,1,0,1,0,0.0,1.0,0.0,1,-0.0,False,False,False,False,False,0,0,0,1,1,0,0,0,0,1,1
differentiated,S_0062754,1,1,1,1,0,0,1.0,0.0,0.0,1,-0.0,False,False,False,False,False,0,0,0,1,1,1,0,0,0,0,1
differentiated,S_0062756,1,1,1,1,0,0,1.0,0.0,0.0,1,-0.0,False,False,False,False,False,0,0,0,1,1,1,0,0,0,0,1
differentiated,S_0062764,5,5,2,2,3,0,0.4,0.6,0.0,2,0.6126016192893442,True,True,True,True,False,0,0,0,5,1,2,3,0,0,0,2
differentiated,S_0062765,5,5,2,2,3,0,0.4,0.6,0.0,2,0.6126016192893442,True,True,True,True,False,0,0,0,5,1,2,3,0,0,0,2
differentiated,S_0062782,1,1,1,0,1,0,0.0,1.0,0.0,1,-0.0,False,False,False,False,False,0,0,0,1,1,0,0,0,1,0,1
differentiated,S_0062784,1,1,1,1,0,0,1.0,0.0,0.0,1,-0.0,False,False,False,False,False,0,0,0,1,1,1,0,0,0,0,1
differentiated,S_0062789,2,2,2,1,1,0,0.5,0.5,0.0,2,0.6309297535714574,False,True,False,False,False,0,0,0,2,1,1,0,0,1,0,2
differentiated,S_0062798,3,3,3,1,2,0,0.3333333333333333,0.6666666666666666,0.0,2,0.5793801642856949,False,True,True,False,False,0,0,0,3,1,1,1,0,1,0,3
differentiated,S_0062805,3,3,3,1,2,0,0.3333333333333333,0.6666666666666666,0.0,2,0.5793801642856949,False,True,True,False,False,0,0,0,3,1,1,1,0,1,0,3
differentiated,S_0062807,3,3,2,1,2,0,0.3333333333333333,0.6666666666666666,0.0,2,0.5793801642856949,False,True,True,False,False,0,0,0,3,1,1,1,1,0,0,3
differentiated,S_0062808,3,3,2,1,2,0,0.3333333333333333,0.6666666666666666,0.0,2,0.5793801642856949,False,True,True,False,False,0,0,0,3,1,1,1,1,0,0,3
differentiated,S_0062814,1,1,1,1,0,0,1.0,0.0,0.0,1,-0.0,False,False,False,False,False,0,0,0,1,1,0,0,0,1,0,1
differentiated,S_0062816,1,1,1,1,0,0,1.0,0.0,0.0,1,-0.0,False,False,False,False,False,0,0,0,1,1,1,0,0,0,0,1
differentiated,S_0062823,1,1,1,0,1,0,0.0,1.0,0.0,1,-0.0,False,False,False,False,False,0,0,0,1,1,0,0,0,1,0,1
differentiated,S_0062825,1,1,1,1,0,0,1.0,0.0,0.0,1,-0.0,False,False,False,False,False,0,0,0,1,1,1,0,0,0,0,1
differentiated,S_0062852,2,2,2,1,1,0,0.5,0.5,0.0,2,0.6309297535714574,False,True,False,False,False,0,0,0,2,1,1,0,0,1,0,2
differentiated,S_0062854,2,2,2,2,0,0,1.0,0.0,0.0,1,-0.0,False,True,False,False,False,0,0,0,2,1,1,0,0,1,0,2
differentiated,S_0062860,1,1,1,0,1,0,0.0,1.0,0.0,1,-0.0,False,False,False,False,False,0,0,0,1,1,0,0,0,1,0,1
differentiated,S_0062863,2,2,1,2,0,0,1.0,0.0,0.0,1,-0.0,False,True,False,False,False,0,0,0,2,1,2,0,0,0,0,1
differentiated,S_0062865,5,5,2,2,3,0,0.4,0.6,0.0,2,0.6126016192893442,True,True,True,True,False,0,0,0,5,1,2,3,0,0,0,2
differentiated,S_0062866,5,5,2,2,3,0,0.4,0.6,0.0,2,0.6126016192893442,True,True,True,True,False,0,0,0,5,1,2,3,0,0,0,2
differentiated,S_0062876,1,1,1,1,0,0,1.0,0.0,0.0,1,-0.0,False,False,False,False,False,0,0,0,1,1,0,0,0,1,0,1
differentiated,S_0062892,1,1,1,1,0,0,1.0,0.0,0.0,1,-0.0,False,False,False,False,False,0,0,0,1,1,1,0,0,0,0,1
differentiated,S_0062893,1,1,1,1,0,0,1.0,0.0,0.0,1,-0.0,False,False,False,False,False,0,0,0,1,1,1,0,0,0,0,1
differentiated,S_0062894,5,5,2,2,3,0,0.4,0.6,0.0,2,0.6126016192893442,True,True,True,True,False,0,0,0,5,1,2,3,0,0,0,2
differentiated,S_0062895,5,5,2,2,3,0,0.4,0.6,0.0,2,0.6126016192893442,True,True,True,True,False,0,0,0,5,1,2,3,0,0,0,2
differentiated,S_0062898,5,5,2,2,3,0,0.4,0.6,0.0,2,0.6126016192893442,True,True,True,True,False,0,0,0,5,1,2,3,0,0,0,2
differentiated,S_0062899,5,5,2,2,3,0,0.4,0.6,0.0,2,0.6126016192893442,True,True,True,True,False,0,0,0,5,1,2,3,0,0,0,2
differentiated,S_0062906,1,1,1,1,0,0,1.0,0.0,0.0,1,-0.0,False,False,False,False,False,0,0,0,1,1,1,0,0,0,0,1
differentiated,S_0062907,1,1,1,1,0,0,1.0,0.0,0.0,1,-0.0,False,False,False,False,False,0,0,0,1,1,1,0,0,0,0,1
differentiated,S_0062912,1,1,1,1,0,0,1.0,0.0,0.0,1,-0.0,False,False,False,False,False,0,0,0,1,1,1,0,0,0,0,1
differentiated,S_0062913,1,1,1,1,0,0,1.0,0.0,0.0,1,-0.0,False,False,False,False,False,0,0,0,1,1,1,0,0,0,0,1
differentiated,S_0062914,1,1,1,1,0,0,1.0,0.0,0.0,1,-0.0,False,False,False,False,False,0,0,0,1,1,1,0,0,0,0,1
differentiated,S_0062915,1,1,1,1,0,0,1.0,0.0,0.0,1,-0.0,False,False,False,False,False,0,0,0,1,1,1,0,0,0,0,1
differentiated,S_0062916,1,1,1,0,1,0,0.0,1.0,0.0,1,-0.0,False,False,False,False,False,0,0,0,1,1,0,0,0,1,0,1
differentiated,S_0062919,5,5,2,2,3,0,0.4,0.6,0.0,2,0.6126016192893442,True,True,True,True,False,0,0,0,5,1,2,3,0,0,0,2
differentiated,S_0062923,5,5,2,2,3,0,0.4,0.6,0.0,2,0.6126016192893442,True,True,True,True,False,0,0,0,5,1,2,3,0,0,0,2
differentiated,S_0062924,5,5,2,2,3,0,0.4,0.6,0.0,2,0.6126016192893442,True,True,True,True,False,0,0,0,5,1,2,3,0,0,0,2
differentiated,S_0062925,5,5,2,2,3,0,0.4,0.6,0.0,2,0.6126016192893442,True,True,True,True,False,0,0,0,5,1,2,3,0,0,0,2
differentiated,S_0062928,2,2,2,1,1,0,0.5,0.5,0.0,2,0.6309297535714574,False,True,False,False,False,0,0,0,2,1,1,0,0,1,0,2
differentiated,S_0062936,1,1,1,0,1,0,0.0,1.0,0.0,1,-0.0,False,False,False,False,False,0,0,0,1,1,0,0,0,1,0,1
differentiated,S_0062939,3,3,3,1,2,0,0.3333333333333333,0.6666666666666666,0.0,2,0.5793801642856949,False,True,True,False,False,0,0,0,3,1,1,1,0,1,0,3
differentiated,S_0062942,1,1,1,0,1,0,0.0,1.0,0.0,1,-0.0,False,False,False,False,False,0,0,0,1,1,1,0,0,0,0,1
differentiated,S_0062945,3,3,3,1,2,0,0.3333333333333333,0.6666666666666666,0.0,2,0.5793801642856949,False,True,True,False,False,0,0,0,3,1,1,1,0,1,0,3
differentiated,S_0062948,1,1,1,1,0,0,1.0,0.0,0.0,1,-0.0,False,False,False,False,False,0,0,0,1,1,1,0,0,0,0,1
differentiated,S_0062949,1,1,1,1,0,0,1.0,0.0,0.0,1,-0.0,False,False,False,False,False,0,0,0,1,1,1,0,0,0,0,1
differentiated,S_0062950,1,1,1,0,1,0,0.0,1.0,0.0,1,-0.0,False,False,False,False,False,0,0,0,1,1,0,0,0,1,0,1
differentiated,S_0062980,1,1,1,1,0,0,1.0,0.0,0.0,1,-0.0,False,False,False,False,False,0,0,0,1,1,0,0,0,1,0,1
differentiated,S_0062983,2,2,1,0,2,0,0.0,1.0,0.0,1,-0.0,False,True,False,False,False,0,0,0,2,1,0,2,0,0,0,1
differentiated,S_0062994,1,1,1,1,0,0,1.0,0.0,0.0,1,-0.0,False,False,False,False,False,0,0,0,1,1,1,0,0,0,0,1
differentiated,S_0062996,1,1,1,1,0,0,1.0,0.0,0.0,1,-0.0,False,False,False,False,False,0,0,0,1,1,1,0,0,0,0,1
differentiated,S_0063000,1,1,1,0,1,0,0.0,1.0,0.0,1,-0.0,False,False,False,False,False,0,0,0,1,1,0,0,0,1,0,1
differentiated,S_0063001,1,1,1,1,0,0,1.0,0.0,0.0,1,-0.0,False,False,False,False,False,0,0,0,1,1,1,0,0,0,0,1
differentiated,S_0063002,1,1,1,1,0,0,1.0,0.0,0.0,1,-0.0,False,False,False,False,False,0,0,0,1,1,1,0,0,0,0,1
differentiated,S_0063006,1,1,1,1,0,0,1.0,0.0,0.0,1,-0.0,False,False,False,False,False,0,0,0,1,1,1,0,0,0,0,1
differentiated,S_0063007,1,1,1,1,0,0,1.0,0.0,0.0,1,-0.0,False,False,False,False,False,0,0,0,1,1,1,0,0,0,0,1
differentiated,S_0063012,1,1,1,1,0,0,1.0,0.0,0.0,1,-0.0,False,False,False,False,False,0,0,0,1,1,1,0,0,0,0,1
differentiated,S_0063013,1,1,1,1,0,0,1.0,0.0,0.0,1,-0.0,False,False,False,False,False,0,0,0,1,1,1,0,0,0,0,1
differentiated,S_0063014,1,1,1,0,1,0,0.0,1.0,0.0,1,-0.0,False,False,False,False,False,0,0,0,1,1,0,0,0,1,0,1
differentiated,S_0063020,1,1,1,0,1,0,0.0,1.0,0.0,1,-0.0,False,False,False,False,False,0,0,0,1,1,0,0,0,1,0,1
differentiated,S_0063022,1,1,1,0,1,0,0.0,1.0,0.0,1,-0.0,False,False,False,False,False,0,0,0,1,1,0,0,0,1,0,1
differentiated,S_0063024,1,1,1,1,0,0,1.0,0.0,0.0,1,-0.0,False,False,False,False,False,0,0,0,1,1,1,0,0,0,0,1
differentiated,S_0063025,1,1,1,1,0,0,1.0,0.0,0.0,1,-0.0,False,False,False,False,False,0,0,0,1,1,1,0,0,0,0,1
differentiated,S_0063029,1,1,1,1,0,0,1.0,0.0,0.0,1,-0.0,False,False,False,False,False,0,0,0,1,1,1,0,0,0,0,1
differentiated,S_0063030,1,1,1,1,0,0,1.0,0.0,0.0,1,-0.0,False,False,False,False,False,0,0,0,1,1,1,0,0,0,0,1
differentiated,S_0063035,1,1,1,0,1,0,0.0,1.0,0.0,1,-0.0,False,False,False,False,False,0,0,0,1,1,0,0,0,1,0,1
differentiated,S_0063038,2,2,2,2,0,0,1.0,0.0,0.0,1,-0.0,False,True,False,False,False,0,0,0,2,1,2,0,0,0,0,1
differentiated,S_0063040,2,2,2,2,0,0,1.0,0.0,0.0,1,-0.0,False,True,False,False,False,0,0,0,2,1,2,0,0,0,0,1
differentiated,S_0063041,3,3,2,1,2,0,0.3333333333333333,0.6666666666666666,0.0,2,0.5793801642856949,False,True,True,False,False,0,0,0,3,1,0,2,1,0,0,2
differentiated,S_0063049,4,4,4,2,2,0,0.5,0.5,0.0,2,0.6309297535714574,False,True,True,False,False,0,0,0,4,1,2,0,0,2,0,2
differentiated,S_0063050,4,4,4,2,2,0,0.5,0.5,0.0,2,0.6309297535714574,False,True,True,False,False,0,0,0,4,1,2,0,0,2,0,2
differentiated,S_0063055,1,1,1,1,0,0,1.0,0.0,0.0,1,-0.0,False,False,False,False,False,0,0,0,1,1,1,0,0,0,0,1
differentiated,S_0063056,1,1,1,1,0,0,1.0,0.0,0.0,1,-0.0,False,False,False,False,False,0,0,0,1,1,1,0,0,0,0,1
differentiated,S_0063068,1,1,1,1,0,0,1.0,0.0,0.0,1,-0.0,False,False,False,False,False,0,0,0,1,1,1,0,0,0,0,1
differentiated,S_0063069,1,1,1,1,0,0,1.0,0.0,0.0,1,-0.0,False,False,False,False,False,0,0,0,1,1,1,0,0,0,0,1
differentiated,S_0063073,2,2,1,2,0,0,1.0,0.0,0.0,1,-0.0,False,True,False,False,False,0,0,0,2,1,2,0,0,0,0,1
differentiated,S_0063074,2,2,1,2,0,0,1.0,0.0,0.0,1,-0.0,False,True,False,False,False,0,0,0,2,1,2,0,0,0,0,1
differentiated,S_0063077,1,1,1,1,0,0,1.0,0.0,0.0,1,-0.0,False,False,False,False,False,0,0,0,1,1,1,0,0,0,0,1
differentiated,S_0063078,1,1,1,1,0,0,1.0,0.0,0.0,1,-0.0,False,False,False,False,False,0,0,0,1,1,1,0,0,0,0,1
differentiated,S_0063081,1,1,1,1,0,0,1.0,0.0,0.0,1,-0.0,False,False,False,False,False,0,0,0,1,1,1,0,0,0,0,1
differentiated,S_0063082,1,1,1,1,0,0,1.0,0.0,0.0,1,-0.0,False,False,False,False,False,0,0,0,1,1,1,0,0,0,0,1
differentiated,S_0063085,1,1,1,1,0,0,1.0,0.0,0.0,1,-0.0,False,False,False,False,False,0,0,0,1,1,1,0,0,0,0,1
differentiated,S_0063086,1,1,1,1,0,0,1.0,0.0,0.0,1,-0.0,False,False,False,False,False,0,0,0,1,1,1,0,0,0,0,1
differentiated,S_0063087,1,1,1,1,0,0,1.0,0.0,0.0,1,-0.0,False,False,False,False,False,0,0,0,1,1,1,0,0,0,0,1
differentiated,S_0063088,1,1,1,1,0,0,1.0,0.0,0.0,1,-0.0,False,False,False,False,False,0,0,0,1,1,1,0,0,0,0,1
differentiated,S_0063101,2,2,2,2,0,0,1.0,0.0,0.0,1,-0.0,False,True,False,False,False,0,0,0,2,1,1,0,0,1,0,2
differentiated,S_0063102,1,1,1,1,0,0,1.0,0.0,0.0,1,-0.0,False,False,False,False,False,0,0,0,1,1,0,0,0,1,0,1
differentiated,S_0063103,1,1,1,1,0,0,1.0,0.0,0.0,1,-0.0,False,False,False,False,False,0,0,0,1,1,0,0,0,1,0,1
differentiated,S_0063106,5,5,3,1,4,0,0.2,0.8,0.0,2,0.4554859150035952,True,True,True,True,False,0,0,0,5,1,1,0,1,1,2,4
differentiated,S_0063107,5,5,3,1,4,0,0.2,0.8,0.0,2,0.4554859150035952,True,True,True,True,False,0,0,0,5,1,1,0,1,1,2,4
differentiated,S_0063113,2,2,2,1,1,0,0.5,0.5,0.0,2,0.6309297535714574,False,True,False,False,False,0,0,0,2,1,1,0,0,1,0,2
differentiated,S_0063114,1,1,1,1,0,0,1.0,0.0,0.0,1,-0.0,False,False,False,False,False,0,0,0,1,1,1,0,0,0,0,1
differentiated,S_0063115,1,1,1,1,0,0,1.0,0.0,0.0,1,-0.0,False,False,False,False,False,0,0,0,1,1,1,0,0,0,0,1
differentiated,S_0063125,2,2,2,0,2,0,0.0,1.0,0.0,1,-0.0,False,True,False,False,False,0,0,0,2,1,0,0,0,2,0,1
differentiated,S_0063139,2,2,2,2,0,0,1.0,0.0,0.0,1,-0.0,False,True,False,False,False,0,0,0,2,1,1,0,0,1,0,2
differentiated,S_0063143,5,5,3,1,4,0,0.2,0.8,0.0,2,0.4554859150035952,True,True,True,True,False,0,0,0,5,1,1,0,1,1,2,4
differentiated,S_0063144,3,3,3,2,1,0,0.6666666666666666,0.3333333333333333,0.0,2,0.5793801642856949,False,True,True,False,False,0,0,0,3,1,2,0,0,1,0,2
differentiated,S_0063145,5,5,3,1,4,0,0.2,0.8,0.0,2,0.4554859150035952,True,True,True,True,False,0,0,0,5,1,1,0,1,1,2,4
differentiated,S_0063146,1,1,1,0,1,0,0.0,1.0,0.0,1,-0.0,False,False,False,False,False,0,0,0,1,1,0,0,0,0,1,1
differentiated,S_0063156,4,4,4,2,2,0,0.5,0.5,0.0,2,0.6309297535714574,False,True,True,False,False,0,0,0,4,1,2,0,0,2,0,2
differentiated,S_0063158,4,4,4,2,2,0,0.5,0.5,0.0,2,0.6309297535714574,False,True,True,False,False,0,0,0,4,1,2,0,0,2,0,2
differentiated,S_0063159,1,1,1,1,0,0,1.0,0.0,0.0,1,-0.0,False,False,False,False,False,0,0,0,1,1,0,0,0,1,0,1
differentiated,S_0063163,1,1,1,1,0,0,1.0,0.0,0.0,1,-0.0,False,False,False,False,False,0,0,0,1,1,0,0,0,1,0,1
differentiated,S_0063174,1,1,1,0,1,0,0.0,1.0,0.0,1,-0.0,False,False,False,False,False,0,0,0,1,1,0,0,0,1,0,1
differentiated,S_0063181,3,3,3,2,1,0,0.6666666666666666,0.3333333333333333,0.0,2,0.5793801642856949,False,True,True,False,False,0,0,0,3,1,2,0,0,1,0,2
differentiated,S_0063186,5,5,2,2,3,0,0.4,0.6,0.0,2,0.6126016192893442,True,True,True,True,False,0,0,0,5,1,2,3,0,0,0,2
differentiated,S_0063188,5,5,2,2,3,0,0.4,0.6,0.0,2,0.6126016192893442,True,True,True,True,False,0,0,0,5,1,2,3,0,0,0,2
differentiated,S_0063197,2,2,2,2,0,0,1.0,0.0,0.0,1,-0.0,False,True,False,False,False,0,0,0,2,1,1,0,0,1,0,2
differentiated,S_0063206,1,1,1,1,0,0,1.0,0.0,0.0,1,-0.0,False,False,False,False,False,0,0,0,1,1,1,0,0,0,0,1
differentiated,S_0063210,2,2,2,0,2,0,0.0,1.0,0.0,1,-0.0,False,True,False,False,False,0,0,0,2,1,1,0,0,1,0,2
differentiated,S_0063216,2,2,2,2,0,0,1.0,0.0,0.0,1,-0.0,False,True,False,False,False,0,0,0,2,1,1,0,0,1,0,2
differentiated,S_0063236,1,1,1,1,0,0,1.0,0.0,0.0,1,-0.0,False,False,False,False,False,0,0,0,1,1,1,0,0,0,0,1
differentiated,S_0063237,1,1,1,1,0,0,1.0,0.0,0.0,1,-0.0,False,False,False,False,False,0,0,0,1,1,1,0,0,0,0,1
differentiated,S_0063240,1,1,1,1,0,0,1.0,0.0,0.0,1,-0.0,False,False,False,False,False,0,0,0,1,1,1,0,0,0,0,1
differentiated,S_0063241,1,1,1,1,0,0,1.0,0.0,0.0,1,-0.0,False,False,False,False,False,0,0,0,1,1,1,0,0,0,0,1
differentiated,S_0063242,1,1,1,1,0,0,1.0,0.0,0.0,1,-0.0,False,False,False,False,False,0,0,0,1,1,1,0,0,0,0,1
differentiated,S_0063243,1,1,1,1,0,0,1.0,0.0,0.0,1,-0.0,False,False,False,False,False,0,0,0,1,1,1,0,0,0,0,1
differentiated,S_0063256,3,3,3,2,1,0,0.6666666666666666,0.3333333333333333,0.0,2,0.5793801642856949,False,True,True,False,False,0,0,0,3,1,2,0,0,1,0,2
differentiated,S_0063261,1,1,1,1,0,0,1.0,0.0,0.0,1,-0.0,False,False,False,False,False,0,0,0,1,1,1,0,0,0,0,1
differentiated,S_0063266,1,1,1,1,0,0,1.0,0.0,0.0,1,-0.0,False,False,False,False,False,0,0,0,1,1,1,0,0,0,0,1
differentiated,S_0063267,1,1,1,1,0,0,1.0,0.0,0.0,1,-0.0,False,False,False,False,False,0,0,0,1,1,1,0,0,0,0,1
differentiated,S_0063268,1,1,1,1,0,0,1.0,0.0,0.0,1,-0.0,False,False,False,False,False,0,0,0,1,1,1,0,0,0,0,1
differentiated,S_0063269,1,1,1,1,0,0,1.0,0.0,0.0,1,-0.0,False,False,False,False,False,0,0,0,1,1,1,0,0,0,0,1
differentiated,S_0063271,1,1,1,1,0,0,1.0,0.0,0.0,1,-0.0,False,False,False,False,False,0,0,0,1,1,1,0,0,0,0,1
differentiated,S_0063272,1,1,1,1,0,0,1.0,0.0,0.0,1,-0.0,False,False,False,False,False,0,0,0,1,1,1,0,0,0,0,1
differentiated,S_0063275,1,1,1,0,1,0,0.0,1.0,0.0,1,-0.0,False,False,False,False,False,0,0,0,1,1,0,0,0,1,0,1
differentiated,S_0063284,1,1,1,1,0,0,1.0,0.0,0.0,1,-0.0,False,False,False,False,False,0,0,0,1,1,1,0,0,0,0,1
differentiated,S_0063285,2,2,2,0,2,0,0.0,1.0,0.0,1,-0.0,False,True,False,False,False,0,0,0,2,1,1,0,0,1,0,2
differentiated,S_0063288,1,1,1,1,0,0,1.0,0.0,0.0,1,-0.0,False,False,False,False,False,0,0,0,1,1,1,0,0,0,0,1
differentiated,S_0063293,1,1,1,0,1,0,0.0,1.0,0.0,1,-0.0,False,False,False,False,False,0,0,0,1,1,0,0,0,1,0,1
differentiated,S_0063298,1,1,1,1,0,0,1.0,0.0,0.0,1,-0.0,False,False,False,False,False,0,0,0,1,1,1,0,0,0,0,1
differentiated,S_0063299,1,1,1,1,0,0,1.0,0.0,0.0,1,-0.0,False,False,False,False,False,0,0,0,1,1,1,0,0,0,0,1
differentiated,S_0063313,1,1,1,1,0,0,1.0,0.0,0.0,1,-0.0,False,False,False,False,False,0,0,0,1,1,1,0,0,0,0,1
differentiated,S_0063315,1,1,1,1,0,0,1.0,0.0,0.0,1,-0.0,False,False,False,False,False,0,0,0,1,1,1,0,0,0,0,1
differentiated,S_0063316,1,1,1,1,0,0,1.0,0.0,0.0,1,-0.0,False,False,False,False,False,0,0,0,1,1,1,0,0,0,0,1
differentiated,S_0063319,2,2,1,2,0,0,1.0,0.0,0.0,1,-0.0,False,True,False,False,False,0,0,0,2,1,2,0,0,0,0,1
differentiated,S_0063322,1,1,1,1,0,0,1.0,0.0,0.0,1,-0.0,False,False,False,False,False,0,0,0,1,1,1,0,0,0,0,1
differentiated,S_0063327,1,1,1,1,0,0,1.0,0.0,0.0,1,-0.0,False,False,False,False,False,0,0,0,1,1,0,0,0,1,0,1
differentiated,S_0063330,1,1,1,0,1,0,0.0,1.0,0.0,1,-0.0,False,False,False,False,False,0,0,0,1,1,0,0,0,1,0,1
differentiated,S_0063332,1,1,1,1,0,0,1.0,0.0,0.0,1,-0.0,False,False,False,False,False,0,0,0,1,1,1,0,0,0,0,1
differentiated,S_0063358,1,1,1,1,0,0,1.0,0.0,0.0,1,-0.0,False,False,False,False,False,0,0,0,1,1,1,0,0,0,0,1
differentiated,S_0063368,1,1,1,0,1,0,0.0,1.0,0.0,1,-0.0,False,False,False,False,False,0,0,0,1,1,0,0,0,1,0,1
differentiated,S_0063371,4,4,3,1,3,0,0.25,0.75,0.0,2,0.5118595071429147,False,True,True,False,False,0,0,0,4,1,1,2,1,0,0,3
differentiated,S_0063372,3,3,3,2,1,0,0.6666666666666666,0.3333333333333333,0.0,2,0.5793801642856949,False,True,True,False,False,0,0,0,3,1,2,0,0,1,0,2
differentiated,S_0063374,1,1,1,1,0,0,1.0,0.0,0.0,1,-0.0,False,False,False,False,False,0,0,0,1,1,1,0,0,0,0,1
differentiated,S_0063376,1,1,1,0,1,0,0.0,1.0,0.0,1,-0.0,False,False,False,False,False,0,0,0,1,1,0,0,0,1,0,1
differentiated,S_0063383,1,1,1,0,1,0,0.0,1.0,0.0,1,-0.0,False,False,False,False,False,0,0,0,1,1,0,0,0,1,0,1
differentiated,S_0063388,2,2,2,1,1,0,0.5,0.5,0.0,2,0.6309297535714574,False,True,False,False,False,0,0,0,2,1,0,0,0,2,0,1
differentiated,S_0063397,3,3,3,2,1,0,0.6666666666666666,0.3333333333333333,0.0,2,0.5793801642856949,False,True,True,False,False,0,0,0,3,1,3,0,0,0,0,1
differentiated,S_0063398,3,3,3,2,1,0,0.6666666666666666,0.3333333333333333,0.0,2,0.5793801642856949,False,True,True,False,False,0,0,0,3,1,3,0,0,0,0,1
differentiated,S_0063399,2,2,1,2,0,0,1.0,0.0,0.0,1,-0.0,False,True,False,False,False,0,0,0,2,1,2,0,0,0,0,1
differentiated,S_0063401,1,1,1,1,0,0,1.0,0.0,0.0,1,-0.0,False,False,False,False,False,0,0,0,1,1,1,0,0,0,0,1
differentiated,S_0063408,1,1,1,1,0,0,1.0,0.0,0.0,1,-0.0,False,False,False,False,False,0,0,0,1,1,1,0,0,0,0,1
differentiated,S_0063411,1,1,1,1,0,0,1.0,0.0,0.0,1,-0.0,False,False,False,False,False,0,0,0,1,1,1,0,0,0,0,1
differentiated,S_0063412,3,3,3,2,1,0,0.6666666666666666,0.3333333333333333,0.0,2,0.5793801642856949,False,True,True,False,False,0,0,0,3,1,2,0,0,1,0,2
differentiated,S_0063413,1,1,1,1,0,0,1.0,0.0,0.0,1,-0.0,False,False,False,False,False,0,0,0,1,1,1,0,0,0,0,1
differentiated,S_0063415,3,3,3,2,1,0,0.6666666666666666,0.3333333333333333,0.0,2,0.5793801642856949,False,True,True,False,False,0,0,0,3,1,2,0,0,1,0,2
differentiated,S_0063418,1,1,1,1,0,0,1.0,0.0,0.0,1,-0.0,False,False,False,False,False,0,0,0,1,1,1,0,0,0,0,1
differentiated,S_0063419,1,1,1,1,0,0,1.0,0.0,0.0,1,-0.0,False,False,False,False,False,0,0,0,1,1,1,0,0,0,0,1
differentiated,S_0063428,1,1,1,1,0,0,1.0,0.0,0.0,1,-0.0,False,False,False,False,False,0,0,0,1,1,1,0,0,0,0,1
differentiated,S_0063433,5,5,5,3,2,0,0.6,0.4,0.0,2,0.6126016192893442,True,True,True,True,False,0,0,0,5,1,3,1,0,1,0,3
differentiated,S_0063435,5,5,5,3,2,0,0.6,0.4,0.0,2,0.6126016192893442,True,True,True,True,False,0,0,0,5,1,3,1,0,1,0,3
differentiated,S_0063441,4,4,4,2,2,0,0.5,0.5,0.0,2,0.6309297535714574,False,True,True,False,False,0,0,0,4,1,2,0,0,2,0,2
differentiated,S_0063443,5,5,2,2,3,0,0.4,0.6,0.0,2,0.6126016192893442,True,True,True,True,False,0,0,0,5,1,2,3,0,0,0,2
differentiated,S_0063444,5,5,2,2,3,0,0.4,0.6,0.0,2,0.6126016192893442,True,True,True,True,False,0,0,0,5,1,2,3,0,0,0,2
differentiated,S_0063447,4,4,4,2,2,0,0.5,0.5,0.0,2,0.6309297535714574,False,True,True,False,False,0,0,0,4,1,2,0,0,2,0,2
differentiated,S_0063452,1,1,1,1,0,0,1.0,0.0,0.0,1,-0.0,False,False,False,False,False,0,0,0,1,1,1,0,0,0,0,1
differentiated,S_0063454,3,3,2,1,2,0,0.3333333333333333,0.6666666666666666,0.0,2,0.5793801642856949,False,True,True,False,False,0,0,0,3,1,0,0,1,1,1,3
differentiated,S_0063455,2,2,1,2,0,0,1.0,0.0,0.0,1,-0.0,False,True,False,False,False,0,0,0,2,1,2,0,0,0,0,1
differentiated,S_0063457,3,3,3,1,2,0,0.3333333333333333,0.6666666666666666,0.0,2,0.5793801642856949,False,True,True,False,False,0,0,0,3,1,0,0,1,1,1,3
differentiated,S_0063458,3,3,3,1,2,0,0.3333333333333333,0.6666666666666666,0.0,2,0.5793801642856949,False,True,True,False,False,0,0,0,3,1,0,0,1,1,1,3
differentiated,S_0063459,2,2,1,2,0,0,1.0,0.0,0.0,1,-0.0,False,True,False,False,False,0,0,0,2,1,2,0,0,0,0,1
differentiated,S_0063468,1,1,1,1,0,0,1.0,0.0,0.0,1,-0.0,False,False,False,False,False,0,0,0,1,1,1,0,0,0,0,1
differentiated,S_0063469,1,1,1,1,0,0,1.0,0.0,0.0,1,-0.0,False,False,False,False,False,0,0,0,1,1,1,0,0,0,0,1
differentiated,S_0063476,1,1,1,0,1,0,0.0,1.0,0.0,1,-0.0,False,False,False,False,False,0,0,0,1,1,0,0,0,1,0,1
differentiated,S_0063481,1,1,1,0,1,0,0.0,1.0,0.0,1,-0.0,False,False,False,False,False,0,0,0,1,1,0,0,0,1,0,1
differentiated,S_0063482,1,1,1,1,0,0,1.0,0.0,0.0,1,-0.0,False,False,False,False,False,0,0,0,1,1,1,0,0,0,0,1
differentiated,S_0063485,1,1,1,1,0,0,1.0,0.0,0.0,1,-0.0,False,False,False,False,False,0,0,0,1,1,1,0,0,0,0,1
differentiated,S_0063486,1,1,1,1,0,0,1.0,0.0,0.0,1,-0.0,False,False,False,False,False,0,0,0,1,1,1,0,0,0,0,1
differentiated,S_0063487,1,1,1,1,0,0,1.0,0.0,0.0,1,-0.0,False,False,False,False,False,0,0,0,1,1,1,0,0,0,0,1
differentiated,S_0063488,1,1,1,1,0,0,1.0,0.0,0.0,1,-0.0,False,False,False,False,False,0,0,0,1,1,1,0,0,0,0,1
differentiated,S_0063492,1,1,1,1,0,0,1.0,0.0,0.0,1,-0.0,False,False,False,False,False,0,0,0,1,1,1,0,0,0,0,1
differentiated,S_0063520,2,2,2,0,2,0,0.0,1.0,0.0,1,-0.0,False,True,False,False,False,0,0,0,2,1,0,0,0,2,0,1
differentiated,S_0063521,2,2,2,0,2,0,0.0,1.0,0.0,1,-0.0,False,True,False,False,False,0,0,0,2,1,0,0,0,2,0,1
differentiated,S_0063546,2,2,2,1,1,0,0.5,0.5,0.0,2,0.6309297535714574,False,True,False,False,False,0,0,0,2,1,1,0,0,1,0,2
differentiated,S_0063547,1,1,1,1,0,0,1.0,0.0,0.0,1,-0.0,False,False,False,False,False,0,0,0,1,1,1,0,0,0,0,1
differentiated,S_0063548,1,1,1,1,0,0,1.0,0.0,0.0,1,-0.0,False,False,False,False,False,0,0,0,1,1,1,0,0,0,0,1
differentiated,S_0063552,1,1,1,1,0,0,1.0,0.0,0.0,1,-0.0,False,False,False,False,False,0,0,0,1,1,1,0,0,0,0,1
differentiated,S_0063553,1,1,1,1,0,0,1.0,0.0,0.0,1,-0.0,False,False,False,False,False,0,0,0,1,1,1,0,0,0,0,1
differentiated,S_0063558,1,1,1,1,0,0,1.0,0.0,0.0,1,-0.0,False,False,False,False,False,0,0,0,1,1,1,0,0,0,0,1
differentiated,S_0063559,1,1,1,1,0,0,1.0,0.0,0.0,1,-0.0,False,False,False,False,False,0,0,0,1,1,1,0,0,0,0,1
differentiated,S_0063562,1,1,1,0,1,0,0.0,1.0,0.0,1,-0.0,False,False,False,False,False,0,0,0,1,1,0,0,0,1,0,1
differentiated,S_0063566,3,3,2,1,2,0,0.3333333333333333,0.6666666666666666,0.0,2,0.5793801642856949,False,True,True,False,False,0,0,0,3,1,1,1,1,0,0,3
differentiated,S_0063567,1,1,1,1,0,0,1.0,0.0,0.0,1,-0.0,False,False,False,False,False,0,0,0,1,1,1,0,0,0,0,1
differentiated,S_0063568,1,1,1,1,0,0,1.0,0.0,0.0,1,-0.0,False,False,False,False,False,0,0,0,1,1,1,0,0,0,0,1
differentiated,S_0063580,1,1,1,1,0,0,1.0,0.0,0.0,1,-0.0,False,False,False,False,False,0,0,0,1,1,1,0,0,0,0,1
differentiated,S_0063585,4,4,4,2,2,0,0.5,0.5,0.0,2,0.6309297535714574,False,True,True,False,False,0,0,0,4,1,2,0,0,2,0,2
differentiated,S_0063586,4,4,4,2,2,0,0.5,0.5,0.0,2,0.6309297535714574,False,True,True,False,False,0,0,0,4,1,2,0,0,2,0,2
differentiated,S_0063596,3,3,3,2,1,0,0.6666666666666666,0.3333333333333333,0.0,2,0.5793801642856949,False,True,True,False,False,0,0,0,3,1,2,0,0,1,0,2
differentiated,S_0063604,1,1,1,0,1,0,0.0,1.0,0.0,1,-0.0,False,False,False,False,False,0,0,0,1,1,0,0,0,1,0,1
differentiated,S_0063605,1,1,1,0,1,0,0.0,1.0,0.0,1,-0.0,False,False,False,False,False,0,0,0,1,1,0,0,0,1,0,1
differentiated,S_0063607,1,1,1,1,0,0,1.0,0.0,0.0,1,-0.0,False,False,False,False,False,0,0,0,1,1,1,0,0,0,0,1
differentiated,S_0063617,1,1,1,1,0,0,1.0,0.0,0.0,1,-0.0,False,False,False,False,False,0,0,0,1,1,1,0,0,0,0,1
differentiated,S_0063618,1,1,1,1,0,0,1.0,0.0,0.0,1,-0.0,False,False,False,False,False,0,0,0,1,1,1,0,0,0,0,1
differentiated,S_0063626,1,1,1,1,0,0,1.0,0.0,0.0,1,-0.0,False,False,False,False,False,0,0,0,1,1,0,0,0,1,0,1
differentiated,S_0063630,5,5,2,2,3,0,0.4,0.6,0.0,2,0.6126016192893442,True,True,True,True,False,0,0,0,5,1,2,3,0,0,0,2
differentiated,S_0063631,5,5,2,2,3,0,0.4,0.6,0.0,2,0.6126016192893442,True,True,True,True,False,0,0,0,5,1,2,3,0,0,0,2
differentiated,S_0063644,2,2,2,2,0,0,1.0,0.0,0.0,1,-0.0,False,True,False,False,False,0,0,0,2,1,1,0,0,1,0,2
differentiated,S_0063648,5,5,2,2,3,0,0.4,0.6,0.0,2,0.6126016192893442,True,True,True,True,False,0,0,0,5,1,2,3,0,0,0,2
differentiated,S_0063649,5,5,2,2,3,0,0.4,0.6,0.0,2,0.6126016192893442,True,True,True,True,False,0,0,0,5,1,2,3,0,0,0,2
differentiated,S_0063660,2,2,1,2,0,0,1.0,0.0,0.0,1,-0.0,False,True,False,False,False,0,0,0,2,1,1,1,0,0,0,2
differentiated,S_0063662,2,2,1,2,0,0,1.0,0.0,0.0,1,-0.0,False,True,False,False,False,0,0,0,2,1,1,1,0,0,0,2
differentiated,S_0063670,2,2,1,2,0,0,1.0,0.0,0.0,1,-0.0,False,True,False,False,False,0,0,0,2,1,1,1,0,0,0,2
differentiated,S_0063671,1,1,1,0,1,0,0.0,1.0,0.0,1,-0.0,False,False,False,False,False,0,0,0,1,1,0,0,0,1,0,1
differentiated,S_0063674,2,2,1,2,0,0,1.0,0.0,0.0,1,-0.0,False,True,False,False,False,0,0,0,2,1,1,1,0,0,0,2
differentiated,S_0063679,3,3,2,1,2,0,0.3333333333333333,0.6666666666666666,0.0,2,0.5793801642856949,False,True,True,False,False,0,0,0,3,1,0,0,1,1,1,3
differentiated,S_0063683,2,2,2,2,0,0,1.0,0.0,0.0,1,-0.0,False,True,False,False,False,0,0,0,2,1,1,0,0,1,0,2
differentiated,S_0063684,3,3,3,2,1,0,0.6666666666666666,0.3333333333333333,0.0,2,0.5793801642856949,False,True,True,False,False,0,0,0,3,1,2,0,0,1,0,2
differentiated,S_0063695,1,1,1,0,1,0,0.0,1.0,0.0,1,-0.0,False,False,False,False,False,0,0,0,1,1,0,0,0,1,0,1
differentiated,S_0063698,1,1,1,1,0,0,1.0,0.0,0.0,1,-0.0,False,False,False,False,False,0,0,0,1,1,1,0,0,0,0,1
differentiated,S_0063699,1,1,1,1,0,0,1.0,0.0,0.0,1,-0.0,False,False,False,False,False,0,0,0,1,1,1,0,0,0,0,1
differentiated,S_0063701,3,3,3,2,1,0,0.6666666666666666,0.3333333333333333,0.0,2,0.5793801642856949,False,True,True,False,False,0,0,0,3,1,3,0,0,0,0,1
differentiated,S_0063702,3,3,3,2,1,0,0.6666666666666666,0.3333333333333333,0.0,2,0.5793801642856949,False,True,True,False,False,0,0,0,3,1,3,0,0,0,0,1
differentiated,S_0063708,1,1,1,0,1,0,0.0,1.0,0.0,1,-0.0,False,False,False,False,False,0,0,0,1,1,0,0,0,1,0,1
differentiated,S_0063721,5,5,5,3,2,0,0.6,0.4,0.0,2,0.6126016192893442,True,True,True,True,False,0,0,0,5,1,3,1,0,1,0,3
differentiated,S_0063726,1,1,1,1,0,0,1.0,0.0,0.0,1,-0.0,False,False,False,False,False,0,0,0,1,1,1,0,0,0,0,1
differentiated,S_0063732,2,2,2,1,1,0,0.5,0.5,0.0,2,0.6309297535714574,False,True,False,False,False,0,0,0,2,1,1,0,0,1,0,2
differentiated,S_0063736,2,2,2,2,0,0,1.0,0.0,0.0,1,-0.0,False,True,False,False,False,0,0,0,2,1,1,0,0,1,0,2
differentiated,S_0063737,1,1,1,0,1,0,0.0,1.0,0.0,1,-0.0,False,False,False,False,False,0,0,0,1,1,0,0,0,1,0,1
differentiated,S_0063740,1,1,1,1,0,0,1.0,0.0,0.0,1,-0.0,False,False,False,False,False,0,0,0,1,1,1,0,0,0,0,1
differentiated,S_0063741,1,1,1,1,0,0,1.0,0.0,0.0,1,-0.0,False,False,False,False,False,0,0,0,1,1,1,0,0,0,0,1
differentiated,S_0063742,1,1,1,1,0,0,1.0,0.0,0.0,1,-0.0,False,False,False,False,False,0,0,0,1,1,1,0,0,0,0,1
differentiated,S_0063748,1,1,1,1,0,0,1.0,0.0,0.0,1,-0.0,False,False,False,False,False,0,0,0,1,1,1,0,0,0,0,1
differentiated,S_0063749,1,1,1,1,0,0,1.0,0.0,0.0,1,-0.0,False,False,False,False,False,0,0,0,1,1,1,0,0,0,0,1
differentiated,S_0063753,1,1,1,0,1,0,0.0,1.0,0.0,1,-0.0,False,False,False,False,False,0,0,0,1,1,0,0,0,1,0,1
differentiated,S_0063763,1,1,1,0,1,0,0.0,1.0,0.0,1,-0.0,False,False,False,False,False,0,0,0,1,1,0,0,0,1,0,1
differentiated,S_0063766,1,1,1,1,0,0,1.0,0.0,0.0,1,-0.0,False,False,False,False,False,0,0,0,1,1,1,0,0,0,0,1
differentiated,S_0063771,1,1,1,1,0,0,1.0,0.0,0.0,1,-0.0,False,False,False,False,False,0,0,0,1,1,1,0,0,0,0,1
differentiated,S_0063774,1,1,1,1,0,0,1.0,0.0,0.0,1,-0.0,False,False,False,False,False,0,0,0,1,1,1,0,0,0,0,1
differentiated,S_0063777,2,2,2,1,1,0,0.5,0.5,0.0,2,0.6309297535714574,False,True,False,False,False,0,0,0,2,1,1,0,0,1,0,2
differentiated,S_0063778,2,2,2,0,2,0,0.0,1.0,0.0,1,-0.0,False,True,False,False,False,0,0,0,2,1,1,0,0,1,0,2
differentiated,S_0063779,2,2,1,2,0,0,1.0,0.0,0.0,1,-0.0,False,True,False,False,False,0,0,0,2,1,2,0,0,0,0,1
differentiated,S_0063780,2,2,1,2,0,0,1.0,0.0,0.0,1,-0.0,False,True,False,False,False,0,0,0,2,1,2,0,0,0,0,1
differentiated,S_0063781,1,1,1,1,0,0,1.0,0.0,0.0,1,-0.0,False,False,False,False,False,0,0,0,1,1,1,0,0,0,0,1
differentiated,S_0063782,1,1,1,0,1,0,0.0,1.0,0.0,1,-0.0,False,False,False,False,False,0,0,0,1,1,0,0,0,1,0,1
differentiated,S_0063787,1,1,1,1,0,0,1.0,0.0,0.0,1,-0.0,False,False,False,False,False,0,0,0,1,1,1,0,0,0,0,1
differentiated,S_0063789,1,1,1,1,0,0,1.0,0.0,0.0,1,-0.0,False,False,False,False,False,0,0,0,1,1,1,0,0,0,0,1
differentiated,S_0063790,1,1,1,1,0,0,1.0,0.0,0.0,1,-0.0,False,False,False,False,False,0,0,0,1,1,1,0,0,0,0,1
differentiated,S_0063807,2,2,2,0,2,0,0.0,1.0,0.0,1,-0.0,False,True,False,False,False,0,0,0,2,1,0,0,0,2,0,1
differentiated,S_0063808,2,2,2,0,2,0,0.0,1.0,0.0,1,-0.0,False,True,False,False,False,0,0,0,2,1,0,0,0,2,0,1
differentiated,S_0063811,5,5,2,2,3,0,0.4,0.6,0.0,2,0.6126016192893442,True,True,True,True,False,0,0,0,5,1,2,3,0,0,0,2
differentiated,S_0063812,5,5,2,2,3,0,0.4,0.6,0.0,2,0.6126016192893442,True,True,True,True,False,0,0,0,5,1,2,3,0,0,0,2
differentiated,S_0063813,1,1,1,0,1,0,0.0,1.0,0.0,1,-0.0,False,False,False,False,False,0,0,0,1,1,0,0,0,1,0,1
differentiated,S_0063814,2,2,1,2,0,0,1.0,0.0,0.0,1,-0.0,False,True,False,False,False,0,0,0,2,1,2,0,0,0,0,1
differentiated,S_0063818,1,1,1,1,0,0,1.0,0.0,0.0,1,-0.0,False,False,False,False,False,0,0,0,1,1,1,0,0,0,0,1
differentiated,S_0063819,1,1,1,1,0,0,1.0,0.0,0.0,1,-0.0,False,False,False,False,False,0,0,0,1,1,1,0,0,0,0,1
differentiated,S_0063829,1,1,1,0,1,0,0.0,1.0,0.0,1,-0.0,False,False,False,False,False,0,0,0,1,1,0,0,0,1,0,1
differentiated,S_0063832,1,1,1,1,0,0,1.0,0.0,0.0,1,-0.0,False,False,False,False,False,0,0,0,1,1,1,0,0,0,0,1
differentiated,S_0063853,3,3,3,1,2,0,0.3333333333333333,0.6666666666666666,0.0,2,0.5793801642856949,False,True,True,False,False,0,0,0,3,1,1,1,0,1,0,3
differentiated,S_0063854,3,3,3,1,2,0,0.3333333333333333,0.6666666666666666,0.0,2,0.5793801642856949,False,True,True,False,False,0,0,0,3,1,1,1,0,1,0,3
differentiated,S_0063862,1,1,1,0,1,0,0.0,1.0,0.0,1,-0.0,False,False,False,False,False,0,0,0,1,1,1,0,0,0,0,1
differentiated,S_0063864,1,1,1,0,1,0,0.0,1.0,0.0,1,-0.0,False,False,False,False,False,0,0,0,1,1,0,0,0,1,0,1
differentiated,S_0063865,2,2,2,2,0,0,1.0,0.0,0.0,1,-0.0,False,True,False,False,False,0,0,0,2,1,1,0,0,1,0,2
differentiated,S_0063871,3,3,2,1,2,0,0.3333333333333333,0.6666666666666666,0.0,2,0.5793801642856949,False,True,True,False,False,0,0,0,3,1,1,1,1,0,0,3
differentiated,S_0063883,5,5,2,2,3,0,0.4,0.6,0.0,2,0.6126016192893442,True,True,True,True,False,0,0,0,5,1,2,3,0,0,0,2
differentiated,S_0063884,5,5,2,2,3,0,0.4,0.6,0.0,2,0.6126016192893442,True,True,True,True,False,0,0,0,5,1,2,3,0,0,0,2
differentiated,S_0063890,2,2,1,2,0,0,1.0,0.0,0.0,1,-0.0,False,True,False,False,False,0,0,0,2,1,1,1,0,0,0,2
differentiated,S_0063893,2,2,1,2,0,0,1.0,0.0,0.0,1,-0.0,False,True,False,False,False,0,0,0,2,1,1,1,0,0,0,2
differentiated,S_0063897,2,2,1,2,0,0,1.0,0.0,0.0,1,-0.0,False,True,False,False,False,0,0,0,2,1,2,0,0,0,0,1
differentiated,S_0063898,1,1,1,0,1,0,0.0,1.0,0.0,1,-0.0,False,False,False,False,False,0,0,0,1,1,0,0,0,1,0,1
differentiated,S_0063915,1,1,1,0,1,0,0.0,1.0,0.0,1,-0.0,False,False,False,False,False,0,0,0,1,1,1,0,0,0,0,1
differentiated,S_0063916,1,1,1,0,1,0,0.0,1.0,0.0,1,-0.0,False,False,False,False,False,0,0,0,1,1,1,0,0,0,0,1
differentiated,S_0063918,1,1,1,1,0,0,1.0,0.0,0.0,1,-0.0,False,False,False,False,False,0,0,0,1,1,0,0,0,1,0,1
differentiated,S_0063921,1,1,1,1,0,0,1.0,0.0,0.0,1,-0.0,False,False,False,False,False,0,0,0,1,1,0,0,0,1,0,1
differentiated,S_0063922,3,3,2,1,2,0,0.3333333333333333,0.6666666666666666,0.0,2,0.5793801642856949,False,True,True,False,False,0,0,0,3,1,1,1,1,0,0,3
differentiated,S_0063924,1,1,1,1,0,0,1.0,0.0,0.0,1,-0.0,False,False,False,False,False,0,0,0,1,1,1,0,0,0,0,1
differentiated,S_0063925,1,1,1,1,0,0,1.0,0.0,0.0,1,-0.0,False,False,False,False,False,0,0,0,1,1,1,0,0,0,0,1
differentiated,S_0063964,1,1,1,1,0,0,1.0,0.0,0.0,1,-0.0,False,False,False,False,False,0,0,0,1,1,1,0,0,0,0,1
differentiated,S_0063979,1,1,1,0,1,0,0.0,1.0,0.0,1,-0.0,False,False,False,False,False,0,0,0,1,1,0,0,0,0,1,1
differentiated,S_0063983,2,2,1,2,0,0,1.0,0.0,0.0,1,-0.0,False,True,False,False,False,0,0,0,2,1,2,0,0,0,0,1
differentiated,S_0063987,1,1,1,1,0,0,1.0,0.0,0.0,1,-0.0,False,False,False,False,False,0,0,0,1,1,1,0,0,0,0,1
differentiated,S_0063988,1,1,1,1,0,0,1.0,0.0,0.0,1,-0.0,False,False,False,False,False,0,0,0,1,1,1,0,0,0,0,1
differentiated,S_0063997,1,1,1,1,0,0,1.0,0.0,0.0,1,-0.0,False,False,False,False,False,0,0,0,1,1,1,0,0,0,0,1
differentiated,S_0063998,1,1,1,1,0,0,1.0,0.0,0.0,1,-0.0,False,False,False,False,False,0,0,0,1,1,1,0,0,0,0,1
differentiated,S_0064001,1,1,1,1,0,0,1.0,0.0,0.0,1,-0.0,False,False,False,False,False,0,0,0,1,1,1,0,0,0,0,1
differentiated,S_0064002,1,1,1,1,0,0,1.0,0.0,0.0,1,-0.0,False,False,False,False,False,0,0,0,1,1,1,0,0,0,0,1
differentiated,S_0064012,1,1,1,1,0,0,1.0,0.0,0.0,1,-0.0,False,False,False,False,False,0,0,0,1,1,1,0,0,0,0,1
differentiated,S_0064013,1,1,1,1,0,0,1.0,0.0,0.0,1,-0.0,False,False,False,False,False,0,0,0,1,1,1,0,0,0,0,1
differentiated,S_0064026,1,1,1,1,0,0,1.0,0.0,0.0,1,-0.0,False,False,False,False,False,0,0,0,1,1,1,0,0,0,0,1
differentiated,S_0064027,1,1,1,1,0,0,1.0,0.0,0.0,1,-0.0,False,False,False,False,False,0,0,0,1,1,1,0,0,0,0,1
differentiated,S_0064039,1,1,1,1,0,0,1.0,0.0,0.0,1,-0.0,False,False,False,False,False,0,0,0,1,1,1,0,0,0,0,1
differentiated,S_0064040,1,1,1,1,0,0,1.0,0.0,0.0,1,-0.0,False,False,False,False,False,0,0,0,1,1,0,0,0,1,0,1
differentiated,S_0064042,1,1,1,1,0,0,1.0,0.0,0.0,1,-0.0,False,False,False,False,False,0,0,0,1,1,1,0,0,0,0,1
differentiated,S_0064047,1,1,1,1,0,0,1.0,0.0,0.0,1,-0.0,False,False,False,False,False,0,0,0,1,1,1,0,0,0,0,1
differentiated,S_0064054,1,1,1,1,0,0,1.0,0.0,0.0,1,-0.0,False,False,False,False,False,0,0,0,1,1,1,0,0,0,0,1
differentiated,S_0064055,1,1,1,1,0,0,1.0,0.0,0.0,1,-0.0,False,False,False,False,False,0,0,0,1,1,1,0,0,0,0,1
differentiated,S_0064057,4,4,3,1,3,0,0.25,0.75,0.0,2,0.5118595071429147,False,True,True,False,False,0,0,0,4,1,1,2,1,0,0,3
differentiated,S_0064062,1,1,1,0,1,0,0.0,1.0,0.0,1,-0.0,False,False,False,False,False,0,0,0,1,1,0,0,0,1,0,1
differentiated,S_0064064,1,1,1,1,0,0,1.0,0.0,0.0,1,-0.0,False,False,False,False,False,0,0,0,1,1,1,0,0,0,0,1
differentiated,S_0064066,1,1,1,1,0,0,1.0,0.0,0.0,1,-0.0,False,False,False,False,False,0,0,0,1,1,1,0,0,0,0,1
differentiated,S_0064067,3,3,3,2,1,0,0.6666666666666666,0.3333333333333333,0.0,2,0.5793801642856949,False,True,True,False,False,0,0,0,3,1,2,0,0,1,0,2
differentiated,S_0064072,5,5,5,3,2,0,0.6,0.4,0.0,2,0.6126016192893442,True,True,True,True,False,0,0,0,5,1,3,1,0,1,0,3
differentiated,S_0064079,2,2,1,2,0,0,1.0,0.0,0.0,1,-0.0,False,True,False,False,False,0,0,0,2,1,2,0,0,0,0,1
differentiated,S_0064085,3,3,2,0,3,0,0.0,1.0,0.0,1,-0.0,False,True,True,False,False,0,0,0,3,1,1,0,1,1,0,3
differentiated,S_0064086,1,1,1,1,0,0,1.0,0.0,0.0,1,-0.0,False,False,False,False,False,0,0,0,1,1,1,0,0,0,0,1
differentiated,S_0064093,1,1,1,0,1,0,0.0,1.0,0.0,1,-0.0,False,False,False,False,False,0,0,0,1,1,0,0,0,0,1,1
differentiated,S_0064097,1,1,1,1,0,0,1.0,0.0,0.0,1,-0.0,False,False,False,False,False,0,0,0,1,1,1,0,0,0,0,1
differentiated,S_0064098,1,1,1,0,1,0,0.0,1.0,0.0,1,-0.0,False,False,False,False,False,0,0,0,1,1,1,0,0,0,0,1
differentiated,S_0064099,1,1,1,0,1,0,0.0,1.0,0.0,1,-0.0,False,False,False,False,False,0,0,0,1,1,1,0,0,0,0,1
differentiated,S_0064128,1,1,1,1,0,0,1.0,0.0,0.0,1,-0.0,False,False,False,False,False,0,0,0,1,1,1,0,0,0,0,1
differentiated,S_0064129,1,1,1,1,0,0,1.0,0.0,0.0,1,-0.0,False,False,False,False,False,0,0,0,1,1,1,0,0,0,0,1
differentiated,S_0064130,3,3,3,2,1,0,0.6666666666666666,0.3333333333333333,0.0,2,0.5793801642856949,False,True,True,False,False,0,0,0,3,1,3,0,0,0,0,1
differentiated,S_0064131,3,3,3,2,1,0,0.6666666666666666,0.3333333333333333,0.0,2,0.5793801642856949,False,True,True,False,False,0,0,0,3,1,3,0,0,0,0,1
differentiated,S_0064134,1,1,1,1,0,0,1.0,0.0,0.0,1,-0.0,False,False,False,False,False,0,0,0,1,1,1,0,0,0,0,1
differentiated,S_0064138,1,1,1,0,1,0,0.0,1.0,0.0,1,-0.0,False,False,False,False,False,0,0,0,1,1,0,0,0,1,0,1
differentiated,S_0064140,2,2,1,2,0,0,1.0,0.0,0.0,1,-0.0,False,True,False,False,False,0,0,0,2,1,2,0,0,0,0,1
differentiated,S_0064141,2,2,1,2,0,0,1.0,0.0,0.0,1,-0.0,False,True,False,False,False,0,0,0,2,1,2,0,0,0,0,1
differentiated,S_0064148,1,1,1,1,0,0,1.0,0.0,0.0,1,-0.0,False,False,False,False,False,0,0,0,1,1,1,0,0,0,0,1
differentiated,S_0064149,1,1,1,1,0,0,1.0,0.0,0.0,1,-0.0,False,False,False,False,False,0,0,0,1,1,1,0,0,0,0,1
differentiated,S_0064162,1,1,1,1,0,0,1.0,0.0,0.0,1,-0.0,False,False,False,False,False,0,0,0,1,1,1,0,0,0,0,1
differentiated,S_0064163,1,1,1,1,0,0,1.0,0.0,0.0,1,-0.0,False,False,False,False,False,0,0,0,1,1,1,0,0,0,0,1
differentiated,S_0064181,2,2,2,0,2,0,0.0,1.0,0.0,1,-0.0,False,True,False,False,False,0,0,0,2,1,0,0,0,2,0,1
differentiated,S_0064182,2,2,2,0,2,0,0.0,1.0,0.0,1,-0.0,False,True,False,False,False,0,0,0,2,1,0,0,0,2,0,1
differentiated,S_0064184,1,1,1,1,0,0,1.0,0.0,0.0,1,-0.0,False,False,False,False,False,0,0,0,1,1,1,0,0,0,0,1
differentiated,S_0064185,1,1,1,1,0,0,1.0,0.0,0.0,1,-0.0,False,False,False,False,False,0,0,0,1,1,1,0,0,0,0,1
differentiated,S_0064188,2,2,2,0,2,0,0.0,1.0,0.0,1,-0.0,False,True,False,False,False,0,0,0,2,1,1,0,0,1,0,2
differentiated,S_0064196,1,1,1,1,0,0,1.0,0.0,0.0,1,-0.0,False,False,False,False,False,0,0,0,1,1,1,0,0,0,0,1
differentiated,S_0064204,2,2,2,1,1,0,0.5,0.5,0.0,2,0.6309297535714574,False,True,False,False,False,0,0,0,2,1,1,0,0,1,0,2
differentiated,S_0064206,1,1,1,1,0,0,1.0,0.0,0.0,1,-0.0,False,False,False,False,False,0,0,0,1,1,1,0,0,0,0,1
differentiated,S_0064207,1,1,1,1,0,0,1.0,0.0,0.0,1,-0.0,False,False,False,False,False,0,0,0,1,1,1,0,0,0,0,1
differentiated,S_0064221,1,1,1,1,0,0,1.0,0.0,0.0,1,-0.0,False,False,False,False,False,0,0,0,1,1,1,0,0,0,0,1
differentiated,S_0064249,5,5,2,2,3,0,0.4,0.6,0.0,2,0.6126016192893442,True,True,True,True,False,0,0,0,5,1,2,3,0,0,0,2
differentiated,S_0064250,5,5,2,2,3,0,0.4,0.6,0.0,2,0.6126016192893442,True,True,True,True,False,0,0,0,5,1,2,3,0,0,0,2
differentiated,S_0064267,2,2,2,0,2,0,0.0,1.0,0.0,1,-0.0,False,True,False,False,False,0,0,0,2,1,0,0,0,2,0,1
differentiated,S_0064268,2,2,2,0,2,0,0.0,1.0,0.0,1,-0.0,False,True,False,False,False,0,0,0,2,1,0,0,0,2,0,1
differentiated,S_0064273,1,1,1,1,0,0,1.0,0.0,0.0,1,-0.0,False,False,False,False,False,0,0,0,1,1,1,0,0,0,0,1
differentiated,S_0064274,1,1,1,1,0,0,1.0,0.0,0.0,1,-0.0,False,False,False,False,False,0,0,0,1,1,1,0,0,0,0,1
differentiated,S_0064281,3,3,2,0,3,0,0.0,1.0,0.0,1,-0.0,False,True,True,False,False,0,0,0,3,1,1,0,1,1,0,3
differentiated,S_0064287,2,2,1,0,2,0,0.0,1.0,0.0,1,-0.0,False,True,False,False,False,0,0,0,2,1,0,2,0,0,0,1
differentiated,S_0064291,1,1,1,1,0,0,1.0,0.0,0.0,1,-0.0,False,False,False,False,False,0,0,0,1,1,1,0,0,0,0,1
differentiated,S_0064292,1,1,1,1,0,0,1.0,0.0,0.0,1,-0.0,False,False,False,False,False,0,0,0,1,1,1,0,0,0,0,1
differentiated,S_0064293,1,1,1,0,1,0,0.0,1.0,0.0,1,-0.0,False,False,False,False,False,0,0,0,1,1,0,0,0,1,0,1
differentiated,S_0064294,2,2,2,2,0,0,1.0,0.0,0.0,1,-0.0,False,True,False,False,False,0,0,0,2,1,1,0,0,1,0,2
differentiated,S_0064298,1,1,1,1,0,0,1.0,0.0,0.0,1,-0.0,False,False,False,False,False,0,0,0,1,1,1,0,0,0,0,1
differentiated,S_0064303,1,1,1,1,0,0,1.0,0.0,0.0,1,-0.0,False,False,False,False,False,0,0,0,1,1,1,0,0,0,0,1
differentiated,S_0064304,1,1,1,1,0,0,1.0,0.0,0.0,1,-0.0,False,False,False,False,False,0,0,0,1,1,1,0,0,0,0,1
differentiated,S_0064306,2,2,1,2,0,0,1.0,0.0,0.0,1,-0.0,False,True,False,False,False,0,0,0,2,1,2,0,0,0,0,1
differentiated,S_0064315,5,5,2,2,3,0,0.4,0.6,0.0,2,0.6126016192893442,True,True,True,True,False,0,0,0,5,1,2,3,0,0,0,2
differentiated,S_0064316,5,5,2,2,3,0,0.4,0.6,0.0,2,0.6126016192893442,True,True,True,True,False,0,0,0,5,1,2,3,0,0,0,2
differentiated,S_0064321,1,1,1,1,0,0,1.0,0.0,0.0,1,-0.0,False,False,False,False,False,0,0,0,1,1,0,0,0,1,0,1
differentiated,S_0064322,1,1,1,1,0,0,1.0,0.0,0.0,1,-0.0,False,False,False,False,False,0,0,0,1,1,0,0,0,1,0,1
differentiated,S_0064330,4,4,4,2,2,0,0.5,0.5,0.0,2,0.6309297535714574,False,True,True,False,False,0,0,0,4,1,2,0,0,2,0,2
differentiated,S_0064331,4,4,4,2,2,0,0.5,0.5,0.0,2,0.6309297535714574,False,True,True,False,False,0,0,0,4,1,2,0,0,2,0,2
differentiated,S_0064336,1,1,1,0,1,0,0.0,1.0,0.0,1,-0.0,False,False,False,False,False,0,0,0,1,1,0,0,0,1,0,1
differentiated,S_0064341,1,1,1,1,0,0,1.0,0.0,0.0,1,-0.0,False,False,False,False,False,0,0,0,1,1,1,0,0,0,0,1
differentiated,S_0064342,1,1,1,1,0,0,1.0,0.0,0.0,1,-0.0,False,False,False,False,False,0,0,0,1,1,1,0,0,0,0,1
differentiated,S_0064345,2,2,1,2,0,0,1.0,0.0,0.0,1,-0.0,False,True,False,False,False,0,0,0,2,1,2,0,0,0,0,1
differentiated,S_0064348,1,1,1,1,0,0,1.0,0.0,0.0,1,-0.0,False,False,False,False,False,0,0,0,1,1,1,0,0,0,0,1
differentiated,S_0064349,1,1,1,1,0,0,1.0,0.0,0.0,1,-0.0,False,False,False,False,False,0,0,0,1,1,1,0,0,0,0,1
differentiated,S_0064352,5,5,2,2,3,0,0.4,0.6,0.0,2,0.6126016192893442,True,True,True,True,False,0,0,0,5,1,2,3,0,0,0,2
differentiated,S_0064353,5,5,2,2,3,0,0.4,0.6,0.0,2,0.6126016192893442,True,True,True,True,False,0,0,0,5,1,2,3,0,0,0,2
differentiated,S_0064359,1,1,1,1,0,0,1.0,0.0,0.0,1,-0.0,False,False,False,False,False,0,0,0,1,1,1,0,0,0,0,1
differentiated,S_0064360,1,1,1,1,0,0,1.0,0.0,0.0,1,-0.0,False,False,False,False,False,0,0,0,1,1,1,0,0,0,0,1
differentiated,S_0064361,1,1,1,1,0,0,1.0,0.0,0.0,1,-0.0,False,False,False,False,False,0,0,0,1,1,1,0,0,0,0,1
differentiated,S_0064363,1,1,1,1,0,0,1.0,0.0,0.0,1,-0.0,False,False,False,False,False,0,0,0,1,1,1,0,0,0,0,1
differentiated,S_0064369,3,3,2,0,3,0,0.0,1.0,0.0,1,-0.0,False,True,True,False,False,0,0,0,3,1,1,0,1,1,0,3
differentiated,S_0064370,1,1,1,1,0,0,1.0,0.0,0.0,1,-0.0,False,False,False,False,False,0,0,0,1,1,1,0,0,0,0,1
differentiated,S_0064384,2,2,2,1,1,0,0.5,0.5,0.0,2,0.6309297535714574,False,True,False,False,False,0,0,0,2,1,1,0,0,1,0,2
differentiated,S_0064415,1,1,1,1,0,0,1.0,0.0,0.0,1,-0.0,False,False,False,False,False,0,0,0,1,1,1,0,0,0,0,1
differentiated,S_0064416,1,1,1,1,0,0,1.0,0.0,0.0,1,-0.0,False,False,False,False,False,0,0,0,1,1,1,0,0,0,0,1
differentiated,S_0064417,1,1,1,1,0,0,1.0,0.0,0.0,1,-0.0,False,False,False,False,False,0,0,0,1,1,1,0,0,0,0,1
differentiated,S_0064422,1,1,1,1,0,0,1.0,0.0,0.0,1,-0.0,False,False,False,False,False,0,0,0,1,1,1,0,0,0,0,1
differentiated,S_0064423,1,1,1,1,0,0,1.0,0.0,0.0,1,-0.0,False,False,False,False,False,0,0,0,1,1,1,0,0,0,0,1
differentiated,S_0064430,1,1,1,1,0,0,1.0,0.0,0.0,1,-0.0,False,False,False,False,False,0,0,0,1,1,1,0,0,0,0,1
differentiated,S_0064439,1,1,1,1,0,0,1.0,0.0,0.0,1,-0.0,False,False,False,False,False,0,0,0,1,1,1,0,0,0,0,1
differentiated,S_0064448,1,1,1,1,0,0,1.0,0.0,0.0,1,-0.0,False,False,False,False,False,0,0,0,1,1,1,0,0,0,0,1
differentiated,S_0064461,2,2,1,2,0,0,1.0,0.0,0.0,1,-0.0,False,True,False,False,False,0,0,0,2,1,2,0,0,0,0,1
differentiated,S_0064462,1,1,1,0,1,0,0.0,1.0,0.0,1,-0.0,False,False,False,False,False,0,0,0,1,1,0,0,0,0,1,1
differentiated,S_0064474,1,1,1,1,0,0,1.0,0.0,0.0,1,-0.0,False,False,False,False,False,0,0,0,1,1,1,0,0,0,0,1
differentiated,S_0064475,1,1,1,1,0,0,1.0,0.0,0.0,1,-0.0,False,False,False,False,False,0,0,0,1,1,1,0,0,0,0,1
differentiated,S_0064478,1,1,1,1,0,0,1.0,0.0,0.0,1,-0.0,False,False,False,False,False,0,0,0,1,1,1,0,0,0,0,1
differentiated,S_0064481,1,1,1,1,0,0,1.0,0.0,0.0,1,-0.0,False,False,False,False,False,0,0,0,1,1,1,0,0,0,0,1
differentiated,S_0064482,1,1,1,1,0,0,1.0,0.0,0.0,1,-0.0,False,False,False,False,False,0,0,0,1,1,1,0,0,0,0,1
differentiated,S_0064483,1,1,1,1,0,0,1.0,0.0,0.0,1,-0.0,False,False,False,False,False,0,0,0,1,1,1,0,0,0,0,1
differentiated,S_0064490,1,1,1,1,0,0,1.0,0.0,0.0,1,-0.0,False,False,False,False,False,0,0,0,1,1,1,0,0,0,0,1
differentiated,S_0064491,1,1,1,1,0,0,1.0,0.0,0.0,1,-0.0,False,False,False,False,False,0,0,0,1,1,1,0,0,0,0,1
differentiated,S_0064494,1,1,1,1,0,0,1.0,0.0,0.0,1,-0.0,False,False,False,False,False,0,0,0,1,1,1,0,0,0,0,1
differentiated,S_0064498,2,2,2,1,1,0,0.5,0.5,0.0,2,0.6309297535714574,False,True,False,False,False,0,0,0,2,1,0,0,0,2,0,1
differentiated,S_0064521,1,1,1,1,0,0,1.0,0.0,0.0,1,-0.0,False,False,False,False,False,0,0,0,1,1,1,0,0,0,0,1
differentiated,S_0064565,3,3,2,1,2,0,0.3333333333333333,0.6666666666666666,0.0,2,0.5793801642856949,False,True,True,False,False,0,0,0,3,1,0,0,1,1,1,3
differentiated,S_0064598,3,3,3,2,1,0,0.6666666666666666,0.3333333333333333,0.0,2,0.5793801642856949,False,True,True,False,False,0,0,0,3,1,2,0,0,1,0,2
differentiated,S_0064606,1,1,1,1,0,0,1.0,0.0,0.0,1,-0.0,False,False,False,False,False,0,0,0,1,1,1,0,0,0,0,1
differentiated,S_0064619,1,1,1,1,0,0,1.0,0.0,0.0,1,-0.0,False,False,False,False,False,0,0,0,1,1,1,0,0,0,0,1
differentiated,S_0064624,1,1,1,0,1,0,0.0,1.0,0.0,1,-0.0,False,False,False,False,False,0,0,0,1,1,1,0,0,0,0,1
differentiated,S_0064637,1,1,1,0,1,0,0.0,1.0,0.0,1,-0.0,False,False,False,False,False,0,0,0,1,1,0,0,0,1,0,1
differentiated,S_0064641,2,2,2,2,0,0,1.0,0.0,0.0,1,-0.0,False,True,False,False,False,0,0,0,2,1,2,0,0,0,0,1
differentiated,S_0064642,2,2,2,2,0,0,1.0,0.0,0.0,1,-0.0,False,True,False,False,False,0,0,0,2,1,2,0,0,0,0,1
differentiated,S_0064644,3,3,3,2,1,0,0.6666666666666666,0.3333333333333333,0.0,2,0.5793801642856949,False,True,True,False,False,0,0,0,3,1,2,0,0,1,0,2
differentiated,S_0064647,1,1,1,1,0,0,1.0,0.0,0.0,1,-0.0,False,False,False,False,False,0,0,0,1,1,1,0,0,0,0,1
differentiated,S_0064648,1,1,1,1,0,0,1.0,0.0,0.0,1,-0.0,False,False,False,False,False,0,0,0,1,1,1,0,0,0,0,1
differentiated,S_0064649,1,1,1,1,0,0,1.0,0.0,0.0,1,-0.0,False,False,False,False,False,0,0,0,1,1,1,0,0,0,0,1
differentiated,S_0064650,1,1,1,1,0,0,1.0,0.0,0.0,1,-0.0,False,False,False,False,False,0,0,0,1,1,1,0,0,0,0,1
differentiated,S_0064656,2,2,1,2,0,0,1.0,0.0,0.0,1,-0.0,False,True,False,False,False,0,0,0,2,1,1,1,0,0,0,2
differentiated,S_0064657,2,2,1,2,0,0,1.0,0.0,0.0,1,-0.0,False,True,False,False,False,0,0,0,2,1,1,1,0,0,0,2
differentiated,S_0064660,1,1,1,1,0,0,1.0,0.0,0.0,1,-0.0,False,False,False,False,False,0,0,0,1,1,1,0,0,0,0,1
differentiated,S_0064663,1,1,1,0,1,0,0.0,1.0,0.0,1,-0.0,False,False,False,False,False,0,0,0,1,1,1,0,0,0,0,1
differentiated,S_0064665,1,1,1,1,0,0,1.0,0.0,0.0,1,-0.0,False,False,False,False,False,0,0,0,1,1,1,0,0,0,0,1
differentiated,S_0064672,1,1,1,1,0,0,1.0,0.0,0.0,1,-0.0,False,False,False,False,False,0,0,0,1,1,1,0,0,0,0,1
differentiated,S_0064676,1,1,1,0,1,0,0.0,1.0,0.0,1,-0.0,False,False,False,False,False,0,0,0,1,1,1,0,0,0,0,1
differentiated,S_0064683,1,1,1,0,1,0,0.0,1.0,0.0,1,-0.0,False,False,False,False,False,0,0,0,1,1,0,0,0,0,1,1
differentiated,S_0064691,1,1,1,1,0,0,1.0,0.0,0.0,1,-0.0,False,False,False,False,False,0,0,0,1,1,1,0,0,0,0,1
differentiated,S_0064694,1,1,1,1,0,0,1.0,0.0,0.0,1,-0.0,False,False,False,False,False,0,0,0,1,1,1,0,0,0,0,1
differentiated,S_0064695,1,1,1,1,0,0,1.0,0.0,0.0,1,-0.0,False,False,False,False,False,0,0,0,1,1,1,0,0,0,0,1
differentiated,S_0064702,3,3,3,2,1,0,0.6666666666666666,0.3333333333333333,0.0,2,0.5793801642856949,False,True,True,False,False,0,0,0,3,1,2,0,0,1,0,2
differentiated,S_0064720,1,1,1,1,0,0,1.0,0.0,0.0,1,-0.0,False,False,False,False,False,0,0,0,1,1,1,0,0,0,0,1
differentiated,S_0064725,1,1,1,1,0,0,1.0,0.0,0.0,1,-0.0,False,False,False,False,False,0,0,0,1,1,1,0,0,0,0,1
differentiated,S_0064729,1,1,1,1,0,0,1.0,0.0,0.0,1,-0.0,False,False,False,False,False,0,0,0,1,1,1,0,0,0,0,1
differentiated,S_0064730,1,1,1,1,0,0,1.0,0.0,0.0,1,-0.0,False,False,False,False,False,0,0,0,1,1,1,0,0,0,0,1
