scenario,agent_id,income_group,purpose,mode,mapping_mode,leg_mode,origin_id,destination_id,route_position,route_edge_count,u,v,key,modal_edge_id,edge_length_m,osmid,name,highway,transit_leg,transit_connection_id,transit_trip_id,transit_route_id,transit_shape_id,from_stop_id,to_stop_id,from_shape_position_m,to_shape_position_m
baseline,1,middle,shopping,car,car,car,8603.0,D_0008349,0,55,2293174552.0,573291017.0,0.0,car:2293174552:573291017:0,69.94218553727409,924413749,Rua Manoel Bandeira,residential,,,,,,,,,
baseline,1,middle,shopping,car,car,car,8603.0,D_0008349,1,55,573291017.0,573291441.0,0.0,car:573291017:573291441:0,151.574817767527,924413749|564848366,Rua Manoel Bandeira,residential,,,,,,,,,
baseline,1,middle,shopping,car,car,car,8603.0,D_0008349,2,55,573291441.0,573291181.0,0.0,car:573291441:573291181:0,236.15550392154722,30105001,Rua Manoel Bandeira,residential,,,,,,,,,
baseline,1,middle,shopping,car,car,car,8603.0,D_0008349,3,55,573291181.0,309865721.0,0.0,car:573291181:309865721:0,71.32447397855638,451653437,Rua Ernesto Pellanda,secondary,,,,,,,,,
baseline,1,middle,shopping,car,car,car,8603.0,D_0008349,4,55,309865721.0,573291189.0,0.0,car:309865721:573291189:0,73.99645940273916,451653437,Rua Ernesto Pellanda,secondary,,,,,,,,,
baseline,1,middle,shopping,car,car,car,8603.0,D_0008349,5,55,573291189.0,573291192.0,0.0,car:573291189:573291192:0,74.69665568802635,451653437,Rua Ernesto Pellanda,secondary,,,,,,,,,
baseline,1,middle,shopping,car,car,car,8603.0,D_0008349,6,55,573291192.0,5441374092.0,0.0,car:573291192:5441374092:0,170.28913508372216,98557284,Avenida Ipê,secondary,,,,,,,,,
baseline,1,middle,shopping,car,car,car,8603.0,D_0008349,7,55,5441374092.0,308421785.0,0.0,car:5441374092:308421785:0,189.84430630828018,98557284,Avenida Ipê,secondary,,,,,,,,,
baseline,1,middle,shopping,car,car,car,8603.0,D_0008349,8,55,308421785.0,308421784.0,0.0,car:308421785:308421784:0,11.68302069256984,451653092,Avenida Saturnino de Brito,secondary,,,,,,,,,
baseline,1,middle,shopping,car,car,car,8603.0,D_0008349,9,55,308421784.0,874400732.0,0.0,car:308421784:874400732:0,31.624499312906888,28082770,,secondary_link,,,,,,,,,
baseline,1,middle,shopping,car,car,car,8603.0,D_0008349,10,55,874400732.0,308421782.0,0.0,car:874400732:308421782:0,11.379819571829321,451653089,Avenida Saturnino de Brito,secondary,,,,,,,,,
baseline,1,middle,shopping,car,car,car,8603.0,D_0008349,11,55,308421782.0,2916128969.0,0.0,car:308421782:2916128969:0,16.394906793641052,451653088,Avenida Saturnino de Brito,secondary,,,,,,,,,
baseline,1,middle,shopping,car,car,car,8603.0,D_0008349,12,55,2916128969.0,308421788.0,0.0,car:2916128969:308421788:0,8.415734416650855,451653091,Avenida Saturnino de Brito,secondary,,,,,,,,,
baseline,1,middle,shopping,car,car,car,8603.0,D_0008349,13,55,308421788.0,308417549.0,0.0,car:308421788:308417549:0,86.1754556140907,451653090,Avenida Saturnino de Brito,secondary,,,,,,,,,
baseline,1,middle,shopping,car,car,car,8603.0,D_0008349,14,55,308417549.0,308417548.0,0.0,car:308417549:308417548:0,50.23554938278705,326309700,Avenida Saturnino de Brito,secondary,,,,,,,,,
baseline,1,middle,shopping,car,car,car,8603.0,D_0008349,15,55,308417548.0,832669204.0,0.0,car:308417548:832669204:0,89.6184087828735,326309701,Avenida Saturnino de Brito,secondary,,,,,,,,,
baseline,1,middle,shopping,car,car,car,8603.0,D_0008349,16,55,832669204.0,832669217.0,0.0,car:832669204:832669217:0,92.79773018482953,326309701,Avenida Saturnino de Brito,secondary,,,,,,,,,
baseline,1,middle,shopping,car,car,car,8603.0,D_0008349,17,55,832669217.0,308417148.0,0.0,car:832669217:308417148:0,102.54109306489242,245577971,Avenida Saturnino de Brito,secondary,,,,,,,,,
baseline,1,middle,shopping,car,car,car,8603.0,D_0008349,18,55,308417148.0,308417362.0,0.0,car:308417148:308417362:0,224.92750963624923,245577971,Avenida Saturnino de Brito,secondary,,,,,,,,,
baseline,1,middle,shopping,car,car,car,8603.0,D_0008349,19,55,308417362.0,295518345.0,0.0,car:308417362:295518345:0,255.53086408864024,28082687,Avenida Saturnino de Brito,secondary,,,,,,,,,
baseline,1,middle,shopping,car,car,car,8603.0,D_0008349,20,55,295518345.0,3618664594.0,0.0,car:295518345:3618664594:0,7.861545455948274,29018153,Avenida Saturnino de Brito,secondary,,,,,,,,,
baseline,1,middle,shopping,car,car,car,8603.0,D_0008349,21,55,3618664594.0,2527527070.0,0.0,car:3618664594:2527527070:0,7.872664889096222,29018153,Avenida Saturnino de Brito,secondary,,,,,,,,,
baseline,1,middle,shopping,car,car,car,8603.0,D_0008349,22,55,2527527070.0,445820963.0,0.0,car:2527527070:445820963:0,63.28257114990083,245578005,Rua São Felipe,tertiary,,,,,,,,,
baseline,1,middle,shopping,car,car,car,8603.0,D_0008349,23,55,445820963.0,445820962.0,0.0,car:445820963:445820962:0,106.53253327942757,562246718,Rua Doutor Murtinho,tertiary,,,,,,,,,
baseline,1,middle,shopping,car,car,car,8603.0,D_0008349,24,55,445820962.0,445820961.0,0.0,car:445820962:445820961:0,162.64448513533662,399066442,Rua Doutor Murtinho,tertiary,,,,,,,,,
baseline,1,middle,shopping,car,car,car,8603.0,D_0008349,25,55,445820961.0,319118461.0,0.0,car:445820961:319118461:0,81.36427724505896,131992358,Rua Panamá,tertiary,,,,,,,,,
baseline,1,middle,shopping,car,car,car,8603.0,D_0008349,26,55,319118461.0,9032978658.0,0.0,car:319118461:9032978658:0,178.6628052164649,699797486,Rua Panamá,tertiary,,,,,,,,,
baseline,1,middle,shopping,car,car,car,8603.0,D_0008349,27,55,9032978658.0,8414404308.0,0.0,car:9032978658:8414404308:0,10.740090324102626,699797486,Rua Panamá,tertiary,,,,,,,,,
baseline,1,middle,shopping,car,car,car,8603.0,D_0008349,28,55,8414404308.0,319118458.0,0.0,car:8414404308:319118458:0,146.5906778668385,699797486,Rua Panamá,tertiary,,,,,,,,,
baseline,1,middle,shopping,car,car,car,8603.0,D_0008349,29,55,319118458.0,319118457.0,0.0,car:319118458:319118457:0,43.33502984735403,327282616,Rua A Vila Nossa Senhora de Fátima,tertiary,,,,,,,,,
baseline,1,middle,shopping,car,car,car,8603.0,D_0008349,30,55,319118457.0,319119429.0,0.0,car:319118457:319119429:0,147.22195903076852,131992357,Rua A Vila Nossa Senhora de Fátima,tertiary,,,,,,,,,
baseline,1,middle,shopping,car,car,car,8603.0,D_0008349,31,55,319119429.0,319118338.0,0.0,car:319119429:319118338:0,307.5185218898252,445705122|444341032|699797482|445705126,Rua Arnaldo Antônio Portaluppi,residential,,,,,,,,,
baseline,1,middle,shopping,car,car,car,8603.0,D_0008349,32,55,319118338.0,319118339.0,0.0,car:319118338:319118339:0,26.847598456337376,444341032,Rua Arnaldo Antônio Portaluppi,residential,,,,,,,,,
baseline,1,middle,shopping,car,car,car,8603.0,D_0008349,33,55,319118339.0,319118344.0,0.0,car:319118339:319118344:0,159.8529558100623,444341032|29017678,Rua Arnaldo Antônio Portaluppi,residential,,,,,,,,,
baseline,1,middle,shopping,car,car,car,8603.0,D_0008349,34,55,319118344.0,8427532447.0,0.0,car:319118344:8427532447:0,4.361880934545125,29017678,Rua Arnaldo Antônio Portaluppi,residential,,,,,,,,,
baseline,1,middle,shopping,car,car,car,8603.0,D_0008349,35,55,8427532447.0,4418265888.0,0.0,car:8427532447:4418265888:0,90.46872139643062,564093840,Rua 11,living_street,,,,,,,,,
baseline,1,middle,shopping,car,car,car,8603.0,D_0008349,36,55,4418265888.0,319118084.0,0.0,car:4418265888:319118084:0,82.49060981822149,564093840,Rua 11,living_street,,,,,,,,,
baseline,1,middle,shopping,car,car,car,8603.0,D_0008349,37,55,319118084.0,2289063599.0,0.0,car:319118084:2289063599:0,24.55321767651136,29017651,Rua 11,living_street,,,,,,,,,
baseline,1,middle,shopping,car,car,car,8603.0,D_0008349,38,55,2289063599.0,319117978.0,0.0,car:2289063599:319117978:0,71.31417727381661,29017651,Rua 11,living_street,,,,,,,,,
baseline,1,middle,shopping,car,car,car,8603.0,D_0008349,39,55,319117978.0,319125170.0,0.0,car:319117978:319125170:0,109.47066470350669,564061555,Rua 9,living_street,,,,,,,,,
baseline,1,middle,shopping,car,car,car,8603.0,D_0008349,40,55,319125170.0,316033744.0,0.0,car:319125170:316033744:0,203.66646408670096,29018380,Rua Jayr Amaury Koebe,tertiary,,,,,,,,,
baseline,1,middle,shopping,car,car,car,8603.0,D_0008349,41,55,316033744.0,316033729.0,0.0,car:316033744:316033729:0,259.1673028619562,1120101475,Rua Jayr Amaury Koebe,residential,,,,,,,,,
baseline,1,middle,shopping,car,car,car,8603.0,D_0008349,42,55,316033729.0,295514275.0,0.0,car:316033729:295514275:0,127.05685696769373,564061556|29017605,Rua Aldo Menotti Sirângelo,residential,,,,,,,,,
baseline,1,middle,shopping,car,car,car,8603.0,D_0008349,43,55,295514275.0,2761567331.0,0.0,car:295514275:2761567331:0,16.258890136344895,564061557,Rua Aldo Menotti Sirângelo,residential,,,,,,,,,
baseline,1,middle,shopping,car,car,car,8603.0,D_0008349,44,55,2761567331.0,3431610012.0,0.0,car:2761567331:3431610012:0,57.29330710133257,451653546,Rua Professor Cristiano Fischer,secondary,,,,,,,,,
baseline,1,middle,shopping,car,car,car,8603.0,D_0008349,45,55,3431610012.0,295513562.0,0.0,car:3431610012:295513562:0,190.21227268147268,1491680020|1491680039,Rua Professor Cristiano Fischer,secondary,,,,,,,,,
baseline,1,middle,shopping,car,car,car,8603.0,D_0008349,46,55,295513562.0,2281495320.0,0.0,car:295513562:2281495320:0,109.91511729615726,271887366,Rua Professor Cristiano Fischer,secondary,,,,,,,,,
baseline,1,middle,shopping,car,car,car,8603.0,D_0008349,47,55,2281495320.0,312800779.0,0.0,car:2281495320:312800779:0,46.31620921604498,271887365,Rua Professor Cristiano Fischer,secondary,,,,,,,,,
baseline,1,middle,shopping,car,car,car,8603.0,D_0008349,48,55,312800779.0,312800666.0,0.0,car:312800779:312800666:0,49.68399507112953,471814889|907218642|930753421|356396641,Rua Professor Cristiano Fischer,secondary,,,,,,,,,
baseline,1,middle,shopping,car,car,car,8603.0,D_0008349,49,55,312800666.0,293823357.0,0.0,car:312800666:293823357:0,81.12993877807986,1333586175,Rua Professor Cristiano Fischer,secondary,,,,,,,,,
baseline,1,middle,shopping,car,car,car,8603.0,D_0008349,50,55,293823357.0,293823312.0,0.0,car:293823357:293823312:0,218.25335931689926,40446253,Rua Professor Cristiano Fischer,secondary,,,,,,,,,
baseline,1,middle,shopping,car,car,car,8603.0,D_0008349,51,55,293823312.0,312812641.0,0.0,car:293823312:312812641:0,178.8276535129847,451653548,Rua Professor Cristiano Fischer,secondary,,,,,,,,,
baseline,1,middle,shopping,car,car,car,8603.0,D_0008349,52,55,312812641.0,293823363.0,0.0,car:312812641:293823363:0,139.97766507872586,451653548,Rua Professor Cristiano Fischer,secondary,,,,,,,,,
baseline,1,middle,shopping,car,car,car,8603.0,D_0008349,53,55,293823363.0,3618665085.0,0.0,car:293823363:3618665085:0,8.79062678088178,37017129,Rua Professor Cristiano Fischer,secondary,,,,,,,,,
baseline,1,middle,shopping,car,car,car,8603.0,D_0008349,54,55,3618665085.0,2190655974.0,0.0,car:3618665085:2190655974:0,14.161968492772349,37017129,Rua Professor Cristiano Fischer,secondary,,,,,,,,,
baseline,3,middle,leisure,car,car,car,9510.0,D_0004575,0,51,845466757.0,704694546.0,0.0,car:845466757:704694546:0,148.15858698711358,223086578,Rua Laudelino Freire,residential,,,,,,,,,
baseline,3,middle,leisure,car,car,car,9510.0,D_0004575,1,51,704694546.0,704694558.0,0.0,car:704694546:704694558:0,37.861056192187164,223086578,Rua Laudelino Freire,residential,,,,,,,,,
baseline,3,middle,leisure,car,car,car,9510.0,D_0004575,2,51,704694558.0,704694535.0,0.0,car:704694558:704694535:0,34.96292156497315,223086578,Rua Laudelino Freire,residential,,,,,,,,,
baseline,3,middle,leisure,car,car,car,9510.0,D_0004575,3,51,704694535.0,2320253730.0,0.0,car:704694535:2320253730:0,152.4991562679417,223086578,Rua Laudelino Freire,residential,,,,,,,,,
baseline,3,middle,leisure,car,car,car,9510.0,D_0004575,4,51,2320253730.0,629589720.0,0.0,car:2320253730:629589720:0,298.25096889591396,223086578,Rua Laudelino Freire,residential,,,,,,,,,
baseline,3,middle,leisure,car,car,car,9510.0,D_0004575,5,51,629589720.0,629589701.0,0.0,car:629589720:629589701:0,12.691769809210129,223086578,Rua Laudelino Freire,residential,,,,,,,,,
baseline,3,middle,leisure,car,car,car,9510.0,D_0004575,6,51,629589701.0,319844126.0,0.0,car:629589701:319844126:0,72.11692228222563,451653030,Avenida Minas Gerais,tertiary,,,,,,,,,
baseline,3,middle,leisure,car,car,car,9510.0,D_0004575,7,51,319844126.0,1093006757.0,0.0,car:319844126:1093006757:0,56.483923572202265,454586871,Avenida Alcides Maia,tertiary,,,,,,,,,
baseline,3,middle,leisure,car,car,car,9510.0,D_0004575,8,51,1093006757.0,1458908619.0,0.0,car:1093006757:1458908619:0,22.275786460027852,394256244,,primary_link,,,,,,,,,
baseline,3,middle,leisure,car,car,car,9510.0,D_0004575,9,51,1458908619.0,694284283.0,0.0,car:1458908619:694284283:0,106.6273509187641,976754124,Avenida Assis Brasil,primary,,,,,,,,,
baseline,3,middle,leisure,car,car,car,9510.0,D_0004575,10,51,694284283.0,1458908614.0,0.0,car:694284283:1458908614:0,96.14926944315168,910116338,Rua Senhor do Bom Fim,tertiary,,,,,,,,,
baseline,3,middle,leisure,car,car,car,9510.0,D_0004575,11,51,1458908614.0,320161928.0,0.0,car:1458908614:320161928:0,32.519822747866655,1288415765,Rua Senhor do Bom Fim,tertiary,,,,,,,,,
baseline,3,middle,leisure,car,car,car,9510.0,D_0004575,12,51,320161928.0,629574861.0,0.0,car:320161928:629574861:0,116.3494797737715,1288415765,Rua Senhor do Bom Fim,tertiary,,,,,,,,,
baseline,3,middle,leisure,car,car,car,9510.0,D_0004575,13,51,629574861.0,629574671.0,0.0,car:629574861:629574671:0,160.6541539374691,1288415765,Rua Senhor do Bom Fim,tertiary,,,,,,,,,
baseline,3,middle,leisure,car,car,car,9510.0,D_0004575,14,51,629574671.0,629574657.0,0.0,car:629574671:629574657:0,54.62126922121677,29106294,Rua D,living_street,,,,,,,,,
baseline,3,middle,leisure,car,car,car,9510.0,D_0004575,15,51,629574657.0,320160904.0,0.0,car:629574657:320160904:0,118.48350795264149,29106294,Rua D,living_street,,,,,,,,,
baseline,3,middle,leisure,car,car,car,9510.0,D_0004575,16,51,320160904.0,320160908.0,0.0,car:320160904:320160908:0,38.25847962567713,29106294,Rua D,living_street,,,,,,,,,
baseline,3,middle,leisure,car,car,car,9510.0,D_0004575,17,51,320160908.0,629574355.0,0.0,car:320160908:629574355:0,13.579272248298002,1281213529,Rua D,living_street,,,,,,,,,
baseline,3,middle,leisure,car,car,car,9510.0,D_0004575,18,51,629574355.0,8527736159.0,0.0,car:629574355:8527736159:0,4.420298619980663,1281213529,Rua D,living_street,,,,,,,,,
baseline,3,middle,leisure,car,car,car,9510.0,D_0004575,19,51,8527736159.0,320161402.0,0.0,car:8527736159:320161402:0,89.7065936856164,1281213529,Rua D,living_street,,,,,,,,,
baseline,3,middle,leisure,car,car,car,9510.0,D_0004575,20,51,320161402.0,320161109.0,0.0,car:320161402:320161109:0,28.649975048195646,29106291,Rua D,living_street,,,,,,,,,
baseline,3,middle,leisure,car,car,car,9510.0,D_0004575,21,51,320161109.0,629574427.0,0.0,car:320161109:629574427:0,20.29676459062954,29106266,Rua S,living_street,,,,,,,,,
baseline,3,middle,leisure,car,car,car,9510.0,D_0004575,22,51,629574427.0,629574472.0,0.0,car:629574427:629574472:0,58.65545126754117,29106274,Rua U,living_street,,,,,,,,,
baseline,3,middle,leisure,car,car,car,9510.0,D_0004575,23,51,629574472.0,1231762453.0,0.0,car:629574472:1231762453:0,19.57756719472794,699455933,Rua T,living_street,,,,,,,,,
baseline,3,middle,leisure,car,car,car,9510.0,D_0004575,24,51,1231762453.0,629574313.0,0.0,car:1231762453:629574313:0,87.38051996876635,699455932,Rua X,living_street,,,,,,,,,
baseline,3,middle,leisure,car,car,car,9510.0,D_0004575,25,51,629574313.0,8527152049.0,0.0,car:629574313:8527152049:0,85.77933440636755,29106317,Rua Ulysses de Alencastro Brandão,residential,,,,,,,,,
baseline,3,middle,leisure,car,car,car,9510.0,D_0004575,26,51,8527152049.0,320160568.0,0.0,car:8527152049:320160568:0,68.80254957760155,356396015,Avenida Francisco Silveira Bitencourt,secondary,,,,,,,,,
baseline,3,middle,leisure,car,car,car,9510.0,D_0004575,27,51,320160568.0,320160565.0,0.0,car:320160568:320160565:0,245.68480849835575,356396015,Avenida Francisco Silveira Bitencourt,secondary,,,,,,,,,
baseline,3,middle,leisure,car,car,car,9510.0,D_0004575,28,51,320160565.0,320044915.0,0.0,car:320160565:320044915:0,284.50378296045244,418997895,Avenida Francisco Silveira Bitencourt,secondary,,,,,,,,,
baseline,3,middle,leisure,car,car,car,9510.0,D_0004575,29,51,320044915.0,320045525.0,0.0,car:320044915:320045525:0,49.817648997966685,418997896,Avenida Francisco Silveira Bitencourt,secondary,,,,,,,,,
baseline,3,middle,leisure,car,car,car,9510.0,D_0004575,30,51,320045525.0,1439830359.0,0.0,car:320045525:1439830359:0,66.25308396908491,418997894,,secondary_link,,,,,,,,,
baseline,3,middle,leisure,car,car,car,9510.0,D_0004575,31,51,1439830359.0,4191950662.0,0.0,car:1439830359:4191950662:0,11.769368343412957,29096166,Avenida Plínio Kroeff,secondary,,,,,,,,,
baseline,3,middle,leisure,car,car,car,9510.0,D_0004575,32,51,4191950662.0,320044954.0,0.0,car:4191950662:320044954:0,25.333469334222528,962974806,Avenida Plínio Kroeff,secondary,,,,,,,,,
baseline,3,middle,leisure,car,car,car,9510.0,D_0004575,33,51,320044954.0,664273755.0,0.0,car:320044954:664273755:0,321.7770941268175,924832313|29096162,Avenida Francisco Silveira Bitencourt,secondary,,,,,,,,,
baseline,3,middle,leisure,car,car,car,9510.0,D_0004575,34,51,664273755.0,6159784070.0,0.0,car:664273755:6159784070:0,66.06696249141147,356395833,Avenida Bernardino Silveira Amorim,secondary,,,,,,,,,
baseline,3,middle,leisure,car,car,car,9510.0,D_0004575,35,51,6159784070.0,320037093.0,0.0,car:6159784070:320037093:0,29.754902723083262,973762146,Avenida Bernardino Silveira Amorim,secondary,,,,,,,,,
baseline,3,middle,leisure,car,car,car,9510.0,D_0004575,36,51,320037093.0,934992931.0,0.0,car:320037093:934992931:0,41.067931836461355,223622680,Avenida Bernardino Silveira Amorim,secondary,,,,,,,,,
baseline,3,middle,leisure,car,car,car,9510.0,D_0004575,37,51,934992931.0,480298984.0,0.0,car:934992931:480298984:0,117.89655371376392,223622680,Avenida Bernardino Silveira Amorim,secondary,,,,,,,,,
baseline,3,middle,leisure,car,car,car,9510.0,D_0004575,38,51,480298984.0,4191863927.0,0.0,car:480298984:4191863927:0,118.62501662489072,223622680,Avenida Bernardino Silveira Amorim,secondary,,,,,,,,,
baseline,3,middle,leisure,car,car,car,9510.0,D_0004575,39,51,4191863927.0,480300723.0,0.0,car:4191863927:480300723:0,53.60508058450749,223622680,Avenida Bernardino Silveira Amorim,secondary,,,,,,,,,
baseline,3,middle,leisure,car,car,car,9510.0,D_0004575,40,51,480300723.0,320042438.0,0.0,car:480300723:320042438:0,80.71918420442287,223622680,Avenida Bernardino Silveira Amorim,secondary,,,,,,,,,
baseline,3,middle,leisure,car,car,car,9510.0,D_0004575,41,51,320042438.0,2325019279.0,0.0,car:320042438:2325019279:0,52.37563925892302,223622680,Avenida Bernardino Silveira Amorim,secondary,,,,,,,,,
baseline,3,middle,leisure,car,car,car,9510.0,D_0004575,42,51,2325019279.0,320042204.0,0.0,car:2325019279:320042204:0,6.950233163756349,223622680,Avenida Bernardino Silveira Amorim,secondary,,,,,,,,,
baseline,3,middle,leisure,car,car,car,9510.0,D_0004575,43,51,320042204.0,3380421635.0,0.0,car:320042204:3380421635:0,11.272395078846513,223622680,Avenida Bernardino Silveira Amorim,secondary,,,,,,,,,
baseline,3,middle,leisure,car,car,car,9510.0,D_0004575,44,51,3380421635.0,881277808.0,0.0,car:3380421635:881277808:0,49.38192150482417,223622680,Avenida Bernardino Silveira Amorim,secondary,,,,,,,,,
baseline,3,middle,leisure,car,car,car,9510.0,D_0004575,45,51,881277808.0,320037086.0,0.0,car:881277808:320037086:0,65.11945228556922,223622680,Avenida Bernardino Silveira Amorim,secondary,,,,,,,,,
baseline,3,middle,leisure,car,car,car,9510.0,D_0004575,46,51,320037086.0,881277768.0,0.0,car:320037086:881277768:0,75.89317756448969,223622680,Avenida Bernardino Silveira Amorim,secondary,,,,,,,,,
baseline,3,middle,leisure,car,car,car,9510.0,D_0004575,47,51,881277768.0,3380421633.0,0.0,car:881277768:3380421633:0,20.80436195941765,223622680,Avenida Bernardino Silveira Amorim,secondary,,,,,,,,,
baseline,3,middle,leisure,car,car,car,9510.0,D_0004575,48,51,3380421633.0,8478070556.0,0.0,car:3380421633:8478070556:0,13.83960306187507,330993802,Rua Zigomar Francisco Zanin,residential,,,,,,,,,
baseline,3,middle,leisure,car,car,car,9510.0,D_0004575,49,51,8478070556.0,3380421625.0,0.0,car:8478070556:3380421625:0,137.5538735817708,330993802,Rua Zigomar Francisco Zanin,residential,,,,,,,,,
baseline,3,middle,leisure,car,car,car,9510.0,D_0004575,50,51,3380421625.0,3380421621.0,0.0,car:3380421625:3380421621:0,16.29775358662096,333916857,Rua Zigomar Francisco Zanin,residential,,,,,,,,,
baseline,4,low,health,car,car,car,7742.0,D_0001649,0,73,4423118306.0,2288596073.0,0.0,car:4423118306:2288596073:0,61.28416659348872,444847593,,residential,,,,,,,,,
baseline,4,low,health,car,car,car,7742.0,D_0001649,1,73,2288596073.0,2288596074.0,0.0,car:2288596073:2288596074:0,18.642707050934618,219722654,,residential,,,,,,,,,
baseline,4,low,health,car,car,car,7742.0,D_0001649,2,73,2288596074.0,2288596070.0,0.0,car:2288596074:2288596070:0,91.95308893570213,219722650,Rua Irmão Norberto Francisco Rauch,tertiary,,,,,,,,,
baseline,4,low,health,car,car,car,7742.0,D_0001649,3,73,2288596070.0,2288596068.0,0.0,car:2288596070:2288596068:0,128.4422302584481,219722650,Rua Irmão Norberto Francisco Rauch,tertiary,,,,,,,,,
baseline,4,low,health,car,car,car,7742.0,D_0001649,4,73,2288596068.0,8428241286.0,0.0,car:2288596068:8428241286:0,285.529792337501,219722650|450033421,Rua Irmão Norberto Francisco Rauch,tertiary,,,,,,,,,
baseline,4,low,health,car,car,car,7742.0,D_0001649,5,73,8428241286.0,10292537480.0,0.0,car:8428241286:10292537480:0,13.580197898070203,477702848,Beco Souza Costa,tertiary,,,,,,,,,
baseline,4,low,health,car,car,car,7742.0,D_0001649,6,73,10292537480.0,321010075.0,0.0,car:10292537480:321010075:0,36.952337552591146,1561252394,Beco Souza Costa,tertiary,,,,,,,,,
baseline,4,low,health,car,car,car,7742.0,D_0001649,7,73,321010075.0,321010081.0,0.0,car:321010075:321010081:0,373.30101596693646,477702849,Beco Souza Costa,tertiary,,,,,,,,,
baseline,4,low,health,car,car,car,7742.0,D_0001649,8,73,321010081.0,321010085.0,0.0,car:321010081:321010085:0,266.24978511316846,219722640,Beco Souza Costa,tertiary,,,,,,,,,
baseline,4,low,health,car,car,car,7742.0,D_0001649,9,73,321010085.0,321012216.0,0.0,car:321010085:321012216:0,47.875559204641604,454586907,Beco Souza Costa,tertiary,,,,,,,,,
baseline,4,low,health,car,car,car,7742.0,D_0001649,10,73,321012216.0,321012217.0,0.0,car:321012216:321012217:0,76.7015939960596,29191981,Rua Mário de Lima Hornes,residential,,,,,,,,,
baseline,4,low,health,car,car,car,7742.0,D_0001649,11,73,321012217.0,321012219.0,0.0,car:321012217:321012219:0,7.8520531254778625,29191981,Rua Mário de Lima Hornes,residential,,,,,,,,,
baseline,4,low,health,car,car,car,7742.0,D_0001649,12,73,321012219.0,321012231.0,0.0,car:321012219:321012231:0,81.73608613463342,29191981,Rua Mário de Lima Hornes,residential,,,,,,,,,
baseline,4,low,health,car,car,car,7742.0,D_0001649,13,73,321012231.0,321012233.0,0.0,car:321012231:321012233:0,137.7444400377566,1377600952|29191981,Rua Mário de Lima Hornes,residential,,,,,,,,,
baseline,4,low,health,car,car,car,7742.0,D_0001649,14,73,321012233.0,8425006513.0,0.0,car:321012233:8425006513:0,84.5929367307237,219006085,Rua Ney da Gama Ahrends,residential,,,,,,,,,
baseline,4,low,health,car,car,car,7742.0,D_0001649,15,73,8425006513.0,1140164910.0,0.0,car:8425006513:1140164910:0,38.83965765492069,219006085,Rua Ney da Gama Ahrends,residential,,,,,,,,,
baseline,4,low,health,car,car,car,7742.0,D_0001649,16,73,1140164910.0,321012353.0,0.0,car:1140164910:321012353:0,77.2302669793434,219006085,Rua Ney da Gama Ahrends,residential,,,,,,,,,
baseline,4,low,health,car,car,car,7742.0,D_0001649,17,73,321012353.0,295517902.0,0.0,car:321012353:295517902:0,106.19947554157919,219006085,Rua Ney da Gama Ahrends,residential,,,,,,,,,
baseline,4,low,health,car,car,car,7742.0,D_0001649,18,73,295517902.0,1450854726.0,0.0,car:295517902:1450854726:0,67.13227910791785,154308378,Avenida Protásio Alves,primary,,,,,,,,,
baseline,4,low,health,car,car,car,7742.0,D_0001649,19,73,1450854726.0,2527526997.0,0.0,car:1450854726:2527526997:0,199.8080614741304,356396146|356396205,Avenida Protásio Alves,primary,,,,,,,,,
baseline,4,low,health,car,car,car,7742.0,D_0001649,20,73,2527526997.0,2527526992.0,0.0,car:2527526997:2527526992:0,25.888298363216055,356396205,Avenida Protásio Alves,primary,,,,,,,,,
baseline,4,low,health,car,car,car,7742.0,D_0001649,21,73,2527526992.0,7757401472.0,0.0,car:2527526992:7757401472:0,95.16361944057803,356396205,Avenida Protásio Alves,primary,,,,,,,,,
baseline,4,low,health,car,car,car,7742.0,D_0001649,22,73,7757401472.0,2527526911.0,0.0,car:7757401472:2527526911:0,97.69231405908103,356396205,Avenida Protásio Alves,primary,,,,,,,,,
baseline,4,low,health,car,car,car,7742.0,D_0001649,23,73,2527526911.0,598724424.0,0.0,car:2527526911:598724424:0,154.412833919525,356396205,Avenida Protásio Alves,primary,,,,,,,,,
baseline,4,low,health,car,car,car,7742.0,D_0001649,24,73,598724424.0,321012617.0,0.0,car:598724424:321012617:0,145.68951182472478,189477002,Avenida Protásio Alves,primary,,,,,,,,,
baseline,4,low,health,car,car,car,7742.0,D_0001649,25,73,321012617.0,295517419.0,0.0,car:321012617:295517419:0,80.3574896034699,131885847,Avenida Protásio Alves,primary,,,,,,,,,
baseline,4,low,health,car,car,car,7742.0,D_0001649,26,73,295517419.0,321012568.0,0.0,car:295517419:321012568:0,10.78680244931868,131885847,Avenida Protásio Alves,primary,,,,,,,,,
baseline,4,low,health,car,car,car,7742.0,D_0001649,27,73,321012568.0,321012561.0,0.0,car:321012568:321012561:0,82.82037285268004,131885847,Avenida Protásio Alves,primary,,,,,,,,,
baseline,4,low,health,car,car,car,7742.0,D_0001649,28,73,321012561.0,321012559.0,0.0,car:321012561:321012559:0,45.3037326077768,927253800|131885847,Avenida Protásio Alves,primary,,,,,,,,,
baseline,4,low,health,car,car,car,7742.0,D_0001649,29,73,321012559.0,295517412.0,0.0,car:321012559:295517412:0,34.315539371640284,927253800,Avenida Protásio Alves,primary,,,,,,,,,
baseline,4,low,health,car,car,car,7742.0,D_0001649,30,73,295517412.0,321012557.0,0.0,car:295517412:321012557:0,37.28234074654377,927253800,Avenida Protásio Alves,primary,,,,,,,,,
baseline,4,low,health,car,car,car,7742.0,D_0001649,31,73,321012557.0,1668175855.0,0.0,car:321012557:1668175855:0,23.85135720589587,131885853,Avenida Manoel Elias,primary_link,,,,,,,,,
baseline,4,low,health,car,car,car,7742.0,D_0001649,32,73,1668175855.0,1668597517.0,0.0,car:1668175855:1668597517:0,161.0995648364674,926891214,Avenida Manoel Elias,secondary,,,,,,,,,
baseline,4,low,health,car,car,car,7742.0,D_0001649,33,73,1668597517.0,321395143.0,0.0,car:1668597517:321395143:0,146.32644079060168,926891213,Avenida Manoel Elias,secondary,,,,,,,,,
baseline,4,low,health,car,car,car,7742.0,D_0001649,34,73,321395143.0,2293017939.0,0.0,car:321395143:2293017939:0,58.30099804896578,288081208,Avenida Manoel Elias,secondary,,,,,,,,,
baseline,4,low,health,car,car,car,7742.0,D_0001649,35,73,2293017939.0,2293017965.0,0.0,car:2293017939:2293017965:0,14.291863103758779,288081208,Avenida Manoel Elias,secondary,,,,,,,,,
baseline,4,low,health,car,car,car,7742.0,D_0001649,36,73,2293017965.0,307682853.0,0.0,car:2293017965:307682853:0,246.92552472206984,288081208,Avenida Manoel Elias,secondary,,,,,,,,,
baseline,4,low,health,car,car,car,7742.0,D_0001649,37,73,307682853.0,2293017949.0,0.0,car:307682853:2293017949:0,147.4724664521214,220174459,Avenida Manoel Elias,secondary,,,,,,,,,
baseline,4,low,health,car,car,car,7742.0,D_0001649,38,73,2293017949.0,6162896078.0,0.0,car:2293017949:6162896078:0,7.51876155353396,220174459,Avenida Manoel Elias,secondary,,,,,,,,,
baseline,4,low,health,car,car,car,7742.0,D_0001649,39,73,6162896078.0,6562030856.0,0.0,car:6162896078:6562030856:0,104.82778100332922,220174459,Avenida Manoel Elias,secondary,,,,,,,,,
baseline,4,low,health,car,car,car,7742.0,D_0001649,40,73,6562030856.0,321393004.0,0.0,car:6562030856:321393004:0,65.11133457435766,220174459,Avenida Manoel Elias,secondary,,,,,,,,,
baseline,4,low,health,car,car,car,7742.0,D_0001649,41,73,321393004.0,2293017957.0,0.0,car:321393004:2293017957:0,34.049021751960304,929797658,Avenida Manoel Elias,secondary,,,,,,,,,
baseline,4,low,health,car,car,car,7742.0,D_0001649,42,73,2293017957.0,2293017943.0,0.0,car:2293017957:2293017943:0,15.260370459757532,929797657,Avenida Manoel Elias,secondary,,,,,,,,,
baseline,4,low,health,car,car,car,7742.0,D_0001649,43,73,2293017943.0,5749849541.0,0.0,car:2293017943:5749849541:0,222.70658872409024,929797657,Avenida Manoel Elias,secondary,,,,,,,,,
baseline,4,low,health,car,car,car,7742.0,D_0001649,44,73,5749849541.0,307682842.0,0.0,car:5749849541:307682842:0,215.14210196427567,926892064|929797657,Avenida Manoel Elias,secondary,,,,,,,,,
baseline,4,low,health,car,car,car,7742.0,D_0001649,45,73,307682842.0,13086979430.0,0.0,car:307682842:13086979430:0,68.36560150474126,926836633,Avenida Manoel Elias,secondary,,,,,,,,,
baseline,4,low,health,car,car,car,7742.0,D_0001649,46,73,13086979430.0,321396184.0,0.0,car:13086979430:321396184:0,49.438760001710904,926836633,Avenida Manoel Elias,secondary,,,,,,,,,
baseline,4,low,health,car,car,car,7742.0,D_0001649,47,73,321396184.0,321395963.0,0.0,car:321396184:321395963:0,115.43042065082498,926836633,Avenida Manoel Elias,secondary,,,,,,,,,
baseline,4,low,health,car,car,car,7742.0,D_0001649,48,73,321395963.0,307682841.0,0.0,car:321395963:307682841:0,74.52686652690619,924469577,Avenida Manoel Elias,secondary,,,,,,,,,
baseline,4,low,health,car,car,car,7742.0,D_0001649,49,73,307682841.0,321396393.0,0.0,car:307682841:321396393:0,44.64274643561858,924469578|924469574,Avenida Manoel Elias,secondary,,,,,,,,,
baseline,4,low,health,car,car,car,7742.0,D_0001649,50,73,321396393.0,6561981791.0,0.0,car:321396393:6561981791:0,110.97879934148648,924469578,Avenida Manoel Elias,secondary,,,,,,,,,
baseline,4,low,health,car,car,car,7742.0,D_0001649,51,73,6561981791.0,321395948.0,0.0,car:6561981791:321395948:0,118.39434497314039,924469578|924863868,Avenida Manoel Elias,secondary,,,,,,,,,
baseline,4,low,health,car,car,car,7742.0,D_0001649,52,73,321395948.0,2658851805.0,0.0,car:321395948:2658851805:0,81.2508127294743,924863865,Avenida Manoel Elias,secondary,,,,,,,,,
baseline,4,low,health,car,car,car,7742.0,D_0001649,53,73,2658851805.0,2658851796.0,0.0,car:2658851805:2658851796:0,11.919705946742562,260401293,Avenida Manoel Elias,secondary,,,,,,,,,
baseline,4,low,health,car,car,car,7742.0,D_0001649,54,73,2658851796.0,8424374783.0,0.0,car:2658851796:8424374783:0,159.7323477940796,356831227|924442718,Avenida Manoel Elias,secondary,,,,,,,,,
baseline,4,low,health,car,car,car,7742.0,D_0001649,55,73,8424374783.0,2293017930.0,0.0,car:8424374783:2293017930:0,158.74038989623338,356831227,Avenida Manoel Elias,secondary,,,,,,,,,
baseline,4,low,health,car,car,car,7742.0,D_0001649,56,73,2293017930.0,8424242157.0,0.0,car:2293017930:8424242157:0,10.440464123452967,924442717,Avenida Manoel Elias,secondary,,,,,,,,,
baseline,4,low,health,car,car,car,7742.0,D_0001649,57,73,8424242157.0,307682532.0,0.0,car:8424242157:307682532:0,87.66146856263688,924442716,Avenida Manoel Elias,secondary,,,,,,,,,
baseline,4,low,health,car,car,car,7742.0,D_0001649,58,73,307682532.0,951147822.0,0.0,car:307682532:951147822:0,100.07590555617688,926836631,Avenida Manoel Elias,secondary,,,,,,,,,
baseline,4,low,health,car,car,car,7742.0,D_0001649,59,73,951147822.0,3618663940.0,0.0,car:951147822:3618663940:0,8.785394509278083,81608220,Avenida Manoel Elias,secondary,,,,,,,,,
baseline,4,low,health,car,car,car,7742.0,D_0001649,60,73,3618663940.0,951147823.0,0.0,car:3618663940:951147823:0,8.785394667429847,81608220,Avenida Manoel Elias,secondary,,,,,,,,,
baseline,4,low,health,car,car,car,7742.0,D_0001649,61,73,951147823.0,5359079550.0,0.0,car:951147823:5359079550:0,80.85740483585991,356395940,Avenida Dante Ângelo Pilla,secondary,,,,,,,,,
baseline,4,low,health,car,car,car,7742.0,D_0001649,62,73,5359079550.0,1150051290.0,0.0,car:5359079550:1150051290:0,176.10827351730214,364385976,Avenida Dante Ângelo Pilla,secondary,,,,,,,,,
baseline,4,low,health,car,car,car,7742.0,D_0001649,63,73,1150051290.0,2916219132.0,0.0,car:1150051290:2916219132:0,364.276735554788,364385976,Avenida Dante Ângelo Pilla,secondary,,,,,,,,,
baseline,4,low,health,car,car,car,7742.0,D_0001649,64,73,2916219132.0,320165061.0,0.0,car:2916219132:320165061:0,31.36096439206618,555460416,Avenida Dante Ângelo Pilla,secondary,,,,,,,,,
baseline,4,low,health,car,car,car,7742.0,D_0001649,65,73,320165061.0,321399402.0,0.0,car:320165061:321399402:0,37.33031174915354,555460421,Rua Silvestre Félix Rodrigues,secondary,,,,,,,,,
baseline,4,low,health,car,car,car,7742.0,D_0001649,66,73,321399402.0,11333721807.0,0.0,car:321399402:11333721807:0,30.33869230400088,96508984,Rua Silvestre Félix Rodrigues,tertiary,,,,,,,,,
baseline,4,low,health,car,car,car,7742.0,D_0001649,67,73,11333721807.0,2321476827.0,0.0,car:11333721807:2321476827:0,51.09210436930902,96508984,Rua Silvestre Félix Rodrigues,tertiary,,,,,,,,,
baseline,4,low,health,car,car,car,7742.0,D_0001649,68,73,2321476827.0,321400027.0,0.0,car:2321476827:321400027:0,55.517611355360614,96508984,Rua Silvestre Félix Rodrigues,tertiary,,,,,,,,,
baseline,4,low,health,car,car,car,7742.0,D_0001649,69,73,321400027.0,321398747.0,0.0,car:321400027:321398747:0,127.22358491174532,96508984,Rua Silvestre Félix Rodrigues,tertiary,,,,,,,,,
baseline,4,low,health,car,car,car,7742.0,D_0001649,70,73,321398747.0,321399232.0,0.0,car:321398747:321399232:0,13.911286620474499,30870819,Rua Ribeiro Hudson,residential,,,,,,,,,
baseline,4,low,health,car,car,car,7742.0,D_0001649,71,73,321399232.0,321399224.0,0.0,car:321399232:321399224:0,99.97723420277777,30870819,Rua Ribeiro Hudson,residential,,,,,,,,,
baseline,4,low,health,car,car,car,7742.0,D_0001649,72,73,321399224.0,1150051306.0,0.0,car:321399224:1150051306:0,55.55351369782538,30870819,Rua Ribeiro Hudson,residential,,,,,,,,,
baseline,5,middle,education,bike,bike,bike,7722.0,D_0000086,0,77,321011780.0,321011702.0,0.0,bike:321011780:321011702:0,33.4601193411148,327643174,Rua Comendador Eduardo Secco,tertiary,,,,,,,,,
baseline,5,middle,education,bike,bike,bike,7722.0,D_0000086,1,77,321011702.0,2288596094.0,1.0,bike:321011702:2288596094:1,45.354420298242495,327643174,Rua Comendador Eduardo Secco,tertiary,,,,,,,,,
baseline,5,middle,education,bike,bike,bike,7722.0,D_0000086,2,77,2288596094.0,321011494.0,0.0,bike:2288596094:321011494:0,34.76228339049839,327643174,Rua Comendador Eduardo Secco,tertiary,,,,,,,,,
baseline,5,middle,education,bike,bike,bike,7722.0,D_0000086,3,77,321011494.0,321009402.0,0.0,bike:321011494:321009402:0,7.163155982869071,327643174,Rua Comendador Eduardo Secco,tertiary,,,,,,,,,
baseline,5,middle,education,bike,bike,bike,7722.0,D_0000086,4,77,321009402.0,2595671438.0,0.0,bike:321009402:2595671438:0,31.534889198258455,327643174,Rua Comendador Eduardo Secco,tertiary,,,,,,,,,
baseline,5,middle,education,bike,bike,bike,7722.0,D_0000086,5,77,2595671438.0,321011536.0,0.0,bike:2595671438:321011536:0,32.262455804728475,327643174,Rua Comendador Eduardo Secco,tertiary,,,,,,,,,
baseline,5,middle,education,bike,bike,bike,7722.0,D_0000086,6,77,321011536.0,321009540.0,0.0,bike:321011536:321009540:0,185.87520760444838,425213179|29191735,Rua Comendador Eduardo Secco,tertiary,,,,,,,,,
baseline,5,middle,education,bike,bike,bike,7722.0,D_0000086,7,77,321009540.0,3654342189.0,0.0,bike:321009540:3654342189:0,22.738512622378614,360885443,Rua Comendador Eduardo Secco,tertiary,,,,,,,,,
baseline,5,middle,education,bike,bike,bike,7722.0,D_0000086,8,77,3654342189.0,8599603003.0,0.0,bike:3654342189:8599603003:0,18.93928839997685,926777798,Rua Atílio Bilibio,tertiary,,,,,,,,,
baseline,5,middle,education,bike,bike,bike,7722.0,D_0000086,9,77,8599603003.0,8755422928.0,0.0,bike:8599603003:8755422928:0,113.78149910613921,100706545,Rua Atílio Bilibio,tertiary,,,,,,,,,
baseline,5,middle,education,bike,bike,bike,7722.0,D_0000086,10,77,8755422928.0,2289231065.0,0.0,bike:8755422928:2289231065:0,33.1861098074329,100706545,Rua Atílio Bilibio,tertiary,,,,,,,,,
baseline,5,middle,education,bike,bike,bike,7722.0,D_0000086,11,77,2289231065.0,8752009555.0,0.0,bike:2289231065:8752009555:0,7.437739429914037,100706545,Rua Atílio Bilibio,tertiary,,,,,,,,,
baseline,5,middle,education,bike,bike,bike,7722.0,D_0000086,12,77,8752009555.0,8599639489.0,0.0,bike:8752009555:8599639489:0,36.64263604188812,100706545,Rua Atílio Bilibio,tertiary,,,,,,,,,
baseline,5,middle,education,bike,bike,bike,7722.0,D_0000086,13,77,8599639489.0,1164132133.0,0.0,bike:8599639489:1164132133:0,83.43568954538122,100706545,Rua Atílio Bilibio,tertiary,,,,,,,,,
baseline,5,middle,education,bike,bike,bike,7722.0,D_0000086,14,77,1164132133.0,13311234285.0,0.0,bike:1164132133:13311234285:0,27.478708912529157,221134901,Avenida Ipiranga,secondary,,,,,,,,,
baseline,5,middle,education,bike,bike,bike,7722.0,D_0000086,15,77,13311234285.0,13311234278.0,0.0,bike:13311234285:13311234278:0,46.75009904847285,221134901,Avenida Ipiranga,secondary,,,,,,,,,
baseline,5,middle,education,bike,bike,bike,7722.0,D_0000086,16,77,13311234278.0,8752009540.0,0.0,bike:13311234278:8752009540:0,18.804543192250936,221134901,Avenida Ipiranga,secondary,,,,,,,,,
baseline,5,middle,education,bike,bike,bike,7722.0,D_0000086,17,77,8752009540.0,293823476.0,0.0,bike:8752009540:293823476:0,29.31503363467456,221134901,Avenida Ipiranga,secondary,,,,,,,,,
baseline,5,middle,education,bike,bike,bike,7722.0,D_0000086,18,77,293823476.0,2932137883.0,0.0,bike:293823476:2932137883:0,31.15691471204776,221134901,Avenida Ipiranga,secondary,,,,,,,,,
baseline,5,middle,education,bike,bike,bike,7722.0,D_0000086,19,77,2932137883.0,293823478.0,0.0,bike:2932137883:293823478:0,71.0130750711206,471814842,Avenida Ipiranga,secondary,,,,,,,,,
baseline,5,middle,education,bike,bike,bike,7722.0,D_0000086,20,77,293823478.0,319124959.0,0.0,bike:293823478:319124959:0,271.1700955706532,471814842,Avenida Ipiranga,secondary,,,,,,,,,
baseline,5,middle,education,bike,bike,bike,7722.0,D_0000086,21,77,319124959.0,319124957.0,0.0,bike:319124959:319124957:0,62.11249849898564,471814842,Avenida Ipiranga,secondary,,,,,,,,,
baseline,5,middle,education,bike,bike,bike,7722.0,D_0000086,22,77,319124957.0,293823489.0,0.0,bike:319124957:293823489:0,369.6445138755928,471814842,Avenida Ipiranga,secondary,,,,,,,,,
baseline,5,middle,education,bike,bike,bike,7722.0,D_0000086,23,77,293823489.0,4659754996.0,0.0,bike:293823489:4659754996:0,20.663105046689537,1291626630,Avenida Ipiranga,secondary,,,,,,,,,
baseline,5,middle,education,bike,bike,bike,7722.0,D_0000086,24,77,4659754996.0,8427596402.0,0.0,bike:4659754996:8427596402:0,245.2095830297241,471814862,Avenida Ipiranga,secondary,,,,,,,,,
baseline,5,middle,education,bike,bike,bike,7722.0,D_0000086,25,77,8427596402.0,2073429560.0,0.0,bike:8427596402:2073429560:0,7.87407161155008,907603672,Avenida Ipiranga,secondary,,,,,,,,,
baseline,5,middle,education,bike,bike,bike,7722.0,D_0000086,26,77,2073429560.0,12606947262.0,0.0,bike:2073429560:12606947262:0,74.4459259275065,907603671,Avenida Ipiranga,secondary,,,,,,,,,
baseline,5,middle,education,bike,bike,bike,7722.0,D_0000086,27,77,12606947262.0,12606947257.0,0.0,bike:12606947262:12606947257:0,100.80764038469462,907603671,Avenida Ipiranga,secondary,,,,,,,,,
baseline,5,middle,education,bike,bike,bike,7722.0,D_0000086,28,77,12606947257.0,2073429559.0,0.0,bike:12606947257:2073429559:0,26.409766084401713,907603671,Avenida Ipiranga,secondary,,,,,,,,,
baseline,5,middle,education,bike,bike,bike,7722.0,D_0000086,29,77,2073429559.0,312801278.0,0.0,bike:2073429559:312801278:0,268.0447131606422,907603671,Avenida Ipiranga,secondary,,,,,,,,,
baseline,5,middle,education,bike,bike,bike,7722.0,D_0000086,30,77,312801278.0,8584201127.0,0.0,bike:312801278:8584201127:0,72.60901428054473,30057217,Rua Frei Germano,secondary,,,,,,,,,
baseline,5,middle,education,bike,bike,bike,7722.0,D_0000086,31,77,8584201127.0,331064844.0,0.0,bike:8584201127:331064844:0,46.9465744107525,30057217,Rua Frei Germano,secondary,,,,,,,,,
baseline,5,middle,education,bike,bike,bike,7722.0,D_0000086,32,77,331064844.0,331064847.0,0.0,bike:331064844:331064847:0,33.333083419869986,30057217,Rua Frei Germano,secondary,,,,,,,,,
baseline,5,middle,education,bike,bike,bike,7722.0,D_0000086,33,77,331064847.0,8424409409.0,0.0,bike:331064847:8424409409:0,70.37261540934145,30057254,Rua São Josemaría Escrivá,secondary,,,,,,,,,
baseline,5,middle,education,bike,bike,bike,7722.0,D_0000086,34,77,8424409409.0,295513151.0,0.0,bike:8424409409:295513151:0,112.57028540115972,30057254,Rua São Josemaría Escrivá,secondary,,,,,,,,,
baseline,5,middle,education,bike,bike,bike,7722.0,D_0000086,35,77,295513151.0,8584310976.0,0.0,bike:295513151:8584310976:0,111.36944476831391,924954958,Rua Professor Cristiano Fischer,secondary,,,,,,,,,
baseline,5,middle,education,bike,bike,bike,7722.0,D_0000086,36,77,8584310976.0,489792017.0,0.0,bike:8584310976:489792017:0,84.76275920768755,924954958,Rua Professor Cristiano Fischer,secondary,,,,,,,,,
baseline,5,middle,education,bike,bike,bike,7722.0,D_0000086,37,77,489792017.0,295514275.0,0.0,bike:489792017:295514275:0,54.09657648327984,924954958,Rua Professor Cristiano Fischer,secondary,,,,,,,,,
baseline,5,middle,education,bike,bike,bike,7722.0,D_0000086,38,77,295514275.0,295514277.0,0.0,bike:295514275:295514277:0,79.37870062749964,924954958,Rua Professor Cristiano Fischer,secondary,,,,,,,,,
baseline,5,middle,education,bike,bike,bike,7722.0,D_0000086,39,77,295514277.0,295514279.0,0.0,bike:295514277:295514279:0,89.10382455302545,924954957,Rua Professor Cristiano Fischer,secondary,,,,,,,,,
baseline,5,middle,education,bike,bike,bike,7722.0,D_0000086,40,77,295514279.0,295514280.0,0.0,bike:295514279:295514280:0,86.52040369344772,924954956,Rua Professor Cristiano Fischer,secondary,,,,,,,,,
baseline,5,middle,education,bike,bike,bike,7722.0,D_0000086,41,77,295514280.0,295514282.0,0.0,bike:295514280:295514282:0,77.5477891310588,926885890,Rua Professor Cristiano Fischer,secondary,,,,,,,,,
baseline,5,middle,education,bike,bike,bike,7722.0,D_0000086,42,77,295514282.0,295514285.0,0.0,bike:295514282:295514285:0,72.28520369184031,926885890,Rua Professor Cristiano Fischer,secondary,,,,,,,,,
baseline,5,middle,education,bike,bike,bike,7722.0,D_0000086,43,77,295514285.0,295514288.0,0.0,bike:295514285:295514288:0,86.63492549970653,926885890,Rua Professor Cristiano Fischer,secondary,,,,,,,,,
baseline,5,middle,education,bike,bike,bike,7722.0,D_0000086,44,77,295514288.0,2323718959.0,0.0,bike:295514288:2323718959:0,18.289976257837296,926885890,Rua Professor Cristiano Fischer,secondary,,,,,,,,,
baseline,5,middle,education,bike,bike,bike,7722.0,D_0000086,45,77,2323718959.0,295514290.0,0.0,bike:2323718959:295514290:0,69.00009659387628,926885890,Rua Professor Cristiano Fischer,secondary,,,,,,,,,
baseline,5,middle,education,bike,bike,bike,7722.0,D_0000086,46,77,295514290.0,295514295.0,0.0,bike:295514290:295514295:0,180.59913798989928,924954955,Rua Professor Cristiano Fischer,secondary,,,,,,,,,
baseline,5,middle,education,bike,bike,bike,7722.0,D_0000086,47,77,295514295.0,2740143175.0,0.0,bike:295514295:2740143175:0,13.569201156872477,219771105|356396618,Rua Palestina,tertiary,,,,,,,,,
baseline,5,middle,education,bike,bike,bike,7722.0,D_0000086,48,77,2740143175.0,9032930461.0,0.0,bike:2740143175:9032930461:0,136.50339722765773,451653547,Rua Professor Cristiano Fischer,secondary,,,,,,,,,
baseline,5,middle,education,bike,bike,bike,7722.0,D_0000086,49,77,9032930461.0,9032930462.0,0.0,bike:9032930461:9032930462:0,144.19513300908721,976087370,Rua Winston Churchill,tertiary,,,,,,,,,
baseline,5,middle,education,bike,bike,bike,7722.0,D_0000086,50,77,9032930462.0,10289969660.0,0.0,bike:9032930462:10289969660:0,35.55057086014566,1125242844,Rua Winston Churchill,tertiary,,,,,,,,,
baseline,5,middle,education,bike,bike,bike,7722.0,D_0000086,51,77,10289969660.0,2964779550.0,0.0,bike:10289969660:2964779550:0,152.28345322776931,1125242844,Rua Winston Churchill,tertiary,,,,,,,,,
baseline,5,middle,education,bike,bike,bike,7722.0,D_0000086,52,77,2964779550.0,10289969654.0,0.0,bike:2964779550:10289969654:0,133.08133062970327,1125242844,Rua Winston Churchill,tertiary,,,,,,,,,
baseline,5,middle,education,bike,bike,bike,7722.0,D_0000086,53,77,10289969654.0,8587162754.0,0.0,bike:10289969654:8587162754:0,50.50200684502327,1186950613,Rua Winston Churchill,tertiary,,,,,,,,,
baseline,5,middle,education,bike,bike,bike,7722.0,D_0000086,54,77,8587162754.0,2511598529.0,0.0,bike:8587162754:2511598529:0,33.680923697717276,1300586522,Rua Doutor José Carvalho Bernardes,tertiary,,,,,,,,,
baseline,5,middle,education,bike,bike,bike,7722.0,D_0000086,55,77,2511598529.0,1145769409.0,0.0,bike:2511598529:1145769409:0,12.47787754469611,161723359,Rua Doutor José Carvalho Bernardes,tertiary,,,,,,,,,
baseline,5,middle,education,bike,bike,bike,7722.0,D_0000086,56,77,1145769409.0,307525782.0,0.0,bike:1145769409:307525782:0,12.468508100617179,161723359,Rua Doutor José Carvalho Bernardes,tertiary,,,,,,,,,
baseline,5,middle,education,bike,bike,bike,7722.0,D_0000086,57,77,307525782.0,2780794328.0,0.0,bike:307525782:2780794328:0,29.305864568194114,925274522,Rua Professor Ivo Corseuil,tertiary,,,,,,,,,
baseline,5,middle,education,bike,bike,bike,7722.0,D_0000086,58,77,2780794328.0,312896562.0,0.0,bike:2780794328:312896562:0,41.99884353188059,326126535,Rua Professor Ivo Corseuil,tertiary,,,,,,,,,
baseline,5,middle,education,bike,bike,bike,7722.0,D_0000086,59,77,312896562.0,300466364.0,0.0,bike:312896562:300466364:0,106.67725017747009,99045338,Rua Professor Ivo Corseuil,tertiary,,,,,,,,,
baseline,5,middle,education,bike,bike,bike,7722.0,D_0000086,60,77,300466364.0,300466189.0,0.0,bike:300466364:300466189:0,79.92225098128073,99045338,Rua Professor Ivo Corseuil,tertiary,,,,,,,,,
baseline,5,middle,education,bike,bike,bike,7722.0,D_0000086,61,77,300466189.0,300466190.0,0.0,bike:300466189:300466190:0,65.63886443186223,99045338,Rua Professor Ivo Corseuil,tertiary,,,,,,,,,
baseline,5,middle,education,bike,bike,bike,7722.0,D_0000086,62,77,300466190.0,8417065812.0,0.0,bike:300466190:8417065812:0,15.359108274670835,906428766,Rua Professor Ivo Corseuil,tertiary,,,,,,,,,
baseline,5,middle,education,bike,bike,bike,7722.0,D_0000086,63,77,8417065812.0,8417065811.0,0.0,bike:8417065812:8417065811:0,16.484777057044127,906428767,Rua Professor Ivo Corseuil,tertiary,,,,,,,,,
baseline,5,middle,education,bike,bike,bike,7722.0,D_0000086,64,77,8417065811.0,312897781.0,0.0,bike:8417065811:312897781:0,37.73713102954024,906428767,Rua Professor Ivo Corseuil,tertiary,,,,,,,,,
baseline,5,middle,education,bike,bike,bike,7722.0,D_0000086,65,77,312897781.0,315769029.0,0.0,bike:312897781:315769029:0,112.75890646858497,69741645,Rua Professor Ivo Corseuil,tertiary,,,,,,,,,
baseline,5,middle,education,bike,bike,bike,7722.0,D_0000086,66,77,315769029.0,312897890.0,0.0,bike:315769029:312897890:0,102.08429150539183,69741645,Rua Professor Ivo Corseuil,tertiary,,,,,,,,,
baseline,5,middle,education,bike,bike,bike,7722.0,D_0000086,67,77,312897890.0,3618664624.0,0.0,bike:312897890:3618664624:0,7.0810676880284245,189477009,Rua Professor Ivo Corseuil,tertiary,,,,,,,,,
baseline,5,middle,education,bike,bike,bike,7722.0,D_0000086,68,77,3618664624.0,3618664670.0,0.0,bike:3618664624:3618664670:0,388.89089536501024,356398393,Corredor de Transporte Coletivo Protásio Alves,busway,,,,,,,,,
baseline,5,middle,education,bike,bike,bike,7722.0,D_0000086,69,77,3618664670.0,3618664681.0,0.0,bike:3618664670:3618664681:0,123.88497318881839,356397892,Corredor de Transporte Coletivo Protásio Alves,busway,,,,,,,,,
baseline,5,middle,education,bike,bike,bike,7722.0,D_0000086,70,77,3618664681.0,3618664679.0,0.0,bike:3618664681:3618664679:0,27.07678733800757,356396897,,busway,,,,,,,,,
baseline,5,middle,education,bike,bike,bike,7722.0,D_0000086,71,77,3618664679.0,316033465.0,0.0,bike:3618664679:316033465:0,85.7306152674181,356396162,Avenida Protásio Alves,primary,,,,,,,,,
baseline,5,middle,education,bike,bike,bike,7722.0,D_0000086,72,77,316033465.0,1739222470.0,0.0,bike:316033465:1739222470:0,197.33465097514832,174104786,Avenida Protásio Alves,primary,,,,,,,,,
baseline,5,middle,education,bike,bike,bike,7722.0,D_0000086,73,77,1739222470.0,316033578.0,0.0,bike:1739222470:316033578:0,69.5726467356189,924562496,Avenida Protásio Alves,primary,,,,,,,,,
baseline,5,middle,education,bike,bike,bike,7722.0,D_0000086,74,77,316033578.0,3618664659.0,0.0,bike:316033578:3618664659:0,14.415174538710808,924562496,Avenida Protásio Alves,primary,,,,,,,,,
baseline,5,middle,education,bike,bike,bike,7722.0,D_0000086,75,77,3618664659.0,3618664655.0,0.0,bike:3618664659:3618664655:0,48.80717523369248,356396766,,busway,,,,,,,,,
baseline,5,middle,education,bike,bike,bike,7722.0,D_0000086,76,77,3618664655.0,312744002.0,0.0,bike:3618664655:312744002:0,48.83695717896159,356397472,,busway,,,,,,,,,
baseline,6,middle,shopping,car,car,car,2020.0,D_0009751,0,75,477246624.0,477246630.0,0.0,car:477246624:477246630:0,153.08990046418876,38133101,Rua João Batista da Silva,residential,,,,,,,,,
baseline,6,middle,shopping,car,car,car,2020.0,D_0009751,1,75,477246630.0,477246628.0,0.0,car:477246630:477246628:0,70.27615182517012,393219436,Rua Alfredo Dias,tertiary,,,,,,,,,
baseline,6,middle,shopping,car,car,car,2020.0,D_0009751,2,75,477246628.0,448034942.0,0.0,car:477246628:448034942:0,76.8826118547498,229360340,Rua Xavier da Cunha,tertiary,,,,,,,,,
baseline,6,middle,shopping,car,car,car,2020.0,D_0009751,3,75,448034942.0,448799594.0,0.0,car:448034942:448799594:0,9.189199875431353,203432816|203432817,Rua Xavier da Cunha,tertiary,,,,,,,,,
baseline,6,middle,shopping,car,car,car,2020.0,D_0009751,4,75,448799594.0,1079896965.0,0.0,car:448799594:1079896965:0,84.44530558009333,203432817,Rua Xavier da Cunha,tertiary,,,,,,,,,
baseline,6,middle,shopping,car,car,car,2020.0,D_0009751,5,75,1079896965.0,635144849.0,0.0,car:1079896965:635144849:0,16.738542056538986,203432817,Rua Xavier da Cunha,tertiary,,,,,,,,,
baseline,6,middle,shopping,car,car,car,2020.0,D_0009751,6,75,635144849.0,635144843.0,0.0,car:635144849:635144843:0,139.84273442119138,38133089,Rua Dona Zulmira,tertiary,,,,,,,,,
baseline,6,middle,shopping,car,car,car,2020.0,D_0009751,7,75,635144843.0,635144847.0,0.0,car:635144843:635144847:0,139.7621464609262,38133089,Rua Dona Zulmira,tertiary,,,,,,,,,
baseline,6,middle,shopping,car,car,car,2020.0,D_0009751,8,75,635144847.0,9038098500.0,0.0,car:635144847:9038098500:0,105.63095027575085,184734474,Rua Fiorinha,tertiary,,,,,,,,,
baseline,6,middle,shopping,car,car,car,2020.0,D_0009751,9,75,9038098500.0,448799585.0,0.0,car:9038098500:448799585:0,33.59444315083748,184734474,Rua Fiorinha,tertiary,,,,,,,,,
baseline,6,middle,shopping,car,car,car,2020.0,D_0009751,10,75,448799585.0,704615477.0,0.0,car:448799585:704615477:0,111.5179713720819,184734474|925256423,Rua Fiorinha,tertiary,,,,,,,,,
baseline,6,middle,shopping,car,car,car,2020.0,D_0009751,11,75,704615477.0,448035150.0,0.0,car:704615477:448035150:0,130.66112519358055,184734481,Avenida da Cavalhada,primary,,,,,,,,,
baseline,6,middle,shopping,car,car,car,2020.0,D_0009751,12,75,448035150.0,448035153.0,0.0,car:448035150:448035153:0,47.012323244826824,203432789,Avenida da Cavalhada,primary,,,,,,,,,
baseline,6,middle,shopping,car,car,car,2020.0,D_0009751,13,75,448035153.0,1952462857.0,0.0,car:448035153:1952462857:0,84.31568703203953,203432790,Avenida da Cavalhada,primary,,,,,,,,,
baseline,6,middle,shopping,car,car,car,2020.0,D_0009751,14,75,1952462857.0,448799925.0,0.0,car:1952462857:448799925:0,22.75446018671314,203432790,Avenida da Cavalhada,primary,,,,,,,,,
baseline,6,middle,shopping,car,car,car,2020.0,D_0009751,15,75,448799925.0,448035157.0,0.0,car:448799925:448035157:0,40.52340665763225,184734468,Avenida da Cavalhada,primary,,,,,,,,,
baseline,6,middle,shopping,car,car,car,2020.0,D_0009751,16,75,448035157.0,448799971.0,0.0,car:448035157:448799971:0,97.85571968749095,184734468,Avenida da Cavalhada,primary,,,,,,,,,
baseline,6,middle,shopping,car,car,car,2020.0,D_0009751,17,75,448799971.0,635144853.0,0.0,car:448799971:635144853:0,273.1513929906331,927256246|191810967,Avenida da Cavalhada,primary,,,,,,,,,
baseline,6,middle,shopping,car,car,car,2020.0,D_0009751,18,75,635144853.0,635144854.0,0.0,car:635144853:635144854:0,19.788447314934448,451653115,Avenida da Cavalhada,primary,,,,,,,,,
baseline,6,middle,shopping,car,car,car,2020.0,D_0009751,19,75,635144854.0,3798912030.0,0.0,car:635144854:3798912030:0,17.37507321303857,38744118,Avenida da Cavalhada,primary,,,,,,,,,
baseline,6,middle,shopping,car,car,car,2020.0,D_0009751,20,75,3798912030.0,457752301.0,0.0,car:3798912030:457752301:0,43.96803108097505,38744118,Avenida da Cavalhada,primary,,,,,,,,,
baseline,6,middle,shopping,car,car,car,2020.0,D_0009751,21,75,457752301.0,8727329034.0,0.0,car:457752301:8727329034:0,85.37266610329314,38744118,Avenida da Cavalhada,primary,,,,,,,,,
baseline,6,middle,shopping,car,car,car,2020.0,D_0009751,22,75,8727329034.0,457752296.0,0.0,car:8727329034:457752296:0,26.89865754116376,38744118,Avenida da Cavalhada,primary,,,,,,,,,
baseline,6,middle,shopping,car,car,car,2020.0,D_0009751,23,75,457752296.0,454517460.0,0.0,car:457752296:454517460:0,108.36628702757011,38744118,Avenida da Cavalhada,primary,,,,,,,,,
baseline,6,middle,shopping,car,car,car,2020.0,D_0009751,24,75,454517460.0,454490167.0,0.0,car:454517460:454490167:0,131.5022160303735,38744118,Avenida da Cavalhada,primary,,,,,,,,,
baseline,6,middle,shopping,car,car,car,2020.0,D_0009751,25,75,454490167.0,8716771824.0,0.0,car:454490167:8716771824:0,195.1229445235667,38744118,Avenida da Cavalhada,primary,,,,,,,,,
baseline,6,middle,shopping,car,car,car,2020.0,D_0009751,26,75,8716771824.0,448035178.0,0.0,car:8716771824:448035178:0,105.09012700752298,38744118,Avenida da Cavalhada,primary,,,,,,,,,
baseline,6,middle,shopping,car,car,car,2020.0,D_0009751,27,75,448035178.0,448035182.0,0.0,car:448035178:448035182:0,130.7323054727665,188982386,Avenida da Cavalhada,primary,,,,,,,,,
baseline,6,middle,shopping,car,car,car,2020.0,D_0009751,28,75,448035182.0,454591798.0,0.0,car:448035182:454591798:0,76.46016570472432,203195763,Avenida da Cavalhada,primary,,,,,,,,,
baseline,6,middle,shopping,car,car,car,2020.0,D_0009751,29,75,454591798.0,1996177959.0,0.0,car:454591798:1996177959:0,110.79263042730962,203195763|356396286,Avenida da Cavalhada,primary,,,,,,,,,
baseline,6,middle,shopping,car,car,car,2020.0,D_0009751,30,75,1996177959.0,571497853.0,0.0,car:1996177959:571497853:0,195.52985676339824,356396288,Avenida da Cavalhada,primary,,,,,,,,,
baseline,6,middle,shopping,car,car,car,2020.0,D_0009751,31,75,571497853.0,1996177974.0,0.0,car:571497853:1996177974:0,82.36091221351664,356396288,Avenida da Cavalhada,primary,,,,,,,,,
baseline,6,middle,shopping,car,car,car,2020.0,D_0009751,32,75,1996177974.0,1997684992.0,0.0,car:1996177974:1997684992:0,31.940637668484275,203196942,Avenida da Cavalhada,primary,,,,,,,,,
baseline,6,middle,shopping,car,car,car,2020.0,D_0009751,33,75,1997684992.0,448035190.0,0.0,car:1997684992:448035190:0,124.1626533276101,203196941,Avenida da Cavalhada,primary,,,,,,,,,
baseline,6,middle,shopping,car,car,car,2020.0,D_0009751,34,75,448035190.0,8613225190.0,0.0,car:448035190:8613225190:0,9.521452684477719,203196941,Avenida da Cavalhada,primary,,,,,,,,,
baseline,6,middle,shopping,car,car,car,2020.0,D_0009751,35,75,8613225190.0,448035194.0,0.0,car:8613225190:448035194:0,283.93859525909113,203196941,Avenida da Cavalhada,primary,,,,,,,,,
baseline,6,middle,shopping,car,car,car,2020.0,D_0009751,36,75,448035194.0,8608352411.0,0.0,car:448035194:8608352411:0,177.8023922430046,356396285|203196941,Avenida da Cavalhada,primary,,,,,,,,,
baseline,6,middle,shopping,car,car,car,2020.0,D_0009751,37,75,8608352411.0,8608352412.0,0.0,car:8608352411:8608352412:0,69.85034280006519,356396285|356396287,Avenida da Cavalhada,primary,,,,,,,,,
baseline,6,middle,shopping,car,car,car,2020.0,D_0009751,38,75,8608352412.0,8612398703.0,0.0,car:8608352412:8612398703:0,96.36233432490538,356396287,Avenida da Cavalhada,primary,,,,,,,,,
baseline,6,middle,shopping,car,car,car,2020.0,D_0009751,39,75,8612398703.0,448035200.0,0.0,car:8612398703:448035200:0,23.042434323114993,356396287,Avenida da Cavalhada,primary,,,,,,,,,
baseline,6,middle,shopping,car,car,car,2020.0,D_0009751,40,75,448035200.0,1993703928.0,0.0,car:448035200:1993703928:0,32.09440779473485,38092726,Avenida Eduardo Prado,primary,,,,,,,,,
baseline,6,middle,shopping,car,car,car,2020.0,D_0009751,41,75,1993703928.0,1437883300.0,0.0,car:1993703928:1437883300:0,46.12521458780403,927881775,Avenida Eduardo Prado,primary,,,,,,,,,
baseline,6,middle,shopping,car,car,car,2020.0,D_0009751,42,75,1437883300.0,852134781.0,0.0,car:1437883300:852134781:0,364.7638300472287,927883898|927881775,Avenida Eduardo Prado,primary,,,,,,,,,
baseline,6,middle,shopping,car,car,car,2020.0,D_0009751,43,75,852134781.0,461518231.0,0.0,car:852134781:461518231:0,23.812465041654637,927883898,Avenida Eduardo Prado,primary,,,,,,,,,
baseline,6,middle,shopping,car,car,car,2020.0,D_0009751,44,75,461518231.0,3338368757.0,0.0,car:461518231:3338368757:0,212.45732882375432,927883897|927885567,Avenida Eduardo Prado,primary,,,,,,,,,
baseline,6,middle,shopping,car,car,car,2020.0,D_0009751,45,75,3338368757.0,6159383343.0,0.0,car:3338368757:6159383343:0,122.4710909622747,188749558,Avenida Eduardo Prado,primary,,,,,,,,,
baseline,6,middle,shopping,car,car,car,2020.0,D_0009751,46,75,6159383343.0,2917582356.0,0.0,car:6159383343:2917582356:0,76.68082695188798,188749558,Avenida Eduardo Prado,primary,,,,,,,,,
baseline,6,middle,shopping,car,car,car,2020.0,D_0009751,47,75,2917582356.0,2917582357.0,0.0,car:2917582356:2917582357:0,13.3468580485136,188749558,Avenida Eduardo Prado,primary,,,,,,,,,
baseline,6,middle,shopping,car,car,car,2020.0,D_0009751,48,75,2917582357.0,6158520831.0,0.0,car:2917582357:6158520831:0,185.2002725617784,188749558,Avenida Eduardo Prado,primary,,,,,,,,,
baseline,6,middle,shopping,car,car,car,2020.0,D_0009751,49,75,6158520831.0,6158520832.0,0.0,car:6158520831:6158520832:0,64.89135451913776,188749558,Avenida Eduardo Prado,primary,,,,,,,,,
baseline,6,middle,shopping,car,car,car,2020.0,D_0009751,50,75,6158520832.0,4792492299.0,0.0,car:6158520832:4792492299:0,181.01634931273617,188749558,Avenida Eduardo Prado,primary,,,,,,,,,
baseline,6,middle,shopping,car,car,car,2020.0,D_0009751,51,75,4792492299.0,12123264274.0,0.0,car:4792492299:12123264274:0,29.28790769328706,188749558,Avenida Eduardo Prado,primary,,,,,,,,,
baseline,6,middle,shopping,car,car,car,2020.0,D_0009751,52,75,12123264274.0,448038705.0,0.0,car:12123264274:448038705:0,127.73312250705764,188749558,Avenida Eduardo Prado,primary,,,,,,,,,
baseline,6,middle,shopping,car,car,car,2020.0,D_0009751,53,75,448038705.0,448038726.0,0.0,car:448038705:448038726:0,99.21547196667288,188749558,Avenida Eduardo Prado,primary,,,,,,,,,
baseline,6,middle,shopping,car,car,car,2020.0,D_0009751,54,75,448038726.0,448038735.0,0.0,car:448038726:448038735:0,191.447623648038,188749558,Avenida Eduardo Prado,primary,,,,,,,,,
baseline,6,middle,shopping,car,car,car,2020.0,D_0009751,55,75,448038735.0,4792492300.0,0.0,car:448038735:4792492300:0,105.54341672898873,188749558,Avenida Eduardo Prado,primary,,,,,,,,,
baseline,6,middle,shopping,car,car,car,2020.0,D_0009751,56,75,4792492300.0,4254939612.0,0.0,car:4792492300:4254939612:0,28.539740966229726,927889828,Avenida Eduardo Prado,primary,,,,,,,,,
baseline,6,middle,shopping,car,car,car,2020.0,D_0009751,57,75,4254939612.0,4254939465.0,0.0,car:4254939612:4254939465:0,89.56370253489527,927889828,Avenida Eduardo Prado,primary,,,,,,,,,
baseline,6,middle,shopping,car,car,car,2020.0,D_0009751,58,75,4254939465.0,6158406075.0,0.0,car:4254939465:6158406075:0,20.163918553342405,927889828,Avenida Eduardo Prado,primary,,,,,,,,,
baseline,6,middle,shopping,car,car,car,2020.0,D_0009751,59,75,6158406075.0,4254942567.0,0.0,car:6158406075:4254942567:0,93.0892498666703,927887844,Avenida Eduardo Prado,primary,,,,,,,,,
baseline,6,middle,shopping,car,car,car,2020.0,D_0009751,60,75,4254942567.0,457754097.0,0.0,car:4254942567:457754097:0,188.065478417243,927889827|927887844,Avenida Eduardo Prado,primary,,,,,,,,,
baseline,6,middle,shopping,car,car,car,2020.0,D_0009751,61,75,457754097.0,457754085.0,0.0,car:457754097:457754085:0,32.27718185710912,451653014,Avenida Eduardo Prado,primary,,,,,,,,,
baseline,6,middle,shopping,car,car,car,2020.0,D_0009751,62,75,457754085.0,2189642994.0,0.0,car:457754085:2189642994:0,42.18526629451386,38857386,Avenida Juca Batista,primary,,,,,,,,,
baseline,6,middle,shopping,car,car,car,2020.0,D_0009751,63,75,2189642994.0,2189643004.0,0.0,car:2189642994:2189643004:0,84.71958096855879,38857386,Avenida Juca Batista,primary,,,,,,,,,
baseline,6,middle,shopping,car,car,car,2020.0,D_0009751,64,75,2189643004.0,2131908036.0,0.0,car:2189643004:2131908036:0,102.36762607197021,38857386,Avenida Juca Batista,primary,,,,,,,,,
baseline,6,middle,shopping,car,car,car,2020.0,D_0009751,65,75,2131908036.0,297124839.0,0.0,car:2131908036:297124839:0,218.47302131482556,38857386,Avenida Juca Batista,primary,,,,,,,,,
baseline,6,middle,shopping,car,car,car,2020.0,D_0009751,66,75,297124839.0,2191041656.0,0.0,car:297124839:2191041656:0,38.18468421973428,38857386,Avenida Juca Batista,primary,,,,,,,,,
baseline,6,middle,shopping,car,car,car,2020.0,D_0009751,67,75,2191041656.0,2191041532.0,0.0,car:2191041656:2191041532:0,90.8326016817071,38857386,Avenida Juca Batista,primary,,,,,,,,,
baseline,6,middle,shopping,car,car,car,2020.0,D_0009751,68,75,2191041532.0,1027627431.0,0.0,car:2191041532:1027627431:0,26.632228425071936,38857386,Avenida Juca Batista,primary,,,,,,,,,
baseline,6,middle,shopping,car,car,car,2020.0,D_0009751,69,75,1027627431.0,1027627341.0,0.0,car:1027627431:1027627341:0,113.10215373375846,38857386,Avenida Juca Batista,primary,,,,,,,,,
baseline,6,middle,shopping,car,car,car,2020.0,D_0009751,70,75,1027627341.0,1027627153.0,0.0,car:1027627341:1027627153:0,39.108563393367504,451653012,,primary,,,,,,,,,
baseline,6,middle,shopping,car,car,car,2020.0,D_0009751,71,75,1027627153.0,1027627577.0,0.0,car:1027627153:1027627577:0,30.67657090388179,451653013,Avenida da Serraria,secondary,,,,,,,,,
baseline,6,middle,shopping,car,car,car,2020.0,D_0009751,72,75,1027627577.0,8607768523.0,0.0,car:1027627577:8607768523:0,3.0742039867005437,356396056,,primary,,,,,,,,,
baseline,6,middle,shopping,car,car,car,2020.0,D_0009751,73,75,8607768523.0,8738898841.0,0.0,car:8607768523:8738898841:0,114.71772168835369,223300615,Estrada Campo Novo,tertiary,,,,,,,,,
baseline,6,middle,shopping,car,car,car,2020.0,D_0009751,74,75,8738898841.0,8738662006.0,0.0,car:8738898841:8738662006:0,24.900530613553972,223300615,Estrada Campo Novo,tertiary,,,,,,,,,
baseline,7,middle,education,car,car,car,11489.0,D_0000721,0,139,320034906.0,320034855.0,0.0,car:320034906:320034855:0,19.325729445331486,29094882,Rua Palmeiras,living_street,,,,,,,,,
baseline,7,middle,education,car,car,car,11489.0,D_0000721,1,139,320034855.0,881277434.0,0.0,car:320034855:881277434:0,74.81264145728329,29094882,Rua Palmeiras,living_street,,,,,,,,,
baseline,7,middle,education,car,car,car,11489.0,D_0000721,2,139,881277434.0,320034895.0,0.0,car:881277434:320034895:0,108.76089520267419,29094872,Rua Doutor Mário Kaufmann,tertiary,,,,,,,,,
baseline,7,middle,education,car,car,car,11489.0,D_0000721,3,139,320034895.0,320034894.0,0.0,car:320034895:320034894:0,58.70630190698983,29094880,Rua G,tertiary,,,,,,,,,
baseline,7,middle,education,car,car,car,11489.0,D_0000721,4,139,320034894.0,4191881543.0,0.0,car:320034894:4191881543:0,18.73168381601217,327505187,Avenida Bernardino Silveira Amorim,secondary,,,,,,,,,
baseline,7,middle,education,car,car,car,11489.0,D_0000721,5,139,4191881543.0,3766163720.0,0.0,car:4191881543:3766163720:0,24.646751543573586,418989008,,secondary_link,,,,,,,,,
baseline,7,middle,education,car,car,car,11489.0,D_0000721,6,139,3766163720.0,3380421623.0,0.0,car:3766163720:3380421623:0,173.17500465285795,1136522828,Avenida Élvio Antônio Filipetto,secondary,,,,,,,,,
baseline,7,middle,education,car,car,car,11489.0,D_0000721,7,139,3380421623.0,3380421622.0,0.0,car:3380421623:3380421622:0,16.882341440291196,927367045,Avenida Élvio Antônio Filipetto,secondary,,,,,,,,,
baseline,7,middle,education,car,car,car,11489.0,D_0000721,8,139,3380421622.0,3766163726.0,0.0,car:3380421622:3766163726:0,194.77060392345493,500493312|927367045,Avenida Élvio Antônio Filipetto,secondary,,,,,,,,,
baseline,7,middle,education,car,car,car,11489.0,D_0000721,9,139,3766163726.0,8586847733.0,0.0,car:3766163726:8586847733:0,46.619236146337784,927367044,Avenida Élvio Antônio Filipetto,secondary,,,,,,,,,
baseline,7,middle,education,car,car,car,11489.0,D_0000721,10,139,8586847733.0,3766163725.0,0.0,car:8586847733:3766163725:0,7.67768078832963,927367044,Avenida Élvio Antônio Filipetto,secondary,,,,,,,,,
baseline,7,middle,education,car,car,car,11489.0,D_0000721,11,139,3766163725.0,320164791.0,0.0,car:3766163725:320164791:0,13.214313874536995,500493269|500493270,Avenida Doutor Petrônio Portella,tertiary,,,,,,,,,
baseline,7,middle,education,car,car,car,11489.0,D_0000721,12,139,320164791.0,1177243532.0,0.0,car:320164791:1177243532:0,58.72230558624185,373085835,Avenida Doutor Petrônio Portella,tertiary,,,,,,,,,
baseline,7,middle,education,car,car,car,11489.0,D_0000721,13,139,1177243532.0,320793662.0,0.0,car:1177243532:320793662:0,72.5142691898939,373085835,Avenida Doutor Petrônio Portella,tertiary,,,,,,,,,
baseline,7,middle,education,car,car,car,11489.0,D_0000721,14,139,320793662.0,934998457.0,0.0,car:320793662:934998457:0,75.03725118421583,327479251,Avenida Doutor Petrônio Portella,tertiary,,,,,,,,,
baseline,7,middle,education,car,car,car,11489.0,D_0000721,15,139,934998457.0,934998460.0,0.0,car:934998457:934998460:0,71.75523326860143,327479251,Avenida Doutor Petrônio Portella,tertiary,,,,,,,,,
baseline,7,middle,education,car,car,car,11489.0,D_0000721,16,139,934998460.0,934998465.0,0.0,car:934998460:934998465:0,72.13103662007224,327479253,Avenida Doutor Petrônio Portella,tertiary,,,,,,,,,
baseline,7,middle,education,car,car,car,11489.0,D_0000721,17,139,934998465.0,320164537.0,0.0,car:934998465:320164537:0,59.727410773640266,327479253,Avenida Doutor Petrônio Portella,tertiary,,,,,,,,,
baseline,7,middle,education,car,car,car,11489.0,D_0000721,18,139,320164537.0,343298309.0,0.0,car:320164537:343298309:0,176.41793559243678,223755936,Rua Norberto Treis,residential,,,,,,,,,
baseline,7,middle,education,car,car,car,11489.0,D_0000721,19,139,343298309.0,320164530.0,0.0,car:343298309:320164530:0,110.60021929252196,29106597,Rua C,living_street,,,,,,,,,
baseline,7,middle,education,car,car,car,11489.0,D_0000721,20,139,320164530.0,4514398386.0,0.0,car:320164530:4514398386:0,66.47527830598688,29106597,Rua C,living_street,,,,,,,,,
baseline,7,middle,education,car,car,car,11489.0,D_0000721,21,139,4514398386.0,4514398388.0,0.0,car:4514398386:4514398388:0,26.96447769161596,454962174,,living_street,,,,,,,,,
baseline,7,middle,education,car,car,car,11489.0,D_0000721,22,139,4514398388.0,320164356.0,0.0,car:4514398388:320164356:0,157.32587423954476,29106580,Rua Frederico Kniestedt,tertiary,,,,,,,,,
baseline,7,middle,education,car,car,car,11489.0,D_0000721,23,139,320164356.0,320796235.0,0.0,car:320164356:320796235:0,64.59274318086979,29106580,Rua Frederico Kniestedt,tertiary,,,,,,,,,
baseline,7,middle,education,car,car,car,11489.0,D_0000721,24,139,320796235.0,320796348.0,0.0,car:320796235:320796348:0,50.34294433319535,29106580,Rua Frederico Kniestedt,tertiary,,,,,,,,,
baseline,7,middle,education,car,car,car,11489.0,D_0000721,25,139,320796348.0,320048889.0,0.0,car:320796348:320048889:0,83.17111794202528,29106580,Rua Frederico Kniestedt,tertiary,,,,,,,,,
baseline,7,middle,education,car,car,car,11489.0,D_0000721,26,139,320048889.0,1177243647.0,0.0,car:320048889:1177243647:0,19.951641717918484,1338621402,Rua Frederico Kniestedt,tertiary,,,,,,,,,
baseline,7,middle,education,car,car,car,11489.0,D_0000721,27,139,1177243647.0,2321476825.0,0.0,car:1177243647:2321476825:0,104.19769831459192,327348714,Avenida Dante Ângelo Pilla,secondary,,,,,,,,,
baseline,7,middle,education,car,car,car,11489.0,D_0000721,28,139,2321476825.0,320048755.0,0.0,car:2321476825:320048755:0,55.18143908389768,327348714,Avenida Dante Ângelo Pilla,secondary,,,,,,,,,
baseline,7,middle,education,car,car,car,11489.0,D_0000721,29,139,320048755.0,8584188827.0,0.0,car:320048755:8584188827:0,36.32043321637945,327348714,Avenida Dante Ângelo Pilla,secondary,,,,,,,,,
baseline,7,middle,education,car,car,car,11489.0,D_0000721,30,139,8584188827.0,321399402.0,0.0,car:8584188827:321399402:0,28.19086562484624,1222078032,Avenida Dante Ângelo Pilla,secondary,,,,,,,,,
baseline,7,middle,education,car,car,car,11489.0,D_0000721,31,139,321399402.0,320048841.0,0.0,car:321399402:320048841:0,33.28328972681834,555460412,Avenida Dante Ângelo Pilla,secondary,,,,,,,,,
baseline,7,middle,education,car,car,car,11489.0,D_0000721,32,139,320048841.0,320048843.0,0.0,car:320048841:320048843:0,50.62493548963624,52131639,Avenida Dante Ângelo Pilla,secondary,,,,,,,,,
baseline,7,middle,education,car,car,car,11489.0,D_0000721,33,139,320048843.0,1150051075.0,0.0,car:320048843:1150051075:0,316.935644935827,52131639,Avenida Dante Ângelo Pilla,secondary,,,,,,,,,
baseline,7,middle,education,car,car,car,11489.0,D_0000721,34,139,1150051075.0,321399702.0,0.0,car:1150051075:321399702:0,106.8152258469258,52131639,Avenida Dante Ângelo Pilla,secondary,,,,,,,,,
baseline,7,middle,education,car,car,car,11489.0,D_0000721,35,139,321399702.0,2403405629.0,0.0,car:321399702:2403405629:0,69.16461057004804,52131639,Avenida Dante Ângelo Pilla,secondary,,,,,,,,,
baseline,7,middle,education,car,car,car,11489.0,D_0000721,36,139,2403405629.0,951147831.0,0.0,car:2403405629:951147831:0,80.3960946580626,924961864|924961865,Avenida Dante Ângelo Pilla,secondary,,,,,,,,,
baseline,7,middle,education,car,car,car,11489.0,D_0000721,37,139,951147831.0,2441125756.0,0.0,car:951147831:2441125756:0,9.153664918924552,81608218,Avenida Dante Ângelo Pilla,secondary,,,,,,,,,
baseline,7,middle,education,car,car,car,11489.0,D_0000721,38,139,2441125756.0,951147832.0,0.0,car:2441125756:951147832:0,8.753489953549378,81608218,Avenida Dante Ângelo Pilla,secondary,,,,,,,,,
baseline,7,middle,education,car,car,car,11489.0,D_0000721,39,139,951147832.0,307683699.0,0.0,car:951147832:307683699:0,188.57943351408687,356396061,Avenida Manoel Elias,secondary,,,,,,,,,
baseline,7,middle,education,car,car,car,11489.0,D_0000721,40,139,307683699.0,332494514.0,0.0,car:307683699:332494514:0,10.450545153348608,924442715,Avenida Manoel Elias,secondary,,,,,,,,,
baseline,7,middle,education,car,car,car,11489.0,D_0000721,41,139,332494514.0,307683701.0,0.0,car:332494514:307683701:0,127.22795374810543,924442714,Avenida Manoel Elias,secondary,,,,,,,,,
baseline,7,middle,education,car,car,car,11489.0,D_0000721,42,139,307683701.0,2658851795.0,0.0,car:307683701:2658851795:0,191.32043973769078,924442714,Avenida Manoel Elias,secondary,,,,,,,,,
baseline,7,middle,education,car,car,car,11489.0,D_0000721,43,139,2658851795.0,2658851802.0,0.0,car:2658851795:2658851802:0,11.918784386222114,356831225,Avenida Manoel Elias,secondary,,,,,,,,,
baseline,7,middle,education,car,car,car,11489.0,D_0000721,44,139,2658851802.0,6158559500.0,0.0,car:2658851802:6158559500:0,81.47396864971024,260401292,Avenida Manoel Elias,secondary,,,,,,,,,
baseline,7,middle,education,car,car,car,11489.0,D_0000721,45,139,6158559500.0,332505105.0,0.0,car:6158559500:332505105:0,186.46048339196912,924863866|924863867,Avenida Manoel Elias,secondary,,,,,,,,,
baseline,7,middle,education,car,car,car,11489.0,D_0000721,46,139,332505105.0,332505109.0,0.0,car:332505105:332505109:0,76.11340103778788,924863867,Avenida Manoel Elias,secondary,,,,,,,,,
baseline,7,middle,education,car,car,car,11489.0,D_0000721,47,139,332505109.0,8600446158.0,0.0,car:332505109:8600446158:0,242.9480294515048,926889940|924863869,Avenida Manoel Elias,secondary,,,,,,,,,
baseline,7,middle,education,car,car,car,11489.0,D_0000721,48,139,8600446158.0,10214896074.0,0.0,car:8600446158:10214896074:0,14.501248325888694,926892061,Avenida Manoel Elias,secondary,,,,,,,,,
baseline,7,middle,education,car,car,car,11489.0,D_0000721,49,139,10214896074.0,2293017947.0,0.0,car:10214896074:2293017947:0,62.22513925982607,926892061,Avenida Manoel Elias,secondary,,,,,,,,,
baseline,7,middle,education,car,car,car,11489.0,D_0000721,50,139,2293017947.0,307683708.0,0.0,car:2293017947:307683708:0,33.56867115125384,926889939|926892063,Avenida Manoel Elias,secondary,,,,,,,,,
baseline,7,middle,education,car,car,car,11489.0,D_0000721,51,139,307683708.0,2293017961.0,0.0,car:307683708:2293017961:0,410.14555647947395,220174457|929781884|926892062,Avenida Manoel Elias,secondary,,,,,,,,,
baseline,7,middle,education,car,car,car,11489.0,D_0000721,52,139,2293017961.0,2293017979.0,0.0,car:2293017961:2293017979:0,13.227741711782453,220174457,Avenida Manoel Elias,secondary,,,,,,,,,
baseline,7,middle,education,car,car,car,11489.0,D_0000721,53,139,2293017979.0,2293017977.0,0.0,car:2293017979:2293017977:0,213.55458774115226,220174457,Avenida Manoel Elias,secondary,,,,,,,,,
baseline,7,middle,education,car,car,car,11489.0,D_0000721,54,139,2293017977.0,1668597518.0,0.0,car:2293017977:1668597518:0,157.80406402178318,220174457,Avenida Manoel Elias,secondary,,,,,,,,,
baseline,7,middle,education,car,car,car,11489.0,D_0000721,55,139,1668597518.0,332507461.0,0.0,car:1668597518:332507461:0,207.88318161323764,451653026,Avenida Manoel Elias,secondary,,,,,,,,,
baseline,7,middle,education,car,car,car,11489.0,D_0000721,56,139,332507461.0,2293017927.0,0.0,car:332507461:2293017927:0,28.17241403083999,929797670,Avenida Manoel Elias,secondary,,,,,,,,,
baseline,7,middle,education,car,car,car,11489.0,D_0000721,57,139,2293017927.0,2293017959.0,0.0,car:2293017927:2293017959:0,14.264064155683446,927257783,Avenida Manoel Elias,secondary,,,,,,,,,
baseline,7,middle,education,car,car,car,11489.0,D_0000721,58,139,2293017959.0,332507745.0,0.0,car:2293017959:332507745:0,80.8608979947529,927257783,Avenida Manoel Elias,secondary,,,,,,,,,
baseline,7,middle,education,car,car,car,11489.0,D_0000721,59,139,332507745.0,307683714.0,0.0,car:332507745:307683714:0,124.414465237695,926891215,Avenida Manoel Elias,secondary,,,,,,,,,
baseline,7,middle,education,car,car,car,11489.0,D_0000721,60,139,307683714.0,332507902.0,0.0,car:307683714:332507902:0,89.96898924537112,451653025,Avenida Manoel Elias,secondary,,,,,,,,,
baseline,7,middle,education,car,car,car,11489.0,D_0000721,61,139,332507902.0,1668175759.0,0.0,car:332507902:1668175759:0,90.0396969030131,451653025,Avenida Manoel Elias,secondary,,,,,,,,,
baseline,7,middle,education,car,car,car,11489.0,D_0000721,62,139,1668175759.0,295517782.0,0.0,car:1668175759:295517782:0,71.63461438841671,356396200|926826888,Avenida Protásio Alves,primary,,,,,,,,,
baseline,7,middle,education,car,car,car,11489.0,D_0000721,63,139,295517782.0,295517364.0,0.0,car:295517782:295517364:0,92.02989046316816,926826888,Avenida Protásio Alves,primary,,,,,,,,,
baseline,7,middle,education,car,car,car,11489.0,D_0000721,64,139,295517364.0,8622854478.0,0.0,car:295517364:8622854478:0,65.75025506602412,356396156,Avenida Protásio Alves,primary,,,,,,,,,
baseline,7,middle,education,car,car,car,11489.0,D_0000721,65,139,8622854478.0,2305805098.0,0.0,car:8622854478:2305805098:0,114.70414932070912,929840652|929840653,Avenida Protásio Alves,primary,,,,,,,,,
baseline,7,middle,education,car,car,car,11489.0,D_0000721,66,139,2305805098.0,598724418.0,0.0,car:2305805098:598724418:0,74.62505318238298,929840653,Avenida Protásio Alves,primary,,,,,,,,,
baseline,7,middle,education,car,car,car,11489.0,D_0000721,67,139,598724418.0,332507311.0,0.0,car:598724418:332507311:0,25.237319610396707,356396140,Avenida Protásio Alves,primary,,,,,,,,,
baseline,7,middle,education,car,car,car,11489.0,D_0000721,68,139,332507311.0,2527526897.0,0.0,car:332507311:2527526897:0,103.89138572837635,356396140,Avenida Protásio Alves,primary,,,,,,,,,
baseline,7,middle,education,car,car,car,11489.0,D_0000721,69,139,2527526897.0,2527526972.0,0.0,car:2527526897:2527526972:0,200.9756865704843,356396140,Avenida Protásio Alves,primary,,,,,,,,,
baseline,7,middle,education,car,car,car,11489.0,D_0000721,70,139,2527526972.0,2527526980.0,0.0,car:2527526972:2527526980:0,24.551218310296868,356396140,Avenida Protásio Alves,primary,,,,,,,,,
baseline,7,middle,education,car,car,car,11489.0,D_0000721,71,139,2527526980.0,295518299.0,0.0,car:2527526980:295518299:0,57.37506102441844,356396140,Avenida Protásio Alves,primary,,,,,,,,,
baseline,7,middle,education,car,car,car,11489.0,D_0000721,72,139,295518299.0,295517551.0,0.0,car:295518299:295517551:0,168.15974183851083,356396140,Avenida Protásio Alves,primary,,,,,,,,,
baseline,7,middle,education,car,car,car,11489.0,D_0000721,73,139,295517551.0,332508853.0,0.0,car:295517551:332508853:0,8.621159583640992,356396140,Avenida Protásio Alves,primary,,,,,,,,,
baseline,7,middle,education,car,car,car,11489.0,D_0000721,74,139,332508853.0,295517796.0,0.0,car:332508853:295517796:0,103.75262493357124,245577970,Avenida Protásio Alves,primary,,,,,,,,,
baseline,7,middle,education,car,car,car,11489.0,D_0000721,75,139,295517796.0,12755506713.0,0.0,car:295517796:12755506713:0,57.26223002966934,245577970,Avenida Protásio Alves,primary,,,,,,,,,
baseline,7,middle,education,car,car,car,11489.0,D_0000721,76,139,12755506713.0,295517802.0,0.0,car:12755506713:295517802:0,131.79522192529873,1491680032|245577970,Avenida Protásio Alves,primary,,,,,,,,,
baseline,7,middle,education,car,car,car,11489.0,D_0000721,77,139,295517802.0,2527527119.0,0.0,car:295517802:2527527119:0,36.099241423730625,926831333,Avenida Protásio Alves,primary,,,,,,,,,
baseline,7,middle,education,car,car,car,11489.0,D_0000721,78,139,2527527119.0,2527527166.0,0.0,car:2527527119:2527527166:0,70.74652622115491,282839205,Avenida Protásio Alves,primary,,,,,,,,,
baseline,7,middle,education,car,car,car,11489.0,D_0000721,79,139,2527527166.0,2527527208.0,0.0,car:2527527166:2527527208:0,63.999757211046024,356396148,Avenida Protásio Alves,primary,,,,,,,,,
baseline,7,middle,education,car,car,car,11489.0,D_0000721,80,139,2527527208.0,12755506715.0,0.0,car:2527527208:12755506715:0,23.3517809425643,1491680031,Avenida Protásio Alves,primary,,,,,,,,,
baseline,7,middle,education,car,car,car,11489.0,D_0000721,81,139,12755506715.0,2527527220.0,0.0,car:12755506715:2527527220:0,44.20632451245695,356396203,Avenida Protásio Alves,primary,,,,,,,,,
baseline,7,middle,education,car,car,car,11489.0,D_0000721,82,139,2527527220.0,12801371537.0,0.0,car:2527527220:12801371537:0,13.203528368815814,356396203,Avenida Protásio Alves,primary,,,,,,,,,
baseline,7,middle,education,car,car,car,11489.0,D_0000721,83,139,12801371537.0,2527527276.0,0.0,car:12801371537:2527527276:0,85.46107077813674,356396203,Avenida Protásio Alves,primary,,,,,,,,,
baseline,7,middle,education,car,car,car,11489.0,D_0000721,84,139,2527527276.0,295517820.0,0.0,car:2527527276:295517820:0,370.37492271104986,924836164|1491680030|1491680022,Avenida Protásio Alves,primary,,,,,,,,,
baseline,7,middle,education,car,car,car,11489.0,D_0000721,85,139,295517820.0,8576966430.0,0.0,car:295517820:8576966430:0,34.35413661795915,356396145,Avenida Protásio Alves,primary,,,,,,,,,
baseline,7,middle,education,car,car,car,11489.0,D_0000721,86,139,8576966430.0,1439922898.0,0.0,car:8576966430:1439922898:0,21.233005726306978,923967053,,primary_link,,,,,,,,,
baseline,7,middle,education,car,car,car,11489.0,D_0000721,87,139,1439922898.0,1439922896.0,0.0,car:1439922898:1439922896:0,16.59022915006459,245577951,Avenida Antônio de Carvalho,secondary,,,,,,,,,
baseline,7,middle,education,car,car,car,11489.0,D_0000721,88,139,1439922896.0,295514736.0,0.0,car:1439922896:295514736:0,162.38522984939195,926772460|451652871,Avenida Antônio de Carvalho,secondary,,,,,,,,,
baseline,7,middle,education,car,car,car,11489.0,D_0000721,89,139,295514736.0,2601559844.0,0.0,car:295514736:2601559844:0,11.914509234948008,926772460,Avenida Antônio de Carvalho,secondary,,,,,,,,,
baseline,7,middle,education,car,car,car,11489.0,D_0000721,90,139,2601559844.0,295515195.0,0.0,car:2601559844:295515195:0,322.82610346851754,454586874|327282613,Avenida Antônio de Carvalho,secondary,,,,,,,,,
baseline,7,middle,education,car,car,car,11489.0,D_0000721,91,139,295515195.0,8428672821.0,0.0,car:295515195:8428672821:0,102.06578652905009,451652863,Avenida Antônio de Carvalho,secondary,,,,,,,,,
baseline,7,middle,education,car,car,car,11489.0,D_0000721,92,139,8428672821.0,4431540238.0,0.0,car:8428672821:4431540238:0,17.66013203485925,451652863,Avenida Antônio de Carvalho,secondary,,,,,,,,,
baseline,7,middle,education,car,car,car,11489.0,D_0000721,93,139,4431540238.0,295515200.0,0.0,car:4431540238:295515200:0,239.4922482485543,451652863,Avenida Antônio de Carvalho,secondary,,,,,,,,,
baseline,7,middle,education,car,car,car,11489.0,D_0000721,94,139,295515200.0,319121651.0,0.0,car:295515200:319121651:0,288.9529829545282,451652863,Avenida Antônio de Carvalho,secondary,,,,,,,,,
baseline,7,middle,education,car,car,car,11489.0,D_0000721,95,139,319121651.0,4245036762.0,0.0,car:319121651:4245036762:0,14.660699839772395,451652870,Avenida Antônio de Carvalho,secondary,,,,,,,,,
baseline,7,middle,education,car,car,car,11489.0,D_0000721,96,139,4245036762.0,445822686.0,0.0,car:4245036762:445822686:0,38.838788021839854,477614327,Avenida Antônio de Carvalho,secondary,,,,,,,,,
baseline,7,middle,education,car,car,car,11489.0,D_0000721,97,139,445822686.0,3228894364.0,0.0,car:445822686:3228894364:0,29.151726666799757,477614327,Avenida Antônio de Carvalho,secondary,,,,,,,,,
baseline,7,middle,education,car,car,car,11489.0,D_0000721,98,139,3228894364.0,2289231010.0,0.0,car:3228894364:2289231010:0,146.77437172674718,327282614,Avenida Antônio de Carvalho,secondary,,,,,,,,,
baseline,7,middle,education,car,car,car,11489.0,D_0000721,99,139,2289231010.0,2289231037.0,0.0,car:2289231010:2289231037:0,31.441221021190568,327282614,Avenida Antônio de Carvalho,secondary,,,,,,,,,
baseline,7,middle,education,car,car,car,11489.0,D_0000721,100,139,2289231037.0,5314020192.0,0.0,car:2289231037:5314020192:0,129.27321778799438,327282614,Avenida Antônio de Carvalho,secondary,,,,,,,,,
baseline,7,middle,education,car,car,car,11489.0,D_0000721,101,139,5314020192.0,3654342189.0,0.0,car:5314020192:3654342189:0,315.2128537059408,327282614,Avenida Antônio de Carvalho,secondary,,,,,,,,,
baseline,7,middle,education,car,car,car,11489.0,D_0000721,102,139,3654342189.0,3228958872.0,0.0,car:3654342189:3228958872:0,16.824100346915245,327282614,Avenida Antônio de Carvalho,secondary,,,,,,,,,
baseline,7,middle,education,car,car,car,11489.0,D_0000721,103,139,3228958872.0,294917231.0,0.0,car:3228958872:294917231:0,400.9504557426617,926780930|327282614,Avenida Antônio de Carvalho,secondary,,,,,,,,,
baseline,7,middle,education,car,car,car,11489.0,D_0000721,104,139,294917231.0,294916854.0,0.0,car:294917231:294916854:0,44.76039938577414,929829793,Avenida Antônio de Carvalho,secondary,,,,,,,,,
baseline,7,middle,education,car,car,car,11489.0,D_0000721,105,139,294916854.0,294917045.0,0.0,car:294916854:294917045:0,46.60121988747491,451652868|471814838,Avenida Antônio de Carvalho,secondary,,,,,,,,,
baseline,7,middle,education,car,car,car,11489.0,D_0000721,106,139,294917045.0,294916851.0,0.0,car:294917045:294916851:0,65.45591450616612,230069248|218950937|125935701|926791838,Avenida Antônio de Carvalho,secondary,,,,,,,,,
baseline,7,middle,education,car,car,car,11489.0,D_0000721,107,139,294916851.0,294918390.0,0.0,car:294916851:294918390:0,114.26042374867649,929824296|398437794|1292265383,Avenida Antônio de Carvalho,secondary,,,,,,,,,
baseline,7,middle,education,car,car,car,11489.0,D_0000721,108,139,294918390.0,294917944.0,0.0,car:294918390:294917944:0,34.277081087622676,451652865|1292265361,Avenida Antônio de Carvalho,secondary,,,,,,,,,
baseline,7,middle,education,car,car,car,11489.0,D_0000721,109,139,294917944.0,11980016556.0,0.0,car:294917944:11980016556:0,48.14628494614668,1292265360|35774372,Avenida Bento Gonçalves,primary,,,,,,,,,
baseline,7,middle,education,car,car,car,11489.0,D_0000721,110,139,11980016556.0,313267745.0,0.0,car:11980016556:313267745:0,30.113634847643233,451652896,Avenida Bento Gonçalves,primary,,,,,,,,,
baseline,7,middle,education,car,car,car,11489.0,D_0000721,111,139,313267745.0,312806020.0,0.0,car:313267745:312806020:0,51.471782594468046,356395785,Avenida Bento Gonçalves,primary,,,,,,,,,
baseline,7,middle,education,car,car,car,11489.0,D_0000721,112,139,312806020.0,3618665274.0,0.0,car:312806020:3618665274:0,64.29645231831006,356395785,Avenida Bento Gonçalves,primary,,,,,,,,,
baseline,7,middle,education,car,car,car,11489.0,D_0000721,113,139,3618665274.0,312806103.0,0.0,car:3618665274:312806103:0,12.394598439867169,356395828,Avenida Bento Gonçalves,primary,,,,,,,,,
baseline,7,middle,education,car,car,car,11489.0,D_0000721,114,139,312806103.0,2418689023.0,0.0,car:312806103:2418689023:0,174.25590284846845,477741048,Avenida Bento Gonçalves,primary,,,,,,,,,
baseline,7,middle,education,car,car,car,11489.0,D_0000721,115,139,2418689023.0,434716108.0,0.0,car:2418689023:434716108:0,18.185054541790578,477741048,Avenida Bento Gonçalves,primary,,,,,,,,,
baseline,7,middle,education,car,car,car,11489.0,D_0000721,116,139,434716108.0,3618665261.0,0.0,car:434716108:3618665261:0,16.787287215919196,477741048,Avenida Bento Gonçalves,primary,,,,,,,,,
baseline,7,middle,education,car,car,car,11489.0,D_0000721,117,139,3618665261.0,312814230.0,0.0,car:3618665261:312814230:0,74.59953876129796,356395809,Avenida Bento Gonçalves,primary,,,,,,,,,
baseline,7,middle,education,car,car,car,11489.0,D_0000721,118,139,312814230.0,312814249.0,0.0,car:312814230:312814249:0,74.8148928100448,356395809,Avenida Bento Gonçalves,primary,,,,,,,,,
baseline,7,middle,education,car,car,car,11489.0,D_0000721,119,139,312814249.0,312814124.0,0.0,car:312814249:312814124:0,78.19832117424473,356395809,Avenida Bento Gonçalves,primary,,,,,,,,,
baseline,7,middle,education,car,car,car,11489.0,D_0000721,120,139,312814124.0,3618665234.0,0.0,car:312814124:3618665234:0,48.3047066017541,356395809,Avenida Bento Gonçalves,primary,,,,,,,,,
baseline,7,middle,education,car,car,car,11489.0,D_0000721,121,139,3618665234.0,3618665229.0,0.0,car:3618665234:3618665229:0,41.99179549976624,356396774,,busway,,,,,,,,,
baseline,7,middle,education,car,car,car,11489.0,D_0000721,122,139,3618665229.0,8428289534.0,0.0,car:3618665229:8428289534:0,81.53460252896515,356398315,Corredor de Transporte Coletivo Bento Gonçalves,busway,,,,,,,,,
baseline,7,middle,education,car,car,car,11489.0,D_0000721,123,139,8428289534.0,3618665193.0,0.0,car:8428289534:3618665193:0,11.5722096121923,356398315,Corredor de Transporte Coletivo Bento Gonçalves,busway,,,,,,,,,
baseline,7,middle,education,car,car,car,11489.0,D_0000721,124,139,3618665193.0,2606034642.0,0.0,car:3618665193:2606034642:0,8.223016674279721,326126576,Avenida Elias Cirne Lima,tertiary,,,,,,,,,
baseline,7,middle,education,car,car,car,11489.0,D_0000721,125,139,2606034642.0,8428466452.0,0.0,car:2606034642:8428466452:0,40.130242998623196,907666120,Rua Primeiro de Março,tertiary,,,,,,,,,
baseline,7,middle,education,car,car,car,11489.0,D_0000721,126,139,8428466452.0,8428289533.0,0.0,car:8428466452:8428289533:0,7.468622115917714,907666120,Rua Primeiro de Março,tertiary,,,,,,,,,
baseline,7,middle,education,car,car,car,11489.0,D_0000721,127,139,8428289533.0,8428466469.0,0.0,car:8428289533:8428466469:0,45.19540358621132,219544646,Rua Primeiro de Março,tertiary,,,,,,,,,
baseline,7,middle,education,car,car,car,11489.0,D_0000721,128,139,8428466469.0,2606034641.0,0.0,car:8428466469:2606034641:0,80.06863605980767,219544646,Rua Primeiro de Março,tertiary,,,,,,,,,
baseline,7,middle,education,car,car,car,11489.0,D_0000721,129,139,2606034641.0,621505641.0,0.0,car:2606034641:621505641:0,65.4915820853985,219544646,Rua Primeiro de Março,tertiary,,,,,,,,,
baseline,7,middle,education,car,car,car,11489.0,D_0000721,130,139,621505641.0,621505648.0,0.0,car:621505641:621505648:0,136.38527260945273,219544646,Rua Primeiro de Março,tertiary,,,,,,,,,
baseline,7,middle,education,car,car,car,11489.0,D_0000721,131,139,621505648.0,621505636.0,0.0,car:621505648:621505636:0,148.89856825002954,219544644,Rua Primeiro de Março,residential,,,,,,,,,
baseline,7,middle,education,car,car,car,11489.0,D_0000721,132,139,621505636.0,6571472112.0,0.0,car:621505636:6571472112:0,149.728853402395,219006128,Rua Primeiro de Setembro,residential,,,,,,,,,
baseline,7,middle,education,car,car,car,11489.0,D_0000721,133,139,6571472112.0,621505637.0,0.0,car:6571472112:621505637:0,128.91210003216617,219006128,Rua Primeiro de Setembro,residential,,,,,,,,,
baseline,7,middle,education,car,car,car,11489.0,D_0000721,134,139,621505637.0,621505638.0,0.0,car:621505637:621505638:0,145.4017143920025,219544668,Rua 26 de Dezembro,residential,,,,,,,,,
baseline,7,middle,education,car,car,car,11489.0,D_0000721,135,139,621505638.0,621505664.0,0.0,car:621505638:621505664:0,71.66190024973965,219544668,Rua 26 de Dezembro,residential,,,,,,,,,
baseline,7,middle,education,car,car,car,11489.0,D_0000721,136,139,621505664.0,621505643.0,0.0,car:621505664:621505643:0,73.9612786558287,219544668,Rua 26 de Dezembro,residential,,,,,,,,,
baseline,7,middle,education,car,car,car,11489.0,D_0000721,137,139,621505643.0,621505644.0,0.0,car:621505643:621505644:0,94.41830014235603,219544668,Rua 26 de Dezembro,residential,,,,,,,,,
baseline,7,middle,education,car,car,car,11489.0,D_0000721,138,139,621505644.0,2286920026.0,0.0,car:621505644:2286920026:0,248.43860031719305,219544666,Rua Vidal de Negreiros,residential,,,,,,,,,
baseline,8,middle,work,car,car,car,8533.0,D_0018614,0,87,321011004.0,321009546.0,0.0,car:321011004:321009546:0,72.4971764748958,254276603,Rua Comendador Eduardo Secco,residential,,,,,,,,,
baseline,8,middle,work,car,car,car,8533.0,D_0018614,1,87,321009546.0,321009571.0,0.0,car:321009546:321009571:0,44.168556447726026,327643174,Rua Comendador Eduardo Secco,tertiary,,,,,,,,,
baseline,8,middle,work,car,car,car,8533.0,D_0018614,2,87,321009571.0,321011085.0,0.0,car:321009571:321011085:0,42.14778536004157,327643174,Rua Comendador Eduardo Secco,tertiary,,,,,,,,,
baseline,8,middle,work,car,car,car,8533.0,D_0018614,3,87,321011085.0,4189681756.0,0.0,car:321011085:4189681756:0,2.983953670273176,327643174,Rua Comendador Eduardo Secco,tertiary,,,,,,,,,
baseline,8,middle,work,car,car,car,8533.0,D_0018614,4,87,4189681756.0,3260506899.0,0.0,car:4189681756:3260506899:0,25.216624363510284,327643174,Rua Comendador Eduardo Secco,tertiary,,,,,,,,,
baseline,8,middle,work,car,car,car,8533.0,D_0018614,5,87,3260506899.0,321009545.0,0.0,car:3260506899:321009545:0,2.998254669585501,327643174,Rua Comendador Eduardo Secco,tertiary,,,,,,,,,
baseline,8,middle,work,car,car,car,8533.0,D_0018614,6,87,321009545.0,3260506900.0,0.0,car:321009545:3260506900:0,30.216279009325973,327643174,Rua Comendador Eduardo Secco,tertiary,,,,,,,,,
baseline,8,middle,work,car,car,car,8533.0,D_0018614,7,87,3260506900.0,321009544.0,0.0,car:3260506900:321009544:0,2.656170113020045,327643174,Rua Comendador Eduardo Secco,tertiary,,,,,,,,,
baseline,8,middle,work,car,car,car,8533.0,D_0018614,8,87,321009544.0,321011780.0,0.0,car:321009544:321011780:0,32.949176555026426,327643174,Rua Comendador Eduardo Secco,tertiary,,,,,,,,,
baseline,8,middle,work,car,car,car,8533.0,D_0018614,9,87,321011780.0,321011702.0,0.0,car:321011780:321011702:0,33.4601193411148,327643174,Rua Comendador Eduardo Secco,tertiary,,,,,,,,,
baseline,8,middle,work,car,car,car,8533.0,D_0018614,10,87,321011702.0,2288596094.0,1.0,car:321011702:2288596094:1,45.354420298242495,327643174,Rua Comendador Eduardo Secco,tertiary,,,,,,,,,
baseline,8,middle,work,car,car,car,8533.0,D_0018614,11,87,2288596094.0,321011494.0,0.0,car:2288596094:321011494:0,34.76228339049839,327643174,Rua Comendador Eduardo Secco,tertiary,,,,,,,,,
baseline,8,middle,work,car,car,car,8533.0,D_0018614,12,87,321011494.0,321009402.0,0.0,car:321011494:321009402:0,7.163155982869071,327643174,Rua Comendador Eduardo Secco,tertiary,,,,,,,,,
baseline,8,middle,work,car,car,car,8533.0,D_0018614,13,87,321009402.0,2595671438.0,0.0,car:321009402:2595671438:0,31.534889198258455,327643174,Rua Comendador Eduardo Secco,tertiary,,,,,,,,,
baseline,8,middle,work,car,car,car,8533.0,D_0018614,14,87,2595671438.0,321011536.0,0.0,car:2595671438:321011536:0,32.262455804728475,327643174,Rua Comendador Eduardo Secco,tertiary,,,,,,,,,
baseline,8,middle,work,car,car,car,8533.0,D_0018614,15,87,321011536.0,321009540.0,0.0,car:321011536:321009540:0,185.87520760444838,425213179|29191735,Rua Comendador Eduardo Secco,tertiary,,,,,,,,,
baseline,8,middle,work,car,car,car,8533.0,D_0018614,16,87,321009540.0,3654342189.0,0.0,car:321009540:3654342189:0,22.738512622378614,360885443,Rua Comendador Eduardo Secco,tertiary,,,,,,,,,
baseline,8,middle,work,car,car,car,8533.0,D_0018614,17,87,3654342189.0,8599603003.0,0.0,car:3654342189:8599603003:0,18.93928839997685,926777798,Rua Atílio Bilibio,tertiary,,,,,,,,,
baseline,8,middle,work,car,car,car,8533.0,D_0018614,18,87,8599603003.0,8599639489.0,0.0,car:8599603003:8599639489:0,191.0479843853743,100706545,Rua Atílio Bilibio,tertiary,,,,,,,,,
baseline,8,middle,work,car,car,car,8533.0,D_0018614,19,87,8599639489.0,1164132133.0,0.0,car:8599639489:1164132133:0,83.43568954538122,100706545,Rua Atílio Bilibio,tertiary,,,,,,,,,
baseline,8,middle,work,car,car,car,8533.0,D_0018614,20,87,1164132133.0,2932137883.0,0.0,car:1164132133:2932137883:0,153.50529949997525,221134901,Avenida Ipiranga,secondary,,,,,,,,,
baseline,8,middle,work,car,car,car,8533.0,D_0018614,21,87,2932137883.0,293823489.0,0.0,car:2932137883:293823489:0,773.9401830163522,471814842,Avenida Ipiranga,secondary,,,,,,,,,
baseline,8,middle,work,car,car,car,8533.0,D_0018614,22,87,293823489.0,4659754996.0,0.0,car:293823489:4659754996:0,20.663105046689537,1291626630,Avenida Ipiranga,secondary,,,,,,,,,
baseline,8,middle,work,car,car,car,8533.0,D_0018614,23,87,4659754996.0,8427596402.0,0.0,car:4659754996:8427596402:0,245.2095830297241,471814862,Avenida Ipiranga,secondary,,,,,,,,,
baseline,8,middle,work,car,car,car,8533.0,D_0018614,24,87,8427596402.0,2073429560.0,0.0,car:8427596402:2073429560:0,7.87407161155008,907603672,Avenida Ipiranga,secondary,,,,,,,,,
baseline,8,middle,work,car,car,car,8533.0,D_0018614,25,87,2073429560.0,2073429559.0,0.0,car:2073429560:2073429559:0,201.66333239660284,907603671,Avenida Ipiranga,secondary,,,,,,,,,
baseline,8,middle,work,car,car,car,8533.0,D_0018614,26,87,2073429559.0,312801278.0,0.0,car:2073429559:312801278:0,268.0447131606422,907603671,Avenida Ipiranga,secondary,,,,,,,,,
baseline,8,middle,work,car,car,car,8533.0,D_0018614,27,87,312801278.0,312800779.0,0.0,car:312801278:312800779:0,202.7198737832306,451652979|218959398,Avenida Ipiranga,secondary,,,,,,,,,
baseline,8,middle,work,car,car,car,8533.0,D_0018614,28,87,312800779.0,1157507179.0,0.0,car:312800779:1157507179:0,27.257909635232433,127349386,Avenida Ipiranga,secondary,,,,,,,,,
baseline,8,middle,work,car,car,car,8533.0,D_0018614,29,87,1157507179.0,11499617124.0,0.0,car:1157507179:11499617124:0,322.6788404254783,1467271895,Avenida Ipiranga,secondary,,,,,,,,,
baseline,8,middle,work,car,car,car,8533.0,D_0018614,30,87,11499617124.0,7384033037.0,0.0,car:11499617124:7384033037:0,343.7374095156452,1467271893|1467271894,Avenida Ipiranga,secondary,,,,,,,,,
baseline,8,middle,work,car,car,car,8533.0,D_0018614,31,87,7384033037.0,8487751833.0,0.0,car:7384033037:8487751833:0,530.2972513054295,356396027,Avenida Ipiranga,secondary,,,,,,,,,
baseline,8,middle,work,car,car,car,8533.0,D_0018614,32,87,8487751833.0,8487751837.0,0.0,car:8487751833:8487751837:0,47.27666239251245,356396027,Avenida Ipiranga,secondary,,,,,,,,,
baseline,8,middle,work,car,car,car,8533.0,D_0018614,33,87,8487751837.0,295145321.0,0.0,car:8487751837:295145321:0,67.2652665954818,356396027,Avenida Ipiranga,secondary,,,,,,,,,
baseline,8,middle,work,car,car,car,8533.0,D_0018614,34,87,295145321.0,312797276.0,0.0,car:295145321:312797276:0,128.17955311927,229421136,Avenida Ipiranga,secondary,,,,,,,,,
baseline,8,middle,work,car,car,car,8533.0,D_0018614,35,87,312797276.0,312796171.0,0.0,car:312797276:312796171:0,40.98532895262133,127282984,Avenida Ipiranga,secondary,,,,,,,,,
baseline,8,middle,work,car,car,car,8533.0,D_0018614,36,87,312796171.0,2036051362.0,0.0,car:312796171:2036051362:0,24.74211367137543,127282990,Avenida Ipiranga,secondary,,,,,,,,,
baseline,8,middle,work,car,car,car,8533.0,D_0018614,37,87,2036051362.0,312620359.0,0.0,car:2036051362:312620359:0,45.924346157908694,127282990,Avenida Ipiranga,secondary,,,,,,,,,
baseline,8,middle,work,car,car,car,8533.0,D_0018614,38,87,312620359.0,312618736.0,0.0,car:312620359:312618736:0,20.982329262137423,127282987,Avenida Ipiranga,secondary,,,,,,,,,
baseline,8,middle,work,car,car,car,8533.0,D_0018614,39,87,312618736.0,312606069.0,0.0,car:312618736:312606069:0,119.42808039579921,127282958,Avenida Ipiranga,secondary,,,,,,,,,
baseline,8,middle,work,car,car,car,8533.0,D_0018614,40,87,312606069.0,312592480.0,0.0,car:312606069:312592480:0,112.70787132759942,229421137,Avenida Ipiranga,secondary,,,,,,,,,
baseline,8,middle,work,car,car,car,8533.0,D_0018614,41,87,312592480.0,2379649968.0,0.0,car:312592480:2379649968:0,202.47020342668083,229421137,Avenida Ipiranga,secondary,,,,,,,,,
baseline,8,middle,work,car,car,car,8533.0,D_0018614,42,87,2379649968.0,312590962.0,0.0,car:2379649968:312590962:0,94.09890387670268,451652986,Avenida Ipiranga,secondary,,,,,,,,,
baseline,8,middle,work,car,car,car,8533.0,D_0018614,43,87,312590962.0,312592656.0,0.0,car:312590962:312592656:0,50.66870674577562,229354736|40446025|930398538|229354735,Rua Barão do Amazonas,secondary,,,,,,,,,
baseline,8,middle,work,car,car,car,8533.0,D_0018614,44,87,312592656.0,312787616.0,0.0,car:312592656:312787616:0,164.362289113642,40446026,Rua Barão do Amazonas,secondary,,,,,,,,,
baseline,8,middle,work,car,car,car,8533.0,D_0018614,45,87,312787616.0,312787598.0,0.0,car:312787616:312787598:0,182.43009501218432,40446026,Rua Barão do Amazonas,secondary,,,,,,,,,
baseline,8,middle,work,car,car,car,8533.0,D_0018614,46,87,312787598.0,313255414.0,0.0,car:312787598:313255414:0,95.80484689074905,563171277,Rua Padre Caldas,residential,,,,,,,,,
baseline,8,middle,work,car,car,car,8533.0,D_0018614,47,87,313255414.0,313255417.0,0.0,car:313255414:313255417:0,71.62326286713223,563171277,Rua Padre Caldas,residential,,,,,,,,,
baseline,8,middle,work,car,car,car,8533.0,D_0018614,48,87,313255417.0,313255420.0,0.0,car:313255417:313255420:0,71.31597935833084,563171277,Rua Padre Caldas,residential,,,,,,,,,
baseline,8,middle,work,car,car,car,8533.0,D_0018614,49,87,313255420.0,305312659.0,0.0,car:313255420:305312659:0,55.434440732186886,219151150,Rua Padre Caldas,residential,,,,,,,,,
baseline,8,middle,work,car,car,car,8533.0,D_0018614,50,87,305312659.0,294903464.0,0.0,car:305312659:294903464:0,155.18240195315775,907684292,Rua Coronel Villagran Cabrita,residential,,,,,,,,,
baseline,8,middle,work,car,car,car,8533.0,D_0018614,51,87,294903464.0,4019015594.0,0.0,car:294903464:4019015594:0,58.48910680390669,356395777,Avenida Bento Gonçalves,primary,,,,,,,,,
baseline,8,middle,work,car,car,car,8533.0,D_0018614,52,87,4019015594.0,313255571.0,0.0,car:4019015594:313255571:0,74.18679527894396,766506026,Avenida Bento Gonçalves,primary,,,,,,,,,
baseline,8,middle,work,car,car,car,8533.0,D_0018614,53,87,313255571.0,313255573.0,0.0,car:313255571:313255573:0,91.2180138341775,223080051,Avenida Bento Gonçalves,primary,,,,,,,,,
baseline,8,middle,work,car,car,car,8533.0,D_0018614,54,87,313255573.0,294899675.0,0.0,car:313255573:294899675:0,84.01295434259,223080051,Avenida Bento Gonçalves,primary,,,,,,,,,
baseline,8,middle,work,car,car,car,8533.0,D_0018614,55,87,294899675.0,294899677.0,0.0,car:294899675:294899677:0,87.50276462324271,223080051,Avenida Bento Gonçalves,primary,,,,,,,,,
baseline,8,middle,work,car,car,car,8533.0,D_0018614,56,87,294899677.0,313255658.0,0.0,car:294899677:313255658:0,82.3246571968808,356395770,Avenida Bento Gonçalves,primary,,,,,,,,,
baseline,8,middle,work,car,car,car,8533.0,D_0018614,57,87,313255658.0,3618664868.0,0.0,car:313255658:3618664868:0,69.97500269072003,326538543,Avenida Bento Gonçalves,primary,,,,,,,,,
baseline,8,middle,work,car,car,car,8533.0,D_0018614,58,87,3618664868.0,3618664865.0,0.0,car:3618664868:3618664865:0,22.54968205841795,356396796,,busway,,,,,,,,,
baseline,8,middle,work,car,car,car,8533.0,D_0018614,59,87,3618664865.0,3618664850.0,0.0,car:3618664865:3618664850:0,168.51725150081626,356397827,Corredor de Transporte Coletivo Bento Gonçalves,busway,,,,,,,,,
baseline,8,middle,work,car,car,car,8533.0,D_0018614,60,87,3618664850.0,3618664847.0,0.0,car:3618664850:3618664847:0,30.460107759120326,356398324,Corredor de Transporte Coletivo Bento Gonçalves,busway,,,,,,,,,
baseline,8,middle,work,car,car,car,8533.0,D_0018614,61,87,3618664847.0,3618664843.0,0.0,car:3618664847:3618664843:0,177.2036798541199,356398324,Corredor de Transporte Coletivo Bento Gonçalves,busway,,,,,,,,,
baseline,8,middle,work,car,car,car,8533.0,D_0018614,62,87,3618664843.0,3618664833.0,0.0,car:3618664843:3618664833:0,186.5669891456376,356398324,Corredor de Transporte Coletivo Bento Gonçalves,busway,,,,,,,,,
baseline,8,middle,work,car,car,car,8533.0,D_0018614,63,87,3618664833.0,3618664818.0,0.0,car:3618664833:3618664818:0,168.99230087449257,356397344|356397353|356396899,Corredor de Transporte Coletivo Bento Gonçalves,busway,,,,,,,,,
baseline,8,middle,work,car,car,car,8533.0,D_0018614,64,87,3618664818.0,1437738440.0,0.0,car:3618664818:1437738440:0,64.24475717266219,356396777,,busway,,,,,,,,,
baseline,8,middle,work,car,car,car,8533.0,D_0018614,65,87,1437738440.0,317777858.0,0.0,car:1437738440:317777858:0,91.75197728135974,356395778,Avenida Bento Gonçalves,primary,,,,,,,,,
baseline,8,middle,work,car,car,car,8533.0,D_0018614,66,87,317777858.0,294903491.0,0.0,car:317777858:294903491:0,76.88216967850043,132428152,Avenida Bento Gonçalves,primary,,,,,,,,,
baseline,8,middle,work,car,car,car,8533.0,D_0018614,67,87,294903491.0,295160163.0,0.0,car:294903491:295160163:0,68.05145511171247,26936215,Avenida João Pessoa,primary,,,,,,,,,
baseline,8,middle,work,car,car,car,8533.0,D_0018614,68,87,295160163.0,842710380.0,0.0,car:295160163:842710380:0,69.28233790576567,356396035,Avenida João Pessoa,primary,,,,,,,,,
baseline,8,middle,work,car,car,car,8533.0,D_0018614,69,87,842710380.0,2375667910.0,0.0,car:842710380:2375667910:0,154.73237538157014,205657458,Avenida João Pessoa,primary,,,,,,,,,
baseline,8,middle,work,car,car,car,8533.0,D_0018614,70,87,2375667910.0,2375667904.0,0.0,car:2375667910:2375667904:0,11.940775017208917,356396038,Avenida João Pessoa,primary,,,,,,,,,
baseline,8,middle,work,car,car,car,8533.0,D_0018614,71,87,2375667904.0,317782833.0,0.0,car:2375667904:317782833:0,88.42517939232418,356396123,Avenida Princesa Isabel,secondary,,,,,,,,,
baseline,8,middle,work,car,car,car,8533.0,D_0018614,72,87,317782833.0,2375694289.0,0.0,car:317782833:2375694289:0,148.53511573788188,924896197,Avenida Princesa Isabel,secondary,,,,,,,,,
baseline,8,middle,work,car,car,car,8533.0,D_0018614,73,87,2375694289.0,3618664795.0,0.0,car:2375694289:3618664795:0,5.504595054789191,356396122,Avenida Princesa Isabel,secondary,,,,,,,,,
baseline,8,middle,work,car,car,car,8533.0,D_0018614,74,87,3618664795.0,2375694292.0,0.0,car:3618664795:2375694292:0,5.496619595127152,356396122,Avenida Princesa Isabel,secondary,,,,,,,,,
baseline,8,middle,work,car,car,car,8533.0,D_0018614,75,87,2375694292.0,317779990.0,0.0,car:2375694292:317779990:0,46.11040481435013,356396119,Avenida Princesa Isabel,secondary,,,,,,,,,
baseline,8,middle,work,car,car,car,8533.0,D_0018614,76,87,317779990.0,317776762.0,0.0,car:317779990:317776762:0,29.945154218323708,356396120,Avenida Princesa Isabel,secondary,,,,,,,,,
baseline,8,middle,work,car,car,car,8533.0,D_0018614,77,87,317776762.0,314620955.0,0.0,car:317776762:314620955:0,89.68280883970233,219726620,Avenida da Azenha,secondary,,,,,,,,,
baseline,8,middle,work,car,car,car,8533.0,D_0018614,78,87,314620955.0,316034135.0,0.0,car:314620955:316034135:0,150.61623582957773,28620561,Rua General Caldwell,tertiary,,,,,,,,,
baseline,8,middle,work,car,car,car,8533.0,D_0018614,79,87,316034135.0,316034102.0,0.0,car:316034135:316034102:0,169.12181001830055,326758835,Rua General Caldwell,tertiary,,,,,,,,,
baseline,8,middle,work,car,car,car,8533.0,D_0018614,80,87,316034102.0,313259553.0,0.0,car:316034102:313259553:0,153.29259107303957,925248433|326758834,Rua General Caldwell,tertiary,,,,,,,,,
baseline,8,middle,work,car,car,car,8533.0,D_0018614,81,87,313259553.0,1172683799.0,0.0,car:313259553:1172683799:0,8.20303526081031,561899126,Rua General Caldwell,tertiary,,,,,,,,,
baseline,8,middle,work,car,car,car,8533.0,D_0018614,82,87,1172683799.0,313258211.0,0.0,car:1172683799:313258211:0,8.194715722070091,561899126,Rua General Caldwell,tertiary,,,,,,,,,
baseline,8,middle,work,car,car,car,8533.0,D_0018614,83,87,313258211.0,316034193.0,0.0,car:313258211:316034193:0,187.706466006601,189477006,Rua General Caldwell,tertiary,,,,,,,,,
baseline,8,middle,work,car,car,car,8533.0,D_0018614,84,87,316034193.0,2378128973.0,0.0,car:316034193:2378128973:0,145.88756791504372,189477006,Rua General Caldwell,tertiary,,,,,,,,,
baseline,8,middle,work,car,car,car,8533.0,D_0018614,85,87,2378128973.0,316034411.0,0.0,car:2378128973:316034411:0,8.715886048604528,907621007,Rua General Caldwell,tertiary,,,,,,,,,
baseline,8,middle,work,car,car,car,8533.0,D_0018614,86,87,316034411.0,2378128971.0,0.0,car:316034411:2378128971:0,7.368551676046729,229187796,Rua General Caldwell,tertiary,,,,,,,,,
baseline,9,high,shopping,bike,bike,bike,6209.0,D_0005514,0,51,308213831.0,3379562920.0,0.0,bike:308213831:3379562920:0,99.90418332244607,451653100,Avenida Teixeira Mendes,tertiary,,,,,,,,,
baseline,9,high,shopping,bike,bike,bike,6209.0,D_0005514,1,51,3379562920.0,6571716692.0,0.0,bike:3379562920:6571716692:0,147.53805512030263,113512141,Rua Matias José Bins,residential,,,,,,,,,
baseline,9,high,shopping,bike,bike,bike,6209.0,D_0005514,2,51,6571716692.0,6571716691.0,0.0,bike:6571716692:6571716691:0,91.03972236457408,699815278,Travessa Ruperti,residential,,,,,,,,,
baseline,9,high,shopping,bike,bike,bike,6209.0,D_0005514,3,51,6571716691.0,3618664577.0,0.0,bike:6571716691:3618664577:0,105.35465695365596,356396166,Avenida Protásio Alves,primary,,,,,,,,,
baseline,9,high,shopping,bike,bike,bike,6209.0,D_0005514,4,51,3618664577.0,295518649.0,0.0,bike:3618664577:295518649:0,66.00585384341505,926765310,Avenida Protásio Alves,primary,,,,,,,,,
baseline,9,high,shopping,bike,bike,bike,6209.0,D_0005514,5,51,295518649.0,8414956946.0,0.0,bike:295518649:8414956946:0,74.81202984340827,356396195,Avenida Protásio Alves,primary,,,,,,,,,
baseline,9,high,shopping,bike,bike,bike,6209.0,D_0005514,6,51,8414956946.0,316033728.0,0.0,bike:8414956946:316033728:0,39.3159628665645,356396195,Avenida Protásio Alves,primary,,,,,,,,,
baseline,9,high,shopping,bike,bike,bike,6209.0,D_0005514,7,51,316033728.0,1538080640.0,0.0,bike:316033728:1538080640:0,165.62315765790495,155446755,Avenida Protásio Alves,primary,,,,,,,,,
baseline,9,high,shopping,bike,bike,bike,6209.0,D_0005514,8,51,1538080640.0,295518915.0,0.0,bike:1538080640:295518915:0,87.07926270795157,326368197,Avenida Protásio Alves,primary,,,,,,,,,
baseline,9,high,shopping,bike,bike,bike,6209.0,D_0005514,9,51,295518915.0,3618664499.0,0.0,bike:295518915:3618664499:0,90.78357551174449,356397359,,busway,,,,,,,,,
baseline,9,high,shopping,bike,bike,bike,6209.0,D_0005514,10,51,3618664499.0,3618664492.0,0.0,bike:3618664499:3618664492:0,24.980532316973772,356398040,Corredor de Transporte Coletivo Protásio Alves,busway,,,,,,,,,
baseline,9,high,shopping,bike,bike,bike,6209.0,D_0005514,11,51,3618664492.0,1145769599.0,0.0,bike:3618664492:1145769599:0,68.90989119296931,356398040|245577985|924513182,Viaduto Jorge Alberto Mendes Ribeiro|Corredor de Transporte Coletivo Protásio Alves,busway,,,,,,,,,
baseline,9,high,shopping,bike,bike,bike,6209.0,D_0005514,12,51,1145769599.0,3618664472.0,0.0,bike:1145769599:3618664472:0,18.044911307315896,245577988,Corredor de Transporte Coletivo Protásio Alves,busway,,,,,,,,,
baseline,9,high,shopping,bike,bike,bike,6209.0,D_0005514,13,51,3618664472.0,3618664481.0,0.0,bike:3618664472:3618664481:0,47.76634838292353,245577988,Corredor de Transporte Coletivo Protásio Alves,busway,,,,,,,,,
baseline,9,high,shopping,bike,bike,bike,6209.0,D_0005514,14,51,3618664481.0,2527526802.0,0.0,bike:3618664481:2527526802:0,148.55875291399445,356398168,Corredor de Transporte Coletivo Protásio Alves,busway,,,,,,,,,
baseline,9,high,shopping,bike,bike,bike,6209.0,D_0005514,15,51,2527526802.0,2527526828.0,0.0,bike:2527526802:2527526828:0,63.2517040596632,356398396,Corredor de Transporte Coletivo Protásio Alves,busway,,,,,,,,,
baseline,9,high,shopping,bike,bike,bike,6209.0,D_0005514,16,51,2527526828.0,3618664620.0,0.0,bike:2527526828:3618664620:0,379.3416809104082,356398396,Corredor de Transporte Coletivo Protásio Alves,busway,,,,,,,,,
baseline,9,high,shopping,bike,bike,bike,6209.0,D_0005514,17,51,3618664620.0,1439937956.0,0.0,bike:3618664620:1439937956:0,16.24054433751186,356397506,,busway,,,,,,,,,
baseline,9,high,shopping,bike,bike,bike,6209.0,D_0005514,18,51,1439937956.0,295519281.0,0.0,bike:1439937956:295519281:0,351.773692817417,356396192|926752610,Avenida Protásio Alves,primary,,,,,,,,,
baseline,9,high,shopping,bike,bike,bike,6209.0,D_0005514,19,51,295519281.0,3618664670.0,0.0,bike:295519281:3618664670:0,37.62384073881369,356397489,,busway,,,,,,,,,
baseline,9,high,shopping,bike,bike,bike,6209.0,D_0005514,20,51,3618664670.0,3618664681.0,0.0,bike:3618664670:3618664681:0,123.88497318881839,356397892,Corredor de Transporte Coletivo Protásio Alves,busway,,,,,,,,,
baseline,9,high,shopping,bike,bike,bike,6209.0,D_0005514,21,51,3618664681.0,2527527397.0,0.0,bike:3618664681:2527527397:0,108.74816148515654,356398351,Corredor de Transporte Coletivo Protásio Alves,busway,,,,,,,,,
baseline,9,high,shopping,bike,bike,bike,6209.0,D_0005514,22,51,2527527397.0,295520164.0,0.0,bike:2527527397:295520164:0,8.144191640699377,174104784,Avenida Ijuí,tertiary,,,,,,,,,
baseline,9,high,shopping,bike,bike,bike,6209.0,D_0005514,23,51,295520164.0,312744145.0,0.0,bike:295520164:312744145:0,46.96352780661521,477174191,Avenida Protásio Alves,primary,,,,,,,,,
baseline,9,high,shopping,bike,bike,bike,6209.0,D_0005514,24,51,312744145.0,312740149.0,0.0,bike:312744145:312740149:0,88.76401610700674,38483831,Rua Barão do Amazonas,tertiary,,,,,,,,,
baseline,9,high,shopping,bike,bike,bike,6209.0,D_0005514,25,51,312740149.0,300465941.0,0.0,bike:312740149:300465941:0,99.4303003278395,451653264,Rua Barão do Amazonas,tertiary,,,,,,,,,
baseline,9,high,shopping,bike,bike,bike,6209.0,D_0005514,26,51,300465941.0,312739342.0,0.0,bike:300465941:312739342:0,168.39483475325653,451653264,Rua Barão do Amazonas,tertiary,,,,,,,,,
baseline,9,high,shopping,bike,bike,bike,6209.0,D_0005514,27,51,312739342.0,312602865.0,0.0,bike:312739342:312602865:0,92.01951875675677,451653264,Rua Barão do Amazonas,tertiary,,,,,,,,,
baseline,9,high,shopping,bike,bike,bike,6209.0,D_0005514,28,51,312602865.0,312602537.0,0.0,bike:312602865:312602537:0,78.75998159322778,451653264,Rua Barão do Amazonas,tertiary,,,,,,,,,
baseline,9,high,shopping,bike,bike,bike,6209.0,D_0005514,29,51,312602537.0,312600162.0,0.0,bike:312602537:312600162:0,183.41536785109295,451653264,Rua Barão do Amazonas,tertiary,,,,,,,,,
baseline,9,high,shopping,bike,bike,bike,6209.0,D_0005514,30,51,312600162.0,312599316.0,0.0,bike:312600162:312599316:0,153.17329212549285,454586914,Rua Barão do Amazonas,secondary,,,,,,,,,
baseline,9,high,shopping,bike,bike,bike,6209.0,D_0005514,31,51,312599316.0,312596984.0,0.0,bike:312599316:312596984:0,151.74010894269094,454586914,Rua Barão do Amazonas,secondary,,,,,,,,,
baseline,9,high,shopping,bike,bike,bike,6209.0,D_0005514,32,51,312596984.0,312589319.0,0.0,bike:312596984:312589319:0,117.27992817667494,220188325,Rua Barão do Amazonas,secondary,,,,,,,,,
baseline,9,high,shopping,bike,bike,bike,6209.0,D_0005514,33,51,312589319.0,312590962.0,0.0,bike:312589319:312590962:0,197.94330240173178,220188324|924511933,Rua Barão do Amazonas,secondary,,,,,,,,,
baseline,9,high,shopping,bike,bike,bike,6209.0,D_0005514,34,51,312590962.0,2167299990.0,0.0,bike:312590962:2167299990:0,8.226740323716319,40446025,Rua Barão do Amazonas,secondary,,,,,,,,,
baseline,9,high,shopping,bike,bike,bike,6209.0,D_0005514,35,51,2167299990.0,312592656.0,0.0,bike:2167299990:312592656:0,42.44196642205931,229354736|930398538|229354735,Rua Barão do Amazonas,secondary,,,,,,,,,
baseline,9,high,shopping,bike,bike,bike,6209.0,D_0005514,36,51,312592656.0,312787616.0,0.0,bike:312592656:312787616:0,164.362289113642,40446026,Rua Barão do Amazonas,secondary,,,,,,,,,
baseline,9,high,shopping,bike,bike,bike,6209.0,D_0005514,37,51,312787616.0,313255412.0,0.0,bike:312787616:313255412:0,97.23892645582482,27806520,Rua Bento Amaral,residential,,,,,,,,,
baseline,9,high,shopping,bike,bike,bike,6209.0,D_0005514,38,51,313255412.0,313255457.0,0.0,bike:313255412:313255457:0,71.17706611287166,27806513,Rua Portuguesa,residential,,,,,,,,,
baseline,9,high,shopping,bike,bike,bike,6209.0,D_0005514,39,51,313255457.0,1269971253.0,0.0,bike:313255457:1269971253:0,68.04818368445855,27806509,Rua Padre Hafkemeyer,residential,,,,,,,,,
baseline,9,high,shopping,bike,bike,bike,6209.0,D_0005514,40,51,1269971253.0,313255456.0,0.0,bike:1269971253:313255456:0,63.453306596025236,27806509,Rua Padre Hafkemeyer,residential,,,,,,,,,
baseline,9,high,shopping,bike,bike,bike,6209.0,D_0005514,41,51,313255456.0,313255546.0,0.0,bike:313255456:313255546:0,24.301620839678726,27806510,Rua Coronel Jaime da Costa Pereira,residential,,,,,,,,,
baseline,9,high,shopping,bike,bike,bike,6209.0,D_0005514,42,51,313255546.0,313255564.0,0.0,bike:313255546:313255564:0,58.449101558431074,229293529,Rua Everaldo Marquês da Silva,residential,,,,,,,,,
baseline,9,high,shopping,bike,bike,bike,6209.0,D_0005514,43,51,313255564.0,313255692.0,0.0,bike:313255564:313255692:0,84.85145518772617,229293529|27806514,Rua Everaldo Marquês da Silva,residential,,,,,,,,,
baseline,9,high,shopping,bike,bike,bike,6209.0,D_0005514,44,51,313255692.0,444095583.0,0.0,bike:313255692:444095583:0,230.09767888159377,27806505,Rua Veríssimo Rosa,tertiary,,,,,,,,,
baseline,9,high,shopping,bike,bike,bike,6209.0,D_0005514,45,51,444095583.0,444095581.0,0.0,bike:444095583:444095581:0,82.5090703825671,219151151,Rua Doutor Lossio,tertiary,,,,,,,,,
baseline,9,high,shopping,bike,bike,bike,6209.0,D_0005514,46,51,444095581.0,1076952983.0,0.0,bike:444095581:1076952983:0,84.42303271389228,563171280,Rua Doutor Lossio,tertiary,,,,,,,,,
baseline,9,high,shopping,bike,bike,bike,6209.0,D_0005514,47,51,1076952983.0,832647447.0,0.0,bike:1076952983:832647447:0,79.97687784773103,563171280,Rua Doutor Lossio,tertiary,,,,,,,,,
baseline,9,high,shopping,bike,bike,bike,6209.0,D_0005514,48,51,832647447.0,444096265.0,0.0,bike:832647447:444096265:0,82.67251663315255,563171280,Rua Doutor Lossio,tertiary,,,,,,,,,
baseline,9,high,shopping,bike,bike,bike,6209.0,D_0005514,49,51,444096265.0,444096688.0,0.0,bike:444096265:444096688:0,85.92045477702136,699797009,Rua São Manoel,tertiary,,,,,,,,,
baseline,9,high,shopping,bike,bike,bike,6209.0,D_0005514,50,51,444096688.0,313255651.0,0.0,bike:444096688:313255651:0,85.06326227478255,563171279,Rua São Manoel,tertiary,,,,,,,,,
baseline,12,middle,education,car,car,car,2166.0,D_0000921,0,68,297366464.0,4454336296.0,0.0,car:297366464:4454336296:0,75.6470195748253,189476997,Avenida Borges de Medeiros,secondary,,,,,,,,,
baseline,12,middle,education,car,car,car,2166.0,D_0000921,1,68,4454336296.0,2911553914.0,0.0,car:4454336296:2911553914:0,224.30862349848795,29221871|27027508|229187719,Avenida Borges de Medeiros,secondary,,,,,,,,,
baseline,12,middle,education,car,car,car,2166.0,D_0000921,2,68,2911553914.0,314666710.0,0.0,car:2911553914:314666710:0,60.67094384476441,130582472|813731103,Avenida Borges de Medeiros,secondary,,,,,,,,,
baseline,12,middle,education,car,car,car,2166.0,D_0000921,3,68,314666710.0,2280197838.0,0.0,car:314666710:2280197838:0,293.5339712584404,329298640|470020223,Avenida Borges de Medeiros,secondary,,,,,,,,,
baseline,12,middle,education,car,car,car,2166.0,D_0000921,4,68,2280197838.0,2511598393.0,0.0,car:2280197838:2511598393:0,20.118191020319873,108693798,Avenida Borges de Medeiros,secondary,,,,,,,,,
baseline,12,middle,education,car,car,car,2166.0,D_0000921,5,68,2511598393.0,2511598410.0,0.0,car:2511598393:2511598410:0,96.2977028585112,451652887,Avenida Aureliano de Figueiredo Pinto,secondary,,,,,,,,,
baseline,12,middle,education,car,car,car,2166.0,D_0000921,6,68,2511598410.0,1199277104.0,0.0,car:2511598410:1199277104:0,174.02648929913835,1280952281|928581237,Avenida Aureliano de Figueiredo Pinto,secondary,,,,,,,,,
baseline,12,middle,education,car,car,car,2166.0,D_0000921,7,68,1199277104.0,2933395409.0,0.0,car:1199277104:2933395409:0,136.07256496730517,204586770,Avenida Aureliano de Figueiredo Pinto,secondary,,,,,,,,,
baseline,12,middle,education,car,car,car,2166.0,D_0000921,8,68,2933395409.0,313561765.0,0.0,car:2933395409:313561765:0,115.11873308995713,204586770,Avenida Aureliano de Figueiredo Pinto,secondary,,,,,,,,,
baseline,12,middle,education,car,car,car,2166.0,D_0000921,9,68,313561765.0,297618965.0,0.0,car:313561765:297618965:0,230.85819324879105,250467590,Avenida Aureliano de Figueiredo Pinto,secondary,,,,,,,,,
baseline,12,middle,education,car,car,car,2166.0,D_0000921,10,68,297618965.0,1172814499.0,0.0,car:297618965:1172814499:0,16.626479216956277,27126594,Avenida Érico Veríssimo,secondary,,,,,,,,,
baseline,12,middle,education,car,car,car,2166.0,D_0000921,11,68,1172814499.0,297619213.0,0.0,car:1172814499:297619213:0,54.1394663667803,1291971522|27126594,Avenida Érico Veríssimo,secondary,,,,,,,,,
baseline,12,middle,education,car,car,car,2166.0,D_0000921,12,68,297619213.0,297619373.0,0.0,car:297619213:297619373:0,51.85276845216774,1291971521,Avenida Érico Veríssimo,secondary,,,,,,,,,
baseline,12,middle,education,car,car,car,2166.0,D_0000921,13,68,297619373.0,1437748073.0,0.0,car:297619373:1437748073:0,171.1337076254312,964698705|1291971521,Avenida Érico Veríssimo,secondary,,,,,,,,,
baseline,12,middle,education,car,car,car,2166.0,D_0000921,14,68,1437748073.0,297619370.0,0.0,car:1437748073:297619370:0,84.35729026240747,470020238,Avenida Érico Veríssimo,secondary,,,,,,,,,
baseline,12,middle,education,car,car,car,2166.0,D_0000921,15,68,297619370.0,2435984397.0,0.0,car:297619370:2435984397:0,126.84894303997733,470020238,Avenida Érico Veríssimo,secondary,,,,,,,,,
baseline,12,middle,education,car,car,car,2166.0,D_0000921,16,68,2435984397.0,313559501.0,0.0,car:2435984397:313559501:0,20.118195634979564,470020238,Avenida Érico Veríssimo,secondary,,,,,,,,,
baseline,12,middle,education,car,car,car,2166.0,D_0000921,17,68,313559501.0,313559540.0,0.0,car:313559501:313559540:0,50.161962823077914,229187728|358291497|101566868|930398525,Avenida Érico Veríssimo,secondary,,,,,,,,,
baseline,12,middle,education,car,car,car,2166.0,D_0000921,18,68,313559540.0,313559522.0,0.0,car:313559540:313559522:0,33.28117470061446,218950943,Avenida Ipiranga,secondary,,,,,,,,,
baseline,12,middle,education,car,car,car,2166.0,D_0000921,19,68,313559522.0,317716014.0,0.0,car:313559522:317716014:0,69.77773630098235,168516388|561899157,Avenida Ipiranga,secondary,,,,,,,,,
baseline,12,middle,education,car,car,car,2166.0,D_0000921,20,68,317716014.0,833953219.0,0.0,car:317716014:833953219:0,168.6164227748938,168516388,Avenida Ipiranga,secondary,,,,,,,,,
baseline,12,middle,education,car,car,car,2166.0,D_0000921,21,68,833953219.0,313559976.0,0.0,car:833953219:313559976:0,184.39334073623735,168516388,Avenida Ipiranga,secondary,,,,,,,,,
baseline,12,middle,education,car,car,car,2166.0,D_0000921,22,68,313559976.0,317777040.0,0.0,car:313559976:317777040:0,119.27979944532308,229187785,Avenida da Azenha,primary,,,,,,,,,
baseline,12,middle,education,car,car,car,2166.0,D_0000921,23,68,317777040.0,317777666.0,0.0,car:317777040:317777666:0,142.87555127751313,229187785,Avenida da Azenha,primary,,,,,,,,,
baseline,12,middle,education,car,car,car,2166.0,D_0000921,24,68,317777666.0,317779482.0,0.0,car:317777666:317779482:0,39.76033857157285,26847798,Avenida Bento Gonçalves,primary,,,,,,,,,
baseline,12,middle,education,car,car,car,2166.0,D_0000921,25,68,317779482.0,2375694292.0,0.0,car:317779482:2375694292:0,64.55992582127615,356395768,Avenida Bento Gonçalves,primary,,,,,,,,,
baseline,12,middle,education,car,car,car,2166.0,D_0000921,26,68,2375694292.0,2375694298.0,0.0,car:2375694292:2375694298:0,13.388321681357407,356395776,Avenida Bento Gonçalves,primary,,,,,,,,,
baseline,12,middle,education,car,car,car,2166.0,D_0000921,27,68,2375694298.0,2220744768.0,0.0,car:2375694298:2220744768:0,222.3232662915066,356395830,Avenida Bento Gonçalves,primary,,,,,,,,,
baseline,12,middle,education,car,car,car,2166.0,D_0000921,28,68,2220744768.0,8583344874.0,0.0,car:2220744768:8583344874:0,122.5457887067657,356395830,Avenida Bento Gonçalves,primary,,,,,,,,,
baseline,12,middle,education,car,car,car,2166.0,D_0000921,29,68,8583344874.0,317783169.0,0.0,car:8583344874:317783169:0,6.177807703264711,924850129,Avenida Bento Gonçalves,primary,,,,,,,,,
baseline,12,middle,education,car,car,car,2166.0,D_0000921,30,68,317783169.0,294901773.0,0.0,car:317783169:294901773:0,102.54776543909071,326126498,Avenida Bento Gonçalves,primary,,,,,,,,,
baseline,12,middle,education,car,car,car,2166.0,D_0000921,31,68,294901773.0,432610573.0,0.0,car:294901773:432610573:0,108.2824199139391,326126498,Avenida Bento Gonçalves,primary,,,,,,,,,
baseline,12,middle,education,car,car,car,2166.0,D_0000921,32,68,432610573.0,314623361.0,0.0,car:432610573:314623361:0,118.9467489431792,131985983,Avenida Bento Gonçalves,primary,,,,,,,,,
baseline,12,middle,education,car,car,car,2166.0,D_0000921,33,68,314623361.0,294902961.0,0.0,car:314623361:294902961:0,150.4750909459624,131985983,Avenida Bento Gonçalves,primary,,,,,,,,,
baseline,12,middle,education,car,car,car,2166.0,D_0000921,34,68,294902961.0,846081160.0,0.0,car:294902961:846081160:0,72.48985917814852,356395788,Avenida Bento Gonçalves,primary,,,,,,,,,
baseline,12,middle,education,car,car,car,2166.0,D_0000921,35,68,846081160.0,317775520.0,0.0,car:846081160:317775520:0,79.15499704949231,451652897,Avenida Bento Gonçalves,primary,,,,,,,,,
baseline,12,middle,education,car,car,car,2166.0,D_0000921,36,68,317775520.0,294902967.0,0.0,car:317775520:294902967:0,178.85379550985658,223080052,Avenida Bento Gonçalves,primary,,,,,,,,,
baseline,12,middle,education,car,car,car,2166.0,D_0000921,37,68,294902967.0,3618664870.0,0.0,car:294902967:3618664870:0,214.60457375965254,326538540,Avenida Bento Gonçalves,primary,,,,,,,,,
baseline,12,middle,education,car,car,car,2166.0,D_0000921,38,68,3618664870.0,3331940560.0,0.0,car:3618664870:3331940560:0,153.7670521184894,356395771,Avenida Bento Gonçalves,primary,,,,,,,,,
baseline,12,middle,education,car,car,car,2166.0,D_0000921,39,68,3331940560.0,3618664894.0,0.0,car:3331940560:3618664894:0,41.572279217170234,356396970,,busway,,,,,,,,,
baseline,12,middle,education,car,car,car,2166.0,D_0000921,40,68,3618664894.0,3618664952.0,0.0,car:3618664894:3618664952:0,201.58190318785068,356397887,Corredor de Transporte Coletivo Bento Gonçalves,busway,,,,,,,,,
baseline,12,middle,education,car,car,car,2166.0,D_0000921,41,68,3618664952.0,3618664961.0,0.0,car:3618664952:3618664961:0,21.151354942640076,356397423,Corredor de Transporte Coletivo Bento Gonçalves,busway,,,,,,,,,
baseline,12,middle,education,car,car,car,2166.0,D_0000921,42,68,3618664961.0,4237616008.0,0.0,car:3618664961:4237616008:0,75.04242906656927,356397578,Corredor de Transporte Coletivo Bento Gonçalves,busway,,,,,,,,,
baseline,12,middle,education,car,car,car,2166.0,D_0000921,43,68,4237616008.0,3618665023.0,0.0,car:4237616008:3618665023:0,79.19983968645545,541933567,Corredor de Transporte Coletivo Bento Gonçalves,busway,,,,,,,,,
baseline,12,middle,education,car,car,car,2166.0,D_0000921,44,68,3618665023.0,3618665061.0,0.0,car:3618665023:3618665061:0,194.34837138661834,356398046,Corredor de Transporte Coletivo Bento Gonçalves,busway,,,,,,,,,
baseline,12,middle,education,car,car,car,2166.0,D_0000921,45,68,3618665061.0,3618665070.0,0.0,car:3618665061:3618665070:0,91.6999467889145,356398109,Corredor de Transporte Coletivo Bento Gonçalves,busway,,,,,,,,,
baseline,12,middle,education,car,car,car,2166.0,D_0000921,46,68,3618665070.0,3618665077.0,0.0,car:3618665070:3618665077:0,214.72505358901063,356398109,Corredor de Transporte Coletivo Bento Gonçalves,busway,,,,,,,,,
baseline,12,middle,education,car,car,car,2166.0,D_0000921,47,68,3618665077.0,3618665082.0,0.0,car:3618665077:3618665082:0,65.14796853162643,356398109,Corredor de Transporte Coletivo Bento Gonçalves,busway,,,,,,,,,
baseline,12,middle,education,car,car,car,2166.0,D_0000921,48,68,3618665082.0,2190595264.0,0.0,car:3618665082:2190595264:0,602.0370324830288,356397825|208796523,Corredor de Transporte Coletivo Bento Gonçalves,busway,,,,,,,,,
baseline,12,middle,education,car,car,car,2166.0,D_0000921,49,68,2190595264.0,2190595270.0,0.0,car:2190595264:2190595270:0,151.2594549625602,208796523,Corredor de Transporte Coletivo Bento Gonçalves,busway,,,,,,,,,
baseline,12,middle,education,car,car,car,2166.0,D_0000921,50,68,2190595270.0,3618665263.0,0.0,car:2190595270:3618665263:0,60.686528873894304,356398329,Corredor de Transporte Coletivo Bento Gonçalves,busway,,,,,,,,,
baseline,12,middle,education,car,car,car,2166.0,D_0000921,51,68,3618665263.0,3618665250.0,0.0,car:3618665263:3618665250:0,215.70569222295515,356398329,Corredor de Transporte Coletivo Bento Gonçalves,busway,,,,,,,,,
baseline,12,middle,education,car,car,car,2166.0,D_0000921,52,68,3618665250.0,3618665222.0,0.0,car:3618665250:3618665222:0,108.03168173236453,541933557,Corredor de Transporte Coletivo Bento Gonçalves,busway,,,,,,,,,
baseline,12,middle,education,car,car,car,2166.0,D_0000921,53,68,3618665222.0,2190656153.0,0.0,car:3618665222:2190656153:0,177.56915089021774,356398002,Corredor de Transporte Coletivo Bento Gonçalves,busway,,,,,,,,,
baseline,12,middle,education,car,car,car,2166.0,D_0000921,54,68,2190656153.0,2190656150.0,0.0,car:2190656153:2190656150:0,36.27550744202466,356396896,,busway,,,,,,,,,
baseline,12,middle,education,car,car,car,2166.0,D_0000921,55,68,2190656150.0,430532773.0,0.0,car:2190656150:430532773:0,100.26311175069281,356395820,Avenida Bento Gonçalves,primary,,,,,,,,,
baseline,12,middle,education,car,car,car,2166.0,D_0000921,56,68,430532773.0,430533218.0,0.0,car:430532773:430533218:0,184.29539263481817,356395820,Avenida Bento Gonçalves,primary,,,,,,,,,
baseline,12,middle,education,car,car,car,2166.0,D_0000921,57,68,430533218.0,2190656007.0,0.0,car:430533218:2190656007:0,200.7083974137936,356395815,Avenida Bento Gonçalves,primary,,,,,,,,,
baseline,12,middle,education,car,car,car,2166.0,D_0000921,58,68,2190656007.0,294903030.0,0.0,car:2190656007:294903030:0,80.68567181438836,26786730,Avenida Bento Gonçalves,primary,,,,,,,,,
baseline,12,middle,education,car,car,car,2166.0,D_0000921,59,68,294903030.0,294901893.0,0.0,car:294903030:294901893:0,61.51642468578524,26786730,Avenida Bento Gonçalves,primary,,,,,,,,,
baseline,12,middle,education,car,car,car,2166.0,D_0000921,60,68,294901893.0,2190655974.0,0.0,car:294901893:2190655974:0,132.74763533376898,26786730,Avenida Bento Gonçalves,primary,,,,,,,,,
baseline,12,middle,education,car,car,car,2166.0,D_0000921,61,68,2190655974.0,293823177.0,0.0,car:2190655974:293823177:0,100.88045264156051,928479178,Avenida Bento Gonçalves,primary,,,,,,,,,
baseline,12,middle,education,car,car,car,2166.0,D_0000921,62,68,293823177.0,293823179.0,0.0,car:293823177:293823179:0,101.05568439289476,928479178,Avenida Bento Gonçalves,primary,,,,,,,,,
baseline,12,middle,education,car,car,car,2166.0,D_0000921,63,68,293823179.0,2190656095.0,0.0,car:293823179:2190656095:0,154.50177052009295,131989722,Avenida Bento Gonçalves,primary,,,,,,,,,
baseline,12,middle,education,car,car,car,2166.0,D_0000921,64,68,2190656095.0,621505625.0,0.0,car:2190656095:621505625:0,149.89128227739553,356396656,Rua Santo Alfredo,tertiary,,,,,,,,,
baseline,12,middle,education,car,car,car,2166.0,D_0000921,65,68,621505625.0,621505639.0,0.0,car:621505625:621505639:0,280.3489146452773,219544659|219544660,Rua Santo Alfredo,residential,,,,,,,,,
baseline,12,middle,education,car,car,car,2166.0,D_0000921,66,68,621505639.0,621505636.0,0.0,car:621505639:621505636:0,145.94106459662655,219544648,Rua Primeiro de Março,residential,,,,,,,,,
baseline,12,middle,education,car,car,car,2166.0,D_0000921,67,68,621505636.0,6571472112.0,0.0,car:621505636:6571472112:0,149.728853402395,219006128,Rua Primeiro de Setembro,residential,,,,,,,,,
baseline,13,middle,shopping,car,car,car,4698.0,D_0007591,0,89,313255417.0,313255414.0,0.0,car:313255417:313255414:0,71.62326286713223,563171277,Rua Padre Caldas,residential,,,,,,,,,
baseline,13,middle,shopping,car,car,car,4698.0,D_0007591,1,89,313255414.0,312787598.0,0.0,car:313255414:312787598:0,95.80484689074905,563171277,Rua Padre Caldas,residential,,,,,,,,,
baseline,13,middle,shopping,car,car,car,4698.0,D_0007591,2,89,312787598.0,312787715.0,0.0,car:312787598:312787715:0,93.69188246331568,220083150,Rua Padre Caldas,residential,,,,,,,,,
baseline,13,middle,shopping,car,car,car,4698.0,D_0007591,3,89,312787715.0,12851070544.0,0.0,car:312787715:12851070544:0,126.53872225195474,130580805,Rua Guilherme Alves,secondary,,,,,,,,,
baseline,13,middle,shopping,car,car,car,4698.0,D_0007591,4,89,12851070544.0,312787716.0,0.0,car:12851070544:312787716:0,54.879123055568996,130580805,Rua Guilherme Alves,secondary,,,,,,,,,
baseline,13,middle,shopping,car,car,car,4698.0,D_0007591,5,89,312787716.0,2379649986.0,0.0,car:312787716:2379649986:0,159.60462450500626,130580805,Rua Guilherme Alves,secondary,,,,,,,,,
baseline,13,middle,shopping,car,car,car,4698.0,D_0007591,6,89,2379649986.0,2379649968.0,0.0,car:2379649986:2379649968:0,51.33113108083995,229491238|229491233|229491235|930398526,Rua Guilherme Alves,secondary,,,,,,,,,
baseline,13,middle,shopping,car,car,car,4698.0,D_0007591,7,89,2379649968.0,312592830.0,0.0,car:2379649968:312592830:0,206.240777471549,924514917|189477007,Rua Guilherme Alves,secondary,,,,,,,,,
baseline,13,middle,shopping,car,car,car,4698.0,D_0007591,8,89,312592830.0,312607005.0,0.0,car:312592830:312607005:0,203.82292652405235,131995280,Rua Valparaíso,tertiary,,,,,,,,,
baseline,13,middle,shopping,car,car,car,4698.0,D_0007591,9,89,312607005.0,312610392.0,0.0,car:312607005:312610392:0,40.979522329189315,131995280,Rua Valparaíso,tertiary,,,,,,,,,
baseline,13,middle,shopping,car,car,car,4698.0,D_0007591,10,89,312610392.0,312605969.0,0.0,car:312610392:312605969:0,241.66643901754165,131995280,Rua Valparaíso,tertiary,,,,,,,,,
baseline,13,middle,shopping,car,car,car,4698.0,D_0007591,11,89,312605969.0,3618664871.0,0.0,car:312605969:3618664871:0,13.680954862747926,356397618,Rua Valparaíso,tertiary,,,,,,,,,
baseline,13,middle,shopping,car,car,car,4698.0,D_0007591,12,89,3618664871.0,3618664855.0,0.0,car:3618664871:3618664855:0,100.81502509516609,326989907,Corredor de Transporte Coletivo Doutor Salvador França,busway,,,,,,,,,
baseline,13,middle,shopping,car,car,car,4698.0,D_0007591,13,89,3618664855.0,3618664835.0,0.0,car:3618664855:3618664835:0,190.69410929686757,326989907,Corredor de Transporte Coletivo Doutor Salvador França,busway,,,,,,,,,
baseline,13,middle,shopping,car,car,car,4698.0,D_0007591,14,89,3618664835.0,3618664828.0,0.0,car:3618664835:3618664828:0,38.40614588527335,356397365,,busway,,,,,,,,,
baseline,13,middle,shopping,car,car,car,4698.0,D_0007591,15,89,3618664828.0,300462300.0,0.0,car:3618664828:300462300:0,86.97244297367577,925272140,Rua Doutor Salvador França,primary,,,,,,,,,
baseline,13,middle,shopping,car,car,car,4698.0,D_0007591,16,89,300462300.0,8478989272.0,0.0,car:300462300:8478989272:0,4.2212478025040685,451653420,Rua Doutor Salvador França,primary,,,,,,,,,
baseline,13,middle,shopping,car,car,car,4698.0,D_0007591,17,89,8478989272.0,2780794327.0,0.0,car:8478989272:2780794327:0,531.2725279475933,451653420,Rua Doutor Salvador França,primary,,,,,,,,,
baseline,13,middle,shopping,car,car,car,4698.0,D_0007591,18,89,2780794327.0,12046502418.0,0.0,car:2780794327:12046502418:0,75.50079993345798,27370944|1327278240,Rua Engenheiro Antônio Carlos Tibiriçá,tertiary,,,,,,,,,
baseline,13,middle,shopping,car,car,car,4698.0,D_0007591,19,89,12046502418.0,2511596036.0,0.0,car:12046502418:2511596036:0,7.3440184441219,1327278239,Rua Engenheiro Antônio Carlos Tibiriçá,tertiary,,,,,,,,,
baseline,13,middle,shopping,car,car,car,4698.0,D_0007591,20,89,2511596036.0,306711274.0,0.0,car:2511596036:306711274:0,13.924801373293773,292927981,Rua Engenheiro Antônio Carlos Tibiriçá,tertiary,,,,,,,,,
baseline,13,middle,shopping,car,car,car,4698.0,D_0007591,21,89,306711274.0,8584921681.0,0.0,car:306711274:8584921681:0,59.06404943620661,924959021,Rua Engenheiro Antônio Carlos Tibiriçá,tertiary,,,,,,,,,
baseline,13,middle,shopping,car,car,car,4698.0,D_0007591,22,89,8584921681.0,2964779551.0,0.0,car:8584921681:2964779551:0,82.2672725137412,924959021,Rua Engenheiro Antônio Carlos Tibiriçá,tertiary,,,,,,,,,
baseline,13,middle,shopping,car,car,car,4698.0,D_0007591,23,89,2964779551.0,2964779553.0,0.0,car:2964779551:2964779553:0,186.52106442147243,924959021,Rua Engenheiro Antônio Carlos Tibiriçá,tertiary,,,,,,,,,
baseline,13,middle,shopping,car,car,car,4698.0,D_0007591,24,89,2964779553.0,295518832.0,0.0,car:2964779553:295518832:0,137.32637684621727,924959021,Rua Engenheiro Antônio Carlos Tibiriçá,tertiary,,,,,,,,,
baseline,13,middle,shopping,car,car,car,4698.0,D_0007591,25,89,295518832.0,295514290.0,0.0,car:295518832:295514290:0,13.032767798059222,500493380|274836583,Rua Aneron Correa de Oliveira,tertiary,,,,,,,,,
baseline,13,middle,shopping,car,car,car,4698.0,D_0007591,26,89,295514290.0,316033737.0,0.0,car:295514290:316033737:0,119.52558168589015,399157315,Rua Aneron Correa de Oliveira,tertiary,,,,,,,,,
baseline,13,middle,shopping,car,car,car,4698.0,D_0007591,27,89,316033737.0,319117893.0,0.0,car:316033737:319117893:0,117.53312628691512,131995276,Rua Aneron Correa de Oliveira,residential,,,,,,,,,
baseline,13,middle,shopping,car,car,car,4698.0,D_0007591,28,89,319117893.0,445825746.0,0.0,car:319117893:445825746:0,159.2172921589082,219771110,Rua Professor Frederico Guilherme Gaelzer,residential,,,,,,,,,
baseline,13,middle,shopping,car,car,car,4698.0,D_0007591,29,89,445825746.0,316033755.0,0.0,car:445825746:316033755:0,77.37422874315321,451653525,Rua Palestina,tertiary,,,,,,,,,
baseline,13,middle,shopping,car,car,car,4698.0,D_0007591,30,89,316033755.0,316033754.0,0.0,car:316033755:316033754:0,48.669118019952975,356396672,Rua São Simão,tertiary,,,,,,,,,
baseline,13,middle,shopping,car,car,car,4698.0,D_0007591,31,89,316033754.0,319117717.0,0.0,car:316033754:319117717:0,29.719720788160007,356396670,Rua São Marcos,residential,,,,,,,,,
baseline,13,middle,shopping,car,car,car,4698.0,D_0007591,32,89,319117717.0,445812659.0,0.0,car:319117717:445812659:0,113.34021509229953,29017578,Rua Palestina,residential,,,,,,,,,
baseline,13,middle,shopping,car,car,car,4698.0,D_0007591,33,89,445812659.0,445820721.0,0.0,car:445812659:445820721:0,138.50975983881375,219771117,Rua São Lucas,residential,,,,,,,,,
baseline,13,middle,shopping,car,car,car,4698.0,D_0007591,34,89,445820721.0,445820720.0,0.0,car:445820721:445820720:0,148.97050197961752,219771114,Rua São Lucas,residential,,,,,,,,,
baseline,13,middle,shopping,car,car,car,4698.0,D_0007591,35,89,445820720.0,319117641.0,0.0,car:445820720:319117641:0,104.17179142799975,219771095,Rua Jerusalém,residential,,,,,,,,,
baseline,13,middle,shopping,car,car,car,4698.0,D_0007591,36,89,319117641.0,319123996.0,0.0,car:319117641:319123996:0,129.38282823010428,37957746,Rua Jerusalém,tertiary,,,,,,,,,
baseline,13,middle,shopping,car,car,car,4698.0,D_0007591,37,89,319123996.0,445820761.0,0.0,car:319123996:445820761:0,134.58814259593797,131992923,Rua da Fonte,tertiary,,,,,,,,,
baseline,13,middle,shopping,car,car,car,4698.0,D_0007591,38,89,445820761.0,445820689.0,0.0,car:445820761:445820689:0,106.82994367817133,131992923,Rua da Fonte,tertiary,,,,,,,,,
baseline,13,middle,shopping,car,car,car,4698.0,D_0007591,39,89,445820689.0,319124038.0,0.0,car:445820689:319124038:0,134.44280013358457,352179127,Rua da Fonte,tertiary,,,,,,,,,
baseline,13,middle,shopping,car,car,car,4698.0,D_0007591,40,89,319124038.0,685889131.0,0.0,car:319124038:685889131:0,127.38443117125819,29018225,Rua Doutor Sinval Saldanha,tertiary,,,,,,,,,
baseline,13,middle,shopping,car,car,car,4698.0,D_0007591,41,89,685889131.0,685889118.0,0.0,car:685889131:685889118:0,28.503266720055326,29018178,Rua Doutor Murtinho,tertiary,,,,,,,,,
baseline,13,middle,shopping,car,car,car,4698.0,D_0007591,42,89,685889118.0,319124256.0,0.0,car:685889118:319124256:0,69.68782272855955,29018178,Rua Doutor Murtinho,tertiary,,,,,,,,,
baseline,13,middle,shopping,car,car,car,4698.0,D_0007591,43,89,319124256.0,445820959.0,0.0,car:319124256:445820959:0,118.85195875977338,29018178,Rua Doutor Murtinho,tertiary,,,,,,,,,
baseline,13,middle,shopping,car,car,car,4698.0,D_0007591,44,89,445820959.0,445820961.0,0.0,car:445820959:445820961:0,187.5130672508035,29018178,Rua Doutor Murtinho,tertiary,,,,,,,,,
baseline,13,middle,shopping,car,car,car,4698.0,D_0007591,45,89,445820961.0,445820962.0,0.0,car:445820961:445820962:0,162.64448513533662,399066442,Rua Doutor Murtinho,tertiary,,,,,,,,,
baseline,13,middle,shopping,car,car,car,4698.0,D_0007591,46,89,445820962.0,295518708.0,0.0,car:445820962:295518708:0,69.5188850185583,245577990,Rua Alfredo Ferreira Rodrigues,tertiary,,,,,,,,,
baseline,13,middle,shopping,car,car,car,4698.0,D_0007591,47,89,295518708.0,2527527070.0,0.0,car:295518708:2527527070:0,106.83967917926184,261797676,Avenida Protásio Alves,primary,,,,,,,,,
baseline,13,middle,shopping,car,car,car,4698.0,D_0007591,48,89,2527527070.0,3618664594.0,0.0,car:2527527070:3618664594:0,7.872664889096222,29018153,Avenida Saturnino de Brito,secondary,,,,,,,,,
baseline,13,middle,shopping,car,car,car,4698.0,D_0007591,49,89,3618664594.0,295518345.0,0.0,car:3618664594:295518345:0,7.861545455948274,29018153,Avenida Saturnino de Brito,secondary,,,,,,,,,
baseline,13,middle,shopping,car,car,car,4698.0,D_0007591,50,89,295518345.0,308417362.0,0.0,car:295518345:308417362:0,255.53086408864024,28082687,Avenida Saturnino de Brito,secondary,,,,,,,,,
baseline,13,middle,shopping,car,car,car,4698.0,D_0007591,51,89,308417362.0,308417148.0,0.0,car:308417362:308417148:0,224.92750963624923,245577971,Avenida Saturnino de Brito,secondary,,,,,,,,,
baseline,13,middle,shopping,car,car,car,4698.0,D_0007591,52,89,308417148.0,832669217.0,0.0,car:308417148:832669217:0,102.54109306489241,245577971,Avenida Saturnino de Brito,secondary,,,,,,,,,
baseline,13,middle,shopping,car,car,car,4698.0,D_0007591,53,89,832669217.0,832669204.0,0.0,car:832669217:832669204:0,92.79773018482953,326309701,Avenida Saturnino de Brito,secondary,,,,,,,,,
baseline,13,middle,shopping,car,car,car,4698.0,D_0007591,54,89,832669204.0,308417548.0,0.0,car:832669204:308417548:0,89.6184087828735,326309701,Avenida Saturnino de Brito,secondary,,,,,,,,,
baseline,13,middle,shopping,car,car,car,4698.0,D_0007591,55,89,308417548.0,308417549.0,0.0,car:308417548:308417549:0,50.23554938278705,326309700,Avenida Saturnino de Brito,secondary,,,,,,,,,
baseline,13,middle,shopping,car,car,car,4698.0,D_0007591,56,89,308417549.0,308421786.0,0.0,car:308417549:308421786:0,82.64668054855099,98557273,Avenida Saturnino de Brito,secondary,,,,,,,,,
baseline,13,middle,shopping,car,car,car,4698.0,D_0007591,57,89,308421786.0,308421785.0,0.0,car:308421786:308421785:0,23.395756926281578,451653092,Avenida Saturnino de Brito,secondary,,,,,,,,,
baseline,13,middle,shopping,car,car,car,4698.0,D_0007591,58,89,308421785.0,5441374092.0,0.0,car:308421785:5441374092:0,189.84430630828012,98557284,Avenida Ipê,secondary,,,,,,,,,
baseline,13,middle,shopping,car,car,car,4698.0,D_0007591,59,89,5441374092.0,573291192.0,0.0,car:5441374092:573291192:0,170.28913508372216,98557284,Avenida Ipê,secondary,,,,,,,,,
baseline,13,middle,shopping,car,car,car,4698.0,D_0007591,60,89,573291192.0,573291189.0,0.0,car:573291192:573291189:0,74.69665568802635,451653437,Rua Ernesto Pellanda,secondary,,,,,,,,,
baseline,13,middle,shopping,car,car,car,4698.0,D_0007591,61,89,573291189.0,309865721.0,0.0,car:573291189:309865721:0,73.99645940273916,451653437,Rua Ernesto Pellanda,secondary,,,,,,,,,
baseline,13,middle,shopping,car,car,car,4698.0,D_0007591,62,89,309865721.0,573291181.0,0.0,car:309865721:573291181:0,71.32447397855638,451653437,Rua Ernesto Pellanda,secondary,,,,,,,,,
baseline,13,middle,shopping,car,car,car,4698.0,D_0007591,63,89,573291181.0,3969535965.0,0.0,car:573291181:3969535965:0,73.28013225224964,451653437,Rua Ernesto Pellanda,secondary,,,,,,,,,
baseline,13,middle,shopping,car,car,car,4698.0,D_0007591,64,89,3969535965.0,874400694.0,0.0,car:3969535965:874400694:0,72.46173350880059,924455828|30105007,Avenida Alberto Pasqualini,secondary,,,,,,,,,
baseline,13,middle,shopping,car,car,car,4698.0,D_0007591,65,89,874400694.0,573291401.0,0.0,car:874400694:573291401:0,157.70093607197362,30105007,Avenida Alberto Pasqualini,secondary,,,,,,,,,
baseline,13,middle,shopping,car,car,car,4698.0,D_0007591,66,89,573291401.0,874604796.0,0.0,car:573291401:874604796:0,73.54004272462802,30105007,Avenida Alberto Pasqualini,secondary,,,,,,,,,
baseline,13,middle,shopping,car,car,car,4698.0,D_0007591,67,89,874604796.0,573291021.0,0.0,car:874604796:573291021:0,77.26553940489657,30105007,Avenida Alberto Pasqualini,secondary,,,,,,,,,
baseline,13,middle,shopping,car,car,car,4698.0,D_0007591,68,89,573291021.0,2293174553.0,0.0,car:573291021:2293174553:0,71.51217793670455,260401288|924413750,Avenida Alberto Pasqualini,secondary,,,,,,,,,
baseline,13,middle,shopping,car,car,car,4698.0,D_0007591,69,89,2293174553.0,2305805066.0,0.0,car:2293174553:2305805066:0,16.262743718110418,326309679,Avenida Alberto Pasqualini,secondary,,,,,,,,,
baseline,13,middle,shopping,car,car,car,4698.0,D_0007591,70,89,2305805066.0,573291241.0,0.0,car:2305805066:573291241:0,77.3280912691029,326309679,Avenida Alberto Pasqualini,secondary,,,,,,,,,
baseline,13,middle,shopping,car,car,car,4698.0,D_0007591,71,89,573291241.0,874400899.0,0.0,car:573291241:874400899:0,76.75775623679937,326309679,Avenida Alberto Pasqualini,secondary,,,,,,,,,
baseline,13,middle,shopping,car,car,car,4698.0,D_0007591,72,89,874400899.0,874400797.0,0.0,car:874400899:874400797:0,80.60935458893661,326309681,Avenida Alberto Pasqualini,secondary,,,,,,,,,
baseline,13,middle,shopping,car,car,car,4698.0,D_0007591,73,89,874400797.0,874400807.0,0.0,car:874400797:874400807:0,75.26444819757853,1355311459,Avenida Alberto Pasqualini,secondary,,,,,,,,,
baseline,13,middle,shopping,car,car,car,4698.0,D_0007591,74,89,874400807.0,874400706.0,0.0,car:874400807:874400706:0,169.0629402489816,1355311459,Avenida Alberto Pasqualini,secondary,,,,,,,,,
baseline,13,middle,shopping,car,car,car,4698.0,D_0007591,75,89,874400706.0,874400594.0,0.0,car:874400706:874400594:0,160.289012704069,1355311459,Avenida Alberto Pasqualini,secondary,,,,,,,,,
baseline,13,middle,shopping,car,car,car,4698.0,D_0007591,76,89,874400594.0,874400961.0,0.0,car:874400594:874400961:0,74.62753164171231,1355311459,Avenida Alberto Pasqualini,secondary,,,,,,,,,
baseline,13,middle,shopping,car,car,car,4698.0,D_0007591,77,89,874400961.0,874400617.0,0.0,car:874400961:874400617:0,14.884780591528592,564848373,Rua Francelício Porto,residential,,,,,,,,,
baseline,13,middle,shopping,car,car,car,4698.0,D_0007591,78,89,874400617.0,874400802.0,0.0,car:874400617:874400802:0,78.33162901938033,221553274,Rua Francelício Porto,residential,,,,,,,,,
baseline,13,middle,shopping,car,car,car,4698.0,D_0007591,79,89,874400802.0,489918959.0,0.0,car:874400802:489918959:0,77.2498218578439,500493433,Rua Francelício Porto,residential,,,,,,,,,
baseline,13,middle,shopping,car,car,car,4698.0,D_0007591,80,89,489918959.0,874400858.0,0.0,car:489918959:874400858:0,85.02693793477656,500493411,Rua Doutor Galdino Nunes Vieira,residential,,,,,,,,,
baseline,13,middle,shopping,car,car,car,4698.0,D_0007591,81,89,874400858.0,874400866.0,0.0,car:874400858:874400866:0,117.25576209565256,327344292,Rua Tenente Ary Tarragô,secondary,,,,,,,,,
baseline,13,middle,shopping,car,car,car,4698.0,D_0007591,82,89,874400866.0,1912031236.0,0.0,car:874400866:1912031236:0,128.52122255597897,30146778,Beco dos Coqueiros,tertiary,,,,,,,,,
baseline,13,middle,shopping,car,car,car,4698.0,D_0007591,83,89,1912031236.0,332211637.0,0.0,car:1912031236:332211637:0,129.47223458517712,30146778,Beco dos Coqueiros,tertiary,,,,,,,,,
baseline,13,middle,shopping,car,car,car,4698.0,D_0007591,84,89,332211637.0,332211819.0,0.0,car:332211637:332211819:0,131.16766606448107,30146783,Avenida Vitória,tertiary,,,,,,,,,
baseline,13,middle,shopping,car,car,car,4698.0,D_0007591,85,89,332211819.0,876426259.0,0.0,car:332211819:876426259:0,133.52599680900744,30146783,Avenida Vitória,tertiary,,,,,,,,,
baseline,13,middle,shopping,car,car,car,4698.0,D_0007591,86,89,876426259.0,876426277.0,0.0,car:876426259:876426277:0,153.90717589705585,30146783,Avenida Vitória,tertiary,,,,,,,,,
baseline,13,middle,shopping,car,car,car,4698.0,D_0007591,87,89,876426277.0,876426310.0,0.0,car:876426277:876426310:0,243.09372301432361,30146783,Avenida Vitória,tertiary,,,,,,,,,
baseline,13,middle,shopping,car,car,car,4698.0,D_0007591,88,89,876426310.0,876426307.0,0.0,car:876426310:876426307:0,43.81174539885436,30146783,Avenida Vitória,tertiary,,,,,,,,,
baseline,14,middle,work,car,car,car,4013.0,D_0019045,0,141,6129783032.0,473697529.0,0.0,car:6129783032:473697529:0,570.7185261649392,28621026,Rua Tomaz Edison,residential,,,,,,,,,
baseline,14,middle,work,car,car,car,4013.0,D_0019045,1,141,473697529.0,473697528.0,0.0,car:473697529:473697528:0,83.36666641927445,28621051,Rua Paulino Chaves,residential,,,,,,,,,
baseline,14,middle,work,car,car,car,4013.0,D_0019045,2,141,473697528.0,489803203.0,0.0,car:473697528:489803203:0,505.0382282921626,152240088,Rua Padre Antônio Vieira,tertiary,,,,,,,,,
baseline,14,middle,work,car,car,car,4013.0,D_0019045,3,141,489803203.0,330239679.0,0.0,car:489803203:330239679:0,190.64023495426304,350280507,Rua Padre Antônio Vieira,tertiary,,,,,,,,,
baseline,14,middle,work,car,car,car,4013.0,D_0019045,4,141,330239679.0,8573614599.0,0.0,car:330239679:8573614599:0,121.46623193383012,28675495,Rua Tijuca,residential,,,,,,,,,
baseline,14,middle,work,car,car,car,4013.0,D_0019045,5,141,8573614599.0,330239573.0,0.0,car:8573614599:330239573:0,29.274063311939894,28675495,Rua Tijuca,residential,,,,,,,,,
baseline,14,middle,work,car,car,car,4013.0,D_0019045,6,141,330239573.0,395319381.0,0.0,car:330239573:395319381:0,160.7385199596355,219436040,Rua Tijuca,residential,,,,,,,,,
baseline,14,middle,work,car,car,car,4013.0,D_0019045,7,141,395319381.0,395321268.0,0.0,car:395319381:395321268:0,107.40351103074289,219436040,Rua Tijuca,residential,,,,,,,,,
baseline,14,middle,work,car,car,car,4013.0,D_0019045,8,141,395321268.0,395321514.0,0.0,car:395321268:395321514:0,63.99324032736209,28675537,Rua Águas Mortas,residential,,,,,,,,,
baseline,14,middle,work,car,car,car,4013.0,D_0019045,9,141,395321514.0,3331940564.0,0.0,car:395321514:3331940564:0,45.53176377897207,587321656,Avenida Professor Oscar Pereira,secondary,,,,,,,,,
baseline,14,middle,work,car,car,car,4013.0,D_0019045,10,141,3331940564.0,3331940566.0,0.0,car:3331940564:3331940566:0,25.883057540199616,326538551,Avenida Professor Oscar Pereira,secondary,,,,,,,,,
baseline,14,middle,work,car,car,car,4013.0,D_0019045,11,141,3331940566.0,3331940568.0,0.0,car:3331940566:3331940568:0,58.096247899548615,326538551,Avenida Professor Oscar Pereira,secondary,,,,,,,,,
baseline,14,middle,work,car,car,car,4013.0,D_0019045,12,141,3331940568.0,3331940570.0,0.0,car:3331940568:3331940570:0,20.954693865976907,326538554,Avenida Professor Oscar Pereira,secondary,,,,,,,,,
baseline,14,middle,work,car,car,car,4013.0,D_0019045,13,141,3331940570.0,3331940574.0,0.0,car:3331940570:3331940574:0,113.38160169799103,927850275,Avenida Professor Oscar Pereira,secondary,,,,,,,,,
baseline,14,middle,work,car,car,car,4013.0,D_0019045,14,141,3331940574.0,3331940578.0,0.0,car:3331940574:3331940578:0,131.2678219379432,927302433,Avenida Professor Oscar Pereira,secondary,,,,,,,,,
baseline,14,middle,work,car,car,car,4013.0,D_0019045,15,141,3331940578.0,442651855.0,0.0,car:3331940578:442651855:0,244.84656600191474,326538553,Avenida Professor Oscar Pereira,secondary,,,,,,,,,
baseline,14,middle,work,car,car,car,4013.0,D_0019045,16,141,442651855.0,448034981.0,0.0,car:442651855:448034981:0,108.11706011242694,127359653,Avenida Professor Oscar Pereira,secondary,,,,,,,,,
baseline,14,middle,work,car,car,car,4013.0,D_0019045,17,141,448034981.0,442651851.0,0.0,car:448034981:442651851:0,125.92347829766547,348683849,Avenida Coronel Aparício Borges,primary,,,,,,,,,
baseline,14,middle,work,car,car,car,4013.0,D_0019045,18,141,442651851.0,8818063736.0,0.0,car:442651851:8818063736:0,205.16690845520822,348683849,Avenida Coronel Aparício Borges,primary,,,,,,,,,
baseline,14,middle,work,car,car,car,4013.0,D_0019045,19,141,8818063736.0,1107041522.0,0.0,car:8818063736:1107041522:0,18.890906334627108,348683849,Avenida Coronel Aparício Borges,primary,,,,,,,,,
baseline,14,middle,work,car,car,car,4013.0,D_0019045,20,141,1107041522.0,3547359564.0,0.0,car:1107041522:3547359564:0,21.533799155239755,1118215828,Avenida Coronel Aparício Borges,primary,,,,,,,,,
baseline,14,middle,work,car,car,car,4013.0,D_0019045,21,141,3547359564.0,8582386086.0,0.0,car:3547359564:8582386086:0,13.061084794772666,1118215828,Avenida Coronel Aparício Borges,primary,,,,,,,,,
baseline,14,middle,work,car,car,car,4013.0,D_0019045,22,141,8582386086.0,3618665461.0,0.0,car:8582386086:3618665461:0,20.80785880494006,1118215828,Avenida Coronel Aparício Borges,primary,,,,,,,,,
baseline,14,middle,work,car,car,car,4013.0,D_0019045,23,141,3618665461.0,1152647280.0,0.0,car:3618665461:1152647280:0,112.3282422174628,1118215828,Avenida Coronel Aparício Borges,primary,,,,,,,,,
baseline,14,middle,work,car,car,car,4013.0,D_0019045,24,141,1152647280.0,448034982.0,0.0,car:1152647280:448034982:0,241.4582781175486,356395887,Passagem de Nível Engenheiro José Portella Nunes,primary,,,,,,,,,
baseline,14,middle,work,car,car,car,4013.0,D_0019045,25,141,448034982.0,3618665485.0,0.0,car:448034982:3618665485:0,90.40456739234153,189615590,Avenida Teresópolis,primary,,,,,,,,,
baseline,14,middle,work,car,car,car,4013.0,D_0019045,26,141,3618665485.0,443341389.0,0.0,car:3618665485:443341389:0,78.40936026024652,356396262|927819391,Avenida Teresópolis,primary,,,,,,,,,
baseline,14,middle,work,car,car,car,4013.0,D_0019045,27,141,443341389.0,443341387.0,0.0,car:443341389:443341387:0,145.12912452450715,356396262,Avenida Teresópolis,primary,,,,,,,,,
baseline,14,middle,work,car,car,car,4013.0,D_0019045,28,141,443341387.0,2847490442.0,0.0,car:443341387:2847490442:0,157.8345474343937,232189983,Avenida Teresópolis,primary,,,,,,,,,
baseline,14,middle,work,car,car,car,4013.0,D_0019045,29,141,2847490442.0,2522167138.0,0.0,car:2847490442:2522167138:0,87.7649100099182,451653102,Avenida Teresópolis,primary,,,,,,,,,
baseline,14,middle,work,car,car,car,4013.0,D_0019045,30,141,2522167138.0,448035023.0,0.0,car:2522167138:448035023:0,54.004664092202795,451653102,Avenida Teresópolis,primary,,,,,,,,,
baseline,14,middle,work,car,car,car,4013.0,D_0019045,31,141,448035023.0,1159301642.0,0.0,car:448035023:1159301642:0,76.01603477903447,168522565,Avenida Teresópolis,primary,,,,,,,,,
baseline,14,middle,work,car,car,car,4013.0,D_0019045,32,141,1159301642.0,2519289834.0,0.0,car:1159301642:2519289834:0,78.89361449806682,451653101,Avenida Teresópolis,primary,,,,,,,,,
baseline,14,middle,work,car,car,car,4013.0,D_0019045,33,141,2519289834.0,448035031.0,0.0,car:2519289834:448035031:0,178.56498107853622,356396264,Avenida Teresópolis,primary,,,,,,,,,
baseline,14,middle,work,car,car,car,4013.0,D_0019045,34,141,448035031.0,1107041548.0,0.0,car:448035031:1107041548:0,163.39720859291657,38092286,Avenida Nonoai,primary,,,,,,,,,
baseline,14,middle,work,car,car,car,4013.0,D_0019045,35,141,1107041548.0,448035050.0,0.0,car:1107041548:448035050:0,179.49106106059372,38092286,Avenida Nonoai,primary,,,,,,,,,
baseline,14,middle,work,car,car,car,4013.0,D_0019045,36,141,448035050.0,2282736204.0,0.0,car:448035050:2282736204:0,180.49022080082457,38092286,Avenida Nonoai,primary,,,,,,,,,
baseline,14,middle,work,car,car,car,4013.0,D_0019045,37,141,2282736204.0,445835104.0,0.0,car:2282736204:445835104:0,146.48236680731378,38092286,Avenida Nonoai,primary,,,,,,,,,
baseline,14,middle,work,car,car,car,4013.0,D_0019045,38,141,445835104.0,445835079.0,0.0,car:445835104:445835079:0,173.60117596407878,219064575,Avenida Nonoai,primary,,,,,,,,,
baseline,14,middle,work,car,car,car,4013.0,D_0019045,39,141,445835079.0,2508637707.0,0.0,car:445835079:2508637707:0,131.54689640182153,219064575,Avenida Nonoai,primary,,,,,,,,,
baseline,14,middle,work,car,car,car,4013.0,D_0019045,40,141,2508637707.0,2508637709.0,0.0,car:2508637707:2508637709:0,85.61651030263074,219064575,Avenida Nonoai,primary,,,,,,,,,
baseline,14,middle,work,car,car,car,4013.0,D_0019045,41,141,2508637709.0,832662801.0,0.0,car:2508637709:832662801:0,76.2864943116854,219064575,Avenida Nonoai,primary,,,,,,,,,
baseline,14,middle,work,car,car,car,4013.0,D_0019045,42,141,832662801.0,832662781.0,0.0,car:832662801:832662781:0,13.155440712032613,219064575,Avenida Nonoai,primary,,,,,,,,,
baseline,14,middle,work,car,car,car,4013.0,D_0019045,43,141,832662781.0,477246176.0,0.0,car:832662781:477246176:0,183.4970450928551,926818165,Avenida Nonoai,primary,,,,,,,,,
baseline,14,middle,work,car,car,car,4013.0,D_0019045,44,141,477246176.0,448034930.0,0.0,car:477246176:448034930:0,261.910089964052,926818167,Avenida Nonoai,primary,,,,,,,,,
baseline,14,middle,work,car,car,car,4013.0,D_0019045,45,141,448034930.0,448034979.0,0.0,car:448034930:448034979:0,19.81396253173493,130817626,Avenida da Cavalhada,primary,,,,,,,,,
baseline,14,middle,work,car,car,car,4013.0,D_0019045,46,141,448034979.0,3798912029.0,0.0,car:448034979:3798912029:0,104.45828829301561,167082571,Avenida da Cavalhada,primary,,,,,,,,,
baseline,14,middle,work,car,car,car,4013.0,D_0019045,47,141,3798912029.0,704615477.0,0.0,car:3798912029:704615477:0,326.8808254263161,191810964,Avenida da Cavalhada,primary,,,,,,,,,
baseline,14,middle,work,car,car,car,4013.0,D_0019045,48,141,704615477.0,448035150.0,0.0,car:704615477:448035150:0,130.66112519358055,184734481,Avenida da Cavalhada,primary,,,,,,,,,
baseline,14,middle,work,car,car,car,4013.0,D_0019045,49,141,448035150.0,448035153.0,0.0,car:448035150:448035153:0,47.012323244826824,203432789,Avenida da Cavalhada,primary,,,,,,,,,
baseline,14,middle,work,car,car,car,4013.0,D_0019045,50,141,448035153.0,1952462857.0,0.0,car:448035153:1952462857:0,84.31568703203953,203432790,Avenida da Cavalhada,primary,,,,,,,,,
baseline,14,middle,work,car,car,car,4013.0,D_0019045,51,141,1952462857.0,448799925.0,0.0,car:1952462857:448799925:0,22.75446018671314,203432790,Avenida da Cavalhada,primary,,,,,,,,,
baseline,14,middle,work,car,car,car,4013.0,D_0019045,52,141,448799925.0,448035157.0,0.0,car:448799925:448035157:0,40.52340665763225,184734468,Avenida da Cavalhada,primary,,,,,,,,,
baseline,14,middle,work,car,car,car,4013.0,D_0019045,53,141,448035157.0,448799971.0,0.0,car:448035157:448799971:0,97.85571968749095,184734468,Avenida da Cavalhada,primary,,,,,,,,,
baseline,14,middle,work,car,car,car,4013.0,D_0019045,54,141,448799971.0,635144853.0,0.0,car:448799971:635144853:0,273.1513929906331,927256246|191810967,Avenida da Cavalhada,primary,,,,,,,,,
baseline,14,middle,work,car,car,car,4013.0,D_0019045,55,141,635144853.0,635144854.0,0.0,car:635144853:635144854:0,19.788447314934448,451653115,Avenida da Cavalhada,primary,,,,,,,,,
baseline,14,middle,work,car,car,car,4013.0,D_0019045,56,141,635144854.0,3798912030.0,0.0,car:635144854:3798912030:0,17.37507321303857,38744118,Avenida da Cavalhada,primary,,,,,,,,,
baseline,14,middle,work,car,car,car,4013.0,D_0019045,57,141,3798912030.0,457752301.0,0.0,car:3798912030:457752301:0,43.96803108097505,38744118,Avenida da Cavalhada,primary,,,,,,,,,
baseline,14,middle,work,car,car,car,4013.0,D_0019045,58,141,457752301.0,8727329034.0,0.0,car:457752301:8727329034:0,85.37266610329314,38744118,Avenida da Cavalhada,primary,,,,,,,,,
baseline,14,middle,work,car,car,car,4013.0,D_0019045,59,141,8727329034.0,457752296.0,0.0,car:8727329034:457752296:0,26.89865754116376,38744118,Avenida da Cavalhada,primary,,,,,,,,,
baseline,14,middle,work,car,car,car,4013.0,D_0019045,60,141,457752296.0,454517460.0,0.0,car:457752296:454517460:0,108.36628702757011,38744118,Avenida da Cavalhada,primary,,,,,,,,,
baseline,14,middle,work,car,car,car,4013.0,D_0019045,61,141,454517460.0,454490167.0,0.0,car:454517460:454490167:0,131.5022160303735,38744118,Avenida da Cavalhada,primary,,,,,,,,,
baseline,14,middle,work,car,car,car,4013.0,D_0019045,62,141,454490167.0,8716771824.0,0.0,car:454490167:8716771824:0,195.1229445235667,38744118,Avenida da Cavalhada,primary,,,,,,,,,
baseline,14,middle,work,car,car,car,4013.0,D_0019045,63,141,8716771824.0,448035178.0,0.0,car:8716771824:448035178:0,105.09012700752298,38744118,Avenida da Cavalhada,primary,,,,,,,,,
baseline,14,middle,work,car,car,car,4013.0,D_0019045,64,141,448035178.0,448035182.0,0.0,car:448035178:448035182:0,130.7323054727665,188982386,Avenida da Cavalhada,primary,,,,,,,,,
baseline,14,middle,work,car,car,car,4013.0,D_0019045,65,141,448035182.0,454591798.0,0.0,car:448035182:454591798:0,76.46016570472432,203195763,Avenida da Cavalhada,primary,,,,,,,,,
baseline,14,middle,work,car,car,car,4013.0,D_0019045,66,141,454591798.0,1996177959.0,0.0,car:454591798:1996177959:0,110.79263042730962,203195763|356396286,Avenida da Cavalhada,primary,,,,,,,,,
baseline,14,middle,work,car,car,car,4013.0,D_0019045,67,141,1996177959.0,571497853.0,0.0,car:1996177959:571497853:0,195.52985676339824,356396288,Avenida da Cavalhada,primary,,,,,,,,,
baseline,14,middle,work,car,car,car,4013.0,D_0019045,68,141,571497853.0,1996177974.0,0.0,car:571497853:1996177974:0,82.36091221351664,356396288,Avenida da Cavalhada,primary,,,,,,,,,
baseline,14,middle,work,car,car,car,4013.0,D_0019045,69,141,1996177974.0,1997684992.0,0.0,car:1996177974:1997684992:0,31.940637668484275,203196942,Avenida da Cavalhada,primary,,,,,,,,,
baseline,14,middle,work,car,car,car,4013.0,D_0019045,70,141,1997684992.0,448035190.0,0.0,car:1997684992:448035190:0,124.1626533276101,203196941,Avenida da Cavalhada,primary,,,,,,,,,
baseline,14,middle,work,car,car,car,4013.0,D_0019045,71,141,448035190.0,8613225190.0,0.0,car:448035190:8613225190:0,9.521452684477719,203196941,Avenida da Cavalhada,primary,,,,,,,,,
baseline,14,middle,work,car,car,car,4013.0,D_0019045,72,141,8613225190.0,448035194.0,0.0,car:8613225190:448035194:0,283.93859525909113,203196941,Avenida da Cavalhada,primary,,,,,,,,,
baseline,14,middle,work,car,car,car,4013.0,D_0019045,73,141,448035194.0,8608352411.0,0.0,car:448035194:8608352411:0,177.8023922430046,356396285|203196941,Avenida da Cavalhada,primary,,,,,,,,,
baseline,14,middle,work,car,car,car,4013.0,D_0019045,74,141,8608352411.0,8608352412.0,0.0,car:8608352411:8608352412:0,69.85034280006519,356396285|356396287,Avenida da Cavalhada,primary,,,,,,,,,
baseline,14,middle,work,car,car,car,4013.0,D_0019045,75,141,8608352412.0,8612398703.0,0.0,car:8608352412:8612398703:0,96.36233432490538,356396287,Avenida da Cavalhada,primary,,,,,,,,,
baseline,14,middle,work,car,car,car,4013.0,D_0019045,76,141,8612398703.0,448035200.0,0.0,car:8612398703:448035200:0,23.042434323114993,356396287,Avenida da Cavalhada,primary,,,,,,,,,
baseline,14,middle,work,car,car,car,4013.0,D_0019045,77,141,448035200.0,1993703928.0,0.0,car:448035200:1993703928:0,32.09440779473485,38092726,Avenida Eduardo Prado,primary,,,,,,,,,
baseline,14,middle,work,car,car,car,4013.0,D_0019045,78,141,1993703928.0,1437883300.0,0.0,car:1993703928:1437883300:0,46.12521458780403,927881775,Avenida Eduardo Prado,primary,,,,,,,,,
baseline,14,middle,work,car,car,car,4013.0,D_0019045,79,141,1437883300.0,852134781.0,0.0,car:1437883300:852134781:0,364.7638300472287,927883898|927881775,Avenida Eduardo Prado,primary,,,,,,,,,
baseline,14,middle,work,car,car,car,4013.0,D_0019045,80,141,852134781.0,461518231.0,0.0,car:852134781:461518231:0,23.812465041654637,927883898,Avenida Eduardo Prado,primary,,,,,,,,,
baseline,14,middle,work,car,car,car,4013.0,D_0019045,81,141,461518231.0,3338368757.0,0.0,car:461518231:3338368757:0,212.45732882375432,927883897|927885567,Avenida Eduardo Prado,primary,,,,,,,,,
baseline,14,middle,work,car,car,car,4013.0,D_0019045,82,141,3338368757.0,6159383343.0,0.0,car:3338368757:6159383343:0,122.4710909622747,188749558,Avenida Eduardo Prado,primary,,,,,,,,,
baseline,14,middle,work,car,car,car,4013.0,D_0019045,83,141,6159383343.0,2917582356.0,0.0,car:6159383343:2917582356:0,76.68082695188798,188749558,Avenida Eduardo Prado,primary,,,,,,,,,
baseline,14,middle,work,car,car,car,4013.0,D_0019045,84,141,2917582356.0,2917582357.0,0.0,car:2917582356:2917582357:0,13.3468580485136,188749558,Avenida Eduardo Prado,primary,,,,,,,,,
baseline,14,middle,work,car,car,car,4013.0,D_0019045,85,141,2917582357.0,6158520831.0,0.0,car:2917582357:6158520831:0,185.2002725617784,188749558,Avenida Eduardo Prado,primary,,,,,,,,,
baseline,14,middle,work,car,car,car,4013.0,D_0019045,86,141,6158520831.0,6158520832.0,0.0,car:6158520831:6158520832:0,64.89135451913776,188749558,Avenida Eduardo Prado,primary,,,,,,,,,
baseline,14,middle,work,car,car,car,4013.0,D_0019045,87,141,6158520832.0,4792492299.0,0.0,car:6158520832:4792492299:0,181.01634931273617,188749558,Avenida Eduardo Prado,primary,,,,,,,,,
baseline,14,middle,work,car,car,car,4013.0,D_0019045,88,141,4792492299.0,12123264274.0,0.0,car:4792492299:12123264274:0,29.28790769328706,188749558,Avenida Eduardo Prado,primary,,,,,,,,,
baseline,14,middle,work,car,car,car,4013.0,D_0019045,89,141,12123264274.0,448038705.0,0.0,car:12123264274:448038705:0,127.73312250705764,188749558,Avenida Eduardo Prado,primary,,,,,,,,,
baseline,14,middle,work,car,car,car,4013.0,D_0019045,90,141,448038705.0,448038726.0,0.0,car:448038705:448038726:0,99.21547196667288,188749558,Avenida Eduardo Prado,primary,,,,,,,,,
baseline,14,middle,work,car,car,car,4013.0,D_0019045,91,141,448038726.0,448038735.0,0.0,car:448038726:448038735:0,191.447623648038,188749558,Avenida Eduardo Prado,primary,,,,,,,,,
baseline,14,middle,work,car,car,car,4013.0,D_0019045,92,141,448038735.0,4792492300.0,0.0,car:448038735:4792492300:0,105.54341672898873,188749558,Avenida Eduardo Prado,primary,,,,,,,,,
baseline,14,middle,work,car,car,car,4013.0,D_0019045,93,141,4792492300.0,4254939612.0,0.0,car:4792492300:4254939612:0,28.539740966229726,927889828,Avenida Eduardo Prado,primary,,,,,,,,,
baseline,14,middle,work,car,car,car,4013.0,D_0019045,94,141,4254939612.0,4254939465.0,0.0,car:4254939612:4254939465:0,89.56370253489527,927889828,Avenida Eduardo Prado,primary,,,,,,,,,
baseline,14,middle,work,car,car,car,4013.0,D_0019045,95,141,4254939465.0,6158406075.0,0.0,car:4254939465:6158406075:0,20.163918553342405,927889828,Avenida Eduardo Prado,primary,,,,,,,,,
baseline,14,middle,work,car,car,car,4013.0,D_0019045,96,141,6158406075.0,4254942567.0,0.0,car:6158406075:4254942567:0,93.0892498666703,927887844,Avenida Eduardo Prado,primary,,,,,,,,,
baseline,14,middle,work,car,car,car,4013.0,D_0019045,97,141,4254942567.0,457754097.0,0.0,car:4254942567:457754097:0,188.065478417243,927889827|927887844,Avenida Eduardo Prado,primary,,,,,,,,,
baseline,14,middle,work,car,car,car,4013.0,D_0019045,98,141,457754097.0,457754085.0,0.0,car:457754097:457754085:0,32.27718185710912,451653014,Avenida Eduardo Prado,primary,,,,,,,,,
baseline,14,middle,work,car,car,car,4013.0,D_0019045,99,141,457754085.0,2189642994.0,0.0,car:457754085:2189642994:0,42.18526629451386,38857386,Avenida Juca Batista,primary,,,,,,,,,
baseline,14,middle,work,car,car,car,4013.0,D_0019045,100,141,2189642994.0,2189643004.0,0.0,car:2189642994:2189643004:0,84.71958096855879,38857386,Avenida Juca Batista,primary,,,,,,,,,
baseline,14,middle,work,car,car,car,4013.0,D_0019045,101,141,2189643004.0,2131908036.0,0.0,car:2189643004:2131908036:0,102.36762607197021,38857386,Avenida Juca Batista,primary,,,,,,,,,
baseline,14,middle,work,car,car,car,4013.0,D_0019045,102,141,2131908036.0,297124839.0,0.0,car:2131908036:297124839:0,218.47302131482556,38857386,Avenida Juca Batista,primary,,,,,,,,,
baseline,14,middle,work,car,car,car,4013.0,D_0019045,103,141,297124839.0,2191041656.0,0.0,car:297124839:2191041656:0,38.18468421973428,38857386,Avenida Juca Batista,primary,,,,,,,,,
baseline,14,middle,work,car,car,car,4013.0,D_0019045,104,141,2191041656.0,2191041532.0,0.0,car:2191041656:2191041532:0,90.8326016817071,38857386,Avenida Juca Batista,primary,,,,,,,,,
baseline,14,middle,work,car,car,car,4013.0,D_0019045,105,141,2191041532.0,1027627431.0,0.0,car:2191041532:1027627431:0,26.632228425071936,38857386,Avenida Juca Batista,primary,,,,,,,,,
baseline,14,middle,work,car,car,car,4013.0,D_0019045,106,141,1027627431.0,1027627341.0,0.0,car:1027627431:1027627341:0,113.10215373375846,38857386,Avenida Juca Batista,primary,,,,,,,,,
baseline,14,middle,work,car,car,car,4013.0,D_0019045,107,141,1027627341.0,1027627153.0,0.0,car:1027627341:1027627153:0,39.108563393367504,451653012,,primary,,,,,,,,,
baseline,14,middle,work,car,car,car,4013.0,D_0019045,108,141,1027627153.0,1028944054.0,0.0,car:1027627153:1028944054:0,398.0530196049851,88608979|477756831,Avenida Juca Batista,primary,,,,,,,,,
baseline,14,middle,work,car,car,car,4013.0,D_0019045,109,141,1028944054.0,1028943944.0,0.0,car:1028944054:1028943944:0,267.9496776288589,327233534|477756831,Avenida Juca Batista,primary,,,,,,,,,
baseline,14,middle,work,car,car,car,4013.0,D_0019045,110,141,1028943944.0,1028943987.0,0.0,car:1028943944:1028943987:0,29.727213608340314,451653005,,primary,,,,,,,,,
baseline,14,middle,work,car,car,car,4013.0,D_0019045,111,141,1028943987.0,1028944006.0,0.0,car:1028943987:1028944006:0,75.37246928020551,454586888,Avenida Juca Batista,primary,,,,,,,,,
baseline,14,middle,work,car,car,car,4013.0,D_0019045,112,141,1028944006.0,2137640107.0,0.0,car:1028944006:2137640107:0,130.72641933518125,454586888,Avenida Juca Batista,primary,,,,,,,,,
baseline,14,middle,work,car,car,car,4013.0,D_0019045,113,141,2137640107.0,8723651556.0,0.0,car:2137640107:8723651556:0,111.65091419194093,454586888,Avenida Juca Batista,primary,,,,,,,,,
baseline,14,middle,work,car,car,car,4013.0,D_0019045,114,141,8723651556.0,2915323255.0,0.0,car:8723651556:2915323255:0,168.4011991817401,454586888,Avenida Juca Batista,primary,,,,,,,,,
baseline,14,middle,work,car,car,car,4013.0,D_0019045,115,141,2915323255.0,1028944057.0,0.0,car:2915323255:1028944057:0,19.159392104760702,1494020414,Avenida Juca Batista,primary,,,,,,,,,
baseline,14,middle,work,car,car,car,4013.0,D_0019045,116,141,1028944057.0,8724056469.0,0.0,car:1028944057:8724056469:0,144.8416489635637,287980419,Avenida Juca Batista,primary,,,,,,,,,
baseline,14,middle,work,car,car,car,4013.0,D_0019045,117,141,8724056469.0,1028943925.0,0.0,car:8724056469:1028943925:0,145.59124288713866,287980419,Avenida Juca Batista,primary,,,,,,,,,
baseline,14,middle,work,car,car,car,4013.0,D_0019045,118,141,1028943925.0,2799412813.0,0.0,car:1028943925:2799412813:0,230.66858488860444,562588320|287980419,Avenida Juca Batista,primary,,,,,,,,,
baseline,14,middle,work,car,car,car,4013.0,D_0019045,119,141,2799412813.0,5423448044.0,0.0,car:2799412813:5423448044:0,94.68336795206903,1494020420|1494020421,Avenida Juca Batista,primary,,,,,,,,,
baseline,14,middle,work,car,car,car,4013.0,D_0019045,120,141,5423448044.0,1028943906.0,0.0,car:5423448044:1028943906:0,19.030302375120918,326309690,Avenida Juca Batista,primary,,,,,,,,,
baseline,14,middle,work,car,car,car,4013.0,D_0019045,121,141,1028943906.0,2799413079.0,0.0,car:1028943906:2799413079:0,76.69313104039595,326309690,Avenida Juca Batista,primary,,,,,,,,,
baseline,14,middle,work,car,car,car,4013.0,D_0019045,122,141,2799413079.0,2799413247.0,0.0,car:2799413079:2799413247:0,107.72494130264805,326309690,Avenida Juca Batista,primary,,,,,,,,,
baseline,14,middle,work,car,car,car,4013.0,D_0019045,123,141,2799413247.0,1028944024.0,0.0,car:2799413247:1028944024:0,236.43258064512958,326309691,Avenida Juca Batista,primary,,,,,,,,,
baseline,14,middle,work,car,car,car,4013.0,D_0019045,124,141,1028944024.0,2917582382.0,0.0,car:1028944024:2917582382:0,147.65714850456382,326309691,Avenida Juca Batista,primary,,,,,,,,,
baseline,14,middle,work,car,car,car,4013.0,D_0019045,125,141,2917582382.0,2917582383.0,0.0,car:2917582382:2917582383:0,8.74255595545432,326309691,Avenida Juca Batista,primary,,,,,,,,,
baseline,14,middle,work,car,car,car,4013.0,D_0019045,126,141,2917582383.0,2633498775.0,0.0,car:2917582383:2633498775:0,72.99711368886531,356396058,Avenida Juca Batista,primary,,,,,,,,,
baseline,14,middle,work,car,car,car,4013.0,D_0019045,127,141,2633498775.0,1028943910.0,0.0,car:2633498775:1028943910:0,76.40192898467967,356396058,Avenida Juca Batista,primary,,,,,,,,,
baseline,14,middle,work,car,car,car,4013.0,D_0019045,128,141,1028943910.0,1028944075.0,0.0,car:1028943910:1028944075:0,208.37989040332,356396058|1493175454,Avenida Juca Batista,primary,,,,,,,,,
baseline,14,middle,work,car,car,car,4013.0,D_0019045,129,141,1028944075.0,2633498739.0,0.0,car:1028944075:2633498739:0,88.1971516075338,126353624,Rua Doutor Hermes Pacheco,tertiary,,,,,,,,,
baseline,14,middle,work,car,car,car,4013.0,D_0019045,130,141,2633498739.0,2633498726.0,0.0,car:2633498739:2633498726:0,71.27384818964117,126353624,Rua Doutor Hermes Pacheco,tertiary,,,,,,,,,
baseline,14,middle,work,car,car,car,4013.0,D_0019045,131,141,2633498726.0,2633498763.0,0.0,car:2633498726:2633498763:0,145.10263659189977,126353624,Rua Doutor Hermes Pacheco,tertiary,,,,,,,,,
baseline,14,middle,work,car,car,car,4013.0,D_0019045,132,141,2633498763.0,2633498778.0,0.0,car:2633498763:2633498778:0,71.93974073052097,126353624,Rua Doutor Hermes Pacheco,tertiary,,,,,,,,,
baseline,14,middle,work,car,car,car,4013.0,D_0019045,133,141,2633498778.0,2633498776.0,0.0,car:2633498778:2633498776:0,79.3681033364776,126353624,Rua Doutor Hermes Pacheco,tertiary,,,,,,,,,
baseline,14,middle,work,car,car,car,4013.0,D_0019045,134,141,2633498776.0,2633498718.0,0.0,car:2633498776:2633498718:0,74.97138156335986,126353624,Rua Doutor Hermes Pacheco,tertiary,,,,,,,,,
baseline,14,middle,work,car,car,car,4013.0,D_0019045,135,141,2633498718.0,2633498774.0,0.0,car:2633498718:2633498774:0,71.28337619316245,126353624,Rua Doutor Hermes Pacheco,tertiary,,,,,,,,,
baseline,14,middle,work,car,car,car,4013.0,D_0019045,136,141,2633498774.0,2633498773.0,0.0,car:2633498774:2633498773:0,128.4784979134164,126353624,Rua Doutor Hermes Pacheco,tertiary,,,,,,,,,
baseline,14,middle,work,car,car,car,4013.0,D_0019045,137,141,2633498773.0,2633498760.0,0.0,car:2633498773:2633498760:0,64.10100259930046,126353624,Rua Doutor Hermes Pacheco,tertiary,,,,,,,,,
baseline,14,middle,work,car,car,car,4013.0,D_0019045,138,141,2633498760.0,2633498748.0,0.0,car:2633498760:2633498748:0,63.44482926051261,126353624,Rua Doutor Hermes Pacheco,tertiary,,,,,,,,,
baseline,14,middle,work,car,car,car,4013.0,D_0019045,139,141,2633498748.0,2633498762.0,0.0,car:2633498748:2633498762:0,63.65261843385313,126353624,Rua Doutor Hermes Pacheco,tertiary,,,,,,,,,
baseline,14,middle,work,car,car,car,4013.0,D_0019045,140,141,2633498762.0,2633498720.0,0.0,car:2633498762:2633498720:0,62.508122258640746,126353624,Rua Doutor Hermes Pacheco,tertiary,,,,,,,,,
baseline,15,middle,health,car,car,car,10856.0,D_0001441,0,96,6159442428.0,6159442429.0,0.0,car:6159442428:6159442429:0,12.51329659717395,657686438,,secondary_link,,,,,,,,,
baseline,15,middle,health,car,car,car,10856.0,D_0001441,1,96,6159442429.0,2658851826.0,0.0,car:6159442429:2658851826:0,77.52442863589262,924431363,Avenida Juscelino Kubitschek de Oliveira,secondary,,,,,,,,,
baseline,15,middle,health,car,car,car,10856.0,D_0001441,2,96,2658851826.0,320799679.0,0.0,car:2658851826:320799679:0,231.83034965792217,260531096,Avenida Juscelino Kubitschek de Oliveira,secondary,,,,,,,,,
baseline,15,middle,health,car,car,car,10856.0,D_0001441,3,96,320799679.0,2327183568.0,0.0,car:320799679:2327183568:0,166.07195531950134,356831219,Avenida Juscelino Kubitschek de Oliveira,secondary,,,,,,,,,
baseline,15,middle,health,car,car,car,10856.0,D_0001441,4,96,2327183568.0,320799658.0,0.0,car:2327183568:320799658:0,34.430097961538465,356831219,Avenida Juscelino Kubitschek de Oliveira,secondary,,,,,,,,,
baseline,15,middle,health,car,car,car,10856.0,D_0001441,5,96,320799658.0,665147068.0,0.0,car:320799658:665147068:0,88.83112802230177,29168862,Rua Doutor Carlos Maria Bins,residential,,,,,,,,,
baseline,15,middle,health,car,car,car,10856.0,D_0001441,6,96,665147068.0,665147069.0,0.0,car:665147068:665147069:0,120.78407557644191,29168862,Rua Doutor Carlos Maria Bins,residential,,,,,,,,,
baseline,15,middle,health,car,car,car,10856.0,D_0001441,7,96,665147069.0,980323609.0,0.0,car:665147069:980323609:0,115.36184131846855,223863098,Rua Doutor Carlos Maria Bins,residential,,,,,,,,,
baseline,15,middle,health,car,car,car,10856.0,D_0001441,8,96,980323609.0,665147066.0,0.0,car:980323609:665147066:0,233.09448490266544,29168883,Rua Carlos Estevão,tertiary,,,,,,,,,
baseline,15,middle,health,car,car,car,10856.0,D_0001441,9,96,665147066.0,980323541.0,0.0,car:665147066:980323541:0,114.51584893647264,29168883,Rua Carlos Estevão,tertiary,,,,,,,,,
baseline,15,middle,health,car,car,car,10856.0,D_0001441,10,96,980323541.0,980323517.0,0.0,car:980323541:980323517:0,76.29380522234422,29168883,Rua Carlos Estevão,tertiary,,,,,,,,,
baseline,15,middle,health,car,car,car,10856.0,D_0001441,11,96,980323517.0,307682532.0,0.0,car:980323517:307682532:0,96.42141793267734,29168883,Rua Carlos Estevão,tertiary,,,,,,,,,
baseline,15,middle,health,car,car,car,10856.0,D_0001441,12,96,307682532.0,951147822.0,0.0,car:307682532:951147822:0,100.07590555617688,926836631,Avenida Manoel Elias,secondary,,,,,,,,,
baseline,15,middle,health,car,car,car,10856.0,D_0001441,13,96,951147822.0,3618663940.0,0.0,car:951147822:3618663940:0,8.785394509278083,81608220,Avenida Manoel Elias,secondary,,,,,,,,,
baseline,15,middle,health,car,car,car,10856.0,D_0001441,14,96,3618663940.0,2441125756.0,0.0,car:3618663940:2441125756:0,13.126927302525665,356398338|500493327,Corredor de Transporte Coletivo Baltazar de Oliveira Garcia,busway,,,,,,,,,
baseline,15,middle,health,car,car,car,10856.0,D_0001441,15,96,2441125756.0,3618663904.0,0.0,car:2441125756:3618663904:0,404.12076842652993,356398338,Corredor de Transporte Coletivo Baltazar de Oliveira Garcia,busway,,,,,,,,,
baseline,15,middle,health,car,car,car,10856.0,D_0001441,16,96,3618663904.0,3618663879.0,0.0,car:3618663904:3618663879:0,135.04400427141482,356397634,Corredor de Transporte Coletivo Baltazar de Oliveira Garcia,busway,,,,,,,,,
baseline,15,middle,health,car,car,car,10856.0,D_0001441,17,96,3618663879.0,3618663831.0,0.0,car:3618663879:3618663831:0,333.36415905688165,356398308,Corredor de Transporte Coletivo Baltazar de Oliveira Garcia,busway,,,,,,,,,
baseline,15,middle,health,car,car,car,10856.0,D_0001441,18,96,3618663831.0,3618663833.0,0.0,car:3618663831:3618663833:0,140.1734961871901,356398308,Corredor de Transporte Coletivo Baltazar de Oliveira Garcia,busway,,,,,,,,,
baseline,15,middle,health,car,car,car,10856.0,D_0001441,19,96,3618663833.0,3618663834.0,0.0,car:3618663833:3618663834:0,53.67025415695464,500493325,Corredor de Transporte Coletivo Baltazar de Oliveira Garcia,busway,,,,,,,,,
baseline,15,middle,health,car,car,car,10856.0,D_0001441,20,96,3618663834.0,3618663817.0,0.0,car:3618663834:3618663817:0,134.29693013248828,356398147,Corredor de Transporte Coletivo Baltazar de Oliveira Garcia,busway,,,,,,,,,
baseline,15,middle,health,car,car,car,10856.0,D_0001441,21,96,3618663817.0,3618663812.0,0.0,car:3618663817:3618663812:0,28.96945116232278,356397434,Corredor de Transporte Coletivo Baltazar de Oliveira Garcia,busway,,,,,,,,,
baseline,15,middle,health,car,car,car,10856.0,D_0001441,22,96,3618663812.0,3618663789.0,0.0,car:3618663812:3618663789:0,145.6837624772498,356398104,Corredor de Transporte Coletivo Baltazar de Oliveira Garcia,busway,,,,,,,,,
baseline,15,middle,health,car,car,car,10856.0,D_0001441,23,96,3618663789.0,3618663723.0,0.0,car:3618663789:3618663723:0,112.87582770458773,356398104,Corredor de Transporte Coletivo Baltazar de Oliveira Garcia,busway,,,,,,,,,
baseline,15,middle,health,car,car,car,10856.0,D_0001441,24,96,3618663723.0,3618663698.0,0.0,car:3618663723:3618663698:0,127.12230153158522,356398096,Corredor de Transporte Coletivo Baltazar de Oliveira Garcia,busway,,,,,,,,,
baseline,15,middle,health,car,car,car,10856.0,D_0001441,25,96,3618663698.0,3618663707.0,0.0,car:3618663698:3618663707:0,102.73450338008672,356398414,Corredor de Transporte Coletivo Baltazar de Oliveira Garcia,busway,,,,,,,,,
baseline,15,middle,health,car,car,car,10856.0,D_0001441,26,96,3618663707.0,3618663708.0,0.0,car:3618663707:3618663708:0,5.649318699440418,356398414,Corredor de Transporte Coletivo Baltazar de Oliveira Garcia,busway,,,,,,,,,
baseline,15,middle,health,car,car,car,10856.0,D_0001441,27,96,3618663708.0,3618663731.0,0.0,car:3618663708:3618663731:0,279.79341970307576,356398414,Corredor de Transporte Coletivo Baltazar de Oliveira Garcia,busway,,,,,,,,,
baseline,15,middle,health,car,car,car,10856.0,D_0001441,28,96,3618663731.0,3618663699.0,0.0,car:3618663731:3618663699:0,158.00146908648034,356398414,Corredor de Transporte Coletivo Baltazar de Oliveira Garcia,busway,,,,,,,,,
baseline,15,middle,health,car,car,car,10856.0,D_0001441,29,96,3618663699.0,3618663673.0,0.0,car:3618663699:3618663673:0,129.56408492714897,356398140,Corredor de Transporte Coletivo Baltazar de Oliveira Garcia,busway,,,,,,,,,
baseline,15,middle,health,car,car,car,10856.0,D_0001441,30,96,3618663673.0,1188585142.0,0.0,car:3618663673:1188585142:0,20.09012399688337,356396909,,busway,,,,,,,,,
baseline,15,middle,health,car,car,car,10856.0,D_0001441,31,96,1188585142.0,297832491.0,0.0,car:1188585142:297832491:0,151.8047591274071,923545218|562500772,Avenida Baltazar de Oliveira Garcia,secondary,,,,,,,,,
baseline,15,middle,health,car,car,car,10856.0,D_0001441,32,96,297832491.0,2429556170.0,0.0,car:297832491:2429556170:0,18.783189439121912,356397643,,busway,,,,,,,,,
baseline,15,middle,health,car,car,car,10856.0,D_0001441,33,96,2429556170.0,2429556168.0,0.0,car:2429556170:2429556168:0,232.30538194174449,356398294,,busway,,,,,,,,,
baseline,15,middle,health,car,car,car,10856.0,D_0001441,34,96,2429556168.0,4668326211.0,0.0,car:2429556168:4668326211:0,33.17918656559492,472631861,,busway,,,,,,,,,
baseline,15,middle,health,car,car,car,10856.0,D_0001441,35,96,4668326211.0,4915327234.0,0.0,car:4668326211:4915327234:0,50.61070310263073,356398341,,busway,,,,,,,,,
baseline,15,middle,health,car,car,car,10856.0,D_0001441,36,96,4915327234.0,3340766644.0,0.0,car:4915327234:3340766644:0,257.70252331652506,356398312,,busway,,,,,,,,,
baseline,15,middle,health,car,car,car,10856.0,D_0001441,37,96,3340766644.0,3618663759.0,0.0,car:3340766644:3618663759:0,126.09797412261594,356397521|356396748,Corredor de Transporte Coletivo Assis Brasil,busway,,,,,,,,,
baseline,15,middle,health,car,car,car,10856.0,D_0001441,38,96,3618663759.0,3618663753.0,0.0,car:3618663759:3618663753:0,179.45846457520292,356397880,Corredor de Transporte Coletivo Assis Brasil,busway,,,,,,,,,
baseline,15,middle,health,car,car,car,10856.0,D_0001441,39,96,3618663753.0,3618663739.0,0.0,car:3618663753:3618663739:0,95.89416084998228,356397764,Corredor de Transporte Coletivo Assis Brasil,busway,,,,,,,,,
baseline,15,middle,health,car,car,car,10856.0,D_0001441,40,96,3618663739.0,297129341.0,0.0,car:3618663739:297129341:0,16.935203529644397,356396819,,busway,,,,,,,,,
baseline,15,middle,health,car,car,car,10856.0,D_0001441,41,96,297129341.0,297129343.0,0.0,car:297129341:297129343:0,84.52648882699818,451652875,Avenida Assis Brasil,secondary,,,,,,,,,
baseline,15,middle,health,car,car,car,10856.0,D_0001441,42,96,297129343.0,939226618.0,0.0,car:297129343:939226618:0,124.3083320615764,451652875,Avenida Assis Brasil,secondary,,,,,,,,,
baseline,15,middle,health,car,car,car,10856.0,D_0001441,43,96,939226618.0,297129349.0,0.0,car:939226618:297129349:0,95.15254507383045,451652875,Avenida Assis Brasil,secondary,,,,,,,,,
baseline,15,middle,health,car,car,car,10856.0,D_0001441,44,96,297129349.0,297129351.0,0.0,car:297129349:297129351:0,98.87974599408102,283272002,Avenida Assis Brasil,secondary,,,,,,,,,
baseline,15,middle,health,car,car,car,10856.0,D_0001441,45,96,297129351.0,832747204.0,0.0,car:297129351:832747204:0,173.15838798730138,283272002,Avenida Assis Brasil,secondary,,,,,,,,,
baseline,15,middle,health,car,car,car,10856.0,D_0001441,46,96,832747204.0,939210398.0,0.0,car:832747204:939210398:0,116.60661085252977,451652880,Avenida Assis Brasil,secondary,,,,,,,,,
baseline,15,middle,health,car,car,car,10856.0,D_0001441,47,96,939210398.0,297129360.0,0.0,car:939210398:297129360:0,157.26730090685388,451652880,Avenida Assis Brasil,secondary,,,,,,,,,
baseline,15,middle,health,car,car,car,10856.0,D_0001441,48,96,297129360.0,939215056.0,0.0,car:297129360:939215056:0,11.41689043974579,451652877,Avenida Assis Brasil,secondary,,,,,,,,,
baseline,15,middle,health,car,car,car,10856.0,D_0001441,49,96,939215056.0,297129363.0,0.0,car:939215056:297129363:0,133.11582770689643,451652881,Avenida Assis Brasil,secondary,,,,,,,,,
baseline,15,middle,health,car,car,car,10856.0,D_0001441,50,96,297129363.0,297129365.0,0.0,car:297129363:297129365:0,132.10152916337566,451652881,Avenida Assis Brasil,secondary,,,,,,,,,
baseline,15,middle,health,car,car,car,10856.0,D_0001441,51,96,297129365.0,297129367.0,0.0,car:297129365:297129367:0,115.06417148197983,451652881,Avenida Assis Brasil,secondary,,,,,,,,,
baseline,15,middle,health,car,car,car,10856.0,D_0001441,52,96,297129367.0,297129370.0,0.0,car:297129367:297129370:0,127.8142733266524,132365352|562246708,Avenida Assis Brasil,secondary,,,,,,,,,
baseline,15,middle,health,car,car,car,10856.0,D_0001441,53,96,297129370.0,297129372.0,0.0,car:297129370:297129372:0,86.13407259650609,562246708,Avenida Assis Brasil,secondary,,,,,,,,,
baseline,15,middle,health,car,car,car,10856.0,D_0001441,54,96,297129372.0,3618663841.0,0.0,car:297129372:3618663841:0,67.1967671234388,356395731,Avenida Assis Brasil,secondary,,,,,,,,,
baseline,15,middle,health,car,car,car,10856.0,D_0001441,55,96,3618663841.0,297129376.0,0.0,car:3618663841:297129376:0,69.54135660799341,356395731|356395727,Avenida Assis Brasil,secondary,,,,,,,,,
baseline,15,middle,health,car,car,car,10856.0,D_0001441,56,96,297129376.0,955227375.0,0.0,car:297129376:955227375:0,69.69134727083943,477614328|27238271,Avenida Plínio Brasil Milano,secondary,,,,,,,,,
baseline,15,middle,health,car,car,car,10856.0,D_0001441,57,96,955227375.0,2504906641.0,0.0,car:955227375:2504906641:0,114.292421335829,1467364818|356396108,Avenida Plínio Brasil Milano,secondary,,,,,,,,,
baseline,15,middle,health,car,car,car,10856.0,D_0001441,58,96,2504906641.0,299867761.0,0.0,car:2504906641:299867761:0,23.60946064634542,451653075,Avenida Plínio Brasil Milano,secondary,,,,,,,,,
baseline,15,middle,health,car,car,car,10856.0,D_0001441,59,96,299867761.0,2862166853.0,0.0,car:299867761:2862166853:0,216.43877862575,924933426|451653075,Avenida Plínio Brasil Milano,secondary,,,,,,,,,
baseline,15,middle,health,car,car,car,10856.0,D_0001441,60,96,2862166853.0,10669071643.0,0.0,car:2862166853:10669071643:0,11.444127524260425,1561252397,,secondary,,,,,,,,,
baseline,15,middle,health,car,car,car,10856.0,D_0001441,61,96,10669071643.0,8583259447.0,0.0,car:10669071643:8583259447:0,66.26043814684598,451653072,Avenida Plínio Brasil Milano,secondary,,,,,,,,,
baseline,15,middle,health,car,car,car,10856.0,D_0001441,62,96,8583259447.0,309657394.0,0.0,car:8583259447:309657394:0,14.921005912992252,451653072,Avenida Plínio Brasil Milano,secondary,,,,,,,,,
baseline,15,middle,health,car,car,car,10856.0,D_0001441,63,96,309657394.0,299867768.0,0.0,car:309657394:299867768:0,125.82025695424377,451653072,Avenida Plínio Brasil Milano,secondary,,,,,,,,,
baseline,15,middle,health,car,car,car,10856.0,D_0001441,64,96,299867768.0,2862168942.0,0.0,car:299867768:2862168942:0,248.59651331837262,454586900,Avenida Plínio Brasil Milano,secondary,,,,,,,,,
baseline,15,middle,health,car,car,car,10856.0,D_0001441,65,96,2862168942.0,10668912800.0,0.0,car:2862168942:10668912800:0,8.064139836719601,1146408247,Avenida Plínio Brasil Milano,secondary,,,,,,,,,
baseline,15,middle,health,car,car,car,10856.0,D_0001441,66,96,10668912800.0,10668912802.0,0.0,car:10668912800:10668912802:0,23.503558400429867,1146408247,Avenida Plínio Brasil Milano,secondary,,,,,,,,,
baseline,15,middle,health,car,car,car,10856.0,D_0001441,67,96,10668912802.0,309648787.0,0.0,car:10668912802:309648787:0,9.259448683814966,1561252400,Avenida Plínio Brasil Milano,secondary,,,,,,,,,
baseline,15,middle,health,car,car,car,10856.0,D_0001441,68,96,309648787.0,2504902780.0,0.0,car:309648787:2504902780:0,178.3090315418936,28190993,Rua Valentim Vicentini,residential,,,,,,,,,
baseline,15,middle,health,car,car,car,10856.0,D_0001441,69,96,2504902780.0,307533570.0,0.0,car:2504902780:307533570:0,145.726699868977,28190993,Rua Valentim Vicentini,residential,,,,,,,,,
baseline,15,middle,health,car,car,car,10856.0,D_0001441,70,96,307533570.0,1093006825.0,0.0,car:307533570:1093006825:0,102.17487740656023,28007963,Avenida Cristóvão Colombo,secondary,,,,,,,,,
baseline,15,middle,health,car,car,car,10856.0,D_0001441,71,96,1093006825.0,298932810.0,0.0,car:1093006825:298932810:0,38.76455143084773,451652925,Avenida Cristóvão Colombo,secondary,,,,,,,,,
baseline,15,middle,health,car,car,car,10856.0,D_0001441,72,96,298932810.0,5079062352.0,0.0,car:298932810:5079062352:0,200.77400796143402,521259736,Avenida Cristóvão Colombo,secondary,,,,,,,,,
baseline,15,middle,health,car,car,car,10856.0,D_0001441,73,96,5079062352.0,5079062351.0,0.0,car:5079062352:5079062351:0,38.73233081074084,521259738,Avenida Cristóvão Colombo,secondary,,,,,,,,,
baseline,15,middle,health,car,car,car,10856.0,D_0001441,74,96,5079062351.0,2996721287.0,0.0,car:5079062351:2996721287:0,38.69988466058605,562246710,Avenida Cristóvão Colombo,secondary,,,,,,,,,
baseline,15,middle,health,car,car,car,10856.0,D_0001441,75,96,2996721287.0,477287305.0,0.0,car:2996721287:477287305:0,78.12700845031242,222715848,Avenida Cristóvão Colombo,secondary,,,,,,,,,
baseline,15,middle,health,car,car,car,10856.0,D_0001441,76,96,477287305.0,477287310.0,0.0,car:477287305:477287310:0,146.09994663938528,232477004,Avenida Cristóvão Colombo,secondary,,,,,,,,,
baseline,15,middle,health,car,car,car,10856.0,D_0001441,77,96,477287310.0,682212842.0,0.0,car:477287310:682212842:0,85.48554066613681,222715849,Avenida Cristóvão Colombo,secondary,,,,,,,,,
baseline,15,middle,health,car,car,car,10856.0,D_0001441,78,96,682212842.0,3618664021.0,0.0,car:682212842:3618664021:0,48.7323775254781,98401098|99408070,Avenida Cristóvão Colombo,secondary,,,,,,,,,
baseline,15,middle,health,car,car,car,10856.0,D_0001441,79,96,3618664021.0,5079062346.0,0.0,car:3618664021:5079062346:0,59.73990285885216,99408070,Avenida Cristóvão Colombo,secondary,,,,,,,,,
baseline,15,middle,health,car,car,car,10856.0,D_0001441,80,96,5079062346.0,1406995752.0,0.0,car:5079062346:1406995752:0,267.4130667006254,356395906|356395915|521259734,Passagem de Nível Mendes Ribeiro Filho,secondary,,,,,,,,,
baseline,15,middle,health,car,car,car,10856.0,D_0001441,81,96,1406995752.0,1138527063.0,0.0,car:1406995752:1138527063:0,31.56979905136447,295270531,Avenida Cristóvão Colombo,secondary,,,,,,,,,
baseline,15,middle,health,car,car,car,10856.0,D_0001441,82,96,1138527063.0,682213306.0,0.0,car:1138527063:682213306:0,35.58335575659439,405513268,Avenida Cristóvão Colombo,secondary,,,,,,,,,
baseline,15,middle,health,car,car,car,10856.0,D_0001441,83,96,682213306.0,611067533.0,0.0,car:682213306:611067533:0,101.77079719075583,424585010,Avenida Cristóvão Colombo,secondary,,,,,,,,,
baseline,15,middle,health,car,car,car,10856.0,D_0001441,84,96,611067533.0,611067532.0,0.0,car:611067533:611067532:0,68.19803182557668,356395928,Avenida Cristóvão Colombo,secondary,,,,,,,,,
baseline,15,middle,health,car,car,car,10856.0,D_0001441,85,96,611067532.0,682213287.0,0.0,car:611067532:682213287:0,137.14897027894776,356395928,Avenida Cristóvão Colombo,secondary,,,,,,,,,
baseline,15,middle,health,car,car,car,10856.0,D_0001441,86,96,682213287.0,682213329.0,0.0,car:682213287:682213329:0,120.8726702464873,131856674,Avenida Cristóvão Colombo,secondary,,,,,,,,,
baseline,15,middle,health,car,car,car,10856.0,D_0001441,87,96,682213329.0,682213295.0,0.0,car:682213329:682213295:0,114.7655194982494,131856674,Avenida Cristóvão Colombo,secondary,,,,,,,,,
baseline,15,middle,health,car,car,car,10856.0,D_0001441,88,96,682213295.0,682213233.0,0.0,car:682213295:682213233:0,107.45901809725996,283273921,Avenida Cristóvão Colombo,secondary,,,,,,,,,
baseline,15,middle,health,car,car,car,10856.0,D_0001441,89,96,682213233.0,3618664045.0,0.0,car:682213233:3618664045:0,216.17351368255947,286947642,Avenida Cristóvão Colombo,secondary,,,,,,,,,
baseline,15,middle,health,car,car,car,10856.0,D_0001441,90,96,3618664045.0,4448586739.0,0.0,car:3618664045:4448586739:0,11.11921464668852,356395908,Avenida Cristóvão Colombo,secondary,,,,,,,,,
baseline,15,middle,health,car,car,car,10856.0,D_0001441,91,96,4448586739.0,837962079.0,0.0,car:4448586739:837962079:0,238.26965586355482,926794778|131397444,Avenida Cristóvão Colombo,secondary,,,,,,,,,
baseline,15,middle,health,car,car,car,10856.0,D_0001441,92,96,837962079.0,611925918.0,0.0,car:837962079:611925918:0,128.8089269968329,477174170|927850068,Avenida Cristóvão Colombo,secondary,,,,,,,,,
baseline,15,middle,health,car,car,car,10856.0,D_0001441,93,96,611925918.0,1876128087.0,0.0,car:611925918:1876128087:0,74.78400785046603,928474496|477174169,Avenida Cristóvão Colombo,secondary,,,,,,,,,
baseline,15,middle,health,car,car,car,10856.0,D_0001441,94,96,1876128087.0,611925894.0,0.0,car:1876128087:611925894:0,9.393228535374915,928474497,Rua Félix da Cunha,secondary,,,,,,,,,
baseline,15,middle,health,car,car,car,10856.0,D_0001441,95,96,611925894.0,479076596.0,0.0,car:611925894:479076596:0,215.82384811840387,295041079,Rua Félix da Cunha,secondary,,,,,,,,,
baseline,17,middle,education,car,car,car,7022.0,D_0000486,0,53,874384497.0,874384416.0,0.0,car:874384497:874384416:0,132.96052473117172,451652935,Avenida Doutor João Simplício Alves de Carvalho,tertiary,,,,,,,,,
baseline,17,middle,education,car,car,car,7022.0,D_0000486,1,53,874384416.0,874384438.0,0.0,car:874384416:874384438:0,82.86493406833897,28083993,Rua Europa,residential,,,,,,,,,
baseline,17,middle,education,car,car,car,7022.0,D_0000486,2,53,874384438.0,874384363.0,0.0,car:874384438:874384363:0,62.56950022084524,222420368,Rua Gaston Englert,tertiary,,,,,,,,,
baseline,17,middle,education,car,car,car,7022.0,D_0000486,3,53,874384363.0,2429457820.0,0.0,car:874384363:2429457820:0,104.09116787943057,222420368,Rua Gaston Englert,tertiary,,,,,,,,,
baseline,17,middle,education,car,car,car,7022.0,D_0000486,4,53,2429457820.0,2429457840.0,0.0,car:2429457820:2429457840:0,96.34735984289456,222420368,Rua Gaston Englert,tertiary,,,,,,,,,
baseline,17,middle,education,car,car,car,7022.0,D_0000486,5,53,2429457840.0,874384403.0,0.0,car:2429457840:874384403:0,54.61159661435476,222420368,Rua Gaston Englert,tertiary,,,,,,,,,
baseline,17,middle,education,car,car,car,7022.0,D_0000486,6,53,874384403.0,5135950111.0,0.0,car:874384403:5135950111:0,74.28717913128914,263044965|263044967,Avenida do Forte,secondary,,,,,,,,,
baseline,17,middle,education,car,car,car,7022.0,D_0000486,7,53,5135950111.0,874384456.0,0.0,car:5135950111:874384456:0,9.100042404401544,263044967,Avenida do Forte,secondary,,,,,,,,,
baseline,17,middle,education,car,car,car,7022.0,D_0000486,8,53,874384456.0,874384371.0,0.0,car:874384456:874384371:0,38.41389988768472,263044970,Avenida do Forte,secondary,,,,,,,,,
baseline,17,middle,education,car,car,car,7022.0,D_0000486,9,53,874384371.0,331654494.0,0.0,car:874384371:331654494:0,210.96410294893357,30105278,Travessa Orion,residential,,,,,,,,,
baseline,17,middle,education,car,car,car,7022.0,D_0000486,10,53,331654494.0,652715681.0,0.0,car:331654494:652715681:0,154.8941819902568,477689592,Rua Alberto Silva,residential,,,,,,,,,
baseline,17,middle,education,car,car,car,7022.0,D_0000486,11,53,652715681.0,567895666.0,0.0,car:652715681:567895666:0,324.40516021357763,477689592,Rua Alberto Silva,residential,,,,,,,,,
baseline,17,middle,education,car,car,car,7022.0,D_0000486,12,53,567895666.0,567895654.0,0.0,car:567895666:567895654:0,116.05775971588946,477689592,Rua Alberto Silva,residential,,,,,,,,,
baseline,17,middle,education,car,car,car,7022.0,D_0000486,13,53,567895654.0,297129570.0,0.0,car:567895654:297129570:0,115.54426174784922,477689592,Rua Alberto Silva,residential,,,,,,,,,
baseline,17,middle,education,car,car,car,7022.0,D_0000486,14,53,297129570.0,3340766645.0,0.0,car:297129570:3340766645:0,97.53843705057685,925262258,Avenida Assis Brasil,secondary,,,,,,,,,
baseline,17,middle,education,car,car,car,7022.0,D_0000486,15,53,3340766645.0,297128218.0,0.0,car:3340766645:297128218:0,49.341622280925954,925264633,Avenida Assis Brasil,secondary,,,,,,,,,
baseline,17,middle,education,car,car,car,7022.0,D_0000486,16,53,297128218.0,331651308.0,0.0,car:297128218:331651308:0,80.36382066000077,925262257,Avenida Assis Brasil,secondary,,,,,,,,,
baseline,17,middle,education,car,car,car,7022.0,D_0000486,17,53,331651308.0,297128220.0,0.0,car:331651308:297128220:0,10.977585553467929,925262257,Avenida Assis Brasil,secondary,,,,,,,,,
baseline,17,middle,education,car,car,car,7022.0,D_0000486,18,53,297128220.0,951162394.0,0.0,car:297128220:951162394:0,131.12258591542133,81604392|925262257,Avenida Assis Brasil,secondary,,,,,,,,,
baseline,17,middle,education,car,car,car,7022.0,D_0000486,19,53,951162394.0,3712620653.0,0.0,car:951162394:3712620653:0,11.907352415779167,81604392,Avenida Assis Brasil,secondary,,,,,,,,,
baseline,17,middle,education,car,car,car,7022.0,D_0000486,20,53,3712620653.0,297832489.0,0.0,car:3712620653:297832489:0,167.48777717819127,81604392,Avenida Assis Brasil,secondary,,,,,,,,,
baseline,17,middle,education,car,car,car,7022.0,D_0000486,21,53,297832489.0,8531873400.0,0.0,car:297832489:8531873400:0,111.56091413859977,356395729,Avenida Assis Brasil,secondary,,,,,,,,,
baseline,17,middle,education,car,car,car,7022.0,D_0000486,22,53,8531873400.0,12337778955.0,0.0,car:8531873400:12337778955:0,11.17765926996817,918668432,Avenida Assis Brasil,secondary,,,,,,,,,
baseline,17,middle,education,car,car,car,7022.0,D_0000486,23,53,12337778955.0,297832491.0,0.0,car:12337778955:297832491:0,13.8598148460264,918668432,Avenida Assis Brasil,secondary,,,,,,,,,
baseline,17,middle,education,car,car,car,7022.0,D_0000486,24,53,297832491.0,8548150540.0,0.0,car:297832491:8548150540:0,71.014109832803,356395725,Rua Joaquim Silveira,secondary,,,,,,,,,
baseline,17,middle,education,car,car,car,7022.0,D_0000486,25,53,8548150540.0,8548150537.0,0.0,car:8548150540:8548150537:0,79.67688323663322,920658093,,secondary_link,,,,,,,,,
baseline,17,middle,education,car,car,car,7022.0,D_0000486,26,53,8548150537.0,8548150554.0,0.0,car:8548150537:8548150554:0,160.03139483297002,473229941|926818813,Avenida Assis Brasil,secondary,,,,,,,,,
baseline,17,middle,education,car,car,car,7022.0,D_0000486,27,53,8548150554.0,319701963.0,0.0,car:8548150554:319701963:0,299.26369970036217,473229941,Avenida Assis Brasil,secondary,,,,,,,,,
baseline,17,middle,education,car,car,car,7022.0,D_0000486,28,53,319701963.0,694284261.0,0.0,car:319701963:694284261:0,130.59706727695615,473229941,Avenida Assis Brasil,secondary,,,,,,,,,
baseline,17,middle,education,car,car,car,7022.0,D_0000486,29,53,694284261.0,7737501625.0,0.0,car:694284261:7737501625:0,149.9232363027433,903406949,Avenida Assis Brasil,secondary,,,,,,,,,
baseline,17,middle,education,car,car,car,7022.0,D_0000486,30,53,7737501625.0,297825969.0,0.0,car:7737501625:297825969:0,9.721054993990794,871467508,Avenida Assis Brasil,secondary,,,,,,,,,
baseline,17,middle,education,car,car,car,7022.0,D_0000486,31,53,297825969.0,8548150556.0,0.0,car:297825969:8548150556:0,8.736044966484483,871467506,Avenida Assis Brasil,secondary,,,,,,,,,
baseline,17,middle,education,car,car,car,7022.0,D_0000486,32,53,8548150556.0,321021646.0,0.0,car:8548150556:321021646:0,101.43647026456574,871467506,Avenida Assis Brasil,secondary,,,,,,,,,
baseline,17,middle,education,car,car,car,7022.0,D_0000486,33,53,321021646.0,297825973.0,0.0,car:321021646:297825973:0,126.18792702802317,871467506,Avenida Assis Brasil,secondary,,,,,,,,,
baseline,17,middle,education,car,car,car,7022.0,D_0000486,34,53,297825973.0,297825974.0,0.0,car:297825973:297825974:0,33.790879239528756,871467506,Avenida Assis Brasil,secondary,,,,,,,,,
baseline,17,middle,education,car,car,car,7022.0,D_0000486,35,53,297825974.0,3754635754.0,0.0,car:297825974:3754635754:0,138.64264443448323,326420690,Avenida Assis Brasil,secondary,,,,,,,,,
baseline,17,middle,education,car,car,car,7022.0,D_0000486,36,53,3754635754.0,694284280.0,0.0,car:3754635754:694284280:0,211.48864921294802,326420690,Avenida Assis Brasil,secondary,,,,,,,,,
baseline,17,middle,education,car,car,car,7022.0,D_0000486,37,53,694284280.0,694284275.0,0.0,car:694284280:694284275:0,12.834729486247767,371919790,Avenida Assis Brasil,primary,,,,,,,,,
baseline,17,middle,education,car,car,car,7022.0,D_0000486,38,53,694284275.0,3754635764.0,0.0,car:694284275:3754635764:0,74.53489066634167,130788634,Avenida Assis Brasil,primary,,,,,,,,,
baseline,17,middle,education,car,car,car,7022.0,D_0000486,39,53,3754635764.0,321026291.0,0.0,car:3754635764:321026291:0,267.4431683900399,130788634|924860661,Avenida Assis Brasil,primary,,,,,,,,,
baseline,17,middle,education,car,car,car,7022.0,D_0000486,40,53,321026291.0,320162223.0,0.0,car:321026291:320162223:0,218.22474362117782,923951955,Avenida Assis Brasil,primary,,,,,,,,,
baseline,17,middle,education,car,car,car,7022.0,D_0000486,41,53,320162223.0,297826261.0,0.0,car:320162223:297826261:0,11.92185466441611,923929964,Avenida Assis Brasil,primary,,,,,,,,,
baseline,17,middle,education,car,car,car,7022.0,D_0000486,42,53,297826261.0,320162193.0,0.0,car:297826261:320162193:0,68.01958169470554,923929964,Avenida Assis Brasil,primary,,,,,,,,,
baseline,17,middle,education,car,car,car,7022.0,D_0000486,43,53,320162193.0,8117171483.0,0.0,car:320162193:8117171483:0,117.50172108946336,413366217,Avenida Assis Brasil,primary,,,,,,,,,
baseline,17,middle,education,car,car,car,7022.0,D_0000486,44,53,8117171483.0,320160589.0,0.0,car:8117171483:320160589:0,14.546721364998673,413366217,Avenida Assis Brasil,primary,,,,,,,,,
baseline,17,middle,education,car,car,car,7022.0,D_0000486,45,53,320160589.0,1458908629.0,0.0,car:320160589:1458908629:0,80.33452929997776,562246707|924860660,Avenida Assis Brasil,primary,,,,,,,,,
baseline,17,middle,education,car,car,car,7022.0,D_0000486,46,53,1458908629.0,1458908619.0,0.0,car:1458908629:1458908619:0,338.7827023678965,451652878,Avenida Assis Brasil,primary,,,,,,,,,
baseline,17,middle,education,car,car,car,7022.0,D_0000486,47,53,1458908619.0,694284283.0,0.0,car:1458908619:694284283:0,106.6273509187641,976754124,Avenida Assis Brasil,primary,,,,,,,,,
baseline,17,middle,education,car,car,car,7022.0,D_0000486,48,53,694284283.0,1458908617.0,0.0,car:694284283:1458908617:0,60.82543425822223,923910494,Avenida Assis Brasil,primary,,,,,,,,,
baseline,17,middle,education,car,car,car,7022.0,D_0000486,49,53,1458908617.0,1458908621.0,0.0,car:1458908617:1458908621:0,38.80256446051966,918121495,,primary_link,,,,,,,,,
baseline,17,middle,education,car,car,car,7022.0,D_0000486,50,53,1458908621.0,694284284.0,0.0,car:1458908621:694284284:0,36.895216866267695,356395724,Avenida Assis Brasil,primary,,,,,,,,,
baseline,17,middle,education,car,car,car,7022.0,D_0000486,51,53,694284284.0,319843735.0,0.0,car:694284284:319843735:0,294.6320489813869,29077688,Rua Pandiá Calógeras,residential,,,,,,,,,
baseline,17,middle,education,car,car,car,7022.0,D_0000486,52,53,319843735.0,704694521.0,0.0,car:319843735:704694521:0,185.7326126095336,29077688,Rua Pandiá Calógeras,residential,,,,,,,,,
baseline,19,low,health,car,car,car,10714.0,D_0001827,0,131,11429975086.0,3260630944.0,0.0,car:11429975086:3260630944:0,128.6738725586947,319626503,Rua Jamelão,living_street,,,,,,,,,
baseline,19,low,health,car,car,car,10714.0,D_0001827,1,131,3260630944.0,1445887184.0,0.0,car:3260630944:1445887184:0,69.0870086277673,131359801,Rua Margarida,residential,,,,,,,,,
baseline,19,low,health,car,car,car,10714.0,D_0001827,2,131,1445887184.0,1445887180.0,0.0,car:1445887184:1445887180:0,60.79513508128642,131359818,Rua Acácia,residential,,,,,,,,,
baseline,19,low,health,car,car,car,10714.0,D_0001827,3,131,1445887180.0,1445887190.0,0.0,car:1445887180:1445887190:0,72.94520160317467,131359818,Rua Acácia,residential,,,,,,,,,
baseline,19,low,health,car,car,car,10714.0,D_0001827,4,131,1445887190.0,1445887148.0,0.0,car:1445887190:1445887148:0,124.3541193316809,654088825,Rua Acácia,residential,,,,,,,,,
baseline,19,low,health,car,car,car,10714.0,D_0001827,5,131,1445887148.0,3260630919.0,0.0,car:1445887148:3260630919:0,103.39513469895708,328206550,Rua Guaíba,tertiary,,,,,,,,,
baseline,19,low,health,car,car,car,10714.0,D_0001827,6,131,3260630919.0,1445887193.0,0.0,car:3260630919:1445887193:0,108.4870563223831,328206550,Rua Guaíba,tertiary,,,,,,,,,
baseline,19,low,health,car,car,car,10714.0,D_0001827,7,131,1445887193.0,3260630888.0,0.0,car:1445887193:3260630888:0,78.72949437708752,328206550,Rua Guaíba,tertiary,,,,,,,,,
baseline,19,low,health,car,car,car,10714.0,D_0001827,8,131,3260630888.0,3260630893.0,0.0,car:3260630888:3260630893:0,70.98417688837714,319626553,Rua B,tertiary,,,,,,,,,
baseline,19,low,health,car,car,car,10714.0,D_0001827,9,131,3260630893.0,3260630887.0,0.0,car:3260630893:3260630887:0,76.43089264148051,319626553,Rua B,tertiary,,,,,,,,,
baseline,19,low,health,car,car,car,10714.0,D_0001827,10,131,3260630887.0,4276765528.0,0.0,car:3260630887:4276765528:0,6.816625825731972,319626553,Rua B,tertiary,,,,,,,,,
baseline,19,low,health,car,car,car,10714.0,D_0001827,11,131,4276765528.0,298271143.0,0.0,car:4276765528:298271143:0,60.24977406866138,319626553,Rua B,tertiary,,,,,,,,,
baseline,19,low,health,car,car,car,10714.0,D_0001827,12,131,298271143.0,3347054697.0,0.0,car:298271143:3347054697:0,5.9776040690563015,327890574,Rua B,tertiary,,,,,,,,,
baseline,19,low,health,car,car,car,10714.0,D_0001827,13,131,3347054697.0,8678885504.0,0.0,car:3347054697:8678885504:0,286.3265339143944,327890524,Estrada João de Oliveira Remião,secondary,,,,,,,,,
baseline,19,low,health,car,car,car,10714.0,D_0001827,14,131,8678885504.0,3347054693.0,0.0,car:8678885504:3347054693:0,33.60936838156333,327890524,Estrada João de Oliveira Remião,secondary,,,,,,,,,
baseline,19,low,health,car,car,car,10714.0,D_0001827,15,131,3347054693.0,3347054392.0,0.0,car:3347054693:3347054392:0,63.23317041783715,327890524,Estrada João de Oliveira Remião,secondary,,,,,,,,,
baseline,19,low,health,car,car,car,10714.0,D_0001827,16,131,3347054392.0,3347054382.0,0.0,car:3347054392:3347054382:0,100.39918169668219,327890524,Estrada João de Oliveira Remião,secondary,,,,,,,,,
baseline,19,low,health,car,car,car,10714.0,D_0001827,17,131,3347054382.0,3347054379.0,0.0,car:3347054382:3347054379:0,25.18569641368802,327890524,Estrada João de Oliveira Remião,secondary,,,,,,,,,
baseline,19,low,health,car,car,car,10714.0,D_0001827,18,131,3347054379.0,3347054377.0,0.0,car:3347054379:3347054377:0,153.49704457566472,327890524,Estrada João de Oliveira Remião,secondary,,,,,,,,,
baseline,19,low,health,car,car,car,10714.0,D_0001827,19,131,3347054377.0,5423455884.0,0.0,car:3347054377:5423455884:0,271.5162050118702,327890524,Estrada João de Oliveira Remião,secondary,,,,,,,,,
baseline,19,low,health,car,car,car,10714.0,D_0001827,20,131,5423455884.0,3347054370.0,0.0,car:5423455884:3347054370:0,16.896772840607973,1338324027,Estrada João de Oliveira Remião,secondary,,,,,,,,,
baseline,19,low,health,car,car,car,10714.0,D_0001827,21,131,3347054370.0,3347054368.0,0.0,car:3347054370:3347054368:0,180.27255500098602,653287565|327890549,Estrada João de Oliveira Remião,secondary,,,,,,,,,
baseline,19,low,health,car,car,car,10714.0,D_0001827,22,131,3347054368.0,3347054367.0,0.0,car:3347054368:3347054367:0,97.41979465571573,327890549,Estrada João de Oliveira Remião,secondary,,,,,,,,,
baseline,19,low,health,car,car,car,10714.0,D_0001827,23,131,3347054367.0,6159617614.0,0.0,car:3347054367:6159617614:0,312.61994926432726,327890543,Estrada João de Oliveira Remião,secondary,,,,,,,,,
baseline,19,low,health,car,car,car,10714.0,D_0001827,24,131,6159617614.0,4276701302.0,0.0,car:6159617614:4276701302:0,52.141134858628874,327890543,Estrada João de Oliveira Remião,secondary,,,,,,,,,
baseline,19,low,health,car,car,car,10714.0,D_0001827,25,131,4276701302.0,3347054365.0,0.0,car:4276701302:3347054365:0,39.58675782287461,327890543,Estrada João de Oliveira Remião,secondary,,,,,,,,,
baseline,19,low,health,car,car,car,10714.0,D_0001827,26,131,3347054365.0,4469189914.0,0.0,car:3347054365:4469189914:0,21.54853282047661,327890543,Estrada João de Oliveira Remião,secondary,,,,,,,,,
baseline,19,low,health,car,car,car,10714.0,D_0001827,27,131,4469189914.0,3347054364.0,0.0,car:4469189914:3347054364:0,39.74731129464201,327890543,Estrada João de Oliveira Remião,secondary,,,,,,,,,
baseline,19,low,health,car,car,car,10714.0,D_0001827,28,131,3347054364.0,3347054363.0,0.0,car:3347054364:3347054363:0,93.4720920253718,327890543,Estrada João de Oliveira Remião,secondary,,,,,,,,,
baseline,19,low,health,car,car,car,10714.0,D_0001827,29,131,3347054363.0,3347054359.0,0.0,car:3347054363:3347054359:0,139.61252121682753,327890545,Estrada João de Oliveira Remião,secondary,,,,,,,,,
baseline,19,low,health,car,car,car,10714.0,D_0001827,30,131,3347054359.0,4276695719.0,0.0,car:3347054359:4276695719:0,71.51318406580253,327890550,Estrada João de Oliveira Remião,secondary,,,,,,,,,
baseline,19,low,health,car,car,car,10714.0,D_0001827,31,131,4276695719.0,3347054354.0,0.0,car:4276695719:3347054354:0,270.4756656311111,926794206|327890550,Estrada João de Oliveira Remião,secondary,,,,,,,,,
baseline,19,low,health,car,car,car,10714.0,D_0001827,32,131,3347054354.0,8608466696.0,0.0,car:3347054354:8608466696:0,134.5806375909868,926794209|926794205,Estrada João de Oliveira Remião,secondary,,,,,,,,,
baseline,19,low,health,car,car,car,10714.0,D_0001827,33,131,8608466696.0,3347054353.0,0.0,car:8608466696:3347054353:0,27.463726045433138,926794208|926794209,Estrada João de Oliveira Remião,secondary,,,,,,,,,
baseline,19,low,health,car,car,car,10714.0,D_0001827,34,131,3347054353.0,3347054352.0,0.0,car:3347054353:3347054352:0,63.334340861985844,926794208,Estrada João de Oliveira Remião,secondary,,,,,,,,,
baseline,19,low,health,car,car,car,10714.0,D_0001827,35,131,3347054352.0,8599686727.0,0.0,car:3347054352:8599686727:0,203.58738519071878,327890554|927938780,Estrada João de Oliveira Remião,secondary,,,,,,,,,
baseline,19,low,health,car,car,car,10714.0,D_0001827,36,131,8599686727.0,8608346039.0,0.0,car:8599686727:8608346039:0,19.189715439385132,327890554,Estrada João de Oliveira Remião,secondary,,,,,,,,,
baseline,19,low,health,car,car,car,10714.0,D_0001827,37,131,8608346039.0,6162667517.0,0.0,car:8608346039:6162667517:0,268.89973616225114,327890554,Estrada João de Oliveira Remião,secondary,,,,,,,,,
baseline,19,low,health,car,car,car,10714.0,D_0001827,38,131,6162667517.0,3347054348.0,0.0,car:6162667517:3347054348:0,61.159287859118436,327890554,Estrada João de Oliveira Remião,secondary,,,,,,,,,
baseline,19,low,health,car,car,car,10714.0,D_0001827,39,131,3347054348.0,13745636282.0,0.0,car:3347054348:13745636282:0,8.417040159572176,327890554,Estrada João de Oliveira Remião,secondary,,,,,,,,,
baseline,19,low,health,car,car,car,10714.0,D_0001827,40,131,13745636282.0,3347054347.0,0.0,car:13745636282:3347054347:0,67.85526486494217,327890554,Estrada João de Oliveira Remião,secondary,,,,,,,,,
baseline,19,low,health,car,car,car,10714.0,D_0001827,41,131,3347054347.0,3347054346.0,0.0,car:3347054347:3347054346:0,47.96251532458212,327890554,Estrada João de Oliveira Remião,secondary,,,,,,,,,
baseline,19,low,health,car,car,car,10714.0,D_0001827,42,131,3347054346.0,3347054345.0,0.0,car:3347054346:3347054345:0,175.6703885867091,327890554,Estrada João de Oliveira Remião,secondary,,,,,,,,,
baseline,19,low,health,car,car,car,10714.0,D_0001827,43,131,3347054345.0,3347054343.0,0.0,car:3347054345:3347054343:0,75.71480278043462,327890542,Estrada João de Oliveira Remião,secondary,,,,,,,,,
baseline,19,low,health,car,car,car,10714.0,D_0001827,44,131,3347054343.0,5421098694.0,0.0,car:3347054343:5421098694:0,200.92902938157766,327890537|327890542,Estrada João de Oliveira Remião,secondary,,,,,,,,,
baseline,19,low,health,car,car,car,10714.0,D_0001827,45,131,5421098694.0,3347054340.0,0.0,car:5421098694:3347054340:0,15.527935417938117,327890537,Estrada João de Oliveira Remião,secondary,,,,,,,,,
baseline,19,low,health,car,car,car,10714.0,D_0001827,46,131,3347054340.0,4469191366.0,0.0,car:3347054340:4469191366:0,54.87837108283894,327890537,Estrada João de Oliveira Remião,secondary,,,,,,,,,
baseline,19,low,health,car,car,car,10714.0,D_0001827,47,131,4469191366.0,4469191350.0,0.0,car:4469191366:4469191350:0,40.00095266402828,327890537,Estrada João de Oliveira Remião,secondary,,,,,,,,,
baseline,19,low,health,car,car,car,10714.0,D_0001827,48,131,4469191350.0,4469191321.0,0.0,car:4469191350:4469191321:0,81.92648559506317,327890537,Estrada João de Oliveira Remião,secondary,,,,,,,,,
baseline,19,low,health,car,car,car,10714.0,D_0001827,49,131,4469191321.0,4469191289.0,0.0,car:4469191321:4469191289:0,116.90157872471805,327890537,Estrada João de Oliveira Remião,secondary,,,,,,,,,
baseline,19,low,health,car,car,car,10714.0,D_0001827,50,131,4469191289.0,3347054337.0,0.0,car:4469191289:3347054337:0,126.46964759927847,327890537|327890532,Estrada João de Oliveira Remião,secondary,,,,,,,,,
baseline,19,low,health,car,car,car,10714.0,D_0001827,51,131,3347054337.0,3347054336.0,0.0,car:3347054337:3347054336:0,19.90324286014571,327890532,Estrada João de Oliveira Remião,secondary,,,,,,,,,
baseline,19,low,health,car,car,car,10714.0,D_0001827,52,131,3347054336.0,3347054334.0,0.0,car:3347054336:3347054334:0,199.89436773577,327890548,Estrada João de Oliveira Remião,secondary,,,,,,,,,
baseline,19,low,health,car,car,car,10714.0,D_0001827,53,131,3347054334.0,293823565.0,0.0,car:3347054334:293823565:0,687.6468614258198,928643489|928643490|327890539|327890548,Estrada João de Oliveira Remião,secondary,,,,,,,,,
baseline,19,low,health,car,car,car,10714.0,D_0001827,54,131,293823565.0,293822899.0,0.0,car:293823565:293822899:0,27.785821971676675,356396341,Estrada João de Oliveira Remião,secondary,,,,,,,,,
baseline,19,low,health,car,car,car,10714.0,D_0001827,55,131,293822899.0,1402837317.0,0.0,car:293822899:1402837317:0,31.622679962390166,327076354,Estrada João de Oliveira Remião,secondary,,,,,,,,,
baseline,19,low,health,car,car,car,10714.0,D_0001827,56,131,1402837317.0,1402837323.0,0.0,car:1402837317:1402837323:0,42.71840564357096,454586875,Avenida Bento Gonçalves,primary,,,,,,,,,
baseline,19,low,health,car,car,car,10714.0,D_0001827,57,131,1402837323.0,293822634.0,0.0,car:1402837323:293822634:0,55.33497350369402,496961735,Avenida Bento Gonçalves,primary,,,,,,,,,
baseline,19,low,health,car,car,car,10714.0,D_0001827,58,131,293822634.0,3618665421.0,0.0,car:293822634:3618665421:0,708.5714495793289,926786138|926786139|927851851,Avenida Bento Gonçalves,primary,,,,,,,,,
baseline,19,low,health,car,car,car,10714.0,D_0001827,59,131,3618665421.0,1403277548.0,0.0,car:3618665421:1403277548:0,671.1083331283498,1292265378|1292265379|356395780|927851850|927851851|1292265366|1292265375,Avenida Bento Gonçalves,primary,,,,,,,,,
baseline,19,low,health,car,car,car,10714.0,D_0001827,60,131,1403277548.0,306712975.0,0.0,car:1403277548:306712975:0,94.9067846879274,428118841|927931449|29191663,Beco dos Marianos,living_street,,,,,,,,,
baseline,19,low,health,car,car,car,10714.0,D_0001827,61,131,306712975.0,4417007629.0,0.0,car:306712975:4417007629:0,136.38570596467684,218959400,Avenida Ipiranga,living_street,,,,,,,,,
baseline,19,low,health,car,car,car,10714.0,D_0001827,62,131,4417007629.0,2509018539.0,0.0,car:4417007629:2509018539:0,512.4513773274459,218959400|218959399,Avenida Ipiranga,living_street,,,,,,,,,
baseline,19,low,health,car,car,car,10714.0,D_0001827,63,131,2509018539.0,306713505.0,0.0,car:2509018539:306713505:0,108.03820038270064,218950942,Avenida Ipiranga,residential,,,,,,,,,
baseline,19,low,health,car,car,car,10714.0,D_0001827,64,131,306713505.0,2281495349.0,0.0,car:306713505:2281495349:0,56.05045052691517,218950942,Avenida Ipiranga,residential,,,,,,,,,
baseline,19,low,health,car,car,car,10714.0,D_0001827,65,131,2281495349.0,2281495338.0,0.0,car:2281495349:2281495338:0,36.49344516490328,218950948,Avenida Ipiranga,residential,,,,,,,,,
baseline,19,low,health,car,car,car,10714.0,D_0001827,66,131,2281495338.0,294917045.0,0.0,car:2281495338:294917045:0,12.504391731942272,230069267,Avenida Ipiranga,secondary,,,,,,,,,
baseline,19,low,health,car,car,car,10714.0,D_0001827,67,131,294917045.0,319124797.0,0.0,car:294917045:319124797:0,41.733882988662934,127349389,Avenida Ipiranga,secondary,,,,,,,,,
baseline,19,low,health,car,car,car,10714.0,D_0001827,68,131,319124797.0,8599639493.0,0.0,car:319124797:8599639493:0,289.31174821844667,221134901,Avenida Ipiranga,secondary,,,,,,,,,
baseline,19,low,health,car,car,car,10714.0,D_0001827,69,131,8599639493.0,1164132133.0,0.0,car:8599639493:1164132133:0,108.69782182849775,221134901,Avenida Ipiranga,secondary,,,,,,,,,
baseline,19,low,health,car,car,car,10714.0,D_0001827,70,131,1164132133.0,2932137883.0,0.0,car:1164132133:2932137883:0,153.50529949997525,221134901,Avenida Ipiranga,secondary,,,,,,,,,
baseline,19,low,health,car,car,car,10714.0,D_0001827,71,131,2932137883.0,293823489.0,0.0,car:2932137883:293823489:0,773.9401830163522,471814842,Avenida Ipiranga,secondary,,,,,,,,,
baseline,19,low,health,car,car,car,10714.0,D_0001827,72,131,293823489.0,8427637765.0,0.0,car:293823489:8427637765:0,26.992934078023,35774378,Avenida Joaquim Porto Villanova,tertiary,,,,,,,,,
baseline,19,low,health,car,car,car,10714.0,D_0001827,73,131,8427637765.0,314662131.0,0.0,car:8427637765:314662131:0,132.5099524750249,35774378|471814876,Avenida Joaquim Porto Villanova,tertiary,,,,,,,,,
baseline,19,low,health,car,car,car,10714.0,D_0001827,74,131,314662131.0,2073429573.0,0.0,car:314662131:2073429573:0,237.45834016179413,471814876,Avenida Joaquim Porto Villanova,tertiary,,,,,,,,,
baseline,19,low,health,car,car,car,10714.0,D_0001827,75,131,2073429573.0,3080540689.0,0.0,car:2073429573:3080540689:0,186.96310679935485,327282617,Rua Ary Burger,residential,,,,,,,,,
baseline,19,low,health,car,car,car,10714.0,D_0001827,76,131,3080540689.0,2884499567.0,0.0,car:3080540689:2884499567:0,117.1135822394074,284739969,,unclassified,,,,,,,,,
baseline,19,low,health,car,car,car,10714.0,D_0001827,77,131,2884499567.0,319118139.0,0.0,car:2884499567:319118139:0,116.10538719873264,29017657,Rua 28,living_street,,,,,,,,,
baseline,19,low,health,car,car,car,10714.0,D_0001827,78,131,319118139.0,319118344.0,0.0,car:319118139:319118344:0,65.29808271888788,29017657,Rua 28,living_street,,,,,,,,,
baseline,19,low,health,car,car,car,10714.0,D_0001827,79,131,319118344.0,8427532447.0,0.0,car:319118344:8427532447:0,4.361880934545125,29017678,Rua Arnaldo Antônio Portaluppi,residential,,,,,,,,,
baseline,19,low,health,car,car,car,10714.0,D_0001827,80,131,8427532447.0,319118346.0,0.0,car:8427532447:319118346:0,62.66883106324677,29017678,Rua Arnaldo Antônio Portaluppi,residential,,,,,,,,,
baseline,19,low,health,car,car,car,10714.0,D_0001827,81,131,319118346.0,319118350.0,0.0,car:319118346:319118350:0,96.40507647151233,29017678,Rua Arnaldo Antônio Portaluppi,residential,,,,,,,,,
baseline,19,low,health,car,car,car,10714.0,D_0001827,82,131,319118350.0,319118353.0,0.0,car:319118350:319118353:0,65.41156869552051,29017678,Rua Arnaldo Antônio Portaluppi,residential,,,,,,,,,
baseline,19,low,health,car,car,car,10714.0,D_0001827,83,131,319118353.0,319118354.0,0.0,car:319118353:319118354:0,26.710494140037714,29017678,Rua Arnaldo Antônio Portaluppi,residential,,,,,,,,,
baseline,19,low,health,car,car,car,10714.0,D_0001827,84,131,319118354.0,3362211252.0,0.0,car:319118354:3362211252:0,35.77864701818103,29018248,Rua Santa Isabel,residential,,,,,,,,,
baseline,19,low,health,car,car,car,10714.0,D_0001827,85,131,3362211252.0,319118281.0,0.0,car:3362211252:319118281:0,41.986918438779696,29018248,Rua Santa Isabel,residential,,,,,,,,,
baseline,19,low,health,car,car,car,10714.0,D_0001827,86,131,319118281.0,445820712.0,0.0,car:319118281:445820712:0,78.35510023024946,327282625,Rua Santa Isabel,tertiary,,,,,,,,,
baseline,19,low,health,car,car,car,10714.0,D_0001827,87,131,445820712.0,445820701.0,0.0,car:445820712:445820701:0,96.92947109673814,356396653,Rua Santa Isabel,tertiary,,,,,,,,,
baseline,19,low,health,car,car,car,10714.0,D_0001827,88,131,445820701.0,445820685.0,0.0,car:445820701:445820685:0,134.53071589398292,356396653,Rua Santa Isabel,tertiary,,,,,,,,,
baseline,19,low,health,car,car,car,10714.0,D_0001827,89,131,445820685.0,319123996.0,0.0,car:445820685:319123996:0,156.031590080824,327282623,Rua Santa Isabel,tertiary,,,,,,,,,
baseline,19,low,health,car,car,car,10714.0,D_0001827,90,131,319123996.0,319123970.0,0.0,car:319123996:319123970:0,154.39356831196744,327282624,Rua Santa Isabel,tertiary,,,,,,,,,
baseline,19,low,health,car,car,car,10714.0,D_0001827,91,131,319123970.0,445820890.0,0.0,car:319123970:445820890:0,270.5896052533901,327282624,Rua Santa Isabel,tertiary,,,,,,,,,
baseline,19,low,health,car,car,car,10714.0,D_0001827,92,131,445820890.0,2527526896.0,0.0,car:445820890:2527526896:0,10.226206937606378,28069141,Rua Santa Isabel,tertiary,,,,,,,,,
baseline,19,low,health,car,car,car,10714.0,D_0001827,93,131,2527526896.0,308215069.0,0.0,car:2527526896:308215069:0,11.032534033251101,28069141,Rua Santa Isabel,tertiary,,,,,,,,,
baseline,19,low,health,car,car,car,10714.0,D_0001827,94,131,308215069.0,444910672.0,0.0,car:308215069:444910672:0,90.35108944096694,327312704,Rua Doutor Ernesto Ludwig,tertiary,,,,,,,,,
baseline,19,low,health,car,car,car,10714.0,D_0001827,95,131,444910672.0,2511595991.0,0.0,car:444910672:2511595991:0,88.10674887762794,327312704,Rua Doutor Ernesto Ludwig,tertiary,,,,,,,,,
baseline,19,low,health,car,car,car,10714.0,D_0001827,96,131,2511595991.0,2511595989.0,0.0,car:2511595991:2511595989:0,110.69842924560443,327312704,Rua Doutor Ernesto Ludwig,tertiary,,,,,,,,,
baseline,19,low,health,car,car,car,10714.0,D_0001827,97,131,2511595989.0,461821855.0,0.0,car:2511595989:461821855:0,104.59165108028105,327312704,Rua Doutor Ernesto Ludwig,tertiary,,,,,,,,,
baseline,19,low,health,car,car,car,10714.0,D_0001827,98,131,461821855.0,444910693.0,0.0,car:461821855:444910693:0,96.53846547580154,327312704,Rua Doutor Ernesto Ludwig,tertiary,,,,,,,,,
baseline,19,low,health,car,car,car,10714.0,D_0001827,99,131,444910693.0,2511598229.0,0.0,car:444910693:2511598229:0,101.74578758234144,327312704,Rua Doutor Ernesto Ludwig,tertiary,,,,,,,,,
baseline,19,low,health,car,car,car,10714.0,D_0001827,100,131,2511598229.0,8588030904.0,0.0,car:2511598229:8588030904:0,29.560629510282276,28069149,Praça Lima Duarte,residential,,,,,,,,,
baseline,19,low,health,car,car,car,10714.0,D_0001827,101,131,8588030904.0,573281943.0,0.0,car:8588030904:573281943:0,16.842725080909098,28069149,Praça Lima Duarte,residential,,,,,,,,,
baseline,19,low,health,car,car,car,10714.0,D_0001827,102,131,573281943.0,573282081.0,0.0,car:573281943:573282081:0,132.19091881283876,220814639,Rua João Berrutti,residential,,,,,,,,,
baseline,19,low,health,car,car,car,10714.0,D_0001827,103,131,573282081.0,298897246.0,0.0,car:573282081:298897246:0,292.1434279425317,220814639,Rua João Berrutti,residential,,,,,,,,,
baseline,19,low,health,car,car,car,10714.0,D_0001827,104,131,298897246.0,298896740.0,0.0,car:298897246:298896740:0,139.4190585236556,266143384,Rua General Francisco de Paula Cidade,tertiary,,,,,,,,,
baseline,19,low,health,car,car,car,10714.0,D_0001827,105,131,298896740.0,298896958.0,0.0,car:298896740:298896958:0,104.3011025175578,27234625,Rua Doutor Barbosa Gonçalves,residential,,,,,,,,,
baseline,19,low,health,car,car,car,10714.0,D_0001827,106,131,298896958.0,489916711.0,0.0,car:298896958:489916711:0,207.01042111371618,27234625,Rua Doutor Barbosa Gonçalves,residential,,,,,,,,,
baseline,19,low,health,car,car,car,10714.0,D_0001827,107,131,489916711.0,842816491.0,0.0,car:489916711:842816491:0,40.054465970869174,356396072,Avenida Doutor Nilo Peçanha,secondary,,,,,,,,,
baseline,19,low,health,car,car,car,10714.0,D_0001827,108,131,842816491.0,296022173.0,0.0,car:842816491:296022173:0,18.429684105697135,70639367,Rua Antônio Carlos Berta,secondary,,,,,,,,,
baseline,19,low,health,car,car,car,10714.0,D_0001827,109,131,296022173.0,1139972475.0,0.0,car:296022173:1139972475:0,22.642287117772128,27209405|492814071,Rua Antônio Carlos Berta,secondary,,,,,,,,,
baseline,19,low,health,car,car,car,10714.0,D_0001827,110,131,1139972475.0,1140165323.0,0.0,car:1139972475:1140165323:0,83.05006466825898,451653238,Rua Antônio Carlos Berta,secondary,,,,,,,,,
baseline,19,low,health,car,car,car,10714.0,D_0001827,111,131,1140165323.0,298933775.0,0.0,car:1140165323:298933775:0,369.9110243595409,451653238,Rua Antônio Carlos Berta,secondary,,,,,,,,,
baseline,19,low,health,car,car,car,10714.0,D_0001827,112,131,298933775.0,308427297.0,0.0,car:298933775:308427297:0,89.84476520695473,451653238,Rua Antônio Carlos Berta,secondary,,,,,,,,,
baseline,19,low,health,car,car,car,10714.0,D_0001827,113,131,308427297.0,308427352.0,0.0,car:308427297:308427352:0,12.890965607322117,28083862,Rua Thadeu Onar,secondary,,,,,,,,,
baseline,19,low,health,car,car,car,10714.0,D_0001827,114,131,308427352.0,471017100.0,0.0,car:308427352:471017100:0,181.3127116673842,699733542|27209494,Rua Thadeu Onar,secondary,,,,,,,,,
baseline,19,low,health,car,car,car,10714.0,D_0001827,115,131,471017100.0,2871598479.0,0.0,car:471017100:2871598479:0,75.78168628910443,356396489,Rua Coronel Francisco Bitencourt,secondary,,,,,,,,,
baseline,19,low,health,car,car,car,10714.0,D_0001827,116,131,2871598479.0,2871598475.0,0.0,car:2871598479:2871598475:0,19.36067712277572,283272900,Rua Cipó,residential,,,,,,,,,
baseline,19,low,health,car,car,car,10714.0,D_0001827,117,131,2871598475.0,876416149.0,0.0,car:2871598475:876416149:0,112.61421882092122,222420365,Rua Cipó,residential,,,,,,,,,
baseline,19,low,health,car,car,car,10714.0,D_0001827,118,131,876416149.0,2783655615.0,0.0,car:876416149:2783655615:0,256.0064886001708,28084115,Rua Roque Calage,residential,,,,,,,,,
baseline,19,low,health,car,car,car,10714.0,D_0001827,119,131,2783655615.0,2783655596.0,0.0,car:2783655615:2783655596:0,47.523790757184685,451653156,Praça Doutor Gastão Santos,residential,,,,,,,,,
baseline,19,low,health,car,car,car,10714.0,D_0001827,120,131,2783655596.0,2783655602.0,0.0,car:2783655596:2783655602:0,50.54340521824102,287751068,Praça Doutor Gastão Santos,residential,,,,,,,,,
baseline,19,low,health,car,car,car,10714.0,D_0001827,121,131,2783655602.0,573311121.0,0.0,car:2783655602:573311121:0,250.97831271927464,28084118,Rua Roque Calage,residential,,,,,,,,,
baseline,19,low,health,car,car,car,10714.0,D_0001827,122,131,573311121.0,9009737998.0,0.0,car:573311121:9009737998:0,90.3732659789242,130714223,Rua Roque Calage,residential,,,,,,,,,
baseline,19,low,health,car,car,car,10714.0,D_0001827,123,131,9009737998.0,8425225384.0,0.0,car:9009737998:8425225384:0,54.85980053510826,130714223,Rua Roque Calage,residential,,,,,,,,,
baseline,19,low,health,car,car,car,10714.0,D_0001827,124,131,8425225384.0,8425225368.0,0.0,car:8425225384:8425225368:0,42.77373464567489,130714223,Rua Roque Calage,residential,,,,,,,,,
baseline,19,low,health,car,car,car,10714.0,D_0001827,125,131,8425225368.0,2328387906.0,0.0,car:8425225368:2328387906:0,32.64838476194587,130714223,Rua Roque Calage,residential,,,,,,,,,
baseline,19,low,health,car,car,car,10714.0,D_0001827,126,131,2328387906.0,2328387903.0,0.0,car:2328387906:2328387903:0,7.155707642247392,130714226,Rua Roque Calage,residential,,,,,,,,,
baseline,19,low,health,car,car,car,10714.0,D_0001827,127,131,2328387903.0,2328387909.0,0.0,car:2328387903:2328387909:0,110.17944233687058,284329735,Avenida Grécia,secondary,,,,,,,,,
baseline,19,low,health,car,car,car,10714.0,D_0001827,128,131,2328387909.0,2328387924.0,0.0,car:2328387909:2328387924:0,70.844304884529,283404035,Avenida Grécia,secondary,,,,,,,,,
baseline,19,low,health,car,car,car,10714.0,D_0001827,129,131,2328387924.0,2328387925.0,0.0,car:2328387924:2328387925:0,92.74977987593755,224007132,Avenida Grécia,secondary,,,,,,,,,
baseline,19,low,health,car,car,car,10714.0,D_0001827,130,131,2328387925.0,2669518432.0,0.0,car:2328387925:2669518432:0,98.47715495279121,451652966,Avenida Grécia,secondary,,,,,,,,,
baseline,20,high,work,car,car,car,506.0,D_0016704,0,93,453840875.0,1239205597.0,0.0,car:453840875:1239205597:0,104.18318809481158,219477647,Rua Chavantes,residential,,,,,,,,,
baseline,20,high,work,car,car,car,506.0,D_0016704,1,93,1239205597.0,453849305.0,0.0,car:1239205597:453849305:0,74.21825061851919,38400107,Rua Chavantes,residential,,,,,,,,,
baseline,20,high,work,car,car,car,506.0,D_0016704,2,93,453849305.0,453849307.0,0.0,car:453849305:453849307:0,84.47462469860086,38400111,Praça João Bergmann,residential,,,,,,,,,
baseline,20,high,work,car,car,car,506.0,D_0016704,3,93,453849307.0,453849319.0,0.0,car:453849307:453849319:0,141.766220349293,38400111,Praça João Bergmann,residential,,,,,,,,,
baseline,20,high,work,car,car,car,506.0,D_0016704,4,93,453849319.0,453849279.0,0.0,car:453849319:453849279:0,32.655918086860495,215445557,Avenida Pereira Passos,secondary,,,,,,,,,
baseline,20,high,work,car,car,car,506.0,D_0016704,5,93,453849279.0,2248914615.0,0.0,car:453849279:2248914615:0,93.72066096331974,215445557,Avenida Pereira Passos,secondary,,,,,,,,,
baseline,20,high,work,car,car,car,506.0,D_0016704,6,93,2248914615.0,2248914617.0,0.0,car:2248914615:2248914617:0,112.17687694856659,215445557,Avenida Pereira Passos,secondary,,,,,,,,,
baseline,20,high,work,car,car,car,506.0,D_0016704,7,93,2248914617.0,2248914619.0,0.0,car:2248914617:2248914619:0,39.8499086092936,215445557,Avenida Pereira Passos,secondary,,,,,,,,,
baseline,20,high,work,car,car,car,506.0,D_0016704,8,93,2248914619.0,2248914622.0,0.0,car:2248914619:2248914622:0,54.10160935428897,215445557,Avenida Pereira Passos,secondary,,,,,,,,,
baseline,20,high,work,car,car,car,506.0,D_0016704,9,93,2248914622.0,508060254.0,0.0,car:2248914622:508060254:0,34.52163819781565,215445557,Avenida Pereira Passos,secondary,,,,,,,,,
baseline,20,high,work,car,car,car,506.0,D_0016704,10,93,508060254.0,297836811.0,0.0,car:508060254:297836811:0,22.412717718261433,1378195160|288047941,Avenida Pereira Passos,secondary,,,,,,,,,
baseline,20,high,work,car,car,car,506.0,D_0016704,11,93,297836811.0,1951979407.0,0.0,car:297836811:1951979407:0,23.564491106126113,203195761,Avenida Wenceslau Escobar,secondary,,,,,,,,,
baseline,20,high,work,car,car,car,506.0,D_0016704,12,93,1951979407.0,297836813.0,0.0,car:1951979407:297836813:0,52.39818297174518,203195761,Avenida Wenceslau Escobar,secondary,,,,,,,,,
baseline,20,high,work,car,car,car,506.0,D_0016704,13,93,297836813.0,1998043974.0,0.0,car:297836813:1998043974:0,26.065144662777424,1378195167,Avenida Wenceslau Escobar,secondary,,,,,,,,,
baseline,20,high,work,car,car,car,506.0,D_0016704,14,93,1998043974.0,12760879423.0,0.0,car:1998043974:12760879423:0,19.151246073934434,1456365641,Avenida Wenceslau Escobar,secondary,,,,,,,,,
baseline,20,high,work,car,car,car,506.0,D_0016704,15,93,12760879423.0,1998043966.0,0.0,car:12760879423:1998043966:0,182.64692016111576,189151152,Avenida Wenceslau Escobar,secondary,,,,,,,,,
baseline,20,high,work,car,car,car,506.0,D_0016704,16,93,1998043966.0,13356494933.0,0.0,car:1998043966:13356494933:0,136.05488175834137,1309523578|1456365629,Avenida Wenceslau Escobar,secondary,,,,,,,,,
baseline,20,high,work,car,car,car,506.0,D_0016704,17,93,13356494933.0,1998043960.0,0.0,car:13356494933:1998043960:0,36.59605961609142,1456365628,Avenida Wenceslau Escobar,secondary,,,,,,,,,
baseline,20,high,work,car,car,car,506.0,D_0016704,18,93,1998043960.0,4438025403.0,0.0,car:1998043960:4438025403:0,44.18452172300605,189151156,Avenida Wenceslau Escobar,secondary,,,,,,,,,
baseline,20,high,work,car,car,car,506.0,D_0016704,19,93,4438025403.0,4438025402.0,0.0,car:4438025403:4438025402:0,37.61747573115156,1455298841|446556758,Rua Coronel Massot,tertiary_link,,,,,,,,,
baseline,20,high,work,car,car,car,506.0,D_0016704,20,93,4438025402.0,1245893738.0,0.0,car:4438025402:1245893738:0,23.84613910965807,108636198,Rua Coronel Massot,tertiary,,,,,,,,,
baseline,20,high,work,car,car,car,506.0,D_0016704,21,93,1245893738.0,1245893747.0,0.0,car:1245893738:1245893747:0,186.0569469322212,192147549,Rua Coronel Massot,tertiary,,,,,,,,,
baseline,20,high,work,car,car,car,506.0,D_0016704,22,93,1245893747.0,635148967.0,0.0,car:1245893747:635148967:0,132.9563408610257,192147550,Rua Coronel Massot,tertiary,,,,,,,,,
baseline,20,high,work,car,car,car,506.0,D_0016704,23,93,635148967.0,1245893770.0,0.0,car:635148967:1245893770:0,224.7529115469221,192147550,Rua Coronel Massot,tertiary,,,,,,,,,
baseline,20,high,work,car,car,car,506.0,D_0016704,24,93,1245893770.0,2022414099.0,0.0,car:1245893770:2022414099:0,58.763507988195094,192147550,Rua Coronel Massot,tertiary,,,,,,,,,
baseline,20,high,work,car,car,car,506.0,D_0016704,25,93,2022414099.0,635149051.0,0.0,car:2022414099:635149051:0,94.09232975272118,191657841,Rua Coronel Massot,tertiary,,,,,,,,,
baseline,20,high,work,car,car,car,506.0,D_0016704,26,93,635149051.0,1277847087.0,0.0,car:635149051:1277847087:0,210.76593468307874,108636200,Rua Coronel Massot,tertiary,,,,,,,,,
baseline,20,high,work,car,car,car,506.0,D_0016704,27,93,1277847087.0,2027227907.0,0.0,car:1277847087:2027227907:0,179.33289058560638,108636200,Rua Coronel Massot,tertiary,,,,,,,,,
baseline,20,high,work,car,car,car,506.0,D_0016704,28,93,2027227907.0,635144860.0,0.0,car:2027227907:635144860:0,80.68094972932079,108636200,Rua Coronel Massot,tertiary,,,,,,,,,
baseline,20,high,work,car,car,car,506.0,D_0016704,29,93,635144860.0,8733320348.0,0.0,car:635144860:8733320348:0,37.3931454986993,192147552,Rua Coronel Massot,tertiary,,,,,,,,,
baseline,20,high,work,car,car,car,506.0,D_0016704,30,93,8733320348.0,2027082720.0,0.0,car:8733320348:2027082720:0,23.959246332703636,192147552,Rua Coronel Massot,tertiary,,,,,,,,,
baseline,20,high,work,car,car,car,506.0,D_0016704,31,93,2027082720.0,635144871.0,0.0,car:2027082720:635144871:0,12.210712463412168,192147552,Rua Coronel Massot,tertiary,,,,,,,,,
baseline,20,high,work,car,car,car,506.0,D_0016704,32,93,635144871.0,635144861.0,0.0,car:635144871:635144861:0,195.33084462062303,203432795,Rua Coronel Massot,tertiary,,,,,,,,,
baseline,20,high,work,car,car,car,506.0,D_0016704,33,93,635144861.0,1952096151.0,0.0,car:635144861:1952096151:0,235.41737578080577,451653376|184734475,Rua Coronel Massot|Rua Xavier da Cunha,tertiary,,,,,,,,,
baseline,20,high,work,car,car,car,506.0,D_0016704,34,93,1952096151.0,8327661745.0,0.0,car:1952096151:8327661745:0,32.136543844517135,184734464,Rua Xavier da Cunha,tertiary,,,,,,,,,
baseline,20,high,work,car,car,car,506.0,D_0016704,35,93,8327661745.0,1952462857.0,0.0,car:8327661745:1952462857:0,17.34949252058354,895891104,,primary_link,,,,,,,,,
baseline,20,high,work,car,car,car,506.0,D_0016704,36,93,1952462857.0,8327661746.0,0.0,car:1952462857:8327661746:0,13.785360905281728,925252888,,primary_link,,,,,,,,,
baseline,20,high,work,car,car,car,506.0,D_0016704,37,93,8327661746.0,2023798170.0,0.0,car:8327661746:2023798170:0,75.18717963813893,356396292,Avenida da Cavalhada,primary,,,,,,,,,
baseline,20,high,work,car,car,car,506.0,D_0016704,38,93,2023798170.0,1952462844.0,0.0,car:2023798170:1952462844:0,167.8751095744036,356396290,Avenida da Cavalhada,primary,,,,,,,,,
baseline,20,high,work,car,car,car,506.0,D_0016704,39,93,1952462844.0,448035128.0,0.0,car:1952462844:448035128:0,52.3504714177905,191810970,Avenida da Cavalhada,primary,,,,,,,,,
baseline,20,high,work,car,car,car,506.0,D_0016704,40,93,448035128.0,456618549.0,0.0,car:448035128:456618549:0,78.84010328688899,191810970,Avenida da Cavalhada,primary,,,,,,,,,
baseline,20,high,work,car,car,car,506.0,D_0016704,41,93,456618549.0,448035132.0,0.0,car:456618549:448035132:0,95.81098018348726,191810970,Avenida da Cavalhada,primary,,,,,,,,,
baseline,20,high,work,car,car,car,506.0,D_0016704,42,93,448035132.0,2023798157.0,0.0,car:448035132:2023798157:0,175.78719590162677,131491619|925256421,Avenida da Cavalhada,primary,,,,,,,,,
baseline,20,high,work,car,car,car,506.0,D_0016704,43,93,2023798157.0,448035237.0,0.0,car:2023798157:448035237:0,36.01459959023101,925256422,Avenida da Cavalhada,primary,,,,,,,,,
baseline,20,high,work,car,car,car,506.0,D_0016704,44,93,448035237.0,448034986.0,0.0,car:448035237:448034986:0,17.822976165784343,813468835,Avenida da Cavalhada,primary,,,,,,,,,
baseline,20,high,work,car,car,car,506.0,D_0016704,45,93,448034986.0,6158983559.0,0.0,car:448034986:6158983559:0,263.30961221536927,38092282,Avenida Nonoai,primary,,,,,,,,,
baseline,20,high,work,car,car,car,506.0,D_0016704,46,93,6158983559.0,4943881408.0,0.0,car:6158983559:4943881408:0,155.99618103917632,926818163|926818164|504209135,Avenida Nonoai,primary,,,,,,,,,
baseline,20,high,work,car,car,car,506.0,D_0016704,47,93,4943881408.0,448035001.0,0.0,car:4943881408:448035001:0,260.0004352016722,504209134,Avenida Nonoai,primary,,,,,,,,,
baseline,20,high,work,car,car,car,506.0,D_0016704,48,93,448035001.0,448035003.0,0.0,car:448035001:448035003:0,30.614134900374612,504209134,Avenida Nonoai,primary,,,,,,,,,
baseline,20,high,work,car,car,car,506.0,D_0016704,49,93,448035003.0,1107041520.0,0.0,car:448035003:1107041520:0,213.57015910395197,504209134,Avenida Nonoai,primary,,,,,,,,,
baseline,20,high,work,car,car,car,506.0,D_0016704,50,93,1107041520.0,2282736205.0,0.0,car:1107041520:2282736205:0,147.26463885691174,504209134,Avenida Nonoai,primary,,,,,,,,,
baseline,20,high,work,car,car,car,506.0,D_0016704,51,93,2282736205.0,8720408269.0,0.0,car:2282736205:8720408269:0,78.23100058250883,219064576,Avenida Nonoai,primary,,,,,,,,,
baseline,20,high,work,car,car,car,506.0,D_0016704,52,93,8720408269.0,448035009.0,0.0,car:8720408269:448035009:0,105.21440585406056,219064576,Avenida Nonoai,primary,,,,,,,,,
baseline,20,high,work,car,car,car,506.0,D_0016704,53,93,448035009.0,1107041518.0,0.0,car:448035009:1107041518:0,182.4194809380761,219064576,Avenida Nonoai,primary,,,,,,,,,
baseline,20,high,work,car,car,car,506.0,D_0016704,54,93,1107041518.0,8572513402.0,0.0,car:1107041518:8572513402:0,94.7402961297676,219064576,Avenida Nonoai,primary,,,,,,,,,
baseline,20,high,work,car,car,car,506.0,D_0016704,55,93,8572513402.0,448035011.0,0.0,car:8572513402:448035011:0,41.18485605294531,219064576,Avenida Nonoai,primary,,,,,,,,,
baseline,20,high,work,car,car,car,506.0,D_0016704,56,93,448035011.0,8572513403.0,0.0,car:448035011:8572513403:0,10.864896170425691,37741988,Avenida Teresópolis,primary,,,,,,,,,
baseline,20,high,work,car,car,car,506.0,D_0016704,57,93,8572513403.0,1407319762.0,0.0,car:8572513403:1407319762:0,115.24382928750964,923502947|37741988,Avenida Teresópolis,primary,,,,,,,,,
baseline,20,high,work,car,car,car,506.0,D_0016704,58,93,1407319762.0,448035034.0,0.0,car:1407319762:448035034:0,83.15367346235861,356396265,Avenida Teresópolis,primary,,,,,,,,,
baseline,20,high,work,car,car,car,506.0,D_0016704,59,93,448035034.0,1024311075.0,0.0,car:448035034:1024311075:0,53.71710617832197,168522566,Avenida Teresópolis,primary,,,,,,,,,
baseline,20,high,work,car,car,car,506.0,D_0016704,60,93,1024311075.0,1159301737.0,0.0,car:1024311075:1159301737:0,83.23267566811735,356396259,Avenida Teresópolis,primary,,,,,,,,,
baseline,20,high,work,car,car,car,506.0,D_0016704,61,93,1159301737.0,2522167141.0,0.0,car:1159301737:2522167141:0,52.76757519576099,100297586,Avenida Teresópolis,busway,,,,,,,,,
baseline,20,high,work,car,car,car,506.0,D_0016704,62,93,2522167141.0,3618665491.0,0.0,car:2522167141:3618665491:0,226.16902726355556,99045290,Corredor de Transporte Coletivo Teresópolis,busway,,,,,,,,,
baseline,20,high,work,car,car,car,506.0,D_0016704,63,93,3618665491.0,3618665489.0,0.0,car:3618665491:3618665489:0,21.62528432114355,356397705,Corredor de Transporte Coletivo Teresópolis,busway,,,,,,,,,
baseline,20,high,work,car,car,car,506.0,D_0016704,64,93,3618665489.0,5419307005.0,0.0,car:3618665489:5419307005:0,225.15754363708112,356397705,Corredor de Transporte Coletivo Teresópolis,busway,,,,,,,,,
baseline,20,high,work,car,car,car,506.0,D_0016704,65,93,5419307005.0,2289413063.0,0.0,car:5419307005:2289413063:0,36.528770631153144,356397705,Corredor de Transporte Coletivo Teresópolis,busway,,,,,,,,,
baseline,20,high,work,car,car,car,506.0,D_0016704,66,93,2289413063.0,1159301926.0,0.0,car:2289413063:1159301926:0,52.454773924225954,356397441,Corredor de Transporte Coletivo Teresópolis,busway,,,,,,,,,
baseline,20,high,work,car,car,car,506.0,D_0016704,67,93,1159301926.0,1152647352.0,0.0,car:1159301926:1152647352:0,403.10358746935765,356397723|254833142,Corredor de Transporte Coletivo Doutor Salvador França|Passagem de Nível Engenheiro José Portella Nunes,busway,,,,,,,,,
baseline,20,high,work,car,car,car,506.0,D_0016704,68,93,1152647352.0,10079592740.0,0.0,car:1152647352:10079592740:0,5.8056986192066695,356397403,Corredor de Transporte Coletivo Doutor Salvador França,busway,,,,,,,,,
baseline,20,high,work,car,car,car,506.0,D_0016704,69,93,10079592740.0,1420870514.0,0.0,car:10079592740:1420870514:0,345.90405668492946,356398434|356397403|500493334,Corredor de Transporte Coletivo Doutor Salvador França,busway,,,,,,,,,
baseline,20,high,work,car,car,car,506.0,D_0016704,70,93,1420870514.0,1152647381.0,0.0,car:1420870514:1152647381:0,12.39284825165113,500493334,Corredor de Transporte Coletivo Doutor Salvador França,busway,,,,,,,,,
baseline,20,high,work,car,car,car,506.0,D_0016704,71,93,1152647381.0,3618665439.0,0.0,car:1152647381:3618665439:0,177.74865462728897,500493334,Corredor de Transporte Coletivo Doutor Salvador França,busway,,,,,,,,,
baseline,20,high,work,car,car,car,506.0,D_0016704,72,93,3618665439.0,2036051366.0,0.0,car:3618665439:2036051366:0,104.68336471292982,254833137,Corredor de Transporte Coletivo Doutor Salvador França,busway,,,,,,,,,
baseline,20,high,work,car,car,car,506.0,D_0016704,73,93,2036051366.0,2036051365.0,0.0,car:2036051366:2036051365:0,661.4276786764249,1365351888|500493333|1365351887,Corredor de Transporte Coletivo Doutor Salvador França,busway,,,,,,,,,
baseline,20,high,work,car,car,car,506.0,D_0016704,74,93,2036051365.0,3618665359.0,0.0,car:2036051365:3618665359:0,513.7727341410846,1365351889|500493332|1365351886,Corredor de Transporte Coletivo Doutor Salvador França,busway,,,,,,,,,
baseline,20,high,work,car,car,car,506.0,D_0016704,75,93,3618665359.0,3618665355.0,0.0,car:3618665359:3618665355:0,17.463125415588028,356397528,,busway,,,,,,,,,
baseline,20,high,work,car,car,car,506.0,D_0016704,76,93,3618665355.0,306704062.0,0.0,car:3618665355:306704062:0,97.08533633132055,219727244,Avenida Coronel Aparício Borges,primary,,,,,,,,,
baseline,20,high,work,car,car,car,506.0,D_0016704,77,93,306704062.0,8717964320.0,0.0,car:306704062:8717964320:0,288.3555260926198,219727249|924440658,Rua Capitão André Lago Páris,tertiary,,,,,,,,,
baseline,20,high,work,car,car,car,506.0,D_0016704,78,93,8717964320.0,8727079588.0,0.0,car:8717964320:8727079588:0,6.744557970603113,924440658,Rua Capitão André Lago Páris,tertiary,,,,,,,,,
baseline,20,high,work,car,car,car,506.0,D_0016704,79,93,8727079588.0,617904627.0,0.0,car:8727079588:617904627:0,7.848929891894553,924440658,Rua Capitão André Lago Páris,tertiary,,,,,,,,,
baseline,20,high,work,car,car,car,506.0,D_0016704,80,93,617904627.0,6180015579.0,0.0,car:617904627:6180015579:0,153.37335839635503,214758005,Rua Capitão André Lago Páris,tertiary,,,,,,,,,
baseline,20,high,work,car,car,car,506.0,D_0016704,81,93,6180015579.0,617904621.0,0.0,car:6180015579:617904621:0,201.71750288218522,214758005,Rua Capitão André Lago Páris,tertiary,,,,,,,,,
baseline,20,high,work,car,car,car,506.0,D_0016704,82,93,617904621.0,617904623.0,0.0,car:617904621:617904623:0,99.73988461549358,214758003,Avenida Rócio,tertiary,,,,,,,,,
baseline,20,high,work,car,car,car,506.0,D_0016704,83,93,617904623.0,434835028.0,0.0,car:617904623:434835028:0,78.63204044284717,451653087,Avenida Rócio,tertiary,,,,,,,,,
baseline,20,high,work,car,car,car,506.0,D_0016704,84,93,434835028.0,434835019.0,0.0,car:434835028:434835019:0,22.02488606080827,451653087,Avenida Rócio,tertiary,,,,,,,,,
baseline,20,high,work,car,car,car,506.0,D_0016704,85,93,434835019.0,3073689632.0,0.0,car:434835019:3073689632:0,8.961954687174037,356396210,Avenida Rócio,tertiary,,,,,,,,,
baseline,20,high,work,car,car,car,506.0,D_0016704,86,93,3073689632.0,434835018.0,0.0,car:3073689632:434835018:0,36.06887717813577,356396210,Avenida Rócio,tertiary,,,,,,,,,
baseline,20,high,work,car,car,car,506.0,D_0016704,87,93,434835018.0,1199276999.0,0.0,car:434835018:1199276999:0,111.20452167891368,219527958,Rua Coronel Tisiano F. de Leoni,residential,,,,,,,,,
baseline,20,high,work,car,car,car,506.0,D_0016704,88,93,1199276999.0,1199277122.0,0.0,car:1199276999:1199277122:0,122.01540794526842,103892213,Rua Reverendo Orlando Baptista,residential,,,,,,,,,
baseline,20,high,work,car,car,car,506.0,D_0016704,89,93,1199277122.0,2509018586.0,0.0,car:1199277122:2509018586:0,57.4875547241171,219527947,Avenida Veiga,residential,,,,,,,,,
baseline,20,high,work,car,car,car,506.0,D_0016704,90,93,2509018586.0,2509018587.0,0.0,car:2509018586:2509018587:0,72.9051721231355,219527947,Avenida Veiga,residential,,,,,,,,,
baseline,20,high,work,car,car,car,506.0,D_0016704,91,93,2509018587.0,434835077.0,0.0,car:2509018587:434835077:0,9.963723245449962,219527946,Avenida Veiga,residential,,,,,,,,,
baseline,20,high,work,car,car,car,506.0,D_0016704,92,93,434835077.0,1199277118.0,0.0,car:434835077:1199277118:0,76.48304272653002,219527939,Avenida Luiz Moschetti,tertiary,,,,,,,,,
baseline,21,high,shopping,car,car,car,1425.0,D_0008462,0,178,448799482.0,448799465.0,0.0,car:448799482:448799465:0,12.838819534515816,562214269,Rua Itapocaí,residential,,,,,,,,,
baseline,21,high,shopping,car,car,car,1425.0,D_0008462,1,178,448799465.0,455559764.0,0.0,car:448799465:455559764:0,127.94372440842905,562214271,Rua Itapocaí,residential,,,,,,,,,
baseline,21,high,shopping,car,car,car,1425.0,D_0008462,2,178,455559764.0,455559763.0,0.0,car:455559764:455559763:0,126.37003020206504,562214271,Rua Itapocaí,residential,,,,,,,,,
baseline,21,high,shopping,car,car,car,1425.0,D_0008462,3,178,455559763.0,455559762.0,0.0,car:455559763:455559762:0,128.5876635873907,562214271,Rua Itapocaí,residential,,,,,,,,,
baseline,21,high,shopping,car,car,car,1425.0,D_0008462,4,178,455559762.0,455559761.0,0.0,car:455559762:455559761:0,125.15922897361555,38133118,Rua Itapocaí,residential,,,,,,,,,
baseline,21,high,shopping,car,car,car,1425.0,D_0008462,5,178,455559761.0,448799522.0,0.0,car:455559761:448799522:0,129.16357759843345,38133118,Rua Itapocaí,residential,,,,,,,,,
baseline,21,high,shopping,car,car,car,1425.0,D_0008462,6,178,448799522.0,455559789.0,0.0,car:448799522:455559789:0,161.9312229744748,219482030,Rua Ursa Maior,residential,,,,,,,,,
baseline,21,high,shopping,car,car,car,1425.0,D_0008462,7,178,455559789.0,4251857602.0,0.0,car:455559789:4251857602:0,290.3829103172347,562214258,Rua Doutor Raul Moreira,residential,,,,,,,,,
baseline,21,high,shopping,car,car,car,1425.0,D_0008462,8,178,4251857602.0,704612716.0,0.0,car:4251857602:704612716:0,540.1125037766377,562214258|219006109|563882886,Rua Doutor Raul Moreira|Rua Octávio de Souza,residential,,,,,,,,,
baseline,21,high,shopping,car,car,car,1425.0,D_0008462,9,178,704612716.0,832663113.0,0.0,car:704612716:832663113:0,130.20176410917583,326667079,Rua Octávio de Souza,tertiary,,,,,,,,,
baseline,21,high,shopping,car,car,car,1425.0,D_0008462,10,178,832663113.0,832663114.0,1.0,car:832663113:832663114:1,217.75018571081876,219333435|326667079,Rua Octávio de Souza,tertiary,,,,,,,,,
baseline,21,high,shopping,car,car,car,1425.0,D_0008462,11,178,832663114.0,832663148.0,0.0,car:832663114:832663148:0,56.067552642290984,219333435,Rua Octávio de Souza,tertiary,,,,,,,,,
baseline,21,high,shopping,car,car,car,1425.0,D_0008462,12,178,832663148.0,832663151.0,0.0,car:832663148:832663151:0,95.93204533082528,326667080,Rua Octávio de Souza,tertiary,,,,,,,,,
baseline,21,high,shopping,car,car,car,1425.0,D_0008462,13,178,832663151.0,832663085.0,0.0,car:832663151:832663085:0,70.85185643763785,451653517,Rua Octávio de Souza,tertiary,,,,,,,,,
baseline,21,high,shopping,car,car,car,1425.0,D_0008462,14,178,832663085.0,832663153.0,0.0,car:832663085:832663153:0,141.25490360673095,563882884|563882885,Rua Octávio de Souza,tertiary,,,,,,,,,
baseline,21,high,shopping,car,car,car,1425.0,D_0008462,15,178,832663153.0,832663156.0,0.0,car:832663153:832663156:0,196.7804955212679,563882884,Rua Octávio de Souza,tertiary,,,,,,,,,
baseline,21,high,shopping,car,car,car,1425.0,D_0008462,16,178,832663156.0,3502962301.0,0.0,car:832663156:3502962301:0,30.814163716947846,563882884,Rua Octávio de Souza,tertiary,,,,,,,,,
baseline,21,high,shopping,car,car,car,1425.0,D_0008462,17,178,3502962301.0,1024311024.0,0.0,car:3502962301:1024311024:0,110.64296216427692,563882884,Rua Octávio de Souza,tertiary,,,,,,,,,
baseline,21,high,shopping,car,car,car,1425.0,D_0008462,18,178,1024311024.0,1024311005.0,0.0,car:1024311024:1024311005:0,148.84980599533878,88149829,Rua Cunha Neto,residential,,,,,,,,,
baseline,21,high,shopping,car,car,car,1425.0,D_0008462,19,178,1024311005.0,9009188570.0,0.0,car:1024311005:9009188570:0,12.623752065067345,37742004,Rua Dário Totta,residential,,,,,,,,,
baseline,21,high,shopping,car,car,car,1425.0,D_0008462,20,178,9009188570.0,1024311055.0,0.0,car:9009188570:1024311055:0,139.05817420315623,37742004,Rua Dário Totta,residential,,,,,,,,,
baseline,21,high,shopping,car,car,car,1425.0,D_0008462,21,178,1024311055.0,1024311040.0,0.0,car:1024311055:1024311040:0,167.8907879004959,37742004,Rua Dário Totta,residential,,,,,,,,,
baseline,21,high,shopping,car,car,car,1425.0,D_0008462,22,178,1024311040.0,442677773.0,0.0,car:1024311040:442677773:0,136.83082864203266,393912426,Rua Dário Totta,tertiary,,,,,,,,,
baseline,21,high,shopping,car,car,car,1425.0,D_0008462,23,178,442677773.0,2847490440.0,0.0,car:442677773:2847490440:0,35.98087094149879,280677446,Rua Dário Totta,tertiary,,,,,,,,,
baseline,21,high,shopping,car,car,car,1425.0,D_0008462,24,178,2847490440.0,868395954.0,0.0,car:2847490440:868395954:0,22.609480109161538,451653428,Rua Dário Totta,tertiary,,,,,,,,,
baseline,21,high,shopping,car,car,car,1425.0,D_0008462,25,178,868395954.0,322022881.0,0.0,car:868395954:322022881:0,24.071808133909965,244692903,Rua Sepé Tiarajú,residential,,,,,,,,,
baseline,21,high,shopping,car,car,car,1425.0,D_0008462,26,178,322022881.0,8602187694.0,0.0,car:322022881:8602187694:0,125.63450891301007,280677449,Rua Professor Clemente Pinto,residential,,,,,,,,,
baseline,21,high,shopping,car,car,car,1425.0,D_0008462,27,178,8602187694.0,442677758.0,0.0,car:8602187694:442677758:0,25.19187293033133,280677449,Rua Professor Clemente Pinto,residential,,,,,,,,,
baseline,21,high,shopping,car,car,car,1425.0,D_0008462,28,178,442677758.0,443341387.0,0.0,car:442677758:443341387:0,173.0624606249483,37795692,Avenida Belém,tertiary,,,,,,,,,
baseline,21,high,shopping,car,car,car,1425.0,D_0008462,29,178,443341387.0,3618665489.0,0.0,car:443341387:3618665489:0,8.763939447160638,232189982,Avenida Belém,tertiary,,,,,,,,,
baseline,21,high,shopping,car,car,car,1425.0,D_0008462,30,178,3618665489.0,5419307005.0,0.0,car:3618665489:5419307005:0,225.15754363708112,356397705,Corredor de Transporte Coletivo Teresópolis,busway,,,,,,,,,
baseline,21,high,shopping,car,car,car,1425.0,D_0008462,31,178,5419307005.0,2289413063.0,0.0,car:5419307005:2289413063:0,36.528770631153144,356397705,Corredor de Transporte Coletivo Teresópolis,busway,,,,,,,,,
baseline,21,high,shopping,car,car,car,1425.0,D_0008462,32,178,2289413063.0,1159301926.0,0.0,car:2289413063:1159301926:0,52.454773924225954,356397441,Corredor de Transporte Coletivo Teresópolis,busway,,,,,,,,,
baseline,21,high,shopping,car,car,car,1425.0,D_0008462,33,178,1159301926.0,1152647352.0,0.0,car:1159301926:1152647352:0,403.10358746935765,356397723|254833142,Corredor de Transporte Coletivo Doutor Salvador França|Passagem de Nível Engenheiro José Portella Nunes,busway,,,,,,,,,
baseline,21,high,shopping,car,car,car,1425.0,D_0008462,34,178,1152647352.0,10079592740.0,0.0,car:1152647352:10079592740:0,5.8056986192066695,356397403,Corredor de Transporte Coletivo Doutor Salvador França,busway,,,,,,,,,
baseline,21,high,shopping,car,car,car,1425.0,D_0008462,35,178,10079592740.0,1420870514.0,0.0,car:10079592740:1420870514:0,345.90405668492946,356398434|356397403|500493334,Corredor de Transporte Coletivo Doutor Salvador França,busway,,,,,,,,,
baseline,21,high,shopping,car,car,car,1425.0,D_0008462,36,178,1420870514.0,1152647381.0,0.0,car:1420870514:1152647381:0,12.39284825165113,500493334,Corredor de Transporte Coletivo Doutor Salvador França,busway,,,,,,,,,
baseline,21,high,shopping,car,car,car,1425.0,D_0008462,37,178,1152647381.0,3618665439.0,0.0,car:1152647381:3618665439:0,177.74865462728897,500493334,Corredor de Transporte Coletivo Doutor Salvador França,busway,,,,,,,,,
baseline,21,high,shopping,car,car,car,1425.0,D_0008462,38,178,3618665439.0,2036051366.0,0.0,car:3618665439:2036051366:0,104.68336471292982,254833137,Corredor de Transporte Coletivo Doutor Salvador França,busway,,,,,,,,,
baseline,21,high,shopping,car,car,car,1425.0,D_0008462,39,178,2036051366.0,2036051365.0,0.0,car:2036051366:2036051365:0,661.4276786764249,1365351888|500493333|1365351887,Corredor de Transporte Coletivo Doutor Salvador França,busway,,,,,,,,,
baseline,21,high,shopping,car,car,car,1425.0,D_0008462,40,178,2036051365.0,3618665359.0,0.0,car:2036051365:3618665359:0,513.7727341410846,1365351889|500493332|1365351886,Corredor de Transporte Coletivo Doutor Salvador França,busway,,,,,,,,,
baseline,21,high,shopping,car,car,car,1425.0,D_0008462,41,178,3618665359.0,3618665355.0,0.0,car:3618665359:3618665355:0,17.463125415588028,356397528,,busway,,,,,,,,,
baseline,21,high,shopping,car,car,car,1425.0,D_0008462,42,178,3618665355.0,306704062.0,0.0,car:3618665355:306704062:0,97.08533633132055,219727244,Avenida Coronel Aparício Borges,primary,,,,,,,,,
baseline,21,high,shopping,car,car,car,1425.0,D_0008462,43,178,306704062.0,1145526237.0,0.0,car:306704062:1145526237:0,410.075868410221,206701682|230276181,Avenida Coronel Aparício Borges,primary,,,,,,,,,
baseline,21,high,shopping,car,car,car,1425.0,D_0008462,44,178,1145526237.0,3618665113.0,0.0,car:1145526237:3618665113:0,579.322898513681,925247688|356395875|924897174,Viaduto São Jorge,primary,,,,,,,,,
baseline,21,high,shopping,car,car,car,1425.0,D_0008462,45,178,3618665113.0,300459825.0,0.0,car:3618665113:300459825:0,235.4534748363474,356396528,Rua Doutor Salvador França,primary,,,,,,,,,
baseline,21,high,shopping,car,car,car,1425.0,D_0008462,46,178,300459825.0,312798121.0,0.0,car:300459825:312798121:0,68.77002629609674,28472845,,primary_link,,,,,,,,,
baseline,21,high,shopping,car,car,car,1425.0,D_0008462,47,178,312798121.0,1157507268.0,0.0,car:312798121:1157507268:0,614.527720829757,127351672|927256826|471814847,Avenida Ipiranga,secondary,,,,,,,,,
baseline,21,high,shopping,car,car,car,1425.0,D_0008462,48,178,1157507268.0,295151415.0,0.0,car:1157507268:295151415:0,21.130079093506133,471814847,Avenida Ipiranga,secondary,,,,,,,,,
baseline,21,high,shopping,car,car,car,1425.0,D_0008462,49,178,295151415.0,7384033036.0,0.0,car:295151415:7384033036:0,169.41738408031804,471814847,Avenida Ipiranga,secondary,,,,,,,,,
baseline,21,high,shopping,car,car,car,1425.0,D_0008462,50,178,7384033036.0,9048710570.0,0.0,car:7384033036:9048710570:0,278.6053568275768,1467271896|927886439,Avenida Ipiranga,secondary,,,,,,,,,
baseline,21,high,shopping,car,car,car,1425.0,D_0008462,51,178,9048710570.0,832783590.0,0.0,car:9048710570:832783590:0,29.824860995052546,927886439,Avenida Ipiranga,secondary,,,,,,,,,
baseline,21,high,shopping,car,car,car,1425.0,D_0008462,52,178,832783590.0,11499617123.0,0.0,car:832783590:11499617123:0,38.50047363277111,1467271897,Avenida Ipiranga,secondary,,,,,,,,,
baseline,21,high,shopping,car,car,car,1425.0,D_0008462,53,178,11499617123.0,312800666.0,0.0,car:11499617123:312800666:0,319.06809763698584,1491680040|927886441|356396028|356396029,Avenida Ipiranga,secondary,,,,,,,,,
baseline,21,high,shopping,car,car,car,1425.0,D_0008462,54,178,312800666.0,312813293.0,0.0,car:312800666:312813293:0,205.11609281512716,271887369,Avenida Ipiranga,secondary,,,,,,,,,
baseline,21,high,shopping,car,car,car,1425.0,D_0008462,55,178,312813293.0,293538347.0,0.0,car:312813293:293538347:0,199.3738000045908,271887368,Avenida Ipiranga,secondary,,,,,,,,,
baseline,21,high,shopping,car,car,car,1425.0,D_0008462,56,178,293538347.0,4455040101.0,0.0,car:293538347:4455040101:0,275.2013816170635,451652985|927886438,Avenida Ipiranga,secondary,,,,,,,,,
baseline,21,high,shopping,car,car,car,1425.0,D_0008462,57,178,4455040101.0,8427596403.0,0.0,car:4455040101:8427596403:0,41.21249615939266,930753423|471814887|471814884|448498663,Rua José Albano Volkmer,tertiary,,,,,,,,,
baseline,21,high,shopping,car,car,car,1425.0,D_0008462,58,178,8427596403.0,8427596402.0,0.0,car:8427596403:8427596402:0,7.124784901040057,907603673,Rua José Albano Volkmer,tertiary,,,,,,,,,
baseline,21,high,shopping,car,car,car,1425.0,D_0008462,59,178,8427596402.0,3080540708.0,0.0,car:8427596402:3080540708:0,81.19297801034907,303650565,Rua José Albano Volkmer,tertiary,,,,,,,,,
baseline,21,high,shopping,car,car,car,1425.0,D_0008462,60,178,3080540708.0,3080540706.0,0.0,car:3080540708:3080540706:0,71.13399933306103,303650565,Rua José Albano Volkmer,tertiary,,,,,,,,,
baseline,21,high,shopping,car,car,car,1425.0,D_0008462,61,178,3080540706.0,3080540682.0,0.0,car:3080540706:3080540682:0,75.58874138365648,229038420,Rua São Josemaría Escrivá,residential,,,,,,,,,
baseline,21,high,shopping,car,car,car,1425.0,D_0008462,62,178,3080540682.0,314662131.0,0.0,car:3080540682:314662131:0,179.98421569938273,229038420,Rua São Josemaría Escrivá,residential,,,,,,,,,
baseline,21,high,shopping,car,car,car,1425.0,D_0008462,63,178,314662131.0,2073429573.0,0.0,car:314662131:2073429573:0,237.45834016179413,471814876,Avenida Joaquim Porto Villanova,tertiary,,,,,,,,,
baseline,21,high,shopping,car,car,car,1425.0,D_0008462,64,178,2073429573.0,13673297784.0,0.0,car:2073429573:13673297784:0,31.502165284539302,500493282|924943355,Avenida Joaquim Porto Villanova,tertiary,,,,,,,,,
baseline,21,high,shopping,car,car,car,1425.0,D_0008462,65,178,13673297784.0,314662137.0,0.0,car:13673297784:314662137:0,108.45959518544873,924943355|219771055,Avenida Joaquim Porto Villanova,tertiary,,,,,,,,,
baseline,21,high,shopping,car,car,car,1425.0,D_0008462,66,178,314662137.0,319118815.0,0.0,car:314662137:319118815:0,148.62386543016373,500493452|29017727,Rua Pio X,tertiary,,,,,,,,,
baseline,21,high,shopping,car,car,car,1425.0,D_0008462,67,178,319118815.0,319118827.0,0.0,car:319118815:319118827:0,85.23048756165986,29017728,Rua I Vila Fátima-Pinto,residential,,,,,,,,,
baseline,21,high,shopping,car,car,car,1425.0,D_0008462,68,178,319118827.0,319118945.0,0.0,car:319118827:319118945:0,103.2170559752852,29017728,Rua I Vila Fátima-Pinto,residential,,,,,,,,,
baseline,21,high,shopping,car,car,car,1425.0,D_0008462,69,178,319118945.0,445822683.0,0.0,car:319118945:445822683:0,62.508107732024584,29017766,Rua I Vila Fátima-Pinto,tertiary,,,,,,,,,
baseline,21,high,shopping,car,car,car,1425.0,D_0008462,70,178,445822683.0,319119084.0,0.0,car:445822683:319119084:0,43.04610630308397,29017766,Rua I Vila Fátima-Pinto,tertiary,,,,,,,,,
baseline,21,high,shopping,car,car,car,1425.0,D_0008462,71,178,319119084.0,2595729125.0,0.0,car:319119084:2595729125:0,137.93821494800025,327282632|29017766,Rua I Vila Fátima-Pinto,tertiary,,,,,,,,,
baseline,21,high,shopping,car,car,car,1425.0,D_0008462,72,178,2595729125.0,319119091.0,0.0,car:2595729125:319119091:0,102.79009251840081,356396572|445725558,Rua José Madri,tertiary,,,,,,,,,
baseline,21,high,shopping,car,car,car,1425.0,D_0008462,73,178,319119091.0,319119092.0,0.0,car:319119091:319119092:0,54.15430338367154,356396572,Rua José Madri,tertiary,,,,,,,,,
baseline,21,high,shopping,car,car,car,1425.0,D_0008462,74,178,319119092.0,319119140.0,0.0,car:319119092:319119140:0,24.321458498166308,356396572,Rua José Madri,tertiary,,,,,,,,,
baseline,21,high,shopping,car,car,car,1425.0,D_0008462,75,178,319119140.0,319119093.0,0.0,car:319119140:319119093:0,38.347378633546846,356396572,Rua José Madri,tertiary,,,,,,,,,
baseline,21,high,shopping,car,car,car,1425.0,D_0008462,76,178,319119093.0,319119097.0,0.0,car:319119093:319119097:0,130.14781366784376,356396572,Rua José Madri,tertiary,,,,,,,,,
baseline,21,high,shopping,car,car,car,1425.0,D_0008462,77,178,319119097.0,319123839.0,0.0,car:319119097:319123839:0,114.08636786014361,356396572,Rua José Madri,tertiary,,,,,,,,,
baseline,21,high,shopping,car,car,car,1425.0,D_0008462,78,178,319123839.0,1668576492.0,0.0,car:319123839:1668576492:0,34.758250189597824,219771098,Rua José Madri,tertiary,,,,,,,,,
baseline,21,high,shopping,car,car,car,1425.0,D_0008462,79,178,1668576492.0,1668164340.0,0.0,car:1668576492:1668164340:0,52.01039540955709,219771098,Rua José Madri,tertiary,,,,,,,,,
baseline,21,high,shopping,car,car,car,1425.0,D_0008462,80,178,1668164340.0,319123829.0,0.0,car:1668164340:319123829:0,125.05866805595267,219771098,Rua José Madri,tertiary,,,,,,,,,
baseline,21,high,shopping,car,car,car,1425.0,D_0008462,81,178,319123829.0,445821013.0,0.0,car:319123829:445821013:0,134.31809943903127,219771098,Rua José Madri,tertiary,,,,,,,,,
baseline,21,high,shopping,car,car,car,1425.0,D_0008462,82,178,445821013.0,8583781768.0,0.0,car:445821013:8583781768:0,20.209210822904833,445724666,Avenida Sargento Manoel Raymundo Soares,tertiary,,,,,,,,,
baseline,21,high,shopping,car,car,car,1425.0,D_0008462,83,178,8583781768.0,319124489.0,0.0,car:8583781768:319124489:0,141.86520069642654,314629336,Rua José Madri,residential,,,,,,,,,
baseline,21,high,shopping,car,car,car,1425.0,D_0008462,84,178,319124489.0,445821014.0,0.0,car:319124489:445821014:0,307.2662717662124,314629336|564061565,Rua José Madri|Rua Jarbas Siqueira Pereira,residential,,,,,,,,,
baseline,21,high,shopping,car,car,car,1425.0,D_0008462,85,178,445821014.0,445820945.0,0.0,car:445821014:445820945:0,81.9946317605233,327282628,Rua Sargento Manoel Arruda,tertiary,,,,,,,,,
baseline,21,high,shopping,car,car,car,1425.0,D_0008462,86,178,445820945.0,295518047.0,0.0,car:445820945:295518047:0,226.34464454240188,923968827|356396164,Avenida Protásio Alves,primary,,,,,,,,,
baseline,21,high,shopping,car,car,car,1425.0,D_0008462,87,178,295518047.0,1439922898.0,0.0,car:295518047:1439922898:0,21.659070875851032,356396152,Avenida Protásio Alves,primary,,,,,,,,,
baseline,21,high,shopping,car,car,car,1425.0,D_0008462,88,178,1439922898.0,295517994.0,0.0,car:1439922898:295517994:0,23.471837982592266,245577952,Avenida Protásio Alves,primary,,,,,,,,,
baseline,21,high,shopping,car,car,car,1425.0,D_0008462,89,178,295517994.0,8417195643.0,0.0,car:295517994:8417195643:0,53.661772248099155,356396150,Avenida Protásio Alves,primary,,,,,,,,,
baseline,21,high,shopping,car,car,car,1425.0,D_0008462,90,178,8417195643.0,8417195640.0,0.0,car:8417195643:8417195640:0,15.139366239342403,356396150,Avenida Protásio Alves,primary,,,,,,,,,
baseline,21,high,shopping,car,car,car,1425.0,D_0008462,91,178,8417195640.0,295517993.0,0.0,car:8417195640:295517993:0,108.69224974108215,356396204|356396150,Avenida Protásio Alves,primary,,,,,,,,,
baseline,21,high,shopping,car,car,car,1425.0,D_0008462,92,178,295517993.0,295517992.0,0.0,car:295517993:295517992:0,234.50834716639616,451653078,Avenida Protásio Alves,primary,,,,,,,,,
baseline,21,high,shopping,car,car,car,1425.0,D_0008462,93,178,295517992.0,12801292563.0,0.0,car:295517992:12801292563:0,36.071975519439434,1491680029,Avenida Protásio Alves,primary,,,,,,,,,
baseline,21,high,shopping,car,car,car,1425.0,D_0008462,94,178,12801292563.0,2527527253.0,0.0,car:12801292563:2527527253:0,32.27034389756338,1491680028,Avenida Protásio Alves,primary,,,,,,,,,
baseline,21,high,shopping,car,car,car,1425.0,D_0008462,95,178,2527527253.0,2343915701.0,0.0,car:2527527253:2343915701:0,70.86848878760323,447906396,Avenida Protásio Alves,primary,,,,,,,,,
baseline,21,high,shopping,car,car,car,1425.0,D_0008462,96,178,2343915701.0,295518696.0,0.0,car:2343915701:295518696:0,11.940568500635313,1491680027,Avenida Protásio Alves,primary,,,,,,,,,
baseline,21,high,shopping,car,car,car,1425.0,D_0008462,97,178,295518696.0,295518694.0,0.0,car:295518696:295518694:0,122.38761691663211,926806969|1491680027,Avenida Protásio Alves,primary,,,,,,,,,
baseline,21,high,shopping,car,car,car,1425.0,D_0008462,98,178,295518694.0,295517987.0,0.0,car:295518694:295517987:0,11.077182910790617,245578017,Avenida Protásio Alves,primary,,,,,,,,,
baseline,21,high,shopping,car,car,car,1425.0,D_0008462,99,178,295517987.0,295517904.0,0.0,car:295517987:295517904:0,234.60525561660685,154308378|929840655,Avenida Protásio Alves,primary,,,,,,,,,
baseline,21,high,shopping,car,car,car,1425.0,D_0008462,100,178,295517904.0,295517902.0,0.0,car:295517904:295517902:0,67.05437420519604,154308378,Avenida Protásio Alves,primary,,,,,,,,,
baseline,21,high,shopping,car,car,car,1425.0,D_0008462,101,178,295517902.0,1450854726.0,0.0,car:295517902:1450854726:0,67.13227910791785,154308378,Avenida Protásio Alves,primary,,,,,,,,,
baseline,21,high,shopping,car,car,car,1425.0,D_0008462,102,178,1450854726.0,2527526997.0,0.0,car:1450854726:2527526997:0,199.8080614741304,356396146|356396205,Avenida Protásio Alves,primary,,,,,,,,,
baseline,21,high,shopping,car,car,car,1425.0,D_0008462,103,178,2527526997.0,2527526992.0,0.0,car:2527526997:2527526992:0,25.888298363216055,356396205,Avenida Protásio Alves,primary,,,,,,,,,
baseline,21,high,shopping,car,car,car,1425.0,D_0008462,104,178,2527526992.0,7757401472.0,0.0,car:2527526992:7757401472:0,95.16361944057803,356396205,Avenida Protásio Alves,primary,,,,,,,,,
baseline,21,high,shopping,car,car,car,1425.0,D_0008462,105,178,7757401472.0,2527526911.0,0.0,car:7757401472:2527526911:0,97.69231405908103,356396205,Avenida Protásio Alves,primary,,,,,,,,,
baseline,21,high,shopping,car,car,car,1425.0,D_0008462,106,178,2527526911.0,598724424.0,0.0,car:2527526911:598724424:0,154.412833919525,356396205,Avenida Protásio Alves,primary,,,,,,,,,
baseline,21,high,shopping,car,car,car,1425.0,D_0008462,107,178,598724424.0,321012617.0,0.0,car:598724424:321012617:0,145.68951182472478,189477002,Avenida Protásio Alves,primary,,,,,,,,,
baseline,21,high,shopping,car,car,car,1425.0,D_0008462,108,178,321012617.0,295517419.0,0.0,car:321012617:295517419:0,80.3574896034699,131885847,Avenida Protásio Alves,primary,,,,,,,,,
baseline,21,high,shopping,car,car,car,1425.0,D_0008462,109,178,295517419.0,321012568.0,0.0,car:295517419:321012568:0,10.78680244931868,131885847,Avenida Protásio Alves,primary,,,,,,,,,
baseline,21,high,shopping,car,car,car,1425.0,D_0008462,110,178,321012568.0,321012561.0,0.0,car:321012568:321012561:0,82.82037285268004,131885847,Avenida Protásio Alves,primary,,,,,,,,,
baseline,21,high,shopping,car,car,car,1425.0,D_0008462,111,178,321012561.0,321012559.0,0.0,car:321012561:321012559:0,45.3037326077768,927253800|131885847,Avenida Protásio Alves,primary,,,,,,,,,
baseline,21,high,shopping,car,car,car,1425.0,D_0008462,112,178,321012559.0,295517412.0,0.0,car:321012559:295517412:0,34.315539371640284,927253800,Avenida Protásio Alves,primary,,,,,,,,,
baseline,21,high,shopping,car,car,car,1425.0,D_0008462,113,178,295517412.0,321012557.0,0.0,car:295517412:321012557:0,37.28234074654377,927253800,Avenida Protásio Alves,primary,,,,,,,,,
baseline,21,high,shopping,car,car,car,1425.0,D_0008462,114,178,321012557.0,8603232456.0,0.0,car:321012557:8603232456:0,29.509983849349943,399357465,Avenida Protásio Alves,primary,,,,,,,,,
baseline,21,high,shopping,car,car,car,1425.0,D_0008462,115,178,8603232456.0,295518294.0,0.0,car:8603232456:295518294:0,25.09741962547939,399357465,Avenida Protásio Alves,primary,,,,,,,,,
baseline,21,high,shopping,car,car,car,1425.0,D_0008462,116,178,295518294.0,321012554.0,0.0,car:295518294:321012554:0,25.645239666442578,356396161,Avenida Protásio Alves,primary,,,,,,,,,
baseline,21,high,shopping,car,car,car,1425.0,D_0008462,117,178,321012554.0,2288622308.0,0.0,car:321012554:2288622308:0,60.274056857247345,356396161,Avenida Protásio Alves,primary,,,,,,,,,
baseline,21,high,shopping,car,car,car,1425.0,D_0008462,118,178,2288622308.0,295517522.0,0.0,car:2288622308:295517522:0,50.769931285368926,356396161,Avenida Protásio Alves,primary,,,,,,,,,
baseline,21,high,shopping,car,car,car,1425.0,D_0008462,119,178,295517522.0,295516865.0,0.0,car:295517522:295516865:0,152.59062011704762,356396161,Avenida Protásio Alves,primary,,,,,,,,,
baseline,21,high,shopping,car,car,car,1425.0,D_0008462,120,178,295516865.0,295517778.0,0.0,car:295516865:295517778:0,213.24549912199421,356396161,Avenida Protásio Alves,primary,,,,,,,,,
baseline,21,high,shopping,car,car,car,1425.0,D_0008462,121,178,295517778.0,12336275085.0,0.0,car:295517778:12336275085:0,119.16262285204215,29220319,Rua 19 de Fevereiro,residential,,,,,,,,,
baseline,21,high,shopping,car,car,car,1425.0,D_0008462,122,178,12336275085.0,12336275080.0,0.0,car:12336275085:12336275080:0,9.192822411162958,29220319,Rua 19 de Fevereiro,residential,,,,,,,,,
baseline,21,high,shopping,car,car,car,1425.0,D_0008462,123,178,12336275080.0,321395405.0,0.0,car:12336275080:321395405:0,79.94392571119485,29220319,Rua 19 de Fevereiro,residential,,,,,,,,,
baseline,21,high,shopping,car,car,car,1425.0,D_0008462,124,178,321395405.0,321395373.0,0.0,car:321395405:321395373:0,177.37061036470226,29220050,Rua 19 de Fevereiro,residential,,,,,,,,,
baseline,21,high,shopping,car,car,car,1425.0,D_0008462,125,178,321395373.0,8415048606.0,0.0,car:321395373:8415048606:0,92.01314859566035,29220050,Rua 19 de Fevereiro,residential,,,,,,,,,
baseline,21,high,shopping,car,car,car,1425.0,D_0008462,126,178,8415048606.0,321394042.0,0.0,car:8415048606:321394042:0,50.94907009885322,29220050,Rua 19 de Fevereiro,residential,,,,,,,,,
baseline,21,high,shopping,car,car,car,1425.0,D_0008462,127,178,321394042.0,321394268.0,0.0,car:321394042:321394268:0,114.95365512085881,219006104,Rua 19 de Fevereiro,residential,,,,,,,,,
baseline,21,high,shopping,car,car,car,1425.0,D_0008462,128,178,321394268.0,321394044.0,0.0,car:321394268:321394044:0,54.11595293433578,219006104,Rua 19 de Fevereiro,residential,,,,,,,,,
baseline,21,high,shopping,car,car,car,1425.0,D_0008462,129,178,321394044.0,321394433.0,0.0,car:321394044:321394433:0,32.48986601547831,219006104,Rua 19 de Fevereiro,residential,,,,,,,,,
baseline,21,high,shopping,car,car,car,1425.0,D_0008462,130,178,321394433.0,321394437.0,0.0,car:321394433:321394437:0,30.739510091498488,219006104,Rua 19 de Fevereiro,residential,,,,,,,,,
baseline,21,high,shopping,car,car,car,1425.0,D_0008462,131,178,321394437.0,321394436.0,0.0,car:321394437:321394436:0,98.3860334831979,29220073,Rua 2,living_street,,,,,,,,,
baseline,21,high,shopping,car,car,car,1425.0,D_0008462,132,178,321394436.0,321394450.0,0.0,car:321394436:321394450:0,31.397255517512637,448820946,Rua César Cassiano Pereira,residential,,,,,,,,,
baseline,21,high,shopping,car,car,car,1425.0,D_0008462,133,178,321394450.0,321393014.0,0.0,car:321394450:321393014:0,47.460634427651115,448820946,Rua César Cassiano Pereira,residential,,,,,,,,,
baseline,21,high,shopping,car,car,car,1425.0,D_0008462,134,178,321393014.0,321393109.0,0.0,car:321393014:321393109:0,16.611083249608942,327398395,Rua 26 de Março,tertiary,,,,,,,,,
baseline,21,high,shopping,car,car,car,1425.0,D_0008462,135,178,321393109.0,321393015.0,0.0,car:321393109:321393015:0,37.5054772553658,327398395,Rua 26 de Março,tertiary,,,,,,,,,
baseline,21,high,shopping,car,car,car,1425.0,D_0008462,136,178,321393015.0,321393113.0,0.0,car:321393015:321393113:0,36.10189304200602,327398395,Rua 26 de Março,tertiary,,,,,,,,,
baseline,21,high,shopping,car,car,car,1425.0,D_0008462,137,178,321393113.0,321393016.0,0.0,car:321393113:321393016:0,46.24936701340097,327398395,Rua 26 de Março,tertiary,,,,,,,,,
baseline,21,high,shopping,car,car,car,1425.0,D_0008462,138,178,321393016.0,3232268767.0,0.0,car:321393016:3232268767:0,90.24236003525927,223863120,Avenida Martim Félix Berta,tertiary,,,,,,,,,
baseline,21,high,shopping,car,car,car,1425.0,D_0008462,139,178,3232268767.0,321393017.0,0.0,car:3232268767:321393017:0,121.34198169709829,223863120,Avenida Martim Félix Berta,tertiary,,,,,,,,,
baseline,21,high,shopping,car,car,car,1425.0,D_0008462,140,178,321393017.0,335578434.0,0.0,car:321393017:335578434:0,44.6907966178137,29219833,Rua 1,tertiary,,,,,,,,,
baseline,21,high,shopping,car,car,car,1425.0,D_0008462,141,178,335578434.0,321392724.0,0.0,car:335578434:321392724:0,277.25590982261923,29219833,Rua 1,tertiary,,,,,,,,,
baseline,21,high,shopping,car,car,car,1425.0,D_0008462,142,178,321392724.0,4274163426.0,0.0,car:321392724:4274163426:0,4.981158635210492,29219833,Rua 1,tertiary,,,,,,,,,
baseline,21,high,shopping,car,car,car,1425.0,D_0008462,143,178,4274163426.0,897311004.0,0.0,car:4274163426:897311004:0,52.62105927602896,29219833,Rua 1,tertiary,,,,,,,,,
baseline,21,high,shopping,car,car,car,1425.0,D_0008462,144,178,897311004.0,897311006.0,0.0,car:897311004:897311006:0,12.460464989293385,29219833,Rua 1,tertiary,,,,,,,,,
baseline,21,high,shopping,car,car,car,1425.0,D_0008462,145,178,897311006.0,897311013.0,0.0,car:897311006:897311013:0,104.20104655198033,29219833|30407191,Rua Sargento Silvio Delmar Hollenbach|Rua 1,tertiary,,,,,,,,,
baseline,21,high,shopping,car,car,car,1425.0,D_0008462,146,178,897311013.0,897311012.0,0.0,car:897311013:897311012:0,138.74215296163982,29219805,Rua Idelvira de Moura Almeida,residential,,,,,,,,,
baseline,21,high,shopping,car,car,car,1425.0,D_0008462,147,178,897311012.0,897311015.0,0.0,car:897311012:897311015:0,74.20639670169834,219006110,Rua Doutor Vargas Neto,residential,,,,,,,,,
baseline,21,high,shopping,car,car,car,1425.0,D_0008462,148,178,897311015.0,897311017.0,0.0,car:897311015:897311017:0,78.34568453409872,356396531,Rua Doutor Vargas Neto,tertiary,,,,,,,,,
baseline,21,high,shopping,car,car,car,1425.0,D_0008462,149,178,897311017.0,897311020.0,0.0,car:897311017:897311020:0,79.26606140867761,356396531,Rua Doutor Vargas Neto,tertiary,,,,,,,,,
baseline,21,high,shopping,car,car,car,1425.0,D_0008462,150,178,897311020.0,897311085.0,0.0,car:897311020:897311085:0,79.53241218293549,356396531,Rua Doutor Vargas Neto,tertiary,,,,,,,,,
baseline,21,high,shopping,car,car,car,1425.0,D_0008462,151,178,897311085.0,897311021.0,0.0,car:897311085:897311021:0,17.69588274749554,356396531,Rua Doutor Vargas Neto,tertiary,,,,,,,,,
baseline,21,high,shopping,car,car,car,1425.0,D_0008462,152,178,897311021.0,897311027.0,0.0,car:897311021:897311027:0,131.77126810005655,451653423,Rua Doutor Vargas Neto,tertiary,,,,,,,,,
baseline,21,high,shopping,car,car,car,1425.0,D_0008462,153,178,897311027.0,321392701.0,0.0,car:897311027:321392701:0,81.75813151348535,451653423,Rua Doutor Vargas Neto,tertiary,,,,,,,,,
baseline,21,high,shopping,car,car,car,1425.0,D_0008462,154,178,321392701.0,1093006804.0,0.0,car:321392701:1093006804:0,77.67122143006549,451653422,Rua Doutor Vargas Neto,tertiary,,,,,,,,,
baseline,21,high,shopping,car,car,car,1425.0,D_0008462,155,178,1093006804.0,320799773.0,0.0,car:1093006804:320799773:0,12.49448631647065,260401302,Rua Doutor Vargas Neto,tertiary,,,,,,,,,
baseline,21,high,shopping,car,car,car,1425.0,D_0008462,156,178,320799773.0,320799755.0,0.0,car:320799773:320799755:0,78.84751714133337,356831231,Rua Doutor Vargas Neto,tertiary,,,,,,,,,
baseline,21,high,shopping,car,car,car,1425.0,D_0008462,157,178,320799755.0,320799757.0,0.0,car:320799755:320799757:0,75.18075561777246,356831231,Rua Doutor Vargas Neto,tertiary,,,,,,,,,
baseline,21,high,shopping,car,car,car,1425.0,D_0008462,158,178,320799757.0,877797308.0,0.0,car:320799757:877797308:0,74.73614050821222,29168888,Rua Professora Amy Herve Ramires,residential,,,,,,,,,
baseline,21,high,shopping,car,car,car,1425.0,D_0008462,159,178,877797308.0,320800165.0,0.0,car:877797308:320800165:0,19.832714542522794,327398394,Avenida Martim Félix Berta,secondary,,,,,,,,,
baseline,21,high,shopping,car,car,car,1425.0,D_0008462,160,178,320800165.0,320800096.0,0.0,car:320800165:320800096:0,81.71974168238198,327398394,Avenida Martim Félix Berta,secondary,,,,,,,,,
baseline,21,high,shopping,car,car,car,1425.0,D_0008462,161,178,320800096.0,320799782.0,0.0,car:320800096:320799782:0,263.8448390129366,327398394,Avenida Martim Félix Berta,secondary,,,,,,,,,
baseline,21,high,shopping,car,car,car,1425.0,D_0008462,162,178,320799782.0,3618664012.0,0.0,car:320799782:3618664012:0,44.06720202347218,356396797,,busway,,,,,,,,,
baseline,21,high,shopping,car,car,car,1425.0,D_0008462,163,178,3618664012.0,3618664001.0,0.0,car:3618664012:3618664001:0,129.8794830680649,356397852,Corredor de Transporte Coletivo Baltazar de Oliveira Garcia,busway,,,,,,,,,
baseline,21,high,shopping,car,car,car,1425.0,D_0008462,164,178,3618664001.0,3618663965.0,0.0,car:3618664001:3618663965:0,346.8934518058693,356398136,Corredor de Transporte Coletivo Baltazar de Oliveira Garcia,busway,,,,,,,,,
baseline,21,high,shopping,car,car,car,1425.0,D_0008462,165,178,3618663965.0,3618663934.0,0.0,car:3618663965:3618663934:0,129.45604265776115,356397842,Corredor de Transporte Coletivo Baltazar de Oliveira Garcia,busway,,,,,,,,,
baseline,21,high,shopping,car,car,car,1425.0,D_0008462,166,178,3618663934.0,3618663916.0,0.0,car:3618663934:3618663916:0,120.44246823073243,356398372,Corredor de Transporte Coletivo Baltazar de Oliveira Garcia,busway,,,,,,,,,
baseline,21,high,shopping,car,car,car,1425.0,D_0008462,167,178,3618663916.0,3618663908.0,0.0,car:3618663916:3618663908:0,51.94463997197086,500493328,Corredor de Transporte Coletivo Baltazar de Oliveira Garcia,busway,,,,,,,,,
baseline,21,high,shopping,car,car,car,1425.0,D_0008462,168,178,3618663908.0,3618663890.0,0.0,car:3618663908:3618663890:0,108.47458404131271,500493328,Corredor de Transporte Coletivo Baltazar de Oliveira Garcia,busway,,,,,,,,,
baseline,21,high,shopping,car,car,car,1425.0,D_0008462,169,178,3618663890.0,951204382.0,0.0,car:3618663890:951204382:0,5.595978873018076,144477312,Rua Nossa Senhora de Fátima,secondary,,,,,,,,,
baseline,21,high,shopping,car,car,car,1425.0,D_0008462,170,178,951204382.0,659625309.0,0.0,car:951204382:659625309:0,393.55570481346217,29094557,Rua Alberto Rangel,secondary,,,,,,,,,
baseline,21,high,shopping,car,car,car,1425.0,D_0008462,171,178,659625309.0,320032459.0,0.0,car:659625309:320032459:0,204.30188319648002,29094557,Rua Alberto Rangel,secondary,,,,,,,,,
baseline,21,high,shopping,car,car,car,1425.0,D_0008462,172,178,320032459.0,320032583.0,0.0,car:320032459:320032583:0,252.68364691420058,29094557,Rua Alberto Rangel,secondary,,,,,,,,,
baseline,21,high,shopping,car,car,car,1425.0,D_0008462,173,178,320032583.0,8487809758.0,0.0,car:320032583:8487809758:0,83.63708343620966,193469170,Rua dos Maias,secondary,,,,,,,,,
baseline,21,high,shopping,car,car,car,1425.0,D_0008462,174,178,8487809758.0,8603327981.0,0.0,car:8487809758:8603327981:0,18.796563821864325,925250363,Rua dos Maias,secondary,,,,,,,,,
baseline,21,high,shopping,car,car,car,1425.0,D_0008462,175,178,8603327981.0,8603327977.0,0.0,car:8603327981:8603327977:0,80.25858183487583,658063817|326126570|925250363,Rua dos Maias,secondary,,,,,,,,,
baseline,21,high,shopping,car,car,car,1425.0,D_0008462,176,178,8603327977.0,8603327974.0,0.0,car:8603327977:8603327974:0,119.93567979348589,658063817,Rua dos Maias,secondary,,,,,,,,,
baseline,21,high,shopping,car,car,car,1425.0,D_0008462,177,178,8603327974.0,2325019282.0,0.0,car:8603327974:2325019282:0,7.297151477309484,29095045,Rua dos Santos Magnus,residential,,,,,,,,,
baseline,23,middle,work,car,car,car,2810.0,D_0021986,0,93,330956871.0,330957086.0,0.0,car:330956871:330957086:0,131.8737040451858,130921682,Rua Lobo da Costa,residential,,,,,,,,,
baseline,23,middle,work,car,car,car,2810.0,D_0021986,1,93,330957086.0,330957054.0,0.0,car:330957086:330957054:0,78.80890343944924,563049527,Rua Inácio Montanha,residential,,,,,,,,,
baseline,23,middle,work,car,car,car,2810.0,D_0021986,2,93,330957054.0,2375694269.0,0.0,car:330957054:2375694269:0,67.7422079307397,214841421,Avenida Jerônimo de Ornelas,tertiary,,,,,,,,,
baseline,23,middle,work,car,car,car,2810.0,D_0021986,3,93,2375694269.0,317715239.0,0.0,car:2375694269:317715239:0,62.62072117270707,214841421,Avenida Jerônimo de Ornelas,tertiary,,,,,,,,,
baseline,23,middle,work,car,car,car,2810.0,D_0021986,4,93,317715239.0,3618664656.0,0.0,car:317715239:3618664656:0,35.06007320150716,356397016,Corredor de Transporte Coletivo João Pessoa,busway,,,,,,,,,
baseline,23,middle,work,car,car,car,2810.0,D_0021986,5,93,3618664656.0,295166626.0,0.0,car:3618664656:295166626:0,41.54213694366854,356397923,Corredor de Transporte Coletivo João Pessoa,busway,,,,,,,,,
baseline,23,middle,work,car,car,car,2810.0,D_0021986,6,93,295166626.0,484038067.0,0.0,car:295166626:484038067:0,80.6794099390632,26937104|699919778,Avenida da Azenha,primary,,,,,,,,,
baseline,23,middle,work,car,car,car,2810.0,D_0021986,7,93,484038067.0,2375694273.0,0.0,car:484038067:2375694273:0,12.976215516166462,229491227,Avenida da Azenha,primary,,,,,,,,,
baseline,23,middle,work,car,car,car,2810.0,D_0021986,8,93,2375694273.0,313559978.0,0.0,car:2375694273:313559978:0,344.78084513339286,229491227|229491228|927832709|927832710,Avenida da Azenha,primary,,,,,,,,,
baseline,23,middle,work,car,car,car,2810.0,D_0021986,9,93,313559978.0,313559976.0,0.0,car:313559978:313559976:0,53.88567601103445,229187792|41186074|229187791,Avenida da Azenha,primary,,,,,,,,,
baseline,23,middle,work,car,car,car,2810.0,D_0021986,10,93,313559976.0,317777040.0,0.0,car:313559976:317777040:0,119.27979944532308,229187785,Avenida da Azenha,primary,,,,,,,,,
baseline,23,middle,work,car,car,car,2810.0,D_0021986,11,93,317777040.0,317777666.0,0.0,car:317777040:317777666:0,142.87555127751313,229187785,Avenida da Azenha,primary,,,,,,,,,
baseline,23,middle,work,car,car,car,2810.0,D_0021986,12,93,317777666.0,317777043.0,0.0,car:317777666:317777043:0,35.09170524498798,229187910,Avenida da Azenha,secondary,,,,,,,,,
baseline,23,middle,work,car,car,car,2810.0,D_0021986,13,93,317777043.0,317776762.0,0.0,car:317777043:317776762:0,68.8448556930199,229187910,Avenida da Azenha,secondary,,,,,,,,,
baseline,23,middle,work,car,car,car,2810.0,D_0021986,14,93,317776762.0,314620955.0,0.0,car:317776762:314620955:0,89.68280883970233,219726620,Avenida da Azenha,secondary,,,,,,,,,
baseline,23,middle,work,car,car,car,2810.0,D_0021986,15,93,314620955.0,314620956.0,0.0,car:314620955:314620956:0,127.845885860646,925236168,Avenida da Azenha,secondary,,,,,,,,,
baseline,23,middle,work,car,car,car,2810.0,D_0021986,16,93,314620956.0,314620957.0,0.0,car:314620956:314620957:0,137.91501381167313,925236168,Avenida da Azenha,secondary,,,,,,,,,
baseline,23,middle,work,car,car,car,2810.0,D_0021986,17,93,314620957.0,314620958.0,0.0,car:314620957:314620958:0,132.98275295014938,219726618,Avenida da Azenha,secondary,,,,,,,,,
baseline,23,middle,work,car,car,car,2810.0,D_0021986,18,93,314620958.0,314620959.0,0.0,car:314620958:314620959:0,81.94481002957725,219726621,Avenida da Azenha,secondary,,,,,,,,,
baseline,23,middle,work,car,car,car,2810.0,D_0021986,19,93,314620959.0,314621155.0,0.0,car:314620959:314621155:0,9.573424305171525,219726615,Avenida Doutor Carlos Barbosa,tertiary,,,,,,,,,
baseline,23,middle,work,car,car,car,2810.0,D_0021986,20,93,314621155.0,711958661.0,0.0,car:314621155:711958661:0,268.1452623688958,208141660,Avenida Doutor Carlos Barbosa,tertiary,,,,,,,,,
baseline,23,middle,work,car,car,car,2810.0,D_0021986,21,93,711958661.0,314620963.0,0.0,car:711958661:314620963:0,26.174622358607472,356395982,Avenida Doutor Carlos Barbosa,tertiary,,,,,,,,,
baseline,23,middle,work,car,car,car,2810.0,D_0021986,22,93,314620963.0,711958648.0,0.0,car:314620963:711958648:0,172.64422304585844,356395986,Avenida Doutor Carlos Barbosa,tertiary,,,,,,,,,
baseline,23,middle,work,car,car,car,2810.0,D_0021986,23,93,711958648.0,314621158.0,0.0,car:711958648:314621158:0,153.25394265479736,130695683,Avenida Doutor Carlos Barbosa,tertiary,,,,,,,,,
baseline,23,middle,work,car,car,car,2810.0,D_0021986,24,93,314621158.0,711958664.0,0.0,car:314621158:711958664:0,44.89990225790628,130695683,Avenida Doutor Carlos Barbosa,tertiary,,,,,,,,,
baseline,23,middle,work,car,car,car,2810.0,D_0021986,25,93,711958664.0,7738190248.0,0.0,car:711958664:7738190248:0,64.90163121401105,130695683,Avenida Doutor Carlos Barbosa,tertiary,,,,,,,,,
baseline,23,middle,work,car,car,car,2810.0,D_0021986,26,93,7738190248.0,711958643.0,0.0,car:7738190248:711958643:0,79.02961551691766,130695683,Avenida Doutor Carlos Barbosa,tertiary,,,,,,,,,
baseline,23,middle,work,car,car,car,2810.0,D_0021986,27,93,711958643.0,711958644.0,0.0,car:711958643:711958644:0,18.606943100797064,220083126,Avenida Doutor Carlos Barbosa,tertiary,,,,,,,,,
baseline,23,middle,work,car,car,car,2810.0,D_0021986,28,93,711958644.0,724370780.0,0.0,car:711958644:724370780:0,220.3280461696877,927273296|451652932,Avenida Doutor Carlos Barbosa,tertiary,,,,,,,,,
baseline,23,middle,work,car,car,car,2810.0,D_0021986,29,93,724370780.0,314620968.0,0.0,car:724370780:314620968:0,109.95740895880955,451652930,Avenida Doutor Carlos Barbosa,tertiary,,,,,,,,,
baseline,23,middle,work,car,car,car,2810.0,D_0021986,30,93,314620968.0,1481597001.0,0.0,car:314620968:1481597001:0,126.25567647869306,134817630,Avenida Doutor Carlos Barbosa,tertiary,,,,,,,,,
baseline,23,middle,work,car,car,car,2810.0,D_0021986,31,93,1481597001.0,7398521856.0,0.0,car:1481597001:7398521856:0,22.635582931883313,134817630,Avenida Doutor Carlos Barbosa,tertiary,,,,,,,,,
baseline,23,middle,work,car,car,car,2810.0,D_0021986,32,93,7398521856.0,1481597000.0,0.0,car:7398521856:1481597000:0,87.03558711286587,134817630,Avenida Doutor Carlos Barbosa,tertiary,,,,,,,,,
baseline,23,middle,work,car,car,car,2810.0,D_0021986,33,93,1481597000.0,832662635.0,0.0,car:1481597000:832662635:0,107.4827904487795,1491688567,Avenida Doutor Carlos Barbosa,tertiary,,,,,,,,,
baseline,23,middle,work,car,car,car,2810.0,D_0021986,34,93,832662635.0,9174675367.0,0.0,car:832662635:9174675367:0,46.83258210474575,37742002,Avenida Doutor Carlos Barbosa,secondary,,,,,,,,,
baseline,23,middle,work,car,car,car,2810.0,D_0021986,35,93,9174675367.0,442677766.0,0.0,car:9174675367:442677766:0,44.99448081035512,1198109337,Avenida Doutor Carlos Barbosa,secondary,,,,,,,,,
baseline,23,middle,work,car,car,car,2810.0,D_0021986,36,93,442677766.0,832662617.0,0.0,car:442677766:832662617:0,98.99653208070136,1294480165|220083151,Rua Professor Clemente Pinto,tertiary,,,,,,,,,
baseline,23,middle,work,car,car,car,2810.0,D_0021986,37,93,832662617.0,832662607.0,0.0,car:832662617:832662607:0,121.40036914402042,229293536,Rua Professor Clemente Pinto,tertiary,,,,,,,,,
baseline,23,middle,work,car,car,car,2810.0,D_0021986,38,93,832662607.0,832662664.0,0.0,car:832662607:832662664:0,79.87726273381615,229293536,Rua Professor Clemente Pinto,tertiary,,,,,,,,,
baseline,23,middle,work,car,car,car,2810.0,D_0021986,39,93,832662664.0,583358093.0,0.0,car:832662664:583358093:0,62.549011836937595,229293536,Rua Professor Clemente Pinto,tertiary,,,,,,,,,
baseline,23,middle,work,car,car,car,2810.0,D_0021986,40,93,583358093.0,583358102.0,0.0,car:583358093:583358102:0,171.0684486343211,229293536,Rua Professor Clemente Pinto,tertiary,,,,,,,,,
baseline,23,middle,work,car,car,car,2810.0,D_0021986,41,93,583358102.0,597473407.0,0.0,car:583358102:597473407:0,136.0701706649904,203432810,Rua Professor Clemente Pinto,tertiary,,,,,,,,,
baseline,23,middle,work,car,car,car,2810.0,D_0021986,42,93,597473407.0,597473405.0,0.0,car:597473407:597473405:0,111.8131369652425,229293534,Rua Professor Clemente Pinto,tertiary,,,,,,,,,
baseline,23,middle,work,car,car,car,2810.0,D_0021986,43,93,597473405.0,6571620180.0,0.0,car:597473405:6571620180:0,38.798232122221506,229293534,Rua Professor Clemente Pinto,tertiary,,,,,,,,,
baseline,23,middle,work,car,car,car,2810.0,D_0021986,44,93,6571620180.0,442677761.0,0.0,car:6571620180:442677761:0,59.947409689521045,229293534,Rua Professor Clemente Pinto,tertiary,,,,,,,,,
baseline,23,middle,work,car,car,car,2810.0,D_0021986,45,93,442677761.0,442677760.0,0.0,car:442677761:442677760:0,163.72040814486533,229293534,Rua Professor Clemente Pinto,tertiary,,,,,,,,,
baseline,23,middle,work,car,car,car,2810.0,D_0021986,46,93,442677760.0,442677758.0,0.0,car:442677760:442677758:0,149.3478607907474,280677447,Rua Professor Clemente Pinto,tertiary,,,,,,,,,
baseline,23,middle,work,car,car,car,2810.0,D_0021986,47,93,442677758.0,443341387.0,0.0,car:442677758:443341387:0,173.0624606249483,37795692,Avenida Belém,tertiary,,,,,,,,,
baseline,23,middle,work,car,car,car,2810.0,D_0021986,48,93,443341387.0,2847490442.0,0.0,car:443341387:2847490442:0,157.8345474343937,232189983,Avenida Teresópolis,primary,,,,,,,,,
baseline,23,middle,work,car,car,car,2810.0,D_0021986,49,93,2847490442.0,2522167138.0,0.0,car:2847490442:2522167138:0,87.7649100099182,451653102,Avenida Teresópolis,primary,,,,,,,,,
baseline,23,middle,work,car,car,car,2810.0,D_0021986,50,93,2522167138.0,448035023.0,0.0,car:2522167138:448035023:0,54.004664092202795,451653102,Avenida Teresópolis,primary,,,,,,,,,
baseline,23,middle,work,car,car,car,2810.0,D_0021986,51,93,448035023.0,1159301642.0,0.0,car:448035023:1159301642:0,76.01603477903447,168522565,Avenida Teresópolis,primary,,,,,,,,,
baseline,23,middle,work,car,car,car,2810.0,D_0021986,52,93,1159301642.0,2519289834.0,0.0,car:1159301642:2519289834:0,78.89361449806682,451653101,Avenida Teresópolis,primary,,,,,,,,,
baseline,23,middle,work,car,car,car,2810.0,D_0021986,53,93,2519289834.0,448035031.0,0.0,car:2519289834:448035031:0,178.56498107853622,356396264,Avenida Teresópolis,primary,,,,,,,,,
baseline,23,middle,work,car,car,car,2810.0,D_0021986,54,93,448035031.0,1107041548.0,0.0,car:448035031:1107041548:0,163.39720859291657,38092286,Avenida Nonoai,primary,,,,,,,,,
baseline,23,middle,work,car,car,car,2810.0,D_0021986,55,93,1107041548.0,448035050.0,0.0,car:1107041548:448035050:0,179.49106106059372,38092286,Avenida Nonoai,primary,,,,,,,,,
baseline,23,middle,work,car,car,car,2810.0,D_0021986,56,93,448035050.0,2282736204.0,0.0,car:448035050:2282736204:0,180.49022080082457,38092286,Avenida Nonoai,primary,,,,,,,,,
baseline,23,middle,work,car,car,car,2810.0,D_0021986,57,93,2282736204.0,445835104.0,0.0,car:2282736204:445835104:0,146.48236680731378,38092286,Avenida Nonoai,primary,,,,,,,,,
baseline,23,middle,work,car,car,car,2810.0,D_0021986,58,93,445835104.0,445835079.0,0.0,car:445835104:445835079:0,173.60117596407878,219064575,Avenida Nonoai,primary,,,,,,,,,
baseline,23,middle,work,car,car,car,2810.0,D_0021986,59,93,445835079.0,2508637707.0,0.0,car:445835079:2508637707:0,131.54689640182153,219064575,Avenida Nonoai,primary,,,,,,,,,
baseline,23,middle,work,car,car,car,2810.0,D_0021986,60,93,2508637707.0,2508637709.0,0.0,car:2508637707:2508637709:0,85.61651030263074,219064575,Avenida Nonoai,primary,,,,,,,,,
baseline,23,middle,work,car,car,car,2810.0,D_0021986,61,93,2508637709.0,832662801.0,0.0,car:2508637709:832662801:0,76.2864943116854,219064575,Avenida Nonoai,primary,,,,,,,,,
baseline,23,middle,work,car,car,car,2810.0,D_0021986,62,93,832662801.0,832662781.0,0.0,car:832662801:832662781:0,13.155440712032613,219064575,Avenida Nonoai,primary,,,,,,,,,
baseline,23,middle,work,car,car,car,2810.0,D_0021986,63,93,832662781.0,477246176.0,0.0,car:832662781:477246176:0,183.4970450928551,926818165,Avenida Nonoai,primary,,,,,,,,,
baseline,23,middle,work,car,car,car,2810.0,D_0021986,64,93,477246176.0,448034930.0,0.0,car:477246176:448034930:0,261.910089964052,926818167,Avenida Nonoai,primary,,,,,,,,,
baseline,23,middle,work,car,car,car,2810.0,D_0021986,65,93,448034930.0,448034979.0,0.0,car:448034930:448034979:0,19.81396253173493,130817626,Avenida da Cavalhada,primary,,,,,,,,,
baseline,23,middle,work,car,car,car,2810.0,D_0021986,66,93,448034979.0,448035237.0,0.0,car:448034979:448035237:0,15.730086450695985,38092290,Avenida Vicente Monteggia,secondary,,,,,,,,,
baseline,23,middle,work,car,car,car,2810.0,D_0021986,67,93,448035237.0,448035236.0,0.0,car:448035237:448035236:0,22.354147361405847,166117998,Avenida Vicente Monteggia,secondary,,,,,,,,,
baseline,23,middle,work,car,car,car,2810.0,D_0021986,68,93,448035236.0,2917580697.0,0.0,car:448035236:2917580697:0,27.79308456451754,925258741,Avenida Vicente Monteggia,secondary,,,,,,,,,
baseline,23,middle,work,car,car,car,2810.0,D_0021986,69,93,2917580697.0,2131881495.0,0.0,car:2917580697:2131881495:0,146.88841939773434,288207547,Avenida Vicente Monteggia,secondary,,,,,,,,,
baseline,23,middle,work,car,car,car,2810.0,D_0021986,70,93,2131881495.0,2131881499.0,0.0,car:2131881495:2131881499:0,211.5008503269234,288207547,Avenida Vicente Monteggia,secondary,,,,,,,,,
baseline,23,middle,work,car,car,car,2810.0,D_0021986,71,93,2131881499.0,4252896360.0,0.0,car:2131881499:4252896360:0,217.18239902332257,288207547,Avenida Vicente Monteggia,secondary,,,,,,,,,
baseline,23,middle,work,car,car,car,2810.0,D_0021986,72,93,4252896360.0,8603182386.0,0.0,car:4252896360:8603182386:0,13.360305911469563,927247731,Avenida Vicente Monteggia,secondary,,,,,,,,,
baseline,23,middle,work,car,car,car,2810.0,D_0021986,73,93,8603182386.0,8603208245.0,0.0,car:8603182386:8603208245:0,21.482469893782184,1315943920,Avenida Vicente Monteggia,secondary,,,,,,,,,
baseline,23,middle,work,car,car,car,2810.0,D_0021986,74,93,8603208245.0,8587032514.0,0.0,car:8603208245:8587032514:0,23.158757664706606,927250045,Avenida Vicente Monteggia,secondary,,,,,,,,,
baseline,23,middle,work,car,car,car,2810.0,D_0021986,75,93,8587032514.0,8327434625.0,0.0,car:8587032514:8327434625:0,16.604508883728126,1315943914,Avenida Vicente Monteggia,secondary,,,,,,,,,
baseline,23,middle,work,car,car,car,2810.0,D_0021986,76,93,8327434625.0,477252048.0,0.0,car:8327434625:477252048:0,334.8591363490606,188847972|1315943916|927247732,Avenida Vicente Monteggia,secondary,,,,,,,,,
baseline,23,middle,work,car,car,car,2810.0,D_0021986,77,93,477252048.0,2165586309.0,0.0,car:477252048:2165586309:0,17.29592947005426,188847972,Avenida Vicente Monteggia,secondary,,,,,,,,,
baseline,23,middle,work,car,car,car,2810.0,D_0021986,78,93,2165586309.0,8607241754.0,0.0,car:2165586309:8607241754:0,20.222783068876048,188847972,Avenida Vicente Monteggia,secondary,,,,,,,,,
baseline,23,middle,work,car,car,car,2810.0,D_0021986,79,93,8607241754.0,8607241746.0,0.0,car:8607241754:8607241746:0,140.22914928349132,356396274|927874356,Avenida Vicente Monteggia,secondary,,,,,,,,,
baseline,23,middle,work,car,car,car,2810.0,D_0021986,80,93,8607241746.0,477253464.0,0.0,car:8607241746:477253464:0,23.228804810610036,356396274,Avenida Vicente Monteggia,secondary,,,,,,,,,
baseline,23,middle,work,car,car,car,2810.0,D_0021986,81,93,477253464.0,477253522.0,0.0,car:477253464:477253522:0,75.1042402963031,356396274,Avenida Vicente Monteggia,secondary,,,,,,,,,
baseline,23,middle,work,car,car,car,2810.0,D_0021986,82,93,477253522.0,477253379.0,0.0,car:477253522:477253379:0,72.14020657227593,356396274,Avenida Vicente Monteggia,secondary,,,,,,,,,
baseline,23,middle,work,car,car,car,2810.0,D_0021986,83,93,477253379.0,456636440.0,0.0,car:477253379:456636440:0,60.14411338818066,356396274,Avenida Vicente Monteggia,secondary,,,,,,,,,
baseline,23,middle,work,car,car,car,2810.0,D_0021986,84,93,456636440.0,2541614113.0,0.0,car:456636440:2541614113:0,209.93998730472148,127108236,Rua Amapá,residential,,,,,,,,,
baseline,23,middle,work,car,car,car,2810.0,D_0021986,85,93,2541614113.0,2541614156.0,0.0,car:2541614113:2541614156:0,57.70232281076668,127108236,Rua Amapá,residential,,,,,,,,,
baseline,23,middle,work,car,car,car,2810.0,D_0021986,86,93,2541614156.0,2541614155.0,0.0,car:2541614156:2541614155:0,149.7821489602333,127108236,Rua Amapá,residential,,,,,,,,,
baseline,23,middle,work,car,car,car,2810.0,D_0021986,87,93,2541614155.0,2541614086.0,0.0,car:2541614155:2541614086:0,46.02340661477453,127108236,Rua Amapá,residential,,,,,,,,,
baseline,23,middle,work,car,car,car,2810.0,D_0021986,88,93,2541614086.0,1407603257.0,0.0,car:2541614086:1407603257:0,94.60786336426607,127108236,Rua Amapá,residential,,,,,,,,,
baseline,23,middle,work,car,car,car,2810.0,D_0021986,89,93,1407603257.0,1407603225.0,0.0,car:1407603257:1407603225:0,107.61056747463294,127108241,Rua Adriano Pereira da Silva,residential,,,,,,,,,
baseline,23,middle,work,car,car,car,2810.0,D_0021986,90,93,1407603225.0,1407603097.0,0.0,car:1407603225:1407603097:0,108.09724034797463,127108241,Rua Adriano Pereira da Silva,residential,,,,,,,,,
baseline,23,middle,work,car,car,car,2810.0,D_0021986,91,93,1407603097.0,8692726446.0,0.0,car:1407603097:8692726446:0,42.67310687731792,938299492|938299493|938299495,,residential,,,,,,,,,
baseline,23,middle,work,car,car,car,2810.0,D_0021986,92,93,8692726446.0,8692726438.0,0.0,car:8692726446:8692726438:0,55.384075635476925,938299494,,residential,,,,,,,,,
baseline,24,middle,education,car,car,car,5899.0,D_0000927,0,34,2799413428.0,2799413282.0,0.0,car:2799413428:2799413282:0,56.424775405552914,275303400,Rua Marco Aurélio Argemi,residential,,,,,,,,,
baseline,24,middle,education,car,car,car,5899.0,D_0000927,1,34,2799413282.0,2799413281.0,0.0,car:2799413282:2799413281:0,6.77113557651599,243371272,Rua Wilson Luiz de Almeida,residential,,,,,,,,,
baseline,24,middle,education,car,car,car,5899.0,D_0000927,2,34,2799413281.0,2799413283.0,0.0,car:2799413281:2799413283:0,57.15034747781257,243371272,Rua Wilson Luiz de Almeida,residential,,,,,,,,,
baseline,24,middle,education,car,car,car,5899.0,D_0000927,3,34,2799413283.0,2507941738.0,0.0,car:2799413283:2507941738:0,60.57832898735323,243371272,Rua Wilson Luiz de Almeida,residential,,,,,,,,,
baseline,24,middle,education,car,car,car,5899.0,D_0000927,4,34,2507941738.0,2543068618.0,0.0,car:2507941738:2543068618:0,162.4901368081202,243371271,Rua Doutor Raphael Loro,residential,,,,,,,,,
baseline,24,middle,education,car,car,car,5899.0,D_0000927,5,34,2543068618.0,13686441486.0,0.0,car:2543068618:13686441486:0,62.16953114355131,243371271,Rua Doutor Raphael Loro,residential,,,,,,,,,
baseline,24,middle,education,car,car,car,5899.0,D_0000927,6,34,13686441486.0,13686487010.0,0.0,car:13686441486:13686487010:0,82.13519932091457,1493614031,Avenida Edgar Pires de Castro,primary,,,,,,,,,
baseline,24,middle,education,car,car,car,5899.0,D_0000927,7,34,13686487010.0,13686487011.0,0.0,car:13686487010:13686487011:0,145.86473417844317,1493614027|1493613988,Avenida Edgar Pires de Castro,primary,,,,,,,,,
baseline,24,middle,education,car,car,car,5899.0,D_0000927,8,34,13686487011.0,13686487002.0,0.0,car:13686487011:13686487002:0,47.99347156385359,1493614029,Avenida Edgar Pires de Castro,primary,,,,,,,,,
baseline,24,middle,education,car,car,car,5899.0,D_0000927,9,34,13686487002.0,13686487029.0,0.0,car:13686487002:13686487029:0,26.2315518300578,1493614029,Avenida Edgar Pires de Castro,primary,,,,,,,,,
baseline,24,middle,education,car,car,car,5899.0,D_0000927,10,34,13686487029.0,13686487014.0,0.0,car:13686487029:13686487014:0,90.88047166644813,1493614028|1493613991,Avenida Edgar Pires de Castro,primary,,,,,,,,,
baseline,24,middle,education,car,car,car,5899.0,D_0000927,11,34,13686487014.0,13686487001.0,0.0,car:13686487014:13686487001:0,21.932284279279443,1493614008,Avenida Edgar Pires de Castro,primary,,,,,,,,,
baseline,24,middle,education,car,car,car,5899.0,D_0000927,12,34,13686487001.0,13686441500.0,0.0,car:13686487001:13686441500:0,85.75489480876763,1493614026,Avenida Edgar Pires de Castro,primary,,,,,,,,,
baseline,24,middle,education,car,car,car,5899.0,D_0000927,13,34,13686441500.0,13686487015.0,0.0,car:13686441500:13686487015:0,21.871554750452564,1493614026,Avenida Edgar Pires de Castro,primary,,,,,,,,,
baseline,24,middle,education,car,car,car,5899.0,D_0000927,14,34,13686487015.0,2799413487.0,0.0,car:13686487015:2799413487:0,63.05304512910135,448811233,Avenida Edgar Pires de Castro,primary,,,,,,,,,
baseline,24,middle,education,car,car,car,5899.0,D_0000927,15,34,2799413487.0,2799413474.0,0.0,car:2799413487:2799413474:0,22.929141037341573,275303445,Avenida Edgar Pires de Castro,primary,,,,,,,,,
baseline,24,middle,education,car,car,car,5899.0,D_0000927,16,34,2799413474.0,2799413470.0,0.0,car:2799413474:2799413470:0,20.478475423140637,275303445,Avenida Edgar Pires de Castro,primary,,,,,,,,,
baseline,24,middle,education,car,car,car,5899.0,D_0000927,17,34,2799413470.0,2799413461.0,0.0,car:2799413470:2799413461:0,50.124940210667035,1493613984,Avenida Edgar Pires de Castro,primary,,,,,,,,,
baseline,24,middle,education,car,car,car,5899.0,D_0000927,18,34,2799413461.0,298009941.0,0.0,car:2799413461:298009941:0,69.44869188734583,448811232,Avenida Edgar Pires de Castro,primary,,,,,,,,,
baseline,24,middle,education,car,car,car,5899.0,D_0000927,19,34,298009941.0,13686487016.0,0.0,car:298009941:13686487016:0,85.78762386678451,1266231619,Avenida Edgar Pires de Castro,primary,,,,,,,,,
baseline,24,middle,education,car,car,car,5899.0,D_0000927,20,34,13686487016.0,13686441496.0,0.0,car:13686487016:13686441496:0,25.21516134904846,1493614024,Avenida Edgar Pires de Castro,primary,,,,,,,,,
baseline,24,middle,education,car,car,car,5899.0,D_0000927,21,34,13686441496.0,298009940.0,0.0,car:13686441496:298009940:0,24.07111047000995,1493614024,Avenida Edgar Pires de Castro,primary,,,,,,,,,
baseline,24,middle,education,car,car,car,5899.0,D_0000927,22,34,298009940.0,298009939.0,0.0,car:298009940:298009939:0,42.068378980172014,1493614020,Avenida Edgar Pires de Castro,primary,,,,,,,,,
baseline,24,middle,education,car,car,car,5899.0,D_0000927,23,34,298009939.0,13686441494.0,0.0,car:298009939:13686441494:0,23.166182982856903,1493614003,Avenida Edgar Pires de Castro,primary,,,,,,,,,
baseline,24,middle,education,car,car,car,5899.0,D_0000927,24,34,13686441494.0,2507941735.0,0.0,car:13686441494:2507941735:0,127.55928441421923,669949565,,residential,,,,,,,,,
baseline,24,middle,education,car,car,car,5899.0,D_0000927,25,34,2507941735.0,7829924040.0,0.0,car:2507941735:7829924040:0,101.91110070230212,669949565|736939302,,residential,,,,,,,,,
baseline,24,middle,education,car,car,car,5899.0,D_0000927,26,34,7829924040.0,6899482568.0,0.0,car:7829924040:6899482568:0,65.73099307426504,736939302,,residential,,,,,,,,,
baseline,24,middle,education,car,car,car,5899.0,D_0000927,27,34,6899482568.0,6899482569.0,0.0,car:6899482568:6899482569:0,69.11082933966992,736939302,,residential,,,,,,,,,
baseline,24,middle,education,car,car,car,5899.0,D_0000927,28,34,6899482569.0,6899482570.0,0.0,car:6899482569:6899482570:0,64.57942778418206,736939302,,residential,,,,,,,,,
baseline,24,middle,education,car,car,car,5899.0,D_0000927,29,34,6899482570.0,8992707841.0,0.0,car:6899482570:8992707841:0,13.038748687212761,971615388,,residential,,,,,,,,,
baseline,24,middle,education,car,car,car,5899.0,D_0000927,30,34,8992707841.0,8407661714.0,0.0,car:8992707841:8407661714:0,21.21114285907516,971615390,,residential,,,,,,,,,
baseline,24,middle,education,car,car,car,5899.0,D_0000927,31,34,8407661714.0,8407661711.0,0.0,car:8407661714:8407661711:0,13.846173372398077,905354510,,secondary_link,,,,,,,,,
baseline,24,middle,education,car,car,car,5899.0,D_0000927,32,34,8407661711.0,8407683220.0,0.0,car:8407661711:8407683220:0,9.448597008570317,905354512,Estrada Gedeon Leite,secondary,,,,,,,,,
baseline,24,middle,education,car,car,car,5899.0,D_0000927,33,34,8407683220.0,8407683218.0,0.0,car:8407683220:8407683218:0,12.38179451653182,905354512,Estrada Gedeon Leite,secondary,,,,,,,,,
baseline,28,middle,work,bike,bike,bike,6955.0,D_0010202,0,87,319124240.0,9032978658.0,0.0,bike:319124240:9032978658:0,261.8066132229579,29018252|976094422,Rua Patagônia,residential,,,,,,,,,
baseline,28,middle,work,bike,bike,bike,6955.0,D_0010202,1,87,9032978658.0,319118461.0,0.0,bike:9032978658:319118461:0,178.6628052164649,699797486,Rua Panamá,tertiary,,,,,,,,,
baseline,28,middle,work,bike,bike,bike,6955.0,D_0010202,2,87,319118461.0,445820961.0,0.0,bike:319118461:445820961:0,81.36427724505897,131992358,Rua Panamá,tertiary,,,,,,,,,
baseline,28,middle,work,bike,bike,bike,6955.0,D_0010202,3,87,445820961.0,445820962.0,0.0,bike:445820961:445820962:0,162.64448513533662,399066442,Rua Doutor Murtinho,tertiary,,,,,,,,,
baseline,28,middle,work,bike,bike,bike,6955.0,D_0010202,4,87,445820962.0,295518708.0,0.0,bike:445820962:295518708:0,69.5188850185583,245577990,Rua Alfredo Ferreira Rodrigues,tertiary,,,,,,,,,
baseline,28,middle,work,bike,bike,bike,6955.0,D_0010202,5,87,295518708.0,2527527070.0,0.0,bike:295518708:2527527070:0,106.83967917926184,261797676,Avenida Protásio Alves,primary,,,,,,,,,
baseline,28,middle,work,bike,bike,bike,6955.0,D_0010202,6,87,2527527070.0,3618664594.0,0.0,bike:2527527070:3618664594:0,7.872664889096222,29018153,Avenida Saturnino de Brito,secondary,,,,,,,,,
baseline,28,middle,work,bike,bike,bike,6955.0,D_0010202,7,87,3618664594.0,295518345.0,0.0,bike:3618664594:295518345:0,7.861545455948274,29018153,Avenida Saturnino de Brito,secondary,,,,,,,,,
baseline,28,middle,work,bike,bike,bike,6955.0,D_0010202,8,87,295518345.0,308417362.0,0.0,bike:295518345:308417362:0,255.53086408864024,28082687,Avenida Saturnino de Brito,secondary,,,,,,,,,
baseline,28,middle,work,bike,bike,bike,6955.0,D_0010202,9,87,308417362.0,4459740086.0,0.0,bike:308417362:4459740086:0,91.72037022923098,245577971,Avenida Saturnino de Brito,secondary,,,,,,,,,
baseline,28,middle,work,bike,bike,bike,6955.0,D_0010202,10,87,4459740086.0,308417148.0,0.0,bike:4459740086:308417148:0,133.20713940701825,245577971,Avenida Saturnino de Brito,secondary,,,,,,,,,
baseline,28,middle,work,bike,bike,bike,6955.0,D_0010202,11,87,308417148.0,832669217.0,0.0,bike:308417148:832669217:0,102.54109306489241,245577971,Avenida Saturnino de Brito,secondary,,,,,,,,,
baseline,28,middle,work,bike,bike,bike,6955.0,D_0010202,12,87,832669217.0,832669204.0,0.0,bike:832669217:832669204:0,92.79773018482953,326309701,Avenida Saturnino de Brito,secondary,,,,,,,,,
baseline,28,middle,work,bike,bike,bike,6955.0,D_0010202,13,87,832669204.0,308417548.0,0.0,bike:832669204:308417548:0,89.6184087828735,326309701,Avenida Saturnino de Brito,secondary,,,,,,,,,
baseline,28,middle,work,bike,bike,bike,6955.0,D_0010202,14,87,308417548.0,308417549.0,0.0,bike:308417548:308417549:0,50.23554938278705,326309700,Avenida Saturnino de Brito,secondary,,,,,,,,,
baseline,28,middle,work,bike,bike,bike,6955.0,D_0010202,15,87,308417549.0,308421786.0,0.0,bike:308417549:308421786:0,82.64668054855099,98557273,Avenida Saturnino de Brito,secondary,,,,,,,,,
baseline,28,middle,work,bike,bike,bike,6955.0,D_0010202,16,87,308421786.0,308421785.0,0.0,bike:308421786:308421785:0,23.395756926281578,451653092,Avenida Saturnino de Brito,secondary,,,,,,,,,
baseline,28,middle,work,bike,bike,bike,6955.0,D_0010202,17,87,308421785.0,308421784.0,0.0,bike:308421785:308421784:0,11.68302069256984,451653092,Avenida Saturnino de Brito,secondary,,,,,,,,,
baseline,28,middle,work,bike,bike,bike,6955.0,D_0010202,18,87,308421784.0,309860840.0,0.0,bike:308421784:309860840:0,197.17458074665018,451653093,Avenida Saturnino de Brito,secondary,,,,,,,,,
baseline,28,middle,work,bike,bike,bike,6955.0,D_0010202,19,87,309860840.0,872534284.0,0.0,bike:309860840:872534284:0,78.92757229862411,451653093,Avenida Saturnino de Brito,secondary,,,,,,,,,
baseline,28,middle,work,bike,bike,bike,6955.0,D_0010202,20,87,872534284.0,872534291.0,0.0,bike:872534284:872534291:0,164.212458637206,28211664,Rua Fernando Pimentel,tertiary,,,,,,,,,
baseline,28,middle,work,bike,bike,bike,6955.0,D_0010202,21,87,872534291.0,872534317.0,0.0,bike:872534291:872534317:0,63.21160580988823,221551752,Rua Fernando Pimentel,tertiary,,,,,,,,,
baseline,28,middle,work,bike,bike,bike,6955.0,D_0010202,22,87,872534317.0,872534299.0,0.0,bike:872534317:872534299:0,55.42783791005735,221551752,Rua Fernando Pimentel,tertiary,,,,,,,,,
baseline,28,middle,work,bike,bike,bike,6955.0,D_0010202,23,87,872534299.0,573291076.0,0.0,bike:872534299:573291076:0,94.78329444142224,221551752,Rua Fernando Pimentel,tertiary,,,,,,,,,
baseline,28,middle,work,bike,bike,bike,6955.0,D_0010202,24,87,573291076.0,573291107.0,0.0,bike:573291076:573291107:0,98.06230472449369,221551752,Rua Fernando Pimentel,tertiary,,,,,,,,,
baseline,28,middle,work,bike,bike,bike,6955.0,D_0010202,25,87,573291107.0,874400536.0,0.0,bike:573291107:874400536:0,6.730236534631914,28082745,Rua Ernesto Pellanda,tertiary,,,,,,,,,
baseline,28,middle,work,bike,bike,bike,6955.0,D_0010202,26,87,874400536.0,573290945.0,0.0,bike:874400536:573290945:0,68.22527445078545,28082745,Rua Ernesto Pellanda,tertiary,,,,,,,,,
baseline,28,middle,work,bike,bike,bike,6955.0,D_0010202,27,87,573290945.0,872534137.0,0.0,bike:573290945:872534137:0,75.08998060101143,28082745,Rua Ernesto Pellanda,tertiary,,,,,,,,,
baseline,28,middle,work,bike,bike,bike,6955.0,D_0010202,28,87,872534137.0,715382143.0,0.0,bike:872534137:715382143:0,75.55001038569974,30105104,Rua das Caravelas,residential,,,,,,,,,
baseline,28,middle,work,bike,bike,bike,6955.0,D_0010202,29,87,715382143.0,539982316.0,0.0,bike:715382143:539982316:0,172.81234617129286,30105104,Rua das Caravelas,residential,,,,,,,,,
baseline,28,middle,work,bike,bike,bike,6955.0,D_0010202,30,87,539982316.0,715382132.0,0.0,bike:539982316:715382132:0,75.73590027850001,30105104,Rua das Caravelas,residential,,,,,,,,,
baseline,28,middle,work,bike,bike,bike,6955.0,D_0010202,31,87,715382132.0,715382474.0,0.0,bike:715382132:715382474:0,88.49374453806297,30105104,Rua das Caravelas,residential,,,,,,,,,
baseline,28,middle,work,bike,bike,bike,6955.0,D_0010202,32,87,715382474.0,331650425.0,0.0,bike:715382474:331650425:0,76.29123247873375,30105109,Praça Padre Mário Tarani,residential,,,,,,,,,
baseline,28,middle,work,bike,bike,bike,6955.0,D_0010202,33,87,331650425.0,331650323.0,0.0,bike:331650425:331650323:0,156.26693722133888,326309686,Avenida Benno Mentz,tertiary,,,,,,,,,
baseline,28,middle,work,bike,bike,bike,6955.0,D_0010202,34,87,331650323.0,331650526.0,0.0,bike:331650323:331650526:0,23.95804668510614,239363034,Avenida Benno Mentz,tertiary,,,,,,,,,
baseline,28,middle,work,bike,bike,bike,6955.0,D_0010202,35,87,331650526.0,12339477085.0,0.0,bike:331650526:12339477085:0,41.029358753344404,239363033,Avenida Benno Mentz,tertiary,,,,,,,,,
baseline,28,middle,work,bike,bike,bike,6955.0,D_0010202,36,87,12339477085.0,331663100.0,0.0,bike:12339477085:331663100:0,8.730355213391695,1333737335,Avenida Benno Mentz,tertiary,,,,,,,,,
baseline,28,middle,work,bike,bike,bike,6955.0,D_0010202,37,87,331663100.0,1164132240.0,0.0,bike:331663100:1164132240:0,34.97296612548681,239363037,Avenida Benno Mentz,tertiary,,,,,,,,,
baseline,28,middle,work,bike,bike,bike,6955.0,D_0010202,38,87,1164132240.0,331656341.0,0.0,bike:1164132240:331656341:0,57.41376297704476,239363036,Avenida Benno Mentz,tertiary,,,,,,,,,
baseline,28,middle,work,bike,bike,bike,6955.0,D_0010202,39,87,331656341.0,331656308.0,0.0,bike:331656341:331656308:0,106.66916725577532,239363032,Avenida Benno Mentz,tertiary,,,,,,,,,
baseline,28,middle,work,bike,bike,bike,6955.0,D_0010202,40,87,331656308.0,331656280.0,0.0,bike:331656308:331656280:0,73.94069867154532,239363032,Avenida Benno Mentz,tertiary,,,,,,,,,
baseline,28,middle,work,bike,bike,bike,6955.0,D_0010202,41,87,331656280.0,331656162.0,0.0,bike:331656280:331656162:0,68.73908376197045,239363032,Avenida Benno Mentz,tertiary,,,,,,,,,
baseline,28,middle,work,bike,bike,bike,6955.0,D_0010202,42,87,331656162.0,8603659161.0,0.0,bike:331656162:8603659161:0,57.008006998272606,239363032,Avenida Benno Mentz,tertiary,,,,,,,,,
baseline,28,middle,work,bike,bike,bike,6955.0,D_0010202,43,87,8603659161.0,8603653499.0,0.0,bike:8603659161:8603653499:0,17.191910576334553,927299674,Avenida Benno Mentz,tertiary,,,,,,,,,
baseline,28,middle,work,bike,bike,bike,6955.0,D_0010202,44,87,8603653499.0,838046081.0,0.0,bike:8603653499:838046081:0,12.026928252501232,1333737334,,tertiary,,,,,,,,,
baseline,28,middle,work,bike,bike,bike,6955.0,D_0010202,45,87,838046081.0,652717553.0,0.0,bike:838046081:652717553:0,106.49290291132012,283537771,Rua Gana,residential,,,,,,,,,
baseline,28,middle,work,bike,bike,bike,6955.0,D_0010202,46,87,652717553.0,652717546.0,0.0,bike:652717553:652717546:0,136.57462437024208,283537771,Rua Gana,residential,,,,,,,,,
baseline,28,middle,work,bike,bike,bike,6955.0,D_0010202,47,87,652717546.0,652717554.0,0.0,bike:652717546:652717554:0,84.34546954986928,283537771,Rua Gana,residential,,,,,,,,,
baseline,28,middle,work,bike,bike,bike,6955.0,D_0010202,48,87,652717554.0,1438934434.0,0.0,bike:652717554:1438934434:0,116.03519563693872,477689594,Rua Nigéria,residential,,,,,,,,,
baseline,28,middle,work,bike,bike,bike,6955.0,D_0010202,49,87,1438934434.0,3618663960.0,0.0,bike:1438934434:3618663960:0,39.31746588065901,130716241,Rua Abilio Miller,residential,,,,,,,,,
baseline,28,middle,work,bike,bike,bike,6955.0,D_0010202,50,87,3618663960.0,1438934433.0,0.0,bike:3618663960:1438934433:0,14.315178401585408,393910958,Rua Abilio Miller,tertiary,,,,,,,,,
baseline,28,middle,work,bike,bike,bike,6955.0,D_0010202,51,87,1438934433.0,874423413.0,0.0,bike:1438934433:874423413:0,77.0577574645943,356396555,Rua Gomes de Freitas,tertiary,,,,,,,,,
baseline,28,middle,work,bike,bike,bike,6955.0,D_0010202,52,87,874423413.0,874423563.0,0.0,bike:874423413:874423563:0,17.30592395537456,451653462,Rua Gomes de Freitas,tertiary,,,,,,,,,
baseline,28,middle,work,bike,bike,bike,6955.0,D_0010202,53,87,874423563.0,874423478.0,0.0,bike:874423563:874423478:0,64.45920208021981,451653462,Rua Gomes de Freitas,tertiary,,,,,,,,,
baseline,28,middle,work,bike,bike,bike,6955.0,D_0010202,54,87,874423478.0,874423701.0,0.0,bike:874423478:874423701:0,35.204367589970445,472631856,Rua Gomes de Freitas,tertiary,,,,,,,,,
baseline,28,middle,work,bike,bike,bike,6955.0,D_0010202,55,87,874423701.0,874423631.0,0.0,bike:874423701:874423631:0,73.79873412870931,472631856,Rua Gomes de Freitas,tertiary,,,,,,,,,
baseline,28,middle,work,bike,bike,bike,6955.0,D_0010202,56,87,874423631.0,874423514.0,0.0,bike:874423631:874423514:0,72.31010801581581,472631856,Rua Gomes de Freitas,tertiary,,,,,,,,,
baseline,28,middle,work,bike,bike,bike,6955.0,D_0010202,57,87,874423514.0,874423398.0,0.0,bike:874423514:874423398:0,77.32016939969711,472631856,Rua Gomes de Freitas,tertiary,,,,,,,,,
baseline,28,middle,work,bike,bike,bike,6955.0,D_0010202,58,87,874423398.0,8603172051.0,0.0,bike:874423398:8603172051:0,31.11948274722026,472631856,Rua Gomes de Freitas,tertiary,,,,,,,,,
baseline,28,middle,work,bike,bike,bike,6955.0,D_0010202,59,87,8603172051.0,951162408.0,0.0,bike:8603172051:951162408:0,45.457848339343556,472631856,Rua Gomes de Freitas,tertiary,,,,,,,,,
baseline,28,middle,work,bike,bike,bike,6955.0,D_0010202,60,87,951162408.0,8548150530.0,0.0,bike:951162408:8548150530:0,57.79836141365851,472631856,Rua Gomes de Freitas,tertiary,,,,,,,,,
baseline,28,middle,work,bike,bike,bike,6955.0,D_0010202,61,87,8548150530.0,8548150529.0,0.0,bike:8548150530:8548150529:0,3.8682582968241093,920658090,,tertiary_link,,,,,,,,,
baseline,28,middle,work,bike,bike,bike,6955.0,D_0010202,62,87,8548150529.0,4668326207.0,0.0,bike:8548150529:4668326207:0,29.344847969607628,472631828,Ciclovia Gomes de Freitas,cycleway,,,,,,,,,
baseline,28,middle,work,bike,bike,bike,6955.0,D_0010202,63,87,4668326207.0,4758452809.0,0.0,bike:4668326207:4758452809:0,13.220235834907692,1333554052,Ciclovia Gomes de Freitas,cycleway,,,,,,,,,
baseline,28,middle,work,bike,bike,bike,6955.0,D_0010202,64,87,4758452809.0,5422602575.0,0.0,bike:4758452809:5422602575:0,5.23390418591055,483090300,Ciclovia Gomes de Freitas,cycleway,,,,,,,,,
baseline,28,middle,work,bike,bike,bike,6955.0,D_0010202,65,87,5422602575.0,2403174844.0,0.0,bike:5422602575:2403174844:0,154.73332116355803,562500781,Ciclovia Joaquim Silveira,cycleway,,,,,,,,,
baseline,28,middle,work,bike,bike,bike,6955.0,D_0010202,66,87,2403174844.0,8548150551.0,0.0,bike:2403174844:8548150551:0,111.92727599129047,473229941,Avenida Assis Brasil,secondary,,,,,,,,,
baseline,28,middle,work,bike,bike,bike,6955.0,D_0010202,67,87,8548150551.0,8548150554.0,0.0,bike:8548150551:8548150554:0,42.73821034338833,473229941,Avenida Assis Brasil,secondary,,,,,,,,,
baseline,28,middle,work,bike,bike,bike,6955.0,D_0010202,68,87,8548150554.0,4259890963.0,0.0,bike:8548150554:4259890963:0,81.60311690586526,473229941,Avenida Assis Brasil,secondary,,,,,,,,,
baseline,28,middle,work,bike,bike,bike,6955.0,D_0010202,69,87,4259890963.0,8548353997.0,0.0,bike:4259890963:8548353997:0,32.04290635058438,473229941,Avenida Assis Brasil,secondary,,,,,,,,,
baseline,28,middle,work,bike,bike,bike,6955.0,D_0010202,70,87,8548353997.0,4854013145.0,0.0,bike:8548353997:4854013145:0,29.44362753727962,473229941,Avenida Assis Brasil,secondary,,,,,,,,,
baseline,28,middle,work,bike,bike,bike,6955.0,D_0010202,71,87,4854013145.0,4854013142.0,0.0,bike:4854013145:4854013142:0,26.582217312931483,473229941,Avenida Assis Brasil,secondary,,,,,,,,,
baseline,28,middle,work,bike,bike,bike,6955.0,D_0010202,72,87,4854013142.0,8556048487.0,0.0,bike:4854013142:8556048487:0,8.09619099700947,473229941,Avenida Assis Brasil,secondary,,,,,,,,,
baseline,28,middle,work,bike,bike,bike,6955.0,D_0010202,73,87,8556048487.0,319701963.0,0.0,bike:8556048487:319701963:0,121.49564059669198,473229941,Avenida Assis Brasil,secondary,,,,,,,,,
baseline,28,middle,work,bike,bike,bike,6955.0,D_0010202,74,87,319701963.0,694284261.0,0.0,bike:319701963:694284261:0,130.59706727695615,473229941,Avenida Assis Brasil,secondary,,,,,,,,,
baseline,28,middle,work,bike,bike,bike,6955.0,D_0010202,75,87,694284261.0,8548150532.0,0.0,bike:694284261:8548150532:0,38.935361424335696,903406949,Avenida Assis Brasil,secondary,,,,,,,,,
baseline,28,middle,work,bike,bike,bike,6955.0,D_0010202,76,87,8548150532.0,7737501625.0,0.0,bike:8548150532:7737501625:0,110.98787487840761,903406949,Avenida Assis Brasil,secondary,,,,,,,,,
baseline,28,middle,work,bike,bike,bike,6955.0,D_0010202,77,87,7737501625.0,297825969.0,0.0,bike:7737501625:297825969:0,9.721054993990794,871467508,Avenida Assis Brasil,secondary,,,,,,,,,
baseline,28,middle,work,bike,bike,bike,6955.0,D_0010202,78,87,297825969.0,8548150556.0,0.0,bike:297825969:8548150556:0,8.736044966484483,871467506,Avenida Assis Brasil,secondary,,,,,,,,,
baseline,28,middle,work,bike,bike,bike,6955.0,D_0010202,79,87,8548150556.0,321021646.0,0.0,bike:8548150556:321021646:0,101.43647026456574,871467506,Avenida Assis Brasil,secondary,,,,,,,,,
baseline,28,middle,work,bike,bike,bike,6955.0,D_0010202,80,87,321021646.0,297825973.0,0.0,bike:321021646:297825973:0,126.18792702802317,871467506,Avenida Assis Brasil,secondary,,,,,,,,,
baseline,28,middle,work,bike,bike,bike,6955.0,D_0010202,81,87,297825973.0,297825974.0,0.0,bike:297825973:297825974:0,33.790879239528756,871467506,Avenida Assis Brasil,secondary,,,,,,,,,
baseline,28,middle,work,bike,bike,bike,6955.0,D_0010202,82,87,297825974.0,9009466952.0,0.0,bike:297825974:9009466952:0,29.799575646112064,326420690,Avenida Assis Brasil,secondary,,,,,,,,,
baseline,28,middle,work,bike,bike,bike,6955.0,D_0010202,83,87,9009466952.0,3754635754.0,0.0,bike:9009466952:3754635754:0,108.84306878837116,326420690,Avenida Assis Brasil,secondary,,,,,,,,,
baseline,28,middle,work,bike,bike,bike,6955.0,D_0010202,84,87,3754635754.0,694284280.0,0.0,bike:3754635754:694284280:0,211.48864921294802,326420690,Avenida Assis Brasil,secondary,,,,,,,,,
baseline,28,middle,work,bike,bike,bike,6955.0,D_0010202,85,87,694284280.0,694284275.0,0.0,bike:694284280:694284275:0,12.834729486247767,371919790,Avenida Assis Brasil,primary,,,,,,,,,
baseline,28,middle,work,bike,bike,bike,6955.0,D_0010202,86,87,694284275.0,297131409.0,0.0,bike:694284275:297131409:0,18.18513790279755,27082347,Avenida Sertório,primary,,,,,,,,,
baseline,30,middle,work,car,car,car,3967.0,D_0017153,0,26,507108851.0,507108853.0,0.0,car:507108851:507108853:0,126.35413397207758,699786069,Rua Planalto,living_street,,,,,,,,,
baseline,30,middle,work,car,car,car,3967.0,D_0017153,1,26,507108853.0,507108855.0,0.0,car:507108853:507108855:0,58.567188847488026,37581399,Rua Planalto,living_street,,,,,,,,,
baseline,30,middle,work,car,car,car,3967.0,D_0017153,2,26,507108855.0,507108840.0,0.0,car:507108855:507108840:0,75.70196758165095,37581413,Rua Janio Quadros,living_street,,,,,,,,,
baseline,30,middle,work,car,car,car,3967.0,D_0017153,3,26,507108840.0,440504016.0,0.0,car:507108840:440504016:0,190.0598786797736,37581401|37581388,Rua Martins de Carvalho|Rua Irmãs Paulinas,living_street,,,,,,,,,
baseline,30,middle,work,car,car,car,3967.0,D_0017153,4,26,440504016.0,897306283.0,0.0,car:440504016:897306283:0,74.53030017335738,37581386,Rua Capitão Padilha,living_street,,,,,,,,,
baseline,30,middle,work,car,car,car,3967.0,D_0017153,5,26,897306283.0,897306279.0,0.0,car:897306283:897306279:0,103.12588639710044,37581386,Rua Capitão Padilha,living_street,,,,,,,,,
baseline,30,middle,work,car,car,car,3967.0,D_0017153,6,26,897306279.0,3232271582.0,0.0,car:897306279:3232271582:0,57.7395393373569,699786068,Avenida Professor Oscar Pereira,secondary,,,,,,,,,
baseline,30,middle,work,car,car,car,3967.0,D_0017153,7,26,3232271582.0,8720594411.0,0.0,car:3232271582:8720594411:0,264.3947752670956,284316794,Avenida Professor Oscar Pereira,secondary,,,,,,,,,
baseline,30,middle,work,car,car,car,3967.0,D_0017153,8,26,8720594411.0,2880556758.0,0.0,car:8720594411:2880556758:0,229.79171815563103,284316794|356396130,Avenida Professor Oscar Pereira,secondary,,,,,,,,,
baseline,30,middle,work,car,car,car,3967.0,D_0017153,9,26,2880556758.0,897306606.0,0.0,car:2880556758:897306606:0,540.0804371428625,356396126,Avenida Professor Oscar Pereira,secondary,,,,,,,,,
baseline,30,middle,work,car,car,car,3967.0,D_0017153,10,26,897306606.0,1400290690.0,0.0,car:897306606:1400290690:0,162.2637027183507,477789252,Avenida Professor Oscar Pereira,secondary,,,,,,,,,
baseline,30,middle,work,car,car,car,3967.0,D_0017153,11,26,1400290690.0,418281377.0,0.0,car:1400290690:418281377:0,97.4269318148227,477789252,Avenida Professor Oscar Pereira,secondary,,,,,,,,,
baseline,30,middle,work,car,car,car,3967.0,D_0017153,12,26,418281377.0,440504827.0,0.0,car:418281377:440504827:0,180.94008600324145,37581498,Rua Francisco Martins,residential,,,,,,,,,
baseline,30,middle,work,car,car,car,3967.0,D_0017153,13,26,440504827.0,3599722893.0,0.0,car:440504827:3599722893:0,16.455353008546698,37581498,Rua Francisco Martins,residential,,,,,,,,,
baseline,30,middle,work,car,car,car,3967.0,D_0017153,14,26,3599722893.0,3599722895.0,0.0,car:3599722893:3599722895:0,78.33350560815757,37581498,Rua Francisco Martins,residential,,,,,,,,,
baseline,30,middle,work,car,car,car,3967.0,D_0017153,15,26,3599722895.0,440504628.0,0.0,car:3599722895:440504628:0,167.09364507421873,37581498,Rua Francisco Martins,residential,,,,,,,,,
baseline,30,middle,work,car,car,car,3967.0,D_0017153,16,26,440504628.0,897306477.0,0.0,car:440504628:897306477:0,97.17559183747771,37581488,Estrada dos Barcellos,living_street,,,,,,,,,
baseline,30,middle,work,car,car,car,3967.0,D_0017153,17,26,897306477.0,897306362.0,0.0,car:897306477:897306362:0,46.005790053047264,37581488,Estrada dos Barcellos,living_street,,,,,,,,,
baseline,30,middle,work,car,car,car,3967.0,D_0017153,18,26,897306362.0,4248653132.0,0.0,car:897306362:4248653132:0,127.15920241362656,37581488,Estrada dos Barcellos,living_street,,,,,,,,,
baseline,30,middle,work,car,car,car,3967.0,D_0017153,19,26,4248653132.0,440504610.0,0.0,car:4248653132:440504610:0,8.940034208464214,37581488,Estrada dos Barcellos,living_street,,,,,,,,,
baseline,30,middle,work,car,car,car,3967.0,D_0017153,20,26,440504610.0,4279041710.0,0.0,car:440504610:4279041710:0,28.35736904144995,37581478,Avenida Erval,residential,,,,,,,,,
baseline,30,middle,work,car,car,car,3967.0,D_0017153,21,26,4279041710.0,4279041730.0,0.0,car:4279041710:4279041730:0,91.38888493533798,428804396,Rua Carlos Marighella,living_street,,,,,,,,,
baseline,30,middle,work,car,car,car,3967.0,D_0017153,22,26,4279041730.0,4279041750.0,0.0,car:4279041730:4279041750:0,93.00794332917916,428804391,Rua Lenin,living_street,,,,,,,,,
baseline,30,middle,work,car,car,car,3967.0,D_0017153,23,26,4279041750.0,897306410.0,0.0,car:4279041750:897306410:0,59.67008494773786,37581505,Rua dos Canudos,living_street,,,,,,,,,
baseline,30,middle,work,car,car,car,3967.0,D_0017153,24,26,897306410.0,1411533219.0,0.0,car:897306410:1411533219:0,448.45700056920725,37581505,Rua dos Canudos,living_street,,,,,,,,,
baseline,30,middle,work,car,car,car,3967.0,D_0017153,25,26,1411533219.0,1411533155.0,0.0,car:1411533219:1411533155:0,99.31813756113763,37581505|219006106,Rua dos Canudos,unclassified|living_street,,,,,,,,,
baseline,31,middle,work,car,car,car,11482.0,D_0017698,0,85,320032198.0,320032583.0,0.0,car:320032198:320032583:0,100.90252409911263,130808525,Avenida Bernardino Silveira Amorim,secondary,,,,,,,,,
baseline,31,middle,work,car,car,car,11482.0,D_0017698,1,85,320032583.0,1053040410.0,0.0,car:320032583:1053040410:0,92.27861451116215,451652898,Avenida Bernardino Silveira Amorim,secondary,,,,,,,,,
baseline,31,middle,work,car,car,car,11482.0,D_0017698,2,85,1053040410.0,320032934.0,0.0,car:1053040410:320032934:0,25.066938791335115,29094576,Avenida João Ferreira Jardim,secondary,,,,,,,,,
baseline,31,middle,work,car,car,car,11482.0,D_0017698,3,85,320032934.0,8487883041.0,0.0,car:320032934:8487883041:0,46.841470978502926,562103000,Avenida João Ferreira Jardim,secondary,,,,,,,,,
baseline,31,middle,work,car,car,car,11482.0,D_0017698,4,85,8487883041.0,2633471307.0,0.0,car:8487883041:2633471307:0,11.945603513331902,562103000,Avenida João Ferreira Jardim,secondary,,,,,,,,,
baseline,31,middle,work,car,car,car,11482.0,D_0017698,5,85,2633471307.0,674223341.0,0.0,car:2633471307:674223341:0,90.39560582463693,562103000,Avenida João Ferreira Jardim,secondary,,,,,,,,,
baseline,31,middle,work,car,car,car,11482.0,D_0017698,6,85,674223341.0,1817071548.0,0.0,car:674223341:1817071548:0,50.348840687572086,223755933,Rua Raymundo Luiz Marinho,tertiary,,,,,,,,,
baseline,31,middle,work,car,car,car,11482.0,D_0017698,7,85,1817071548.0,320166110.0,0.0,car:1817071548:320166110:0,104.27827064760304,223755933,Rua Raymundo Luiz Marinho,tertiary,,,,,,,,,
baseline,31,middle,work,car,car,car,11482.0,D_0017698,8,85,320166110.0,674223419.0,0.0,car:320166110:674223419:0,70.844265448544,223755933,Rua Raymundo Luiz Marinho,tertiary,,,,,,,,,
baseline,31,middle,work,car,car,car,11482.0,D_0017698,9,85,674223419.0,320166123.0,0.0,car:674223419:320166123:0,71.16706939268497,223755933,Rua Raymundo Luiz Marinho,tertiary,,,,,,,,,
baseline,31,middle,work,car,car,car,11482.0,D_0017698,10,85,320166123.0,674223403.0,0.0,car:320166123:674223403:0,115.00974855101327,223755933,Rua Raymundo Luiz Marinho,tertiary,,,,,,,,,
baseline,31,middle,work,car,car,car,11482.0,D_0017698,11,85,674223403.0,674223400.0,0.0,car:674223403:674223400:0,155.0344865812697,223755933,Rua Raymundo Luiz Marinho,tertiary,,,,,,,,,
baseline,31,middle,work,car,car,car,11482.0,D_0017698,12,85,674223400.0,320166105.0,0.0,car:674223400:320166105:0,96.78139338225913,223755933,Rua Raymundo Luiz Marinho,tertiary,,,,,,,,,
baseline,31,middle,work,car,car,car,11482.0,D_0017698,13,85,320166105.0,1118054129.0,0.0,car:320166105:1118054129:0,13.11313083161062,223755933,Rua Raymundo Luiz Marinho,tertiary,,,,,,,,,
baseline,31,middle,work,car,car,car,11482.0,D_0017698,14,85,1118054129.0,320166079.0,0.0,car:1118054129:320166079:0,49.189640996023456,223755920,Avenida Edu Las Casas,tertiary,,,,,,,,,
baseline,31,middle,work,car,car,car,11482.0,D_0017698,15,85,320166079.0,934998506.0,0.0,car:320166079:934998506:0,121.82184710302114,29106605,Rua Aloísio Olympio de Mello,residential,,,,,,,,,
baseline,31,middle,work,car,car,car,11482.0,D_0017698,16,85,934998506.0,934998477.0,0.0,car:934998506:934998477:0,205.44168150082731,29106605,Rua Aloísio Olympio de Mello,residential,,,,,,,,,
baseline,31,middle,work,car,car,car,11482.0,D_0017698,17,85,934998477.0,320164601.0,0.0,car:934998477:320164601:0,73.83176918507876,29106605,Rua Aloísio Olympio de Mello,residential,,,,,,,,,
baseline,31,middle,work,car,car,car,11482.0,D_0017698,18,85,320164601.0,320164537.0,0.0,car:320164601:320164537:0,10.225327577260423,29106605,Rua Aloísio Olympio de Mello,residential,,,,,,,,,
baseline,31,middle,work,car,car,car,11482.0,D_0017698,19,85,320164537.0,343298309.0,0.0,car:320164537:343298309:0,176.41793559243678,223755936,Rua Norberto Treis,residential,,,,,,,,,
baseline,31,middle,work,car,car,car,11482.0,D_0017698,20,85,343298309.0,320164530.0,0.0,car:343298309:320164530:0,110.60021929252196,29106597,Rua C,living_street,,,,,,,,,
baseline,31,middle,work,car,car,car,11482.0,D_0017698,21,85,320164530.0,4514398386.0,0.0,car:320164530:4514398386:0,66.47527830598688,29106597,Rua C,living_street,,,,,,,,,
baseline,31,middle,work,car,car,car,11482.0,D_0017698,22,85,4514398386.0,4514398388.0,0.0,car:4514398386:4514398388:0,26.96447769161596,454962174,,living_street,,,,,,,,,
baseline,31,middle,work,car,car,car,11482.0,D_0017698,23,85,4514398388.0,320164356.0,0.0,car:4514398388:320164356:0,157.32587423954476,29106580,Rua Frederico Kniestedt,tertiary,,,,,,,,,
baseline,31,middle,work,car,car,car,11482.0,D_0017698,24,85,320164356.0,320796235.0,0.0,car:320164356:320796235:0,64.59274318086979,29106580,Rua Frederico Kniestedt,tertiary,,,,,,,,,
baseline,31,middle,work,car,car,car,11482.0,D_0017698,25,85,320796235.0,320796348.0,0.0,car:320796235:320796348:0,50.34294433319535,29106580,Rua Frederico Kniestedt,tertiary,,,,,,,,,
baseline,31,middle,work,car,car,car,11482.0,D_0017698,26,85,320796348.0,320048889.0,0.0,car:320796348:320048889:0,83.17111794202528,29106580,Rua Frederico Kniestedt,tertiary,,,,,,,,,
baseline,31,middle,work,car,car,car,11482.0,D_0017698,27,85,320048889.0,1177243647.0,0.0,car:320048889:1177243647:0,19.951641717918484,1338621402,Rua Frederico Kniestedt,tertiary,,,,,,,,,
baseline,31,middle,work,car,car,car,11482.0,D_0017698,28,85,1177243647.0,2321476825.0,0.0,car:1177243647:2321476825:0,104.19769831459192,327348714,Avenida Dante Ângelo Pilla,secondary,,,,,,,,,
baseline,31,middle,work,car,car,car,11482.0,D_0017698,29,85,2321476825.0,2321476824.0,0.0,car:2321476825:2321476824:0,110.43039387052174,223232639,Rua Sadi Nejar,residential,,,,,,,,,
baseline,31,middle,work,car,car,car,11482.0,D_0017698,30,85,2321476824.0,2321476823.0,0.0,car:2321476824:2321476823:0,47.600962276498805,223232639,Rua Sadi Nejar,residential,,,,,,,,,
baseline,31,middle,work,car,car,car,11482.0,D_0017698,31,85,2321476823.0,321400027.0,0.0,car:2321476823:321400027:0,55.265378713411565,29220826,Rua José Olavo do Nascimento,residential,,,,,,,,,
baseline,31,middle,work,car,car,car,11482.0,D_0017698,32,85,321400027.0,321398747.0,0.0,car:321400027:321398747:0,127.22358491174532,96508984,Rua Silvestre Félix Rodrigues,tertiary,,,,,,,,,
baseline,31,middle,work,car,car,car,11482.0,D_0017698,33,85,321398747.0,321399812.0,0.0,car:321398747:321399812:0,49.59594504938903,327479279,Rua Silvestre Félix Rodrigues,tertiary,,,,,,,,,
baseline,31,middle,work,car,car,car,11482.0,D_0017698,34,85,321399812.0,321399405.0,0.0,car:321399812:321399405:0,50.353319037340505,327479279,Rua Silvestre Félix Rodrigues,tertiary,,,,,,,,,
baseline,31,middle,work,car,car,car,11482.0,D_0017698,35,85,321399405.0,321399828.0,0.0,car:321399405:321399828:0,52.26112627942556,327479279,Rua Silvestre Félix Rodrigues,tertiary,,,,,,,,,
baseline,31,middle,work,car,car,car,11482.0,D_0017698,36,85,321399828.0,2515915834.0,0.0,car:321399828:2515915834:0,52.30517177276043,327479279,Rua Silvestre Félix Rodrigues,tertiary,,,,,,,,,
baseline,31,middle,work,car,car,car,11482.0,D_0017698,37,85,2515915834.0,2515915814.0,0.0,car:2515915834:2515915814:0,69.6356345732832,244250783,,tertiary_link,,,,,,,,,
baseline,31,middle,work,car,car,car,11482.0,D_0017698,38,85,2515915814.0,343292155.0,0.0,car:2515915814:343292155:0,49.99994933423983,923974040,Avenida Homero Guerreiro,tertiary,,,,,,,,,
baseline,31,middle,work,car,car,car,11482.0,D_0017698,39,85,343292155.0,1150051051.0,0.0,car:343292155:1150051051:0,59.84328700786038,51371905,Avenida Ecoville,tertiary,,,,,,,,,
baseline,31,middle,work,car,car,car,11482.0,D_0017698,40,85,1150051051.0,655554285.0,0.0,car:1150051051:655554285:0,198.1297869189895,51371905,Avenida Ecoville,tertiary,,,,,,,,,
baseline,31,middle,work,car,car,car,11482.0,D_0017698,41,85,655554285.0,655554259.0,0.0,car:655554285:655554259:0,4.81690245559412,51371905,Avenida Ecoville,tertiary,,,,,,,,,
baseline,31,middle,work,car,car,car,11482.0,D_0017698,42,85,655554259.0,655554324.0,0.0,car:655554259:655554324:0,9.558231168889266,777563967,Avenida General Raphael Zippin,tertiary,,,,,,,,,
baseline,31,middle,work,car,car,car,11482.0,D_0017698,43,85,655554324.0,320163883.0,0.0,car:655554324:320163883:0,87.72003378782789,29106539,Avenida General Raphael Zippin,tertiary,,,,,,,,,
baseline,31,middle,work,car,car,car,11482.0,D_0017698,44,85,320163883.0,320162985.0,0.0,car:320163883:320162985:0,69.8697029828498,29106539,Avenida General Raphael Zippin,tertiary,,,,,,,,,
baseline,31,middle,work,car,car,car,11482.0,D_0017698,45,85,320162985.0,320163064.0,0.0,car:320162985:320163064:0,13.505765242819335,1286255947|1286255948|924431734,Avenida General Raphael Zippin,tertiary,,,,,,,,,
baseline,31,middle,work,car,car,car,11482.0,D_0017698,46,85,320163064.0,2320263951.0,0.0,car:320163064:2320263951:0,83.83813701929964,220171820,Avenida General Raphael Zippin,tertiary,,,,,,,,,
baseline,31,middle,work,car,car,car,11482.0,D_0017698,47,85,2320263951.0,320163995.0,0.0,car:2320263951:320163995:0,68.24174999628528,220171820,Avenida General Raphael Zippin,tertiary,,,,,,,,,
baseline,31,middle,work,car,car,car,11482.0,D_0017698,48,85,320163995.0,320163955.0,0.0,car:320163995:320163955:0,81.68668468907684,220171820,Avenida General Raphael Zippin,tertiary,,,,,,,,,
baseline,31,middle,work,car,car,car,11482.0,D_0017698,49,85,320163955.0,321025824.0,0.0,car:320163955:321025824:0,145.9698122754977,220171802,Avenida Sertório,primary,,,,,,,,,
baseline,31,middle,work,car,car,car,11482.0,D_0017698,50,85,321025824.0,321025822.0,0.0,car:321025824:321025822:0,52.254193839551206,220130769,Avenida Sertório,primary,,,,,,,,,
baseline,31,middle,work,car,car,car,11482.0,D_0017698,51,85,321025822.0,1439580596.0,0.0,car:321025822:1439580596:0,58.63236091826005,220130769,Avenida Sertório,primary,,,,,,,,,
baseline,31,middle,work,car,car,car,11482.0,D_0017698,52,85,1439580596.0,2292987846.0,0.0,car:1439580596:2292987846:0,59.905917788033015,220130769,Avenida Sertório,primary,,,,,,,,,
baseline,31,middle,work,car,car,car,11482.0,D_0017698,53,85,2292987846.0,321025819.0,0.0,car:2292987846:321025819:0,27.96500763582289,924408511,Avenida Sertório,primary,,,,,,,,,
baseline,31,middle,work,car,car,car,11482.0,D_0017698,54,85,321025819.0,8117171497.0,0.0,car:321025819:8117171497:0,85.91756620555743,924408512,Avenida Sertório,primary,,,,,,,,,
baseline,31,middle,work,car,car,car,11482.0,D_0017698,55,85,8117171497.0,2292488486.0,0.0,car:8117171497:2292488486:0,24.129183108316816,924408512,Avenida Sertório,primary,,,,,,,,,
baseline,31,middle,work,car,car,car,11482.0,D_0017698,56,85,2292488486.0,2292987850.0,0.0,car:2292488486:2292987850:0,35.2840006929476,220171813,Avenida Sertório,primary,,,,,,,,,
baseline,31,middle,work,car,car,car,11482.0,D_0017698,57,85,2292987850.0,2292488484.0,0.0,car:2292987850:2292488484:0,158.6509844459189,220171804,Avenida Sertório,primary,,,,,,,,,
baseline,31,middle,work,car,car,car,11482.0,D_0017698,58,85,2292488484.0,3754635757.0,0.0,car:2292488484:3754635757:0,55.66388648861604,1333562564|130788637,Avenida Sertório,primary,,,,,,,,,
baseline,31,middle,work,car,car,car,11482.0,D_0017698,59,85,3754635757.0,694284275.0,0.0,car:3754635757:694284275:0,13.364167020552898,371919791,Avenida Sertório,primary,,,,,,,,,
baseline,31,middle,work,car,car,car,11482.0,D_0017698,60,85,694284275.0,297131409.0,0.0,car:694284275:297131409:0,18.18513790279755,27082347,Avenida Sertório,primary,,,,,,,,,
baseline,31,middle,work,car,car,car,11482.0,D_0017698,61,85,297131409.0,8600198518.0,0.0,car:297131409:8600198518:0,451.21185229017954,926853030,Corredor de Transporte Coletivo Sertório,busway,,,,,,,,,
baseline,31,middle,work,car,car,car,11482.0,D_0017698,62,85,8600198518.0,8600172315.0,0.0,car:8600198518:8600172315:0,33.56375231396205,926853030,Corredor de Transporte Coletivo Sertório,busway,,,,,,,,,
baseline,31,middle,work,car,car,car,11482.0,D_0017698,63,85,8600172315.0,12339477011.0,0.0,car:8600172315:12339477011:0,232.45565179351803,1333737308|1333737309|926853030,Corredor de Transporte Coletivo Sertório,busway,,,,,,,,,
baseline,31,middle,work,car,car,car,11482.0,D_0017698,64,85,12339477011.0,12339477017.0,0.0,car:12339477011:12339477017:0,269.4205267970432,1333737308,Corredor de Transporte Coletivo Sertório,busway,,,,,,,,,
baseline,31,middle,work,car,car,car,11482.0,D_0017698,65,85,12339477017.0,8498949030.0,0.0,car:12339477017:8498949030:0,345.4645227261658,1333737308,Corredor de Transporte Coletivo Sertório,busway,,,,,,,,,
baseline,31,middle,work,car,car,car,11482.0,D_0017698,66,85,8498949030.0,12339477023.0,0.0,car:8498949030:12339477023:0,527.2969086862557,1333737308,Corredor de Transporte Coletivo Sertório,busway,,,,,,,,,
baseline,31,middle,work,car,car,car,11482.0,D_0017698,67,85,12339477023.0,3618663401.0,0.0,car:12339477023:3618663401:0,340.70705602885624,1333737308,Corredor de Transporte Coletivo Sertório,busway,,,,,,,,,
baseline,31,middle,work,car,car,car,11482.0,D_0017698,68,85,3618663401.0,3618663406.0,0.0,car:3618663401:3618663406:0,97.63627342530266,356397556,Corredor de Transporte Coletivo Sertório,busway,,,,,,,,,
baseline,31,middle,work,car,car,car,11482.0,D_0017698,69,85,3618663406.0,3618663408.0,0.0,car:3618663406:3618663408:0,111.4026937243342,356396840,Corredor de Transporte Coletivo Sertório,busway,,,,,,,,,
baseline,31,middle,work,car,car,car,11482.0,D_0017698,70,85,3618663408.0,3618663410.0,0.0,car:3618663408:3618663410:0,111.3752369972482,356397488,Corredor de Transporte Coletivo Sertório,busway,,,,,,,,,
baseline,31,middle,work,car,car,car,11482.0,D_0017698,71,85,3618663410.0,3618663416.0,0.0,car:3618663410:3618663416:0,94.66035275261734,356397874,Corredor de Transporte Coletivo Sertório,busway,,,,,,,,,
baseline,31,middle,work,car,car,car,11482.0,D_0017698,72,85,3618663416.0,3618663473.0,0.0,car:3618663416:3618663473:0,588.3941683900499,356396740,Corredor de Transporte Coletivo Sertório,busway,,,,,,,,,
baseline,31,middle,work,car,car,car,11482.0,D_0017698,73,85,3618663473.0,3618663509.0,0.0,car:3618663473:3618663509:0,380.9849888056398,356398117,Corredor de Transporte Coletivo Sertório,busway,,,,,,,,,
baseline,31,middle,work,car,car,car,11482.0,D_0017698,74,85,3618663509.0,3618663513.0,0.0,car:3618663509:3618663513:0,67.97553247253396,356397660,Corredor de Transporte Coletivo Sertório,busway,,,,,,,,,
baseline,31,middle,work,car,car,car,11482.0,D_0017698,75,85,3618663513.0,3618663527.0,0.0,car:3618663513:3618663527:0,316.2996013298406,356397945,Corredor de Transporte Coletivo Sertório,busway,,,,,,,,,
baseline,31,middle,work,car,car,car,11482.0,D_0017698,76,85,3618663527.0,3618663530.0,0.0,car:3618663527:3618663530:0,678.8491671153814,356396751|356397871,Corredor de Transporte Coletivo Sertório,busway,,,,,,,,,
baseline,31,middle,work,car,car,car,11482.0,D_0017698,77,85,3618663530.0,3618663550.0,0.0,car:3618663530:3618663550:0,7.294626305347319,274612155,Avenida General Emílio Lúcio Esteves,secondary,,,,,,,,,
baseline,31,middle,work,car,car,car,11482.0,D_0017698,78,85,3618663550.0,1439524094.0,0.0,car:3618663550:1439524094:0,4.115344845743804,356396017,Avenida General Emílio Lúcio Esteves,secondary,,,,,,,,,
baseline,31,middle,work,car,car,car,11482.0,D_0017698,79,85,1439524094.0,5420340315.0,0.0,car:1439524094:5420340315:0,33.0421720530563,1284769623,Avenida General Emílio Lúcio Esteves,secondary,,,,,,,,,
baseline,31,middle,work,car,car,car,11482.0,D_0017698,80,85,5420340315.0,682212799.0,0.0,car:5420340315:682212799:0,142.4002627648841,1284769623,Avenida General Emílio Lúcio Esteves,secondary,,,,,,,,,
baseline,31,middle,work,car,car,car,11482.0,D_0017698,81,85,682212799.0,448647295.0,0.0,car:682212799:448647295:0,152.90967363778006,222715857,Rua Cerro Azul,residential,,,,,,,,,
baseline,31,middle,work,car,car,car,11482.0,D_0017698,82,85,448647295.0,448647293.0,0.0,car:448647295:448647293:0,84.83720826138803,222715857,Rua Cerro Azul,residential,,,,,,,,,
baseline,31,middle,work,car,car,car,11482.0,D_0017698,83,85,448647293.0,448647290.0,0.0,car:448647293:448647290:0,119.7294432801512,170509371,Rua Cerro Azul,residential,,,,,,,,,
baseline,31,middle,work,car,car,car,11482.0,D_0017698,84,85,448647290.0,1816699209.0,0.0,car:448647290:1816699209:0,93.92255115425219,170509371,Rua Cerro Azul,residential,,,,,,,,,
baseline,32,low,shopping,car,car,car,8289.0,D_0009757,0,138,2329984966.0,2329984955.0,0.0,car:2329984966:2329984955:0,35.65902380476228,224173914,Alameda B,residential,,,,,,,,,
baseline,32,low,shopping,car,car,car,8289.0,D_0009757,1,138,2329984955.0,2329984946.0,0.0,car:2329984955:2329984946:0,47.522542701770895,224173914,Alameda B,residential,,,,,,,,,
baseline,32,low,shopping,car,car,car,8289.0,D_0009757,2,138,2329984946.0,1402679458.0,0.0,car:2329984946:1402679458:0,72.58499723233392,243185551,Avenida Ignes e Fagundes,tertiary,,,,,,,,,
baseline,32,low,shopping,car,car,car,8289.0,D_0009757,3,138,1402679458.0,1400503104.0,0.0,car:1402679458:1400503104:0,26.766029370897066,243185551,Avenida Ignes e Fagundes,tertiary,,,,,,,,,
baseline,32,low,shopping,car,car,car,8289.0,D_0009757,4,138,1400503104.0,2329984918.0,0.0,car:1400503104:2329984918:0,54.195867293769716,243181704,Avenida Ignes e Fagundes,tertiary,,,,,,,,,
baseline,32,low,shopping,car,car,car,8289.0,D_0009757,5,138,2329984918.0,1402679723.0,0.0,car:2329984918:1402679723:0,40.94498793955945,243181704,Avenida Ignes e Fagundes,tertiary,,,,,,,,,
baseline,32,low,shopping,car,car,car,8289.0,D_0009757,6,138,1402679723.0,6562137409.0,0.0,car:1402679723:6562137409:0,49.63520387946517,243181704,Avenida Ignes e Fagundes,tertiary,,,,,,,,,
baseline,32,low,shopping,car,car,car,8289.0,D_0009757,7,138,6562137409.0,1402679782.0,0.0,car:6562137409:1402679782:0,47.065285316535245,243181704,Avenida Ignes e Fagundes,tertiary,,,,,,,,,
baseline,32,low,shopping,car,car,car,8289.0,D_0009757,8,138,1402679782.0,2329984891.0,0.0,car:1402679782:2329984891:0,46.62862816752519,243181704,Avenida Ignes e Fagundes,tertiary,,,,,,,,,
baseline,32,low,shopping,car,car,car,8289.0,D_0009757,9,138,2329984891.0,2329984886.0,0.0,car:2329984891:2329984886:0,47.76985037022122,243181704,Avenida Ignes e Fagundes,tertiary,,,,,,,,,
baseline,32,low,shopping,car,car,car,8289.0,D_0009757,10,138,2329984886.0,3067708382.0,0.0,car:2329984886:3067708382:0,95.14218805406298,243181704,Avenida Ignes e Fagundes,tertiary,,,,,,,,,
baseline,32,low,shopping,car,car,car,8289.0,D_0009757,11,138,3067708382.0,1400121032.0,0.0,car:3067708382:1400121032:0,86.32648692030148,243181704,Avenida Ignes e Fagundes,tertiary,,,,,,,,,
baseline,32,low,shopping,car,car,car,8289.0,D_0009757,12,138,1400121032.0,2329984881.0,0.0,car:1400121032:2329984881:0,45.254005737882956,243181704,Avenida Ignes e Fagundes,tertiary,,,,,,,,,
baseline,32,low,shopping,car,car,car,8289.0,D_0009757,13,138,2329984881.0,3067708383.0,0.0,car:2329984881:3067708383:0,27.419764147063283,243181704,Avenida Ignes e Fagundes,tertiary,,,,,,,,,
baseline,32,low,shopping,car,car,car,8289.0,D_0009757,14,138,3067708383.0,2329984882.0,0.0,car:3067708383:2329984882:0,22.62662288919094,243181704,Avenida Ignes e Fagundes,tertiary,,,,,,,,,
baseline,32,low,shopping,car,car,car,8289.0,D_0009757,15,138,2329984882.0,3067708384.0,0.0,car:2329984882:3067708384:0,41.13480643804666,243181704,Avenida Ignes e Fagundes,tertiary,,,,,,,,,
baseline,32,low,shopping,car,car,car,8289.0,D_0009757,16,138,3067708384.0,6488840462.0,0.0,car:3067708384:6488840462:0,28.50429387537023,243181704,Avenida Ignes e Fagundes,tertiary,,,,,,,,,
baseline,32,low,shopping,car,car,car,8289.0,D_0009757,17,138,6488840462.0,1400508449.0,0.0,car:6488840462:1400508449:0,37.99352890234613,243181704,Avenida Ignes e Fagundes,tertiary,,,,,,,,,
baseline,32,low,shopping,car,car,car,8289.0,D_0009757,18,138,1400508449.0,1400508460.0,0.0,car:1400508449:1400508460:0,42.18943612453876,243181704,Avenida Ignes e Fagundes,tertiary,,,,,,,,,
baseline,32,low,shopping,car,car,car,8289.0,D_0009757,19,138,1400508460.0,3067708385.0,0.0,car:1400508460:3067708385:0,27.355689360963304,243181704,Avenida Ignes e Fagundes,tertiary,,,,,,,,,
baseline,32,low,shopping,car,car,car,8289.0,D_0009757,20,138,3067708385.0,3067708386.0,0.0,car:3067708385:3067708386:0,73.45854094086495,243181704,Avenida Ignes e Fagundes,tertiary,,,,,,,,,
baseline,32,low,shopping,car,car,car,8289.0,D_0009757,21,138,3067708386.0,1400151390.0,0.0,car:3067708386:1400151390:0,73.24413818885797,243181704,Avenida Ignes e Fagundes,tertiary,,,,,,,,,
baseline,32,low,shopping,car,car,car,8289.0,D_0009757,22,138,1400151390.0,3067708387.0,0.0,car:1400151390:3067708387:0,64.314706244474,243181704,Avenida Ignes e Fagundes,tertiary,,,,,,,,,
baseline,32,low,shopping,car,car,car,8289.0,D_0009757,23,138,3067708387.0,3067708388.0,0.0,car:3067708387:3067708388:0,62.51721296934577,243181704,Avenida Ignes e Fagundes,tertiary,,,,,,,,,
baseline,32,low,shopping,car,car,car,8289.0,D_0009757,24,138,3067708388.0,1727281026.0,0.0,car:3067708388:1727281026:0,7.925071494539848,243181704,Avenida Ignes e Fagundes,tertiary,,,,,,,,,
baseline,32,low,shopping,car,car,car,8289.0,D_0009757,25,138,1727281026.0,1727281068.0,0.0,car:1727281026:1727281068:0,41.63350227026376,243181704,Avenida Ignes e Fagundes,tertiary,,,,,,,,,
baseline,32,low,shopping,car,car,car,8289.0,D_0009757,26,138,1727281068.0,3067708389.0,0.0,car:1727281068:3067708389:0,23.416153861116687,243181704,Avenida Ignes e Fagundes,tertiary,,,,,,,,,
baseline,32,low,shopping,car,car,car,8289.0,D_0009757,27,138,3067708389.0,2329984905.0,0.0,car:3067708389:2329984905:0,194.15032924365542,243181704|243181708,Avenida Ignes e Fagundes,tertiary,,,,,,,,,
baseline,32,low,shopping,car,car,car,8289.0,D_0009757,28,138,2329984905.0,1400503067.0,0.0,car:2329984905:1400503067:0,44.01577803956972,243181708,Avenida Ignes e Fagundes,tertiary,,,,,,,,,
baseline,32,low,shopping,car,car,car,8289.0,D_0009757,29,138,1400503067.0,1400151403.0,0.0,car:1400503067:1400151403:0,51.19979737510923,243181682|230069335,Avenida Economista Nilo Wulff,residential,,,,,,,,,
baseline,32,low,shopping,car,car,car,8289.0,D_0009757,30,138,1400151403.0,1400151371.0,0.0,car:1400151403:1400151371:0,256.00093169925066,224173772,Rua Cedro,residential,,,,,,,,,
baseline,32,low,shopping,car,car,car,8289.0,D_0009757,31,138,1400151371.0,1400151391.0,0.0,car:1400151371:1400151391:0,72.27699993008243,224173772,Rua Cedro,residential,,,,,,,,,
baseline,32,low,shopping,car,car,car,8289.0,D_0009757,32,138,1400151391.0,1400151423.0,0.0,car:1400151391:1400151423:0,46.010750743275665,224173772,Rua Cedro,residential,,,,,,,,,
baseline,32,low,shopping,car,car,car,8289.0,D_0009757,33,138,1400151423.0,11049948484.0,0.0,car:1400151423:11049948484:0,82.37449443863007,224173772,Rua Cedro,residential,,,,,,,,,
baseline,32,low,shopping,car,car,car,8289.0,D_0009757,34,138,11049948484.0,8407285355.0,0.0,car:11049948484:8407285355:0,55.923564314628855,1190063915,Rua Seis - Vale do Salso,residential,,,,,,,,,
baseline,32,low,shopping,car,car,car,8289.0,D_0009757,35,138,8407285355.0,2799412406.0,0.0,car:8407285355:2799412406:0,137.06996586525054,905304435|549535444|1190053165|999899070,Rua Nilza da Silveira|Rua Seis - Vale do Salso,residential,,,,,,,,,
baseline,32,low,shopping,car,car,car,8289.0,D_0009757,36,138,2799412406.0,1399393770.0,0.0,car:2799412406:1399393770:0,283.8347367050482,549535444,Rua Nilza da Silveira,residential,,,,,,,,,
baseline,32,low,shopping,car,car,car,8289.0,D_0009757,37,138,1399393770.0,1402681655.0,0.0,car:1399393770:1402681655:0,40.630447971938864,1366005826,Estrada Costa Gama,secondary,,,,,,,,,
baseline,32,low,shopping,car,car,car,8289.0,D_0009757,38,138,1402681655.0,2799412613.0,0.0,car:1402681655:2799412613:0,35.0837592490399,1366005826,Estrada Costa Gama,secondary,,,,,,,,,
baseline,32,low,shopping,car,car,car,8289.0,D_0009757,39,138,2799412613.0,1028861314.0,0.0,car:2799412613:1028861314:0,88.16533142581511,1366005826,Estrada Costa Gama,secondary,,,,,,,,,
baseline,32,low,shopping,car,car,car,8289.0,D_0009757,40,138,1028861314.0,11050047770.0,0.0,car:1028861314:11050047770:0,37.0631339513817,327756349,Estrada Costa Gama,secondary,,,,,,,,,
baseline,32,low,shopping,car,car,car,8289.0,D_0009757,41,138,11050047770.0,1028861649.0,0.0,car:11050047770:1028861649:0,7.636274371137176,327756349,Estrada Costa Gama,secondary,,,,,,,,,
baseline,32,low,shopping,car,car,car,8289.0,D_0009757,42,138,1028861649.0,2799412674.0,0.0,car:1028861649:2799412674:0,41.17048070340324,327756349,Estrada Costa Gama,secondary,,,,,,,,,
baseline,32,low,shopping,car,car,car,8289.0,D_0009757,43,138,2799412674.0,2799412690.0,0.0,car:2799412674:2799412690:0,20.932269533835374,327756349,Estrada Costa Gama,secondary,,,,,,,,,
baseline,32,low,shopping,car,car,car,8289.0,D_0009757,44,138,2799412690.0,2799412809.0,0.0,car:2799412690:2799412809:0,59.35272173584019,327756349,Estrada Costa Gama,secondary,,,,,,,,,
baseline,32,low,shopping,car,car,car,8289.0,D_0009757,45,138,2799412809.0,7682623027.0,0.0,car:2799412809:7682623027:0,70.09364771136744,275303430,Rua Dom Antônio Cheuiche,residential,,,,,,,,,
baseline,32,low,shopping,car,car,car,8289.0,D_0009757,46,138,7682623027.0,2799412822.0,0.0,car:7682623027:2799412822:0,23.1026876349693,275303476,Rua Francesco Rosito,residential,,,,,,,,,
baseline,32,low,shopping,car,car,car,8289.0,D_0009757,47,138,2799412822.0,2799412820.0,0.0,car:2799412822:2799412820:0,171.45339750127272,275303448,Rua Padre Arthur Morsch,residential,,,,,,,,,
baseline,32,low,shopping,car,car,car,8289.0,D_0009757,48,138,2799412820.0,2799412802.0,0.0,car:2799412820:2799412802:0,25.306352431210133,275303351,Rua Seno Antônio Cornely,residential,,,,,,,,,
baseline,32,low,shopping,car,car,car,8289.0,D_0009757,49,138,2799412802.0,2799412803.0,0.0,car:2799412802:2799412803:0,58.02416576167601,275303490,Rua Ruth Totta,residential,,,,,,,,,
baseline,32,low,shopping,car,car,car,8289.0,D_0009757,50,138,2799412803.0,2799412805.0,0.0,car:2799412803:2799412805:0,57.24921360256635,275303490,Rua Ruth Totta,residential,,,,,,,,,
baseline,32,low,shopping,car,car,car,8289.0,D_0009757,51,138,2799412805.0,2799412830.0,0.0,car:2799412805:2799412830:0,67.57008878118928,275303490,Rua Ruth Totta,residential,,,,,,,,,
baseline,32,low,shopping,car,car,car,8289.0,D_0009757,52,138,2799412830.0,2799412859.0,0.0,car:2799412830:2799412859:0,66.89633652893484,275303490,Rua Ruth Totta,residential,,,,,,,,,
baseline,32,low,shopping,car,car,car,8289.0,D_0009757,53,138,2799412859.0,2799412886.0,0.0,car:2799412859:2799412886:0,67.4084310874742,275303490,Rua Ruth Totta,residential,,,,,,,,,
baseline,32,low,shopping,car,car,car,8289.0,D_0009757,54,138,2799412886.0,2507941726.0,0.0,car:2799412886:2507941726:0,69.50167195439971,275303490,Rua Ruth Totta,residential,,,,,,,,,
baseline,32,low,shopping,car,car,car,8289.0,D_0009757,55,138,2507941726.0,2799413087.0,0.0,car:2507941726:2799413087:0,59.524004706682646,243371271,Rua Doutor Raphael Loro,residential,,,,,,,,,
baseline,32,low,shopping,car,car,car,8289.0,D_0009757,56,138,2799413087.0,4503065296.0,0.0,car:2799413087:4503065296:0,72.11908845674037,243371271,Rua Doutor Raphael Loro,residential,,,,,,,,,
baseline,32,low,shopping,car,car,car,8289.0,D_0009757,57,138,4503065296.0,2507941738.0,0.0,car:4503065296:2507941738:0,58.746135755065495,243371271,Rua Doutor Raphael Loro,residential,,,,,,,,,
baseline,32,low,shopping,car,car,car,8289.0,D_0009757,58,138,2507941738.0,2543068618.0,0.0,car:2507941738:2543068618:0,162.4901368081202,243371271,Rua Doutor Raphael Loro,residential,,,,,,,,,
baseline,32,low,shopping,car,car,car,8289.0,D_0009757,59,138,2543068618.0,13686441486.0,0.0,car:2543068618:13686441486:0,62.16953114355131,243371271,Rua Doutor Raphael Loro,residential,,,,,,,,,
baseline,32,low,shopping,car,car,car,8289.0,D_0009757,60,138,13686441486.0,13686487010.0,0.0,car:13686441486:13686487010:0,82.13519932091457,1493614031,Avenida Edgar Pires de Castro,primary,,,,,,,,,
baseline,32,low,shopping,car,car,car,8289.0,D_0009757,61,138,13686487010.0,13686487011.0,0.0,car:13686487010:13686487011:0,145.86473417844317,1493614027|1493613988,Avenida Edgar Pires de Castro,primary,,,,,,,,,
baseline,32,low,shopping,car,car,car,8289.0,D_0009757,62,138,13686487011.0,13686487002.0,0.0,car:13686487011:13686487002:0,47.99347156385359,1493614029,Avenida Edgar Pires de Castro,primary,,,,,,,,,
baseline,32,low,shopping,car,car,car,8289.0,D_0009757,63,138,13686487002.0,13686487029.0,0.0,car:13686487002:13686487029:0,26.2315518300578,1493614029,Avenida Edgar Pires de Castro,primary,,,,,,,,,
baseline,32,low,shopping,car,car,car,8289.0,D_0009757,64,138,13686487029.0,13686487014.0,0.0,car:13686487029:13686487014:0,90.88047166644813,1493614028|1493613991,Avenida Edgar Pires de Castro,primary,,,,,,,,,
baseline,32,low,shopping,car,car,car,8289.0,D_0009757,65,138,13686487014.0,13686487001.0,0.0,car:13686487014:13686487001:0,21.932284279279443,1493614008,Avenida Edgar Pires de Castro,primary,,,,,,,,,
baseline,32,low,shopping,car,car,car,8289.0,D_0009757,66,138,13686487001.0,13686441500.0,0.0,car:13686487001:13686441500:0,85.75489480876763,1493614026,Avenida Edgar Pires de Castro,primary,,,,,,,,,
baseline,32,low,shopping,car,car,car,8289.0,D_0009757,67,138,13686441500.0,13686487015.0,0.0,car:13686441500:13686487015:0,21.871554750452564,1493614026,Avenida Edgar Pires de Castro,primary,,,,,,,,,
baseline,32,low,shopping,car,car,car,8289.0,D_0009757,68,138,13686487015.0,2799413487.0,0.0,car:13686487015:2799413487:0,63.05304512910135,448811233,Avenida Edgar Pires de Castro,primary,,,,,,,,,
baseline,32,low,shopping,car,car,car,8289.0,D_0009757,69,138,2799413487.0,2799413474.0,0.0,car:2799413487:2799413474:0,22.929141037341573,275303445,Avenida Edgar Pires de Castro,primary,,,,,,,,,
baseline,32,low,shopping,car,car,car,8289.0,D_0009757,70,138,2799413474.0,2799413470.0,0.0,car:2799413474:2799413470:0,20.478475423140637,275303445,Avenida Edgar Pires de Castro,primary,,,,,,,,,
baseline,32,low,shopping,car,car,car,8289.0,D_0009757,71,138,2799413470.0,2799413461.0,0.0,car:2799413470:2799413461:0,50.124940210667035,1493613984,Avenida Edgar Pires de Castro,primary,,,,,,,,,
baseline,32,low,shopping,car,car,car,8289.0,D_0009757,72,138,2799413461.0,298009941.0,0.0,car:2799413461:298009941:0,69.44869188734583,448811232,Avenida Edgar Pires de Castro,primary,,,,,,,,,
baseline,32,low,shopping,car,car,car,8289.0,D_0009757,73,138,298009941.0,13686487016.0,0.0,car:298009941:13686487016:0,85.78762386678451,1266231619,Avenida Edgar Pires de Castro,primary,,,,,,,,,
baseline,32,low,shopping,car,car,car,8289.0,D_0009757,74,138,13686487016.0,13686441496.0,0.0,car:13686487016:13686441496:0,25.21516134904846,1493614024,Avenida Edgar Pires de Castro,primary,,,,,,,,,
baseline,32,low,shopping,car,car,car,8289.0,D_0009757,75,138,13686441496.0,298009940.0,0.0,car:13686441496:298009940:0,24.07111047000995,1493614024,Avenida Edgar Pires de Castro,primary,,,,,,,,,
baseline,32,low,shopping,car,car,car,8289.0,D_0009757,76,138,298009940.0,298009939.0,0.0,car:298009940:298009939:0,42.068378980172014,1493614020,Avenida Edgar Pires de Castro,primary,,,,,,,,,
baseline,32,low,shopping,car,car,car,8289.0,D_0009757,77,138,298009939.0,13686441494.0,0.0,car:298009939:13686441494:0,23.166182982856903,1493614003,Avenida Edgar Pires de Castro,primary,,,,,,,,,
baseline,32,low,shopping,car,car,car,8289.0,D_0009757,78,138,13686441494.0,13686441493.0,0.0,car:13686441494:13686441493:0,41.37968676125253,1493614022,Avenida Edgar Pires de Castro,primary,,,,,,,,,
baseline,32,low,shopping,car,car,car,8289.0,D_0009757,79,138,13686441493.0,13686487017.0,0.0,car:13686441493:13686487017:0,28.274366594329894,1493618624,Avenida Edgar Pires de Castro,primary,,,,,,,,,
baseline,32,low,shopping,car,car,car,8289.0,D_0009757,80,138,13686487017.0,13686487019.0,0.0,car:13686487017:13686487019:0,93.53637782478731,1493614017,Avenida Edgar Pires de Castro,primary,,,,,,,,,
baseline,32,low,shopping,car,car,car,8289.0,D_0009757,81,138,13686487019.0,13686441491.0,0.0,car:13686487019:13686441491:0,50.0319515570721,1493614018,Avenida Edgar Pires de Castro,primary,,,,,,,,,
baseline,32,low,shopping,car,car,car,8289.0,D_0009757,82,138,13686441491.0,13686487020.0,0.0,car:13686441491:13686487020:0,27.83183733143578,1493614000,Avenida Edgar Pires de Castro,primary,,,,,,,,,
baseline,32,low,shopping,car,car,car,8289.0,D_0009757,83,138,13686487020.0,13686487021.0,0.0,car:13686487020:13686487021:0,46.77549696372958,1493614014,Avenida Edgar Pires de Castro,primary,,,,,,,,,
baseline,32,low,shopping,car,car,car,8289.0,D_0009757,84,138,13686487021.0,13686441489.0,0.0,car:13686487021:13686441489:0,20.234086878003673,1493613998,Avenida Edgar Pires de Castro,primary,,,,,,,,,
baseline,32,low,shopping,car,car,car,8289.0,D_0009757,85,138,13686441489.0,13686441480.0,0.0,car:13686441489:13686441480:0,105.03812941951144,1493614016|1493613982,Avenida Edgar Pires de Castro,primary,,,,,,,,,
baseline,32,low,shopping,car,car,car,8289.0,D_0009757,86,138,13686441480.0,3339641174.0,0.0,car:13686441480:3339641174:0,57.30366914294966,1493613980|1493613981,Avenida Edgar Pires de Castro,primary,,,,,,,,,
baseline,32,low,shopping,car,car,car,8289.0,D_0009757,87,138,3339641174.0,298009858.0,0.0,car:3339641174:298009858:0,75.72463349173503,1493614015,Avenida Edgar Pires de Castro,primary,,,,,,,,,
baseline,32,low,shopping,car,car,car,8289.0,D_0009757,88,138,298009858.0,659315028.0,0.0,car:298009858:659315028:0,35.950583377499726,327233523,Avenida Edgar Pires de Castro,primary,,,,,,,,,
baseline,32,low,shopping,car,car,car,8289.0,D_0009757,89,138,659315028.0,659315012.0,0.0,car:659315028:659315012:0,14.884470866454063,943871264,Avenida Edgar Pires de Castro,primary,,,,,,,,,
baseline,32,low,shopping,car,car,car,8289.0,D_0009757,90,138,659315012.0,1028951875.0,0.0,car:659315012:1028951875:0,39.37009606861081,328091491,Avenida Edgar Pires de Castro,primary,,,,,,,,,
baseline,32,low,shopping,car,car,car,8289.0,D_0009757,91,138,1028951875.0,2507941751.0,0.0,car:1028951875:2507941751:0,200.72679740305924,130817628,Avenida Edgar Pires de Castro,primary,,,,,,,,,
baseline,32,low,shopping,car,car,car,8289.0,D_0009757,92,138,2507941751.0,8738404023.0,0.0,car:2507941751:8738404023:0,10.694464224694858,130817628,Avenida Edgar Pires de Castro,primary,,,,,,,,,
baseline,32,low,shopping,car,car,car,8289.0,D_0009757,93,138,8738404023.0,298009768.0,0.0,car:8738404023:298009768:0,73.74857773040887,130817628,Avenida Edgar Pires de Castro,primary,,,,,,,,,
baseline,32,low,shopping,car,car,car,8289.0,D_0009757,94,138,298009768.0,7829924039.0,0.0,car:298009768:7829924039:0,37.793923517201506,130817628,Avenida Edgar Pires de Castro,primary,,,,,,,,,
baseline,32,low,shopping,car,car,car,8289.0,D_0009757,95,138,7829924039.0,3604184663.0,0.0,car:7829924039:3604184663:0,51.86652913695494,130817628,Avenida Edgar Pires de Castro,primary,,,,,,,,,
baseline,32,low,shopping,car,car,car,8289.0,D_0009757,96,138,3604184663.0,2507941761.0,0.0,car:3604184663:2507941761:0,26.82740887625479,130817628,Avenida Edgar Pires de Castro,primary,,,,,,,,,
baseline,32,low,shopping,car,car,car,8289.0,D_0009757,97,138,2507941761.0,298009763.0,0.0,car:2507941761:298009763:0,223.69918429233087,1493613976|1493613977|130817628,Avenida Edgar Pires de Castro,primary,,,,,,,,,
baseline,32,low,shopping,car,car,car,8289.0,D_0009757,98,138,298009763.0,12600492473.0,0.0,car:298009763:12600492473:0,29.109032580119838,1493613977,Avenida Edgar Pires de Castro,primary,,,,,,,,,
baseline,32,low,shopping,car,car,car,8289.0,D_0009757,99,138,12600492473.0,3379162836.0,0.0,car:12600492473:3379162836:0,110.74998599375775,88608995|1493175460,Avenida Edgar Pires de Castro,primary,,,,,,,,,
baseline,32,low,shopping,car,car,car,8289.0,D_0009757,100,138,3379162836.0,3604184676.0,0.0,car:3379162836:3604184676:0,9.888511357973762,944322486,,primary,,,,,,,,,
baseline,32,low,shopping,car,car,car,8289.0,D_0009757,101,138,3604184676.0,2917582381.0,0.0,car:3604184676:2917582381:0,727.5921332044923,326309692|88608990|1365649255,Avenida Juca Batista,primary,,,,,,,,,
baseline,32,low,shopping,car,car,car,8289.0,D_0009757,102,138,2917582381.0,2917582380.0,0.0,car:2917582381:2917582380:0,8.605621992305197,326309692,Avenida Juca Batista,primary,,,,,,,,,
baseline,32,low,shopping,car,car,car,8289.0,D_0009757,103,138,2917582380.0,297126613.0,0.0,car:2917582380:297126613:0,211.6799336750119,326309692,Avenida Juca Batista,primary,,,,,,,,,
baseline,32,low,shopping,car,car,car,8289.0,D_0009757,104,138,297126613.0,2799413088.0,0.0,car:297126613:2799413088:0,262.23362147062466,326309692|1312286278,Avenida Juca Batista,primary,,,,,,,,,
baseline,32,low,shopping,car,car,car,8289.0,D_0009757,105,138,2799413088.0,5423448043.0,0.0,car:2799413088:5423448043:0,116.83539931562694,1494020426|1494020422|1494020423,Avenida Juca Batista,primary,,,,,,,,,
baseline,32,low,shopping,car,car,car,8289.0,D_0009757,106,138,5423448043.0,5423448045.0,0.0,car:5423448043:5423448045:0,73.20760370227178,1494020425,Avenida Juca Batista,primary,,,,,,,,,
baseline,32,low,shopping,car,car,car,8289.0,D_0009757,107,138,5423448045.0,297125720.0,0.0,car:5423448045:297125720:0,200.83305266998246,327233535,Avenida Juca Batista,primary,,,,,,,,,
baseline,32,low,shopping,car,car,car,8289.0,D_0009757,108,138,297125720.0,2799412461.0,0.0,car:297125720:2799412461:0,209.57851995514415,327233537|327233535,Avenida Juca Batista,primary,,,,,,,,,
baseline,32,low,shopping,car,car,car,8289.0,D_0009757,109,138,2799412461.0,1028943984.0,0.0,car:2799412461:1028943984:0,54.62685775452543,327233537,Avenida Juca Batista,primary,,,,,,,,,
baseline,32,low,shopping,car,car,car,8289.0,D_0009757,110,138,1028943984.0,1028943874.0,0.0,car:1028943984:1028943874:0,76.23507465215474,327233537,Avenida Juca Batista,primary,,,,,,,,,
baseline,32,low,shopping,car,car,car,8289.0,D_0009757,111,138,1028943874.0,1028943982.0,0.0,car:1028943874:1028943982:0,24.136324867824015,1494020415,Avenida Juca Batista,primary,,,,,,,,,
baseline,32,low,shopping,car,car,car,8289.0,D_0009757,112,138,1028943982.0,2799412414.0,0.0,car:1028943982:2799412414:0,59.07349423512174,88608985,Avenida Juca Batista,primary,,,,,,,,,
baseline,32,low,shopping,car,car,car,8289.0,D_0009757,113,138,2799412414.0,2799412413.0,0.0,car:2799412414:2799412413:0,42.35500557299885,88608985,Avenida Juca Batista,primary,,,,,,,,,
baseline,32,low,shopping,car,car,car,8289.0,D_0009757,114,138,2799412413.0,2799412412.0,0.0,car:2799412413:2799412412:0,42.53732671967329,88608985,Avenida Juca Batista,primary,,,,,,,,,
baseline,32,low,shopping,car,car,car,8289.0,D_0009757,115,138,2799412412.0,8723693558.0,0.0,car:2799412412:8723693558:0,31.871462776001,88608985,Avenida Juca Batista,primary,,,,,,,,,
baseline,32,low,shopping,car,car,car,8289.0,D_0009757,116,138,8723693558.0,2799412411.0,0.0,car:8723693558:2799412411:0,29.139116308235806,88608985,Avenida Juca Batista,primary,,,,,,,,,
baseline,32,low,shopping,car,car,car,8289.0,D_0009757,117,138,2799412411.0,8724989888.0,0.0,car:2799412411:8724989888:0,5.677620726062045,88608985,Avenida Juca Batista,primary,,,,,,,,,
baseline,32,low,shopping,car,car,car,8289.0,D_0009757,118,138,8724989888.0,2799412410.0,0.0,car:8724989888:2799412410:0,22.15104213464691,88608985,Avenida Juca Batista,primary,,,,,,,,,
baseline,32,low,shopping,car,car,car,8289.0,D_0009757,119,138,2799412410.0,1028943861.0,0.0,car:2799412410:1028943861:0,42.705470783857,88608985,Avenida Juca Batista,primary,,,,,,,,,
baseline,32,low,shopping,car,car,car,8289.0,D_0009757,120,138,1028943861.0,1423345356.0,0.0,car:1028943861:1423345356:0,44.004713328654844,88608985,Avenida Juca Batista,primary,,,,,,,,,
baseline,32,low,shopping,car,car,car,8289.0,D_0009757,121,138,1423345356.0,1028944036.0,0.0,car:1423345356:1028944036:0,162.33960883788643,88608985,Avenida Juca Batista,primary,,,,,,,,,
baseline,32,low,shopping,car,car,car,8289.0,D_0009757,122,138,1028944036.0,1028944080.0,0.0,car:1028944036:1028944080:0,24.12701576787599,926770102,,primary,,,,,,,,,
baseline,32,low,shopping,car,car,car,8289.0,D_0009757,123,138,1028944080.0,1028943944.0,0.0,car:1028944080:1028943944:0,34.12512674789759,287980470,name=Rua Cirino Prunes,tertiary,,,,,,,,,
baseline,32,low,shopping,car,car,car,8289.0,D_0009757,124,138,1028943944.0,2915323253.0,0.0,car:1028943944:2915323253:0,24.544695471119287,287980446,Rua Cirino Prunes,tertiary,,,,,,,,,
baseline,32,low,shopping,car,car,car,8289.0,D_0009757,125,138,2915323253.0,2191081769.0,0.0,car:2915323253:2191081769:0,106.10213638545304,126353626,Rua Cirino Prunes,tertiary,,,,,,,,,
baseline,32,low,shopping,car,car,car,8289.0,D_0009757,126,138,2191081769.0,1423345405.0,0.0,car:2191081769:1423345405:0,174.54144848832763,126353626,Rua Cirino Prunes,tertiary,,,,,,,,,
baseline,32,low,shopping,car,car,car,8289.0,D_0009757,127,138,1423345405.0,2191041642.0,0.0,car:1423345405:2191041642:0,109.6671442182174,208847807,Avenida Doutor Francisco Roberto Dall Igna,residential,,,,,,,,,
baseline,32,low,shopping,car,car,car,8289.0,D_0009757,128,138,2191041642.0,2191041559.0,0.0,car:2191041642:2191041559:0,45.015677609716576,208847822,Avenida Doutor Francisco Roberto Dall Igna,residential,,,,,,,,,
baseline,32,low,shopping,car,car,car,8289.0,D_0009757,129,138,2191041559.0,2191041599.0,0.0,car:2191041559:2191041599:0,361.7316229336331,208847806,Rua Olívio Koliver,residential,,,,,,,,,
baseline,32,low,shopping,car,car,car,8289.0,D_0009757,130,138,2191041599.0,2322501410.0,0.0,car:2191041599:2322501410:0,36.894259037504284,126353619,Avenida da Serraria,secondary,,,,,,,,,
baseline,32,low,shopping,car,car,car,8289.0,D_0009757,131,138,2322501410.0,2322501411.0,0.0,car:2322501410:2322501411:0,77.4435825249788,223346263,Rua Hildo Rangel,residential,,,,,,,,,
baseline,32,low,shopping,car,car,car,8289.0,D_0009757,132,138,2322501411.0,2191041649.0,0.0,car:2322501411:2191041649:0,45.05032668513007,208847820,Rua Olegário Dias Maciel,residential,,,,,,,,,
baseline,32,low,shopping,car,car,car,8289.0,D_0009757,133,138,2191041649.0,2191041515.0,0.0,car:2191041649:2191041515:0,71.58363561507616,208847820,Rua Olegário Dias Maciel,residential,,,,,,,,,
baseline,32,low,shopping,car,car,car,8289.0,D_0009757,134,138,2191041515.0,2191041676.0,0.0,car:2191041515:2191041676:0,70.62174970496068,208847801,Rua Luiz Delfino,residential,,,,,,,,,
baseline,32,low,shopping,car,car,car,8289.0,D_0009757,135,138,2191041676.0,2191041692.0,0.0,car:2191041676:2191041692:0,83.98648253125964,208847801,Rua Luiz Delfino,residential,,,,,,,,,
baseline,32,low,shopping,car,car,car,8289.0,D_0009757,136,138,2191041692.0,2191041471.0,0.0,car:2191041692:2191041471:0,76.45948206081215,208847790,Rua Paulo Derly Shell,residential,,,,,,,,,
baseline,32,low,shopping,car,car,car,8289.0,D_0009757,137,138,2191041471.0,8741425607.0,0.0,car:2191041471:8741425607:0,122.08576259769785,208847790,Rua Paulo Derly Shell,residential,,,,,,,,,
baseline,37,middle,leisure,bike,bike,bike,2717.0,D_0002320,0,38,2291723026.0,442678034.0,0.0,bike:2291723026:442678034:0,17.018757874087353,37742054,Rua Antônio Pereira Júnior,residential,,,,,,,,,
baseline,37,middle,leisure,bike,bike,bike,2717.0,D_0002320,1,38,442678034.0,442678012.0,0.0,bike:442678034:442678012:0,71.85587551875214,326758826,Avenida Joracy Camargo,tertiary,,,,,,,,,
baseline,37,middle,leisure,bike,bike,bike,2717.0,D_0002320,2,38,442678012.0,2291723028.0,0.0,bike:442678012:2291723028:0,83.57736870459941,326758828,Avenida Joracy Camargo,tertiary,,,,,,,,,
baseline,37,middle,leisure,bike,bike,bike,2717.0,D_0002320,3,38,2291723028.0,442678014.0,0.0,bike:2291723028:442678014:0,103.13564230229615,326758828,Avenida Joracy Camargo,tertiary,,,,,,,,,
baseline,37,middle,leisure,bike,bike,bike,2717.0,D_0002320,4,38,442678014.0,442678120.0,0.0,bike:442678014:442678120:0,19.84757978453762,37742078,Rua Maria José Alberton Silva,tertiary,,,,,,,,,
baseline,37,middle,leisure,bike,bike,bike,2717.0,D_0002320,5,38,442678120.0,635143600.0,0.0,bike:442678120:635143600:0,61.07425202478547,343328092,Rua Maria José Alberton Silva,tertiary,,,,,,,,,
baseline,37,middle,leisure,bike,bike,bike,2717.0,D_0002320,6,38,635143600.0,8255302003.0,0.0,bike:635143600:8255302003:0,11.52133343380828,343328092,Rua Maria José Alberton Silva,tertiary,,,,,,,,,
baseline,37,middle,leisure,bike,bike,bike,2717.0,D_0002320,7,38,8255302003.0,2901865448.0,0.0,bike:8255302003:2901865448:0,9.684376336208492,343328092,Rua Maria José Alberton Silva,tertiary,,,,,,,,,
baseline,37,middle,leisure,bike,bike,bike,2717.0,D_0002320,8,38,2901865448.0,458240783.0,0.0,bike:2901865448:458240783:0,31.249828239668858,1291573618|925115667,,secondary_link,,,,,,,,,
baseline,37,middle,leisure,bike,bike,bike,2717.0,D_0002320,9,38,458240783.0,2485152958.0,0.0,bike:458240783:2485152958:0,52.14585248860916,326126552,Rua Neves,residential,,,,,,,,,
baseline,37,middle,leisure,bike,bike,bike,2717.0,D_0002320,10,38,2485152958.0,443351612.0,0.0,bike:2485152958:443351612:0,37.05780764238635,326126552,Rua Neves,residential,,,,,,,,,
baseline,37,middle,leisure,bike,bike,bike,2717.0,D_0002320,11,38,443351612.0,443351611.0,0.0,bike:443351612:443351611:0,74.30834946015185,326126552,Rua Neves,residential,,,,,,,,,
baseline,37,middle,leisure,bike,bike,bike,2717.0,D_0002320,12,38,443351611.0,2485152940.0,0.0,bike:443351611:2485152940:0,3.31265676600133,326126552,Rua Neves,residential,,,,,,,,,
baseline,37,middle,leisure,bike,bike,bike,2717.0,D_0002320,13,38,2485152940.0,443351610.0,0.0,bike:2485152940:443351610:0,8.105773528210406,326126552,Rua Neves,residential,,,,,,,,,
baseline,37,middle,leisure,bike,bike,bike,2717.0,D_0002320,14,38,443351610.0,2485152918.0,0.0,bike:443351610:2485152918:0,52.94177518801992,37796654,Rua Neves,residential,,,,,,,,,
baseline,37,middle,leisure,bike,bike,bike,2717.0,D_0002320,15,38,2485152918.0,2485152896.0,0.0,bike:2485152918:2485152896:0,31.000617553397447,37796654,Rua Neves,residential,,,,,,,,,
baseline,37,middle,leisure,bike,bike,bike,2717.0,D_0002320,16,38,2485152896.0,2485152882.0,0.0,bike:2485152896:2485152882:0,29.925241076251428,37796654,Rua Neves,residential,,,,,,,,,
baseline,37,middle,leisure,bike,bike,bike,2717.0,D_0002320,17,38,2485152882.0,2485152872.0,0.0,bike:2485152882:2485152872:0,28.60409391124298,37796654,Rua Neves,residential,,,,,,,,,
baseline,37,middle,leisure,bike,bike,bike,2717.0,D_0002320,18,38,2485152872.0,635143714.0,0.0,bike:2485152872:635143714:0,137.8355519301224,37796654,Rua Neves,residential,,,,,,,,,
baseline,37,middle,leisure,bike,bike,bike,2717.0,D_0002320,19,38,635143714.0,635143726.0,0.0,bike:635143714:635143726:0,90.97868782878842,219483758,Rua Banco Inglês,tertiary,,,,,,,,,
baseline,37,middle,leisure,bike,bike,bike,2717.0,D_0002320,20,38,635143726.0,704612508.0,0.0,bike:635143726:704612508:0,166.5025194429736,326758830,Rua Banco Inglês,tertiary,,,,,,,,,
baseline,37,middle,leisure,bike,bike,bike,2717.0,D_0002320,21,38,704612508.0,4473578407.0,0.0,bike:704612508:4473578407:0,64.22701800550304,37961056,Rua São Cristiano,residential,,,,,,,,,
baseline,37,middle,leisure,bike,bike,bike,2717.0,D_0002320,22,38,4473578407.0,445848668.0,0.0,bike:4473578407:445848668:0,17.116012383239635,37961056,Rua São Cristiano,residential,,,,,,,,,
baseline,37,middle,leisure,bike,bike,bike,2717.0,D_0002320,23,38,445848668.0,855175296.0,0.0,bike:445848668:855175296:0,22.920521089839866,37961056,Rua São Cristiano,residential,,,,,,,,,
baseline,37,middle,leisure,bike,bike,bike,2717.0,D_0002320,24,38,855175296.0,855175256.0,0.0,bike:855175296:855175256:0,50.907869768620714,698137936,Rua São Cristiano,residential,,,,,,,,,
baseline,37,middle,leisure,bike,bike,bike,2717.0,D_0002320,25,38,855175256.0,314615278.0,0.0,bike:855175256:314615278:0,148.3378998470027,653291812,Rua São Cristiano,residential,,,,,,,,,
baseline,37,middle,leisure,bike,bike,bike,2717.0,D_0002320,26,38,314615278.0,8527667597.0,0.0,bike:314615278:8527667597:0,6.21060107926677,326538563,Rua Corrêa Lima,tertiary,,,,,,,,,
baseline,37,middle,leisure,bike,bike,bike,2717.0,D_0002320,27,38,8527667597.0,477245217.0,0.0,bike:8527667597:477245217:0,126.2631676906235,326538563,Rua Corrêa Lima,tertiary,,,,,,,,,
baseline,37,middle,leisure,bike,bike,bike,2717.0,D_0002320,28,38,477245217.0,8579438186.0,0.0,bike:477245217:8579438186:0,86.06823212936301,229038418,Rua Silveiro,tertiary,,,,,,,,,
baseline,37,middle,leisure,bike,bike,bike,2717.0,D_0002320,29,38,8579438186.0,1907023355.0,0.0,bike:8579438186:1907023355:0,52.5684861603024,229038418,Rua Silveiro,tertiary,,,,,,,,,
baseline,37,middle,leisure,bike,bike,bike,2717.0,D_0002320,30,38,1907023355.0,314612487.0,0.0,bike:1907023355:314612487:0,27.205565204035555,229038418,Rua Silveiro,tertiary,,,,,,,,,
baseline,37,middle,leisure,bike,bike,bike,2717.0,D_0002320,31,38,314612487.0,314612392.0,0.0,bike:314612487:314612392:0,152.93818312435113,28620256,Rua Dona Maria,residential,,,,,,,,,
baseline,37,middle,leisure,bike,bike,bike,2717.0,D_0002320,32,38,314612392.0,4240049301.0,0.0,bike:314612392:4240049301:0,20.469781804250502,240821913,Rua Dona Antônia,service,,,,,,,,,
baseline,37,middle,leisure,bike,bike,bike,2717.0,D_0002320,33,38,4240049301.0,4473539983.0,0.0,bike:4240049301:4473539983:0,14.330863907581145,240821913,Rua Dona Antônia,service,,,,,,,,,
baseline,37,middle,leisure,bike,bike,bike,2717.0,D_0002320,34,38,4473539983.0,2485105616.0,0.0,bike:4473539983:2485105616:0,39.31600487210274,240821913,Rua Dona Antônia,service,,,,,,,,,
baseline,37,middle,leisure,bike,bike,bike,2717.0,D_0002320,35,38,2485105616.0,2485105620.0,0.0,bike:2485105616:2485105620:0,86.27165821962964,563882874,Rua Dona Antônia,service,,,,,,,,,
baseline,37,middle,leisure,bike,bike,bike,2717.0,D_0002320,36,38,2485105620.0,4473539973.0,0.0,bike:2485105620:4473539973:0,4.907661600166321,563882874,Rua Dona Antônia,service,,,,,,,,,
baseline,37,middle,leisure,bike,bike,bike,2717.0,D_0002320,37,38,4473539973.0,2485105622.0,0.0,bike:4473539973:2485105622:0,18.378313072033873,563882874,Rua Dona Antônia,service,,,,,,,,,
baseline,40,middle,work,car,car,car,1423.0,D_0017091,0,58,2379708213.0,448034954.0,0.0,car:2379708213:448034954:0,65.7564662912609,478203137,Rua Doutor Campos Velho,secondary,,,,,,,,,
baseline,40,middle,work,car,car,car,1423.0,D_0017091,1,58,448034954.0,2379708217.0,0.0,car:448034954:2379708217:0,73.7165702959225,229360337,Rua Doutor Campos Velho,secondary,,,,,,,,,
baseline,40,middle,work,car,car,car,1423.0,D_0017091,2,58,2379708217.0,2379708221.0,0.0,car:2379708217:2379708221:0,16.141829344260685,229360343,,secondary_link,,,,,,,,,
baseline,40,middle,work,car,car,car,1423.0,D_0017091,3,58,2379708221.0,704612675.0,0.0,car:2379708221:704612675:0,63.17529218239936,448225718,Rua Doutor Campos Velho,secondary,,,,,,,,,
baseline,40,middle,work,car,car,car,1423.0,D_0017091,4,58,704612675.0,2379708215.0,0.0,car:704612675:2379708215:0,76.07529763663128,477756834,Rua Doutor Campos Velho,secondary,,,,,,,,,
baseline,40,middle,work,car,car,car,1423.0,D_0017091,5,58,2379708215.0,448799594.0,0.0,car:2379708215:448799594:0,439.609847491199,477756834|477756835,Rua Doutor Campos Velho,secondary,,,,,,,,,
baseline,40,middle,work,car,car,car,1423.0,D_0017091,6,58,448799594.0,1199277001.0,0.0,car:448799594:1199277001:0,139.3489095130945,927890013,Rua Doutor Campos Velho,secondary,,,,,,,,,
baseline,40,middle,work,car,car,car,1423.0,D_0017091,7,58,1199277001.0,704615479.0,0.0,car:1199277001:704615479:0,140.12830079845622,229360338,Rua Doutor Campos Velho,secondary,,,,,,,,,
baseline,40,middle,work,car,car,car,1423.0,D_0017091,8,58,704615479.0,704615481.0,0.0,car:704615479:704615481:0,140.98621480290365,451653403,Rua Doutor Campos Velho,secondary,,,,,,,,,
baseline,40,middle,work,car,car,car,1423.0,D_0017091,9,58,704615481.0,2379708241.0,0.0,car:704615481:2379708241:0,146.5721570551461,451653403,Rua Doutor Campos Velho,secondary,,,,,,,,,
baseline,40,middle,work,car,car,car,1423.0,D_0017091,10,58,2379708241.0,448034979.0,0.0,car:2379708241:448034979:0,43.11878950440247,451653403,Rua Doutor Campos Velho,secondary,,,,,,,,,
baseline,40,middle,work,car,car,car,1423.0,D_0017091,11,58,448034979.0,448035237.0,0.0,car:448034979:448035237:0,15.730086450695985,38092290,Avenida Vicente Monteggia,secondary,,,,,,,,,
baseline,40,middle,work,car,car,car,1423.0,D_0017091,12,58,448035237.0,448035236.0,0.0,car:448035237:448035236:0,22.354147361405847,166117998,Avenida Vicente Monteggia,secondary,,,,,,,,,
baseline,40,middle,work,car,car,car,1423.0,D_0017091,13,58,448035236.0,2917580697.0,0.0,car:448035236:2917580697:0,27.79308456451754,925258741,Avenida Vicente Monteggia,secondary,,,,,,,,,
baseline,40,middle,work,car,car,car,1423.0,D_0017091,14,58,2917580697.0,2131881495.0,0.0,car:2917580697:2131881495:0,146.88841939773434,288207547,Avenida Vicente Monteggia,secondary,,,,,,,,,
baseline,40,middle,work,car,car,car,1423.0,D_0017091,15,58,2131881495.0,2131881499.0,0.0,car:2131881495:2131881499:0,211.5008503269234,288207547,Avenida Vicente Monteggia,secondary,,,,,,,,,
baseline,40,middle,work,car,car,car,1423.0,D_0017091,16,58,2131881499.0,4252896360.0,0.0,car:2131881499:4252896360:0,217.18239902332257,288207547,Avenida Vicente Monteggia,secondary,,,,,,,,,
baseline,40,middle,work,car,car,car,1423.0,D_0017091,17,58,4252896360.0,8603182386.0,0.0,car:4252896360:8603182386:0,13.360305911469563,927247731,Avenida Vicente Monteggia,secondary,,,,,,,,,
baseline,40,middle,work,car,car,car,1423.0,D_0017091,18,58,8603182386.0,8603208245.0,0.0,car:8603182386:8603208245:0,21.482469893782184,1315943920,Avenida Vicente Monteggia,secondary,,,,,,,,,
baseline,40,middle,work,car,car,car,1423.0,D_0017091,19,58,8603208245.0,8587032514.0,0.0,car:8603208245:8587032514:0,23.158757664706606,927250045,Avenida Vicente Monteggia,secondary,,,,,,,,,
baseline,40,middle,work,car,car,car,1423.0,D_0017091,20,58,8587032514.0,8327434625.0,0.0,car:8587032514:8327434625:0,16.604508883728126,1315943914,Avenida Vicente Monteggia,secondary,,,,,,,,,
baseline,40,middle,work,car,car,car,1423.0,D_0017091,21,58,8327434625.0,477252048.0,0.0,car:8327434625:477252048:0,334.8591363490606,188847972|1315943916|927247732,Avenida Vicente Monteggia,secondary,,,,,,,,,
baseline,40,middle,work,car,car,car,1423.0,D_0017091,22,58,477252048.0,2165586309.0,0.0,car:477252048:2165586309:0,17.29592947005426,188847972,Avenida Vicente Monteggia,secondary,,,,,,,,,
baseline,40,middle,work,car,car,car,1423.0,D_0017091,23,58,2165586309.0,8607241754.0,0.0,car:2165586309:8607241754:0,20.222783068876048,188847972,Avenida Vicente Monteggia,secondary,,,,,,,,,
baseline,40,middle,work,car,car,car,1423.0,D_0017091,24,58,8607241754.0,8607241746.0,0.0,car:8607241754:8607241746:0,140.22914928349132,356396274|927874356,Avenida Vicente Monteggia,secondary,,,,,,,,,
baseline,40,middle,work,car,car,car,1423.0,D_0017091,25,58,8607241746.0,477253464.0,0.0,car:8607241746:477253464:0,23.228804810610036,356396274,Avenida Vicente Monteggia,secondary,,,,,,,,,
baseline,40,middle,work,car,car,car,1423.0,D_0017091,26,58,477253464.0,477253522.0,0.0,car:477253464:477253522:0,75.1042402963031,356396274,Avenida Vicente Monteggia,secondary,,,,,,,,,
baseline,40,middle,work,car,car,car,1423.0,D_0017091,27,58,477253522.0,477253379.0,0.0,car:477253522:477253379:0,72.14020657227593,356396274,Avenida Vicente Monteggia,secondary,,,,,,,,,
baseline,40,middle,work,car,car,car,1423.0,D_0017091,28,58,477253379.0,456636440.0,0.0,car:477253379:456636440:0,60.14411338818066,356396274,Avenida Vicente Monteggia,secondary,,,,,,,,,
baseline,40,middle,work,car,car,car,1423.0,D_0017091,29,58,456636440.0,456636443.0,0.0,car:456636440:456636443:0,21.05511526379391,356396274,Avenida Vicente Monteggia,secondary,,,,,,,,,
baseline,40,middle,work,car,car,car,1423.0,D_0017091,30,58,456636443.0,8721095849.0,0.0,car:456636443:8721095849:0,190.59862264578595,356396274,Avenida Vicente Monteggia,secondary,,,,,,,,,
baseline,40,middle,work,car,car,car,1423.0,D_0017091,31,58,8721095849.0,2541614149.0,0.0,car:8721095849:2541614149:0,144.4532292819045,356396274,Avenida Vicente Monteggia,secondary,,,,,,,,,
baseline,40,middle,work,car,car,car,1423.0,D_0017091,32,58,2541614149.0,8584373728.0,0.0,car:2541614149:8584373728:0,112.53863789533341,356396274,Avenida Vicente Monteggia,secondary,,,,,,,,,
baseline,40,middle,work,car,car,car,1423.0,D_0017091,33,58,8584373728.0,477254745.0,0.0,car:8584373728:477254745:0,18.63469583437278,356396274,Avenida Vicente Monteggia,secondary,,,,,,,,,
baseline,40,middle,work,car,car,car,1423.0,D_0017091,34,58,477254745.0,456636459.0,0.0,car:477254745:456636459:0,84.45931875850623,284862869,Avenida Vicente Monteggia,secondary,,,,,,,,,
baseline,40,middle,work,car,car,car,1423.0,D_0017091,35,58,456636459.0,456636469.0,0.0,car:456636459:456636469:0,189.68414556875086,284862869,Avenida Vicente Monteggia,secondary,,,,,,,,,
baseline,40,middle,work,car,car,car,1423.0,D_0017091,36,58,456636469.0,456636485.0,0.0,car:456636469:456636485:0,119.34686411202456,284862869,Avenida Vicente Monteggia,secondary,,,,,,,,,
baseline,40,middle,work,car,car,car,1423.0,D_0017091,37,58,456636485.0,456636498.0,0.0,car:456636485:456636498:0,174.7942390650581,284862869|327756343,Avenida Vicente Monteggia,secondary,,,,,,,,,
baseline,40,middle,work,car,car,car,1423.0,D_0017091,38,58,456636498.0,2885707484.0,0.0,car:456636498:2885707484:0,107.62814245048446,327756342|327756343,Avenida Vicente Monteggia,secondary,,,,,,,,,
baseline,40,middle,work,car,car,car,1423.0,D_0017091,39,58,2885707484.0,2885707433.0,0.0,car:2885707484:2885707433:0,32.77454344081171,287980422,Avenida Vicente Monteggia,secondary,,,,,,,,,
baseline,40,middle,work,car,car,car,1423.0,D_0017091,40,58,2885707433.0,2885707482.0,0.0,car:2885707433:2885707482:0,9.480452804507738,287980424,Avenida Vicente Monteggia,secondary,,,,,,,,,
baseline,40,middle,work,car,car,car,1423.0,D_0017091,41,58,2885707482.0,8696908258.0,0.0,car:2885707482:8696908258:0,25.05597019784347,284862879,Estrada João Passuelo,tertiary,,,,,,,,,
baseline,40,middle,work,car,car,car,1423.0,D_0017091,42,58,8696908258.0,2885707430.0,0.0,car:8696908258:2885707430:0,5.226010050851594,284862879,Estrada João Passuelo,tertiary,,,,,,,,,
baseline,40,middle,work,car,car,car,1423.0,D_0017091,43,58,2885707430.0,7829924144.0,0.0,car:2885707430:7829924144:0,110.49061938079805,284862865,Estrada João Passuelo,tertiary,,,,,,,,,
baseline,40,middle,work,car,car,car,1423.0,D_0017091,44,58,7829924144.0,1407603280.0,0.0,car:7829924144:1407603280:0,140.34010943559844,284862865,Estrada João Passuelo,tertiary,,,,,,,,,
baseline,40,middle,work,car,car,car,1423.0,D_0017091,45,58,1407603280.0,1407603062.0,0.0,car:1407603280:1407603062:0,56.474861685087106,284862865,Estrada João Passuelo,tertiary,,,,,,,,,
baseline,40,middle,work,car,car,car,1423.0,D_0017091,46,58,1407603062.0,1400539728.0,0.0,car:1407603062:1400539728:0,326.05323545401967,284862865,Estrada João Passuelo,tertiary,,,,,,,,,
baseline,40,middle,work,car,car,car,1423.0,D_0017091,47,58,1400539728.0,4462526114.0,0.0,car:1400539728:4462526114:0,118.85758898784317,284862865,Estrada João Passuelo,tertiary,,,,,,,,,
baseline,40,middle,work,car,car,car,1423.0,D_0017091,48,58,4462526114.0,8695722783.0,0.0,car:4462526114:8695722783:0,261.3295645133608,284862865,Estrada João Passuelo,tertiary,,,,,,,,,
baseline,40,middle,work,car,car,car,1423.0,D_0017091,49,58,8695722783.0,1407603348.0,0.0,car:8695722783:1407603348:0,48.92421174341155,284862865,Estrada João Passuelo,tertiary,,,,,,,,,
baseline,40,middle,work,car,car,car,1423.0,D_0017091,50,58,1407603348.0,4462526110.0,0.0,car:1407603348:4462526110:0,20.80647498171848,284862865,Estrada João Passuelo,tertiary,,,,,,,,,
baseline,40,middle,work,car,car,car,1423.0,D_0017091,51,58,4462526110.0,6569024475.0,0.0,car:4462526110:6569024475:0,60.18950796051896,284862865,Estrada João Passuelo,tertiary,,,,,,,,,
baseline,40,middle,work,car,car,car,1423.0,D_0017091,52,58,6569024475.0,1407603237.0,0.0,car:6569024475:1407603237:0,47.61893657478802,284862865,Estrada João Passuelo,tertiary,,,,,,,,,
baseline,40,middle,work,car,car,car,1423.0,D_0017091,53,58,1407603237.0,2885707466.0,0.0,car:1407603237:2885707466:0,122.87181250322975,284862865,Estrada João Passuelo,tertiary,,,,,,,,,
baseline,40,middle,work,car,car,car,1423.0,D_0017091,54,58,2885707466.0,2929374564.0,0.0,car:2885707466:2929374564:0,69.06333193729395,284862865,Estrada João Passuelo,tertiary,,,,,,,,,
baseline,40,middle,work,car,car,car,1423.0,D_0017091,55,58,2929374564.0,1407603002.0,0.0,car:2929374564:1407603002:0,64.80446042839645,284862865,Estrada João Passuelo,tertiary,,,,,,,,,
baseline,40,middle,work,car,car,car,1423.0,D_0017091,56,58,1407603002.0,2929369762.0,0.0,car:1407603002:2929369762:0,205.39785121358958,127110049,Estrada Furnas,tertiary,,,,,,,,,
baseline,40,middle,work,car,car,car,1423.0,D_0017091,57,58,2929369762.0,1407637795.0,0.0,car:2929369762:1407637795:0,36.82265440735094,127110049,Estrada Furnas,tertiary,,,,,,,,,
baseline,42,middle,work,car,car,car,2511.0,D_0019946,0,98,2137640136.0,8721392935.0,0.0,car:2137640136:8721392935:0,98.02086366616022,203765390,Rua Murá,residential,,,,,,,,,
baseline,42,middle,work,car,car,car,2511.0,D_0019946,1,98,8721392935.0,2519773278.0,0.0,car:8721392935:2519773278:0,68.75645426281547,203765390,Rua Murá,residential,,,,,,,,,
baseline,42,middle,work,car,car,car,2511.0,D_0019946,2,98,2519773278.0,1408387605.0,0.0,car:2519773278:1408387605:0,36.548417372802184,203765390,Rua Murá,residential,,,,,,,,,
baseline,42,middle,work,car,car,car,2511.0,D_0019946,3,98,1408387605.0,1423411791.0,0.0,car:1408387605:1423411791:0,75.36775231528314,328051538,Avenida da Serraria,secondary,,,,,,,,,
baseline,42,middle,work,car,car,car,2511.0,D_0019946,4,98,1423411791.0,8327203867.0,0.0,car:1423411791:8327203867:0,111.87369936919467,1493284040,Avenida da Serraria,secondary,,,,,,,,,
baseline,42,middle,work,car,car,car,2511.0,D_0019946,5,98,8327203867.0,1400929438.0,0.0,car:8327203867:1400929438:0,7.7369739039674315,1493284042,Avenida da Serraria,secondary,,,,,,,,,
baseline,42,middle,work,car,car,car,2511.0,D_0019946,6,98,1400929438.0,1423345470.0,0.0,car:1400929438:1423345470:0,83.55194500132406,454586906,Avenida da Serraria,secondary,,,,,,,,,
baseline,42,middle,work,car,car,car,2511.0,D_0019946,7,98,1423345470.0,1400929447.0,0.0,car:1423345470:1400929447:0,126.44671986348115,454586906,Avenida da Serraria,secondary,,,,,,,,,
baseline,42,middle,work,car,car,car,2511.0,D_0019946,8,98,1400929447.0,8327187104.0,0.0,car:1400929447:8327187104:0,9.77018704124905,1493284023,Avenida da Serraria,secondary,,,,,,,,,
baseline,42,middle,work,car,car,car,2511.0,D_0019946,9,98,8327187104.0,1400929483.0,0.0,car:8327187104:1400929483:0,99.57891964388317,1493284024,Avenida da Serraria,secondary,,,,,,,,,
baseline,42,middle,work,car,car,car,2511.0,D_0019946,10,98,1400929483.0,1423345396.0,0.0,car:1400929483:1423345396:0,184.40777679202975,126353626,Rua Cirino Prunes,tertiary,,,,,,,,,
baseline,42,middle,work,car,car,car,2511.0,D_0019946,11,98,1423345396.0,1423345405.0,0.0,car:1423345396:1423345405:0,177.50444296163275,126353626,Rua Cirino Prunes,tertiary,,,,,,,,,
baseline,42,middle,work,car,car,car,2511.0,D_0019946,12,98,1423345405.0,2191081769.0,0.0,car:1423345405:2191081769:0,174.54144848832763,126353626,Rua Cirino Prunes,tertiary,,,,,,,,,
baseline,42,middle,work,car,car,car,2511.0,D_0019946,13,98,2191081769.0,2915323253.0,0.0,car:2191081769:2915323253:0,106.10213638545304,126353626,Rua Cirino Prunes,tertiary,,,,,,,,,
baseline,42,middle,work,car,car,car,2511.0,D_0019946,14,98,2915323253.0,1028943987.0,0.0,car:2915323253:1028943987:0,36.443288975899165,287980447,Rua Cirino Prunes,tertiary,,,,,,,,,
baseline,42,middle,work,car,car,car,2511.0,D_0019946,15,98,1028943987.0,1028944006.0,0.0,car:1028943987:1028944006:0,75.37246928020551,454586888,Avenida Juca Batista,primary,,,,,,,,,
baseline,42,middle,work,car,car,car,2511.0,D_0019946,16,98,1028944006.0,2137640107.0,0.0,car:1028944006:2137640107:0,130.72641933518125,454586888,Avenida Juca Batista,primary,,,,,,,,,
baseline,42,middle,work,car,car,car,2511.0,D_0019946,17,98,2137640107.0,8723651556.0,0.0,car:2137640107:8723651556:0,111.65091419194093,454586888,Avenida Juca Batista,primary,,,,,,,,,
baseline,42,middle,work,car,car,car,2511.0,D_0019946,18,98,8723651556.0,2915323255.0,0.0,car:8723651556:2915323255:0,168.4011991817401,454586888,Avenida Juca Batista,primary,,,,,,,,,
baseline,42,middle,work,car,car,car,2511.0,D_0019946,19,98,2915323255.0,1028944057.0,0.0,car:2915323255:1028944057:0,19.159392104760702,1494020414,Avenida Juca Batista,primary,,,,,,,,,
baseline,42,middle,work,car,car,car,2511.0,D_0019946,20,98,1028944057.0,8724056469.0,0.0,car:1028944057:8724056469:0,144.8416489635637,287980419,Avenida Juca Batista,primary,,,,,,,,,
baseline,42,middle,work,car,car,car,2511.0,D_0019946,21,98,8724056469.0,1028943925.0,0.0,car:8724056469:1028943925:0,145.59124288713866,287980419,Avenida Juca Batista,primary,,,,,,,,,
baseline,42,middle,work,car,car,car,2511.0,D_0019946,22,98,1028943925.0,2799412813.0,0.0,car:1028943925:2799412813:0,230.66858488860444,562588320|287980419,Avenida Juca Batista,primary,,,,,,,,,
baseline,42,middle,work,car,car,car,2511.0,D_0019946,23,98,2799412813.0,5423448044.0,0.0,car:2799412813:5423448044:0,94.68336795206903,1494020420|1494020421,Avenida Juca Batista,primary,,,,,,,,,
baseline,42,middle,work,car,car,car,2511.0,D_0019946,24,98,5423448044.0,1028943906.0,0.0,car:5423448044:1028943906:0,19.030302375120918,326309690,Avenida Juca Batista,primary,,,,,,,,,
baseline,42,middle,work,car,car,car,2511.0,D_0019946,25,98,1028943906.0,2799413079.0,0.0,car:1028943906:2799413079:0,76.69313104039595,326309690,Avenida Juca Batista,primary,,,,,,,,,
baseline,42,middle,work,car,car,car,2511.0,D_0019946,26,98,2799413079.0,2799413247.0,0.0,car:2799413079:2799413247:0,107.72494130264805,326309690,Avenida Juca Batista,primary,,,,,,,,,
baseline,42,middle,work,car,car,car,2511.0,D_0019946,27,98,2799413247.0,1028944024.0,0.0,car:2799413247:1028944024:0,236.43258064512958,326309691,Avenida Juca Batista,primary,,,,,,,,,
baseline,42,middle,work,car,car,car,2511.0,D_0019946,28,98,1028944024.0,2917582382.0,0.0,car:1028944024:2917582382:0,147.65714850456382,326309691,Avenida Juca Batista,primary,,,,,,,,,
baseline,42,middle,work,car,car,car,2511.0,D_0019946,29,98,2917582382.0,2917582383.0,0.0,car:2917582382:2917582383:0,8.74255595545432,326309691,Avenida Juca Batista,primary,,,,,,,,,
baseline,42,middle,work,car,car,car,2511.0,D_0019946,30,98,2917582383.0,2633498775.0,0.0,car:2917582383:2633498775:0,72.99711368886531,356396058,Avenida Juca Batista,primary,,,,,,,,,
baseline,42,middle,work,car,car,car,2511.0,D_0019946,31,98,2633498775.0,1028943910.0,0.0,car:2633498775:1028943910:0,76.40192898467967,356396058,Avenida Juca Batista,primary,,,,,,,,,
baseline,42,middle,work,car,car,car,2511.0,D_0019946,32,98,1028943910.0,1028944075.0,0.0,car:1028943910:1028944075:0,208.37989040332,356396058|1493175454,Avenida Juca Batista,primary,,,,,,,,,
baseline,42,middle,work,car,car,car,2511.0,D_0019946,33,98,1028944075.0,3348546245.0,0.0,car:1028944075:3348546245:0,72.21610938516334,1493175454,Avenida Juca Batista,primary,,,,,,,,,
baseline,42,middle,work,car,car,car,2511.0,D_0019946,34,98,3348546245.0,1028943891.0,0.0,car:3348546245:1028943891:0,253.9078743827028,282839201,Avenida Juca Batista,primary,,,,,,,,,
baseline,42,middle,work,car,car,car,2511.0,D_0019946,35,98,1028943891.0,1028944014.0,0.0,car:1028943891:1028944014:0,57.935638168469026,282839201,Avenida Juca Batista,primary,,,,,,,,,
baseline,42,middle,work,car,car,car,2511.0,D_0019946,36,98,1028944014.0,5423435137.0,0.0,car:1028944014:5423435137:0,99.37782878341304,88600784|1493175459,Avenida Juca Batista,secondary,,,,,,,,,
baseline,42,middle,work,car,car,car,2511.0,D_0019946,37,98,5423435137.0,13351839463.0,0.0,car:5423435137:13351839463:0,110.01996275692768,1493175457|1493175458,Avenida Juca Batista,secondary,,,,,,,,,
baseline,42,middle,work,car,car,car,2511.0,D_0019946,38,98,13351839463.0,2387953576.0,0.0,car:13351839463:2387953576:0,39.8905477249244,1493175458,Avenida Juca Batista,secondary,,,,,,,,,
baseline,42,middle,work,car,car,car,2511.0,D_0019946,39,98,2387953576.0,2387953588.0,0.0,car:2387953576:2387953588:0,160.41294921087402,328051534,Avenida Juca Batista,secondary,,,,,,,,,
baseline,42,middle,work,car,car,car,2511.0,D_0019946,40,98,2387953588.0,2507941802.0,0.0,car:2387953588:2507941802:0,246.95383921722694,328051532|328051534,Avenida Juca Batista,secondary,,,,,,,,,
baseline,42,middle,work,car,car,car,2511.0,D_0019946,41,98,2507941802.0,297125775.0,0.0,car:2507941802:297125775:0,46.98168134107669,328051532,Avenida Juca Batista,secondary,,,,,,,,,
baseline,42,middle,work,car,car,car,2511.0,D_0019946,42,98,297125775.0,2915323266.0,0.0,car:297125775:2915323266:0,101.11336181555124,160309505,Avenida Juca Batista,secondary,,,,,,,,,
baseline,42,middle,work,car,car,car,2511.0,D_0019946,43,98,2915323266.0,297837767.0,0.0,car:2915323266:297837767:0,32.083232736396525,71134773,,secondary,,,,,,,,,
baseline,42,middle,work,car,car,car,2511.0,D_0019946,44,98,297837767.0,8743012718.0,0.0,car:297837767:8743012718:0,16.4487928122973,477792181,,secondary,,,,,,,,,
baseline,42,middle,work,car,car,car,2511.0,D_0019946,45,98,8743012718.0,8743012717.0,0.0,car:8743012718:8743012717:0,13.669026513465266,944322487,Rua do Schneider,tertiary,,,,,,,,,
baseline,42,middle,work,car,car,car,2511.0,D_0019946,46,98,8743012717.0,2507941821.0,0.0,car:8743012717:2507941821:0,329.6899242462276,399157321,Rua do Schneider,tertiary,,,,,,,,,
baseline,42,middle,work,car,car,car,2511.0,D_0019946,47,98,2507941821.0,3242104677.0,0.0,car:2507941821:3242104677:0,326.4949213924544,399157321,Rua do Schneider,tertiary,,,,,,,,,
baseline,42,middle,work,car,car,car,2511.0,D_0019946,48,98,3242104677.0,2507941831.0,0.0,car:3242104677:2507941831:0,168.3107326871749,399157321,Rua do Schneider,tertiary,,,,,,,,,
baseline,42,middle,work,car,car,car,2511.0,D_0019946,49,98,2507941831.0,1028861436.0,0.0,car:2507941831:1028861436:0,126.39560932356594,399157321|905050682|905050681,Rua do Schneider,tertiary,,,,,,,,,
baseline,42,middle,work,car,car,car,2511.0,D_0019946,50,98,1028861436.0,1028861622.0,0.0,car:1028861436:1028861622:0,151.98221455504293,905050681,Rua do Schneider,tertiary,,,,,,,,,
baseline,42,middle,work,car,car,car,2511.0,D_0019946,51,98,1028861622.0,1028861561.0,0.0,car:1028861622:1028861561:0,131.25027410857288,905050681,Rua do Schneider,tertiary,,,,,,,,,
baseline,42,middle,work,car,car,car,2511.0,D_0019946,52,98,1028861561.0,1028861355.0,0.0,car:1028861561:1028861355:0,168.44588149695448,905050681,Rua do Schneider,tertiary,,,,,,,,,
baseline,42,middle,work,car,car,car,2511.0,D_0019946,53,98,1028861355.0,9009133179.0,0.0,car:1028861355:9009133179:0,709.8337440944498,1147028848|905050681,Rua do Schneider,tertiary,,,,,,,,,
baseline,42,middle,work,car,car,car,2511.0,D_0019946,54,98,9009133179.0,9009133176.0,0.0,car:9009133179:9009133176:0,90.57324445633425,1147028848,Rua do Schneider,tertiary,,,,,,,,,
baseline,42,middle,work,car,car,car,2511.0,D_0019946,55,98,9009133176.0,10673557397.0,0.0,car:9009133176:10673557397:0,122.57948531435989,1147028848|1493527701|1493527702,Rua do Schneider,tertiary,,,,,,,,,
baseline,42,middle,work,car,car,car,2511.0,D_0019946,56,98,10673557397.0,298010670.0,0.0,car:10673557397:298010670:0,76.33005517168624,1147028850,Avenida Edgar Pires de Castro,primary,,,,,,,,,
baseline,42,middle,work,car,car,car,2511.0,D_0019946,57,98,298010670.0,298010490.0,0.0,car:298010670:298010490:0,284.03412127228984,230069264|1147028843|356395990,Avenida Edgar Pires de Castro,primary,,,,,,,,,
baseline,42,middle,work,car,car,car,2511.0,D_0019946,58,98,298010490.0,298010498.0,0.0,car:298010490:298010498:0,253.65066221549287,230069264,Avenida Edgar Pires de Castro,primary,,,,,,,,,
baseline,42,middle,work,car,car,car,2511.0,D_0019946,59,98,298010498.0,1024326166.0,0.0,car:298010498:1024326166:0,146.48476924770887,230069264,Avenida Edgar Pires de Castro,primary,,,,,,,,,
baseline,42,middle,work,car,car,car,2511.0,D_0019946,60,98,1024326166.0,5237764826.0,0.0,car:1024326166:5237764826:0,53.20769473772601,88150899,Avenida Edgar Pires de Castro,primary,,,,,,,,,
baseline,42,middle,work,car,car,car,2511.0,D_0019946,61,98,5237764826.0,5237764832.0,0.0,car:5237764826:5237764832:0,14.776070908127778,1493512914|1493512916,Avenida Edgar Pires de Castro,primary,,,,,,,,,
baseline,42,middle,work,car,car,car,2511.0,D_0019946,62,98,5237764832.0,298010804.0,0.0,car:5237764832:298010804:0,59.805340781747546,327233520,Avenida Edgar Pires de Castro,primary,,,,,,,,,
baseline,42,middle,work,car,car,car,2511.0,D_0019946,63,98,298010804.0,298012434.0,0.0,car:298010804:298012434:0,187.41618915108268,1493512928|95475387,Avenida Edgar Pires de Castro,primary,,,,,,,,,
baseline,42,middle,work,car,car,car,2511.0,D_0019946,64,98,298012434.0,3618895953.0,0.0,car:298012434:3618895953:0,17.386820688541626,1493512930,Avenida Edgar Pires de Castro,primary,,,,,,,,,
baseline,42,middle,work,car,car,car,2511.0,D_0019946,65,98,3618895953.0,13685544152.0,0.0,car:3618895953:13685544152:0,12.143435175485235,1493512929,Avenida Edgar Pires de Castro,primary,,,,,,,,,
baseline,42,middle,work,car,car,car,2511.0,D_0019946,66,98,13685544152.0,13685544150.0,0.0,car:13685544152:13685544150:0,13.67817610204537,1493512931,Avenida Edgar Pires de Castro,primary,,,,,,,,,
baseline,42,middle,work,car,car,car,2511.0,D_0019946,67,98,13685544150.0,298011744.0,0.0,car:13685544150:298011744:0,19.997754288413507,1493512931,Avenida Edgar Pires de Castro,primary,,,,,,,,,
baseline,42,middle,work,car,car,car,2511.0,D_0019946,68,98,298011744.0,1436431329.0,0.0,car:298011744:1436431329:0,296.6285530505012,356428315,Avenida Edgar Pires de Castro,primary,,,,,,,,,
baseline,42,middle,work,car,car,car,2511.0,D_0019946,69,98,1436431329.0,6158633937.0,0.0,car:1436431329:6158633937:0,105.6358631293065,327233525,Avenida Edgar Pires de Castro,primary,,,,,,,,,
baseline,42,middle,work,car,car,car,2511.0,D_0019946,70,98,6158633937.0,6899446935.0,0.0,car:6158633937:6899446935:0,36.271120760788406,327233525,Avenida Edgar Pires de Castro,primary,,,,,,,,,
baseline,42,middle,work,car,car,car,2511.0,D_0019946,71,98,6899446935.0,1436431307.0,0.0,car:6899446935:1436431307:0,381.9519052885445,327233530|327233525,Avenida Edgar Pires de Castro,primary,,,,,,,,,
baseline,42,middle,work,car,car,car,2511.0,D_0019946,72,98,1436431307.0,298011757.0,0.0,car:1436431307:298011757:0,201.2412656452875,327233528|327233530,Avenida Edgar Pires de Castro,primary,,,,,,,,,
baseline,42,middle,work,car,car,car,2511.0,D_0019946,73,98,298011757.0,9006039242.0,0.0,car:298011757:9006039242:0,49.80797524987896,327233528,Avenida Edgar Pires de Castro,primary,,,,,,,,,
baseline,42,middle,work,car,car,car,2511.0,D_0019946,74,98,9006039242.0,1400503073.0,0.0,car:9006039242:1400503073:0,92.10709178163296,327233528,Avenida Edgar Pires de Castro,primary,,,,,,,,,
baseline,42,middle,work,car,car,car,2511.0,D_0019946,75,98,1400503073.0,8535638366.0,0.0,car:1400503073:8535638366:0,72.35681029965971,500493273|243181694,Avenida Edgar Pires de Castro,primary,,,,,,,,,
baseline,42,middle,work,car,car,car,2511.0,D_0019946,76,98,8535638366.0,298013144.0,0.0,car:8535638366:298013144:0,118.76514939025489,500493273,Avenida Edgar Pires de Castro,primary,,,,,,,,,
baseline,42,middle,work,car,car,car,2511.0,D_0019946,77,98,298013144.0,9005885633.0,0.0,car:298013144:9005885633:0,206.38801527822304,500493273,Avenida Edgar Pires de Castro,primary,,,,,,,,,
baseline,42,middle,work,car,car,car,2511.0,D_0019946,78,98,9005885633.0,9005953296.0,0.0,car:9005885633:9005953296:0,122.13050888249361,500493273,Avenida Edgar Pires de Castro,primary,,,,,,,,,
baseline,42,middle,work,car,car,car,2511.0,D_0019946,79,98,9005953296.0,1436431226.0,0.0,car:9005953296:1436431226:0,141.0182688897355,500493273,Avenida Edgar Pires de Castro,primary,,,,,,,,,
baseline,42,middle,work,car,car,car,2511.0,D_0019946,80,98,1436431226.0,1436431240.0,0.0,car:1436431226:1436431240:0,251.03147253820282,500493273,Avenida Edgar Pires de Castro,primary,,,,,,,,,
baseline,42,middle,work,car,car,car,2511.0,D_0019946,81,98,1436431240.0,1027627365.0,0.0,car:1436431240:1027627365:0,14.124846664983465,500493273,Avenida Edgar Pires de Castro,primary,,,,,,,,,
baseline,42,middle,work,car,car,car,2511.0,D_0019946,82,98,1027627365.0,3618666099.0,0.0,car:1027627365:3618666099:0,65.40185180380281,500493273,Avenida Edgar Pires de Castro,primary,,,,,,,,,
baseline,42,middle,work,car,car,car,2511.0,D_0019946,83,98,3618666099.0,1436431253.0,0.0,car:3618666099:1436431253:0,171.55484108677325,541689361,Avenida Edgar Pires de Castro,primary,,,,,,,,,
baseline,42,middle,work,car,car,car,2511.0,D_0019946,84,98,1436431253.0,9005885634.0,0.0,car:1436431253:9005885634:0,53.596148801972134,541689361,Avenida Edgar Pires de Castro,primary,,,,,,,,,
baseline,42,middle,work,car,car,car,2511.0,D_0019946,85,98,9005885634.0,1436431204.0,0.0,car:9005885634:1436431204:0,97.85757287383436,541689361,Avenida Edgar Pires de Castro,primary,,,,,,,,,
baseline,42,middle,work,car,car,car,2511.0,D_0019946,86,98,1436431204.0,1436431262.0,0.0,car:1436431204:1436431262:0,120.31902598706964,541689361,Avenida Edgar Pires de Castro,primary,,,,,,,,,
baseline,42,middle,work,car,car,car,2511.0,D_0019946,87,98,1436431262.0,1436431325.0,0.0,car:1436431262:1436431325:0,142.34195019032313,541689361,Avenida Edgar Pires de Castro,primary,,,,,,,,,
baseline,42,middle,work,car,car,car,2511.0,D_0019946,88,98,1436431325.0,1436431319.0,0.0,car:1436431325:1436431319:0,20.23260650097564,541689361,Avenida Edgar Pires de Castro,primary,,,,,,,,,
baseline,42,middle,work,car,car,car,2511.0,D_0019946,89,98,1436431319.0,1436431210.0,0.0,car:1436431319:1436431210:0,123.84448203855773,541689361,Avenida Edgar Pires de Castro,primary,,,,,,,,,
baseline,42,middle,work,car,car,car,2511.0,D_0019946,90,98,1436431210.0,3214140406.0,0.0,car:1436431210:3214140406:0,277.79055551213526,541689361,Avenida Edgar Pires de Castro,primary,,,,,,,,,
baseline,42,middle,work,car,car,car,2511.0,D_0019946,91,98,3214140406.0,1436431218.0,0.0,car:3214140406:1436431218:0,719.2351578379777,541689361,Avenida Edgar Pires de Castro,primary,,,,,,,,,
baseline,42,middle,work,car,car,car,2511.0,D_0019946,92,98,1436431218.0,1028861521.0,0.0,car:1436431218:1028861521:0,55.52669387796309,541689361,Avenida Edgar Pires de Castro,primary,,,,,,,,,
baseline,42,middle,work,car,car,car,2511.0,D_0019946,93,98,1028861521.0,3414891002.0,0.0,car:1028861521:3414891002:0,469.475429339549,421804498,Estrada Jacques da Rosa,tertiary,,,,,,,,,
baseline,42,middle,work,car,car,car,2511.0,D_0019946,94,98,3414891002.0,3414891007.0,0.0,car:3414891002:3414891007:0,252.25728135280522,334375204,Rua 8013,living_street,,,,,,,,,
baseline,42,middle,work,car,car,car,2511.0,D_0019946,95,98,3414891007.0,3414891006.0,0.0,car:3414891007:3414891006:0,110.70245796821945,334375205,Rua 8017,living_street,,,,,,,,,
baseline,42,middle,work,car,car,car,2511.0,D_0019946,96,98,3414891006.0,3414891005.0,0.0,car:3414891006:3414891005:0,110.78239461469126,334375205,Rua 8017,living_street,,,,,,,,,
baseline,42,middle,work,car,car,car,2511.0,D_0019946,97,98,3414891005.0,3414891004.0,0.0,car:3414891005:3414891004:0,112.68389353525029,334375205,Rua 8017,living_street,,,,,,,,,
baseline,43,high,education,car,car,car,2117.0,D_0000657,0,127,330034515.0,2382917795.0,0.0,car:330034515:2382917795:0,241.21635257578572,28620177,Rua Uruguaiana,residential,,,,,,,,,
baseline,43,high,education,car,car,car,2117.0,D_0000657,1,127,2382917795.0,330039116.0,0.0,car:2382917795:330039116:0,84.90864133300485,288143108,Rua Múcio Teixeira,tertiary,,,,,,,,,
baseline,43,high,education,car,car,car,2117.0,D_0000657,2,127,330039116.0,312819701.0,0.0,car:330039116:312819701:0,111.42762222150019,288143108,Rua Múcio Teixeira,tertiary,,,,,,,,,
baseline,43,high,education,car,car,car,2117.0,D_0000657,3,127,312819701.0,312819703.0,0.0,car:312819701:312819703:0,146.60264883592615,220083134,Rua Botafogo,tertiary,,,,,,,,,
baseline,43,high,education,car,car,car,2117.0,D_0000657,4,127,312819703.0,312819705.0,0.0,car:312819703:312819705:0,90.08173863574825,220083134,Rua Botafogo,tertiary,,,,,,,,,
baseline,43,high,education,car,car,car,2117.0,D_0000657,5,127,312819705.0,312819707.0,0.0,car:312819705:312819707:0,8.050886037650493,923478230,Rua Botafogo,tertiary,,,,,,,,,
baseline,43,high,education,car,car,car,2117.0,D_0000657,6,127,312819707.0,312819709.0,0.0,car:312819707:312819709:0,153.05796591019853,220083135,Rua Botafogo,tertiary,,,,,,,,,
baseline,43,high,education,car,car,car,2117.0,D_0000657,7,127,312819709.0,312819711.0,0.0,car:312819709:312819711:0,225.46064251212348,220083135,Rua Botafogo,tertiary,,,,,,,,,
baseline,43,high,education,car,car,car,2117.0,D_0000657,8,127,312819711.0,1172683750.0,0.0,car:312819711:1172683750:0,8.715096435758408,131975115,Rua Botafogo,tertiary,,,,,,,,,
baseline,43,high,education,car,car,car,2117.0,D_0000657,9,127,1172683750.0,312819713.0,0.0,car:1172683750:312819713:0,8.55974270819358,131975115,Rua Botafogo,tertiary,,,,,,,,,
baseline,43,high,education,car,car,car,2117.0,D_0000657,10,127,312819713.0,312819715.0,0.0,car:312819713:312819715:0,145.17340350023073,131975115,Rua Botafogo,tertiary,,,,,,,,,
baseline,43,high,education,car,car,car,2117.0,D_0000657,11,127,312819715.0,316034157.0,0.0,car:312819715:316034157:0,142.29004206672278,131975115,Rua Botafogo,tertiary,,,,,,,,,
baseline,43,high,education,car,car,car,2117.0,D_0000657,12,127,316034157.0,314620958.0,0.0,car:316034157:314620958:0,58.324166810755145,131975115,Rua Botafogo,tertiary,,,,,,,,,
baseline,43,high,education,car,car,car,2117.0,D_0000657,13,127,314620958.0,317783762.0,0.0,car:314620958:317783762:0,10.766145520900604,219726623,Rua Botafogo,tertiary,,,,,,,,,
baseline,43,high,education,car,car,car,2117.0,D_0000657,14,127,317783762.0,9009199269.0,0.0,car:317783762:9009199269:0,52.336995713112486,219726617,Avenida da Azenha,secondary,,,,,,,,,
baseline,43,high,education,car,car,car,2117.0,D_0000657,15,127,9009199269.0,1172814314.0,0.0,car:9009199269:1172814314:0,79.92496748087565,219726617,Avenida da Azenha,secondary,,,,,,,,,
baseline,43,high,education,car,car,car,2117.0,D_0000657,16,127,1172814314.0,317782036.0,0.0,car:1172814314:317782036:0,344.0457740694998,219726617,Avenida da Azenha,secondary,,,,,,,,,
baseline,43,high,education,car,car,car,2117.0,D_0000657,17,127,317782036.0,314621202.0,0.0,car:317782036:314621202:0,46.17910507324229,27925230,Avenida Princesa Isabel,secondary,,,,,,,,,
baseline,43,high,education,car,car,car,2117.0,D_0000657,18,127,314621202.0,2375694298.0,0.0,car:314621202:2375694298:0,40.04962745086743,356396118,Avenida Princesa Isabel,secondary,,,,,,,,,
baseline,43,high,education,car,car,car,2117.0,D_0000657,19,127,2375694298.0,2220744768.0,0.0,car:2375694298:2220744768:0,222.3232662915066,356395830,Avenida Bento Gonçalves,primary,,,,,,,,,
baseline,43,high,education,car,car,car,2117.0,D_0000657,20,127,2220744768.0,8583344874.0,0.0,car:2220744768:8583344874:0,122.5457887067657,356395830,Avenida Bento Gonçalves,primary,,,,,,,,,
baseline,43,high,education,car,car,car,2117.0,D_0000657,21,127,8583344874.0,317783169.0,0.0,car:8583344874:317783169:0,6.177807703264711,924850129,Avenida Bento Gonçalves,primary,,,,,,,,,
baseline,43,high,education,car,car,car,2117.0,D_0000657,22,127,317783169.0,294901773.0,0.0,car:317783169:294901773:0,102.54776543909071,326126498,Avenida Bento Gonçalves,primary,,,,,,,,,
baseline,43,high,education,car,car,car,2117.0,D_0000657,23,127,294901773.0,432610573.0,0.0,car:294901773:432610573:0,108.2824199139391,326126498,Avenida Bento Gonçalves,primary,,,,,,,,,
baseline,43,high,education,car,car,car,2117.0,D_0000657,24,127,432610573.0,314623361.0,0.0,car:432610573:314623361:0,118.9467489431792,131985983,Avenida Bento Gonçalves,primary,,,,,,,,,
baseline,43,high,education,car,car,car,2117.0,D_0000657,25,127,314623361.0,294902961.0,0.0,car:314623361:294902961:0,150.4750909459624,131985983,Avenida Bento Gonçalves,primary,,,,,,,,,
baseline,43,high,education,car,car,car,2117.0,D_0000657,26,127,294902961.0,846081160.0,0.0,car:294902961:846081160:0,72.48985917814852,356395788,Avenida Bento Gonçalves,primary,,,,,,,,,
baseline,43,high,education,car,car,car,2117.0,D_0000657,27,127,846081160.0,317775520.0,0.0,car:846081160:317775520:0,79.15499704949231,451652897,Avenida Bento Gonçalves,primary,,,,,,,,,
baseline,43,high,education,car,car,car,2117.0,D_0000657,28,127,317775520.0,294902967.0,0.0,car:317775520:294902967:0,178.85379550985658,223080052,Avenida Bento Gonçalves,primary,,,,,,,,,
baseline,43,high,education,car,car,car,2117.0,D_0000657,29,127,294902967.0,3618664870.0,0.0,car:294902967:3618664870:0,214.60457375965254,326538540,Avenida Bento Gonçalves,primary,,,,,,,,,
baseline,43,high,education,car,car,car,2117.0,D_0000657,30,127,3618664870.0,3331940560.0,0.0,car:3618664870:3331940560:0,153.7670521184894,356395771,Avenida Bento Gonçalves,primary,,,,,,,,,
baseline,43,high,education,car,car,car,2117.0,D_0000657,31,127,3331940560.0,3618664894.0,0.0,car:3331940560:3618664894:0,41.572279217170234,356396970,,busway,,,,,,,,,
baseline,43,high,education,car,car,car,2117.0,D_0000657,32,127,3618664894.0,3618664952.0,0.0,car:3618664894:3618664952:0,201.58190318785068,356397887,Corredor de Transporte Coletivo Bento Gonçalves,busway,,,,,,,,,
baseline,43,high,education,car,car,car,2117.0,D_0000657,33,127,3618664952.0,3618664961.0,0.0,car:3618664952:3618664961:0,21.151354942640076,356397423,Corredor de Transporte Coletivo Bento Gonçalves,busway,,,,,,,,,
baseline,43,high,education,car,car,car,2117.0,D_0000657,34,127,3618664961.0,4237616008.0,0.0,car:3618664961:4237616008:0,75.04242906656927,356397578,Corredor de Transporte Coletivo Bento Gonçalves,busway,,,,,,,,,
baseline,43,high,education,car,car,car,2117.0,D_0000657,35,127,4237616008.0,3618665023.0,0.0,car:4237616008:3618665023:0,79.19983968645545,541933567,Corredor de Transporte Coletivo Bento Gonçalves,busway,,,,,,,,,
baseline,43,high,education,car,car,car,2117.0,D_0000657,36,127,3618665023.0,3618665061.0,0.0,car:3618665023:3618665061:0,194.34837138661834,356398046,Corredor de Transporte Coletivo Bento Gonçalves,busway,,,,,,,,,
baseline,43,high,education,car,car,car,2117.0,D_0000657,37,127,3618665061.0,3618665070.0,0.0,car:3618665061:3618665070:0,91.6999467889145,356398109,Corredor de Transporte Coletivo Bento Gonçalves,busway,,,,,,,,,
baseline,43,high,education,car,car,car,2117.0,D_0000657,38,127,3618665070.0,3618665077.0,0.0,car:3618665070:3618665077:0,214.72505358901063,356398109,Corredor de Transporte Coletivo Bento Gonçalves,busway,,,,,,,,,
baseline,43,high,education,car,car,car,2117.0,D_0000657,39,127,3618665077.0,3618665082.0,0.0,car:3618665077:3618665082:0,65.14796853162643,356398109,Corredor de Transporte Coletivo Bento Gonçalves,busway,,,,,,,,,
baseline,43,high,education,car,car,car,2117.0,D_0000657,40,127,3618665082.0,2190595264.0,0.0,car:3618665082:2190595264:0,602.0370324830288,356397825|208796523,Corredor de Transporte Coletivo Bento Gonçalves,busway,,,,,,,,,
baseline,43,high,education,car,car,car,2117.0,D_0000657,41,127,2190595264.0,2190595270.0,0.0,car:2190595264:2190595270:0,151.2594549625602,208796523,Corredor de Transporte Coletivo Bento Gonçalves,busway,,,,,,,,,
baseline,43,high,education,car,car,car,2117.0,D_0000657,42,127,2190595270.0,3618665263.0,0.0,car:2190595270:3618665263:0,60.686528873894304,356398329,Corredor de Transporte Coletivo Bento Gonçalves,busway,,,,,,,,,
baseline,43,high,education,car,car,car,2117.0,D_0000657,43,127,3618665263.0,3618665250.0,0.0,car:3618665263:3618665250:0,215.70569222295515,356398329,Corredor de Transporte Coletivo Bento Gonçalves,busway,,,,,,,,,
baseline,43,high,education,car,car,car,2117.0,D_0000657,44,127,3618665250.0,3618665222.0,0.0,car:3618665250:3618665222:0,108.03168173236453,541933557,Corredor de Transporte Coletivo Bento Gonçalves,busway,,,,,,,,,
baseline,43,high,education,car,car,car,2117.0,D_0000657,45,127,3618665222.0,2190656153.0,0.0,car:3618665222:2190656153:0,177.56915089021774,356398002,Corredor de Transporte Coletivo Bento Gonçalves,busway,,,,,,,,,
baseline,43,high,education,car,car,car,2117.0,D_0000657,46,127,2190656153.0,2190656150.0,0.0,car:2190656153:2190656150:0,36.27550744202466,356396896,,busway,,,,,,,,,
baseline,43,high,education,car,car,car,2117.0,D_0000657,47,127,2190656150.0,430532773.0,0.0,car:2190656150:430532773:0,100.26311175069281,356395820,Avenida Bento Gonçalves,primary,,,,,,,,,
baseline,43,high,education,car,car,car,2117.0,D_0000657,48,127,430532773.0,430533218.0,0.0,car:430532773:430533218:0,184.29539263481817,356395820,Avenida Bento Gonçalves,primary,,,,,,,,,
baseline,43,high,education,car,car,car,2117.0,D_0000657,49,127,430533218.0,2190656007.0,0.0,car:430533218:2190656007:0,200.7083974137936,356395815,Avenida Bento Gonçalves,primary,,,,,,,,,
baseline,43,high,education,car,car,car,2117.0,D_0000657,50,127,2190656007.0,294903030.0,0.0,car:2190656007:294903030:0,80.68567181438836,26786730,Avenida Bento Gonçalves,primary,,,,,,,,,
baseline,43,high,education,car,car,car,2117.0,D_0000657,51,127,294903030.0,294901893.0,0.0,car:294903030:294901893:0,61.51642468578524,26786730,Avenida Bento Gonçalves,primary,,,,,,,,,
baseline,43,high,education,car,car,car,2117.0,D_0000657,52,127,294901893.0,2190655974.0,0.0,car:294901893:2190655974:0,132.74763533376898,26786730,Avenida Bento Gonçalves,primary,,,,,,,,,
baseline,43,high,education,car,car,car,2117.0,D_0000657,53,127,2190655974.0,293823177.0,0.0,car:2190655974:293823177:0,100.88045264156051,928479178,Avenida Bento Gonçalves,primary,,,,,,,,,
baseline,43,high,education,car,car,car,2117.0,D_0000657,54,127,293823177.0,293823179.0,0.0,car:293823177:293823179:0,101.05568439289476,928479178,Avenida Bento Gonçalves,primary,,,,,,,,,
baseline,43,high,education,car,car,car,2117.0,D_0000657,55,127,293823179.0,2190656095.0,0.0,car:293823179:2190656095:0,154.50177052009295,131989722,Avenida Bento Gonçalves,primary,,,,,,,,,
baseline,43,high,education,car,car,car,2117.0,D_0000657,56,127,2190656095.0,3618665121.0,0.0,car:2190656095:3618665121:0,50.724718275097814,131989722,Avenida Bento Gonçalves,primary,,,,,,,,,
baseline,43,high,education,car,car,car,2117.0,D_0000657,57,127,3618665121.0,430533068.0,0.0,car:3618665121:430533068:0,98.61716040269016,356395810,Avenida Bento Gonçalves,primary,,,,,,,,,
baseline,43,high,education,car,car,car,2117.0,D_0000657,58,127,430533068.0,8607772746.0,0.0,car:430533068:8607772746:0,83.60913308844766,1491680019|927851847,Avenida Bento Gonçalves,primary,,,,,,,,,
baseline,43,high,education,car,car,car,2117.0,D_0000657,59,127,8607772746.0,430532968.0,0.0,car:8607772746:430532968:0,61.555632030225226,356395781|927851846,Avenida Bento Gonçalves,primary,,,,,,,,,
baseline,43,high,education,car,car,car,2117.0,D_0000657,60,127,430532968.0,293823192.0,0.0,car:430532968:293823192:0,161.01677162160075,356395813|356395781,Avenida Bento Gonçalves,primary,,,,,,,,,
baseline,43,high,education,car,car,car,2117.0,D_0000657,61,127,293823192.0,4246783460.0,0.0,car:293823192:4246783460:0,40.7668187542267,356395813,Avenida Bento Gonçalves,primary,,,,,,,,,
baseline,43,high,education,car,car,car,2117.0,D_0000657,62,127,4246783460.0,3618665164.0,0.0,car:4246783460:3618665164:0,42.75677187602348,356395813,Avenida Bento Gonçalves,primary,,,,,,,,,
baseline,43,high,education,car,car,car,2117.0,D_0000657,63,127,3618665164.0,3618665168.0,0.0,car:3618665164:3618665168:0,42.019192987926985,356397371,,busway,,,,,,,,,
baseline,43,high,education,car,car,car,2117.0,D_0000657,64,127,3618665168.0,3618665193.0,0.0,car:3618665168:3618665193:0,82.72540637804647,356398315,Corredor de Transporte Coletivo Bento Gonçalves,busway,,,,,,,,,
baseline,43,high,education,car,car,car,2117.0,D_0000657,65,127,3618665193.0,8428289534.0,0.0,car:3618665193:8428289534:0,11.5722096121923,356398315,Corredor de Transporte Coletivo Bento Gonçalves,busway,,,,,,,,,
baseline,43,high,education,car,car,car,2117.0,D_0000657,66,127,8428289534.0,3618665229.0,0.0,car:8428289534:3618665229:0,81.53460252896515,356398315,Corredor de Transporte Coletivo Bento Gonçalves,busway,,,,,,,,,
baseline,43,high,education,car,car,car,2117.0,D_0000657,67,127,3618665229.0,3618665266.0,0.0,car:3618665229:3618665266:0,355.5597774074149,356397965,Corredor de Transporte Coletivo Bento Gonçalves,busway,,,,,,,,,
baseline,43,high,education,car,car,car,2117.0,D_0000657,68,127,3618665266.0,3618665282.0,0.0,car:3618665266:3618665282:0,167.79979229491843,356398357,Corredor de Transporte Coletivo Bento Gonçalves,busway,,,,,,,,,
baseline,43,high,education,car,car,car,2117.0,D_0000657,69,127,3618665282.0,293823201.0,0.0,car:3618665282:293823201:0,23.034239654711083,356396754,,busway,,,,,,,,,
baseline,43,high,education,car,car,car,2117.0,D_0000657,70,127,293823201.0,293823203.0,0.0,car:293823201:293823203:0,119.04096900161741,927833472|356395787,Avenida Bento Gonçalves,primary,,,,,,,,,
baseline,43,high,education,car,car,car,2117.0,D_0000657,71,127,293823203.0,293823205.0,0.0,car:293823203:293823205:0,52.60380843073325,1292265382|356395783,Avenida Bento Gonçalves,primary,,,,,,,,,
baseline,43,high,education,car,car,car,2117.0,D_0000657,72,127,293823205.0,3618665294.0,0.0,car:293823205:3618665294:0,24.108098522425937,26786712,Avenida Bento Gonçalves,primary,,,,,,,,,
baseline,43,high,education,car,car,car,2117.0,D_0000657,73,127,3618665294.0,293823526.0,0.0,car:3618665294:293823526:0,79.76110143817519,26786712,Avenida Bento Gonçalves,primary,,,,,,,,,
baseline,43,high,education,car,car,car,2117.0,D_0000657,74,127,293823526.0,2418694083.0,0.0,car:293823526:2418694083:0,38.42896001955844,356397574,,busway,,,,,,,,,
baseline,43,high,education,car,car,car,2117.0,D_0000657,75,127,2418694083.0,3618665306.0,0.0,car:2418694083:3618665306:0,78.63635002830172,356396906,Corredor de Transporte Coletivo Bento Gonçalves,busway,,,,,,,,,
baseline,43,high,education,car,car,car,2117.0,D_0000657,76,127,3618665306.0,3618665309.0,0.0,car:3618665306:3618665309:0,28.46858626047423,356397765,Corredor de Transporte Coletivo Bento Gonçalves,busway,,,,,,,,,
baseline,43,high,education,car,car,car,2117.0,D_0000657,77,127,3618665309.0,3618665311.0,0.0,car:3618665309:3618665311:0,24.16375797667794,356397765,Corredor de Transporte Coletivo Bento Gonçalves,busway,,,,,,,,,
baseline,43,high,education,car,car,car,2117.0,D_0000657,78,127,3618665311.0,1397395502.0,0.0,car:3618665311:1397395502:0,100.4752700055273,356397610,Corredor de Transporte Coletivo Bento Gonçalves,busway,,,,,,,,,
baseline,43,high,education,car,car,car,2117.0,D_0000657,79,127,1397395502.0,3618665319.0,0.0,car:1397395502:3618665319:0,83.75684012817176,356397610,Corredor de Transporte Coletivo Bento Gonçalves,busway,,,,,,,,,
baseline,43,high,education,car,car,car,2117.0,D_0000657,80,127,3618665319.0,3618665364.0,0.0,car:3618665319:3618665364:0,618.4393556961722,356397610,Corredor de Transporte Coletivo Bento Gonçalves,busway,,,,,,,,,
baseline,43,high,education,car,car,car,2117.0,D_0000657,81,127,3618665364.0,3618665428.0,0.0,car:3618665364:3618665428:0,472.92712136256927,356397610,Corredor de Transporte Coletivo Bento Gonçalves,busway,,,,,,,,,
baseline,43,high,education,car,car,car,2117.0,D_0000657,82,127,3618665428.0,1397396239.0,0.0,car:3618665428:1397396239:0,588.5483952411566,356397610|500493330,Corredor de Transporte Coletivo Bento Gonçalves,busway,,,,,,,,,
baseline,43,high,education,car,car,car,2117.0,D_0000657,83,127,1397396239.0,293822896.0,0.0,car:1397396239:293822896:0,107.37858883902132,125935704,,busway,,,,,,,,,
baseline,43,high,education,car,car,car,2117.0,D_0000657,84,127,293822896.0,293823569.0,0.0,car:293822896:293823569:0,84.6267214261273,1292265368|40451125,,primary_link,,,,,,,,,
baseline,43,high,education,car,car,car,2117.0,D_0000657,85,127,293823569.0,1413132523.0,0.0,car:293823569:1413132523:0,878.547680289471,928643488|327890529|327890533|454586910|928643486|928643487,Estrada João de Oliveira Remião,secondary,,,,,,,,,
baseline,43,high,education,car,car,car,2117.0,D_0000657,86,127,1413132523.0,8696763269.0,0.0,car:1413132523:8696763269:0,436.74602959327837,327890553,Estrada João de Oliveira Remião,secondary,,,,,,,,,
baseline,43,high,education,car,car,car,2117.0,D_0000657,87,127,8696763269.0,8696763266.0,0.0,car:8696763269:8696763266:0,16.334016152961482,327890553,Estrada João de Oliveira Remião,secondary,,,,,,,,,
baseline,43,high,education,car,car,car,2117.0,D_0000657,88,127,8696763266.0,298270429.0,0.0,car:8696763266:298270429:0,199.67225195609035,327890553,Estrada João de Oliveira Remião,secondary,,,,,,,,,
baseline,43,high,education,car,car,car,2117.0,D_0000657,89,127,298270429.0,4274816247.0,0.0,car:298270429:4274816247:0,14.85982472975111,327890553,Estrada João de Oliveira Remião,secondary,,,,,,,,,
baseline,43,high,education,car,car,car,2117.0,D_0000657,90,127,4274816247.0,298270431.0,0.0,car:4274816247:298270431:0,72.8806910303698,327890553,Estrada João de Oliveira Remião,secondary,,,,,,,,,
baseline,43,high,education,car,car,car,2117.0,D_0000657,91,127,298270431.0,8696713188.0,0.0,car:298270431:8696713188:0,104.18894623964346,327890538,Estrada João de Oliveira Remião,secondary,,,,,,,,,
baseline,43,high,education,car,car,car,2117.0,D_0000657,92,127,8696713188.0,1445891275.0,0.0,car:8696713188:1445891275:0,70.19735190703315,327890538,Estrada João de Oliveira Remião,secondary,,,,,,,,,
baseline,43,high,education,car,car,car,2117.0,D_0000657,93,127,1445891275.0,4467206882.0,0.0,car:1445891275:4467206882:0,91.20982948623451,327890538,Estrada João de Oliveira Remião,secondary,,,,,,,,,
baseline,43,high,education,car,car,car,2117.0,D_0000657,94,127,4467206882.0,1413162967.0,0.0,car:4467206882:1413162967:0,36.160754179452624,327890538,Estrada João de Oliveira Remião,secondary,,,,,,,,,
baseline,43,high,education,car,car,car,2117.0,D_0000657,95,127,1413162967.0,9003654335.0,0.0,car:1413162967:9003654335:0,48.685532108962086,327890530,Estrada João de Oliveira Remião,secondary,,,,,,,,,
baseline,43,high,education,car,car,car,2117.0,D_0000657,96,127,9003654335.0,6162667516.0,0.0,car:9003654335:6162667516:0,11.694061808415075,327890530,Estrada João de Oliveira Remião,secondary,,,,,,,,,
baseline,43,high,education,car,car,car,2117.0,D_0000657,97,127,6162667516.0,8599686728.0,0.0,car:6162667516:8599686728:0,287.83786121478545,327890530,Estrada João de Oliveira Remião,secondary,,,,,,,,,
baseline,43,high,education,car,car,car,2117.0,D_0000657,98,127,8599686728.0,1445900014.0,0.0,car:8599686728:1445900014:0,73.57330832788402,327890530,Estrada João de Oliveira Remião,secondary,,,,,,,,,
baseline,43,high,education,car,car,car,2117.0,D_0000657,99,127,1445900014.0,298271091.0,0.0,car:1445900014:298271091:0,128.4607098735946,327890544|927938781,Estrada João de Oliveira Remião,secondary,,,,,,,,,
baseline,43,high,education,car,car,car,2117.0,D_0000657,100,127,298271091.0,8608466697.0,0.0,car:298271091:8608466697:0,85.19596469439463,477789258|926794211,Estrada João de Oliveira Remião,secondary,,,,,,,,,
baseline,43,high,education,car,car,car,2117.0,D_0000657,101,127,8608466697.0,4467207800.0,0.0,car:8608466697:4467207800:0,13.621849537793278,926794210|926794211,Estrada João de Oliveira Remião,secondary,,,,,,,,,
baseline,43,high,education,car,car,car,2117.0,D_0000657,102,127,4467207800.0,298271093.0,0.0,car:4467207800:298271093:0,123.31764239307162,926794210,Estrada João de Oliveira Remião,secondary,,,,,,,,,
baseline,43,high,education,car,car,car,2117.0,D_0000657,103,127,298271093.0,2694668427.0,0.0,car:298271093:2694668427:0,346.40443878092526,327890531|327890540,Estrada João de Oliveira Remião,secondary,,,,,,,,,
baseline,43,high,education,car,car,car,2117.0,D_0000657,104,127,2694668427.0,8608501539.0,0.0,car:2694668427:8608501539:0,198.26025844385663,327890555,Estrada João de Oliveira Remião,secondary,,,,,,,,,
baseline,43,high,education,car,car,car,2117.0,D_0000657,105,127,8608501539.0,2655177236.0,0.0,car:8608501539:2655177236:0,13.581881057919107,327890555,Estrada João de Oliveira Remião,secondary,,,,,,,,,
baseline,43,high,education,car,car,car,2117.0,D_0000657,106,127,2655177236.0,8608501534.0,0.0,car:2655177236:8608501534:0,17.740061247253017,562317308,Estrada João de Oliveira Remião,secondary,,,,,,,,,
baseline,43,high,education,car,car,car,2117.0,D_0000657,107,127,8608501534.0,6159617615.0,0.0,car:8608501534:6159617615:0,158.469680313701,562317308,Estrada João de Oliveira Remião,secondary,,,,,,,,,
baseline,43,high,education,car,car,car,2117.0,D_0000657,108,127,6159617615.0,298271532.0,0.0,car:6159617615:298271532:0,437.2347555058768,562317308|653287566,Estrada João de Oliveira Remião,secondary,,,,,,,,,
baseline,43,high,education,car,car,car,2117.0,D_0000657,109,127,298271532.0,1445887106.0,0.0,car:298271532:1445887106:0,114.06453703699214,653287566,Estrada João de Oliveira Remião,secondary,,,,,,,,,
baseline,43,high,education,car,car,car,2117.0,D_0000657,110,127,1445887106.0,8692323509.0,0.0,car:1445887106:8692323509:0,39.91136731164356,327890522,Estrada João de Oliveira Remião,secondary,,,,,,,,,
baseline,43,high,education,car,car,car,2117.0,D_0000657,111,127,8692323509.0,8678996944.0,0.0,car:8692323509:8678996944:0,144.39451674825642,327890522,Estrada João de Oliveira Remião,secondary,,,,,,,,,
baseline,43,high,education,car,car,car,2117.0,D_0000657,112,127,8678996944.0,1445887133.0,0.0,car:8678996944:1445887133:0,80.58791946046756,327890522,Estrada João de Oliveira Remião,secondary,,,,,,,,,
baseline,43,high,education,car,car,car,2117.0,D_0000657,113,127,1445887133.0,298271125.0,0.0,car:1445887133:298271125:0,58.529885413373414,327890522,Estrada João de Oliveira Remião,secondary,,,,,,,,,
baseline,43,high,education,car,car,car,2117.0,D_0000657,114,127,298271125.0,298271131.0,0.0,car:298271125:298271131:0,129.73755027358996,327890522|927946676,Estrada João de Oliveira Remião,secondary,,,,,,,,,
baseline,43,high,education,car,car,car,2117.0,D_0000657,115,127,298271131.0,3347054380.0,0.0,car:298271131:3347054380:0,24.809317045121166,927946675,Estrada João de Oliveira Remião,secondary,,,,,,,,,
baseline,43,high,education,car,car,car,2117.0,D_0000657,116,127,3347054380.0,3347054384.0,0.0,car:3347054380:3347054384:0,25.58754691203517,927946675,Estrada João de Oliveira Remião,secondary,,,,,,,,,
baseline,43,high,education,car,car,car,2117.0,D_0000657,117,127,3347054384.0,3347054388.0,0.0,car:3347054384:3347054388:0,26.10903137676227,1338324033|927946675,Estrada João de Oliveira Remião,secondary,,,,,,,,,
baseline,43,high,education,car,car,car,2117.0,D_0000657,118,127,3347054388.0,1445887150.0,0.0,car:3347054388:1445887150:0,211.36605368970956,327890536,Estrada João de Oliveira Remião,secondary,,,,,,,,,
baseline,43,high,education,car,car,car,2117.0,D_0000657,119,127,1445887150.0,3260630847.0,0.0,car:1445887150:3260630847:0,64.51210242225692,328206550,Rua Guaíba,tertiary,,,,,,,,,
baseline,43,high,education,car,car,car,2117.0,D_0000657,120,127,3260630847.0,1445887192.0,0.0,car:3260630847:1445887192:0,41.73033711020358,328206550,Rua Guaíba,tertiary,,,,,,,,,
baseline,43,high,education,car,car,car,2117.0,D_0000657,121,127,1445887192.0,3260630888.0,0.0,car:1445887192:3260630888:0,136.84791414602628,328206550,Rua Guaíba,tertiary,,,,,,,,,
baseline,43,high,education,car,car,car,2117.0,D_0000657,122,127,3260630888.0,1445887193.0,0.0,car:3260630888:1445887193:0,78.72949437708752,328206550,Rua Guaíba,tertiary,,,,,,,,,
baseline,43,high,education,car,car,car,2117.0,D_0000657,123,127,1445887193.0,3260630919.0,0.0,car:1445887193:3260630919:0,108.48705632238311,328206550,Rua Guaíba,tertiary,,,,,,,,,
baseline,43,high,education,car,car,car,2117.0,D_0000657,124,127,3260630919.0,1445887148.0,0.0,car:3260630919:1445887148:0,103.39513469895708,328206550,Rua Guaíba,tertiary,,,,,,,,,
baseline,43,high,education,car,car,car,2117.0,D_0000657,125,127,1445887148.0,3260630937.0,0.0,car:1445887148:3260630937:0,146.05029697543793,328206550,Rua Guaíba,tertiary,,,,,,,,,
baseline,43,high,education,car,car,car,2117.0,D_0000657,126,127,3260630937.0,1445887105.0,0.0,car:3260630937:1445887105:0,216.82526358468664,319626450|131359813,Rua Magnólia|Rua Açucena,residential,,,,,,,,,
baseline,45,middle,health,car,car,car,7472.0,D_0001828,0,100,9031997014.0,1400508462.0,0.0,car:9031997014:1400508462:0,60.96274993790593,243185579,Rua Rubem Pereira Torelly,residential,,,,,,,,,
baseline,45,middle,health,car,car,car,7472.0,D_0001828,1,100,1400508462.0,1400508454.0,0.0,car:1400508462:1400508454:0,97.64282776815907,473030646,Rua Tenente Arizoly Fagundes,residential,,,,,,,,,
baseline,45,middle,health,car,car,car,7472.0,D_0001828,2,100,1400508454.0,2329985043.0,0.0,car:1400508454:2329985043:0,63.14685199615008,328091489,Avenida Economista Nilo Wulff,tertiary,,,,,,,,,
baseline,45,middle,health,car,car,car,7472.0,D_0001828,3,100,2329985043.0,1400477776.0,0.0,car:2329985043:1400477776:0,111.68891571487644,328091489,Avenida Economista Nilo Wulff,tertiary,,,,,,,,,
baseline,45,middle,health,car,car,car,7472.0,D_0001828,4,100,1400477776.0,1400518033.0,0.0,car:1400477776:1400518033:0,18.473287733351857,328091489,Avenida Economista Nilo Wulff,tertiary,,,,,,,,,
baseline,45,middle,health,car,car,car,7472.0,D_0001828,5,100,1400518033.0,1400518004.0,0.0,car:1400518033:1400518004:0,11.972205150181123,443223649,Rua Sílvio R. Sirângelo,residential,,,,,,,,,
baseline,45,middle,health,car,car,car,7472.0,D_0001828,6,100,1400518004.0,2329996691.0,0.0,car:1400518004:2329996691:0,50.86921404490768,443223649,Rua Sílvio R. Sirângelo,residential,,,,,,,,,
baseline,45,middle,health,car,car,car,7472.0,D_0001828,7,100,2329996691.0,2329996682.0,0.0,car:2329996691:2329996682:0,72.83755167933957,443223649,Rua Sílvio R. Sirângelo,residential,,,,,,,,,
baseline,45,middle,health,car,car,car,7472.0,D_0001828,8,100,2329996682.0,2329996674.0,0.0,car:2329996682:2329996674:0,40.56065610937115,443223649,Rua Sílvio R. Sirângelo,residential,,,,,,,,,
baseline,45,middle,health,car,car,car,7472.0,D_0001828,9,100,2329996674.0,2329996665.0,0.0,car:2329996674:2329996665:0,38.066328889428966,224174002,Rua Sílvio R. Sirângelo,residential,,,,,,,,,
baseline,45,middle,health,car,car,car,7472.0,D_0001828,10,100,2329996665.0,1400517971.0,0.0,car:2329996665:1400517971:0,61.0444781018784,224174002,Rua Sílvio R. Sirângelo,residential,,,,,,,,,
baseline,45,middle,health,car,car,car,7472.0,D_0001828,11,100,1400517971.0,1400518019.0,0.0,car:1400517971:1400518019:0,42.02761927157385,224174002,Rua Sílvio R. Sirângelo,residential,,,,,,,,,
baseline,45,middle,health,car,car,car,7472.0,D_0001828,12,100,1400518019.0,2329996655.0,0.0,car:1400518019:2329996655:0,43.966902167718075,243185564,Rua Doutor Carlos Niederauer Hofmeister,residential,,,,,,,,,
baseline,45,middle,health,car,car,car,7472.0,D_0001828,13,100,2329996655.0,2505513670.0,0.0,car:2329996655:2505513670:0,78.1118205948821,243185564,Rua Doutor Carlos Niederauer Hofmeister,residential,,,,,,,,,
baseline,45,middle,health,car,car,car,7472.0,D_0001828,14,100,2505513670.0,2505513671.0,0.0,car:2505513670:2505513671:0,18.36732522964741,243185564,Rua Doutor Carlos Niederauer Hofmeister,residential,,,,,,,,,
baseline,45,middle,health,car,car,car,7472.0,D_0001828,15,100,2505513671.0,2329996654.0,0.0,car:2505513671:2329996654:0,76.22747395448896,126306872,Rua Pablo Komlos,residential,,,,,,,,,
baseline,45,middle,health,car,car,car,7472.0,D_0001828,16,100,2329996654.0,2329985028.0,0.0,car:2329996654:2329985028:0,51.94660929509392,126306872,Rua Pablo Komlos,residential,,,,,,,,,
baseline,45,middle,health,car,car,car,7472.0,D_0001828,17,100,2329985028.0,2329996642.0,0.0,car:2329985028:2329996642:0,25.39809045617732,126306872,Rua Pablo Komlos,residential,,,,,,,,,
baseline,45,middle,health,car,car,car,7472.0,D_0001828,18,100,2329996642.0,2329985016.0,0.0,car:2329996642:2329985016:0,89.22225344432616,126306872,Rua Pablo Komlos,residential,,,,,,,,,
baseline,45,middle,health,car,car,car,7472.0,D_0001828,19,100,2329985016.0,1400517958.0,0.0,car:2329985016:1400517958:0,51.18372799651928,126306872,Rua Pablo Komlos,residential,,,,,,,,,
baseline,45,middle,health,car,car,car,7472.0,D_0001828,20,100,1400517958.0,8742070818.0,0.0,car:1400517958:8742070818:0,8.058037013173193,243185554,Avenida Ignes e Fagundes,tertiary,,,,,,,,,
baseline,45,middle,health,car,car,car,7472.0,D_0001828,21,100,8742070818.0,2329996632.0,0.0,car:8742070818:2329996632:0,37.95493814322194,243185554,Avenida Ignes e Fagundes,tertiary,,,,,,,,,
baseline,45,middle,health,car,car,car,7472.0,D_0001828,22,100,2329996632.0,1727281059.0,0.0,car:2329996632:1727281059:0,35.76937356903266,243185554,Avenida Ignes e Fagundes,tertiary,,,,,,,,,
baseline,45,middle,health,car,car,car,7472.0,D_0001828,23,100,1727281059.0,1727281051.0,0.0,car:1727281059:1727281051:0,57.70584303444388,243185554,Avenida Ignes e Fagundes,tertiary,,,,,,,,,
baseline,45,middle,health,car,car,car,7472.0,D_0001828,24,100,1727281051.0,298276348.0,0.0,car:1727281051:298276348:0,87.26554431179747,243185554,Avenida Ignes e Fagundes,tertiary,,,,,,,,,
baseline,45,middle,health,car,car,car,7472.0,D_0001828,25,100,298276348.0,4497543931.0,0.0,car:298276348:4497543931:0,53.13678338254568,768299681|327975669,Estrada João Antônio da Silveira,secondary,,,,,,,,,
baseline,45,middle,health,car,car,car,7472.0,D_0001828,26,100,4497543931.0,1439922886.0,0.0,car:4497543931:1439922886:0,41.10243100043502,327975669,Estrada João Antônio da Silveira,secondary,,,,,,,,,
baseline,45,middle,health,car,car,car,7472.0,D_0001828,27,100,1439922886.0,6568898134.0,0.0,car:1439922886:6568898134:0,73.90631905835622,327975669,Estrada João Antônio da Silveira,secondary,,,,,,,,,
baseline,45,middle,health,car,car,car,7472.0,D_0001828,28,100,6568898134.0,6568898132.0,0.0,car:6568898134:6568898132:0,73.86178811985852,327975669,Estrada João Antônio da Silveira,secondary,,,,,,,,,
baseline,45,middle,health,car,car,car,7472.0,D_0001828,29,100,6568898132.0,1727281031.0,0.0,car:6568898132:1727281031:0,54.906150664677874,327975669,Estrada João Antônio da Silveira,secondary,,,,,,,,,
baseline,45,middle,health,car,car,car,7472.0,D_0001828,30,100,1727281031.0,3067708401.0,0.0,car:1727281031:3067708401:0,29.664683320124286,327975669,Estrada João Antônio da Silveira,secondary,,,,,,,,,
baseline,45,middle,health,car,car,car,7472.0,D_0001828,31,100,3067708401.0,298276346.0,0.0,car:3067708401:298276346:0,20.7941693967381,451653127,Estrada João Antônio da Silveira,secondary,,,,,,,,,
baseline,45,middle,health,car,car,car,7472.0,D_0001828,32,100,298276346.0,8742110061.0,0.0,car:298276346:8742110061:0,47.091236877788006,451653127,Estrada João Antônio da Silveira,secondary,,,,,,,,,
baseline,45,middle,health,car,car,car,7472.0,D_0001828,33,100,8742110061.0,3213017918.0,0.0,car:8742110061:3213017918:0,47.73918459440184,451653127,Estrada João Antônio da Silveira,secondary,,,,,,,,,
baseline,45,middle,health,car,car,car,7472.0,D_0001828,34,100,3213017918.0,298274247.0,0.0,car:3213017918:298274247:0,36.449794155030844,451653127,Estrada João Antônio da Silveira,secondary,,,,,,,,,
baseline,45,middle,health,car,car,car,7472.0,D_0001828,35,100,298274247.0,2329984892.0,0.0,car:298274247:2329984892:0,57.087854009353734,473030645,Estrada João Antônio da Silveira,secondary,,,,,,,,,
baseline,45,middle,health,car,car,car,7472.0,D_0001828,36,100,2329984892.0,2329984879.0,0.0,car:2329984892:2329984879:0,101.52109663537664,473030645,Estrada João Antônio da Silveira,secondary,,,,,,,,,
baseline,45,middle,health,car,car,car,7472.0,D_0001828,37,100,2329984879.0,1400470339.0,0.0,car:2329984879:1400470339:0,215.91414307609668,473030645,Estrada João Antônio da Silveira,secondary,,,,,,,,,
baseline,45,middle,health,car,car,car,7472.0,D_0001828,38,100,1400470339.0,2506559470.0,0.0,car:1400470339:2506559470:0,45.64497338220133,451653126,Estrada João Antônio da Silveira,secondary,,,,,,,,,
baseline,45,middle,health,car,car,car,7472.0,D_0001828,39,100,2506559470.0,1400470353.0,0.0,car:2506559470:1400470353:0,23.994711081901222,243220159,Estrada João Antônio da Silveira,secondary,,,,,,,,,
baseline,45,middle,health,car,car,car,7472.0,D_0001828,40,100,1400470353.0,2329984860.0,0.0,car:1400470353:2329984860:0,50.23965576078676,243220159,Estrada João Antônio da Silveira,secondary,,,,,,,,,
baseline,45,middle,health,car,car,car,7472.0,D_0001828,41,100,2329984860.0,8745227846.0,0.0,car:2329984860:8745227846:0,42.49990694605248,243220159,Estrada João Antônio da Silveira,secondary,,,,,,,,,
baseline,45,middle,health,car,car,car,7472.0,D_0001828,42,100,8745227846.0,298276340.0,0.0,car:8745227846:298276340:0,13.983128407522695,243220159,Estrada João Antônio da Silveira,secondary,,,,,,,,,
baseline,45,middle,health,car,car,car,7472.0,D_0001828,43,100,298276340.0,2506392022.0,0.0,car:298276340:2506392022:0,73.25974857312713,243220168,Estrada João Antônio da Silveira,secondary,,,,,,,,,
baseline,45,middle,health,car,car,car,7472.0,D_0001828,44,100,2506392022.0,1402668835.0,0.0,car:2506392022:1402668835:0,73.24458551493592,243220168,Estrada João Antônio da Silveira,secondary,,,,,,,,,
baseline,45,middle,health,car,car,car,7472.0,D_0001828,45,100,1402668835.0,8744622830.0,0.0,car:1402668835:8744622830:0,4.6338100051832605,243220168,Estrada João Antônio da Silveira,secondary,,,,,,,,,
baseline,45,middle,health,car,car,car,7472.0,D_0001828,46,100,8744622830.0,8745606945.0,0.0,car:8744622830:8745606945:0,28.191602139290325,243220168,Estrada João Antônio da Silveira,secondary,,,,,,,,,
baseline,45,middle,health,car,car,car,7472.0,D_0001828,47,100,8745606945.0,1400467812.0,0.0,car:8745606945:1400467812:0,12.204597701999095,243220168,Estrada João Antônio da Silveira,secondary,,,,,,,,,
baseline,45,middle,health,car,car,car,7472.0,D_0001828,48,100,1400467812.0,2506392004.0,0.0,car:1400467812:2506392004:0,12.721647965368245,243220175,Estrada do Rincão,tertiary,,,,,,,,,
baseline,45,middle,health,car,car,car,7472.0,D_0001828,49,100,2506392004.0,1439922888.0,0.0,car:2506392004:1439922888:0,11.10360427697799,243220175,Estrada do Rincão,tertiary,,,,,,,,,
baseline,45,middle,health,car,car,car,7472.0,D_0001828,50,100,1439922888.0,1400173809.0,0.0,car:1439922888:1400173809:0,34.65956062582569,243220175,Estrada do Rincão,tertiary,,,,,,,,,
baseline,45,middle,health,car,car,car,7472.0,D_0001828,51,100,1400173809.0,4276466191.0,0.0,car:1400173809:4276466191:0,484.20934598410787,500493365,Estrada do Rincão,tertiary,,,,,,,,,
baseline,45,middle,health,car,car,car,7472.0,D_0001828,52,100,4276466191.0,1400174136.0,0.0,car:4276466191:1400174136:0,187.6397740697546,333689637,Estrada do Rincão,tertiary,,,,,,,,,
baseline,45,middle,health,car,car,car,7472.0,D_0001828,53,100,1400174136.0,1411586973.0,0.0,car:1400174136:1411586973:0,2093.9003427325897,237035153|127572156,Rua da Comunidade,tertiary,,,,,,,,,
baseline,45,middle,health,car,car,car,7472.0,D_0001828,54,100,1411586973.0,8573813348.0,0.0,car:1411586973:8573813348:0,122.34152873792901,237035153,Rua da Comunidade,tertiary,,,,,,,,,
baseline,45,middle,health,car,car,car,7472.0,D_0001828,55,100,8573813348.0,8602605321.0,0.0,car:8573813348:8602605321:0,23.101255352525833,237035153,Rua da Comunidade,tertiary,,,,,,,,,
baseline,45,middle,health,car,car,car,7472.0,D_0001828,56,100,8602605321.0,1411586887.0,0.0,car:8602605321:1411586887:0,94.64335690630243,237035153,Rua da Comunidade,tertiary,,,,,,,,,
baseline,45,middle,health,car,car,car,7472.0,D_0001828,57,100,1411586887.0,8573785316.0,0.0,car:1411586887:8573785316:0,10.634584460393375,237035153,Rua da Comunidade,tertiary,,,,,,,,,
baseline,45,middle,health,car,car,car,7472.0,D_0001828,58,100,8573785316.0,1411586871.0,0.0,car:8573785316:1411586871:0,186.48325425224598,237035153,Rua da Comunidade,tertiary,,,,,,,,,
baseline,45,middle,health,car,car,car,7472.0,D_0001828,59,100,1411586871.0,4277522051.0,0.0,car:1411586871:4277522051:0,90.73876648749018,237035153,Rua da Comunidade,tertiary,,,,,,,,,
baseline,45,middle,health,car,car,car,7472.0,D_0001828,60,100,4277522051.0,1411587071.0,0.0,car:4277522051:1411587071:0,116.71362052613095,237035153,Rua da Comunidade,tertiary,,,,,,,,,
baseline,45,middle,health,car,car,car,7472.0,D_0001828,61,100,1411587071.0,3260631063.0,0.0,car:1411587071:3260631063:0,83.13211403844531,237035153,Rua da Comunidade,tertiary,,,,,,,,,
baseline,45,middle,health,car,car,car,7472.0,D_0001828,62,100,3260631063.0,3260631058.0,0.0,car:3260631063:3260631058:0,83.98920955164625,237035153,Rua da Comunidade,tertiary,,,,,,,,,
baseline,45,middle,health,car,car,car,7472.0,D_0001828,63,100,3260631058.0,3260631025.0,0.0,car:3260631058:3260631025:0,173.68571264516774,237035153,Rua da Comunidade,tertiary,,,,,,,,,
baseline,45,middle,health,car,car,car,7472.0,D_0001828,64,100,3260631025.0,3260631016.0,0.0,car:3260631025:3260631016:0,110.9205549221895,237035153,Rua da Comunidade,tertiary,,,,,,,,,
baseline,45,middle,health,car,car,car,7472.0,D_0001828,65,100,3260631016.0,298271580.0,0.0,car:3260631016:298271580:0,55.01436431285912,237035153,Rua da Comunidade,tertiary,,,,,,,,,
baseline,45,middle,health,car,car,car,7472.0,D_0001828,66,100,298271580.0,3347054727.0,0.0,car:298271580:3347054727:0,9.171896091440809,327890579,Rua da Comunidade,tertiary,,,,,,,,,
baseline,45,middle,health,car,car,car,7472.0,D_0001828,67,100,3347054727.0,3347054717.0,0.0,car:3347054727:3347054717:0,288.35383048440394,27152705,Estrada João de Oliveira Remião,secondary,,,,,,,,,
baseline,45,middle,health,car,car,car,7472.0,D_0001828,68,100,3347054717.0,3604184463.0,0.0,car:3347054717:3604184463:0,157.08310466847058,327890519,Estrada João de Oliveira Remião,secondary,,,,,,,,,
baseline,45,middle,health,car,car,car,7472.0,D_0001828,69,100,3604184463.0,3347054715.0,0.0,car:3604184463:3347054715:0,38.796635143767176,327890519,Estrada João de Oliveira Remião,secondary,,,,,,,,,
baseline,45,middle,health,car,car,car,7472.0,D_0001828,70,100,3347054715.0,3347054714.0,0.0,car:3347054715:3347054714:0,92.24957348086804,327890519,Estrada João de Oliveira Remião,secondary,,,,,,,,,
baseline,45,middle,health,car,car,car,7472.0,D_0001828,71,100,3347054714.0,3347054712.0,0.0,car:3347054714:3347054712:0,87.95947821525465,327890519,Estrada João de Oliveira Remião,secondary,,,,,,,,,
baseline,45,middle,health,car,car,car,7472.0,D_0001828,72,100,3347054712.0,3347054710.0,0.0,car:3347054712:3347054710:0,121.59668514190949,327890519,Estrada João de Oliveira Remião,secondary,,,,,,,,,
baseline,45,middle,health,car,car,car,7472.0,D_0001828,73,100,3347054710.0,3347054707.0,0.0,car:3347054710:3347054707:0,136.717699599446,327890519,Estrada João de Oliveira Remião,secondary,,,,,,,,,
baseline,45,middle,health,car,car,car,7472.0,D_0001828,74,100,3347054707.0,3347054706.0,0.0,car:3347054707:3347054706:0,78.10539457227932,327890519,Estrada João de Oliveira Remião,secondary,,,,,,,,,
baseline,45,middle,health,car,car,car,7472.0,D_0001828,75,100,3347054706.0,3347054705.0,0.0,car:3347054706:3347054705:0,84.58278378890124,327890519,Estrada João de Oliveira Remião,secondary,,,,,,,,,
baseline,45,middle,health,car,car,car,7472.0,D_0001828,76,100,3347054705.0,8654031312.0,0.0,car:3347054705:8654031312:0,41.92831074817949,327890547,Estrada João de Oliveira Remião,secondary,,,,,,,,,
baseline,45,middle,health,car,car,car,7472.0,D_0001828,77,100,8654031312.0,4528505263.0,0.0,car:8654031312:4528505263:0,114.18072245734243,327890547,Estrada João de Oliveira Remião,secondary,,,,,,,,,
baseline,45,middle,health,car,car,car,7472.0,D_0001828,78,100,4528505263.0,5421098696.0,0.0,car:4528505263:5421098696:0,56.501335645115134,327890547,Estrada João de Oliveira Remião,secondary,,,,,,,,,
baseline,45,middle,health,car,car,car,7472.0,D_0001828,79,100,5421098696.0,3347054700.0,0.0,car:5421098696:3347054700:0,168.59307214464008,327890547|926806932,Estrada João de Oliveira Remião,secondary,,,,,,,,,
baseline,45,middle,health,car,car,car,7472.0,D_0001828,80,100,3347054700.0,8655172313.0,0.0,car:3347054700:8655172313:0,56.2564587790229,926806931,Estrada João de Oliveira Remião,secondary,,,,,,,,,
baseline,45,middle,health,car,car,car,7472.0,D_0001828,81,100,8655172313.0,3347054697.0,0.0,car:8655172313:3347054697:0,7.736420178350539,926806931,Estrada João de Oliveira Remião,secondary,,,,,,,,,
baseline,45,middle,health,car,car,car,7472.0,D_0001828,82,100,3347054697.0,8678885504.0,0.0,car:3347054697:8678885504:0,286.3265339143944,327890524,Estrada João de Oliveira Remião,secondary,,,,,,,,,
baseline,45,middle,health,car,car,car,7472.0,D_0001828,83,100,8678885504.0,3347054693.0,0.0,car:8678885504:3347054693:0,33.60936838156333,327890524,Estrada João de Oliveira Remião,secondary,,,,,,,,,
baseline,45,middle,health,car,car,car,7472.0,D_0001828,84,100,3347054693.0,3347054392.0,0.0,car:3347054693:3347054392:0,63.23317041783715,327890524,Estrada João de Oliveira Remião,secondary,,,,,,,,,
baseline,45,middle,health,car,car,car,7472.0,D_0001828,85,100,3347054392.0,3347054382.0,0.0,car:3347054392:3347054382:0,100.39918169668219,327890524,Estrada João de Oliveira Remião,secondary,,,,,,,,,
baseline,45,middle,health,car,car,car,7472.0,D_0001828,86,100,3347054382.0,3347054379.0,0.0,car:3347054382:3347054379:0,25.18569641368802,327890524,Estrada João de Oliveira Remião,secondary,,,,,,,,,
baseline,45,middle,health,car,car,car,7472.0,D_0001828,87,100,3347054379.0,3347054377.0,0.0,car:3347054379:3347054377:0,153.49704457566472,327890524,Estrada João de Oliveira Remião,secondary,,,,,,,,,
baseline,45,middle,health,car,car,car,7472.0,D_0001828,88,100,3347054377.0,5423455884.0,0.0,car:3347054377:5423455884:0,271.5162050118702,327890524,Estrada João de Oliveira Remião,secondary,,,,,,,,,
baseline,45,middle,health,car,car,car,7472.0,D_0001828,89,100,5423455884.0,3347054370.0,0.0,car:5423455884:3347054370:0,16.896772840607973,1338324027,Estrada João de Oliveira Remião,secondary,,,,,,,,,
baseline,45,middle,health,car,car,car,7472.0,D_0001828,90,100,3347054370.0,3347054368.0,0.0,car:3347054370:3347054368:0,180.27255500098602,653287565|327890549,Estrada João de Oliveira Remião,secondary,,,,,,,,,
baseline,45,middle,health,car,car,car,7472.0,D_0001828,91,100,3347054368.0,3347054367.0,0.0,car:3347054368:3347054367:0,97.41979465571573,327890549,Estrada João de Oliveira Remião,secondary,,,,,,,,,
baseline,45,middle,health,car,car,car,7472.0,D_0001828,92,100,3347054367.0,6159617614.0,0.0,car:3347054367:6159617614:0,312.61994926432726,327890543,Estrada João de Oliveira Remião,secondary,,,,,,,,,
baseline,45,middle,health,car,car,car,7472.0,D_0001828,93,100,6159617614.0,4276701302.0,0.0,car:6159617614:4276701302:0,52.141134858628874,327890543,Estrada João de Oliveira Remião,secondary,,,,,,,,,
baseline,45,middle,health,car,car,car,7472.0,D_0001828,94,100,4276701302.0,3347054365.0,0.0,car:4276701302:3347054365:0,39.58675782287461,327890543,Estrada João de Oliveira Remião,secondary,,,,,,,,,
baseline,45,middle,health,car,car,car,7472.0,D_0001828,95,100,3347054365.0,4469189914.0,0.0,car:3347054365:4469189914:0,21.54853282047661,327890543,Estrada João de Oliveira Remião,secondary,,,,,,,,,
baseline,45,middle,health,car,car,car,7472.0,D_0001828,96,100,4469189914.0,3347054364.0,0.0,car:4469189914:3347054364:0,39.74731129464201,327890543,Estrada João de Oliveira Remião,secondary,,,,,,,,,
baseline,45,middle,health,car,car,car,7472.0,D_0001828,97,100,3347054364.0,3347054363.0,0.0,car:3347054364:3347054363:0,93.4720920253718,327890543,Estrada João de Oliveira Remião,secondary,,,,,,,,,
baseline,45,middle,health,car,car,car,7472.0,D_0001828,98,100,3347054363.0,3347054359.0,0.0,car:3347054363:3347054359:0,139.61252121682753,327890545,Estrada João de Oliveira Remião,secondary,,,,,,,,,
baseline,45,middle,health,car,car,car,7472.0,D_0001828,99,100,3347054359.0,2694668427.0,0.0,car:3347054359:2694668427:0,10.499073414700852,327890564,Rua 1,residential,,,,,,,,,
baseline,47,high,leisure,car,car,car,4500.0,D_0003417,0,178,8721187395.0,8721187399.0,0.0,car:8721187395:8721187399:0,60.551732465027904,941754235,,residential,,,,,,,,,
baseline,47,high,leisure,car,car,car,4500.0,D_0003417,1,178,8721187399.0,9009396647.0,0.0,car:8721187399:9009396647:0,61.71938937015638,973438721,,residential,,,,,,,,,
baseline,47,high,leisure,car,car,car,4500.0,D_0003417,2,178,9009396647.0,1400539732.0,0.0,car:9009396647:1400539732:0,111.6819250225075,356396338|328059869,Estrada Jorge Pereira Nunes,tertiary,,,,,,,,,
baseline,47,high,leisure,car,car,car,4500.0,D_0003417,3,178,1400539732.0,1400539724.0,0.0,car:1400539732:1400539724:0,46.99091166927669,328059870,Estrada Jorge Pereira Nunes,tertiary,,,,,,,,,
baseline,47,high,leisure,car,car,car,4500.0,D_0003417,4,178,1400539724.0,8721625446.0,0.0,car:1400539724:8721625446:0,40.41629566683229,328059870,Estrada Jorge Pereira Nunes,tertiary,,,,,,,,,
baseline,47,high,leisure,car,car,car,4500.0,D_0003417,5,178,8721625446.0,3348820105.0,0.0,car:8721625446:3348820105:0,32.98407617112968,328059870,Estrada Jorge Pereira Nunes,tertiary,,,,,,,,,
baseline,47,high,leisure,car,car,car,4500.0,D_0003417,6,178,3348820105.0,2606059605.0,0.0,car:3348820105:2606059605:0,153.66268705845357,126308038,Estrada Jorge Pereira Nunes,tertiary,,,,,,,,,
baseline,47,high,leisure,car,car,car,4500.0,D_0003417,7,178,2606059605.0,1400539767.0,0.0,car:2606059605:1400539767:0,60.54888034573873,126308038,Estrada Jorge Pereira Nunes,tertiary,,,,,,,,,
baseline,47,high,leisure,car,car,car,4500.0,D_0003417,8,178,1400539767.0,2606059581.0,0.0,car:1400539767:2606059581:0,55.432342673257565,328059871,Estrada Jorge Pereira Nunes,tertiary,,,,,,,,,
baseline,47,high,leisure,car,car,car,4500.0,D_0003417,9,178,2606059581.0,1400539716.0,0.0,car:2606059581:1400539716:0,296.27692608750147,328059871,Estrada Jorge Pereira Nunes,tertiary,,,,,,,,,
baseline,47,high,leisure,car,car,car,4500.0,D_0003417,10,178,1400539716.0,10673557341.0,0.0,car:1400539716:10673557341:0,52.36101289611096,126308042,Estrada Jorge Pereira Nunes,tertiary,,,,,,,,,
baseline,47,high,leisure,car,car,car,4500.0,D_0003417,11,178,10673557341.0,8720541205.0,0.0,car:10673557341:8720541205:0,26.814140744035814,126308042,Estrada Jorge Pereira Nunes,tertiary,,,,,,,,,
baseline,47,high,leisure,car,car,car,4500.0,D_0003417,12,178,8720541205.0,4462145498.0,0.0,car:8720541205:4462145498:0,424.13972309053804,126308042,Estrada Jorge Pereira Nunes,tertiary,,,,,,,,,
baseline,47,high,leisure,car,car,car,4500.0,D_0003417,13,178,4462145498.0,1400539710.0,0.0,car:4462145498:1400539710:0,79.74731010184055,126308042,Estrada Jorge Pereira Nunes,tertiary,,,,,,,,,
baseline,47,high,leisure,car,car,car,4500.0,D_0003417,14,178,1400539710.0,3242104400.0,0.0,car:1400539710:3242104400:0,84.81225786870536,328059864,Estrada Cristiano Kraemer,secondary,,,,,,,,,
baseline,47,high,leisure,car,car,car,4500.0,D_0003417,15,178,3242104400.0,1400539763.0,0.0,car:3242104400:1400539763:0,8.956119123238087,328059864,Estrada Cristiano Kraemer,secondary,,,,,,,,,
baseline,47,high,leisure,car,car,car,4500.0,D_0003417,16,178,1400539763.0,4462515619.0,0.0,car:1400539763:4462515619:0,105.51460162584804,925333367,Estrada Cristiano Kraemer,secondary,,,,,,,,,
baseline,47,high,leisure,car,car,car,4500.0,D_0003417,17,178,4462515619.0,8708198010.0,0.0,car:4462515619:8708198010:0,190.75846164524324,925333365|925333366|925333367,Estrada Cristiano Kraemer,secondary,,,,,,,,,
baseline,47,high,leisure,car,car,car,4500.0,D_0003417,18,178,8708198010.0,1400518032.0,0.0,car:8708198010:1400518032:0,571.0608820922989,925333368|326126516|925333366,Estrada Cristiano Kraemer,secondary,,,,,,,,,
baseline,47,high,leisure,car,car,car,4500.0,D_0003417,19,178,1400518032.0,1400539739.0,0.0,car:1400518032:1400539739:0,23.870044600173475,326126516,Estrada Cristiano Kraemer,secondary,,,,,,,,,
baseline,47,high,leisure,car,car,car,4500.0,D_0003417,20,178,1400539739.0,8607689262.0,0.0,car:1400539739:8607689262:0,15.892934569047625,927841406,Estrada Cristiano Kraemer,secondary,,,,,,,,,
baseline,47,high,leisure,car,car,car,4500.0,D_0003417,21,178,8607689262.0,1775999904.0,0.0,car:8607689262:1775999904:0,26.712385326207674,927841406,Estrada Cristiano Kraemer,secondary,,,,,,,,,
baseline,47,high,leisure,car,car,car,4500.0,D_0003417,22,178,1775999904.0,8607689265.0,0.0,car:1775999904:8607689265:0,16.755491881145677,927841407,Estrada Cristiano Kraemer,secondary,,,,,,,,,
baseline,47,high,leisure,car,car,car,4500.0,D_0003417,23,178,8607689265.0,8607677611.0,0.0,car:8607689265:8607677611:0,56.17293643127271,927841407,Estrada Cristiano Kraemer,secondary,,,,,,,,,
baseline,47,high,leisure,car,car,car,4500.0,D_0003417,24,178,8607677611.0,2885707462.0,0.0,car:8607677611:2885707462:0,92.13714660723286,243043606,Estrada Cristiano Kraemer,secondary,,,,,,,,,
baseline,47,high,leisure,car,car,car,4500.0,D_0003417,25,178,2885707462.0,8607673463.0,0.0,car:2885707462:8607673463:0,11.96369822674513,243043606,Estrada Cristiano Kraemer,secondary,,,,,,,,,
baseline,47,high,leisure,car,car,car,4500.0,D_0003417,26,178,8607673463.0,1400539689.0,0.0,car:8607673463:1400539689:0,10.20949887913506,243043606,Estrada Cristiano Kraemer,secondary,,,,,,,,,
baseline,47,high,leisure,car,car,car,4500.0,D_0003417,27,178,1400539689.0,1400539711.0,0.0,car:1400539689:1400539711:0,126.68614198908091,927841408|243043606,Estrada Cristiano Kraemer,secondary,,,,,,,,,
baseline,47,high,leisure,car,car,car,4500.0,D_0003417,28,178,1400539711.0,2437086826.0,0.0,car:1400539711:2437086826:0,18.344358739228277,126308041,Estrada Cristiano Kraemer,secondary,,,,,,,,,
baseline,47,high,leisure,car,car,car,4500.0,D_0003417,29,178,2437086826.0,1400517957.0,0.0,car:2437086826:1400517957:0,20.562827968699967,451653123,Estrada Cristiano Kraemer,secondary,,,,,,,,,
baseline,47,high,leisure,car,car,car,4500.0,D_0003417,30,178,1400517957.0,1400517980.0,0.0,car:1400517957:1400517980:0,21.546184212795897,356397254,,secondary,,,,,,,,,
baseline,47,high,leisure,car,car,car,4500.0,D_0003417,31,178,1400517980.0,459406180.0,0.0,car:1400517980:459406180:0,73.97560704284855,243245855,Avenida Rodrigues da Fonseca,secondary,,,,,,,,,
baseline,47,high,leisure,car,car,car,4500.0,D_0003417,32,178,459406180.0,8696077373.0,0.0,car:459406180:8696077373:0,365.72367909871195,327756341|126306878,Avenida Rodrigues da Fonseca,secondary,,,,,,,,,
baseline,47,high,leisure,car,car,car,4500.0,D_0003417,33,178,8696077373.0,8695722780.0,0.0,car:8696077373:8695722780:0,117.02401514991665,126306878,Avenida Rodrigues da Fonseca,secondary,,,,,,,,,
baseline,47,high,leisure,car,car,car,4500.0,D_0003417,34,178,8695722780.0,1400518011.0,0.0,car:8695722780:1400518011:0,5.844040858877889,126306878,Avenida Rodrigues da Fonseca,secondary,,,,,,,,,
baseline,47,high,leisure,car,car,car,4500.0,D_0003417,35,178,1400518011.0,8584313568.0,0.0,car:1400518011:8584313568:0,39.42698748267191,924953511,Avenida João Salomoni,secondary,,,,,,,,,
baseline,47,high,leisure,car,car,car,4500.0,D_0003417,36,178,8584313568.0,8584313573.0,0.0,car:8584313568:8584313573:0,29.089830599754823,924952798,,secondary_link,,,,,,,,,
baseline,47,high,leisure,car,car,car,4500.0,D_0003417,37,178,8584313573.0,456636523.0,0.0,car:8584313573:456636523:0,61.48741201455703,287980425,Avenida Vicente Monteggia,secondary,,,,,,,,,
baseline,47,high,leisure,car,car,car,4500.0,D_0003417,38,178,456636523.0,2885707477.0,0.0,car:456636523:2885707477:0,133.78324370167397,287980425|462338948|462338949,Avenida Vicente Monteggia,secondary,,,,,,,,,
baseline,47,high,leisure,car,car,car,4500.0,D_0003417,39,178,2885707477.0,2885707482.0,0.0,car:2885707477:2885707482:0,16.145131814190407,287980423,Avenida Vicente Monteggia,secondary,,,,,,,,,
baseline,47,high,leisure,car,car,car,4500.0,D_0003417,40,178,2885707482.0,2885707433.0,0.0,car:2885707482:2885707433:0,9.480452804507738,287980424,Avenida Vicente Monteggia,secondary,,,,,,,,,
baseline,47,high,leisure,car,car,car,4500.0,D_0003417,41,178,2885707433.0,2885707484.0,0.0,car:2885707433:2885707484:0,32.77454344081171,287980422,Avenida Vicente Monteggia,secondary,,,,,,,,,
baseline,47,high,leisure,car,car,car,4500.0,D_0003417,42,178,2885707484.0,456636498.0,0.0,car:2885707484:456636498:0,107.62814245048446,327756342|327756343,Avenida Vicente Monteggia,secondary,,,,,,,,,
baseline,47,high,leisure,car,car,car,4500.0,D_0003417,43,178,456636498.0,456636485.0,0.0,car:456636498:456636485:0,174.7942390650581,284862869|327756343,Avenida Vicente Monteggia,secondary,,,,,,,,,
baseline,47,high,leisure,car,car,car,4500.0,D_0003417,44,178,456636485.0,456636469.0,0.0,car:456636485:456636469:0,119.34686411202455,284862869,Avenida Vicente Monteggia,secondary,,,,,,,,,
baseline,47,high,leisure,car,car,car,4500.0,D_0003417,45,178,456636469.0,456636459.0,0.0,car:456636469:456636459:0,189.68414556875086,284862869,Avenida Vicente Monteggia,secondary,,,,,,,,,
baseline,47,high,leisure,car,car,car,4500.0,D_0003417,46,178,456636459.0,477254745.0,0.0,car:456636459:477254745:0,84.45931875850623,284862869,Avenida Vicente Monteggia,secondary,,,,,,,,,
baseline,47,high,leisure,car,car,car,4500.0,D_0003417,47,178,477254745.0,8584373728.0,0.0,car:477254745:8584373728:0,18.63469583437278,356396274,Avenida Vicente Monteggia,secondary,,,,,,,,,
baseline,47,high,leisure,car,car,car,4500.0,D_0003417,48,178,8584373728.0,2541614149.0,0.0,car:8584373728:2541614149:0,112.53863789533341,356396274,Avenida Vicente Monteggia,secondary,,,,,,,,,
baseline,47,high,leisure,car,car,car,4500.0,D_0003417,49,178,2541614149.0,8721095849.0,0.0,car:2541614149:8721095849:0,144.45322928190453,356396274,Avenida Vicente Monteggia,secondary,,,,,,,,,
baseline,47,high,leisure,car,car,car,4500.0,D_0003417,50,178,8721095849.0,456636443.0,0.0,car:8721095849:456636443:0,190.59862264578595,356396274,Avenida Vicente Monteggia,secondary,,,,,,,,,
baseline,47,high,leisure,car,car,car,4500.0,D_0003417,51,178,456636443.0,456636440.0,0.0,car:456636443:456636440:0,21.05511526379391,356396274,Avenida Vicente Monteggia,secondary,,,,,,,,,
baseline,47,high,leisure,car,car,car,4500.0,D_0003417,52,178,456636440.0,477253379.0,0.0,car:456636440:477253379:0,60.14411338818066,356396274,Avenida Vicente Monteggia,secondary,,,,,,,,,
baseline,47,high,leisure,car,car,car,4500.0,D_0003417,53,178,477253379.0,477253522.0,0.0,car:477253379:477253522:0,72.14020657227593,356396274,Avenida Vicente Monteggia,secondary,,,,,,,,,
baseline,47,high,leisure,car,car,car,4500.0,D_0003417,54,178,477253522.0,477253464.0,0.0,car:477253522:477253464:0,75.1042402963031,356396274,Avenida Vicente Monteggia,secondary,,,,,,,,,
baseline,47,high,leisure,car,car,car,4500.0,D_0003417,55,178,477253464.0,8607241746.0,0.0,car:477253464:8607241746:0,23.228804810610036,356396274,Avenida Vicente Monteggia,secondary,,,,,,,,,
baseline,47,high,leisure,car,car,car,4500.0,D_0003417,56,178,8607241746.0,8607241754.0,0.0,car:8607241746:8607241754:0,140.22914928349132,356396274|927874356,Avenida Vicente Monteggia,secondary,,,,,,,,,
baseline,47,high,leisure,car,car,car,4500.0,D_0003417,57,178,8607241754.0,2165586309.0,0.0,car:8607241754:2165586309:0,20.222783068876048,188847972,Avenida Vicente Monteggia,secondary,,,,,,,,,
baseline,47,high,leisure,car,car,car,4500.0,D_0003417,58,178,2165586309.0,477252048.0,0.0,car:2165586309:477252048:0,17.29592947005426,188847972,Avenida Vicente Monteggia,secondary,,,,,,,,,
baseline,47,high,leisure,car,car,car,4500.0,D_0003417,59,178,477252048.0,8327434625.0,0.0,car:477252048:8327434625:0,334.8591363490606,927247732|1315943916|188847972,Avenida Vicente Monteggia,secondary,,,,,,,,,
baseline,47,high,leisure,car,car,car,4500.0,D_0003417,60,178,8327434625.0,8603182394.0,0.0,car:8327434625:8603182394:0,15.167386720788315,927247733,Avenida Vicente Monteggia,secondary,,,,,,,,,
baseline,47,high,leisure,car,car,car,4500.0,D_0003417,61,178,8603182394.0,8603182395.0,0.0,car:8603182394:8603182395:0,45.84765643196533,1315943915|1315943919,Avenida Vicente Monteggia,secondary,,,,,,,,,
baseline,47,high,leisure,car,car,car,4500.0,D_0003417,62,178,8603182395.0,4252896360.0,0.0,car:8603182395:4252896360:0,10.905828569366296,1315943918,Avenida Vicente Monteggia,secondary,,,,,,,,,
baseline,47,high,leisure,car,car,car,4500.0,D_0003417,63,178,4252896360.0,2131881499.0,0.0,car:4252896360:2131881499:0,217.18239902332257,288207547,Avenida Vicente Monteggia,secondary,,,,,,,,,
baseline,47,high,leisure,car,car,car,4500.0,D_0003417,64,178,2131881499.0,2131881495.0,0.0,car:2131881499:2131881495:0,211.50085032692343,288207547,Avenida Vicente Monteggia,secondary,,,,,,,,,
baseline,47,high,leisure,car,car,car,4500.0,D_0003417,65,178,2131881495.0,2917580697.0,0.0,car:2131881495:2917580697:0,146.88841939773437,288207547,Avenida Vicente Monteggia,secondary,,,,,,,,,
baseline,47,high,leisure,car,car,car,4500.0,D_0003417,66,178,2917580697.0,448034986.0,0.0,car:2917580697:448034986:0,52.415820811202394,288207548,Avenida Vicente Monteggia,secondary,,,,,,,,,
baseline,47,high,leisure,car,car,car,4500.0,D_0003417,67,178,448034986.0,6158983559.0,0.0,car:448034986:6158983559:0,263.30961221536927,38092282,Avenida Nonoai,primary,,,,,,,,,
baseline,47,high,leisure,car,car,car,4500.0,D_0003417,68,178,6158983559.0,4943881408.0,0.0,car:6158983559:4943881408:0,155.99618103917632,926818163|926818164|504209135,Avenida Nonoai,primary,,,,,,,,,
baseline,47,high,leisure,car,car,car,4500.0,D_0003417,69,178,4943881408.0,448035001.0,0.0,car:4943881408:448035001:0,260.0004352016722,504209134,Avenida Nonoai,primary,,,,,,,,,
baseline,47,high,leisure,car,car,car,4500.0,D_0003417,70,178,448035001.0,448035003.0,0.0,car:448035001:448035003:0,30.614134900374612,504209134,Avenida Nonoai,primary,,,,,,,,,
baseline,47,high,leisure,car,car,car,4500.0,D_0003417,71,178,448035003.0,1107041520.0,0.0,car:448035003:1107041520:0,213.57015910395197,504209134,Avenida Nonoai,primary,,,,,,,,,
baseline,47,high,leisure,car,car,car,4500.0,D_0003417,72,178,1107041520.0,2282736205.0,0.0,car:1107041520:2282736205:0,147.26463885691174,504209134,Avenida Nonoai,primary,,,,,,,,,
baseline,47,high,leisure,car,car,car,4500.0,D_0003417,73,178,2282736205.0,8720408269.0,0.0,car:2282736205:8720408269:0,78.23100058250883,219064576,Avenida Nonoai,primary,,,,,,,,,
baseline,47,high,leisure,car,car,car,4500.0,D_0003417,74,178,8720408269.0,448035009.0,0.0,car:8720408269:448035009:0,105.21440585406056,219064576,Avenida Nonoai,primary,,,,,,,,,
baseline,47,high,leisure,car,car,car,4500.0,D_0003417,75,178,448035009.0,1107041518.0,0.0,car:448035009:1107041518:0,182.4194809380761,219064576,Avenida Nonoai,primary,,,,,,,,,
baseline,47,high,leisure,car,car,car,4500.0,D_0003417,76,178,1107041518.0,8572513402.0,0.0,car:1107041518:8572513402:0,94.7402961297676,219064576,Avenida Nonoai,primary,,,,,,,,,
baseline,47,high,leisure,car,car,car,4500.0,D_0003417,77,178,8572513402.0,448035011.0,0.0,car:8572513402:448035011:0,41.18485605294531,219064576,Avenida Nonoai,primary,,,,,,,,,
baseline,47,high,leisure,car,car,car,4500.0,D_0003417,78,178,448035011.0,8572513403.0,0.0,car:448035011:8572513403:0,10.864896170425691,37741988,Avenida Teresópolis,primary,,,,,,,,,
baseline,47,high,leisure,car,car,car,4500.0,D_0003417,79,178,8572513403.0,1407319762.0,0.0,car:8572513403:1407319762:0,115.24382928750964,923502947|37741988,Avenida Teresópolis,primary,,,,,,,,,
baseline,47,high,leisure,car,car,car,4500.0,D_0003417,80,178,1407319762.0,448035034.0,0.0,car:1407319762:448035034:0,83.15367346235861,356396265,Avenida Teresópolis,primary,,,,,,,,,
baseline,47,high,leisure,car,car,car,4500.0,D_0003417,81,178,448035034.0,1024311075.0,0.0,car:448035034:1024311075:0,53.71710617832197,168522566,Avenida Teresópolis,primary,,,,,,,,,
baseline,47,high,leisure,car,car,car,4500.0,D_0003417,82,178,1024311075.0,1159301642.0,0.0,car:1024311075:1159301642:0,39.09309276627477,100297576,,primary_link,,,,,,,,,
baseline,47,high,leisure,car,car,car,4500.0,D_0003417,83,178,1159301642.0,1024310973.0,0.0,car:1159301642:1024310973:0,42.49430411615698,393912425,Rua Coronel João Pinto,tertiary,,,,,,,,,
baseline,47,high,leisure,car,car,car,4500.0,D_0003417,84,178,1024310973.0,1024311040.0,0.0,car:1024310973:1024311040:0,71.06977933662886,393912425,Rua Coronel João Pinto,tertiary,,,,,,,,,
baseline,47,high,leisure,car,car,car,4500.0,D_0003417,85,178,1024311040.0,442677773.0,0.0,car:1024311040:442677773:0,136.83082864203266,393912426,Rua Dário Totta,tertiary,,,,,,,,,
baseline,47,high,leisure,car,car,car,4500.0,D_0003417,86,178,442677773.0,2847490440.0,0.0,car:442677773:2847490440:0,35.98087094149879,280677446,Rua Dário Totta,tertiary,,,,,,,,,
baseline,47,high,leisure,car,car,car,4500.0,D_0003417,87,178,2847490440.0,868395954.0,0.0,car:2847490440:868395954:0,22.609480109161538,451653428,Rua Dário Totta,tertiary,,,,,,,,,
baseline,47,high,leisure,car,car,car,4500.0,D_0003417,88,178,868395954.0,1733390020.0,0.0,car:868395954:1733390020:0,58.92700174819519,280677451,Rua Sepé Tiarajú,tertiary,,,,,,,,,
baseline,47,high,leisure,car,car,car,4500.0,D_0003417,89,178,1733390020.0,477246085.0,0.0,car:1733390020:477246085:0,90.55939618506562,244997797,Rua Sepé Tiarajú,tertiary,,,,,,,,,
baseline,47,high,leisure,car,car,car,4500.0,D_0003417,90,178,477246085.0,583357819.0,0.0,car:477246085:583357819:0,331.32071926456246,451653570,Rua Sepé Tiarajú,tertiary,,,,,,,,,
baseline,47,high,leisure,car,car,car,4500.0,D_0003417,91,178,583357819.0,322022835.0,0.0,car:583357819:322022835:0,121.39635314098487,924426002|134816019|925345292,Rua Sepé Tiarajú,tertiary,,,,,,,,,
baseline,47,high,leisure,car,car,car,4500.0,D_0003417,92,178,322022835.0,8579633472.0,0.0,car:322022835:8579633472:0,52.834848261684215,220083153|925345287,Rua Sepé Tiarajú,tertiary,,,,,,,,,
baseline,47,high,leisure,car,car,car,4500.0,D_0003417,93,178,8579633472.0,322022751.0,0.0,car:8579633472:322022751:0,19.009826201242195,924431316,Rua Sepé Tiarajú,tertiary,,,,,,,,,
baseline,47,high,leisure,car,car,car,4500.0,D_0003417,94,178,322022751.0,583358101.0,0.0,car:322022751:583358101:0,39.854007717003306,924431316,Rua Sepé Tiarajú,tertiary,,,,,,,,,
baseline,47,high,leisure,car,car,car,4500.0,D_0003417,95,178,583358101.0,443341336.0,0.0,car:583358101:443341336:0,50.78738663008511,203432813,Rua Sepé Tiarajú,tertiary,,,,,,,,,
baseline,47,high,leisure,car,car,car,4500.0,D_0003417,96,178,443341336.0,5433533682.0,0.0,car:443341336:5433533682:0,65.24133145929002,203432813,Rua Sepé Tiarajú,tertiary,,,,,,,,,
baseline,47,high,leisure,car,car,car,4500.0,D_0003417,97,178,5433533682.0,322021967.0,0.0,car:5433533682:322021967:0,23.874378498150236,203432813,Rua Sepé Tiarajú,tertiary,,,,,,,,,
baseline,47,high,leisure,car,car,car,4500.0,D_0003417,98,178,322021967.0,583358094.0,0.0,car:322021967:583358094:0,63.90924729467635,203432813,Rua Sepé Tiarajú,tertiary,,,,,,,,,
baseline,47,high,leisure,car,car,car,4500.0,D_0003417,99,178,583358094.0,1733390017.0,0.0,car:583358094:1733390017:0,54.20937207527392,203432813,Rua Sepé Tiarajú,tertiary,,,,,,,,,
baseline,47,high,leisure,car,car,car,4500.0,D_0003417,100,178,1733390017.0,1733390015.0,0.0,car:1733390017:1733390015:0,113.38128765007178,203432813,Rua Sepé Tiarajú,tertiary,,,,,,,,,
baseline,47,high,leisure,car,car,car,4500.0,D_0003417,101,178,1733390015.0,9038650424.0,0.0,car:1733390015:9038650424:0,6.077908035281872,203432813,Rua Sepé Tiarajú,tertiary,,,,,,,,,
baseline,47,high,leisure,car,car,car,4500.0,D_0003417,102,178,9038650424.0,1733390014.0,0.0,car:9038650424:1733390014:0,97.10705638415702,203432813,Rua Sepé Tiarajú,tertiary,,,,,,,,,
baseline,47,high,leisure,car,car,car,4500.0,D_0003417,103,178,1733390014.0,322021625.0,0.0,car:1733390014:322021625:0,131.98090838011393,203432813,Rua Sepé Tiarajú,tertiary,,,,,,,,,
baseline,47,high,leisure,car,car,car,4500.0,D_0003417,104,178,322021625.0,3965885925.0,0.0,car:322021625:3965885925:0,65.33622606207652,775413103,Rua Sepé Tiarajú,tertiary,,,,,,,,,
baseline,47,high,leisure,car,car,car,4500.0,D_0003417,105,178,3965885925.0,314622552.0,0.0,car:3965885925:314622552:0,119.97138829259936,1290314569,Avenida Moab Caldas,secondary,,,,,,,,,
baseline,47,high,leisure,car,car,car,4500.0,D_0003417,106,178,314622552.0,7398521853.0,0.0,car:314622552:7398521853:0,190.3114472183512,134803011,Avenida Coronel Gastão Hasslocher Mazeron,secondary,,,,,,,,,
baseline,47,high,leisure,car,car,car,4500.0,D_0003417,107,178,7398521853.0,724370745.0,0.0,car:7398521853:724370745:0,9.515822996213542,541545663,Avenida Coronel Gastão Hasslocher Mazeron,secondary,,,,,,,,,
baseline,47,high,leisure,car,car,car,4500.0,D_0003417,108,178,724370745.0,724370753.0,0.0,car:724370745:724370753:0,237.80420320673633,541545663,Avenida Coronel Gastão Hasslocher Mazeron,secondary,,,,,,,,,
baseline,47,high,leisure,car,car,car,4500.0,D_0003417,109,178,724370753.0,724370780.0,0.0,car:724370753:724370780:0,78.45115357955882,451653521,Rua Oscar Schneider,tertiary,,,,,,,,,
baseline,47,high,leisure,car,car,car,4500.0,D_0003417,110,178,724370780.0,724370793.0,0.0,car:724370780:724370793:0,9.810512876394084,915333360,Rua Oscar Schneider,tertiary,,,,,,,,,
baseline,47,high,leisure,car,car,car,4500.0,D_0003417,111,178,724370793.0,711958643.0,0.0,car:724370793:711958643:0,239.67433556164985,927259258|134817634,Avenida Doutor Carlos Barbosa,tertiary,,,,,,,,,
baseline,47,high,leisure,car,car,car,4500.0,D_0003417,112,178,711958643.0,7738190248.0,0.0,car:711958643:7738190248:0,79.02961551691766,130695683,Avenida Doutor Carlos Barbosa,tertiary,,,,,,,,,
baseline,47,high,leisure,car,car,car,4500.0,D_0003417,113,178,7738190248.0,314621679.0,0.0,car:7738190248:314621679:0,86.21453776466805,28620841,Avenida Porto Alegre,tertiary,,,,,,,,,
baseline,47,high,leisure,car,car,car,4500.0,D_0003417,114,178,314621679.0,314621563.0,0.0,car:314621679:314621563:0,38.90100114031023,541856615,Avenida Porto Alegre,tertiary,,,,,,,,,
baseline,47,high,leisure,car,car,car,4500.0,D_0003417,115,178,314621563.0,445837053.0,0.0,car:314621563:445837053:0,83.86037398797491,28620835,Avenida Porto Alegre,tertiary,,,,,,,,,
baseline,47,high,leisure,car,car,car,4500.0,D_0003417,116,178,445837053.0,445837055.0,0.0,car:445837053:445837055:0,48.821777519968386,28620835,Avenida Porto Alegre,tertiary,,,,,,,,,
baseline,47,high,leisure,car,car,car,4500.0,D_0003417,117,178,445837055.0,314621528.0,0.0,car:445837055:314621528:0,63.716663971801864,28620835,Avenida Porto Alegre,tertiary,,,,,,,,,
baseline,47,high,leisure,car,car,car,4500.0,D_0003417,118,178,314621528.0,724371577.0,0.0,car:314621528:724371577:0,153.12910456789064,924841697|28620835,Avenida Porto Alegre,tertiary,,,,,,,,,
baseline,47,high,leisure,car,car,car,4500.0,D_0003417,119,178,724371577.0,724371744.0,0.0,car:724371577:724371744:0,45.36260467334258,500493291,Avenida Professor Oscar Pereira,secondary,,,,,,,,,
baseline,47,high,leisure,car,car,car,4500.0,D_0003417,120,178,724371744.0,9015117921.0,0.0,car:724371744:9015117921:0,228.09875869084138,131985984|924841695,Rua Guilherme Schell,tertiary,,,,,,,,,
baseline,47,high,leisure,car,car,car,4500.0,D_0003417,121,178,9015117921.0,9015057412.0,0.0,car:9015117921:9015057412:0,83.49398382741866,131985984,Rua Guilherme Schell,tertiary,,,,,,,,,
baseline,47,high,leisure,car,car,car,4500.0,D_0003417,122,178,9015057412.0,724370513.0,0.0,car:9015057412:724370513:0,62.80955520958891,131985984,Rua Guilherme Schell,tertiary,,,,,,,,,
baseline,47,high,leisure,car,car,car,4500.0,D_0003417,123,178,724370513.0,2184627619.0,0.0,car:724370513:2184627619:0,100.31107271948757,451653469,Rua Guilherme Schell,tertiary,,,,,,,,,
baseline,47,high,leisure,car,car,car,4500.0,D_0003417,124,178,2184627619.0,314621960.0,0.0,car:2184627619:314621960:0,154.38652243211337,451653469,Rua Guilherme Schell,tertiary,,,,,,,,,
baseline,47,high,leisure,car,car,car,4500.0,D_0003417,125,178,314621960.0,432610573.0,0.0,car:314621960:432610573:0,112.97973620214556,923961528|451653469,Rua Guilherme Schell,tertiary,,,,,,,,,
baseline,47,high,leisure,car,car,car,4500.0,D_0003417,126,178,432610573.0,3618664815.0,0.0,car:432610573:3618664815:0,5.586625409253421,223080053,Rua Guilherme Schell,tertiary,,,,,,,,,
baseline,47,high,leisure,car,car,car,4500.0,D_0003417,127,178,3618664815.0,1437738440.0,0.0,car:3618664815:1437738440:0,5.586625935410439,223080053,Rua Guilherme Schell,tertiary,,,,,,,,,
baseline,47,high,leisure,car,car,car,4500.0,D_0003417,128,178,1437738440.0,8584376573.0,0.0,car:1437738440:8584376573:0,111.96504265200194,356396383,Praça Jayme Telles,tertiary,,,,,,,,,
baseline,47,high,leisure,car,car,car,4500.0,D_0003417,129,178,8584376573.0,8584376572.0,0.0,car:8584376573:8584376572:0,10.32475443428882,924965859,Praça Jayme Telles,tertiary,,,,,,,,,
baseline,47,high,leisure,car,car,car,4500.0,D_0003417,130,178,8584376572.0,2378128974.0,0.0,car:8584376572:2378128974:0,71.8798816877432,451653560,Rua Santana,tertiary,,,,,,,,,
baseline,47,high,leisure,car,car,car,4500.0,D_0003417,131,178,2378128974.0,2378128949.0,0.0,car:2378128974:2378128949:0,99.55401094534488,288143109,Rua Santana,tertiary,,,,,,,,,
baseline,47,high,leisure,car,car,car,4500.0,D_0003417,132,178,2378128949.0,2378128939.0,0.0,car:2378128949:2378128939:0,99.34928610859609,288143109,Rua Santana,tertiary,,,,,,,,,
baseline,47,high,leisure,car,car,car,4500.0,D_0003417,133,178,2378128939.0,313256157.0,0.0,car:2378128939:313256157:0,154.33691069940906,913290428,Rua Domingos Crescêncio,residential,,,,,,,,,
baseline,47,high,leisure,car,car,car,4500.0,D_0003417,134,178,313256157.0,444099133.0,0.0,car:313256157:444099133:0,150.86380858984566,913290428,Rua Domingos Crescêncio,residential,,,,,,,,,
baseline,47,high,leisure,car,car,car,4500.0,D_0003417,135,178,444099133.0,2507346852.0,0.0,car:444099133:2507346852:0,149.55825332323857,134823968,Rua São Luiz,tertiary,,,,,,,,,
baseline,47,high,leisure,car,car,car,4500.0,D_0003417,136,178,2507346852.0,2519374395.0,0.0,car:2507346852:2519374395:0,85.09308928839151,27806406,Avenida Princesa Isabel,secondary,,,,,,,,,
baseline,47,high,leisure,car,car,car,4500.0,D_0003417,137,178,2519374395.0,2519374390.0,0.0,car:2519374395:2519374390:0,108.76668076608345,26985851,Rua São Manoel,secondary,,,,,,,,,
baseline,47,high,leisure,car,car,car,4500.0,D_0003417,138,178,2519374390.0,305310138.0,0.0,car:2519374390:305310138:0,129.40889893521293,470020271,Rua São Manoel,secondary,,,,,,,,,
baseline,47,high,leisure,car,car,car,4500.0,D_0003417,139,178,305310138.0,8586930346.0,0.0,car:305310138:8586930346:0,53.426109912764,470020271,Rua São Manoel,secondary,,,,,,,,,
baseline,47,high,leisure,car,car,car,4500.0,D_0003417,140,178,8586930346.0,2378128718.0,0.0,car:8586930346:2378128718:0,19.573234253406255,470020271,Rua São Manoel,secondary,,,,,,,,,
baseline,47,high,leisure,car,car,car,4500.0,D_0003417,141,178,2378128718.0,2378128678.0,0.0,car:2378128718:2378128678:0,51.73950712271482,930398534|229187777|41185902|229187774,,secondary,,,,,,,,,
baseline,47,high,leisure,car,car,car,4500.0,D_0003417,142,178,2378128678.0,616058979.0,0.0,car:2378128678:616058979:0,76.03991843784571,229491226,Rua Silva Só,secondary,,,,,,,,,
baseline,47,high,leisure,car,car,car,4500.0,D_0003417,143,178,616058979.0,2768814088.0,0.0,car:616058979:2768814088:0,9.608070126460596,561901680,Rua Silva Só,secondary,,,,,,,,,
baseline,47,high,leisure,car,car,car,4500.0,D_0003417,144,178,2768814088.0,314671371.0,0.0,car:2768814088:314671371:0,264.7499505302014,229187780|561901679,Rua Silva Só,secondary,,,,,,,,,
baseline,47,high,leisure,car,car,car,4500.0,D_0003417,145,178,314671371.0,296022914.0,0.0,car:314671371:296022914:0,435.6077263129702,29981640|125387827|419876805,Viaduto Tiradentes|Rua Silva Só|Rua Mariante,secondary,,,,,,,,,
baseline,47,high,leisure,car,car,car,4500.0,D_0003417,146,178,296022914.0,317714691.0,0.0,car:296022914:317714691:0,214.53713695229303,471504604,Rua Mariante,secondary,,,,,,,,,
baseline,47,high,leisure,car,car,car,4500.0,D_0003417,147,178,317714691.0,295747323.0,0.0,car:317714691:295747323:0,98.57167637912545,471504604,Rua Mariante,secondary,,,,,,,,,
baseline,47,high,leisure,car,car,car,4500.0,D_0003417,148,178,295747323.0,2657588724.0,0.0,car:295747323:2657588724:0,51.30731903358702,471504601,Rua Mariante,secondary,,,,,,,,,
baseline,47,high,leisure,car,car,car,4500.0,D_0003417,149,178,2657588724.0,2519374345.0,0.0,car:2657588724:2519374345:0,55.46684712446693,471504601,Rua Mariante,secondary,,,,,,,,,
baseline,47,high,leisure,car,car,car,4500.0,D_0003417,150,178,2519374345.0,2780582318.0,0.0,car:2519374345:2780582318:0,34.82265543969819,471504602,Rua Mariante,secondary,,,,,,,,,
baseline,47,high,leisure,car,car,car,4500.0,D_0003417,151,178,2780582318.0,2780582317.0,0.0,car:2780582318:2780582317:0,99.80664647422171,699915629,Avenida Goethe,secondary,,,,,,,,,
baseline,47,high,leisure,car,car,car,4500.0,D_0003417,152,178,2780582317.0,611925431.0,0.0,car:2780582317:611925431:0,143.84004803441618,125387829,Avenida Goethe,secondary,,,,,,,,,
baseline,47,high,leisure,car,car,car,4500.0,D_0003417,153,178,611925431.0,8612108862.0,0.0,car:611925431:8612108862:0,19.66881571766131,126623097,Avenida Goethe,secondary,,,,,,,,,
baseline,47,high,leisure,car,car,car,4500.0,D_0003417,154,178,8612108862.0,1403254542.0,0.0,car:8612108862:1403254542:0,100.15823432877202,126623097|928449178,Avenida Goethe,secondary,,,,,,,,,
baseline,47,high,leisure,car,car,car,4500.0,D_0003417,155,178,1403254542.0,611925443.0,0.0,car:1403254542:611925443:0,41.76956552193843,125387834,Avenida Goethe,secondary,,,,,,,,,
baseline,47,high,leisure,car,car,car,4500.0,D_0003417,156,178,611925443.0,611925614.0,0.0,car:611925443:611925614:0,99.8595894515932,929806589,Avenida Goethe,secondary,,,,,,,,,
baseline,47,high,leisure,car,car,car,4500.0,D_0003417,157,178,611925614.0,299846925.0,0.0,car:611925614:299846925:0,371.7504651369108,1467361674|203685164|1333390046,Avenida Goethe,secondary,,,,,,,,,
baseline,47,high,leisure,car,car,car,4500.0,D_0003417,158,178,299846925.0,299846943.0,0.0,car:299846925:299846943:0,58.88870626532607,27317800,Rua Doutor Timóteo,secondary,,,,,,,,,
baseline,47,high,leisure,car,car,car,4500.0,D_0003417,159,178,299846943.0,479083249.0,0.0,car:299846943:479083249:0,127.53179709073082,451653421,Rua Doutor Timóteo,secondary,,,,,,,,,
baseline,47,high,leisure,car,car,car,4500.0,D_0003417,160,178,479083249.0,479070924.0,0.0,car:479083249:479070924:0,118.18960198567417,125384258,Rua Doutor Timóteo,secondary,,,,,,,,,
baseline,47,high,leisure,car,car,car,4500.0,D_0003417,161,178,479070924.0,479070708.0,0.0,car:479070924:479070708:0,146.42575162670624,125384258,Rua Doutor Timóteo,secondary,,,,,,,,,
baseline,47,high,leisure,car,car,car,4500.0,D_0003417,162,178,479070708.0,479076649.0,0.0,car:479070708:479076649:0,141.01910037260078,125384258,Rua Doutor Timóteo,secondary,,,,,,,,,
baseline,47,high,leisure,car,car,car,4500.0,D_0003417,163,178,479076649.0,9003548059.0,0.0,car:479076649:9003548059:0,108.39368092934103,125384258,Rua Doutor Timóteo,secondary,,,,,,,,,
baseline,47,high,leisure,car,car,car,4500.0,D_0003417,164,178,9003548059.0,9003548061.0,0.0,car:9003548059:9003548061:0,36.54802319733998,125384258,Rua Doutor Timóteo,secondary,,,,,,,,,
baseline,47,high,leisure,car,car,car,4500.0,D_0003417,165,178,9003548061.0,837962077.0,0.0,car:9003548061:837962077:0,74.93370452111967,125384258,Rua Doutor Timóteo,secondary,,,,,,,,,
baseline,47,high,leisure,car,car,car,4500.0,D_0003417,166,178,837962077.0,837962079.0,0.0,car:837962077:837962079:0,11.09980903209772,131355315,Rua Doutor Timóteo,secondary,,,,,,,,,
baseline,47,high,leisure,car,car,car,4500.0,D_0003417,167,178,837962079.0,476459203.0,0.0,car:837962079:476459203:0,142.81683035081596,295041078,Rua Doutor Timóteo,tertiary,,,,,,,,,
baseline,47,high,leisure,car,car,car,4500.0,D_0003417,168,178,476459203.0,296023314.0,0.0,car:476459203:296023314:0,161.39609859560358,27145398,Avenida Chicago,residential,,,,,,,,,
baseline,47,high,leisure,car,car,car,4500.0,D_0003417,169,178,296023314.0,476459413.0,0.0,car:296023314:476459413:0,114.44025494530655,27006665,Avenida Paraná,residential,,,,,,,,,
baseline,47,high,leisure,car,car,car,4500.0,D_0003417,170,178,476459413.0,296023319.0,0.0,car:476459413:296023319:0,99.34867747901879,220054997,Avenida Paraná,residential,,,,,,,,,
baseline,47,high,leisure,car,car,car,4500.0,D_0003417,171,178,296023319.0,476459373.0,0.0,car:296023319:476459373:0,97.62799155786323,220054997,Avenida Paraná,residential,,,,,,,,,
baseline,47,high,leisure,car,car,car,4500.0,D_0003417,172,178,476459373.0,476459529.0,0.0,car:476459373:476459529:0,94.34238967548315,568609952,Avenida Paraná,residential,,,,,,,,,
baseline,47,high,leisure,car,car,car,4500.0,D_0003417,173,178,476459529.0,702155621.0,0.0,car:476459529:702155621:0,97.71110212909588,568609952,Avenida Paraná,residential,,,,,,,,,
baseline,47,high,leisure,car,car,car,4500.0,D_0003417,174,178,702155621.0,702155487.0,0.0,car:702155621:702155487:0,8.867528791934411,928474507,Avenida Paraná,residential,,,,,,,,,
baseline,47,high,leisure,car,car,car,4500.0,D_0003417,175,178,702155487.0,2511598004.0,0.0,car:702155487:2511598004:0,113.08623500403952,563064820,Avenida Paraná,residential,,,,,,,,,
baseline,47,high,leisure,car,car,car,4500.0,D_0003417,176,178,2511598004.0,2511598006.0,0.0,car:2511598004:2511598006:0,117.40754552610686,1284769614,Avenida Guido Mondin,residential,,,,,,,,,
baseline,47,high,leisure,car,car,car,4500.0,D_0003417,177,178,2511598006.0,661069231.0,0.0,car:2511598006:661069231:0,142.25184851147878,1284769614,Avenida Guido Mondin,residential,,,,,,,,,
baseline,49,middle,leisure,car,car,car,7877.0,D_0003726,0,45,481331783.0,593884232.0,0.0,car:481331783:593884232:0,257.38109887858303,29046938,Rua Major Hércules Gomes Limeira,residential,,,,,,,,,
baseline,49,middle,leisure,car,car,car,7877.0,D_0003726,1,45,593884232.0,481331791.0,0.0,car:593884232:481331791:0,67.21681462619183,451653484,Rua Joaquim Silveira,tertiary,,,,,,,,,
baseline,49,middle,leisure,car,car,car,7877.0,D_0003726,2,45,481331791.0,3703449152.0,0.0,car:481331791:3703449152:0,7.3893357651081,451653484,Rua Joaquim Silveira,tertiary,,,,,,,,,
baseline,49,middle,leisure,car,car,car,7877.0,D_0003726,3,45,3703449152.0,4666433520.0,0.0,car:3703449152:4666433520:0,61.74899487510301,451653484,Rua Joaquim Silveira,tertiary,,,,,,,,,
baseline,49,middle,leisure,car,car,car,7877.0,D_0003726,4,45,4666433520.0,319495600.0,0.0,car:4666433520:319495600:0,14.803640681884238,472631860,Rua Joaquim Silveira,tertiary,,,,,,,,,
baseline,49,middle,leisure,car,car,car,7877.0,D_0003726,5,45,319495600.0,2386874769.0,0.0,car:319495600:2386874769:0,136.2493077877404,130788635,Rua Joaquim Silveira,tertiary,,,,,,,,,
baseline,49,middle,leisure,car,car,car,7877.0,D_0003726,6,45,2386874769.0,2386874771.0,0.0,car:2386874769:2386874771:0,38.79601956866233,230158817|562569761,,primary_link,,,,,,,,,
baseline,49,middle,leisure,car,car,car,7877.0,D_0003726,7,45,2386874771.0,297131393.0,0.0,car:2386874771:297131393:0,203.9701250794532,925255820|472631821,Avenida Sertório,primary,,,,,,,,,
baseline,49,middle,leisure,car,car,car,7877.0,D_0003726,8,45,297131393.0,2429403300.0,0.0,car:297131393:2429403300:0,30.424527528108307,234810047,Avenida Sertório,primary,,,,,,,,,
baseline,49,middle,leisure,car,car,car,7877.0,D_0003726,9,45,2429403300.0,2515915431.0,0.0,car:2429403300:2515915431:0,137.3783587843273,230069274|925255819|230069276|562569758,Avenida Sertório,primary,,,,,,,,,
baseline,49,middle,leisure,car,car,car,7877.0,D_0003726,10,45,2515915431.0,2482970651.0,0.0,car:2515915431:2482970651:0,109.3800407415434,230069276,Avenida Sertório,primary,,,,,,,,,
baseline,49,middle,leisure,car,car,car,7877.0,D_0003726,11,45,2482970651.0,297131502.0,0.0,car:2482970651:297131502:0,181.9397494648079,394374169|327172218,Avenida Sertório,primary,,,,,,,,,
baseline,49,middle,leisure,car,car,car,7877.0,D_0003726,12,45,297131502.0,297131503.0,0.0,car:297131502:297131503:0,132.39751880772656,394374169,Avenida Sertório,primary,,,,,,,,,
baseline,49,middle,leisure,car,car,car,7877.0,D_0003726,13,45,297131503.0,694284279.0,0.0,car:297131503:694284279:0,149.34455513381198,394374169,Avenida Sertório,primary,,,,,,,,,
baseline,49,middle,leisure,car,car,car,7877.0,D_0003726,14,45,694284279.0,694284280.0,0.0,car:694284279:694284280:0,17.87670187342026,130788636,Avenida Sertório,primary,,,,,,,,,
baseline,49,middle,leisure,car,car,car,7877.0,D_0003726,15,45,694284280.0,694284275.0,0.0,car:694284280:694284275:0,12.834729486247767,371919790,Avenida Assis Brasil,primary,,,,,,,,,
baseline,49,middle,leisure,car,car,car,7877.0,D_0003726,16,45,694284275.0,3754635764.0,0.0,car:694284275:3754635764:0,74.53489066634167,130788634,Avenida Assis Brasil,primary,,,,,,,,,
baseline,49,middle,leisure,car,car,car,7877.0,D_0003726,17,45,3754635764.0,321026291.0,0.0,car:3754635764:321026291:0,267.4431683900399,130788634|924860661,Avenida Assis Brasil,primary,,,,,,,,,
baseline,49,middle,leisure,car,car,car,7877.0,D_0003726,18,45,321026291.0,320162223.0,0.0,car:321026291:320162223:0,218.22474362117782,923951955,Avenida Assis Brasil,primary,,,,,,,,,
baseline,49,middle,leisure,car,car,car,7877.0,D_0003726,19,45,320162223.0,297826261.0,0.0,car:320162223:297826261:0,11.92185466441611,923929964,Avenida Assis Brasil,primary,,,,,,,,,
baseline,49,middle,leisure,car,car,car,7877.0,D_0003726,20,45,297826261.0,320162193.0,0.0,car:297826261:320162193:0,68.01958169470554,923929964,Avenida Assis Brasil,primary,,,,,,,,,
baseline,49,middle,leisure,car,car,car,7877.0,D_0003726,21,45,320162193.0,8117171483.0,0.0,car:320162193:8117171483:0,117.50172108946336,413366217,Avenida Assis Brasil,primary,,,,,,,,,
baseline,49,middle,leisure,car,car,car,7877.0,D_0003726,22,45,8117171483.0,4259140199.0,0.0,car:8117171483:4259140199:0,65.75786817381936,871467504,Avenida Francisco Silveira Bitencourt,secondary,,,,,,,,,
baseline,49,middle,leisure,car,car,car,7877.0,D_0003726,23,45,4259140199.0,746978193.0,0.0,car:4259140199:746978193:0,170.8268723450676,222296309,Avenida Francisco Silveira Bitencourt,secondary,,,,,,,,,
baseline,49,middle,leisure,car,car,car,7877.0,D_0003726,24,45,746978193.0,320160576.0,0.0,car:746978193:320160576:0,350.3409593799785,222296309,Avenida Francisco Silveira Bitencourt,secondary,,,,,,,,,
baseline,49,middle,leisure,car,car,car,7877.0,D_0003726,25,45,320160576.0,2312774631.0,0.0,car:320160576:2312774631:0,38.21425395897739,99431437,Avenida Francisco Silveira Bitencourt,secondary,,,,,,,,,
baseline,49,middle,leisure,car,car,car,7877.0,D_0003726,26,45,2312774631.0,2312780518.0,0.0,car:2312774631:2312780518:0,17.591704299874742,99431437,Avenida Francisco Silveira Bitencourt,secondary,,,,,,,,,
baseline,49,middle,leisure,car,car,car,7877.0,D_0003726,27,45,2312780518.0,320162678.0,0.0,car:2312780518:320162678:0,18.297162183023847,99431437,Avenida Francisco Silveira Bitencourt,secondary,,,,,,,,,
baseline,49,middle,leisure,car,car,car,7877.0,D_0003726,28,45,320162678.0,321398288.0,0.0,car:320162678:321398288:0,16.23627748815801,777563971,Avenida Francisco Silveira Bitencourt,secondary,,,,,,,,,
baseline,49,middle,leisure,car,car,car,7877.0,D_0003726,29,45,321398288.0,1150051040.0,0.0,car:321398288:1150051040:0,25.828815072047064,777563973,Avenida Francisco Silveira Bitencourt,secondary,,,,,,,,,
baseline,49,middle,leisure,car,car,car,7877.0,D_0003726,30,45,1150051040.0,320160573.0,0.0,car:1150051040:320160573:0,45.68219888466426,777563972,Avenida Francisco Silveira Bitencourt,secondary,,,,,,,,,
baseline,49,middle,leisure,car,car,car,7877.0,D_0003726,31,45,320160573.0,8527152049.0,0.0,car:320160573:8527152049:0,230.9954668701688,1135509396|356396015,Avenida Francisco Silveira Bitencourt,secondary,,,,,,,,,
baseline,49,middle,leisure,car,car,car,7877.0,D_0003726,32,45,8527152049.0,320160568.0,0.0,car:8527152049:320160568:0,68.80254957760155,356396015,Avenida Francisco Silveira Bitencourt,secondary,,,,,,,,,
baseline,49,middle,leisure,car,car,car,7877.0,D_0003726,33,45,320160568.0,320160565.0,0.0,car:320160568:320160565:0,245.68480849835575,356396015,Avenida Francisco Silveira Bitencourt,secondary,,,,,,,,,
baseline,49,middle,leisure,car,car,car,7877.0,D_0003726,34,45,320160565.0,320044915.0,0.0,car:320160565:320044915:0,284.50378296045244,418997895,Avenida Francisco Silveira Bitencourt,secondary,,,,,,,,,
baseline,49,middle,leisure,car,car,car,7877.0,D_0003726,35,45,320044915.0,320045525.0,0.0,car:320044915:320045525:0,49.817648997966685,418997896,Avenida Francisco Silveira Bitencourt,secondary,,,,,,,,,
baseline,49,middle,leisure,car,car,car,7877.0,D_0003726,36,45,320045525.0,1439830359.0,0.0,car:320045525:1439830359:0,66.25308396908491,418997894,,secondary_link,,,,,,,,,
baseline,49,middle,leisure,car,car,car,7877.0,D_0003726,37,45,1439830359.0,4191950662.0,0.0,car:1439830359:4191950662:0,11.769368343412957,29096166,Avenida Plínio Kroeff,secondary,,,,,,,,,
baseline,49,middle,leisure,car,car,car,7877.0,D_0003726,38,45,4191950662.0,320044954.0,0.0,car:4191950662:320044954:0,25.333469334222528,962974806,Avenida Plínio Kroeff,secondary,,,,,,,,,
baseline,49,middle,leisure,car,car,car,7877.0,D_0003726,39,45,320044954.0,664273755.0,0.0,car:320044954:664273755:0,321.7770941268175,924832313|29096162,Avenida Francisco Silveira Bitencourt,secondary,,,,,,,,,
baseline,49,middle,leisure,car,car,car,7877.0,D_0003726,40,45,664273755.0,6159784070.0,0.0,car:664273755:6159784070:0,66.06696249141147,356395833,Avenida Bernardino Silveira Amorim,secondary,,,,,,,,,
baseline,49,middle,leisure,car,car,car,7877.0,D_0003726,41,45,6159784070.0,9011679317.0,0.0,car:6159784070:9011679317:0,20.798512159595543,973762147,Avenida Bernardino Silveira Pastoriza,secondary,,,,,,,,,
baseline,49,middle,leisure,car,car,car,7877.0,D_0003726,42,45,9011679317.0,890868376.0,0.0,car:9011679317:890868376:0,38.094628552780854,130807800,Avenida Bernardino Silveira Pastoriza,secondary,,,,,,,,,
baseline,49,middle,leisure,car,car,car,7877.0,D_0003726,43,45,890868376.0,890868374.0,0.0,car:890868376:890868374:0,55.75641737665626,29096582,Rua Julia Dib,residential,,,,,,,,,
baseline,49,middle,leisure,car,car,car,7877.0,D_0003726,44,45,890868374.0,890868372.0,0.0,car:890868374:890868372:0,34.60318521985804,29096582,Rua Julia Dib,residential,,,,,,,,,
baseline,52,high,work,walk,walk,walk,4101.0,D_0009955,0,58,1398724836.0,443403296.0,0.0,walk:1398724836:443403296:0,81.13348911472387,451653553,Rua Quintino Bocaiúva,tertiary,,,,,,,,,
baseline,52,high,work,walk,walk,walk,4101.0,D_0009955,1,58,443403296.0,612722066.0,0.0,walk:443403296:612722066:0,94.65984543214711,451653552,Rua Quintino Bocaiúva,tertiary,,,,,,,,,
baseline,52,high,work,walk,walk,walk,4101.0,D_0009955,2,58,612722066.0,443403303.0,0.0,walk:612722066:443403303:0,106.37860151603388,420033707,Rua Casemiro de Abreu,tertiary,,,,,,,,,
baseline,52,high,work,walk,walk,walk,4101.0,D_0009955,3,58,443403303.0,4465459974.0,0.0,walk:443403303:4465459974:0,198.90131170824782,39196790,Rua Coronel Bordini,tertiary,,,,,,,,,
baseline,52,high,work,walk,walk,walk,4101.0,D_0009955,4,58,4465459974.0,1271651169.0,0.0,walk:4465459974:1271651169:0,12.476716008251161,39196790,Rua Coronel Bordini,tertiary,,,,,,,,,
baseline,52,high,work,walk,walk,walk,4101.0,D_0009955,5,58,1271651169.0,489907431.0,0.0,walk:1271651169:489907431:0,144.64993073589628,111662754,Rua Vicente da Fontoura,tertiary,,,,,,,,,
baseline,52,high,work,walk,walk,walk,4101.0,D_0009955,6,58,489907431.0,489907404.0,0.0,walk:489907431:489907404:0,128.49135948963172,111662754,Rua Vicente da Fontoura,tertiary,,,,,,,,,
baseline,52,high,work,walk,walk,walk,4101.0,D_0009955,7,58,489907404.0,444910610.0,0.0,walk:489907404:444910610:0,129.98527431906325,926887680|27572899,Rua Passo da Pátria,tertiary,,,,,,,,,
baseline,52,high,work,walk,walk,walk,4101.0,D_0009955,8,58,444910610.0,321234176.0,0.0,walk:444910610:321234176:0,88.12499108349269,229021785,Avenida Coronel Lucas de Oliveira,tertiary,,,,,,,,,
baseline,52,high,work,walk,walk,walk,4101.0,D_0009955,9,58,321234176.0,316035104.0,0.0,walk:321234176:316035104:0,70.50498373380515,189621987,Avenida Coronel Lucas de Oliveira,tertiary,,,,,,,,,
baseline,52,high,work,walk,walk,walk,4101.0,D_0009955,10,58,316035104.0,316035128.0,0.0,walk:316035104:316035128:0,34.571528618508914,229038400,Avenida Coronel Lucas de Oliveira,secondary,,,,,,,,,
baseline,52,high,work,walk,walk,walk,4101.0,D_0009955,11,58,316035128.0,316035126.0,0.0,walk:316035128:316035126:0,107.328188818437,229038400,Avenida Coronel Lucas de Oliveira,secondary,,,,,,,,,
baseline,52,high,work,walk,walk,walk,4101.0,D_0009955,12,58,316035126.0,8599835961.0,0.0,walk:316035126:8599835961:0,29.067308774319734,926783671,Avenida Protásio Alves,primary,,,,,,,,,
baseline,52,high,work,walk,walk,walk,4101.0,D_0009955,13,58,8599835961.0,295519996.0,0.0,walk:8599835961:295519996:0,240.01945535728146,356396139|926783671,Avenida Protásio Alves,primary,,,,,,,,,
baseline,52,high,work,walk,walk,walk,4101.0,D_0009955,14,58,295519996.0,2527527061.0,0.0,walk:295519996:2527527061:0,57.28437991934834,356396139,Avenida Protásio Alves,primary,,,,,,,,,
baseline,52,high,work,walk,walk,walk,4101.0,D_0009955,15,58,2527527061.0,295519336.0,0.0,walk:2527527061:295519336:0,127.9426442054611,356396139,Avenida Protásio Alves,primary,,,,,,,,,
baseline,52,high,work,walk,walk,walk,4101.0,D_0009955,16,58,295519336.0,3618664641.0,0.0,walk:295519336:3618664641:0,65.65008458916192,356396139,Avenida Protásio Alves,primary,,,,,,,,,
baseline,52,high,work,walk,walk,walk,4101.0,D_0009955,17,58,3618664641.0,3618664643.0,0.0,walk:3618664641:3618664643:0,30.538438593601786,356397251,,busway,,,,,,,,,
baseline,52,high,work,walk,walk,walk,4101.0,D_0009955,18,58,3618664643.0,2527527222.0,0.0,walk:3618664643:2527527222:0,60.34121598038626,356397888,Corredor de Transporte Coletivo Protásio Alves,busway,,,,,,,,,
baseline,52,high,work,walk,walk,walk,4101.0,D_0009955,19,58,2527527222.0,3618664655.0,0.0,walk:2527527222:3618664655:0,61.94923261759638,356397888,Corredor de Transporte Coletivo Protásio Alves,busway,,,,,,,,,
baseline,52,high,work,walk,walk,walk,4101.0,D_0009955,20,58,3618664655.0,312744002.0,0.0,walk:3618664655:312744002:0,48.83695717896159,356397472,,busway,,,,,,,,,
baseline,52,high,work,walk,walk,walk,4101.0,D_0009955,21,58,312744002.0,312744003.0,0.0,walk:312744002:312744003:0,85.07402754295366,356396155,Avenida Protásio Alves,primary,,,,,,,,,
baseline,52,high,work,walk,walk,walk,4101.0,D_0009955,22,58,312744003.0,312744001.0,0.0,walk:312744003:312744001:0,83.5493179373764,164953731,Avenida Protásio Alves,primary,,,,,,,,,
baseline,52,high,work,walk,walk,walk,4101.0,D_0009955,23,58,312744001.0,312744057.0,0.0,walk:312744001:312744057:0,82.80582523862353,164953731,Avenida Protásio Alves,primary,,,,,,,,,
baseline,52,high,work,walk,walk,walk,4101.0,D_0009955,24,58,312744057.0,295520164.0,0.0,walk:312744057:295520164:0,41.40978462065107,164953731,Avenida Protásio Alves,primary,,,,,,,,,
baseline,52,high,work,walk,walk,walk,4101.0,D_0009955,25,58,295520164.0,312744145.0,0.0,walk:295520164:312744145:0,46.96352780661521,477174191,Avenida Protásio Alves,primary,,,,,,,,,
baseline,52,high,work,walk,walk,walk,4101.0,D_0009955,26,58,312744145.0,312740149.0,0.0,walk:312744145:312740149:0,88.76401610700674,38483831,Rua Barão do Amazonas,tertiary,,,,,,,,,
baseline,52,high,work,walk,walk,walk,4101.0,D_0009955,27,58,312740149.0,312740148.0,0.0,walk:312740149:312740148:0,81.1402019165856,27370632,Rua Dona Lúcia,tertiary,,,,,,,,,
baseline,52,high,work,walk,walk,walk,4101.0,D_0009955,28,58,312740148.0,1733341818.0,0.0,walk:312740148:1733341818:0,47.107747445331995,27370632,Rua Dona Lúcia,tertiary,,,,,,,,,
baseline,52,high,work,walk,walk,walk,4101.0,D_0009955,29,58,1733341818.0,2052729071.0,0.0,walk:1733341818:2052729071:0,64.43356473849937,451653446,Rua Felizardo Furtado,tertiary,,,,,,,,,
baseline,52,high,work,walk,walk,walk,4101.0,D_0009955,30,58,2052729071.0,6262742574.0,0.0,walk:2052729071:6262742574:0,48.42112653763476,27370591,Rua Mariz e Barros,tertiary,,,,,,,,,
baseline,52,high,work,walk,walk,walk,4101.0,D_0009955,31,58,6262742574.0,300466389.0,0.0,walk:6262742574:300466389:0,20.720945218563124,27370591,Rua Mariz e Barros,tertiary,,,,,,,,,
baseline,52,high,work,walk,walk,walk,4101.0,D_0009955,32,58,300466389.0,6262742572.0,0.0,walk:300466389:6262742572:0,16.427844497473494,27370591,Rua Mariz e Barros,tertiary,,,,,,,,,
baseline,52,high,work,walk,walk,walk,4101.0,D_0009955,33,58,6262742572.0,2052729068.0,0.0,walk:6262742572:2052729068:0,59.306211882198056,27370591,Rua Mariz e Barros,tertiary,,,,,,,,,
baseline,52,high,work,walk,walk,walk,4101.0,D_0009955,34,58,2052729068.0,312896159.0,0.0,walk:2052729068:312896159:0,157.96501785719934,27370597,Rua Mariz e Barros,residential,,,,,,,,,
baseline,52,high,work,walk,walk,walk,4101.0,D_0009955,35,58,312896159.0,312896162.0,0.0,walk:312896159:312896162:0,91.15057916580726,27370599,Rua Camerino,residential,,,,,,,,,
baseline,52,high,work,walk,walk,walk,4101.0,D_0009955,36,58,312896162.0,312896562.0,0.0,walk:312896162:312896562:0,170.15619190732724,27370579,Rua Saicã,tertiary,,,,,,,,,
baseline,52,high,work,walk,walk,walk,4101.0,D_0009955,37,58,312896562.0,2780794328.0,0.0,walk:312896562:2780794328:0,41.99884353188059,326126535,Rua Professor Ivo Corseuil,tertiary,,,,,,,,,
baseline,52,high,work,walk,walk,walk,4101.0,D_0009955,38,58,2780794328.0,307525782.0,0.0,walk:2780794328:307525782:0,29.305864568194114,925274522,Rua Professor Ivo Corseuil,tertiary,,,,,,,,,
baseline,52,high,work,walk,walk,walk,4101.0,D_0009955,39,58,307525782.0,1145769409.0,0.0,walk:307525782:1145769409:0,12.468508100617179,161723359,Rua Doutor José Carvalho Bernardes,tertiary,,,,,,,,,
baseline,52,high,work,walk,walk,walk,4101.0,D_0009955,40,58,1145769409.0,2511598529.0,0.0,walk:1145769409:2511598529:0,12.47787754469611,161723359,Rua Doutor José Carvalho Bernardes,tertiary,,,,,,,,,
baseline,52,high,work,walk,walk,walk,4101.0,D_0009955,41,58,2511598529.0,8587162754.0,0.0,walk:2511598529:8587162754:0,33.680923697717276,1300586522,Rua Doutor José Carvalho Bernardes,tertiary,,,,,,,,,
baseline,52,high,work,walk,walk,walk,4101.0,D_0009955,42,58,8587162754.0,2511598540.0,0.0,walk:8587162754:2511598540:0,49.42909706754951,27370947,Rua Doutor José Carvalho Bernardes,tertiary,,,,,,,,,
baseline,52,high,work,walk,walk,walk,4101.0,D_0009955,43,58,2511598540.0,306711274.0,0.0,walk:2511598540:306711274:0,13.886684525881446,1327278242,Rua Doutor José Carvalho Bernardes,tertiary,,,,,,,,,
baseline,52,high,work,walk,walk,walk,4101.0,D_0009955,44,58,306711274.0,8584921681.0,0.0,walk:306711274:8584921681:0,59.06404943620661,924959021,Rua Engenheiro Antônio Carlos Tibiriçá,tertiary,,,,,,,,,
baseline,52,high,work,walk,walk,walk,4101.0,D_0009955,45,58,8584921681.0,2964779551.0,0.0,walk:8584921681:2964779551:0,82.2672725137412,924959021,Rua Engenheiro Antônio Carlos Tibiriçá,tertiary,,,,,,,,,
baseline,52,high,work,walk,walk,walk,4101.0,D_0009955,46,58,2964779551.0,9034515646.0,0.0,walk:2964779551:9034515646:0,96.38050073578849,924959021,Rua Engenheiro Antônio Carlos Tibiriçá,tertiary,,,,,,,,,
baseline,52,high,work,walk,walk,walk,4101.0,D_0009955,47,58,9034515646.0,2964779553.0,0.0,walk:9034515646:2964779553:0,90.14056368568394,924959021,Rua Engenheiro Antônio Carlos Tibiriçá,tertiary,,,,,,,,,
baseline,52,high,work,walk,walk,walk,4101.0,D_0009955,48,58,2964779553.0,295518832.0,0.0,walk:2964779553:295518832:0,137.32637684621727,924959021,Rua Engenheiro Antônio Carlos Tibiriçá,tertiary,,,,,,,,,
baseline,52,high,work,walk,walk,walk,4101.0,D_0009955,49,58,295518832.0,2385960227.0,0.0,walk:295518832:2385960227:0,66.9131008366046,451653546,Rua Professor Cristiano Fischer,secondary,,,,,,,,,
baseline,52,high,work,walk,walk,walk,4101.0,D_0009955,50,58,2385960227.0,2323718959.0,0.0,walk:2385960227:2323718959:0,13.701949834062404,223470538,,secondary_link,,,,,,,,,
baseline,52,high,work,walk,walk,walk,4101.0,D_0009955,51,58,2323718959.0,295514288.0,0.0,walk:2323718959:295514288:0,18.289976257837296,926885890,Rua Professor Cristiano Fischer,secondary,,,,,,,,,
baseline,52,high,work,walk,walk,walk,4101.0,D_0009955,52,58,295514288.0,295514285.0,0.0,walk:295514288:295514285:0,86.63492549970653,926885890,Rua Professor Cristiano Fischer,secondary,,,,,,,,,
baseline,52,high,work,walk,walk,walk,4101.0,D_0009955,53,58,295514285.0,295514282.0,0.0,walk:295514285:295514282:0,72.28520369184031,926885890,Rua Professor Cristiano Fischer,secondary,,,,,,,,,
baseline,52,high,work,walk,walk,walk,4101.0,D_0009955,54,58,295514282.0,295514280.0,0.0,walk:295514282:295514280:0,77.5477891310588,926885890,Rua Professor Cristiano Fischer,secondary,,,,,,,,,
baseline,52,high,work,walk,walk,walk,4101.0,D_0009955,55,58,295514280.0,12384332441.0,0.0,walk:295514280:12384332441:0,72.80918408614717,924954956,Rua Professor Cristiano Fischer,secondary,,,,,,,,,
baseline,52,high,work,walk,walk,walk,4101.0,D_0009955,56,58,12384332441.0,295514279.0,0.0,walk:12384332441:295514279:0,13.71121960730055,924954956,Rua Professor Cristiano Fischer,secondary,,,,,,,,,
baseline,52,high,work,walk,walk,walk,4101.0,D_0009955,57,58,295514279.0,12384332434.0,0.0,walk:295514279:12384332434:0,13.831310210634674,924954957,Rua Professor Cristiano Fischer,secondary,,,,,,,,,
baseline,54,high,shopping,car,car,car,4044.0,D_0007684,0,52,319530529.0,313255651.0,0.0,car:319530529:313255651:0,107.25836527773515,562353054,Rua São Manoel,tertiary,,,,,,,,,
baseline,54,high,shopping,car,car,car,4044.0,D_0007684,1,52,313255651.0,444096688.0,0.0,car:313255651:444096688:0,85.06326227478255,563171279,Rua São Manoel,tertiary,,,,,,,,,
baseline,54,high,shopping,car,car,car,4044.0,D_0007684,2,52,444096688.0,444096265.0,0.0,car:444096688:444096265:0,85.92045477702136,699797009,Rua São Manoel,tertiary,,,,,,,,,
baseline,54,high,shopping,car,car,car,4044.0,D_0007684,3,52,444096265.0,832647447.0,0.0,car:444096265:832647447:0,82.67251663315255,563171280,Rua Doutor Lossio,tertiary,,,,,,,,,
baseline,54,high,shopping,car,car,car,4044.0,D_0007684,4,52,832647447.0,1076952983.0,0.0,car:832647447:1076952983:0,79.97687784773103,563171280,Rua Doutor Lossio,tertiary,,,,,,,,,
baseline,54,high,shopping,car,car,car,4044.0,D_0007684,5,52,1076952983.0,444095581.0,0.0,car:1076952983:444095581:0,84.42303271389228,563171280,Rua Doutor Lossio,tertiary,,,,,,,,,
baseline,54,high,shopping,car,car,car,4044.0,D_0007684,6,52,444095581.0,444095583.0,0.0,car:444095581:444095583:0,82.5090703825671,219151151,Rua Doutor Lossio,tertiary,,,,,,,,,
baseline,54,high,shopping,car,car,car,4044.0,D_0007684,7,52,444095583.0,313255571.0,0.0,car:444095583:313255571:0,203.58498134123602,229293539,Rua Veríssimo Rosa,tertiary,,,,,,,,,
baseline,54,high,shopping,car,car,car,4044.0,D_0007684,8,52,313255571.0,3618664961.0,0.0,car:313255571:3618664961:0,6.521467601721231,223080055,Rua Veríssimo Rosa,tertiary,,,,,,,,,
baseline,54,high,shopping,car,car,car,4044.0,D_0007684,9,52,3618664961.0,4237616008.0,0.0,car:3618664961:4237616008:0,75.04242906656927,356397578,Corredor de Transporte Coletivo Bento Gonçalves,busway,,,,,,,,,
baseline,54,high,shopping,car,car,car,4044.0,D_0007684,10,52,4237616008.0,3618665023.0,0.0,car:4237616008:3618665023:0,79.19983968645545,541933567,Corredor de Transporte Coletivo Bento Gonçalves,busway,,,,,,,,,
baseline,54,high,shopping,car,car,car,4044.0,D_0007684,11,52,3618665023.0,3618665061.0,0.0,car:3618665023:3618665061:0,194.34837138661834,356398046,Corredor de Transporte Coletivo Bento Gonçalves,busway,,,,,,,,,
baseline,54,high,shopping,car,car,car,4044.0,D_0007684,12,52,3618665061.0,312787377.0,0.0,car:3618665061:312787377:0,92.9506475010563,356397324,,busway,,,,,,,,,
baseline,54,high,shopping,car,car,car,4044.0,D_0007684,13,52,312787377.0,1093006668.0,0.0,car:312787377:1093006668:0,95.56300671673999,132241572,Avenida Bento Gonçalves,primary,,,,,,,,,
baseline,54,high,shopping,car,car,car,4044.0,D_0007684,14,52,1093006668.0,294902992.0,0.0,car:1093006668:294902992:0,118.26104217092367,132241572,Avenida Bento Gonçalves,primary,,,,,,,,,
baseline,54,high,shopping,car,car,car,4044.0,D_0007684,15,52,294902992.0,294902993.0,0.0,car:294902992:294902993:0,94.16113771971958,923967657,Avenida Bento Gonçalves,primary,,,,,,,,,
baseline,54,high,shopping,car,car,car,4044.0,D_0007684,16,52,294902993.0,294901827.0,0.0,car:294902993:294901827:0,95.89195244013138,923967658,Avenida Bento Gonçalves,primary,,,,,,,,,
baseline,54,high,shopping,car,car,car,4044.0,D_0007684,17,52,294901827.0,294901829.0,0.0,car:294901827:294901829:0,100.27705117344584,1290440232|923967658,Avenida Bento Gonçalves,primary,,,,,,,,,
baseline,54,high,shopping,car,car,car,4044.0,D_0007684,18,52,294901829.0,294902996.0,0.0,car:294901829:294902996:0,104.62196611554828,1290440232,Avenida Bento Gonçalves,primary,,,,,,,,,
baseline,54,high,shopping,car,car,car,4044.0,D_0007684,19,52,294902996.0,8576975976.0,0.0,car:294902996:8576975976:0,105.22629110419253,128308542,Avenida Bento Gonçalves,primary,,,,,,,,,
baseline,54,high,shopping,car,car,car,4044.0,D_0007684,20,52,8576975976.0,3618665201.0,0.0,car:8576975976:3618665201:0,46.68186228894755,128308542,Avenida Bento Gonçalves,primary,,,,,,,,,
baseline,54,high,shopping,car,car,car,4044.0,D_0007684,21,52,3618665201.0,294903002.0,0.0,car:3618665201:294903002:0,124.78263310875354,128308542,Avenida Bento Gonçalves,primary,,,,,,,,,
baseline,54,high,shopping,car,car,car,4044.0,D_0007684,22,52,294903002.0,2190595278.0,0.0,car:294903002:2190595278:0,152.08503580958956,205645218,Avenida Bento Gonçalves,primary,,,,,,,,,
baseline,54,high,shopping,car,car,car,4044.0,D_0007684,23,52,2190595278.0,1093006763.0,0.0,car:2190595278:1093006763:0,53.49794620978635,208796521,Rua Tenente Alpoim,tertiary,,,,,,,,,
baseline,54,high,shopping,car,car,car,4044.0,D_0007684,24,52,1093006763.0,2190595295.0,0.0,car:1093006763:2190595295:0,52.060015875023424,208796517,Rua Tenente Alpoim,tertiary,,,,,,,,,
baseline,54,high,shopping,car,car,car,4044.0,D_0007684,25,52,2190595295.0,473697482.0,0.0,car:2190595295:473697482:0,228.91274156674945,208796517,Rua Tenente Alpoim,tertiary,,,,,,,,,
baseline,54,high,shopping,car,car,car,4044.0,D_0007684,26,52,473697482.0,473697479.0,0.0,car:473697482:473697479:0,159.73193040078706,37017139,Rua Tenente Alpoim,tertiary,,,,,,,,,
baseline,54,high,shopping,car,car,car,4044.0,D_0007684,27,52,473697479.0,430533243.0,0.0,car:473697479:430533243:0,94.12347179242084,37017139,Rua Tenente Alpoim,tertiary,,,,,,,,,
baseline,54,high,shopping,car,car,car,4044.0,D_0007684,28,52,430533243.0,2440864737.0,0.0,car:430533243:2440864737:0,53.23843371701721,37017138,Rua Tenente Alpoim,tertiary,,,,,,,,,
baseline,54,high,shopping,car,car,car,4044.0,D_0007684,29,52,2440864737.0,434835095.0,0.0,car:2440864737:434835095:0,22.942577981132338,37017138,Rua Tenente Alpoim,tertiary,,,,,,,,,
baseline,54,high,shopping,car,car,car,4044.0,D_0007684,30,52,434835095.0,434834893.0,0.0,car:434835095:434834893:0,88.92106620482717,37309062,Avenida Luiz Moschetti,tertiary,,,,,,,,,
baseline,54,high,shopping,car,car,car,4044.0,D_0007684,31,52,434834893.0,434835068.0,0.0,car:434834893:434835068:0,74.41169658327058,37309062,Avenida Luiz Moschetti,tertiary,,,,,,,,,
baseline,54,high,shopping,car,car,car,4044.0,D_0007684,32,52,434835068.0,2509018587.0,0.0,car:434835068:2509018587:0,75.66552797923792,37309062,Avenida Luiz Moschetti,tertiary,,,,,,,,,
baseline,54,high,shopping,car,car,car,4044.0,D_0007684,33,52,2509018587.0,2509018600.0,0.0,car:2509018587:2509018600:0,157.99026218569213,37309062,Avenida Luiz Moschetti,tertiary,,,,,,,,,
baseline,54,high,shopping,car,car,car,4044.0,D_0007684,34,52,2509018600.0,1199277058.0,0.0,car:2509018600:1199277058:0,125.3342115408675,37309062,Avenida Luiz Moschetti,tertiary,,,,,,,,,
baseline,54,high,shopping,car,car,car,4044.0,D_0007684,35,52,1199277058.0,6159399591.0,0.0,car:1199277058:6159399591:0,84.96531163656687,37309062,Avenida Luiz Moschetti,tertiary,,,,,,,,,
baseline,54,high,shopping,car,car,car,4044.0,D_0007684,36,52,6159399591.0,848603000.0,0.0,car:6159399591:848603000:0,152.0342149899295,37309062,Avenida Luiz Moschetti,tertiary,,,,,,,,,
baseline,54,high,shopping,car,car,car,4044.0,D_0007684,37,52,848603000.0,848602991.0,0.0,car:848603000:848602991:0,84.3809642638619,219006075,Avenida Luiz Moschetti,tertiary,,,,,,,,,
baseline,54,high,shopping,car,car,car,4044.0,D_0007684,38,52,848602991.0,685928325.0,0.0,car:848602991:685928325:0,114.66016493033291,219006075,Avenida Luiz Moschetti,tertiary,,,,,,,,,
baseline,54,high,shopping,car,car,car,4044.0,D_0007684,39,52,685928325.0,434835128.0,0.0,car:685928325:434835128:0,110.16606983334901,326126508,Avenida Luiz Moschetti,living_street,,,,,,,,,
baseline,54,high,shopping,car,car,car,4044.0,D_0007684,40,52,434835128.0,434835130.0,0.0,car:434835128:434835130:0,42.246153488664795,37309063,Rua D,living_street,,,,,,,,,
baseline,54,high,shopping,car,car,car,4044.0,D_0007684,41,52,434835130.0,434835132.0,0.0,car:434835130:434835132:0,41.40993224948358,37309063,Rua D,living_street,,,,,,,,,
baseline,54,high,shopping,car,car,car,4044.0,D_0007684,42,52,434835132.0,438841133.0,0.0,car:434835132:438841133:0,81.70096710391142,37309063,Rua D,living_street,,,,,,,,,
baseline,54,high,shopping,car,car,car,4044.0,D_0007684,43,52,438841133.0,897325532.0,0.0,car:438841133:897325532:0,47.7022361465714,37504767,Rua Doutor Manoel José Lopes Fernandes,living_street,,,,,,,,,
baseline,54,high,shopping,car,car,car,4044.0,D_0007684,44,52,897325532.0,897325746.0,0.0,car:897325532:897325746:0,33.860929199824966,37504767,Rua Doutor Manoel José Lopes Fernandes,living_street,,,,,,,,,
baseline,54,high,shopping,car,car,car,4044.0,D_0007684,45,52,897325746.0,897325742.0,0.0,car:897325746:897325742:0,202.67435864315632,37504767,Rua Doutor Manoel José Lopes Fernandes,living_street,,,,,,,,,
baseline,54,high,shopping,car,car,car,4044.0,D_0007684,46,52,897325742.0,438841276.0,0.0,car:897325742:438841276:0,16.067808552692835,698382026,Rua Cavalo Crioulo,living_street,,,,,,,,,
baseline,54,high,shopping,car,car,car,4044.0,D_0007684,47,52,438841276.0,438840725.0,0.0,car:438841276:438840725:0,153.34980120182982,500493465,Rua da Represa,living_street,,,,,,,,,
baseline,54,high,shopping,car,car,car,4044.0,D_0007684,48,52,438840725.0,897325818.0,0.0,car:438840725:897325818:0,165.5911378331075,37504769,Rua José Fernando da Silva,living_street,,,,,,,,,
baseline,54,high,shopping,car,car,car,4044.0,D_0007684,49,52,897325818.0,438841014.0,0.0,car:897325818:438841014:0,21.04888881700578,37504763,Rua Capitão Viriato,living_street,,,,,,,,,
baseline,54,high,shopping,car,car,car,4044.0,D_0007684,50,52,438841014.0,897326014.0,0.0,car:438841014:897326014:0,66.27716793060522,37504762,Rua Dona Valmira,living_street,,,,,,,,,
baseline,54,high,shopping,car,car,car,4044.0,D_0007684,51,52,897326014.0,897325963.0,0.0,car:897326014:897325963:0,91.69221125327769,37504757,Rua Chácara dos Bombeiros,living_street,,,,,,,,,
baseline,55,middle,work,car,car,car,11466.0,D_0016940,0,203,320032929.0,8427522549.0,0.0,car:320032929:8427522549:0,27.433390607762266,451652994,Avenida João Ferreira Jardim,secondary,,,,,,,,,
baseline,55,middle,work,car,car,car,11466.0,D_0016940,1,203,8427522549.0,8427522533.0,0.0,car:8427522549:8427522533:0,42.71505169517103,451652994,Avenida João Ferreira Jardim,secondary,,,,,,,,,
baseline,55,middle,work,car,car,car,11466.0,D_0016940,2,203,8427522533.0,320167149.0,0.0,car:8427522533:320167149:0,78.10121021133808,451652994,Avenida João Ferreira Jardim,secondary,,,,,,,,,
baseline,55,middle,work,car,car,car,11466.0,D_0016940,3,203,320167149.0,2723719877.0,0.0,car:320167149:2723719877:0,34.14450666668266,451652994,Avenida João Ferreira Jardim,secondary,,,,,,,,,
baseline,55,middle,work,car,car,car,11466.0,D_0016940,4,203,2723719877.0,2723719880.0,0.0,car:2723719877:2723719880:0,36.40516441137625,562102997,Avenida João Ferreira Jardim,secondary,,,,,,,,,
baseline,55,middle,work,car,car,car,11466.0,D_0016940,5,203,2723719880.0,934148225.0,0.0,car:2723719880:934148225:0,99.23963826063431,266869463,Avenida Baltazar de Oliveira Garcia,primary,,,,,,,,,
baseline,55,middle,work,car,car,car,11466.0,D_0016940,6,203,934148225.0,1580308987.0,0.0,car:934148225:1580308987:0,76.1839200196762,266869463,Avenida Baltazar de Oliveira Garcia,primary,,,,,,,,,
baseline,55,middle,work,car,car,car,11466.0,D_0016940,7,203,1580308987.0,3618663966.0,0.0,car:1580308987:3618663966:0,112.746463024891,266869463,Avenida Baltazar de Oliveira Garcia,primary,,,,,,,,,
baseline,55,middle,work,car,car,car,11466.0,D_0016940,8,203,3618663966.0,934148230.0,0.0,car:3618663966:934148230:0,271.6779304654129,266869463,Avenida Baltazar de Oliveira Garcia,primary,,,,,,,,,
baseline,55,middle,work,car,car,car,11466.0,D_0016940,9,203,934148230.0,3618664001.0,0.0,car:934148230:3618664001:0,54.75436467357124,356396889,,busway,,,,,,,,,
baseline,55,middle,work,car,car,car,11466.0,D_0016940,10,203,3618664001.0,3618664012.0,0.0,car:3618664001:3618664012:0,129.8794830680649,356397852,Corredor de Transporte Coletivo Baltazar de Oliveira Garcia,busway,,,,,,,,,
baseline,55,middle,work,car,car,car,11466.0,D_0016940,11,203,3618664012.0,3618664015.0,0.0,car:3618664012:3618664015:0,42.34307784191005,356397377,Corredor de Transporte Coletivo Baltazar de Oliveira Garcia,busway,,,,,,,,,
baseline,55,middle,work,car,car,car,11466.0,D_0016940,12,203,3618664015.0,3618664017.0,0.0,car:3618664015:3618664017:0,111.28540060329527,356398426,Corredor de Transporte Coletivo Baltazar de Oliveira Garcia,busway,,,,,,,,,
baseline,55,middle,work,car,car,car,11466.0,D_0016940,13,203,3618664017.0,3618664016.0,0.0,car:3618664017:3618664016:0,7.758741884293258,356398426,Corredor de Transporte Coletivo Baltazar de Oliveira Garcia,busway,,,,,,,,,
baseline,55,middle,work,car,car,car,11466.0,D_0016940,14,203,3618664016.0,694273872.0,0.0,car:3618664016:694273872:0,5.704083792029745,356395947,Avenida Delmar Rocha Barbosa,tertiary,,,,,,,,,
baseline,55,middle,work,car,car,car,11466.0,D_0016940,15,203,694273872.0,320799770.0,0.0,car:694273872:320799770:0,119.1602011558756,29168884,Rua Professor Pontes de Miranda,tertiary,,,,,,,,,
baseline,55,middle,work,car,car,car,11466.0,D_0016940,16,203,320799770.0,877796623.0,0.0,car:320799770:877796623:0,123.51888772076077,223863095,Rua Carlos Estevão,tertiary,,,,,,,,,
baseline,55,middle,work,car,car,car,11466.0,D_0016940,17,203,877796623.0,877796616.0,0.0,car:877796623:877796616:0,79.09013821314366,29168868,Rua Sargento Silvio Delmar Hollenbach,tertiary,,,,,,,,,
baseline,55,middle,work,car,car,car,11466.0,D_0016940,18,203,877796616.0,9004208686.0,0.0,car:877796616:9004208686:0,49.81316743333323,29168868,Rua Sargento Silvio Delmar Hollenbach,tertiary,,,,,,,,,
baseline,55,middle,work,car,car,car,11466.0,D_0016940,19,203,9004208686.0,877796605.0,0.0,car:9004208686:877796605:0,26.885549454258054,29168868,Rua Sargento Silvio Delmar Hollenbach,tertiary,,,,,,,,,
baseline,55,middle,work,car,car,car,11466.0,D_0016940,20,203,877796605.0,877796651.0,0.0,car:877796605:877796651:0,77.23048833273054,29168868,Rua Sargento Silvio Delmar Hollenbach,tertiary,,,,,,,,,
baseline,55,middle,work,car,car,car,11466.0,D_0016940,21,203,877796651.0,877796649.0,0.0,car:877796651:877796649:0,80.19028317196194,29168868,Rua Sargento Silvio Delmar Hollenbach,tertiary,,,,,,,,,
baseline,55,middle,work,car,car,car,11466.0,D_0016940,22,203,877796649.0,2658851826.0,0.0,car:877796649:2658851826:0,75.64546009560421,29168868,Rua Sargento Silvio Delmar Hollenbach,tertiary,,,,,,,,,
baseline,55,middle,work,car,car,car,11466.0,D_0016940,23,203,2658851826.0,2658851837.0,0.0,car:2658851826:2658851837:0,12.636619065271006,356831233,Rua Sargento Silvio Delmar Hollenbach,tertiary,,,,,,,,,
baseline,55,middle,work,car,car,car,11466.0,D_0016940,24,203,2658851837.0,897311049.0,0.0,car:2658851837:897311049:0,78.48732366919364,451653565,Rua Sargento Silvio Delmar Hollenbach,tertiary,,,,,,,,,
baseline,55,middle,work,car,car,car,11466.0,D_0016940,25,203,897311049.0,897311083.0,0.0,car:897311049:897311083:0,77.13148585571255,356396661,Rua Sargento Silvio Delmar Hollenbach,tertiary,,,,,,,,,
baseline,55,middle,work,car,car,car,11466.0,D_0016940,26,203,897311083.0,897311082.0,0.0,car:897311083:897311082:0,82.01132810693478,356396661,Rua Sargento Silvio Delmar Hollenbach,tertiary,,,,,,,,,
baseline,55,middle,work,car,car,car,11466.0,D_0016940,27,203,897311082.0,897311080.0,0.0,car:897311082:897311080:0,73.63061893608098,356396661,Rua Sargento Silvio Delmar Hollenbach,tertiary,,,,,,,,,
baseline,55,middle,work,car,car,car,11466.0,D_0016940,28,203,897311080.0,897311031.0,0.0,car:897311080:897311031:0,78.1384306623927,356396660,Rua Sargento Silvio Delmar Hollenbach,tertiary,,,,,,,,,
baseline,55,middle,work,car,car,car,11466.0,D_0016940,29,203,897311031.0,897311016.0,0.0,car:897311031:897311016:0,79.37331929960301,356396660,Rua Sargento Silvio Delmar Hollenbach,tertiary,,,,,,,,,
baseline,55,middle,work,car,car,car,11466.0,D_0016940,30,203,897311016.0,897311014.0,0.0,car:897311016:897311014:0,75.84377691090477,356396660,Rua Sargento Silvio Delmar Hollenbach,tertiary,,,,,,,,,
baseline,55,middle,work,car,car,car,11466.0,D_0016940,31,203,897311014.0,897311013.0,0.0,car:897311014:897311013:0,76.87825132382585,356396660,Rua Sargento Silvio Delmar Hollenbach,tertiary,,,,,,,,,
baseline,55,middle,work,car,car,car,11466.0,D_0016940,32,203,897311013.0,897311006.0,0.0,car:897311013:897311006:0,104.20104655198033,29219833|30407191,Rua Sargento Silvio Delmar Hollenbach|Rua 1,tertiary,,,,,,,,,
baseline,55,middle,work,car,car,car,11466.0,D_0016940,33,203,897311006.0,897311004.0,0.0,car:897311006:897311004:0,12.460464989293385,29219833,Rua 1,tertiary,,,,,,,,,
baseline,55,middle,work,car,car,car,11466.0,D_0016940,34,203,897311004.0,4274163426.0,0.0,car:897311004:4274163426:0,52.621059276028966,29219833,Rua 1,tertiary,,,,,,,,,
baseline,55,middle,work,car,car,car,11466.0,D_0016940,35,203,4274163426.0,321392724.0,0.0,car:4274163426:321392724:0,4.981158635210492,29219833,Rua 1,tertiary,,,,,,,,,
baseline,55,middle,work,car,car,car,11466.0,D_0016940,36,203,321392724.0,335578434.0,0.0,car:321392724:335578434:0,277.25590982261923,29219833,Rua 1,tertiary,,,,,,,,,
baseline,55,middle,work,car,car,car,11466.0,D_0016940,37,203,335578434.0,321393017.0,0.0,car:335578434:321393017:0,44.6907966178137,29219833,Rua 1,tertiary,,,,,,,,,
baseline,55,middle,work,car,car,car,11466.0,D_0016940,38,203,321393017.0,3232268767.0,0.0,car:321393017:3232268767:0,121.34198169709829,223863120,Avenida Martim Félix Berta,tertiary,,,,,,,,,
baseline,55,middle,work,car,car,car,11466.0,D_0016940,39,203,3232268767.0,321393016.0,0.0,car:3232268767:321393016:0,90.24236003525927,223863120,Avenida Martim Félix Berta,tertiary,,,,,,,,,
baseline,55,middle,work,car,car,car,11466.0,D_0016940,40,203,321393016.0,321393113.0,0.0,car:321393016:321393113:0,46.24936701340097,327398395,Rua 26 de Março,tertiary,,,,,,,,,
baseline,55,middle,work,car,car,car,11466.0,D_0016940,41,203,321393113.0,321393015.0,0.0,car:321393113:321393015:0,36.10189304200602,327398395,Rua 26 de Março,tertiary,,,,,,,,,
baseline,55,middle,work,car,car,car,11466.0,D_0016940,42,203,321393015.0,321393109.0,0.0,car:321393015:321393109:0,37.5054772553658,327398395,Rua 26 de Março,tertiary,,,,,,,,,
baseline,55,middle,work,car,car,car,11466.0,D_0016940,43,203,321393109.0,321393014.0,0.0,car:321393109:321393014:0,16.611083249608942,327398395,Rua 26 de Março,tertiary,,,,,,,,,
baseline,55,middle,work,car,car,car,11466.0,D_0016940,44,203,321393014.0,321394450.0,0.0,car:321393014:321394450:0,47.460634427651115,448820946,Rua César Cassiano Pereira,residential,,,,,,,,,
baseline,55,middle,work,car,car,car,11466.0,D_0016940,45,203,321394450.0,321394436.0,0.0,car:321394450:321394436:0,31.397255517512637,448820946,Rua César Cassiano Pereira,residential,,,,,,,,,
baseline,55,middle,work,car,car,car,11466.0,D_0016940,46,203,321394436.0,321394437.0,0.0,car:321394436:321394437:0,98.3860334831979,29220073,Rua 2,living_street,,,,,,,,,
baseline,55,middle,work,car,car,car,11466.0,D_0016940,47,203,321394437.0,321394433.0,0.0,car:321394437:321394433:0,30.739510091498488,219006104,Rua 19 de Fevereiro,residential,,,,,,,,,
baseline,55,middle,work,car,car,car,11466.0,D_0016940,48,203,321394433.0,321394044.0,0.0,car:321394433:321394044:0,32.48986601547831,219006104,Rua 19 de Fevereiro,residential,,,,,,,,,
baseline,55,middle,work,car,car,car,11466.0,D_0016940,49,203,321394044.0,321394268.0,0.0,car:321394044:321394268:0,54.11595293433578,219006104,Rua 19 de Fevereiro,residential,,,,,,,,,
baseline,55,middle,work,car,car,car,11466.0,D_0016940,50,203,321394268.0,321394042.0,0.0,car:321394268:321394042:0,114.95365512085881,219006104,Rua 19 de Fevereiro,residential,,,,,,,,,
baseline,55,middle,work,car,car,car,11466.0,D_0016940,51,203,321394042.0,8415048606.0,0.0,car:321394042:8415048606:0,50.94907009885322,29220050,Rua 19 de Fevereiro,residential,,,,,,,,,
baseline,55,middle,work,car,car,car,11466.0,D_0016940,52,203,8415048606.0,321395373.0,0.0,car:8415048606:321395373:0,92.01314859566035,29220050,Rua 19 de Fevereiro,residential,,,,,,,,,
baseline,55,middle,work,car,car,car,11466.0,D_0016940,53,203,321395373.0,321395405.0,0.0,car:321395373:321395405:0,177.37061036470226,29220050,Rua 19 de Fevereiro,residential,,,,,,,,,
baseline,55,middle,work,car,car,car,11466.0,D_0016940,54,203,321395405.0,12336275080.0,0.0,car:321395405:12336275080:0,79.94392571119485,29220319,Rua 19 de Fevereiro,residential,,,,,,,,,
baseline,55,middle,work,car,car,car,11466.0,D_0016940,55,203,12336275080.0,12336275085.0,0.0,car:12336275080:12336275085:0,9.192822411162958,29220319,Rua 19 de Fevereiro,residential,,,,,,,,,
baseline,55,middle,work,car,car,car,11466.0,D_0016940,56,203,12336275085.0,295517778.0,0.0,car:12336275085:295517778:0,119.16262285204215,29220319,Rua 19 de Fevereiro,residential,,,,,,,,,
baseline,55,middle,work,car,car,car,11466.0,D_0016940,57,203,295517778.0,295516865.0,0.0,car:295517778:295516865:0,213.24549912199424,356396161,Avenida Protásio Alves,primary,,,,,,,,,
baseline,55,middle,work,car,car,car,11466.0,D_0016940,58,203,295516865.0,295517522.0,0.0,car:295516865:295517522:0,152.59062011704762,356396161,Avenida Protásio Alves,primary,,,,,,,,,
baseline,55,middle,work,car,car,car,11466.0,D_0016940,59,203,295517522.0,2288622308.0,0.0,car:295517522:2288622308:0,50.769931285368926,356396161,Avenida Protásio Alves,primary,,,,,,,,,
baseline,55,middle,work,car,car,car,11466.0,D_0016940,60,203,2288622308.0,321012554.0,0.0,car:2288622308:321012554:0,60.274056857247345,356396161,Avenida Protásio Alves,primary,,,,,,,,,
baseline,55,middle,work,car,car,car,11466.0,D_0016940,61,203,321012554.0,295518294.0,0.0,car:321012554:295518294:0,25.645239666442578,356396161,Avenida Protásio Alves,primary,,,,,,,,,
baseline,55,middle,work,car,car,car,11466.0,D_0016940,62,203,295518294.0,8603232455.0,0.0,car:295518294:8603232455:0,25.494286420515415,926826889,Avenida Protásio Alves,primary,,,,,,,,,
baseline,55,middle,work,car,car,car,11466.0,D_0016940,63,203,8603232455.0,1668175855.0,0.0,car:8603232455:1668175855:0,31.159956298238807,926826889,Avenida Protásio Alves,primary,,,,,,,,,
baseline,55,middle,work,car,car,car,11466.0,D_0016940,64,203,1668175855.0,1668175759.0,0.0,car:1668175855:1668175759:0,42.70680003484286,356396200,Avenida Protásio Alves,primary,,,,,,,,,
baseline,55,middle,work,car,car,car,11466.0,D_0016940,65,203,1668175759.0,295517782.0,0.0,car:1668175759:295517782:0,71.63461438841671,356396200|926826888,Avenida Protásio Alves,primary,,,,,,,,,
baseline,55,middle,work,car,car,car,11466.0,D_0016940,66,203,295517782.0,295517364.0,0.0,car:295517782:295517364:0,92.02989046316816,926826888,Avenida Protásio Alves,primary,,,,,,,,,
baseline,55,middle,work,car,car,car,11466.0,D_0016940,67,203,295517364.0,8622854478.0,0.0,car:295517364:8622854478:0,65.75025506602412,356396156,Avenida Protásio Alves,primary,,,,,,,,,
baseline,55,middle,work,car,car,car,11466.0,D_0016940,68,203,8622854478.0,2305805098.0,0.0,car:8622854478:2305805098:0,114.70414932070912,929840652|929840653,Avenida Protásio Alves,primary,,,,,,,,,
baseline,55,middle,work,car,car,car,11466.0,D_0016940,69,203,2305805098.0,598724418.0,0.0,car:2305805098:598724418:0,74.62505318238298,929840653,Avenida Protásio Alves,primary,,,,,,,,,
baseline,55,middle,work,car,car,car,11466.0,D_0016940,70,203,598724418.0,332507311.0,0.0,car:598724418:332507311:0,25.237319610396707,356396140,Avenida Protásio Alves,primary,,,,,,,,,
baseline,55,middle,work,car,car,car,11466.0,D_0016940,71,203,332507311.0,2527526897.0,0.0,car:332507311:2527526897:0,103.89138572837635,356396140,Avenida Protásio Alves,primary,,,,,,,,,
baseline,55,middle,work,car,car,car,11466.0,D_0016940,72,203,2527526897.0,2527526972.0,0.0,car:2527526897:2527526972:0,200.9756865704843,356396140,Avenida Protásio Alves,primary,,,,,,,,,
baseline,55,middle,work,car,car,car,11466.0,D_0016940,73,203,2527526972.0,2527526980.0,0.0,car:2527526972:2527526980:0,24.551218310296868,356396140,Avenida Protásio Alves,primary,,,,,,,,,
baseline,55,middle,work,car,car,car,11466.0,D_0016940,74,203,2527526980.0,295518299.0,0.0,car:2527526980:295518299:0,57.37506102441844,356396140,Avenida Protásio Alves,primary,,,,,,,,,
baseline,55,middle,work,car,car,car,11466.0,D_0016940,75,203,295518299.0,295517551.0,0.0,car:295518299:295517551:0,168.15974183851083,356396140,Avenida Protásio Alves,primary,,,,,,,,,
baseline,55,middle,work,car,car,car,11466.0,D_0016940,76,203,295517551.0,332508853.0,0.0,car:295517551:332508853:0,8.621159583640992,356396140,Avenida Protásio Alves,primary,,,,,,,,,
baseline,55,middle,work,car,car,car,11466.0,D_0016940,77,203,332508853.0,295517796.0,0.0,car:332508853:295517796:0,103.75262493357124,245577970,Avenida Protásio Alves,primary,,,,,,,,,
baseline,55,middle,work,car,car,car,11466.0,D_0016940,78,203,295517796.0,12755506713.0,0.0,car:295517796:12755506713:0,57.26223002966934,245577970,Avenida Protásio Alves,primary,,,,,,,,,
baseline,55,middle,work,car,car,car,11466.0,D_0016940,79,203,12755506713.0,295517802.0,0.0,car:12755506713:295517802:0,131.79522192529873,1491680032|245577970,Avenida Protásio Alves,primary,,,,,,,,,
baseline,55,middle,work,car,car,car,11466.0,D_0016940,80,203,295517802.0,2527527119.0,0.0,car:295517802:2527527119:0,36.099241423730625,926831333,Avenida Protásio Alves,primary,,,,,,,,,
baseline,55,middle,work,car,car,car,11466.0,D_0016940,81,203,2527527119.0,2527527166.0,0.0,car:2527527119:2527527166:0,70.74652622115491,282839205,Avenida Protásio Alves,primary,,,,,,,,,
baseline,55,middle,work,car,car,car,11466.0,D_0016940,82,203,2527527166.0,2527527208.0,0.0,car:2527527166:2527527208:0,63.999757211046024,356396148,Avenida Protásio Alves,primary,,,,,,,,,
baseline,55,middle,work,car,car,car,11466.0,D_0016940,83,203,2527527208.0,12755506715.0,0.0,car:2527527208:12755506715:0,23.3517809425643,1491680031,Avenida Protásio Alves,primary,,,,,,,,,
baseline,55,middle,work,car,car,car,11466.0,D_0016940,84,203,12755506715.0,2527527220.0,0.0,car:12755506715:2527527220:0,44.20632451245695,356396203,Avenida Protásio Alves,primary,,,,,,,,,
baseline,55,middle,work,car,car,car,11466.0,D_0016940,85,203,2527527220.0,12801371537.0,0.0,car:2527527220:12801371537:0,13.203528368815814,356396203,Avenida Protásio Alves,primary,,,,,,,,,
baseline,55,middle,work,car,car,car,11466.0,D_0016940,86,203,12801371537.0,2527527276.0,0.0,car:12801371537:2527527276:0,85.46107077813674,356396203,Avenida Protásio Alves,primary,,,,,,,,,
baseline,55,middle,work,car,car,car,11466.0,D_0016940,87,203,2527527276.0,295517820.0,0.0,car:2527527276:295517820:0,370.37492271104986,924836164|1491680030|1491680022,Avenida Protásio Alves,primary,,,,,,,,,
baseline,55,middle,work,car,car,car,11466.0,D_0016940,88,203,295517820.0,8576966430.0,0.0,car:295517820:8576966430:0,34.35413661795915,356396145,Avenida Protásio Alves,primary,,,,,,,,,
baseline,55,middle,work,car,car,car,11466.0,D_0016940,89,203,8576966430.0,1439922898.0,0.0,car:8576966430:1439922898:0,21.233005726306978,923967053,,primary_link,,,,,,,,,
baseline,55,middle,work,car,car,car,11466.0,D_0016940,90,203,1439922898.0,1439922896.0,0.0,car:1439922898:1439922896:0,16.59022915006459,245577951,Avenida Antônio de Carvalho,secondary,,,,,,,,,
baseline,55,middle,work,car,car,car,11466.0,D_0016940,91,203,1439922896.0,295514736.0,0.0,car:1439922896:295514736:0,162.38522984939195,926772460|451652871,Avenida Antônio de Carvalho,secondary,,,,,,,,,
baseline,55,middle,work,car,car,car,11466.0,D_0016940,92,203,295514736.0,2601559844.0,0.0,car:295514736:2601559844:0,11.914509234948008,926772460,Avenida Antônio de Carvalho,secondary,,,,,,,,,
baseline,55,middle,work,car,car,car,11466.0,D_0016940,93,203,2601559844.0,295515195.0,0.0,car:2601559844:295515195:0,322.82610346851754,454586874|327282613,Avenida Antônio de Carvalho,secondary,,,,,,,,,
baseline,55,middle,work,car,car,car,11466.0,D_0016940,94,203,295515195.0,8428672821.0,0.0,car:295515195:8428672821:0,102.06578652905009,451652863,Avenida Antônio de Carvalho,secondary,,,,,,,,,
baseline,55,middle,work,car,car,car,11466.0,D_0016940,95,203,8428672821.0,4431540238.0,0.0,car:8428672821:4431540238:0,17.66013203485925,451652863,Avenida Antônio de Carvalho,secondary,,,,,,,,,
baseline,55,middle,work,car,car,car,11466.0,D_0016940,96,203,4431540238.0,295515200.0,0.0,car:4431540238:295515200:0,239.4922482485543,451652863,Avenida Antônio de Carvalho,secondary,,,,,,,,,
baseline,55,middle,work,car,car,car,11466.0,D_0016940,97,203,295515200.0,319121651.0,0.0,car:295515200:319121651:0,288.9529829545282,451652863,Avenida Antônio de Carvalho,secondary,,,,,,,,,
baseline,55,middle,work,car,car,car,11466.0,D_0016940,98,203,319121651.0,4245036762.0,0.0,car:319121651:4245036762:0,14.660699839772395,451652870,Avenida Antônio de Carvalho,secondary,,,,,,,,,
baseline,55,middle,work,car,car,car,11466.0,D_0016940,99,203,4245036762.0,445822686.0,0.0,car:4245036762:445822686:0,38.838788021839854,477614327,Avenida Antônio de Carvalho,secondary,,,,,,,,,
baseline,55,middle,work,car,car,car,11466.0,D_0016940,100,203,445822686.0,3228894364.0,0.0,car:445822686:3228894364:0,29.151726666799757,477614327,Avenida Antônio de Carvalho,secondary,,,,,,,,,
baseline,55,middle,work,car,car,car,11466.0,D_0016940,101,203,3228894364.0,2289231010.0,0.0,car:3228894364:2289231010:0,146.77437172674718,327282614,Avenida Antônio de Carvalho,secondary,,,,,,,,,
baseline,55,middle,work,car,car,car,11466.0,D_0016940,102,203,2289231010.0,2289231037.0,0.0,car:2289231010:2289231037:0,31.441221021190568,327282614,Avenida Antônio de Carvalho,secondary,,,,,,,,,
baseline,55,middle,work,car,car,car,11466.0,D_0016940,103,203,2289231037.0,5314020192.0,0.0,car:2289231037:5314020192:0,129.27321778799438,327282614,Avenida Antônio de Carvalho,secondary,,,,,,,,,
baseline,55,middle,work,car,car,car,11466.0,D_0016940,104,203,5314020192.0,3654342189.0,0.0,car:5314020192:3654342189:0,315.2128537059408,327282614,Avenida Antônio de Carvalho,secondary,,,,,,,,,
baseline,55,middle,work,car,car,car,11466.0,D_0016940,105,203,3654342189.0,3228958872.0,0.0,car:3654342189:3228958872:0,16.824100346915245,327282614,Avenida Antônio de Carvalho,secondary,,,,,,,,,
baseline,55,middle,work,car,car,car,11466.0,D_0016940,106,203,3228958872.0,294917231.0,0.0,car:3228958872:294917231:0,400.9504557426617,926780930|327282614,Avenida Antônio de Carvalho,secondary,,,,,,,,,
baseline,55,middle,work,car,car,car,11466.0,D_0016940,107,203,294917231.0,294916854.0,0.0,car:294917231:294916854:0,44.76039938577414,929829793,Avenida Antônio de Carvalho,secondary,,,,,,,,,
baseline,55,middle,work,car,car,car,11466.0,D_0016940,108,203,294916854.0,294917045.0,0.0,car:294916854:294917045:0,46.60121988747491,451652868|471814838,Avenida Antônio de Carvalho,secondary,,,,,,,,,
baseline,55,middle,work,car,car,car,11466.0,D_0016940,109,203,294917045.0,294916851.0,0.0,car:294917045:294916851:0,65.45591450616612,230069248|218950937|125935701|926791838,Avenida Antônio de Carvalho,secondary,,,,,,,,,
baseline,55,middle,work,car,car,car,11466.0,D_0016940,110,203,294916851.0,294918390.0,0.0,car:294916851:294918390:0,114.26042374867649,929824296|398437794|1292265383,Avenida Antônio de Carvalho,secondary,,,,,,,,,
baseline,55,middle,work,car,car,car,11466.0,D_0016940,111,203,294918390.0,294917944.0,0.0,car:294918390:294917944:0,34.277081087622676,451652865|1292265361,Avenida Antônio de Carvalho,secondary,,,,,,,,,
baseline,55,middle,work,car,car,car,11466.0,D_0016940,112,203,294917944.0,3618665293.0,0.0,car:294917944:3618665293:0,23.28450842582847,356395715,,primary_link,,,,,,,,,
baseline,55,middle,work,car,car,car,11466.0,D_0016940,113,203,3618665293.0,2418694083.0,0.0,car:3618665293:2418694083:0,123.58074430796249,356398121,Corredor de Transporte Coletivo Bento Gonçalves,busway,,,,,,,,,
baseline,55,middle,work,car,car,car,11466.0,D_0016940,114,203,2418694083.0,3618665306.0,0.0,car:2418694083:3618665306:0,78.63635002830172,356396906,Corredor de Transporte Coletivo Bento Gonçalves,busway,,,,,,,,,
baseline,55,middle,work,car,car,car,11466.0,D_0016940,115,203,3618665306.0,3618665309.0,0.0,car:3618665306:3618665309:0,28.46858626047423,356397765,Corredor de Transporte Coletivo Bento Gonçalves,busway,,,,,,,,,
baseline,55,middle,work,car,car,car,11466.0,D_0016940,116,203,3618665309.0,3618665311.0,0.0,car:3618665309:3618665311:0,24.16375797667794,356397765,Corredor de Transporte Coletivo Bento Gonçalves,busway,,,,,,,,,
baseline,55,middle,work,car,car,car,11466.0,D_0016940,117,203,3618665311.0,1397395502.0,0.0,car:3618665311:1397395502:0,100.4752700055273,356397610,Corredor de Transporte Coletivo Bento Gonçalves,busway,,,,,,,,,
baseline,55,middle,work,car,car,car,11466.0,D_0016940,118,203,1397395502.0,3618665319.0,0.0,car:1397395502:3618665319:0,83.75684012817176,356397610,Corredor de Transporte Coletivo Bento Gonçalves,busway,,,,,,,,,
baseline,55,middle,work,car,car,car,11466.0,D_0016940,119,203,3618665319.0,3618665364.0,0.0,car:3618665319:3618665364:0,618.4393556961722,356397610,Corredor de Transporte Coletivo Bento Gonçalves,busway,,,,,,,,,
baseline,55,middle,work,car,car,car,11466.0,D_0016940,120,203,3618665364.0,3618665428.0,0.0,car:3618665364:3618665428:0,472.92712136256927,356397610,Corredor de Transporte Coletivo Bento Gonçalves,busway,,,,,,,,,
baseline,55,middle,work,car,car,car,11466.0,D_0016940,121,203,3618665428.0,1397396239.0,0.0,car:3618665428:1397396239:0,588.5483952411566,356397610|500493330,Corredor de Transporte Coletivo Bento Gonçalves,busway,,,,,,,,,
baseline,55,middle,work,car,car,car,11466.0,D_0016940,122,203,1397396239.0,293822896.0,0.0,car:1397396239:293822896:0,107.37858883902132,125935704,,busway,,,,,,,,,
baseline,55,middle,work,car,car,car,11466.0,D_0016940,123,203,293822896.0,293823569.0,0.0,car:293822896:293823569:0,84.6267214261273,1292265368|40451125,,primary_link,,,,,,,,,
baseline,55,middle,work,car,car,car,11466.0,D_0016940,124,203,293823569.0,1413132523.0,0.0,car:293823569:1413132523:0,878.547680289471,928643488|327890529|327890533|454586910|928643486|928643487,Estrada João de Oliveira Remião,secondary,,,,,,,,,
baseline,55,middle,work,car,car,car,11466.0,D_0016940,125,203,1413132523.0,8696763269.0,0.0,car:1413132523:8696763269:0,436.74602959327837,327890553,Estrada João de Oliveira Remião,secondary,,,,,,,,,
baseline,55,middle,work,car,car,car,11466.0,D_0016940,126,203,8696763269.0,8696763266.0,0.0,car:8696763269:8696763266:0,16.334016152961482,327890553,Estrada João de Oliveira Remião,secondary,,,,,,,,,
baseline,55,middle,work,car,car,car,11466.0,D_0016940,127,203,8696763266.0,298270429.0,0.0,car:8696763266:298270429:0,199.67225195609035,327890553,Estrada João de Oliveira Remião,secondary,,,,,,,,,
baseline,55,middle,work,car,car,car,11466.0,D_0016940,128,203,298270429.0,4274816247.0,0.0,car:298270429:4274816247:0,14.85982472975111,327890553,Estrada João de Oliveira Remião,secondary,,,,,,,,,
baseline,55,middle,work,car,car,car,11466.0,D_0016940,129,203,4274816247.0,298270431.0,0.0,car:4274816247:298270431:0,72.8806910303698,327890553,Estrada João de Oliveira Remião,secondary,,,,,,,,,
baseline,55,middle,work,car,car,car,11466.0,D_0016940,130,203,298270431.0,4469190247.0,0.0,car:298270431:4469190247:0,100.25044659481645,328097186,Estrada São Francisco,secondary,,,,,,,,,
baseline,55,middle,work,car,car,car,11466.0,D_0016940,131,203,4469190247.0,3386266010.0,0.0,car:4469190247:3386266010:0,354.8105721678594,328097185|328097186,Estrada São Francisco,secondary,,,,,,,,,
baseline,55,middle,work,car,car,car,11466.0,D_0016940,132,203,3386266010.0,1413132559.0,0.0,car:3386266010:1413132559:0,296.95229054117345,328097184|328097185,Estrada São Francisco,secondary,,,,,,,,,
baseline,55,middle,work,car,car,car,11466.0,D_0016940,133,203,1413132559.0,1413162700.0,0.0,car:1413132559:1413162700:0,38.072716270364225,328097184,Estrada São Francisco,secondary,,,,,,,,,
baseline,55,middle,work,car,car,car,11466.0,D_0016940,134,203,1413162700.0,9009387747.0,0.0,car:1413162700:9009387747:0,292.1985218587273,328097184,Estrada São Francisco,secondary,,,,,,,,,
baseline,55,middle,work,car,car,car,11466.0,D_0016940,135,203,9009387747.0,4469239808.0,0.0,car:9009387747:4469239808:0,71.04296520435362,328097184,Estrada São Francisco,secondary,,,,,,,,,
baseline,55,middle,work,car,car,car,11466.0,D_0016940,136,203,4469239808.0,1411549847.0,0.0,car:4469239808:1411549847:0,9.160282462976138,328097184,Estrada São Francisco,secondary,,,,,,,,,
baseline,55,middle,work,car,car,car,11466.0,D_0016940,137,203,1411549847.0,3409715678.0,0.0,car:1411549847:3409715678:0,319.5411937915585,333922728,Rua 9,residential,,,,,,,,,
baseline,55,middle,work,car,car,car,11466.0,D_0016940,138,203,3409715678.0,3409715679.0,0.0,car:3409715678:3409715679:0,63.30279678158182,450002306,Rua 12,residential,,,,,,,,,
baseline,55,middle,work,car,car,car,11466.0,D_0016940,139,203,3409715679.0,8536109449.0,0.0,car:3409715679:8536109449:0,74.81155656196968,450002312|917228557,Rua 7,residential,,,,,,,,,
baseline,55,middle,work,car,car,car,11466.0,D_0016940,140,203,8536109449.0,4469189916.0,0.0,car:8536109449:4469189916:0,185.96973484800546,450002312,Rua 7,residential,,,,,,,,,
baseline,55,middle,work,car,car,car,11466.0,D_0016940,141,203,4469189916.0,3940042477.0,0.0,car:4469189916:3940042477:0,52.75664689166789,1366083255,Estrada Afonso Lourenço Mariante,secondary,,,,,,,,,
baseline,55,middle,work,car,car,car,11466.0,D_0016940,142,203,3940042477.0,1400253689.0,0.0,car:3940042477:1400253689:0,18.893573414082844,1366083255,Estrada Afonso Lourenço Mariante,secondary,,,,,,,,,
baseline,55,middle,work,car,car,car,11466.0,D_0016940,143,203,1400253689.0,4156782859.0,0.0,car:1400253689:4156782859:0,126.658466371879,127568755,Rua Jaime Lino dos Santos Filho,residential,,,,,,,,,
baseline,55,middle,work,car,car,car,11466.0,D_0016940,144,203,4156782859.0,4469189951.0,0.0,car:4156782859:4469189951:0,137.93039559790708,127568755,Rua Jaime Lino dos Santos Filho,residential,,,,,,,,,
baseline,55,middle,work,car,car,car,11466.0,D_0016940,145,203,4469189951.0,1445891034.0,0.0,car:4469189951:1445891034:0,142.023420882824,127568755,Rua Jaime Lino dos Santos Filho,residential,,,,,,,,,
baseline,55,middle,work,car,car,car,11466.0,D_0016940,146,203,1445891034.0,4469189969.0,0.0,car:1445891034:4469189969:0,143.96070074681188,127568755,Rua Jaime Lino dos Santos Filho,residential,,,,,,,,,
baseline,55,middle,work,car,car,car,11466.0,D_0016940,147,203,4469189969.0,4469189976.0,0.0,car:4469189969:4469189976:0,48.91911925831345,127568755,Rua Jaime Lino dos Santos Filho,residential,,,,,,,,,
baseline,55,middle,work,car,car,car,11466.0,D_0016940,148,203,4469189976.0,1445891271.0,0.0,car:4469189976:1445891271:0,50.164147441089035,127568755,Rua Jaime Lino dos Santos Filho,residential,,,,,,,,,
baseline,55,middle,work,car,car,car,11466.0,D_0016940,149,203,1445891271.0,1445891019.0,0.0,car:1445891271:1445891019:0,53.78834814444053,127568755,Rua Jaime Lino dos Santos Filho,residential,,,,,,,,,
baseline,55,middle,work,car,car,car,11466.0,D_0016940,150,203,1445891019.0,1445891061.0,0.0,car:1445891019:1445891061:0,54.631382338904274,127568755,Rua Jaime Lino dos Santos Filho,residential,,,,,,,,,
baseline,55,middle,work,car,car,car,11466.0,D_0016940,151,203,1445891061.0,1445891017.0,0.0,car:1445891061:1445891017:0,47.51854059355279,127568755,Rua Jaime Lino dos Santos Filho,residential,,,,,,,,,
baseline,55,middle,work,car,car,car,11466.0,D_0016940,152,203,1445891017.0,1411550067.0,0.0,car:1445891017:1411550067:0,53.981567217734614,127568755,Rua Jaime Lino dos Santos Filho,residential,,,,,,,,,
baseline,55,middle,work,car,car,car,11466.0,D_0016940,153,203,1411550067.0,1445891029.0,0.0,car:1411550067:1445891029:0,131.1052494184427,131360061,Rua Alda de Oliveira Ribas,residential,,,,,,,,,
baseline,55,middle,work,car,car,car,11466.0,D_0016940,154,203,1445891029.0,1411550095.0,0.0,car:1445891029:1411550095:0,88.1939751564672,131360061,Rua Alda de Oliveira Ribas,residential,,,,,,,,,
baseline,55,middle,work,car,car,car,11466.0,D_0016940,155,203,1411550095.0,8607958297.0,0.0,car:1411550095:8607958297:0,550.0772678508432,127568766,Rua Adão Corrêa,residential,,,,,,,,,
baseline,55,middle,work,car,car,car,11466.0,D_0016940,156,203,8607958297.0,1411550008.0,0.0,car:8607958297:1411550008:0,376.11741955015447,127568766,Rua Adão Corrêa,residential,,,,,,,,,
baseline,55,middle,work,car,car,car,11466.0,D_0016940,157,203,1411550008.0,8506031333.0,0.0,car:1411550008:8506031333:0,268.5044692566173,333689640,Estrada do Rincão,tertiary,,,,,,,,,
baseline,55,middle,work,car,car,car,11466.0,D_0016940,158,203,8506031333.0,3409715737.0,0.0,car:8506031333:3409715737:0,177.46410296402172,333689640,Estrada do Rincão,tertiary,,,,,,,,,
baseline,55,middle,work,car,car,car,11466.0,D_0016940,159,203,3409715737.0,8506031366.0,0.0,car:3409715737:8506031366:0,1275.6391063285316,333689640,Estrada do Rincão,tertiary,,,,,,,,,
baseline,55,middle,work,car,car,car,11466.0,D_0016940,160,203,8506031366.0,1400174136.0,0.0,car:8506031366:1400174136:0,1505.9060993482385,333689640|333689637|326126519,Estrada do Rincão,tertiary,,,,,,,,,
baseline,55,middle,work,car,car,car,11466.0,D_0016940,161,203,1400174136.0,4276466191.0,0.0,car:1400174136:4276466191:0,187.6397740697546,333689637,Estrada do Rincão,tertiary,,,,,,,,,
baseline,55,middle,work,car,car,car,11466.0,D_0016940,162,203,4276466191.0,1400173809.0,0.0,car:4276466191:1400173809:0,484.2093459841079,500493365,Estrada do Rincão,tertiary,,,,,,,,,
baseline,55,middle,work,car,car,car,11466.0,D_0016940,163,203,1400173809.0,1439922904.0,0.0,car:1400173809:1439922904:0,35.451220626775815,126304087,Estrada do Rincão,tertiary,,,,,,,,,
baseline,55,middle,work,car,car,car,11466.0,D_0016940,164,203,1439922904.0,1400467751.0,0.0,car:1439922904:1400467751:0,36.13259597550302,126262319,Estrada do Rincão,secondary_link,,,,,,,,,
baseline,55,middle,work,car,car,car,11466.0,D_0016940,165,203,1400467751.0,298276340.0,0.0,car:1400467751:298276340:0,152.34808605594114,356396340,Estrada João Antônio da Silveira,secondary,,,,,,,,,
baseline,55,middle,work,car,car,car,11466.0,D_0016940,166,203,298276340.0,8745227846.0,0.0,car:298276340:8745227846:0,13.983128407522695,243220159,Estrada João Antônio da Silveira,secondary,,,,,,,,,
baseline,55,middle,work,car,car,car,11466.0,D_0016940,167,203,8745227846.0,2329984860.0,0.0,car:8745227846:2329984860:0,42.49990694605248,243220159,Estrada João Antônio da Silveira,secondary,,,,,,,,,
baseline,55,middle,work,car,car,car,11466.0,D_0016940,168,203,2329984860.0,1400470353.0,0.0,car:2329984860:1400470353:0,50.23965576078676,243220159,Estrada João Antônio da Silveira,secondary,,,,,,,,,
baseline,55,middle,work,car,car,car,11466.0,D_0016940,169,203,1400470353.0,2506559470.0,0.0,car:1400470353:2506559470:0,23.994711081901222,243220159,Estrada João Antônio da Silveira,secondary,,,,,,,,,
baseline,55,middle,work,car,car,car,11466.0,D_0016940,170,203,2506559470.0,1400470339.0,0.0,car:2506559470:1400470339:0,45.64497338220133,451653126,Estrada João Antônio da Silveira,secondary,,,,,,,,,
baseline,55,middle,work,car,car,car,11466.0,D_0016940,171,203,1400470339.0,2329984879.0,0.0,car:1400470339:2329984879:0,215.91414307609665,473030645,Estrada João Antônio da Silveira,secondary,,,,,,,,,
baseline,55,middle,work,car,car,car,11466.0,D_0016940,172,203,2329984879.0,2329984892.0,0.0,car:2329984879:2329984892:0,101.52109663537664,473030645,Estrada João Antônio da Silveira,secondary,,,,,,,,,
baseline,55,middle,work,car,car,car,11466.0,D_0016940,173,203,2329984892.0,298274247.0,0.0,car:2329984892:298274247:0,57.087854009353734,473030645,Estrada João Antônio da Silveira,secondary,,,,,,,,,
baseline,55,middle,work,car,car,car,11466.0,D_0016940,174,203,298274247.0,3213017918.0,0.0,car:298274247:3213017918:0,36.449794155030844,451653127,Estrada João Antônio da Silveira,secondary,,,,,,,,,
baseline,55,middle,work,car,car,car,11466.0,D_0016940,175,203,3213017918.0,8742110061.0,0.0,car:3213017918:8742110061:0,47.73918459440184,451653127,Estrada João Antônio da Silveira,secondary,,,,,,,,,
baseline,55,middle,work,car,car,car,11466.0,D_0016940,176,203,8742110061.0,298276346.0,0.0,car:8742110061:298276346:0,47.091236877788006,451653127,Estrada João Antônio da Silveira,secondary,,,,,,,,,
baseline,55,middle,work,car,car,car,11466.0,D_0016940,177,203,298276346.0,3067708401.0,0.0,car:298276346:3067708401:0,20.7941693967381,451653127,Estrada João Antônio da Silveira,secondary,,,,,,,,,
baseline,55,middle,work,car,car,car,11466.0,D_0016940,178,203,3067708401.0,1727281031.0,0.0,car:3067708401:1727281031:0,29.664683320124286,327975669,Estrada João Antônio da Silveira,secondary,,,,,,,,,
baseline,55,middle,work,car,car,car,11466.0,D_0016940,179,203,1727281031.0,6568898132.0,0.0,car:1727281031:6568898132:0,54.906150664677874,327975669,Estrada João Antônio da Silveira,secondary,,,,,,,,,
baseline,55,middle,work,car,car,car,11466.0,D_0016940,180,203,6568898132.0,6568898134.0,0.0,car:6568898132:6568898134:0,73.86178811985852,327975669,Estrada João Antônio da Silveira,secondary,,,,,,,,,
baseline,55,middle,work,car,car,car,11466.0,D_0016940,181,203,6568898134.0,1439922886.0,0.0,car:6568898134:1439922886:0,73.9063190583562,327975669,Estrada João Antônio da Silveira,secondary,,,,,,,,,
baseline,55,middle,work,car,car,car,11466.0,D_0016940,182,203,1439922886.0,4497543931.0,0.0,car:1439922886:4497543931:0,41.10243100043502,327975669,Estrada João Antônio da Silveira,secondary,,,,,,,,,
baseline,55,middle,work,car,car,car,11466.0,D_0016940,183,203,4497543931.0,298276348.0,0.0,car:4497543931:298276348:0,53.13678338254569,768299681|327975669,Estrada João Antônio da Silveira,secondary,,,,,,,,,
baseline,55,middle,work,car,car,car,11466.0,D_0016940,184,203,298276348.0,2506039273.0,0.0,car:298276348:2506039273:0,23.514771837054475,474831113,Estrada João Antônio da Silveira,secondary,,,,,,,,,
baseline,55,middle,work,car,car,car,11466.0,D_0016940,185,203,2506039273.0,4013880444.0,0.0,car:2506039273:4013880444:0,41.216775621756774,474831114,Estrada João Antônio da Silveira,secondary,,,,,,,,,
baseline,55,middle,work,car,car,car,11466.0,D_0016940,186,203,4013880444.0,2329996673.0,0.0,car:4013880444:2329996673:0,144.83351721642066,474831114,Estrada João Antônio da Silveira,secondary,,,,,,,,,
baseline,55,middle,work,car,car,car,11466.0,D_0016940,187,203,2329996673.0,8241297347.0,0.0,car:2329996673:8241297347:0,115.82716042214703,473030641|474831114,Estrada João Antônio da Silveira,secondary,,,,,,,,,
baseline,55,middle,work,car,car,car,11466.0,D_0016940,188,203,8241297347.0,298274436.0,0.0,car:8241297347:298274436:0,40.63109754829063,473030641,Estrada João Antônio da Silveira,secondary,,,,,,,,,
baseline,55,middle,work,car,car,car,11466.0,D_0016940,189,203,298274436.0,298274438.0,0.0,car:298274436:298274438:0,54.7773193308555,356715485,Estrada João Antônio da Silveira,secondary,,,,,,,,,
baseline,55,middle,work,car,car,car,11466.0,D_0016940,190,203,298274438.0,298276266.0,0.0,car:298274438:298276266:0,114.50630769068493,356715485,Estrada João Antônio da Silveira,secondary,,,,,,,,,
baseline,55,middle,work,car,car,car,11466.0,D_0016940,191,203,298276266.0,298274635.0,0.0,car:298276266:298274635:0,147.1345586099675,356715485,Estrada João Antônio da Silveira,secondary,,,,,,,,,
baseline,55,middle,work,car,car,car,11466.0,D_0016940,192,203,298274635.0,1398590083.0,0.0,car:298274635:1398590083:0,43.03916016331155,356715485,Estrada João Antônio da Silveira,secondary,,,,,,,,,
baseline,55,middle,work,car,car,car,11466.0,D_0016940,193,203,1398590083.0,1408377664.0,0.0,car:1398590083:1408377664:0,37.31106578316506,243181688,Avenida Economista Nilo Wulff,tertiary,,,,,,,,,
baseline,55,middle,work,car,car,car,11466.0,D_0016940,194,203,1408377664.0,2329996707.0,0.0,car:1408377664:2329996707:0,151.6855311322455,260531088,Avenida Economista Nilo Wulff,tertiary,,,,,,,,,
baseline,55,middle,work,car,car,car,11466.0,D_0016940,195,203,2329996707.0,1400518004.0,0.0,car:2329996707:1400518004:0,48.828533470624805,260531088,Avenida Economista Nilo Wulff,tertiary,,,,,,,,,
baseline,55,middle,work,car,car,car,11466.0,D_0016940,196,203,1400518004.0,4408411839.0,0.0,car:1400518004:4408411839:0,97.61890692356825,260531088,Avenida Economista Nilo Wulff,tertiary,,,,,,,,,
baseline,55,middle,work,car,car,car,11466.0,D_0016940,197,203,4408411839.0,1400508472.0,0.0,car:4408411839:1400508472:0,99.78609634799068,260531088,Avenida Economista Nilo Wulff,tertiary,,,,,,,,,
baseline,55,middle,work,car,car,car,11466.0,D_0016940,198,203,1400508472.0,1400508454.0,0.0,car:1400508472:1400508454:0,12.769060983871638,126306421,Rua Tenente Arizoly Fagundes,residential,,,,,,,,,
baseline,55,middle,work,car,car,car,11466.0,D_0016940,199,203,1400508454.0,1400508462.0,0.0,car:1400508454:1400508462:0,97.64282776815907,473030646,Rua Tenente Arizoly Fagundes,residential,,,,,,,,,
baseline,55,middle,work,car,car,car,11466.0,D_0016940,200,203,1400508462.0,9031997014.0,0.0,car:1400508462:9031997014:0,60.96274993790593,243185579,Rua Rubem Pereira Torelly,residential,,,,,,,,,
baseline,55,middle,work,car,car,car,11466.0,D_0016940,201,203,9031997014.0,1400508466.0,0.0,car:9031997014:1400508466:0,127.89724032968564,243185579,Rua Rubem Pereira Torelly,residential,,,,,,,,,
baseline,55,middle,work,car,car,car,11466.0,D_0016940,202,203,1400508466.0,1400508461.0,0.0,car:1400508466:1400508461:0,181.26493846586484,243185579,Rua Rubem Pereira Torelly,residential,,,,,,,,,
baseline,56,middle,leisure,car,car,car,3461.0,D_0004158,0,30,297623612.0,412541513.0,0.0,car:297623612:412541513:0,146.91198852072696,450496436,Avenida Cristóvão Colombo,secondary,,,,,,,,,
baseline,56,middle,leisure,car,car,car,3461.0,D_0004158,1,30,412541513.0,299848845.0,0.0,car:412541513:299848845:0,114.49881428710545,1485533452|1485152878,Avenida Cristóvão Colombo,secondary,,,,,,,,,
baseline,56,middle,leisure,car,car,car,3461.0,D_0004158,2,30,299848845.0,297623562.0,0.0,car:299848845:297623562:0,86.51278071690321,356395923,Avenida Cristóvão Colombo,secondary,,,,,,,,,
baseline,56,middle,leisure,car,car,car,3461.0,D_0004158,3,30,297623562.0,299855682.0,0.0,car:297623562:299855682:0,58.63859274704557,444002066,Avenida Cristóvão Colombo,secondary,,,,,,,,,
baseline,56,middle,leisure,car,car,car,3461.0,D_0004158,4,30,299855682.0,299855823.0,0.0,car:299855682:299855823:0,187.26599003856495,356395934,Avenida Cristóvão Colombo,tertiary,,,,,,,,,
baseline,56,middle,leisure,car,car,car,3461.0,D_0004158,5,30,299855823.0,443399502.0,0.0,car:299855823:443399502:0,96.8067888468534,189621988,Rua Doutor Barros Cassal,tertiary,,,,,,,,,
baseline,56,middle,leisure,car,car,car,3461.0,D_0004158,6,30,443399502.0,3243546348.0,0.0,car:443399502:3243546348:0,127.07374204477134,131452737,Rua Doutor Barros Cassal,tertiary,,,,,,,,,
baseline,56,middle,leisure,car,car,car,3461.0,D_0004158,7,30,3243546348.0,2776089730.0,0.0,car:3243546348:2776089730:0,126.74577199108211,131452735,Rua Irmão José Otão,secondary,,,,,,,,,
baseline,56,middle,leisure,car,car,car,3461.0,D_0004158,8,30,2776089730.0,8600413412.0,0.0,car:2776089730:8600413412:0,57.35460443774048,478203138,Rua Irmão José Otão,secondary,,,,,,,,,
baseline,56,middle,leisure,car,car,car,3461.0,D_0004158,9,30,8600413412.0,2776089725.0,0.0,car:8600413412:2776089725:0,10.609120968096216,926881269,Rua Irmão José Otão,secondary,,,,,,,,,
baseline,56,middle,leisure,car,car,car,3461.0,D_0004158,10,30,2776089725.0,1446704613.0,0.0,car:2776089725:1446704613:0,14.490519520189446,541933573,Rua Irmão José Otão,secondary,,,,,,,,,
baseline,56,middle,leisure,car,car,car,3461.0,D_0004158,11,30,1446704613.0,297615759.0,0.0,car:1446704613:297615759:0,119.13591979286852,131451536|926881268,Rua Sarmento Leite,secondary,,,,,,,,,
baseline,56,middle,leisure,car,car,car,3461.0,D_0004158,12,30,297615759.0,8600413401.0,0.0,car:297615759:8600413401:0,43.67671433815494,189615592,Rua Sarmento Leite,primary,,,,,,,,,
baseline,56,middle,leisure,car,car,car,3461.0,D_0004158,13,30,8600413401.0,3244510687.0,0.0,car:8600413401:3244510687:0,40.10446262474878,926881266,Rua Sarmento Leite,primary,,,,,,,,,
baseline,56,middle,leisure,car,car,car,3461.0,D_0004158,14,30,3244510687.0,3329365553.0,0.0,car:3244510687:3329365553:0,46.527287054128365,27126322,Rua Sarmento Leite,primary,,,,,,,,,
baseline,56,middle,leisure,car,car,car,3461.0,D_0004158,15,30,3329365553.0,297614931.0,0.0,car:3329365553:297614931:0,200.600067607861,1491107216|500726022|356396662|356396663,Rua Sarmento Leite,primary,,,,,,,,,
baseline,56,middle,leisure,car,car,car,3461.0,D_0004158,16,30,297614931.0,297360242.0,0.0,car:297614931:297360242:0,81.11971272507611,356396664|562626716,Rua Sarmento Leite,primary,,,,,,,,,
baseline,56,middle,leisure,car,car,car,3461.0,D_0004158,17,30,297360242.0,297360232.0,0.0,car:297360242:297360232:0,91.2311798909293,208590049|208590047,Avenida Loureiro da Silva,primary,,,,,,,,,
baseline,56,middle,leisure,car,car,car,3461.0,D_0004158,18,30,297360232.0,8600037561.0,0.0,car:297360232:8600037561:0,201.4532033507715,398437182,Avenida Loureiro da Silva,secondary,,,,,,,,,
baseline,56,middle,leisure,car,car,car,3461.0,D_0004158,19,30,8600037561.0,297360226.0,0.0,car:8600037561:297360226:0,62.66576325727119,926832644,Avenida Loureiro da Silva,secondary,,,,,,,,,
baseline,56,middle,leisure,car,car,car,3461.0,D_0004158,20,30,297360226.0,2189310273.0,0.0,car:297360226:2189310273:0,202.2592386697417,562621056|929830033|287533428|562621055,Avenida Loureiro da Silva,secondary,,,,,,,,,
baseline,56,middle,leisure,car,car,car,3461.0,D_0004158,21,30,2189310273.0,2189310277.0,0.0,car:2189310273:2189310277:0,14.600061963589535,287533490,Rua José do Patrocínio,tertiary,,,,,,,,,
baseline,56,middle,leisure,car,car,car,3461.0,D_0004158,22,30,2189310277.0,2165260159.0,0.0,car:2189310277:2165260159:0,66.38404395405767,562608546|359881974,Rua José do Patrocínio,tertiary,,,,,,,,,
baseline,56,middle,leisure,car,car,car,3461.0,D_0004158,23,30,2165260159.0,1906962565.0,0.0,car:2165260159:1906962565:0,123.09670666015212,359881974,Rua José do Patrocínio,tertiary,,,,,,,,,
baseline,56,middle,leisure,car,car,car,3461.0,D_0004158,24,30,1906962565.0,1906959907.0,0.0,car:1906962565:1906959907:0,73.08939317032747,359881974,Rua José do Patrocínio,tertiary,,,,,,,,,
baseline,56,middle,leisure,car,car,car,3461.0,D_0004158,25,30,1906959907.0,321231552.0,0.0,car:1906959907:321231552:0,172.53761598274173,359881974,Rua José do Patrocínio,tertiary,,,,,,,,,
baseline,56,middle,leisure,car,car,car,3461.0,D_0004158,26,30,321231552.0,321231580.0,0.0,car:321231552:321231580:0,83.70113867010585,359881974,Rua José do Patrocínio,tertiary,,,,,,,,,
baseline,56,middle,leisure,car,car,car,3461.0,D_0004158,27,30,321231580.0,321231569.0,0.0,car:321231580:321231569:0,105.92486989855223,359881974,Rua José do Patrocínio,tertiary,,,,,,,,,
baseline,56,middle,leisure,car,car,car,3461.0,D_0004158,28,30,321231569.0,317713292.0,0.0,car:321231569:317713292:0,83.04182903317735,359881974,Rua José do Patrocínio,tertiary,,,,,,,,,
baseline,56,middle,leisure,car,car,car,3461.0,D_0004158,29,30,317713292.0,2129191213.0,0.0,car:317713292:2129191213:0,138.95010770225193,27882455,Rua Joaquim Nabuco,tertiary,,,,,,,,,
baseline,57,middle,work,car,car,car,4012.0,D_0014085,0,151,442232902.0,445836859.0,0.0,car:442232902:445836859:0,110.57339165855606,563368179|912194716,Rua Mário de Artagão|Rua Irmã Nely,residential,,,,,,,,,
baseline,57,middle,work,car,car,car,4012.0,D_0014085,1,151,445836859.0,445836857.0,0.0,car:445836859:445836857:0,179.21872274406851,130580806,Rua Paulino Azurenha,tertiary,,,,,,,,,
baseline,57,middle,work,car,car,car,4012.0,D_0014085,2,151,445836857.0,445836855.0,0.0,car:445836857:445836855:0,179.82263052681594,130580806,Rua Paulino Azurenha,tertiary,,,,,,,,,
baseline,57,middle,work,car,car,car,4012.0,D_0014085,3,151,445836855.0,445836853.0,0.0,car:445836855:445836853:0,182.0152684082722,130580806,Rua Paulino Azurenha,tertiary,,,,,,,,,
baseline,57,middle,work,car,car,car,4012.0,D_0014085,4,151,445836853.0,294902992.0,0.0,car:445836853:294902992:0,103.71231115876553,132245641,Rua Paulino Azurenha,tertiary,,,,,,,,,
baseline,57,middle,work,car,car,car,4012.0,D_0014085,5,151,294902992.0,3618665077.0,0.0,car:294902992:3618665077:0,7.647224910508923,37721505,Rua Paulino Azurenha,tertiary,,,,,,,,,
baseline,57,middle,work,car,car,car,4012.0,D_0014085,6,151,3618665077.0,1437738442.0,0.0,car:3618665077:1437738442:0,7.6472263539316625,37721505,Rua Paulino Azurenha,tertiary,,,,,,,,,
baseline,57,middle,work,car,car,car,4012.0,D_0014085,7,151,1437738442.0,294899648.0,0.0,car:1437738442:294899648:0,121.63155870143548,356395790,Avenida Bento Gonçalves,primary,,,,,,,,,
baseline,57,middle,work,car,car,car,4012.0,D_0014085,8,151,294899648.0,312787715.0,0.0,car:294899648:312787715:0,210.23119545862457,130580805,Rua Guilherme Alves,secondary,,,,,,,,,
baseline,57,middle,work,car,car,car,4012.0,D_0014085,9,151,312787715.0,12851070544.0,0.0,car:312787715:12851070544:0,126.53872225195474,130580805,Rua Guilherme Alves,secondary,,,,,,,,,
baseline,57,middle,work,car,car,car,4012.0,D_0014085,10,151,12851070544.0,312787716.0,0.0,car:12851070544:312787716:0,54.879123055568996,130580805,Rua Guilherme Alves,secondary,,,,,,,,,
baseline,57,middle,work,car,car,car,4012.0,D_0014085,11,151,312787716.0,2379649986.0,0.0,car:312787716:2379649986:0,159.60462450500626,130580805,Rua Guilherme Alves,secondary,,,,,,,,,
baseline,57,middle,work,car,car,car,4012.0,D_0014085,12,151,2379649986.0,2379649968.0,0.0,car:2379649986:2379649968:0,51.33113108083995,229491238|229491233|229491235|930398526,Rua Guilherme Alves,secondary,,,,,,,,,
baseline,57,middle,work,car,car,car,4012.0,D_0014085,13,151,2379649968.0,312592830.0,0.0,car:2379649968:312592830:0,206.240777471549,924514917|189477007,Rua Guilherme Alves,secondary,,,,,,,,,
baseline,57,middle,work,car,car,car,4012.0,D_0014085,14,151,312592830.0,312597483.0,0.0,car:312592830:312597483:0,90.20866116918472,451653467,Rua Guilherme Alves,secondary,,,,,,,,,
baseline,57,middle,work,car,car,car,4012.0,D_0014085,15,151,312597483.0,312597209.0,0.0,car:312597483:312597209:0,25.82841647425369,451653466,Rua Guilherme Alves,secondary,,,,,,,,,
baseline,57,middle,work,car,car,car,4012.0,D_0014085,16,151,312597209.0,312599129.0,0.0,car:312597209:312599129:0,151.24757855667843,451653468,Rua Guilherme Alves,secondary,,,,,,,,,
baseline,57,middle,work,car,car,car,4012.0,D_0014085,17,151,312599129.0,312599853.0,0.0,car:312599129:312599853:0,164.34761101438858,1228670310,Rua Guilherme Alves,secondary,,,,,,,,,
baseline,57,middle,work,car,car,car,4012.0,D_0014085,18,151,312599853.0,312739341.0,0.0,car:312599853:312739341:0,362.8667432227032,924519507|358901771,Rua Guilherme Alves,tertiary,,,,,,,,,
baseline,57,middle,work,car,car,car,4012.0,D_0014085,19,151,312739341.0,300464129.0,0.0,car:312739341:300464129:0,100.83106025873015,27370821,Rua Ferreira Viana,tertiary,,,,,,,,,
baseline,57,middle,work,car,car,car,4012.0,D_0014085,20,151,300464129.0,2052729066.0,0.0,car:300464129:2052729066:0,94.11105029865547,131406870,Rua Felizardo Furtado,tertiary,,,,,,,,,
baseline,57,middle,work,car,car,car,4012.0,D_0014085,21,151,2052729066.0,2052729072.0,0.0,car:2052729066:2052729072:0,105.97260356900324,27370579,Rua Saicã,tertiary,,,,,,,,,
baseline,57,middle,work,car,car,car,4012.0,D_0014085,22,151,2052729072.0,2052729068.0,0.0,car:2052729072:2052729068:0,110.72855712637428,27370593,Rua Lavradio,residential,,,,,,,,,
baseline,57,middle,work,car,car,car,4012.0,D_0014085,23,151,2052729068.0,8417246358.0,0.0,car:2052729068:8417246358:0,164.69259432306526,27370617,Rua Sacadura Cabral,tertiary,,,,,,,,,
baseline,57,middle,work,car,car,car,4012.0,D_0014085,24,151,8417246358.0,300466316.0,0.0,car:8417246358:300466316:0,28.920131386825116,27370617,Rua Sacadura Cabral,tertiary,,,,,,,,,
baseline,57,middle,work,car,car,car,4012.0,D_0014085,25,151,300466316.0,312898017.0,0.0,car:300466316:312898017:0,181.45704102635997,27370611,Rua Lagoinha,residential,,,,,,,,,
baseline,57,middle,work,car,car,car,4012.0,D_0014085,26,151,312898017.0,312897979.0,0.0,car:312898017:312897979:0,101.35106263977084,326368198,Avenida Protásio Alves,primary,,,,,,,,,
baseline,57,middle,work,car,car,car,4012.0,D_0014085,27,151,312897979.0,312897890.0,0.0,car:312897979:312897890:0,93.85856428900084,451653079,Avenida Protásio Alves,primary,,,,,,,,,
baseline,57,middle,work,car,car,car,4012.0,D_0014085,28,151,312897890.0,3618664628.0,0.0,car:312897890:3618664628:0,1.1590971572783777,131881451,Avenida Protásio Alves,primary,,,,,,,,,
baseline,57,middle,work,car,car,car,4012.0,D_0014085,29,151,3618664628.0,295519219.0,0.0,car:3618664628:295519219:0,303.8648198668213,131881451,Avenida Protásio Alves,primary,,,,,,,,,
baseline,57,middle,work,car,car,car,4012.0,D_0014085,30,151,295519219.0,1538080633.0,0.0,car:295519219:1538080633:0,97.35403192034227,131881451,Avenida Protásio Alves,primary,,,,,,,,,
baseline,57,middle,work,car,car,car,4012.0,D_0014085,31,151,1538080633.0,8580676705.0,0.0,car:1538080633:8580676705:0,61.926696171209784,131881451,Avenida Protásio Alves,primary,,,,,,,,,
baseline,57,middle,work,car,car,car,4012.0,D_0014085,32,151,8580676705.0,295519175.0,0.0,car:8580676705:295519175:0,11.473389148133812,131881451,Avenida Protásio Alves,primary,,,,,,,,,
baseline,57,middle,work,car,car,car,4012.0,D_0014085,33,151,295519175.0,295519173.0,0.0,car:295519175:295519173:0,43.040276087690835,326368199,Avenida Protásio Alves,primary,,,,,,,,,
baseline,57,middle,work,car,car,car,4012.0,D_0014085,34,151,295519173.0,295519170.0,0.0,car:295519173:295519170:0,89.45601977926418,927750079,Avenida Protásio Alves,primary,,,,,,,,,
baseline,57,middle,work,car,car,car,4012.0,D_0014085,35,151,295519170.0,3618664485.0,0.0,car:295519170:3618664485:0,35.02161732088026,356397383,,busway,,,,,,,,,
baseline,57,middle,work,car,car,car,4012.0,D_0014085,36,151,3618664485.0,3618664494.0,0.0,car:3618664485:3618664494:0,28.71565209449581,356398214,Corredor de Transporte Coletivo Protásio Alves,busway,,,,,,,,,
baseline,57,middle,work,car,car,car,4012.0,D_0014085,37,151,3618664494.0,1145769080.0,0.0,car:3618664494:1145769080:0,68.28276515160378,245577984|924513181|356398214,Viaduto Jorge Alberto Mendes Ribeiro|Corredor de Transporte Coletivo Protásio Alves,busway,,,,,,,,,
baseline,57,middle,work,car,car,car,4012.0,D_0014085,38,151,1145769080.0,3618664492.0,0.0,car:1145769080:3618664492:0,18.92028342684757,245578095,,busway,,,,,,,,,
baseline,57,middle,work,car,car,car,4012.0,D_0014085,39,151,3618664492.0,315740844.0,0.0,car:3618664492:315740844:0,29.139323053288724,245578095,,busway,,,,,,,,,
baseline,57,middle,work,car,car,car,4012.0,D_0014085,40,151,315740844.0,315764531.0,0.0,car:315740844:315764531:0,105.90641841470224,27344401,Avenida Carlos Gomes,primary,,,,,,,,,
baseline,57,middle,work,car,car,car,4012.0,D_0014085,41,151,315764531.0,444910590.0,0.0,car:315764531:444910590:0,72.20801529819308,69743407,Rua Luiz Voelcker,residential,,,,,,,,,
baseline,57,middle,work,car,car,car,4012.0,D_0014085,42,151,444910590.0,9034067786.0,0.0,car:444910590:9034067786:0,48.0502098219301,220814641,Rua Luiz Voelcker,residential,,,,,,,,,
baseline,57,middle,work,car,car,car,4012.0,D_0014085,43,151,9034067786.0,4937195571.0,0.0,car:9034067786:4937195571:0,12.730200213826123,220814641,Rua Luiz Voelcker,residential,,,,,,,,,
baseline,57,middle,work,car,car,car,4012.0,D_0014085,44,151,4937195571.0,308370593.0,0.0,car:4937195571:308370593:0,18.305317068795144,220814641,Rua Luiz Voelcker,residential,,,,,,,,,
baseline,57,middle,work,car,car,car,4012.0,D_0014085,45,151,308370593.0,1286851481.0,0.0,car:308370593:1286851481:0,108.56383381653714,326309722,Rua Luiz Voelcker,residential,,,,,,,,,
baseline,57,middle,work,car,car,car,4012.0,D_0014085,46,151,1286851481.0,1286851367.0,0.0,car:1286851481:1286851367:0,288.8705569372023,220814634|925359706,Rua Carlos Huber,secondary,,,,,,,,,
baseline,57,middle,work,car,car,car,4012.0,D_0014085,47,151,1286851367.0,715375261.0,0.0,car:1286851367:715375261:0,141.78002758350416,100706557,Rua Carlos Huber,secondary,,,,,,,,,
baseline,57,middle,work,car,car,car,4012.0,D_0014085,48,151,715375261.0,715375256.0,0.0,car:715375261:715375256:0,117.35174071282187,100706557,Rua Carlos Huber,secondary,,,,,,,,,
baseline,57,middle,work,car,car,car,4012.0,D_0014085,49,151,715375256.0,715375203.0,0.0,car:715375256:715375203:0,100.33520581248573,100706557,Rua Carlos Huber,secondary,,,,,,,,,
baseline,57,middle,work,car,car,car,4012.0,D_0014085,50,151,715375203.0,1139971884.0,0.0,car:715375203:1139971884:0,16.478645855290242,100706557,Rua Carlos Huber,secondary,,,,,,,,,
baseline,57,middle,work,car,car,car,4012.0,D_0014085,51,151,1139971884.0,298893013.0,0.0,car:1139971884:298893013:0,97.35415612211315,100706557,Rua Carlos Huber,secondary,,,,,,,,,
baseline,57,middle,work,car,car,car,4012.0,D_0014085,52,151,298893013.0,2447634704.0,0.0,car:298893013:2447634704:0,95.80385745202942,215346874,Rua Carlos Huber,secondary,,,,,,,,,
baseline,57,middle,work,car,car,car,4012.0,D_0014085,53,151,2447634704.0,2768814103.0,0.0,car:2447634704:2768814103:0,40.545473203199265,288143099,Rua Carlos Huber,secondary,,,,,,,,,
baseline,57,middle,work,car,car,car,4012.0,D_0014085,54,151,2768814103.0,2916935589.0,0.0,car:2768814103:2916935589:0,51.639226857523425,451653001,Rua Carlos Huber,secondary,,,,,,,,,
baseline,57,middle,work,car,car,car,4012.0,D_0014085,55,151,2916935589.0,2916935588.0,0.0,car:2916935589:2916935588:0,13.293389908530964,201389616,Avenida João Wallig,secondary,,,,,,,,,
baseline,57,middle,work,car,car,car,4012.0,D_0014085,56,151,2916935588.0,832669271.0,0.0,car:2916935588:832669271:0,63.77890314461066,201389616,Avenida João Wallig,secondary,,,,,,,,,
baseline,57,middle,work,car,car,car,4012.0,D_0014085,57,151,832669271.0,832669269.0,0.0,car:832669271:832669269:0,114.5419162249918,201389616,Avenida João Wallig,secondary,,,,,,,,,
baseline,57,middle,work,car,car,car,4012.0,D_0014085,58,151,832669269.0,308387056.0,0.0,car:832669269:308387056:0,115.89263864187913,201389616,Avenida João Wallig,secondary,,,,,,,,,
baseline,57,middle,work,car,car,car,4012.0,D_0014085,59,151,308387056.0,1139969100.0,0.0,car:308387056:1139969100:0,39.90991302495846,28081561,Avenida João Wallig,secondary,,,,,,,,,
baseline,57,middle,work,car,car,car,4012.0,D_0014085,60,151,1139969100.0,4847871062.0,0.0,car:1139969100:4847871062:0,15.577344365576822,451653043,Avenida Doutor Nilo Peçanha,secondary,,,,,,,,,
baseline,57,middle,work,car,car,car,4012.0,D_0014085,61,151,4847871062.0,298896745.0,0.0,car:4847871062:298896745:0,34.73610664348228,451653043,Avenida Doutor Nilo Peçanha,secondary,,,,,,,,,
baseline,57,middle,work,car,car,car,4012.0,D_0014085,62,151,298896745.0,489916711.0,0.0,car:298896745:489916711:0,69.46353008184467,356396072,Avenida Doutor Nilo Peçanha,secondary,,,,,,,,,
baseline,57,middle,work,car,car,car,4012.0,D_0014085,63,151,489916711.0,842816491.0,0.0,car:489916711:842816491:0,40.054465970869174,356396072,Avenida Doutor Nilo Peçanha,secondary,,,,,,,,,
baseline,57,middle,work,car,car,car,4012.0,D_0014085,64,151,842816491.0,296022173.0,0.0,car:842816491:296022173:0,18.429684105697135,70639367,Rua Antônio Carlos Berta,secondary,,,,,,,,,
baseline,57,middle,work,car,car,car,4012.0,D_0014085,65,151,296022173.0,1139972475.0,0.0,car:296022173:1139972475:0,22.642287117772128,27209405|492814071,Rua Antônio Carlos Berta,secondary,,,,,,,,,
baseline,57,middle,work,car,car,car,4012.0,D_0014085,66,151,1139972475.0,1140165323.0,0.0,car:1139972475:1140165323:0,83.05006466825898,451653238,Rua Antônio Carlos Berta,secondary,,,,,,,,,
baseline,57,middle,work,car,car,car,4012.0,D_0014085,67,151,1140165323.0,298933775.0,0.0,car:1140165323:298933775:0,369.9110243595409,451653238,Rua Antônio Carlos Berta,secondary,,,,,,,,,
baseline,57,middle,work,car,car,car,4012.0,D_0014085,68,151,298933775.0,308427297.0,0.0,car:298933775:308427297:0,89.84476520695473,451653238,Rua Antônio Carlos Berta,secondary,,,,,,,,,
baseline,57,middle,work,car,car,car,4012.0,D_0014085,69,151,308427297.0,308427352.0,0.0,car:308427297:308427352:0,12.890965607322117,28083862,Rua Thadeu Onar,secondary,,,,,,,,,
baseline,57,middle,work,car,car,car,4012.0,D_0014085,70,151,308427352.0,471017100.0,0.0,car:308427352:471017100:0,181.3127116673842,699733542|27209494,Rua Thadeu Onar,secondary,,,,,,,,,
baseline,57,middle,work,car,car,car,4012.0,D_0014085,71,151,471017100.0,2871598479.0,0.0,car:471017100:2871598479:0,75.78168628910443,356396489,Rua Coronel Francisco Bitencourt,secondary,,,,,,,,,
baseline,57,middle,work,car,car,car,4012.0,D_0014085,72,151,2871598479.0,2871598476.0,0.0,car:2871598479:2871598476:0,13.053831932223568,356396490,Rua Coronel Francisco Bitencourt,secondary,,,,,,,,,
baseline,57,middle,work,car,car,car,4012.0,D_0014085,73,151,2871598476.0,2871598477.0,0.0,car:2871598476:2871598477:0,9.076406847668581,283272904,Rua Doutor Ari Ramos de Lima,secondary,,,,,,,,,
baseline,57,middle,work,car,car,car,4012.0,D_0014085,74,151,2871598477.0,2435367878.0,0.0,car:2871598477:2435367878:0,101.25836864170319,27209646,Rua Doutor Ari Ramos de Lima,secondary,,,,,,,,,
baseline,57,middle,work,car,car,car,4012.0,D_0014085,75,151,2435367878.0,876412332.0,0.0,car:2435367878:876412332:0,102.42578485811973,326126502,Avenida Doutor João Simplício Alves de Carvalho,tertiary,,,,,,,,,
baseline,57,middle,work,car,car,car,4012.0,D_0014085,76,151,876412332.0,874384397.0,0.0,car:876412332:874384397:0,77.47988311973495,326126502,Avenida Doutor João Simplício Alves de Carvalho,tertiary,,,,,,,,,
baseline,57,middle,work,car,car,car,4012.0,D_0014085,77,151,874384397.0,874384417.0,0.0,car:874384397:874384417:0,29.08949660736069,451652934,Avenida Doutor João Simplício Alves de Carvalho,tertiary,,,,,,,,,
baseline,57,middle,work,car,car,car,4012.0,D_0014085,78,151,874384417.0,874384467.0,0.0,car:874384417:874384467:0,68.25486733478905,925247394|451652935,Avenida Doutor João Simplício Alves de Carvalho,tertiary,,,,,,,,,
baseline,57,middle,work,car,car,car,4012.0,D_0014085,79,151,874384467.0,874384475.0,0.0,car:874384467:874384475:0,83.77081918399365,451652935,Avenida Doutor João Simplício Alves de Carvalho,tertiary,,,,,,,,,
baseline,57,middle,work,car,car,car,4012.0,D_0014085,80,151,874384475.0,874384497.0,0.0,car:874384475:874384497:0,20.100445355702696,451652935,Avenida Doutor João Simplício Alves de Carvalho,tertiary,,,,,,,,,
baseline,57,middle,work,car,car,car,4012.0,D_0014085,81,151,874384497.0,874384416.0,0.0,car:874384497:874384416:0,132.96052473117172,451652935,Avenida Doutor João Simplício Alves de Carvalho,tertiary,,,,,,,,,
baseline,57,middle,work,car,car,car,4012.0,D_0014085,82,151,874384416.0,874384438.0,0.0,car:874384416:874384438:0,82.86493406833897,28083993,Rua Europa,residential,,,,,,,,,
baseline,57,middle,work,car,car,car,4012.0,D_0014085,83,151,874384438.0,874384363.0,0.0,car:874384438:874384363:0,62.56950022084524,222420368,Rua Gaston Englert,tertiary,,,,,,,,,
baseline,57,middle,work,car,car,car,4012.0,D_0014085,84,151,874384363.0,2429457820.0,0.0,car:874384363:2429457820:0,104.09116787943057,222420368,Rua Gaston Englert,tertiary,,,,,,,,,
baseline,57,middle,work,car,car,car,4012.0,D_0014085,85,151,2429457820.0,2429457840.0,0.0,car:2429457820:2429457840:0,96.34735984289456,222420368,Rua Gaston Englert,tertiary,,,,,,,,,
baseline,57,middle,work,car,car,car,4012.0,D_0014085,86,151,2429457840.0,874384403.0,0.0,car:2429457840:874384403:0,54.61159661435476,222420368,Rua Gaston Englert,tertiary,,,,,,,,,
baseline,57,middle,work,car,car,car,4012.0,D_0014085,87,151,874384403.0,5135950111.0,0.0,car:874384403:5135950111:0,74.28717913128914,263044965|263044967,Avenida do Forte,secondary,,,,,,,,,
baseline,57,middle,work,car,car,car,4012.0,D_0014085,88,151,5135950111.0,874384456.0,0.0,car:5135950111:874384456:0,9.100042404401544,263044967,Avenida do Forte,secondary,,,,,,,,,
baseline,57,middle,work,car,car,car,4012.0,D_0014085,89,151,874384456.0,874384371.0,0.0,car:874384456:874384371:0,38.41389988768472,263044970,Avenida do Forte,secondary,,,,,,,,,
baseline,57,middle,work,car,car,car,4012.0,D_0014085,90,151,874384371.0,331654494.0,0.0,car:874384371:331654494:0,210.96410294893357,30105278,Travessa Orion,residential,,,,,,,,,
baseline,57,middle,work,car,car,car,4012.0,D_0014085,91,151,331654494.0,652715681.0,0.0,car:331654494:652715681:0,154.8941819902568,477689592,Rua Alberto Silva,residential,,,,,,,,,
baseline,57,middle,work,car,car,car,4012.0,D_0014085,92,151,652715681.0,567895666.0,0.0,car:652715681:567895666:0,324.40516021357763,477689592,Rua Alberto Silva,residential,,,,,,,,,
baseline,57,middle,work,car,car,car,4012.0,D_0014085,93,151,567895666.0,567895654.0,0.0,car:567895666:567895654:0,116.05775971588946,477689592,Rua Alberto Silva,residential,,,,,,,,,
baseline,57,middle,work,car,car,car,4012.0,D_0014085,94,151,567895654.0,297129570.0,0.0,car:567895654:297129570:0,115.54426174784922,477689592,Rua Alberto Silva,residential,,,,,,,,,
baseline,57,middle,work,car,car,car,4012.0,D_0014085,95,151,297129570.0,3340766645.0,0.0,car:297129570:3340766645:0,97.53843705057685,925262258,Avenida Assis Brasil,secondary,,,,,,,,,
baseline,57,middle,work,car,car,car,4012.0,D_0014085,96,151,3340766645.0,297128218.0,0.0,car:3340766645:297128218:0,49.341622280925954,925264633,Avenida Assis Brasil,secondary,,,,,,,,,
baseline,57,middle,work,car,car,car,4012.0,D_0014085,97,151,297128218.0,331651308.0,0.0,car:297128218:331651308:0,80.36382066000077,925262257,Avenida Assis Brasil,secondary,,,,,,,,,
baseline,57,middle,work,car,car,car,4012.0,D_0014085,98,151,331651308.0,297128220.0,0.0,car:331651308:297128220:0,10.977585553467929,925262257,Avenida Assis Brasil,secondary,,,,,,,,,
baseline,57,middle,work,car,car,car,4012.0,D_0014085,99,151,297128220.0,951162394.0,0.0,car:297128220:951162394:0,131.12258591542133,81604392|925262257,Avenida Assis Brasil,secondary,,,,,,,,,
baseline,57,middle,work,car,car,car,4012.0,D_0014085,100,151,951162394.0,3712620653.0,0.0,car:951162394:3712620653:0,11.907352415779167,81604392,Avenida Assis Brasil,secondary,,,,,,,,,
baseline,57,middle,work,car,car,car,4012.0,D_0014085,101,151,3712620653.0,297832489.0,0.0,car:3712620653:297832489:0,167.48777717819127,81604392,Avenida Assis Brasil,secondary,,,,,,,,,
baseline,57,middle,work,car,car,car,4012.0,D_0014085,102,151,297832489.0,8531873400.0,0.0,car:297832489:8531873400:0,111.56091413859977,356395729,Avenida Assis Brasil,secondary,,,,,,,,,
baseline,57,middle,work,car,car,car,4012.0,D_0014085,103,151,8531873400.0,12337778955.0,0.0,car:8531873400:12337778955:0,11.17765926996817,918668432,Avenida Assis Brasil,secondary,,,,,,,,,
baseline,57,middle,work,car,car,car,4012.0,D_0014085,104,151,12337778955.0,297832491.0,0.0,car:12337778955:297832491:0,13.8598148460264,918668432,Avenida Assis Brasil,secondary,,,,,,,,,
baseline,57,middle,work,car,car,car,4012.0,D_0014085,105,151,297832491.0,8548150540.0,0.0,car:297832491:8548150540:0,71.014109832803,356395725,Rua Joaquim Silveira,secondary,,,,,,,,,
baseline,57,middle,work,car,car,car,4012.0,D_0014085,106,151,8548150540.0,8548150537.0,0.0,car:8548150540:8548150537:0,79.67688323663322,920658093,,secondary_link,,,,,,,,,
baseline,57,middle,work,car,car,car,4012.0,D_0014085,107,151,8548150537.0,8548150554.0,0.0,car:8548150537:8548150554:0,160.03139483297002,473229941|926818813,Avenida Assis Brasil,secondary,,,,,,,,,
baseline,57,middle,work,car,car,car,4012.0,D_0014085,108,151,8548150554.0,319701963.0,0.0,car:8548150554:319701963:0,299.26369970036217,473229941,Avenida Assis Brasil,secondary,,,,,,,,,
baseline,57,middle,work,car,car,car,4012.0,D_0014085,109,151,319701963.0,694284261.0,0.0,car:319701963:694284261:0,130.59706727695615,473229941,Avenida Assis Brasil,secondary,,,,,,,,,
baseline,57,middle,work,car,car,car,4012.0,D_0014085,110,151,694284261.0,7737501625.0,0.0,car:694284261:7737501625:0,149.9232363027433,903406949,Avenida Assis Brasil,secondary,,,,,,,,,
baseline,57,middle,work,car,car,car,4012.0,D_0014085,111,151,7737501625.0,297825969.0,0.0,car:7737501625:297825969:0,9.721054993990794,871467508,Avenida Assis Brasil,secondary,,,,,,,,,
baseline,57,middle,work,car,car,car,4012.0,D_0014085,112,151,297825969.0,8548150556.0,0.0,car:297825969:8548150556:0,8.736044966484483,871467506,Avenida Assis Brasil,secondary,,,,,,,,,
baseline,57,middle,work,car,car,car,4012.0,D_0014085,113,151,8548150556.0,321021646.0,0.0,car:8548150556:321021646:0,101.43647026456574,871467506,Avenida Assis Brasil,secondary,,,,,,,,,
baseline,57,middle,work,car,car,car,4012.0,D_0014085,114,151,321021646.0,297825973.0,0.0,car:321021646:297825973:0,126.18792702802317,871467506,Avenida Assis Brasil,secondary,,,,,,,,,
baseline,57,middle,work,car,car,car,4012.0,D_0014085,115,151,297825973.0,297825974.0,0.0,car:297825973:297825974:0,33.790879239528756,871467506,Avenida Assis Brasil,secondary,,,,,,,,,
baseline,57,middle,work,car,car,car,4012.0,D_0014085,116,151,297825974.0,3754635754.0,0.0,car:297825974:3754635754:0,138.64264443448323,326420690,Avenida Assis Brasil,secondary,,,,,,,,,
baseline,57,middle,work,car,car,car,4012.0,D_0014085,117,151,3754635754.0,694284280.0,0.0,car:3754635754:694284280:0,211.48864921294802,326420690,Avenida Assis Brasil,secondary,,,,,,,,,
baseline,57,middle,work,car,car,car,4012.0,D_0014085,118,151,694284280.0,694284275.0,0.0,car:694284280:694284275:0,12.834729486247767,371919790,Avenida Assis Brasil,primary,,,,,,,,,
baseline,57,middle,work,car,car,car,4012.0,D_0014085,119,151,694284275.0,3754635764.0,0.0,car:694284275:3754635764:0,74.53489066634167,130788634,Avenida Assis Brasil,primary,,,,,,,,,
baseline,57,middle,work,car,car,car,4012.0,D_0014085,120,151,3754635764.0,321026291.0,0.0,car:3754635764:321026291:0,267.4431683900399,130788634|924860661,Avenida Assis Brasil,primary,,,,,,,,,
baseline,57,middle,work,car,car,car,4012.0,D_0014085,121,151,321026291.0,320162223.0,0.0,car:321026291:320162223:0,218.22474362117782,923951955,Avenida Assis Brasil,primary,,,,,,,,,
baseline,57,middle,work,car,car,car,4012.0,D_0014085,122,151,320162223.0,297826261.0,0.0,car:320162223:297826261:0,11.92185466441611,923929964,Avenida Assis Brasil,primary,,,,,,,,,
baseline,57,middle,work,car,car,car,4012.0,D_0014085,123,151,297826261.0,320162193.0,0.0,car:297826261:320162193:0,68.01958169470554,923929964,Avenida Assis Brasil,primary,,,,,,,,,
baseline,57,middle,work,car,car,car,4012.0,D_0014085,124,151,320162193.0,8117171483.0,0.0,car:320162193:8117171483:0,117.50172108946336,413366217,Avenida Assis Brasil,primary,,,,,,,,,
baseline,57,middle,work,car,car,car,4012.0,D_0014085,125,151,8117171483.0,4259140199.0,0.0,car:8117171483:4259140199:0,65.75786817381936,871467504,Avenida Francisco Silveira Bitencourt,secondary,,,,,,,,,
baseline,57,middle,work,car,car,car,4012.0,D_0014085,126,151,4259140199.0,746978193.0,0.0,car:4259140199:746978193:0,170.8268723450676,222296309,Avenida Francisco Silveira Bitencourt,secondary,,,,,,,,,
baseline,57,middle,work,car,car,car,4012.0,D_0014085,127,151,746978193.0,320160576.0,0.0,car:746978193:320160576:0,350.3409593799785,222296309,Avenida Francisco Silveira Bitencourt,secondary,,,,,,,,,
baseline,57,middle,work,car,car,car,4012.0,D_0014085,128,151,320160576.0,2312774631.0,0.0,car:320160576:2312774631:0,38.21425395897739,99431437,Avenida Francisco Silveira Bitencourt,secondary,,,,,,,,,
baseline,57,middle,work,car,car,car,4012.0,D_0014085,129,151,2312774631.0,2312780518.0,0.0,car:2312774631:2312780518:0,17.591704299874742,99431437,Avenida Francisco Silveira Bitencourt,secondary,,,,,,,,,
baseline,57,middle,work,car,car,car,4012.0,D_0014085,130,151,2312780518.0,320162678.0,0.0,car:2312780518:320162678:0,18.297162183023847,99431437,Avenida Francisco Silveira Bitencourt,secondary,,,,,,,,,
baseline,57,middle,work,car,car,car,4012.0,D_0014085,131,151,320162678.0,321398288.0,0.0,car:320162678:321398288:0,16.23627748815801,777563971,Avenida Francisco Silveira Bitencourt,secondary,,,,,,,,,
baseline,57,middle,work,car,car,car,4012.0,D_0014085,132,151,321398288.0,1150051040.0,0.0,car:321398288:1150051040:0,25.828815072047064,777563973,Avenida Francisco Silveira Bitencourt,secondary,,,,,,,,,
baseline,57,middle,work,car,car,car,4012.0,D_0014085,133,151,1150051040.0,320160573.0,0.0,car:1150051040:320160573:0,45.68219888466426,777563972,Avenida Francisco Silveira Bitencourt,secondary,,,,,,,,,
baseline,57,middle,work,car,car,car,4012.0,D_0014085,134,151,320160573.0,8527152049.0,0.0,car:320160573:8527152049:0,230.9954668701688,1135509396|356396015,Avenida Francisco Silveira Bitencourt,secondary,,,,,,,,,
baseline,57,middle,work,car,car,car,4012.0,D_0014085,135,151,8527152049.0,320160568.0,0.0,car:8527152049:320160568:0,68.80254957760155,356396015,Avenida Francisco Silveira Bitencourt,secondary,,,,,,,,,
baseline,57,middle,work,car,car,car,4012.0,D_0014085,136,151,320160568.0,320160565.0,0.0,car:320160568:320160565:0,245.68480849835575,356396015,Avenida Francisco Silveira Bitencourt,secondary,,,,,,,,,
baseline,57,middle,work,car,car,car,4012.0,D_0014085,137,151,320160565.0,320044915.0,0.0,car:320160565:320044915:0,284.50378296045244,418997895,Avenida Francisco Silveira Bitencourt,secondary,,,,,,,,,
baseline,57,middle,work,car,car,car,4012.0,D_0014085,138,151,320044915.0,320045525.0,0.0,car:320044915:320045525:0,49.817648997966685,418997896,Avenida Francisco Silveira Bitencourt,secondary,,,,,,,,,
baseline,57,middle,work,car,car,car,4012.0,D_0014085,139,151,320045525.0,1439830359.0,0.0,car:320045525:1439830359:0,66.25308396908491,418997894,,secondary_link,,,,,,,,,
baseline,57,middle,work,car,car,car,4012.0,D_0014085,140,151,1439830359.0,4191950662.0,0.0,car:1439830359:4191950662:0,11.769368343412957,29096166,Avenida Plínio Kroeff,secondary,,,,,,,,,
baseline,57,middle,work,car,car,car,4012.0,D_0014085,141,151,4191950662.0,320044954.0,0.0,car:4191950662:320044954:0,25.333469334222528,962974806,Avenida Plínio Kroeff,secondary,,,,,,,,,
baseline,57,middle,work,car,car,car,4012.0,D_0014085,142,151,320044954.0,664273755.0,0.0,car:320044954:664273755:0,321.7770941268175,924832313|29096162,Avenida Francisco Silveira Bitencourt,secondary,,,,,,,,,
baseline,57,middle,work,car,car,car,4012.0,D_0014085,143,151,664273755.0,6159784070.0,0.0,car:664273755:6159784070:0,66.06696249141147,356395833,Avenida Bernardino Silveira Amorim,secondary,,,,,,,,,
baseline,57,middle,work,car,car,car,4012.0,D_0014085,144,151,6159784070.0,9011679317.0,0.0,car:6159784070:9011679317:0,20.798512159595543,973762147,Avenida Bernardino Silveira Pastoriza,secondary,,,,,,,,,
baseline,57,middle,work,car,car,car,4012.0,D_0014085,145,151,9011679317.0,890868376.0,0.0,car:9011679317:890868376:0,38.094628552780854,130807800,Avenida Bernardino Silveira Pastoriza,secondary,,,,,,,,,
baseline,57,middle,work,car,car,car,4012.0,D_0014085,146,151,890868376.0,320043962.0,0.0,car:890868376:320043962:0,132.99679846771352,130807800,Avenida Bernardino Silveira Pastoriza,secondary,,,,,,,,,
baseline,57,middle,work,car,car,car,4012.0,D_0014085,147,151,320043962.0,2009635753.0,0.0,car:320043962:2009635753:0,44.65067736392903,393911874,Avenida Bernardino Silveira Pastoriza,secondary,,,,,,,,,
baseline,57,middle,work,car,car,car,4012.0,D_0014085,148,151,2009635753.0,480298940.0,0.0,car:2009635753:480298940:0,59.691652347034164,356395835,Avenida Bernardino Silveira Pastoriza,secondary,,,,,,,,,
baseline,57,middle,work,car,car,car,4012.0,D_0014085,149,151,480298940.0,480298891.0,0.0,car:480298940:480298891:0,56.79140954114725,356395835,Avenida Bernardino Silveira Pastoriza,secondary,,,,,,,,,
baseline,57,middle,work,car,car,car,4012.0,D_0014085,150,151,480298891.0,480298920.0,0.0,car:480298891:480298920:0,66.42222070098258,356395835,Avenida Bernardino Silveira Pastoriza,secondary,,,,,,,,,
baseline,60,high,leisure,bike,bike,bike,3437.0,D_0002247,0,41,295523686.0,3329365567.0,0.0,bike:295523686:3329365567:0,13.73589505026711,206771856,Rua Fernandes Vieira,tertiary,,,,,,,,,
baseline,60,high,leisure,bike,bike,bike,3437.0,D_0002247,1,41,3329365567.0,3618664385.0,0.0,bike:3329365567:3618664385:0,152.98724685782776,1282045359,Corredor de Transporte Coletivo Osvaldo Aranha,busway,,,,,,,,,
baseline,60,high,leisure,bike,bike,bike,3437.0,D_0002247,2,41,3618664385.0,3329365572.0,0.0,bike:3618664385:3329365572:0,75.37627882539573,356397911,Corredor de Transporte Coletivo Osvaldo Aranha,busway,,,,,,,,,
baseline,60,high,leisure,bike,bike,bike,3437.0,D_0002247,3,41,3329365572.0,3618664400.0,0.0,bike:3329365572:3618664400:0,78.74332159851029,356397081,Corredor de Transporte Coletivo Osvaldo Aranha,busway,,,,,,,,,
baseline,60,high,leisure,bike,bike,bike,3437.0,D_0002247,4,41,3618664400.0,3618664408.0,0.0,bike:3618664400:3618664408:0,113.4063469493613,356397848,Corredor de Transporte Coletivo Protásio Alves,busway,,,,,,,,,
baseline,60,high,leisure,bike,bike,bike,3437.0,D_0002247,5,41,3618664408.0,3618664423.0,0.0,bike:3618664408:3618664423:0,154.96298123808197,356397782,Corredor de Transporte Coletivo Protásio Alves,busway,,,,,,,,,
baseline,60,high,leisure,bike,bike,bike,3437.0,D_0002247,6,41,3618664423.0,314671693.0,0.0,bike:3618664423:314671693:0,57.17504292568968,356397291,,busway,,,,,,,,,
baseline,60,high,leisure,bike,bike,bike,3437.0,D_0002247,7,41,314671693.0,295520452.0,0.0,bike:314671693:295520452:0,71.125625695263,356396169,Avenida Protásio Alves,primary,,,,,,,,,
baseline,60,high,leisure,bike,bike,bike,3437.0,D_0002247,8,41,295520452.0,2407813098.0,0.0,bike:295520452:2407813098:0,40.19139063190028,28629874,Rua Silva Só,secondary,,,,,,,,,
baseline,60,high,leisure,bike,bike,bike,3437.0,D_0002247,9,41,2407813098.0,296022933.0,0.0,bike:2407813098:296022933:0,202.88506095639303,28629874,Rua Silva Só,secondary,,,,,,,,,
baseline,60,high,leisure,bike,bike,bike,3437.0,D_0002247,10,41,296022933.0,314569366.0,0.0,bike:296022933:314569366:0,84.19508443936857,29981690,Rua Silva Só,secondary,,,,,,,,,
baseline,60,high,leisure,bike,bike,bike,3437.0,D_0002247,11,41,314569366.0,3547352545.0,0.0,bike:314569366:3547352545:0,114.1163563334598,927753728,Rua Silva Só,secondary,,,,,,,,,
baseline,60,high,leisure,bike,bike,bike,3437.0,D_0002247,12,41,3547352545.0,2390247122.0,0.0,bike:3547352545:2390247122:0,42.13375683069961,926827192,Rua Silva Só,secondary,,,,,,,,,
baseline,60,high,leisure,bike,bike,bike,3437.0,D_0002247,13,41,2390247122.0,2768814091.0,0.0,bike:2390247122:2768814091:0,21.524279894479893,229187776,Rua Silva Só,secondary,,,,,,,,,
baseline,60,high,leisure,bike,bike,bike,3437.0,D_0002247,14,41,2768814091.0,2768814086.0,0.0,bike:2768814091:2768814086:0,24.492725550735276,927753727,Rua Silva Só,secondary,,,,,,,,,
baseline,60,high,leisure,bike,bike,bike,3437.0,D_0002247,15,41,2768814086.0,2378128683.0,0.0,bike:2768814086:2378128683:0,71.95443533118915,229187778|928473724,Rua Silva Só,secondary,,,,,,,,,
baseline,60,high,leisure,bike,bike,bike,3437.0,D_0002247,16,41,2378128683.0,2167299925.0,0.0,bike:2378128683:2167299925:0,41.31268754891855,229187851|41185907|925257086,,secondary,,,,,,,,,
baseline,60,high,leisure,bike,bike,bike,3437.0,D_0002247,17,41,2167299925.0,2378128713.0,0.0,bike:2167299925:2378128713:0,10.144572439106325,229187854,,secondary,,,,,,,,,
baseline,60,high,leisure,bike,bike,bike,3437.0,D_0002247,18,41,2378128713.0,2378128718.0,0.0,bike:2378128713:2378128718:0,62.14379597306107,451652983,Avenida Ipiranga,secondary,,,,,,,,,
baseline,60,high,leisure,bike,bike,bike,3437.0,D_0002247,19,41,2378128718.0,8586930343.0,0.0,bike:2378128718:8586930343:0,18.339312581507897,229187751,Avenida Ipiranga,secondary,,,,,,,,,
baseline,60,high,leisure,bike,bike,bike,3437.0,D_0002247,20,41,8586930343.0,314570761.0,0.0,bike:8586930343:314570761:0,96.14423829455278,229187751,Avenida Ipiranga,secondary,,,,,,,,,
baseline,60,high,leisure,bike,bike,bike,3437.0,D_0002247,21,41,314570761.0,1830323192.0,0.0,bike:314570761:1830323192:0,85.35638879143103,229187751,Avenida Ipiranga,secondary,,,,,,,,,
baseline,60,high,leisure,bike,bike,bike,3437.0,D_0002247,22,41,1830323192.0,1830323191.0,0.0,bike:1830323192:1830323191:0,155.22907243833882,471814853,Avenida Ipiranga,secondary,,,,,,,,,
baseline,60,high,leisure,bike,bike,bike,3437.0,D_0002247,23,41,1830323191.0,314571876.0,0.0,bike:1830323191:314571876:0,231.9312556383329,471814858,Avenida Ipiranga,secondary,,,,,,,,,
baseline,60,high,leisure,bike,bike,bike,3437.0,D_0002247,24,41,314571876.0,11107950870.0,0.0,bike:314571876:11107950870:0,55.46595154679386,471814858,Avenida Ipiranga,secondary,,,,,,,,,
baseline,60,high,leisure,bike,bike,bike,3437.0,D_0002247,25,41,11107950870.0,11107950871.0,0.0,bike:11107950870:11107950871:0,31.173113454548094,471814858,Avenida Ipiranga,secondary,,,,,,,,,
baseline,60,high,leisure,bike,bike,bike,3437.0,D_0002247,26,41,11107950871.0,2379129712.0,0.0,bike:11107950871:2379129712:0,74.11951911531845,471814858,Avenida Ipiranga,secondary,,,,,,,,,
baseline,60,high,leisure,bike,bike,bike,3437.0,D_0002247,27,41,2379129712.0,295151347.0,0.0,bike:2379129712:295151347:0,126.65371245324603,451652987,Avenida Ipiranga,secondary,,,,,,,,,
baseline,60,high,leisure,bike,bike,bike,3437.0,D_0002247,28,41,295151347.0,9006464503.0,0.0,bike:295151347:9006464503:0,42.149772805839916,451652987,Avenida Ipiranga,secondary,,,,,,,,,
baseline,60,high,leisure,bike,bike,bike,3437.0,D_0002247,29,41,9006464503.0,296848866.0,0.0,bike:9006464503:296848866:0,73.77276642099659,451652987,Avenida Ipiranga,secondary,,,,,,,,,
baseline,60,high,leisure,bike,bike,bike,3437.0,D_0002247,30,41,296848866.0,2519374397.0,0.0,bike:296848866:2519374397:0,215.04908058050117,451652981,Avenida Ipiranga,secondary,,,,,,,,,
baseline,60,high,leisure,bike,bike,bike,3437.0,D_0002247,31,41,2519374397.0,2379129767.0,0.0,bike:2519374397:2379129767:0,42.81419577385986,451652981,Avenida Ipiranga,secondary,,,,,,,,,
baseline,60,high,leisure,bike,bike,bike,3437.0,D_0002247,32,41,2379129767.0,295151364.0,0.0,bike:2379129767:295151364:0,120.68059956730319,454586885,Avenida Ipiranga,secondary,,,,,,,,,
baseline,60,high,leisure,bike,bike,bike,3437.0,D_0002247,33,41,295151364.0,314573736.0,0.0,bike:295151364:314573736:0,90.20954403555113,454586885,Avenida Ipiranga,secondary,,,,,,,,,
baseline,60,high,leisure,bike,bike,bike,3437.0,D_0002247,34,41,314573736.0,295151370.0,0.0,bike:314573736:295151370:0,81.44035405029462,454586885,Avenida Ipiranga,secondary,,,,,,,,,
baseline,60,high,leisure,bike,bike,bike,3437.0,D_0002247,35,41,295151370.0,314574244.0,0.0,bike:295151370:314574244:0,76.73483871192181,454586885,Avenida Ipiranga,secondary,,,,,,,,,
baseline,60,high,leisure,bike,bike,bike,3437.0,D_0002247,36,41,314574244.0,313255572.0,0.0,bike:314574244:313255572:0,75.75701675989652,454586885,Avenida Ipiranga,secondary,,,,,,,,,
baseline,60,high,leisure,bike,bike,bike,3437.0,D_0002247,37,41,313255572.0,313255543.0,0.0,bike:313255572:313255543:0,133.54699784160624,454586885,Avenida Ipiranga,secondary,,,,,,,,,
baseline,60,high,leisure,bike,bike,bike,3437.0,D_0002247,38,41,313255543.0,313255466.0,0.0,bike:313255543:313255466:0,124.94573494429368,454586885,Avenida Ipiranga,secondary,,,,,,,,,
baseline,60,high,leisure,bike,bike,bike,3437.0,D_0002247,39,41,313255466.0,312592656.0,0.0,bike:313255466:312592656:0,96.99514113713036,454586885,Avenida Ipiranga,secondary,,,,,,,,,
baseline,60,high,leisure,bike,bike,bike,3437.0,D_0002247,40,41,312592656.0,312787616.0,0.0,bike:312592656:312787616:0,164.362289113642,40446026,Rua Barão do Amazonas,secondary,,,,,,,,,
baseline,61,middle,work,car,car,car,2167.0,D_0016259,0,45,2189310273.0,2189310277.0,0.0,car:2189310273:2189310277:0,14.600061963589535,287533490,Rua José do Patrocínio,tertiary,,,,,,,,,
baseline,61,middle,work,car,car,car,2167.0,D_0016259,1,45,2189310277.0,2188685632.0,0.0,car:2189310277:2188685632:0,203.2165321500646,929830032|562621057|356686651|562608542,Avenida Loureiro da Silva,secondary,,,,,,,,,
baseline,61,middle,work,car,car,car,2167.0,D_0016259,2,45,2188685632.0,8600037562.0,0.0,car:2188685632:8600037562:0,8.351181508465425,287533424,Avenida Loureiro da Silva,secondary,,,,,,,,,
baseline,61,middle,work,car,car,car,2167.0,D_0016259,3,45,8600037562.0,8607610523.0,0.0,car:8600037562:8607610523:0,218.87113482556285,287533424|562621054,Avenida Loureiro da Silva,secondary,,,,,,,,,
baseline,61,middle,work,car,car,car,2167.0,D_0016259,4,45,8607610523.0,297360393.0,0.0,car:8607610523:297360393:0,22.370048797138363,562621054,Avenida Loureiro da Silva,secondary,,,,,,,,,
baseline,61,middle,work,car,car,car,2167.0,D_0016259,5,45,297360393.0,2911552945.0,0.0,car:297360393:2911552945:0,78.08369976095494,562626705|208590050,Avenida Loureiro da Silva,secondary,,,,,,,,,
baseline,61,middle,work,car,car,car,2167.0,D_0016259,6,45,2911552945.0,297360462.0,0.0,car:2911552945:297360462:0,38.998737253107166,295701555,Avenida Loureiro da Silva,secondary,,,,,,,,,
baseline,61,middle,work,car,car,car,2167.0,D_0016259,7,45,297360462.0,297360165.0,0.0,car:297360462:297360165:0,52.758330361413904,208590051|562626703,Avenida Loureiro da Silva,secondary,,,,,,,,,
baseline,61,middle,work,car,car,car,2167.0,D_0016259,8,45,297360165.0,317711342.0,0.0,car:297360165:317711342:0,42.57002897253899,356396060,Avenida Loureiro da Silva,primary,,,,,,,,,
baseline,61,middle,work,car,car,car,2167.0,D_0016259,9,45,317711342.0,297614507.0,0.0,car:317711342:297614507:0,195.53568603089198,108708329,Rua Engenheiro Luiz Englert,primary,,,,,,,,,
baseline,61,middle,work,car,car,car,2167.0,D_0016259,10,45,297614507.0,295521693.0,0.0,car:297614507:295521693:0,330.47750213895495,356396256|356396257|356396255|217350240|244633500|217350239,Avenida Setembrina,tertiary,,,,,,,,,
baseline,61,middle,work,car,car,car,2167.0,D_0016259,11,45,295521693.0,3329365559.0,0.0,car:295521693:3329365559:0,12.19658113177998,131984122,Avenida Setembrina,tertiary,,,,,,,,,
baseline,61,middle,work,car,car,car,2167.0,D_0016259,12,45,3329365559.0,295523700.0,0.0,car:3329365559:295523700:0,12.429787872165365,131984122,Avenida Setembrina,tertiary,,,,,,,,,
baseline,61,middle,work,car,car,car,2167.0,D_0016259,13,45,295523700.0,686599382.0,0.0,car:295523700:686599382:0,259.2861405251752,130711711,Rua Garibaldi,tertiary,,,,,,,,,
baseline,61,middle,work,car,car,car,2167.0,D_0016259,14,45,686599382.0,443399506.0,0.0,car:686599382:443399506:0,187.51373972708132,130711711,Rua Garibaldi,tertiary,,,,,,,,,
baseline,61,middle,work,car,car,car,2167.0,D_0016259,15,45,443399506.0,297623562.0,0.0,car:443399506:297623562:0,225.7648724551942,131451892|926816630|1485533447,Rua Garibaldi,tertiary,,,,,,,,,
baseline,61,middle,work,car,car,car,2167.0,D_0016259,16,45,297623562.0,871727784.0,0.0,car:297623562:871727784:0,180.49110042349642,109197373,Rua Garibaldi,tertiary,,,,,,,,,
baseline,61,middle,work,car,car,car,2167.0,D_0016259,17,45,871727784.0,295792373.0,0.0,car:871727784:295792373:0,88.53854563148127,131876926,Avenida Farrapos,secondary,,,,,,,,,
baseline,61,middle,work,car,car,car,2167.0,D_0016259,18,45,295792373.0,3618664150.0,0.0,car:295792373:3618664150:0,45.01926623847423,927298010|927298012,Avenida Farrapos,secondary,,,,,,,,,
baseline,61,middle,work,car,car,car,2167.0,D_0016259,19,45,3618664150.0,3618664145.0,0.0,car:3618664150:3618664145:0,24.475922044407643,356397260,,busway,,,,,,,,,
baseline,61,middle,work,car,car,car,2167.0,D_0016259,20,45,3618664145.0,3618664136.0,0.0,car:3618664145:3618664136:0,179.95576668672078,356397770,Corredor de Transporte Coletivo Farrapos,busway,,,,,,,,,
baseline,61,middle,work,car,car,car,2167.0,D_0016259,21,45,3618664136.0,3618664117.0,0.0,car:3618664136:3618664117:0,204.82934225140372,356398326,Corredor de Transporte Coletivo Farrapos,busway,,,,,,,,,
baseline,61,middle,work,car,car,car,2167.0,D_0016259,22,45,3618664117.0,3618664106.0,0.0,car:3618664117:3618664106:0,140.71629017432494,356398326,Corredor de Transporte Coletivo Farrapos,busway,,,,,,,,,
baseline,61,middle,work,car,car,car,2167.0,D_0016259,23,45,3618664106.0,3618664104.0,0.0,car:3618664106:3618664104:0,22.7257232196464,356398326,Corredor de Transporte Coletivo Farrapos,busway,,,,,,,,,
baseline,61,middle,work,car,car,car,2167.0,D_0016259,24,45,3618664104.0,3618664077.0,0.0,car:3618664104:3618664077:0,176.44958458847742,356397698,Corredor de Transporte Coletivo Farrapos,busway,,,,,,,,,
baseline,61,middle,work,car,car,car,2167.0,D_0016259,25,45,3618664077.0,611946113.0,0.0,car:3618664077:611946113:0,48.19793133339968,356397475,,busway,,,,,,,,,
baseline,61,middle,work,car,car,car,2167.0,D_0016259,26,45,611946113.0,611927545.0,0.0,car:611946113:611927545:0,187.84838248777976,131235008,Avenida Farrapos,secondary,,,,,,,,,
baseline,61,middle,work,car,car,car,2167.0,D_0016259,27,45,611927545.0,981329142.0,0.0,car:611927545:981329142:0,72.43782871517479,131235008,Avenida Farrapos,secondary,,,,,,,,,
baseline,61,middle,work,car,car,car,2167.0,D_0016259,28,45,981329142.0,611925921.0,0.0,car:981329142:611925921:0,104.14845255161951,927298017,Avenida Farrapos,secondary,,,,,,,,,
baseline,61,middle,work,car,car,car,2167.0,D_0016259,29,45,611925921.0,3618664019.0,0.0,car:611925921:3618664019:0,24.702798175539147,356397278,,busway,,,,,,,,,
baseline,61,middle,work,car,car,car,2167.0,D_0016259,30,45,3618664019.0,3618663986.0,0.0,car:3618664019:3618663986:0,174.0429330085198,356397816,Corredor de Transporte Coletivo Farrapos,busway,,,,,,,,,
baseline,61,middle,work,car,car,car,2167.0,D_0016259,31,45,3618663986.0,3618663933.0,0.0,car:3618663986:3618663933:0,125.59155456902712,356398225,Corredor de Transporte Coletivo Farrapos,busway,,,,,,,,,
baseline,61,middle,work,car,car,car,2167.0,D_0016259,32,45,3618663933.0,611929428.0,0.0,car:3618663933:611929428:0,7.872997950608692,131235007,Rua Conde de Porto Alegre,secondary,,,,,,,,,
baseline,61,middle,work,car,car,car,2167.0,D_0016259,33,45,611929428.0,477279048.0,0.0,car:611929428:477279048:0,61.86397328297437,356396482,Rua Conde de Porto Alegre,tertiary,,,,,,,,,
baseline,61,middle,work,car,car,car,2167.0,D_0016259,34,45,477279048.0,477279041.0,0.0,car:477279048:477279041:0,80.76005511593374,356396481,Rua Conde de Porto Alegre,tertiary,,,,,,,,,
baseline,61,middle,work,car,car,car,2167.0,D_0016259,35,45,477279041.0,477265088.0,0.0,car:477279041:477265088:0,69.0939406027712,356396483,Rua Conde de Porto Alegre,tertiary,,,,,,,,,
baseline,61,middle,work,car,car,car,2167.0,D_0016259,36,45,477265088.0,298283176.0,0.0,car:477265088:298283176:0,95.18977600850359,27184560,Rua Quintino Bandeira,tertiary,,,,,,,,,
baseline,61,middle,work,car,car,car,2167.0,D_0016259,37,45,298283176.0,5470255300.0,0.0,car:298283176:5470255300:0,148.24453171764034,927943480|927943476,Avenida Presidente Franklin Roosevelt,tertiary,,,,,,,,,
baseline,61,middle,work,car,car,car,2167.0,D_0016259,38,45,5470255300.0,8608519618.0,0.0,car:5470255300:8608519618:0,6.255164741769889,927943478,Avenida Presidente Franklin Roosevelt,tertiary,,,,,,,,,
baseline,61,middle,work,car,car,car,2167.0,D_0016259,39,45,8608519618.0,5470255299.0,0.0,car:8608519618:5470255299:0,9.965738417386255,927943477,Avenida Presidente Franklin Roosevelt,tertiary,,,,,,,,,
baseline,61,middle,work,car,car,car,2167.0,D_0016259,40,45,5470255299.0,477278915.0,0.0,car:5470255299:477278915:0,145.85422497018925,913263407,Avenida Presidente Franklin Roosevelt,tertiary,,,,,,,,,
baseline,61,middle,work,car,car,car,2167.0,D_0016259,41,45,477278915.0,477278914.0,0.0,car:477278915:477278914:0,9.88593113519521,709834913,Avenida Presidente Franklin Roosevelt,tertiary,,,,,,,,,
baseline,61,middle,work,car,car,car,2167.0,D_0016259,42,45,477278914.0,445086809.0,0.0,car:477278914:445086809:0,77.58000533320704,568609955,Avenida Presidente Franklin Roosevelt,tertiary,,,,,,,,,
baseline,61,middle,work,car,car,car,2167.0,D_0016259,43,45,445086809.0,445086803.0,0.0,car:445086809:445086803:0,74.00782169927952,568609955,Avenida Presidente Franklin Roosevelt,tertiary,,,,,,,,,
baseline,61,middle,work,car,car,car,2167.0,D_0016259,44,45,445086803.0,925665935.0,0.0,car:445086803:925665935:0,110.09286145775224,927298027,Avenida Polônia,residential,,,,,,,,,
baseline,63,middle,leisure,car,car,car,4844.0,D_0003398,0,47,890864485.0,428667951.0,0.0,car:890864485:428667951:0,158.76866615318764,99017706,Rua Souza Reis,primary,,,,,,,,,
baseline,63,middle,leisure,car,car,car,4844.0,D_0003398,1,47,428667951.0,3618663468.0,0.0,car:428667951:3618663468:0,3.672392011175944,28006716,Rua Edu Chaves,primary,,,,,,,,,
baseline,63,middle,leisure,car,car,car,4844.0,D_0003398,2,47,3618663468.0,3618663467.0,0.0,car:3618663468:3618663467:0,3.6857718482526303,356396534,Rua Edu Chaves,primary,,,,,,,,,
baseline,63,middle,leisure,car,car,car,4844.0,D_0003398,3,47,3618663467.0,428667956.0,0.0,car:3618663467:428667956:0,3.6723921959981487,356396535,Rua Edu Chaves,primary,,,,,,,,,
baseline,63,middle,leisure,car,car,car,4844.0,D_0003398,4,47,428667956.0,428667941.0,0.0,car:428667956:428667941:0,140.45559973265242,356396536,Rua Edu Chaves,primary,,,,,,,,,
baseline,63,middle,leisure,car,car,car,4844.0,D_0003398,5,47,428667941.0,489923095.0,0.0,car:428667941:489923095:0,149.99460889711648,399321362,Rua Edu Chaves,primary,,,,,,,,,
baseline,63,middle,leisure,car,car,car,4844.0,D_0003398,6,47,489923095.0,428667922.0,0.0,car:489923095:428667922:0,150.48645830744317,399321362,Rua Edu Chaves,primary,,,,,,,,,
baseline,63,middle,leisure,car,car,car,4844.0,D_0003398,7,47,428667922.0,300177224.0,0.0,car:428667922:300177224:0,88.15930701445353,326637319,Rua Edu Chaves,primary,,,,,,,,,
baseline,63,middle,leisure,car,car,car,4844.0,D_0003398,8,47,300177224.0,1138430730.0,0.0,car:300177224:1138430730:0,465.8514386102029,51769333|32693539|913492021,Rua Dona Teodora|Viaduto Leonel Brizola,secondary,,,,,,,,,
baseline,63,middle,leisure,car,car,car,4844.0,D_0003398,9,47,1138430730.0,573310954.0,0.0,car:1138430730:573310954:0,131.09818395377522,473340431,Rua Dona Teodora,secondary,,,,,,,,,
baseline,63,middle,leisure,car,car,car,4844.0,D_0003398,10,47,573310954.0,319710718.0,0.0,car:573310954:319710718:0,42.435334394806084,473340431,Rua Dona Teodora,secondary,,,,,,,,,
baseline,63,middle,leisure,car,car,car,4844.0,D_0003398,11,47,319710718.0,1484960893.0,0.0,car:319710718:1484960893:0,23.556934406223338,924451203,Rua Dona Teodora,secondary,,,,,,,,,
baseline,63,middle,leisure,car,car,car,4844.0,D_0003398,12,47,1484960893.0,2920767595.0,0.0,car:1484960893:2920767595:0,56.93713412726583,254852237,Rua Dona Teodora,secondary,,,,,,,,,
baseline,63,middle,leisure,car,car,car,4844.0,D_0003398,13,47,2920767595.0,1440248039.0,0.0,car:2920767595:1440248039:0,77.14802024057187,254852237,Rua Dona Teodora,secondary,,,,,,,,,
baseline,63,middle,leisure,car,car,car,4844.0,D_0003398,14,47,1440248039.0,8524389235.0,0.0,car:1440248039:8524389235:0,87.97892972172335,924451202,Rua Dona Teodora,secondary,,,,,,,,,
baseline,63,middle,leisure,car,car,car,4844.0,D_0003398,15,47,8524389235.0,1107041510.0,0.0,car:8524389235:1107041510:0,63.62496094847759,924451202,Rua Dona Teodora,secondary,,,,,,,,,
baseline,63,middle,leisure,car,car,car,4844.0,D_0003398,16,47,1107041510.0,1107041543.0,0.0,car:1107041510:1107041543:0,19.91202196921919,261802146|327072996,Rua Dona Teodora,secondary,,,,,,,,,
baseline,63,middle,leisure,car,car,car,4844.0,D_0003398,17,47,1107041543.0,2920767594.0,0.0,car:1107041543:2920767594:0,94.04231632055001,129439699,Rua Dona Teodora,secondary,,,,,,,,,
baseline,63,middle,leisure,car,car,car,4844.0,D_0003398,18,47,2920767594.0,2202759945.0,0.0,car:2920767594:2202759945:0,247.2255243654449,129439699,Rua Dona Teodora,secondary,,,,,,,,,
baseline,63,middle,leisure,car,car,car,4844.0,D_0003398,19,47,2202759945.0,2202759932.0,0.0,car:2202759945:2202759932:0,52.007970838979915,210161238,Rua Monsenhor Severino Brun,residential,,,,,,,,,
baseline,63,middle,leisure,car,car,car,4844.0,D_0003398,20,47,2202759932.0,2202759924.0,0.0,car:2202759932:2202759924:0,35.58641186666423,210161238,Rua Monsenhor Severino Brun,residential,,,,,,,,,
baseline,63,middle,leisure,car,car,car,4844.0,D_0003398,21,47,2202759924.0,2202759919.0,0.0,car:2202759924:2202759919:0,29.58250930311005,210161238,Rua Monsenhor Severino Brun,residential,,,,,,,,,
baseline,63,middle,leisure,car,car,car,4844.0,D_0003398,22,47,2202759919.0,2202759910.0,0.0,car:2202759919:2202759910:0,35.49543580378105,210161238,Rua Monsenhor Severino Brun,residential,,,,,,,,,
baseline,63,middle,leisure,car,car,car,4844.0,D_0003398,23,47,2202759910.0,2202759905.0,0.0,car:2202759910:2202759905:0,28.406842278264058,210161238,Rua Monsenhor Severino Brun,residential,,,,,,,,,
baseline,63,middle,leisure,car,car,car,4844.0,D_0003398,24,47,2202759905.0,3069085005.0,0.0,car:2202759905:3069085005:0,23.753843984848437,210161238,Rua Monsenhor Severino Brun,residential,,,,,,,,,
baseline,63,middle,leisure,car,car,car,4844.0,D_0003398,25,47,3069085005.0,3069085008.0,0.0,car:3069085005:3069085008:0,42.73405787712633,210161238,Rua Monsenhor Severino Brun,residential,,,,,,,,,
baseline,63,middle,leisure,car,car,car,4844.0,D_0003398,26,47,3069085008.0,2202759892.0,0.0,car:3069085008:2202759892:0,48.376521089900855,210161238,Rua Monsenhor Severino Brun,residential,,,,,,,,,
baseline,63,middle,leisure,car,car,car,4844.0,D_0003398,27,47,2202759892.0,8520432660.0,0.0,car:2202759892:8520432660:0,6.961946675000153,917360924,Rua Monsenhor Severino Brun,residential,,,,,,,,,
baseline,63,middle,leisure,car,car,car,4844.0,D_0003398,28,47,8520432660.0,8520432661.0,0.0,car:8520432660:8520432661:0,123.77791010896019,1288415739,Rua Padre Blásio Vogel,residential,,,,,,,,,
baseline,63,middle,leisure,car,car,car,4844.0,D_0003398,29,47,8520432661.0,477282473.0,0.0,car:8520432661:477282473:0,71.19129207342593,1288415739,Rua Padre Blásio Vogel,residential,,,,,,,,,
baseline,63,middle,leisure,car,car,car,4844.0,D_0003398,30,47,477282473.0,477282669.0,0.0,car:477282473:477282669:0,34.213380065138836,917662863,Rua Mário Schenini Cademartori,residential,,,,,,,,,
baseline,63,middle,leisure,car,car,car,4844.0,D_0003398,31,47,477282669.0,319709884.0,0.0,car:477282669:319709884:0,106.93921305386884,51691969,Rua Frederico Mentz,tertiary,,,,,,,,,
baseline,63,middle,leisure,car,car,car,4844.0,D_0003398,32,47,319709884.0,8752069999.0,0.0,car:319709884:8752069999:0,35.80463530545561,51691969,Rua Frederico Mentz,tertiary,,,,,,,,,
baseline,63,middle,leisure,car,car,car,4844.0,D_0003398,33,47,8752069999.0,2202759876.0,0.0,car:8752069999:2202759876:0,74.32853639464601,51691969,Rua Frederico Mentz,tertiary,,,,,,,,,
baseline,63,middle,leisure,car,car,car,4844.0,D_0003398,34,47,2202759876.0,12736532923.0,0.0,car:2202759876:12736532923:0,69.32723083353378,51691969,Rua Frederico Mentz,tertiary,,,,,,,,,
baseline,63,middle,leisure,car,car,car,4844.0,D_0003398,35,47,12736532923.0,660654410.0,0.0,car:12736532923:660654410:0,65.17638724728616,51691969,Rua Frederico Mentz,tertiary,,,,,,,,,
baseline,63,middle,leisure,car,car,car,4844.0,D_0003398,36,47,660654410.0,2285640315.0,0.0,car:660654410:2285640315:0,264.9572676743426,327073001|564475635,Rua Frederico Mentz,tertiary,,,,,,,,,
baseline,63,middle,leisure,car,car,car,4844.0,D_0003398,37,47,2285640315.0,319704324.0,0.0,car:2285640315:319704324:0,19.87365482113697,327073001,Rua Frederico Mentz,tertiary,,,,,,,,,
baseline,63,middle,leisure,car,car,car,4844.0,D_0003398,38,47,319704324.0,2203231861.0,0.0,car:319704324:2203231861:0,29.50751624238231,327073001,Rua Frederico Mentz,tertiary,,,,,,,,,
baseline,63,middle,leisure,car,car,car,4844.0,D_0003398,39,47,2203231861.0,3749386410.0,0.0,car:2203231861:3749386410:0,112.67906603109435,327073001,Rua Frederico Mentz,tertiary,,,,,,,,,
baseline,63,middle,leisure,car,car,car,4844.0,D_0003398,40,47,3749386410.0,477283528.0,0.0,car:3749386410:477283528:0,17.02997954011166,327073001,Rua Frederico Mentz,tertiary,,,,,,,,,
baseline,63,middle,leisure,car,car,car,4844.0,D_0003398,41,47,477283528.0,477283693.0,0.0,car:477283528:477283693:0,38.73205566718559,1288415742,Rua Graciano Camozzato,tertiary,,,,,,,,,
baseline,63,middle,leisure,car,car,car,4844.0,D_0003398,42,47,477283693.0,660654382.0,0.0,car:477283693:660654382:0,47.65240007762535,564475596,Rua Luiz Carlos Pinheiro Cabral,residential,,,,,,,,,
baseline,63,middle,leisure,car,car,car,4844.0,D_0003398,43,47,660654382.0,477283603.0,0.0,car:660654382:477283603:0,28.026259145717518,29064642,Rua Luiz Carlos Pinheiro Cabral,residential,,,,,,,,,
baseline,63,middle,leisure,car,car,car,4844.0,D_0003398,44,47,477283603.0,477283774.0,0.0,car:477283603:477283774:0,41.767651988085355,29064642,Rua Luiz Carlos Pinheiro Cabral,residential,,,,,,,,,
baseline,63,middle,leisure,car,car,car,4844.0,D_0003398,45,47,477283774.0,477283787.0,0.0,car:477283774:477283787:0,112.4656899810816,29064642,Rua Luiz Carlos Pinheiro Cabral,residential,,,,,,,,,
baseline,63,middle,leisure,car,car,car,4844.0,D_0003398,46,47,477283787.0,660654305.0,0.0,car:477283787:660654305:0,40.93160432383997,29064642,Rua Luiz Carlos Pinheiro Cabral,residential,,,,,,,,,
baseline,64,middle,shopping,car,car,car,2809.0,D_0008307,0,20,330957496.0,330957498.0,0.0,car:330957496:330957498:0,131.87528624404604,929830026,Rua General Lima e Silva,tertiary,,,,,,,,,
baseline,64,middle,shopping,car,car,car,2809.0,D_0008307,1,20,330957498.0,330957500.0,0.0,car:330957498:330957500:0,9.472898499894653,929830030,Rua General Lima e Silva,tertiary,,,,,,,,,
baseline,64,middle,shopping,car,car,car,2809.0,D_0008307,2,20,330957500.0,330957241.0,0.0,car:330957500:330957241:0,114.11668576377704,287533474,Rua General Lima e Silva,tertiary,,,,,,,,,
baseline,64,middle,shopping,car,car,car,2809.0,D_0008307,3,20,330957241.0,321231595.0,0.0,car:330957241:321231595:0,77.16370667648022,287533474,Rua General Lima e Silva,tertiary,,,,,,,,,
baseline,64,middle,shopping,car,car,car,2809.0,D_0008307,4,20,321231595.0,445808417.0,0.0,car:321231595:445808417:0,62.49768009130338,287533474,Rua General Lima e Silva,tertiary,,,,,,,,,
baseline,64,middle,shopping,car,car,car,2809.0,D_0008307,5,20,445808417.0,297619989.0,0.0,car:445808417:297619989:0,50.089472102056014,287533474,Rua General Lima e Silva,tertiary,,,,,,,,,
baseline,64,middle,shopping,car,car,car,2809.0,D_0008307,6,20,297619989.0,321231531.0,0.0,car:297619989:321231531:0,148.2992878751938,287533474,Rua General Lima e Silva,tertiary,,,,,,,,,
baseline,64,middle,shopping,car,car,car,2809.0,D_0008307,7,20,321231531.0,321231519.0,0.0,car:321231531:321231519:0,188.54286708122618,108401173,Rua General Lima e Silva,tertiary,,,,,,,,,
baseline,64,middle,shopping,car,car,car,2809.0,D_0008307,8,20,321231519.0,330947059.0,0.0,car:321231519:330947059:0,56.7114798835,112408864,Rua General Lima e Silva,tertiary,,,,,,,,,
baseline,64,middle,shopping,car,car,car,2809.0,D_0008307,9,20,330947059.0,330947402.0,0.0,car:330947059:330947402:0,101.65451823776047,112408864,Rua General Lima e Silva,tertiary,,,,,,,,,
baseline,64,middle,shopping,car,car,car,2809.0,D_0008307,10,20,330947402.0,2087817746.0,0.0,car:330947402:2087817746:0,61.49338103857541,112408864,Rua General Lima e Silva,tertiary,,,,,,,,,
baseline,64,middle,shopping,car,car,car,2809.0,D_0008307,11,20,2087817746.0,8600037567.0,0.0,car:2087817746:8600037567:0,79.78591278556067,926832646,Rua General Lima e Silva,tertiary,,,,,,,,,
baseline,64,middle,shopping,car,car,car,2809.0,D_0008307,12,20,8600037567.0,2188685632.0,0.0,car:8600037567:2188685632:0,11.852734752100687,926832646,Rua General Lima e Silva,tertiary,,,,,,,,,
baseline,64,middle,shopping,car,car,car,2809.0,D_0008307,13,20,2188685632.0,297360226.0,0.0,car:2188685632:297360226:0,17.465249948615675,112408865,Rua General Lima e Silva,tertiary,,,,,,,,,
baseline,64,middle,shopping,car,car,car,2809.0,D_0008307,14,20,297360226.0,3182370906.0,0.0,car:297360226:3182370906:0,59.367914823920074,287533473,Rua General Lima e Silva,tertiary,,,,,,,,,
baseline,64,middle,shopping,car,car,car,2809.0,D_0008307,15,20,3182370906.0,297619972.0,0.0,car:3182370906:297619972:0,55.38663774776748,287533473,Rua General Lima e Silva,tertiary,,,,,,,,,
baseline,64,middle,shopping,car,car,car,2809.0,D_0008307,16,20,297619972.0,1398645756.0,0.0,car:297619972:1398645756:0,26.93886395933284,27028140,Rua General Lima e Silva,tertiary,,,,,,,,,
baseline,64,middle,shopping,car,car,car,2809.0,D_0008307,17,20,1398645756.0,330953701.0,0.0,car:1398645756:330953701:0,54.33257826181734,451653370,Rua General Lima e Silva,tertiary,,,,,,,,,
baseline,64,middle,shopping,car,car,car,2809.0,D_0008307,18,20,330953701.0,477240533.0,0.0,car:330953701:477240533:0,79.14626044511678,485965701,Rua Coronel Fernando Machado,tertiary,,,,,,,,,
baseline,64,middle,shopping,car,car,car,2809.0,D_0008307,19,20,477240533.0,2036051344.0,0.0,car:477240533:2036051344:0,70.53407768727931,208654362,Rua Coronel Fernando Machado,tertiary,,,,,,,,,
baseline,65,middle,shopping,car,car,car,7363.0,D_0008536,0,34,1034664429.0,9006248812.0,0.0,car:1034664429:9006248812:0,216.43672349056018,89181720,Rua Nelson Boeira Faedrich,living_street,,,,,,,,,
baseline,65,middle,shopping,car,car,car,7363.0,D_0008536,1,34,9006248812.0,1027627389.0,0.0,car:9006248812:1027627389:0,440.0450708657462,89181720,Rua Nelson Boeira Faedrich,living_street,,,,,,,,,
baseline,65,middle,shopping,car,car,car,7363.0,D_0008536,2,34,1027627389.0,3618666098.0,0.0,car:1027627389:3618666098:0,1063.1333157750676,237035148,Estrada Francisca de Oliveira Vieira,secondary,,,,,,,,,
baseline,65,middle,shopping,car,car,car,7363.0,D_0008536,3,34,3618666098.0,3618666099.0,0.0,car:3618666098:3618666099:0,62.56270747774511,356396334,Estrada Francisca de Oliveira Vieira,secondary,,,,,,,,,
baseline,65,middle,shopping,car,car,car,7363.0,D_0008536,4,34,3618666099.0,1027627365.0,0.0,car:3618666099:1027627365:0,65.40185180380281,500493273,Avenida Edgar Pires de Castro,primary,,,,,,,,,
baseline,65,middle,shopping,car,car,car,7363.0,D_0008536,5,34,1027627365.0,1436431240.0,0.0,car:1027627365:1436431240:0,14.124846664983465,500493273,Avenida Edgar Pires de Castro,primary,,,,,,,,,
baseline,65,middle,shopping,car,car,car,7363.0,D_0008536,6,34,1436431240.0,1436431226.0,0.0,car:1436431240:1436431226:0,251.0314725382028,500493273,Avenida Edgar Pires de Castro,primary,,,,,,,,,
baseline,65,middle,shopping,car,car,car,7363.0,D_0008536,7,34,1436431226.0,9005953296.0,0.0,car:1436431226:9005953296:0,141.0182688897355,500493273,Avenida Edgar Pires de Castro,primary,,,,,,,,,
baseline,65,middle,shopping,car,car,car,7363.0,D_0008536,8,34,9005953296.0,9005885633.0,0.0,car:9005953296:9005885633:0,122.13050888249361,500493273,Avenida Edgar Pires de Castro,primary,,,,,,,,,
baseline,65,middle,shopping,car,car,car,7363.0,D_0008536,9,34,9005885633.0,298013144.0,0.0,car:9005885633:298013144:0,206.38801527822307,500493273,Avenida Edgar Pires de Castro,primary,,,,,,,,,
baseline,65,middle,shopping,car,car,car,7363.0,D_0008536,10,34,298013144.0,8535638366.0,0.0,car:298013144:8535638366:0,118.76514939025489,500493273,Avenida Edgar Pires de Castro,primary,,,,,,,,,
baseline,65,middle,shopping,car,car,car,7363.0,D_0008536,11,34,8535638366.0,1400503073.0,0.0,car:8535638366:1400503073:0,72.35681029965971,500493273|243181694,Avenida Edgar Pires de Castro,primary,,,,,,,,,
baseline,65,middle,shopping,car,car,car,7363.0,D_0008536,12,34,1400503073.0,9006253136.0,0.0,car:1400503073:9006253136:0,263.36092436090445,243181711,Beco Chácara do Banco,tertiary,,,,,,,,,
baseline,65,middle,shopping,car,car,car,7363.0,D_0008536,13,34,9006253136.0,9006253133.0,0.0,car:9006253136:9006253133:0,133.28570913892926,973048266,,unclassified,,,,,,,,,
baseline,65,middle,shopping,car,car,car,7363.0,D_0008536,14,34,9006253133.0,1436431267.0,0.0,car:9006253133:1436431267:0,173.0869818942182,130410996,Rua A,living_street,,,,,,,,,
baseline,65,middle,shopping,car,car,car,7363.0,D_0008536,15,34,1436431267.0,1400503058.0,0.0,car:1436431267:1400503058:0,94.37838482382793,500493340,Estrada Chácara do Banco,tertiary,,,,,,,,,
baseline,65,middle,shopping,car,car,car,7363.0,D_0008536,16,34,1400503058.0,1436431335.0,0.0,car:1400503058:1436431335:0,106.90171084268752,500493340,Estrada Chácara do Banco,tertiary,,,,,,,,,
baseline,65,middle,shopping,car,car,car,7363.0,D_0008536,17,34,1436431335.0,1400503116.0,0.0,car:1436431335:1400503116:0,573.2137558008625,243181716|500493340,Estrada Chácara do Banco,tertiary,,,,,,,,,
baseline,65,middle,shopping,car,car,car,7363.0,D_0008536,18,34,1400503116.0,1400503091.0,0.0,car:1400503116:1400503091:0,155.4480523615627,394374170,Estrada Chácara do Banco,tertiary,,,,,,,,,
baseline,65,middle,shopping,car,car,car,7363.0,D_0008536,19,34,1400503091.0,3414889667.0,0.0,car:1400503091:3414889667:0,22.230903029730943,394374170,Estrada Chácara do Banco,tertiary,,,,,,,,,
baseline,65,middle,shopping,car,car,car,7363.0,D_0008536,20,34,3414889667.0,3414889655.0,0.0,car:3414889667:3414889655:0,67.45315605205826,394374170,Estrada Chácara do Banco,tertiary,,,,,,,,,
baseline,65,middle,shopping,car,car,car,7363.0,D_0008536,21,34,3414889655.0,3414889658.0,0.0,car:3414889655:3414889658:0,63.44634936523023,394374170,Estrada Chácara do Banco,tertiary,,,,,,,,,
baseline,65,middle,shopping,car,car,car,7363.0,D_0008536,22,34,3414889658.0,1400484602.0,0.0,car:3414889658:1400484602:0,281.39390396889314,394374170|126306124,Estrada Chácara do Banco,tertiary,,,,,,,,,
baseline,65,middle,shopping,car,car,car,7363.0,D_0008536,23,34,1400484602.0,2329985319.0,0.0,car:1400484602:2329985319:0,112.87748059231531,354911783,Estrada Barro Vermelho,tertiary,,,,,,,,,
baseline,65,middle,shopping,car,car,car,7363.0,D_0008536,24,34,2329985319.0,2329985315.0,0.0,car:2329985319:2329985315:0,54.360266104556814,224173845,,living_street,,,,,,,,,
baseline,65,middle,shopping,car,car,car,7363.0,D_0008536,25,34,2329985315.0,1400484618.0,0.0,car:2329985315:1400484618:0,60.38216343410549,126304887,Rua Doutor Arno Horn,residential,,,,,,,,,
baseline,65,middle,shopping,car,car,car,7363.0,D_0008536,26,34,1400484618.0,1400484550.0,0.0,car:1400484618:1400484550:0,104.1785536865419,126304886,Rua G,residential,,,,,,,,,
baseline,65,middle,shopping,car,car,car,7363.0,D_0008536,27,34,1400484550.0,8738607866.0,0.0,car:1400484550:8738607866:0,26.078683626454694,126304886,Rua G,residential,,,,,,,,,
baseline,65,middle,shopping,car,car,car,7363.0,D_0008536,28,34,8738607866.0,2329985266.0,0.0,car:8738607866:2329985266:0,35.37879550785117,126304886,Rua G,residential,,,,,,,,,
baseline,65,middle,shopping,car,car,car,7363.0,D_0008536,29,34,2329985266.0,2329985251.0,0.0,car:2329985266:2329985251:0,192.687903742534,224173811,Rua Berbere,living_street,,,,,,,,,
baseline,65,middle,shopping,car,car,car,7363.0,D_0008536,30,34,2329985251.0,2329985246.0,0.0,car:2329985251:2329985246:0,19.451330896730227,562317312,Rua Antônio Onofre da Silveira,residential,,,,,,,,,
baseline,65,middle,shopping,car,car,car,7363.0,D_0008536,31,34,2329985246.0,2329985220.0,0.0,car:2329985246:2329985220:0,183.54787459730773,224173819,Rua José L. Soares,residential,,,,,,,,,
baseline,65,middle,shopping,car,car,car,7363.0,D_0008536,32,34,2329985220.0,1400477762.0,0.0,car:2329985220:1400477762:0,40.88952898874833,126304635,Rua Doutor João Dentice,tertiary,,,,,,,,,
baseline,65,middle,shopping,car,car,car,7363.0,D_0008536,33,34,1400477762.0,2329985197.0,0.0,car:1400477762:2329985197:0,61.37210094191628,126304635,Rua Doutor João Dentice,tertiary,,,,,,,,,
baseline,67,middle,education,car,car,car,4662.0,D_0000507,0,46,440504143.0,597470326.0,0.0,car:440504143:597470326:0,201.78726223079892,654130463|37581439,Rua 1,living_street,,,,,,,,,
baseline,67,middle,education,car,car,car,4662.0,D_0000507,1,46,597470326.0,597470324.0,0.0,car:597470326:597470324:0,34.53739513994099,37581430,Rua E,living_street,,,,,,,,,
baseline,67,middle,education,car,car,car,4662.0,D_0000507,2,46,597470324.0,440504133.0,0.0,car:597470324:440504133:0,32.52814357560554,37581430,Rua E,living_street,,,,,,,,,
baseline,67,middle,education,car,car,car,4662.0,D_0000507,3,46,440504133.0,434834945.0,0.0,car:440504133:434834945:0,12.050162541499832,37581430,Rua E,living_street,,,,,,,,,
baseline,67,middle,education,car,car,car,4662.0,D_0000507,4,46,434834945.0,440504128.0,0.0,car:434834945:440504128:0,240.03169886673564,927245045|927245046|37309039,Rua Maria Luiza Peres,tertiary,,,,,,,,,
baseline,67,middle,education,car,car,car,4662.0,D_0000507,5,46,440504128.0,570215403.0,0.0,car:440504128:570215403:0,73.26258822061115,37581352,Rua Intendente Alfredo Azevedo,tertiary,,,,,,,,,
baseline,67,middle,education,car,car,car,4662.0,D_0000507,6,46,570215403.0,2034670617.0,0.0,car:570215403:2034670617:0,69.99968397312172,37581352,Rua Intendente Alfredo Azevedo,tertiary,,,,,,,,,
baseline,67,middle,education,car,car,car,4662.0,D_0000507,7,46,2034670617.0,570215405.0,0.0,car:2034670617:570215405:0,78.41929955178779,37581352,Rua Intendente Alfredo Azevedo,tertiary,,,,,,,,,
baseline,67,middle,education,car,car,car,4662.0,D_0000507,8,46,570215405.0,597470299.0,0.0,car:570215405:597470299:0,197.441373863772,37581352,Rua Intendente Alfredo Azevedo,tertiary,,,,,,,,,
baseline,67,middle,education,car,car,car,4662.0,D_0000507,9,46,597470299.0,597470298.0,0.0,car:597470299:597470298:0,9.997737975813111,37581352,Rua Intendente Alfredo Azevedo,tertiary,,,,,,,,,
baseline,67,middle,education,car,car,car,4662.0,D_0000507,10,46,597470298.0,6159430736.0,0.0,car:597470298:6159430736:0,93.3623366242366,500493442,Rua Intendente Alfredo Azevedo,tertiary,,,,,,,,,
baseline,67,middle,education,car,car,car,4662.0,D_0000507,11,46,6159430736.0,8709269689.0,0.0,car:6159430736:8709269689:0,121.27816783714073,500493442,Rua Intendente Alfredo Azevedo,tertiary,,,,,,,,,
baseline,67,middle,education,car,car,car,4662.0,D_0000507,12,46,8709269689.0,597470302.0,0.0,car:8709269689:597470302:0,42.56682050150991,500493442,Rua Intendente Alfredo Azevedo,tertiary,,,,,,,,,
baseline,67,middle,education,car,car,car,4662.0,D_0000507,13,46,597470302.0,9038919185.0,0.0,car:597470302:9038919185:0,144.77101286640877,500493442,Rua Intendente Alfredo Azevedo,tertiary,,,,,,,,,
baseline,67,middle,education,car,car,car,4662.0,D_0000507,14,46,9038919185.0,8709269687.0,0.0,car:9038919185:8709269687:0,105.95810175798965,500493442,Rua Intendente Alfredo Azevedo,tertiary,,,,,,,,,
baseline,67,middle,education,car,car,car,4662.0,D_0000507,15,46,8709269687.0,597470303.0,0.0,car:8709269687:597470303:0,150.31239824301198,500493442,Rua Intendente Alfredo Azevedo,tertiary,,,,,,,,,
baseline,67,middle,education,car,car,car,4662.0,D_0000507,16,46,597470303.0,2509016159.0,0.0,car:597470303:2509016159:0,262.7695035616627,500493442|927808851,Rua Intendente Alfredo Azevedo,tertiary,,,,,,,,,
baseline,67,middle,education,car,car,car,4662.0,D_0000507,17,46,2509016159.0,597470304.0,0.0,car:2509016159:597470304:0,18.379013895284462,927808851,Rua Intendente Alfredo Azevedo,tertiary,,,,,,,,,
baseline,67,middle,education,car,car,car,4662.0,D_0000507,18,46,597470304.0,2917580696.0,0.0,car:597470304:2917580696:0,65.25203248663516,356396127,Avenida Professor Oscar Pereira,secondary,,,,,,,,,
baseline,67,middle,education,car,car,car,4662.0,D_0000507,19,46,2917580696.0,597470307.0,0.0,car:2917580696:597470307:0,97.08677788468447,288207546,Avenida Professor Oscar Pereira,secondary,,,,,,,,,
baseline,67,middle,education,car,car,car,4662.0,D_0000507,20,46,597470307.0,306704052.0,0.0,car:597470307:306704052:0,96.9172054099948,288207546,Avenida Professor Oscar Pereira,secondary,,,,,,,,,
baseline,67,middle,education,car,car,car,4662.0,D_0000507,21,46,306704052.0,1152647381.0,0.0,car:306704052:1152647381:0,9.238551951691882,127359652,Avenida Professor Oscar Pereira,secondary,,,,,,,,,
baseline,67,middle,education,car,car,car,4662.0,D_0000507,22,46,1152647381.0,1420870514.0,0.0,car:1152647381:1420870514:0,12.39284825165113,500493334,Corredor de Transporte Coletivo Doutor Salvador França,busway,,,,,,,,,
baseline,67,middle,education,car,car,car,4662.0,D_0000507,23,46,1420870514.0,10079592740.0,0.0,car:1420870514:10079592740:0,345.9040566849295,356398434|356397403|500493334,Corredor de Transporte Coletivo Doutor Salvador França,busway,,,,,,,,,
baseline,67,middle,education,car,car,car,4662.0,D_0000507,24,46,10079592740.0,1152647352.0,0.0,car:10079592740:1152647352:0,5.8056986192066695,356397403,Corredor de Transporte Coletivo Doutor Salvador França,busway,,,,,,,,,
baseline,67,middle,education,car,car,car,4662.0,D_0000507,25,46,1152647352.0,1159301926.0,0.0,car:1152647352:1159301926:0,403.10358746935765,356397723|254833142,Corredor de Transporte Coletivo Doutor Salvador França|Passagem de Nível Engenheiro José Portella Nunes,busway,,,,,,,,,
baseline,67,middle,education,car,car,car,4662.0,D_0000507,26,46,1159301926.0,2289413063.0,0.0,car:1159301926:2289413063:0,52.454773924225954,356397441,Corredor de Transporte Coletivo Teresópolis,busway,,,,,,,,,
baseline,67,middle,education,car,car,car,4662.0,D_0000507,27,46,2289413063.0,3618665485.0,0.0,car:2289413063:3618665485:0,38.06446191634685,356396757,,busway,,,,,,,,,
baseline,67,middle,education,car,car,car,4662.0,D_0000507,28,46,3618665485.0,443341389.0,0.0,car:3618665485:443341389:0,78.40936026024652,356396262|927819391,Avenida Teresópolis,primary,,,,,,,,,
baseline,67,middle,education,car,car,car,4662.0,D_0000507,29,46,443341389.0,443341387.0,0.0,car:443341389:443341387:0,145.12912452450715,356396262,Avenida Teresópolis,primary,,,,,,,,,
baseline,67,middle,education,car,car,car,4662.0,D_0000507,30,46,443341387.0,2847490442.0,0.0,car:443341387:2847490442:0,157.8345474343937,232189983,Avenida Teresópolis,primary,,,,,,,,,
baseline,67,middle,education,car,car,car,4662.0,D_0000507,31,46,2847490442.0,2522167138.0,0.0,car:2847490442:2522167138:0,87.7649100099182,451653102,Avenida Teresópolis,primary,,,,,,,,,
baseline,67,middle,education,car,car,car,4662.0,D_0000507,32,46,2522167138.0,448035023.0,0.0,car:2522167138:448035023:0,54.004664092202795,451653102,Avenida Teresópolis,primary,,,,,,,,,
baseline,67,middle,education,car,car,car,4662.0,D_0000507,33,46,448035023.0,1159301642.0,0.0,car:448035023:1159301642:0,76.01603477903447,168522565,Avenida Teresópolis,primary,,,,,,,,,
baseline,67,middle,education,car,car,car,4662.0,D_0000507,34,46,1159301642.0,1024310973.0,0.0,car:1159301642:1024310973:0,42.49430411615698,393912425,Rua Coronel João Pinto,tertiary,,,,,,,,,
baseline,67,middle,education,car,car,car,4662.0,D_0000507,35,46,1024310973.0,1024311055.0,0.0,car:1024310973:1024311055:0,237.55347869370513,88149824|315373139,Rua Gabriel Marcarello|Rua Doutor Luiz da Silva Flores,residential,,,,,,,,,
baseline,67,middle,education,car,car,car,4662.0,D_0000507,36,46,1024311055.0,9009188570.0,0.0,car:1024311055:9009188570:0,139.05817420315623,37742004,Rua Dário Totta,residential,,,,,,,,,
baseline,67,middle,education,car,car,car,4662.0,D_0000507,37,46,9009188570.0,1024311005.0,0.0,car:9009188570:1024311005:0,12.623752065067345,37742004,Rua Dário Totta,residential,,,,,,,,,
baseline,67,middle,education,car,car,car,4662.0,D_0000507,38,46,1024311005.0,1024311024.0,0.0,car:1024311005:1024311024:0,148.84980599533878,88149829,Rua Cunha Neto,residential,,,,,,,,,
baseline,67,middle,education,car,car,car,4662.0,D_0000507,39,46,1024311024.0,3502962301.0,0.0,car:1024311024:3502962301:0,110.64296216427691,563882884,Rua Octávio de Souza,tertiary,,,,,,,,,
baseline,67,middle,education,car,car,car,4662.0,D_0000507,40,46,3502962301.0,832663156.0,0.0,car:3502962301:832663156:0,30.814163716947846,563882884,Rua Octávio de Souza,tertiary,,,,,,,,,
baseline,67,middle,education,car,car,car,4662.0,D_0000507,41,46,832663156.0,832663153.0,0.0,car:832663156:832663153:0,196.7804955212679,563882884,Rua Octávio de Souza,tertiary,,,,,,,,,
baseline,67,middle,education,car,car,car,4662.0,D_0000507,42,46,832663153.0,832663085.0,0.0,car:832663153:832663085:0,141.25490360673095,563882884|563882885,Rua Octávio de Souza,tertiary,,,,,,,,,
baseline,67,middle,education,car,car,car,4662.0,D_0000507,43,46,832663085.0,832663151.0,0.0,car:832663085:832663151:0,70.85185643763785,451653517,Rua Octávio de Souza,tertiary,,,,,,,,,
baseline,67,middle,education,car,car,car,4662.0,D_0000507,44,46,832663151.0,832663148.0,0.0,car:832663151:832663148:0,95.93204533082528,326667080,Rua Octávio de Souza,tertiary,,,,,,,,,
baseline,67,middle,education,car,car,car,4662.0,D_0000507,45,46,832663148.0,832663114.0,0.0,car:832663148:832663114:0,56.067552642290984,219333435,Rua Octávio de Souza,tertiary,,,,,,,,,
baseline,69,middle,leisure,bike,bike,bike,7730.0,D_0002056,0,129,2289231004.0,2289231006.0,0.0,bike:2289231004:2289231006:0,10.63160449674559,445998983,,living_street,,,,,,,,,
baseline,69,middle,leisure,bike,bike,bike,7730.0,D_0002056,1,129,2289231006.0,2289231029.0,0.0,bike:2289231006:2289231029:0,47.87784947091651,219790003,Avenida Uirapuru,residential,,,,,,,,,
baseline,69,middle,leisure,bike,bike,bike,7730.0,D_0002056,2,129,2289231029.0,2289231037.0,0.0,bike:2289231029:2289231037:0,68.87093482912073,219790003,Avenida Uirapuru,residential,,,,,,,,,
baseline,69,middle,leisure,bike,bike,bike,7730.0,D_0002056,3,129,2289231037.0,5314020192.0,0.0,bike:2289231037:5314020192:0,129.27321778799438,327282614,Avenida Antônio de Carvalho,secondary,,,,,,,,,
baseline,69,middle,leisure,bike,bike,bike,7730.0,D_0002056,4,129,5314020192.0,5314020193.0,0.0,bike:5314020192:5314020193:0,217.20791950107053,550169497,,residential,,,,,,,,,
baseline,69,middle,leisure,bike,bike,bike,7730.0,D_0002056,5,129,5314020193.0,8751615010.0,0.0,bike:5314020193:8751615010:0,100.45693210030336,570008663,Rua Park Plaza,residential,,,,,,,,,
baseline,69,middle,leisure,bike,bike,bike,7730.0,D_0002056,6,129,8751615010.0,14072855381.0,0.0,bike:8751615010:14072855381:0,91.16942225082413,570008663,Rua Park Plaza,residential,,,,,,,,,
baseline,69,middle,leisure,bike,bike,bike,7730.0,D_0002056,7,129,14072855381.0,2933384504.0,0.0,bike:14072855381:2933384504:0,44.18830020573913,570008663,Rua Park Plaza,residential,,,,,,,,,
baseline,69,middle,leisure,bike,bike,bike,7730.0,D_0002056,8,129,2933384504.0,2932137884.0,0.0,bike:2933384504:2932137884:0,29.86053858093892,570008663,Rua Park Plaza,residential,,,,,,,,,
baseline,69,middle,leisure,bike,bike,bike,7730.0,D_0002056,9,129,2932137884.0,8751933252.0,0.0,bike:2932137884:8751933252:0,8.43169021528115,289665146,Rua Park Plaza,residential,,,,,,,,,
baseline,69,middle,leisure,bike,bike,bike,7730.0,D_0002056,10,129,8751933252.0,2932137883.0,0.0,bike:8751933252:2932137883:0,72.42569338344808,289665146,Rua Park Plaza,residential,,,,,,,,,
baseline,69,middle,leisure,bike,bike,bike,7730.0,D_0002056,11,129,2932137883.0,293823478.0,0.0,bike:2932137883:293823478:0,71.0130750711206,471814842,Avenida Ipiranga,secondary,,,,,,,,,
baseline,69,middle,leisure,bike,bike,bike,7730.0,D_0002056,12,129,293823478.0,319124959.0,0.0,bike:293823478:319124959:0,271.1700955706532,471814842,Avenida Ipiranga,secondary,,,,,,,,,
baseline,69,middle,leisure,bike,bike,bike,7730.0,D_0002056,13,129,319124959.0,319124957.0,0.0,bike:319124959:319124957:0,62.11249849898564,471814842,Avenida Ipiranga,secondary,,,,,,,,,
baseline,69,middle,leisure,bike,bike,bike,7730.0,D_0002056,14,129,319124957.0,293823489.0,0.0,bike:319124957:293823489:0,369.6445138755928,471814842,Avenida Ipiranga,secondary,,,,,,,,,
baseline,69,middle,leisure,bike,bike,bike,7730.0,D_0002056,15,129,293823489.0,4659754996.0,0.0,bike:293823489:4659754996:0,20.663105046689537,1291626630,Avenida Ipiranga,secondary,,,,,,,,,
baseline,69,middle,leisure,bike,bike,bike,7730.0,D_0002056,16,129,4659754996.0,8427596402.0,0.0,bike:4659754996:8427596402:0,245.2095830297241,471814862,Avenida Ipiranga,secondary,,,,,,,,,
baseline,69,middle,leisure,bike,bike,bike,7730.0,D_0002056,17,129,8427596402.0,2073429560.0,0.0,bike:8427596402:2073429560:0,7.87407161155008,907603672,Avenida Ipiranga,secondary,,,,,,,,,
baseline,69,middle,leisure,bike,bike,bike,7730.0,D_0002056,18,129,2073429560.0,12606947262.0,0.0,bike:2073429560:12606947262:0,74.4459259275065,907603671,Avenida Ipiranga,secondary,,,,,,,,,
baseline,69,middle,leisure,bike,bike,bike,7730.0,D_0002056,19,129,12606947262.0,12606947257.0,0.0,bike:12606947262:12606947257:0,100.80764038469462,907603671,Avenida Ipiranga,secondary,,,,,,,,,
baseline,69,middle,leisure,bike,bike,bike,7730.0,D_0002056,20,129,12606947257.0,2073429559.0,0.0,bike:12606947257:2073429559:0,26.409766084401713,907603671,Avenida Ipiranga,secondary,,,,,,,,,
baseline,69,middle,leisure,bike,bike,bike,7730.0,D_0002056,21,129,2073429559.0,312801278.0,0.0,bike:2073429559:312801278:0,268.0447131606422,907603671,Avenida Ipiranga,secondary,,,,,,,,,
baseline,69,middle,leisure,bike,bike,bike,7730.0,D_0002056,22,129,312801278.0,312800779.0,0.0,bike:312801278:312800779:0,202.7198737832306,451652979|218959398,Avenida Ipiranga,secondary,,,,,,,,,
baseline,69,middle,leisure,bike,bike,bike,7730.0,D_0002056,23,129,312800779.0,1157507179.0,0.0,bike:312800779:1157507179:0,27.257909635232433,127349386,Avenida Ipiranga,secondary,,,,,,,,,
baseline,69,middle,leisure,bike,bike,bike,7730.0,D_0002056,24,129,1157507179.0,9049833324.0,0.0,bike:1157507179:9049833324:0,24.850648243415378,1467271895,Avenida Ipiranga,secondary,,,,,,,,,
baseline,69,middle,leisure,bike,bike,bike,7730.0,D_0002056,25,129,9049833324.0,11499617124.0,0.0,bike:9049833324:11499617124:0,297.828192182063,1467271895,Avenida Ipiranga,secondary,,,,,,,,,
baseline,69,middle,leisure,bike,bike,bike,7730.0,D_0002056,26,129,11499617124.0,3340713763.0,0.0,bike:11499617124:3340713763:0,24.043961943447563,1467271893|1467271894,Avenida Ipiranga,secondary,,,,,,,,,
baseline,69,middle,leisure,bike,bike,bike,7730.0,D_0002056,27,129,3340713763.0,7384033037.0,0.0,bike:3340713763:7384033037:0,319.6934475721976,1467271893,Avenida Ipiranga,secondary,,,,,,,,,
baseline,69,middle,leisure,bike,bike,bike,7730.0,D_0002056,28,129,7384033037.0,2168170386.0,0.0,bike:7384033037:2168170386:0,3.815942335665622,356396027,Avenida Ipiranga,secondary,,,,,,,,,
baseline,69,middle,leisure,bike,bike,bike,7730.0,D_0002056,29,129,2168170386.0,8478492331.0,0.0,bike:2168170386:8478492331:0,170.23549885076312,356396027,Avenida Ipiranga,secondary,,,,,,,,,
baseline,69,middle,leisure,bike,bike,bike,7730.0,D_0002056,30,129,8478492331.0,8478060084.0,0.0,bike:8478492331:8478060084:0,102.8370640380879,356396027,Avenida Ipiranga,secondary,,,,,,,,,
baseline,69,middle,leisure,bike,bike,bike,7730.0,D_0002056,31,129,8478060084.0,9016046755.0,0.0,bike:8478060084:9016046755:0,164.08500948439482,356396027,Avenida Ipiranga,secondary,,,,,,,,,
baseline,69,middle,leisure,bike,bike,bike,7730.0,D_0002056,32,129,9016046755.0,1157507278.0,0.0,bike:9016046755:1157507278:0,52.72629464507229,356396027,Avenida Ipiranga,secondary,,,,,,,,,
baseline,69,middle,leisure,bike,bike,bike,7730.0,D_0002056,33,129,1157507278.0,8487751833.0,0.0,bike:1157507278:8487751833:0,36.597441951445816,356396027,Avenida Ipiranga,secondary,,,,,,,,,
baseline,69,middle,leisure,bike,bike,bike,7730.0,D_0002056,34,129,8487751833.0,295145320.0,0.0,bike:8487751833:295145320:0,24.797079064228054,356396027,Avenida Ipiranga,secondary,,,,,,,,,
baseline,69,middle,leisure,bike,bike,bike,7730.0,D_0002056,35,129,295145320.0,8485154894.0,0.0,bike:295145320:8485154894:0,11.867621682975958,356396027,Avenida Ipiranga,secondary,,,,,,,,,
baseline,69,middle,leisure,bike,bike,bike,7730.0,D_0002056,36,129,8485154894.0,8487751837.0,0.0,bike:8485154894:8487751837:0,10.611961645308437,356396027,Avenida Ipiranga,secondary,,,,,,,,,
baseline,69,middle,leisure,bike,bike,bike,7730.0,D_0002056,37,129,8487751837.0,295145321.0,0.0,bike:8487751837:295145321:0,67.2652665954818,356396027,Avenida Ipiranga,secondary,,,,,,,,,
baseline,69,middle,leisure,bike,bike,bike,7730.0,D_0002056,38,129,295145321.0,312797276.0,0.0,bike:295145321:312797276:0,128.17955311927,229421136,Avenida Ipiranga,secondary,,,,,,,,,
baseline,69,middle,leisure,bike,bike,bike,7730.0,D_0002056,39,129,312797276.0,312796171.0,0.0,bike:312797276:312796171:0,40.98532895262133,127282984,Avenida Ipiranga,secondary,,,,,,,,,
baseline,69,middle,leisure,bike,bike,bike,7730.0,D_0002056,40,129,312796171.0,2036051362.0,0.0,bike:312796171:2036051362:0,24.74211367137543,127282990,Avenida Ipiranga,secondary,,,,,,,,,
baseline,69,middle,leisure,bike,bike,bike,7730.0,D_0002056,41,129,2036051362.0,312620359.0,0.0,bike:2036051362:312620359:0,45.924346157908694,127282990,Avenida Ipiranga,secondary,,,,,,,,,
baseline,69,middle,leisure,bike,bike,bike,7730.0,D_0002056,42,129,312620359.0,312618736.0,0.0,bike:312620359:312618736:0,20.982329262137423,127282987,Avenida Ipiranga,secondary,,,,,,,,,
baseline,69,middle,leisure,bike,bike,bike,7730.0,D_0002056,43,129,312618736.0,312606069.0,0.0,bike:312618736:312606069:0,119.42808039579921,127282958,Avenida Ipiranga,secondary,,,,,,,,,
baseline,69,middle,leisure,bike,bike,bike,7730.0,D_0002056,44,129,312606069.0,8487806298.0,0.0,bike:312606069:8487806298:0,6.5234215418960355,229421137,Avenida Ipiranga,secondary,,,,,,,,,
baseline,69,middle,leisure,bike,bike,bike,7730.0,D_0002056,45,129,8487806298.0,312592480.0,0.0,bike:8487806298:312592480:0,106.18444978570338,229421137,Avenida Ipiranga,secondary,,,,,,,,,
baseline,69,middle,leisure,bike,bike,bike,7730.0,D_0002056,46,129,312592480.0,2379649968.0,0.0,bike:312592480:2379649968:0,202.47020342668083,229421137,Avenida Ipiranga,secondary,,,,,,,,,
baseline,69,middle,leisure,bike,bike,bike,7730.0,D_0002056,47,129,2379649968.0,312590962.0,0.0,bike:2379649968:312590962:0,94.09890387670268,451652986,Avenida Ipiranga,secondary,,,,,,,,,
baseline,69,middle,leisure,bike,bike,bike,7730.0,D_0002056,48,129,312590962.0,312590734.0,0.0,bike:312590962:312590734:0,105.29167421271694,285297327,Avenida Ipiranga,secondary,,,,,,,,,
baseline,69,middle,leisure,bike,bike,bike,7730.0,D_0002056,49,129,312590734.0,14124053856.0,0.0,bike:312590734:14124053856:0,160.20436267010976,285297327,Avenida Ipiranga,secondary,,,,,,,,,
baseline,69,middle,leisure,bike,bike,bike,7730.0,D_0002056,50,129,14124053856.0,312621729.0,0.0,bike:14124053856:312621729:0,83.25191723810924,285297327,Avenida Ipiranga,secondary,,,,,,,,,
baseline,69,middle,leisure,bike,bike,bike,7730.0,D_0002056,51,129,312621729.0,9016046743.0,0.0,bike:312621729:9016046743:0,27.334767982414025,285297327,Avenida Ipiranga,secondary,,,,,,,,,
baseline,69,middle,leisure,bike,bike,bike,7730.0,D_0002056,52,129,9016046743.0,312625418.0,0.0,bike:9016046743:312625418:0,46.38922943234774,285297327,Avenida Ipiranga,secondary,,,,,,,,,
baseline,69,middle,leisure,bike,bike,bike,7730.0,D_0002056,53,129,312625418.0,312625420.0,0.0,bike:312625418:312625420:0,75.76545914717558,285297327,Avenida Ipiranga,secondary,,,,,,,,,
baseline,69,middle,leisure,bike,bike,bike,7730.0,D_0002056,54,129,312625420.0,9016264737.0,0.0,bike:312625420:9016264737:0,98.84729665076668,285297327,Avenida Ipiranga,secondary,,,,,,,,,
baseline,69,middle,leisure,bike,bike,bike,7730.0,D_0002056,55,129,9016264737.0,2281626996.0,0.0,bike:9016264737:2281626996:0,136.1080072950097,285297327,Avenida Ipiranga,secondary,,,,,,,,,
baseline,69,middle,leisure,bike,bike,bike,7730.0,D_0002056,56,129,2281626996.0,295145361.0,0.0,bike:2281626996:295145361:0,37.900126069104815,285297327,Avenida Ipiranga,secondary,,,,,,,,,
baseline,69,middle,leisure,bike,bike,bike,7730.0,D_0002056,57,129,295145361.0,2281626984.0,0.0,bike:295145361:2281626984:0,18.857020814636186,451652982,Avenida Ipiranga,secondary,,,,,,,,,
baseline,69,middle,leisure,bike,bike,bike,7730.0,D_0002056,58,129,2281626984.0,8427668580.0,0.0,bike:2281626984:8427668580:0,77.55833806413271,451652980,Avenida Ipiranga,secondary,,,,,,,,,
baseline,69,middle,leisure,bike,bike,bike,7730.0,D_0002056,59,129,8427668580.0,2281626978.0,0.0,bike:8427668580:2281626978:0,3.1060721820795596,451652980,Avenida Ipiranga,secondary,,,,,,,,,
baseline,69,middle,leisure,bike,bike,bike,7730.0,D_0002056,60,129,2281626978.0,8580804503.0,0.0,bike:2281626978:8580804503:0,17.702168020610713,451652988,Avenida Ipiranga,secondary,,,,,,,,,
baseline,69,middle,leisure,bike,bike,bike,7730.0,D_0002056,61,129,8580804503.0,312818187.0,0.0,bike:8580804503:312818187:0,142.0021602942172,451652988,Avenida Ipiranga,secondary,,,,,,,,,
baseline,69,middle,leisure,bike,bike,bike,7730.0,D_0002056,62,129,312818187.0,313257099.0,0.0,bike:312818187:313257099:0,241.97431790791424,637857740,Avenida Ipiranga,secondary,,,,,,,,,
baseline,69,middle,leisure,bike,bike,bike,7730.0,D_0002056,63,129,313257099.0,313256943.0,0.0,bike:313257099:313256943:0,189.26508128892766,451652977,Avenida Ipiranga,secondary,,,,,,,,,
baseline,69,middle,leisure,bike,bike,bike,7730.0,D_0002056,64,129,313256943.0,8414478978.0,0.0,bike:313256943:8414478978:0,117.18874968154037,451652977,Avenida Ipiranga,secondary,,,,,,,,,
baseline,69,middle,leisure,bike,bike,bike,7730.0,D_0002056,65,129,8414478978.0,1822038046.0,0.0,bike:8414478978:1822038046:0,12.64273977149639,451652977,Avenida Ipiranga,secondary,,,,,,,,,
baseline,69,middle,leisure,bike,bike,bike,7730.0,D_0002056,66,129,1822038046.0,8599750479.0,0.0,bike:1822038046:8599750479:0,91.12768329767954,451652977,Avenida Ipiranga,secondary,,,,,,,,,
baseline,69,middle,leisure,bike,bike,bike,7730.0,D_0002056,67,129,8599750479.0,313256425.0,0.0,bike:8599750479:313256425:0,103.7272462018925,27371028,Rua João Guimarães,tertiary,,,,,,,,,
baseline,69,middle,leisure,bike,bike,bike,7730.0,D_0002056,68,129,313256425.0,313256705.0,0.0,bike:313256425:313256705:0,190.28303372343535,27371028,Rua João Guimarães,tertiary,,,,,,,,,
baseline,69,middle,leisure,bike,bike,bike,7730.0,D_0002056,69,129,313256705.0,317710861.0,0.0,bike:313256705:317710861:0,229.2548715526129,924559425|27371028,Rua João Guimarães,tertiary,,,,,,,,,
baseline,69,middle,leisure,bike,bike,bike,7730.0,D_0002056,70,129,317710861.0,2527526784.0,0.0,bike:317710861:2527526784:0,10.57014726453925,132557135,Rua João Guimarães,tertiary,,,,,,,,,
baseline,69,middle,leisure,bike,bike,bike,7730.0,D_0002056,71,129,2527526784.0,3618664487.0,0.0,bike:2527526784:3618664487:0,62.535098892203024,356398285,Corredor de Transporte Coletivo Protásio Alves,busway,,,,,,,,,
baseline,69,middle,leisure,bike,bike,bike,7730.0,D_0002056,72,129,3618664487.0,3618664440.0,0.0,bike:3618664487:3618664440:0,146.09752941140383,356397878,Corredor de Transporte Coletivo Protásio Alves,busway,,,,,,,,,
baseline,69,middle,leisure,bike,bike,bike,7730.0,D_0002056,73,129,3618664440.0,4198723293.0,0.0,bike:3618664440:4198723293:0,36.66778736129456,356398021,Corredor de Transporte Coletivo Protásio Alves,busway,,,,,,,,,
baseline,69,middle,leisure,bike,bike,bike,7730.0,D_0002056,74,129,4198723293.0,3618664423.0,0.0,bike:4198723293:3618664423:0,157.00095870726403,356398021,Corredor de Transporte Coletivo Protásio Alves,busway,,,,,,,,,
baseline,69,middle,leisure,bike,bike,bike,7730.0,D_0002056,75,129,3618664423.0,3618664408.0,0.0,bike:3618664423:3618664408:0,154.96298123808197,356397782,Corredor de Transporte Coletivo Protásio Alves,busway,,,,,,,,,
baseline,69,middle,leisure,bike,bike,bike,7730.0,D_0002056,76,129,3618664408.0,3618664400.0,0.0,bike:3618664408:3618664400:0,113.4063469493613,356397848,Corredor de Transporte Coletivo Protásio Alves,busway,,,,,,,,,
baseline,69,middle,leisure,bike,bike,bike,7730.0,D_0002056,77,129,3618664400.0,3329365572.0,0.0,bike:3618664400:3329365572:0,78.74332159851029,356397081,Corredor de Transporte Coletivo Osvaldo Aranha,busway,,,,,,,,,
baseline,69,middle,leisure,bike,bike,bike,7730.0,D_0002056,78,129,3329365572.0,3618664385.0,0.0,bike:3329365572:3618664385:0,75.37627882539573,356397911,Corredor de Transporte Coletivo Osvaldo Aranha,busway,,,,,,,,,
baseline,69,middle,leisure,bike,bike,bike,7730.0,D_0002056,79,129,3618664385.0,3329365567.0,0.0,bike:3618664385:3329365567:0,152.98724685782776,1282045359,Corredor de Transporte Coletivo Osvaldo Aranha,busway,,,,,,,,,
baseline,69,middle,leisure,bike,bike,bike,7730.0,D_0002056,80,129,3329365567.0,2527526616.0,0.0,bike:3329365567:2527526616:0,391.8734305359213,1282045359,Corredor de Transporte Coletivo Osvaldo Aranha,busway,,,,,,,,,
baseline,69,middle,leisure,bike,bike,bike,7730.0,D_0002056,81,129,2527526616.0,2266223287.0,0.0,bike:2527526616:2266223287:0,13.86234510702934,245578157,Rua Santo Antônio,tertiary,,,,,,,,,
baseline,69,middle,leisure,bike,bike,bike,7730.0,D_0002056,82,129,2266223287.0,2266223302.0,0.0,bike:2266223287:2266223302:0,31.725595948345145,217350344,,path,,,,,,,,,
baseline,69,middle,leisure,bike,bike,bike,7730.0,D_0002056,83,129,2266223302.0,2266223354.0,0.0,bike:2266223302:2266223354:0,42.87009790559932,217350344,,path,,,,,,,,,
baseline,69,middle,leisure,bike,bike,bike,7730.0,D_0002056,84,129,2266223354.0,2266223357.0,0.0,bike:2266223354:2266223357:0,36.418775303491834,217350338,,service,,,,,,,,,
baseline,69,middle,leisure,bike,bike,bike,7730.0,D_0002056,85,129,2266223357.0,2266223362.0,0.0,bike:2266223357:2266223362:0,53.178471279984294,217350338,,service,,,,,,,,,
baseline,69,middle,leisure,bike,bike,bike,7730.0,D_0002056,86,129,2266223362.0,2266243304.0,0.0,bike:2266223362:2266243304:0,13.833315976614204,217350338,,service,,,,,,,,,
baseline,69,middle,leisure,bike,bike,bike,7730.0,D_0002056,87,129,2266243304.0,2266243303.0,0.0,bike:2266243304:2266243303:0,33.84216903218053,217350338,,service,,,,,,,,,
baseline,69,middle,leisure,bike,bike,bike,7730.0,D_0002056,88,129,2266243303.0,2266223359.0,0.0,bike:2266243303:2266223359:0,47.026212766450634,217350338,,service,,,,,,,,,
baseline,69,middle,leisure,bike,bike,bike,7730.0,D_0002056,89,129,2266223359.0,2266223345.0,0.0,bike:2266223359:2266223345:0,35.99207214932822,217350338,,service,,,,,,,,,
baseline,69,middle,leisure,bike,bike,bike,7730.0,D_0002056,90,129,2266223345.0,2266223383.0,0.0,bike:2266223345:2266223383:0,44.97381000407551,217350289|217350338,,service,,,,,,,,,
baseline,69,middle,leisure,bike,bike,bike,7730.0,D_0002056,91,129,2266223383.0,2266223395.0,0.0,bike:2266223383:2266223395:0,11.929815717194455,217350289,,service,,,,,,,,,
baseline,69,middle,leisure,bike,bike,bike,7730.0,D_0002056,92,129,2266223395.0,2266223367.0,0.0,bike:2266223395:2266223367:0,29.64048938474263,217350277,,service,,,,,,,,,
baseline,69,middle,leisure,bike,bike,bike,7730.0,D_0002056,93,129,2266223367.0,2266223396.0,0.0,bike:2266223367:2266223396:0,33.01183766671033,237143905|448507789,Avenida Beira Lago,service,,,,,,,,,
baseline,69,middle,leisure,bike,bike,bike,7730.0,D_0002056,94,129,2266223396.0,2266223397.0,0.0,bike:2266223396:2266223397:0,12.6661133459875,237143905,Avenida Beira Lago,service,,,,,,,,,
baseline,69,middle,leisure,bike,bike,bike,7730.0,D_0002056,95,129,2266223397.0,2266223424.0,0.0,bike:2266223397:2266223424:0,27.321519400194344,237143905,Avenida Beira Lago,service,,,,,,,,,
baseline,69,middle,leisure,bike,bike,bike,7730.0,D_0002056,96,129,2266223424.0,11347949675.0,0.0,bike:2266223424:11347949675:0,40.852629055770386,217350248,,path,,,,,,,,,
baseline,69,middle,leisure,bike,bike,bike,7730.0,D_0002056,97,129,11347949675.0,2266223344.0,0.0,bike:11347949675:2266223344:0,103.30901785743816,217350248,,path,,,,,,,,,
baseline,69,middle,leisure,bike,bike,bike,7730.0,D_0002056,98,129,2266223344.0,2266223375.0,0.0,bike:2266223344:2266223375:0,82.06405755694064,217350248,,path,,,,,,,,,
baseline,69,middle,leisure,bike,bike,bike,7730.0,D_0002056,99,129,2266223375.0,5423750185.0,0.0,bike:2266223375:5423750185:0,23.721172646740158,217350298,,path,,,,,,,,,
baseline,69,middle,leisure,bike,bike,bike,7730.0,D_0002056,100,129,5423750185.0,4455141027.0,0.0,bike:5423750185:4455141027:0,22.106015066517045,358291509,,path,,,,,,,,,
baseline,69,middle,leisure,bike,bike,bike,7730.0,D_0002056,101,129,4455141027.0,5423750190.0,0.0,bike:4455141027:5423750190:0,6.367911921644981,562626720,,cycleway,,,,,,,,,
baseline,69,middle,leisure,bike,bike,bike,7730.0,D_0002056,102,129,5423750190.0,5423750186.0,0.0,bike:5423750190:5423750186:0,10.784403094262784,562626712,,cycleway,,,,,,,,,
baseline,69,middle,leisure,bike,bike,bike,7730.0,D_0002056,103,129,5423750186.0,3621004162.0,0.0,bike:5423750186:3621004162:0,18.802872591572196,562626712,,cycleway,,,,,,,,,
baseline,69,middle,leisure,bike,bike,bike,7730.0,D_0002056,104,129,3621004162.0,5423750183.0,0.0,bike:3621004162:5423750183:0,20.70705693253863,562626704,Avenida Loureiro da Silva,service,,,,,,,,,
baseline,69,middle,leisure,bike,bike,bike,7730.0,D_0002056,105,129,5423750183.0,2188706087.0,0.0,bike:5423750183:2188706087:0,5.793566324166603,1292199139,Avenida Loureiro da Silva,service,,,,,,,,,
baseline,69,middle,leisure,bike,bike,bike,7730.0,D_0002056,106,129,2188706087.0,297360242.0,0.0,bike:2188706087:297360242:0,20.463047248441566,208590048,Avenida Loureiro da Silva,service,,,,,,,,,
baseline,69,middle,leisure,bike,bike,bike,7730.0,D_0002056,107,129,297360242.0,297360232.0,0.0,bike:297360242:297360232:0,91.2311798909293,208590049|208590047,Avenida Loureiro da Silva,primary,,,,,,,,,
baseline,69,middle,leisure,bike,bike,bike,7730.0,D_0002056,108,129,297360232.0,5423750213.0,0.0,bike:297360232:5423750213:0,55.36588403252396,398437182,Avenida Loureiro da Silva,secondary,,,,,,,,,
baseline,69,middle,leisure,bike,bike,bike,7730.0,D_0002056,109,129,5423750213.0,5423750215.0,0.0,bike:5423750213:5423750215:0,20.20041844537742,398437182,Avenida Loureiro da Silva,secondary,,,,,,,,,
baseline,69,middle,leisure,bike,bike,bike,7730.0,D_0002056,110,129,5423750215.0,5423750217.0,0.0,bike:5423750215:5423750217:0,20.200414025968172,398437182,Avenida Loureiro da Silva,secondary,,,,,,,,,
baseline,69,middle,leisure,bike,bike,bike,7730.0,D_0002056,111,129,5423750217.0,5423750622.0,0.0,bike:5423750217:5423750622:0,20.211011990379887,398437182,Avenida Loureiro da Silva,secondary,,,,,,,,,
baseline,69,middle,leisure,bike,bike,bike,7730.0,D_0002056,112,129,5423750622.0,8600037561.0,0.0,bike:5423750622:8600037561:0,85.47547485652208,398437182,Avenida Loureiro da Silva,secondary,,,,,,,,,
baseline,69,middle,leisure,bike,bike,bike,7730.0,D_0002056,113,129,8600037561.0,297360226.0,0.0,bike:8600037561:297360226:0,62.66576325727119,926832644,Avenida Loureiro da Silva,secondary,,,,,,,,,
baseline,69,middle,leisure,bike,bike,bike,7730.0,D_0002056,114,129,297360226.0,3182370906.0,0.0,bike:297360226:3182370906:0,59.367914823920074,287533473,Rua General Lima e Silva,tertiary,,,,,,,,,
baseline,69,middle,leisure,bike,bike,bike,7730.0,D_0002056,115,129,3182370906.0,4787233383.0,0.0,bike:3182370906:4787233383:0,34.58558556730656,287533473,Rua General Lima e Silva,tertiary,,,,,,,,,
baseline,69,middle,leisure,bike,bike,bike,7730.0,D_0002056,116,129,4787233383.0,297619972.0,0.0,bike:4787233383:297619972:0,20.801052180460925,287533473,Rua General Lima e Silva,tertiary,,,,,,,,,
baseline,69,middle,leisure,bike,bike,bike,7730.0,D_0002056,117,129,297619972.0,1398645756.0,0.0,bike:297619972:1398645756:0,26.93886395933284,27028140,Rua General Lima e Silva,tertiary,,,,,,,,,
baseline,69,middle,leisure,bike,bike,bike,7730.0,D_0002056,118,129,1398645756.0,330953701.0,0.0,bike:1398645756:330953701:0,54.33257826181734,451653370,Rua General Lima e Silva,tertiary,,,,,,,,,
baseline,69,middle,leisure,bike,bike,bike,7730.0,D_0002056,119,129,330953701.0,477240533.0,0.0,bike:330953701:477240533:0,79.14626044511678,485965701,Rua Coronel Fernando Machado,tertiary,,,,,,,,,
baseline,69,middle,leisure,bike,bike,bike,7730.0,D_0002056,120,129,477240533.0,2036051344.0,0.0,bike:477240533:2036051344:0,70.53407768727931,208654362,Rua Coronel Fernando Machado,tertiary,,,,,,,,,
baseline,69,middle,leisure,bike,bike,bike,7730.0,D_0002056,121,129,2036051344.0,611964352.0,0.0,bike:2036051344:611964352:0,8.430135455895284,184701772,Rua Coronel Fernando Machado,tertiary,,,,,,,,,
baseline,69,middle,leisure,bike,bike,bike,7730.0,D_0002056,122,129,611964352.0,3230414564.0,0.0,bike:611964352:3230414564:0,53.046919781699415,287533469,Rua Coronel Fernando Machado,tertiary,,,,,,,,,
baseline,69,middle,leisure,bike,bike,bike,7730.0,D_0002056,123,129,3230414564.0,3230414561.0,0.0,bike:3230414564:3230414561:0,56.33703119586364,287533469,Rua Coronel Fernando Machado,tertiary,,,,,,,,,
baseline,69,middle,leisure,bike,bike,bike,7730.0,D_0002056,124,129,3230414561.0,296253090.0,0.0,bike:3230414561:296253090:0,61.77546269054078,287533469,Rua Coronel Fernando Machado,tertiary,,,,,,,,,
baseline,69,middle,leisure,bike,bike,bike,7730.0,D_0002056,125,129,296253090.0,296253089.0,0.0,bike:296253090:296253089:0,184.09903246005274,287533469,Rua Coronel Fernando Machado,tertiary,,,,,,,,,
baseline,69,middle,leisure,bike,bike,bike,7730.0,D_0002056,126,129,296253089.0,443404078.0,0.0,bike:296253089:443404078:0,191.64185843220775,253257589,Rua Coronel Fernando Machado,tertiary,,,,,,,,,
baseline,69,middle,leisure,bike,bike,bike,7730.0,D_0002056,127,129,443404078.0,297358915.0,0.0,bike:443404078:297358915:0,146.60648132963408,326126529,Rua Coronel Fernando Machado,residential,,,,,,,,,
baseline,69,middle,leisure,bike,bike,bike,7730.0,D_0002056,128,129,297358915.0,296253533.0,0.0,bike:297358915:296253533:0,91.44967234742195,208654363,Rua General Cypriano Ferreira,residential,,,,,,,,,
baseline,73,middle,work,car,car,car,9422.0,D_0019596,0,75,874423439.0,874423464.0,0.0,car:874423439:874423464:0,159.10600304703323,30142261,Rua Paulo Blaschke,residential,,,,,,,,,
baseline,73,middle,work,car,car,car,9422.0,D_0019596,1,75,874423464.0,874423610.0,0.0,car:874423464:874423610:0,72.81895798164928,564848326,Avenida Bispo João Scalabrini,tertiary,,,,,,,,,
baseline,73,middle,work,car,car,car,9422.0,D_0019596,2,75,874423610.0,874423474.0,0.0,car:874423610:874423474:0,8.789553788038527,451653549,Rua Professor Leopoldo Tietbohl,residential,,,,,,,,,
baseline,73,middle,work,car,car,car,9422.0,D_0019596,3,75,874423474.0,874423442.0,0.0,car:874423474:874423442:0,144.66235927323135,451653549,Rua Professor Leopoldo Tietbohl,residential,,,,,,,,,
baseline,73,middle,work,car,car,car,9422.0,D_0019596,4,75,874423442.0,874423401.0,0.0,car:874423442:874423401:0,77.84361131595293,451653475|451653476,Rua Irmã Theresina Werner,residential,,,,,,,,,
baseline,73,middle,work,car,car,car,9422.0,D_0019596,5,75,874423401.0,332157775.0,0.0,car:874423401:332157775:0,190.64344240454992,224269814,Rua Tenente Ary Tarragô,secondary,,,,,,,,,
baseline,73,middle,work,car,car,car,9422.0,D_0019596,6,75,332157775.0,3618663812.0,0.0,car:332157775:3618663812:0,6.927372054884728,30142310,Rua Dom Jaime de Barros Câmara,secondary,,,,,,,,,
baseline,73,middle,work,car,car,car,9422.0,D_0019596,7,75,3618663812.0,321022766.0,0.0,car:3618663812:321022766:0,6.937850606960606,356396494,Rua Dom Jaime de Barros Câmara,secondary,,,,,,,,,
baseline,73,middle,work,car,car,car,9422.0,D_0019596,8,75,321022766.0,321022848.0,0.0,car:321022766:321022848:0,76.60745791046328,924442932,Avenida Baltazar de Oliveira Garcia,secondary,,,,,,,,,
baseline,73,middle,work,car,car,car,9422.0,D_0019596,9,75,321022848.0,321022382.0,0.0,car:321022848:321022382:0,240.85827542633348,29192520,Rua Professora Cecy Cordeiro Thofehrm,residential,,,,,,,,,
baseline,73,middle,work,car,car,car,9422.0,D_0019596,10,75,321022382.0,321022849.0,0.0,car:321022382:321022849:0,195.95121762309657,29192520,Rua Professora Cecy Cordeiro Thofehrm,residential,,,,,,,,,
baseline,73,middle,work,car,car,car,9422.0,D_0019596,11,75,321022849.0,321021155.0,0.0,car:321022849:321021155:0,11.715684015528783,29192402,Rua Professora Cecy Cordeiro Thofehrm,residential,,,,,,,,,
baseline,73,middle,work,car,car,car,9422.0,D_0019596,12,75,321021155.0,321021193.0,0.0,car:321021155:321021193:0,216.75704287205212,29192402,Rua Professora Cecy Cordeiro Thofehrm,residential,,,,,,,,,
baseline,73,middle,work,car,car,car,9422.0,D_0019596,13,75,321021193.0,321021157.0,0.0,car:321021193:321021157:0,241.78644538585772,29192402,Rua Professora Cecy Cordeiro Thofehrm,residential,,,,,,,,,
baseline,73,middle,work,car,car,car,9422.0,D_0019596,14,75,321021157.0,320163432.0,0.0,car:321021157:320163432:0,56.80469481443463,29192404,Rua Dom Jaime de Barros Câmara,residential,,,,,,,,,
baseline,73,middle,work,car,car,car,9422.0,D_0019596,15,75,320163432.0,320163428.0,0.0,car:320163432:320163428:0,133.56111236763053,394256242,Rua Zeferino Dias,tertiary,,,,,,,,,
baseline,73,middle,work,car,car,car,9422.0,D_0019596,16,75,320163428.0,1118054111.0,0.0,car:320163428:1118054111:0,40.35690907282209,96508993,,primary_link,,,,,,,,,
baseline,73,middle,work,car,car,car,9422.0,D_0019596,17,75,1118054111.0,1439580581.0,0.0,car:1118054111:1439580581:0,23.554278941420485,29192624,Avenida Sertório,primary,,,,,,,,,
baseline,73,middle,work,car,car,car,9422.0,D_0019596,18,75,1439580581.0,321025819.0,0.0,car:1439580581:321025819:0,58.557069469443945,220171792,Rua Ararás,primary_link,,,,,,,,,
baseline,73,middle,work,car,car,car,9422.0,D_0019596,19,75,321025819.0,320163245.0,0.0,car:321025819:320163245:0,123.87757772797355,230069292,Rua Ararás,residential,,,,,,,,,
baseline,73,middle,work,car,car,car,9422.0,D_0019596,20,75,320163245.0,981323694.0,0.0,car:320163245:981323694:0,141.5943603978142,29106468,Rua Tapirapés,residential,,,,,,,,,
baseline,73,middle,work,car,car,car,9422.0,D_0019596,21,75,981323694.0,981323727.0,0.0,car:981323694:981323727:0,27.59942983303884,29106468,Rua Tapirapés,residential,,,,,,,,,
baseline,73,middle,work,car,car,car,9422.0,D_0019596,22,75,981323727.0,981323602.0,0.0,car:981323727:981323602:0,81.09384203056659,29106416,Alameda 3 de Outubro,tertiary,,,,,,,,,
baseline,73,middle,work,car,car,car,9422.0,D_0019596,23,75,981323602.0,981323744.0,0.0,car:981323602:981323744:0,72.02121898713295,29106416,Alameda 3 de Outubro,tertiary,,,,,,,,,
baseline,73,middle,work,car,car,car,9422.0,D_0019596,24,75,981323744.0,981323644.0,0.0,car:981323744:981323644:0,115.73333446581849,29106416,Alameda 3 de Outubro,tertiary,,,,,,,,,
baseline,73,middle,work,car,car,car,9422.0,D_0019596,25,75,981323644.0,981323611.0,0.0,car:981323644:981323611:0,16.293138817824236,1286255944|223087953|230069223,Alameda 3 de Outubro,tertiary,,,,,,,,,
baseline,73,middle,work,car,car,car,9422.0,D_0019596,26,75,981323611.0,981323552.0,0.0,car:981323611:981323552:0,81.44084152461996,230069224,Alameda 3 de Outubro,tertiary,,,,,,,,,
baseline,73,middle,work,car,car,car,9422.0,D_0019596,27,75,981323552.0,320164119.0,0.0,car:981323552:320164119:0,68.32001395295512,230069224,Alameda 3 de Outubro,tertiary,,,,,,,,,
baseline,73,middle,work,car,car,car,9422.0,D_0019596,28,75,320164119.0,2916219105.0,0.0,car:320164119:2916219105:0,9.23143204826915,230069224,Alameda 3 de Outubro,tertiary,,,,,,,,,
baseline,73,middle,work,car,car,car,9422.0,D_0019596,29,75,2916219105.0,11577933087.0,0.0,car:2916219105:11577933087:0,17.325176464987756,288081207,Alameda 3 de Outubro,tertiary,,,,,,,,,
baseline,73,middle,work,car,car,car,9422.0,D_0019596,30,75,11577933087.0,321398291.0,0.0,car:11577933087:321398291:0,104.3473740154889,288081207,Alameda 3 de Outubro,tertiary,,,,,,,,,
baseline,73,middle,work,car,car,car,9422.0,D_0019596,31,75,321398291.0,320162677.0,0.0,car:321398291:320162677:0,146.3360514821543,393911414,Alameda 3 de Outubro,tertiary,,,,,,,,,
baseline,73,middle,work,car,car,car,9422.0,D_0019596,32,75,320162677.0,320162678.0,0.0,car:320162677:320162678:0,154.80514017899355,393911414,Alameda 3 de Outubro,tertiary,,,,,,,,,
baseline,73,middle,work,car,car,car,9422.0,D_0019596,33,75,320162678.0,321398288.0,0.0,car:320162678:321398288:0,16.23627748815801,777563971,Avenida Francisco Silveira Bitencourt,secondary,,,,,,,,,
baseline,73,middle,work,car,car,car,9422.0,D_0019596,34,75,321398288.0,1150051040.0,0.0,car:321398288:1150051040:0,25.828815072047064,777563973,Avenida Francisco Silveira Bitencourt,secondary,,,,,,,,,
baseline,73,middle,work,car,car,car,9422.0,D_0019596,35,75,1150051040.0,320160573.0,0.0,car:1150051040:320160573:0,45.68219888466426,777563972,Avenida Francisco Silveira Bitencourt,secondary,,,,,,,,,
baseline,73,middle,work,car,car,car,9422.0,D_0019596,36,75,320160573.0,8527152049.0,0.0,car:320160573:8527152049:0,230.9954668701688,1135509396|356396015,Avenida Francisco Silveira Bitencourt,secondary,,,,,,,,,
baseline,73,middle,work,car,car,car,9422.0,D_0019596,37,75,8527152049.0,320160568.0,0.0,car:8527152049:320160568:0,68.80254957760155,356396015,Avenida Francisco Silveira Bitencourt,secondary,,,,,,,,,
baseline,73,middle,work,car,car,car,9422.0,D_0019596,38,75,320160568.0,320160565.0,0.0,car:320160568:320160565:0,245.68480849835575,356396015,Avenida Francisco Silveira Bitencourt,secondary,,,,,,,,,
baseline,73,middle,work,car,car,car,9422.0,D_0019596,39,75,320160565.0,320044915.0,0.0,car:320160565:320044915:0,284.50378296045244,418997895,Avenida Francisco Silveira Bitencourt,secondary,,,,,,,,,
baseline,73,middle,work,car,car,car,9422.0,D_0019596,40,75,320044915.0,320045525.0,0.0,car:320044915:320045525:0,49.817648997966685,418997896,Avenida Francisco Silveira Bitencourt,secondary,,,,,,,,,
baseline,73,middle,work,car,car,car,9422.0,D_0019596,41,75,320045525.0,1439830359.0,0.0,car:320045525:1439830359:0,66.25308396908491,418997894,,secondary_link,,,,,,,,,
baseline,73,middle,work,car,car,car,9422.0,D_0019596,42,75,1439830359.0,4191950662.0,0.0,car:1439830359:4191950662:0,11.769368343412957,29096166,Avenida Plínio Kroeff,secondary,,,,,,,,,
baseline,73,middle,work,car,car,car,9422.0,D_0019596,43,75,4191950662.0,320044954.0,0.0,car:4191950662:320044954:0,25.333469334222528,962974806,Avenida Plínio Kroeff,secondary,,,,,,,,,
baseline,73,middle,work,car,car,car,9422.0,D_0019596,44,75,320044954.0,664273755.0,0.0,car:320044954:664273755:0,321.7770941268175,924832313|29096162,Avenida Francisco Silveira Bitencourt,secondary,,,,,,,,,
baseline,73,middle,work,car,car,car,9422.0,D_0019596,45,75,664273755.0,6159784070.0,0.0,car:664273755:6159784070:0,66.06696249141147,356395833,Avenida Bernardino Silveira Amorim,secondary,,,,,,,,,
baseline,73,middle,work,car,car,car,9422.0,D_0019596,46,75,6159784070.0,9011679317.0,0.0,car:6159784070:9011679317:0,20.798512159595543,973762147,Avenida Bernardino Silveira Pastoriza,secondary,,,,,,,,,
baseline,73,middle,work,car,car,car,9422.0,D_0019596,47,75,9011679317.0,890868376.0,0.0,car:9011679317:890868376:0,38.094628552780854,130807800,Avenida Bernardino Silveira Pastoriza,secondary,,,,,,,,,
baseline,73,middle,work,car,car,car,9422.0,D_0019596,48,75,890868376.0,320043962.0,0.0,car:890868376:320043962:0,132.99679846771352,130807800,Avenida Bernardino Silveira Pastoriza,secondary,,,,,,,,,
baseline,73,middle,work,car,car,car,9422.0,D_0019596,49,75,320043962.0,2009635753.0,0.0,car:320043962:2009635753:0,44.65067736392903,393911874,Avenida Bernardino Silveira Pastoriza,secondary,,,,,,,,,
baseline,73,middle,work,car,car,car,9422.0,D_0019596,50,75,2009635753.0,480298940.0,0.0,car:2009635753:480298940:0,59.691652347034164,356395835,Avenida Bernardino Silveira Pastoriza,secondary,,,,,,,,,
baseline,73,middle,work,car,car,car,9422.0,D_0019596,51,75,480298940.0,480298891.0,0.0,car:480298940:480298891:0,56.79140954114725,356395835,Avenida Bernardino Silveira Pastoriza,secondary,,,,,,,,,
baseline,73,middle,work,car,car,car,9422.0,D_0019596,52,75,480298891.0,480298920.0,0.0,car:480298891:480298920:0,66.42222070098258,356395835,Avenida Bernardino Silveira Pastoriza,secondary,,,,,,,,,
baseline,73,middle,work,car,car,car,9422.0,D_0019596,53,75,480298920.0,4192814093.0,0.0,car:480298920:4192814093:0,268.0922330286351,356395835,Avenida Bernardino Silveira Pastoriza,secondary,,,,,,,,,
baseline,73,middle,work,car,car,car,9422.0,D_0019596,54,75,4192814093.0,320041387.0,0.0,car:4192814093:320041387:0,122.36928460735021,356395835,Avenida Bernardino Silveira Pastoriza,secondary,,,,,,,,,
baseline,73,middle,work,car,car,car,9422.0,D_0019596,55,75,320041387.0,881270926.0,0.0,car:320041387:881270926:0,196.14854819684848,356395835,Avenida Bernardino Silveira Pastoriza,secondary,,,,,,,,,
baseline,73,middle,work,car,car,car,9422.0,D_0019596,56,75,881270926.0,3618663321.0,0.0,car:881270926:3618663321:0,227.66690828010078,699438441|699438442|1007443196,Avenida Bernardino Silveira Pastoriza,secondary,,,,,,,,,
baseline,73,middle,work,car,car,car,9422.0,D_0019596,57,75,3618663321.0,3618663323.0,0.0,car:3618663321:3618663323:0,16.495798891080064,356395837,Avenida Bernardino Silveira Pastoriza,secondary,,,,,,,,,
baseline,73,middle,work,car,car,car,9422.0,D_0019596,58,75,3618663323.0,12869800128.0,0.0,car:3618663323:12869800128:0,14.418074218918207,1390274900,,secondary_link,,,,,,,,,
baseline,73,middle,work,car,car,car,9422.0,D_0019596,59,75,12869800128.0,1439844591.0,0.0,car:12869800128:1439844591:0,6.360788199992525,1390274900,,secondary_link,,,,,,,,,
baseline,73,middle,work,car,car,car,9422.0,D_0019596,60,75,1439844591.0,3618663316.0,0.0,car:1439844591:3618663316:0,23.851353307678533,356396710,Rua dos Maias,secondary,,,,,,,,,
baseline,73,middle,work,car,car,car,9422.0,D_0019596,61,75,3618663316.0,320041228.0,0.0,car:3618663316:320041228:0,51.42620976063844,326126569,Rua dos Maias,secondary,,,,,,,,,
baseline,73,middle,work,car,car,car,9422.0,D_0019596,62,75,320041228.0,320040256.0,0.0,car:320041228:320040256:0,91.21281547017848,130808524,Rua dos Maias,tertiary,,,,,,,,,
baseline,73,middle,work,car,car,car,9422.0,D_0019596,63,75,320040256.0,320158756.0,0.0,car:320040256:320158756:0,7.772126678260475,130808524,Rua dos Maias,tertiary,,,,,,,,,
baseline,73,middle,work,car,car,car,9422.0,D_0019596,64,75,320158756.0,8456783313.0,0.0,car:320158756:8456783313:0,36.41806010060764,130808524,Rua dos Maias,tertiary,,,,,,,,,
baseline,73,middle,work,car,car,car,9422.0,D_0019596,65,75,8456783313.0,8456783301.0,0.0,car:8456783313:8456783301:0,63.96033688096807,130808524,Rua dos Maias,tertiary,,,,,,,,,
baseline,73,middle,work,car,car,car,9422.0,D_0019596,66,75,8456783301.0,320041224.0,0.0,car:8456783301:320041224:0,3.9469724688067163,130808524,Rua dos Maias,tertiary,,,,,,,,,
baseline,73,middle,work,car,car,car,9422.0,D_0019596,67,75,320041224.0,2515914997.0,0.0,car:320041224:2515914997:0,50.32885610549604,130808524,Rua dos Maias,tertiary,,,,,,,,,
baseline,73,middle,work,car,car,car,9422.0,D_0019596,68,75,2515914997.0,3260629383.0,0.0,car:2515914997:3260629383:0,61.14350610126088,244250796,Rua São Luiz Gonzaga,tertiary,,,,,,,,,
baseline,73,middle,work,car,car,car,9422.0,D_0019596,69,75,3260629383.0,3260629380.0,0.0,car:3260629383:3260629380:0,45.42330701055148,244250796,Rua São Luiz Gonzaga,tertiary,,,,,,,,,
baseline,73,middle,work,car,car,car,9422.0,D_0019596,70,75,3260629380.0,3260629379.0,0.0,car:3260629380:3260629379:0,46.86009536189065,244250796,Rua São Luiz Gonzaga,tertiary,,,,,,,,,
baseline,73,middle,work,car,car,car,9422.0,D_0019596,71,75,3260629379.0,3260629381.0,0.0,car:3260629379:3260629381:0,44.91933262258362,244250796,Rua São Luiz Gonzaga,tertiary,,,,,,,,,
baseline,73,middle,work,car,car,car,9422.0,D_0019596,72,75,3260629381.0,3260629382.0,0.0,car:3260629381:3260629382:0,45.6299050002751,244250796,Rua São Luiz Gonzaga,tertiary,,,,,,,,,
baseline,73,middle,work,car,car,car,9422.0,D_0019596,73,75,3260629382.0,3260629384.0,0.0,car:3260629382:3260629384:0,44.485528643291396,354893879,Rua 3153,residential,,,,,,,,,
baseline,73,middle,work,car,car,car,9422.0,D_0019596,74,75,3260629384.0,3260629385.0,0.0,car:3260629384:3260629385:0,46.54660638314962,319626519,Rua 3155,residential,,,,,,,,,
baseline,75,middle,leisure,bike,bike,bike,4061.0,D_0002114,0,44,2629975925.0,2629975924.0,0.0,bike:2629975925:2629975924:0,43.8256574396643,257486263,,service,,,,,,,,,
baseline,75,middle,leisure,bike,bike,bike,4061.0,D_0002114,1,44,2629975924.0,306532064.0,0.0,bike:2629975924:306532064:0,40.44064266139824,229021790,Rua Vicente da Fontoura,tertiary,,,,,,,,,
baseline,75,middle,leisure,bike,bike,bike,4061.0,D_0002114,2,44,306532064.0,313257099.0,0.0,bike:306532064:313257099:0,28.918102035465264,27806400,Rua Vicente da Fontoura,tertiary,,,,,,,,,
baseline,75,middle,leisure,bike,bike,bike,4061.0,D_0002114,3,44,313257099.0,313256943.0,0.0,bike:313257099:313256943:0,189.26508128892766,451652977,Avenida Ipiranga,secondary,,,,,,,,,
baseline,75,middle,leisure,bike,bike,bike,4061.0,D_0002114,4,44,313256943.0,8414478978.0,0.0,bike:313256943:8414478978:0,117.18874968154037,451652977,Avenida Ipiranga,secondary,,,,,,,,,
baseline,75,middle,leisure,bike,bike,bike,4061.0,D_0002114,5,44,8414478978.0,1822038046.0,0.0,bike:8414478978:1822038046:0,12.64273977149639,451652977,Avenida Ipiranga,secondary,,,,,,,,,
baseline,75,middle,leisure,bike,bike,bike,4061.0,D_0002114,6,44,1822038046.0,8599750479.0,0.0,bike:1822038046:8599750479:0,91.12768329767954,451652977,Avenida Ipiranga,secondary,,,,,,,,,
baseline,75,middle,leisure,bike,bike,bike,4061.0,D_0002114,7,44,8599750479.0,313256425.0,0.0,bike:8599750479:313256425:0,103.7272462018925,27371028,Rua João Guimarães,tertiary,,,,,,,,,
baseline,75,middle,leisure,bike,bike,bike,4061.0,D_0002114,8,44,313256425.0,313256705.0,0.0,bike:313256425:313256705:0,190.28303372343535,27371028,Rua João Guimarães,tertiary,,,,,,,,,
baseline,75,middle,leisure,bike,bike,bike,4061.0,D_0002114,9,44,313256705.0,317710861.0,0.0,bike:313256705:317710861:0,229.2548715526129,924559425|27371028,Rua João Guimarães,tertiary,,,,,,,,,
baseline,75,middle,leisure,bike,bike,bike,4061.0,D_0002114,10,44,317710861.0,2527526784.0,0.0,bike:317710861:2527526784:0,10.57014726453925,132557135,Rua João Guimarães,tertiary,,,,,,,,,
baseline,75,middle,leisure,bike,bike,bike,4061.0,D_0002114,11,44,2527526784.0,3618664487.0,0.0,bike:2527526784:3618664487:0,62.535098892203024,356398285,Corredor de Transporte Coletivo Protásio Alves,busway,,,,,,,,,
baseline,75,middle,leisure,bike,bike,bike,4061.0,D_0002114,12,44,3618664487.0,3618664440.0,0.0,bike:3618664487:3618664440:0,146.09752941140383,356397878,Corredor de Transporte Coletivo Protásio Alves,busway,,,,,,,,,
baseline,75,middle,leisure,bike,bike,bike,4061.0,D_0002114,13,44,3618664440.0,314671223.0,0.0,bike:3618664440:314671223:0,39.69311785555959,356396747,,busway,,,,,,,,,
baseline,75,middle,leisure,bike,bike,bike,4061.0,D_0002114,14,44,314671223.0,4198720556.0,0.0,bike:314671223:4198720556:0,4.4252032654515725,229038412,Avenida Protásio Alves,primary,,,,,,,,,
baseline,75,middle,leisure,bike,bike,bike,4061.0,D_0002114,15,44,4198720556.0,295520597.0,0.0,bike:4198720556:295520597:0,35.454661236618726,229038412,Avenida Protásio Alves,primary,,,,,,,,,
baseline,75,middle,leisure,bike,bike,bike,4061.0,D_0002114,16,44,295520597.0,295520526.0,0.0,bike:295520597:295520526:0,61.500443994502035,260686149,Avenida Protásio Alves,primary,,,,,,,,,
baseline,75,middle,leisure,bike,bike,bike,4061.0,D_0002114,17,44,295520526.0,295520527.0,0.0,bike:295520526:295520527:0,74.98051570663796,356396177,Avenida Protásio Alves,primary,,,,,,,,,
baseline,75,middle,leisure,bike,bike,bike,4061.0,D_0002114,18,44,295520527.0,2874579966.0,0.0,bike:295520527:2874579966:0,129.1878721350371,37722318,Rua Miguel Tostes,residential,,,,,,,,,
baseline,75,middle,leisure,bike,bike,bike,4061.0,D_0002114,19,44,2874579966.0,330047944.0,0.0,bike:2874579966:330047944:0,292.30875258553414,37722318,Rua Miguel Tostes,residential,,,,,,,,,
baseline,75,middle,leisure,bike,bike,bike,4061.0,D_0002114,20,44,330047944.0,8622398810.0,0.0,bike:330047944:8622398810:0,5.433535199454326,27318745,Rua Cabral,residential,,,,,,,,,
baseline,75,middle,leisure,bike,bike,bike,4061.0,D_0002114,21,44,8622398810.0,330047614.0,0.0,bike:8622398810:330047614:0,72.30843526843168,27318745,Rua Cabral,residential,,,,,,,,,
baseline,75,middle,leisure,bike,bike,bike,4061.0,D_0002114,22,44,330047614.0,330047141.0,0.0,bike:330047614:330047141:0,76.04665182836914,27318745,Rua Cabral,residential,,,,,,,,,
baseline,75,middle,leisure,bike,bike,bike,4061.0,D_0002114,23,44,330047141.0,330047803.0,0.0,bike:330047141:330047803:0,109.58108642632867,27318745,Rua Cabral,residential,,,,,,,,,
baseline,75,middle,leisure,bike,bike,bike,4061.0,D_0002114,24,44,330047803.0,356073053.0,0.0,bike:330047803:356073053:0,105.80599231546287,444002078,Rua Ramiro Barcelos,tertiary,,,,,,,,,
baseline,75,middle,leisure,bike,bike,bike,4061.0,D_0002114,25,44,356073053.0,295747331.0,0.0,bike:356073053:295747331:0,39.15763373532793,48151468|218830717|444002078,Rua Ramiro Barcelos,tertiary,,,,,,,,,
baseline,75,middle,leisure,bike,bike,bike,4061.0,D_0002114,26,44,295747331.0,611924552.0,0.0,bike:295747331:611924552:0,68.632682545461,48151468,Rua Ramiro Barcelos,tertiary,,,,,,,,,
baseline,75,middle,leisure,bike,bike,bike,4061.0,D_0002114,27,44,611924552.0,611923979.0,0.0,bike:611924552:611923979:0,91.48794402860766,48151468,Rua Ramiro Barcelos,tertiary,,,,,,,,,
baseline,75,middle,leisure,bike,bike,bike,4061.0,D_0002114,28,44,611923979.0,686599232.0,0.0,bike:611923979:686599232:0,64.91796902285716,500493458,Rua Ramiro Barcelos,tertiary,,,,,,,,,
baseline,75,middle,leisure,bike,bike,bike,4061.0,D_0002114,29,44,686599232.0,611919828.0,0.0,bike:686599232:611919828:0,73.20482814045161,500493458,Rua Ramiro Barcelos,tertiary,,,,,,,,,
baseline,75,middle,leisure,bike,bike,bike,4061.0,D_0002114,30,44,611919828.0,2036051340.0,0.0,bike:611919828:2036051340:0,21.88409152371441,218994449,Rua Ramiro Barcelos,tertiary,,,,,,,,,
baseline,75,middle,leisure,bike,bike,bike,4061.0,D_0002114,31,44,2036051340.0,611919823.0,0.0,bike:2036051340:611919823:0,16.602591140304124,218994449,Rua Ramiro Barcelos,tertiary,,,,,,,,,
baseline,75,middle,leisure,bike,bike,bike,4061.0,D_0002114,32,44,611919823.0,416385607.0,0.0,bike:611919823:416385607:0,84.19027383809131,218994449,Rua Ramiro Barcelos,tertiary,,,,,,,,,
baseline,75,middle,leisure,bike,bike,bike,4061.0,D_0002114,33,44,416385607.0,3195814826.0,0.0,bike:416385607:3195814826:0,110.84022996286897,218994449,Rua Ramiro Barcelos,tertiary,,,,,,,,,
baseline,75,middle,leisure,bike,bike,bike,4061.0,D_0002114,34,44,3195814826.0,412540207.0,0.0,bike:3195814826:412540207:0,18.21108616253482,218994449,Rua Ramiro Barcelos,tertiary,,,,,,,,,
baseline,75,middle,leisure,bike,bike,bike,4061.0,D_0002114,35,44,412540207.0,3306247309.0,0.0,bike:412540207:3306247309:0,126.11620413116474,218994449,Rua Ramiro Barcelos,tertiary,,,,,,,,,
baseline,75,middle,leisure,bike,bike,bike,4061.0,D_0002114,36,44,3306247309.0,8622749533.0,0.0,bike:3306247309:8622749533:0,4.142311801824619,218994449,Rua Ramiro Barcelos,tertiary,,,,,,,,,
baseline,75,middle,leisure,bike,bike,bike,4061.0,D_0002114,37,44,8622749533.0,296022313.0,0.0,bike:8622749533:296022313:0,3.8605046491787567,218994449,Rua Ramiro Barcelos,tertiary,,,,,,,,,
baseline,75,middle,leisure,bike,bike,bike,4061.0,D_0002114,38,44,296022313.0,416386481.0,0.0,bike:296022313:416386481:0,96.948861190808,218994449,Rua Ramiro Barcelos,tertiary,,,,,,,,,
baseline,75,middle,leisure,bike,bike,bike,4061.0,D_0002114,39,44,416386481.0,8622510725.0,0.0,bike:416386481:8622510725:0,10.658058301175798,218994449,Rua Ramiro Barcelos,tertiary,,,,,,,,,
baseline,75,middle,leisure,bike,bike,bike,4061.0,D_0002114,40,44,8622510725.0,4181139548.0,0.0,bike:8622510725:4181139548:0,88.0929696830441,929833666,Rua Ramiro Barcelos,tertiary,,,,,,,,,
baseline,75,middle,leisure,bike,bike,bike,4061.0,D_0002114,41,44,4181139548.0,611947485.0,0.0,bike:4181139548:611947485:0,16.039815808585427,929833665,Rua Ramiro Barcelos,tertiary,,,,,,,,,
baseline,75,middle,leisure,bike,bike,bike,4061.0,D_0002114,42,44,611947485.0,412540868.0,0.0,bike:611947485:412540868:0,103.2063789649901,1485152877|131246159,Avenida Cristóvão Colombo,secondary,,,,,,,,,
baseline,75,middle,leisure,bike,bike,bike,4061.0,D_0002114,43,44,412540868.0,297623612.0,0.0,bike:412540868:297623612:0,144.23732760189276,1485152879|929788479,Avenida Cristóvão Colombo,secondary,,,,,,,,,
baseline,78,high,leisure,car,car,car,3470.0,D_0003591,0,30,479068240.0,443399497.0,0.0,car:479068240:443399497:0,202.63776219228197,563049531,Rua Luciana de Abreu,residential,,,,,,,,,
baseline,78,high,leisure,car,car,car,3470.0,D_0003591,1,30,443399497.0,443399496.0,0.0,car:443399497:443399496:0,141.60372248696072,219299318,Rua Padre Chagas,residential,,,,,,,,,
baseline,78,high,leisure,car,car,car,3470.0,D_0003591,2,30,443399496.0,479071726.0,0.0,car:443399496:479071726:0,40.06556653167711,219299318,Rua Padre Chagas,residential,,,,,,,,,
baseline,78,high,leisure,car,car,car,3470.0,D_0003591,3,30,479071726.0,299848287.0,0.0,car:479071726:299848287:0,134.51384756813297,451653518,Rua Olavo Barreto Viana,secondary,,,,,,,,,
baseline,78,high,leisure,car,car,car,3470.0,D_0003591,4,30,299848287.0,299846925.0,0.0,car:299848287:299846925:0,141.97179149332712,27273976|1333390048|1485533432,Avenida Goethe,secondary,,,,,,,,,
baseline,78,high,leisure,car,car,car,3470.0,D_0003591,5,30,299846925.0,299846943.0,0.0,car:299846925:299846943:0,58.88870626532607,27317800,Rua Doutor Timóteo,secondary,,,,,,,,,
baseline,78,high,leisure,car,car,car,3470.0,D_0003591,6,30,299846943.0,2273872061.0,0.0,car:299846943:2273872061:0,163.40018722254615,27318710,Rua Doutor Poty Medeiros,tertiary,,,,,,,,,
baseline,78,high,leisure,car,car,car,3470.0,D_0003591,7,30,2273872061.0,479081950.0,0.0,car:2273872061:479081950:0,23.88927621375036,220188351,Rua Quintino Bocaiúva,tertiary,,,,,,,,,
baseline,78,high,leisure,car,car,car,3470.0,D_0003591,8,30,479081950.0,479081960.0,0.0,car:479081950:479081960:0,126.71682730429377,125381088,Rua Eudoro Berlink,tertiary,,,,,,,,,
baseline,78,high,leisure,car,car,car,3470.0,D_0003591,9,30,479081960.0,479082019.0,0.0,car:479081960:479082019:0,150.14100594072875,356396540,Rua Eudoro Berlink,tertiary,,,,,,,,,
baseline,78,high,leisure,car,car,car,3470.0,D_0003591,10,30,479082019.0,479082039.0,0.0,car:479082019:479082039:0,145.93818719866874,356396540,Rua Eudoro Berlink,tertiary,,,,,,,,,
baseline,78,high,leisure,car,car,car,3470.0,D_0003591,11,30,479082039.0,479082241.0,0.0,car:479082039:479082241:0,149.65348220046607,503660145,Avenida Mariland,residential,,,,,,,,,
baseline,78,high,leisure,car,car,car,3470.0,D_0003591,12,30,479082241.0,479081493.0,0.0,car:479082241:479081493:0,147.78664153785292,503660145,Avenida Mariland,residential,,,,,,,,,
baseline,78,high,leisure,car,car,car,3470.0,D_0003591,13,30,479081493.0,479081505.0,0.0,car:479081493:479081505:0,149.79870626141562,923888981,Rua Anita Garibaldi,secondary,,,,,,,,,
baseline,78,high,leisure,car,car,car,3470.0,D_0003591,14,30,479081505.0,479081520.0,0.0,car:479081505:479081520:0,159.2661481848045,504105917,Rua Anita Garibaldi,secondary,,,,,,,,,
baseline,78,high,leisure,car,car,car,3470.0,D_0003591,15,30,479081520.0,479081534.0,0.0,car:479081520:479081534:0,152.51978968235153,503660149,Rua Anita Garibaldi,secondary,,,,,,,,,
baseline,78,high,leisure,car,car,car,3470.0,D_0003591,16,30,479081534.0,479081582.0,0.0,car:479081534:479081582:0,127.36540964286812,503660149,Rua Anita Garibaldi,secondary,,,,,,,,,
baseline,78,high,leisure,car,car,car,3470.0,D_0003591,17,30,479081582.0,479081600.0,0.0,car:479081582:479081600:0,81.62192849996383,451653234,Rua Anita Garibaldi,secondary,,,,,,,,,
baseline,78,high,leisure,car,car,car,3470.0,D_0003591,18,30,479081600.0,479081615.0,0.0,car:479081600:479081615:0,81.42789901455751,451653234,Rua Anita Garibaldi,secondary,,,,,,,,,
baseline,78,high,leisure,car,car,car,3470.0,D_0003591,19,30,479081615.0,2964797256.0,0.0,car:479081615:2964797256:0,131.92810297688254,204401035,Rua Anita Garibaldi,secondary,,,,,,,,,
baseline,78,high,leisure,car,car,car,3470.0,D_0003591,20,30,2964797256.0,3618664165.0,0.0,car:2964797256:3618664165:0,140.40289035255591,316709659|923895014,Rua Anita Garibaldi,secondary,,,,,,,,,
baseline,78,high,leisure,car,car,car,3470.0,D_0003591,21,30,3618664165.0,890864505.0,0.0,car:3618664165:890864505:0,192.19671648451236,472327580,Avenida Carlos Gomes,primary,,,,,,,,,
baseline,78,high,leisure,car,car,car,3470.0,D_0003591,22,30,890864505.0,842787194.0,0.0,car:890864505:842787194:0,28.42515064758521,207255512,Avenida Carlos Gomes,primary,,,,,,,,,
baseline,78,high,leisure,car,car,car,3470.0,D_0003591,23,30,842787194.0,1795062187.0,0.0,car:842787194:1795062187:0,174.46562694512323,70639089,Avenida Carlos Gomes,secondary,,,,,,,,,
baseline,78,high,leisure,car,car,car,3470.0,D_0003591,24,30,1795062187.0,1795062162.0,0.0,car:1795062187:1795062162:0,39.43041505122418,168218118,,secondary_link,,,,,,,,,
baseline,78,high,leisure,car,car,car,3470.0,D_0003591,25,30,1795062162.0,1139636313.0,0.0,car:1795062162:1139636313:0,57.678400509679726,70639081,Avenida Carlos Gomes,secondary,,,,,,,,,
baseline,78,high,leisure,car,car,car,3470.0,D_0003591,26,30,1139636313.0,2812152433.0,0.0,car:1139636313:2812152433:0,139.18018265226502,30176307,Alameda Coelho Neto,residential,,,,,,,,,
baseline,78,high,leisure,car,car,car,3470.0,D_0003591,27,30,2812152433.0,2812152432.0,0.0,car:2812152433:2812152432:0,21.55881998073559,777868912,Praça Japão,tertiary,,,,,,,,,
baseline,78,high,leisure,car,car,car,3470.0,D_0003591,28,30,2812152432.0,602739001.0,0.0,car:2812152432:602739001:0,103.07003769104332,777868911,Praça Japão,residential,,,,,,,,,
baseline,78,high,leisure,car,car,car,3470.0,D_0003591,29,30,602739001.0,842801271.0,0.0,car:602739001:842801271:0,187.34833897904204,30176300,Alameda Sebastião de Brito,residential,,,,,,,,,
baseline,79,high,work,car,car,car,1420.0,D_0015436,0,68,2282612255.0,448799465.0,0.0,car:2282612255:448799465:0,167.1927935045783,229493764,Avenida Icaraí,secondary,,,,,,,,,
baseline,79,high,work,car,car,car,1420.0,D_0015436,1,68,448799465.0,455559764.0,0.0,car:448799465:455559764:0,127.94372440842905,562214271,Rua Itapocaí,residential,,,,,,,,,
baseline,79,high,work,car,car,car,1420.0,D_0015436,2,68,455559764.0,455559763.0,0.0,car:455559764:455559763:0,126.37003020206504,562214271,Rua Itapocaí,residential,,,,,,,,,
baseline,79,high,work,car,car,car,1420.0,D_0015436,3,68,455559763.0,455559762.0,0.0,car:455559763:455559762:0,128.5876635873907,562214271,Rua Itapocaí,residential,,,,,,,,,
baseline,79,high,work,car,car,car,1420.0,D_0015436,4,68,455559762.0,455559761.0,0.0,car:455559762:455559761:0,125.15922897361555,38133118,Rua Itapocaí,residential,,,,,,,,,
baseline,79,high,work,car,car,car,1420.0,D_0015436,5,68,455559761.0,448799522.0,0.0,car:455559761:448799522:0,129.16357759843345,38133118,Rua Itapocaí,residential,,,,,,,,,
baseline,79,high,work,car,car,car,1420.0,D_0015436,6,68,448799522.0,455559789.0,0.0,car:448799522:455559789:0,161.9312229744748,219482030,Rua Ursa Maior,residential,,,,,,,,,
baseline,79,high,work,car,car,car,1420.0,D_0015436,7,68,455559789.0,4251857602.0,0.0,car:455559789:4251857602:0,290.3829103172347,562214258,Rua Doutor Raul Moreira,residential,,,,,,,,,
baseline,79,high,work,car,car,car,1420.0,D_0015436,8,68,4251857602.0,704612716.0,0.0,car:4251857602:704612716:0,540.1125037766377,562214258|219006109|563882886,Rua Doutor Raul Moreira|Rua Octávio de Souza,residential,,,,,,,,,
baseline,79,high,work,car,car,car,1420.0,D_0015436,9,68,704612716.0,832663113.0,0.0,car:704612716:832663113:0,130.20176410917583,326667079,Rua Octávio de Souza,tertiary,,,,,,,,,
baseline,79,high,work,car,car,car,1420.0,D_0015436,10,68,832663113.0,832663114.0,1.0,car:832663113:832663114:1,217.75018571081876,219333435|326667079,Rua Octávio de Souza,tertiary,,,,,,,,,
baseline,79,high,work,car,car,car,1420.0,D_0015436,11,68,832663114.0,832663148.0,0.0,car:832663114:832663148:0,56.067552642290984,219333435,Rua Octávio de Souza,tertiary,,,,,,,,,
baseline,79,high,work,car,car,car,1420.0,D_0015436,12,68,832663148.0,832663151.0,0.0,car:832663148:832663151:0,95.93204533082528,326667080,Rua Octávio de Souza,tertiary,,,,,,,,,
baseline,79,high,work,car,car,car,1420.0,D_0015436,13,68,832663151.0,832663085.0,0.0,car:832663151:832663085:0,70.85185643763785,451653517,Rua Octávio de Souza,tertiary,,,,,,,,,
baseline,79,high,work,car,car,car,1420.0,D_0015436,14,68,832663085.0,832663153.0,0.0,car:832663085:832663153:0,141.25490360673095,563882884|563882885,Rua Octávio de Souza,tertiary,,,,,,,,,
baseline,79,high,work,car,car,car,1420.0,D_0015436,15,68,832663153.0,832663156.0,0.0,car:832663153:832663156:0,196.7804955212679,563882884,Rua Octávio de Souza,tertiary,,,,,,,,,
baseline,79,high,work,car,car,car,1420.0,D_0015436,16,68,832663156.0,3502962301.0,0.0,car:832663156:3502962301:0,30.814163716947846,563882884,Rua Octávio de Souza,tertiary,,,,,,,,,
baseline,79,high,work,car,car,car,1420.0,D_0015436,17,68,3502962301.0,1024311024.0,0.0,car:3502962301:1024311024:0,110.64296216427692,563882884,Rua Octávio de Souza,tertiary,,,,,,,,,
baseline,79,high,work,car,car,car,1420.0,D_0015436,18,68,1024311024.0,1024311005.0,0.0,car:1024311024:1024311005:0,148.84980599533878,88149829,Rua Cunha Neto,residential,,,,,,,,,
baseline,79,high,work,car,car,car,1420.0,D_0015436,19,68,1024311005.0,9009188570.0,0.0,car:1024311005:9009188570:0,12.623752065067345,37742004,Rua Dário Totta,residential,,,,,,,,,
baseline,79,high,work,car,car,car,1420.0,D_0015436,20,68,9009188570.0,1024311055.0,0.0,car:9009188570:1024311055:0,139.05817420315623,37742004,Rua Dário Totta,residential,,,,,,,,,
baseline,79,high,work,car,car,car,1420.0,D_0015436,21,68,1024311055.0,1024311040.0,0.0,car:1024311055:1024311040:0,167.8907879004959,37742004,Rua Dário Totta,residential,,,,,,,,,
baseline,79,high,work,car,car,car,1420.0,D_0015436,22,68,1024311040.0,442677773.0,0.0,car:1024311040:442677773:0,136.83082864203266,393912426,Rua Dário Totta,tertiary,,,,,,,,,
baseline,79,high,work,car,car,car,1420.0,D_0015436,23,68,442677773.0,2847490440.0,0.0,car:442677773:2847490440:0,35.98087094149879,280677446,Rua Dário Totta,tertiary,,,,,,,,,
baseline,79,high,work,car,car,car,1420.0,D_0015436,24,68,2847490440.0,868395954.0,0.0,car:2847490440:868395954:0,22.609480109161538,451653428,Rua Dário Totta,tertiary,,,,,,,,,
baseline,79,high,work,car,car,car,1420.0,D_0015436,25,68,868395954.0,322022881.0,0.0,car:868395954:322022881:0,24.071808133909965,244692903,Rua Sepé Tiarajú,residential,,,,,,,,,
baseline,79,high,work,car,car,car,1420.0,D_0015436,26,68,322022881.0,8602187694.0,0.0,car:322022881:8602187694:0,125.63450891301007,280677449,Rua Professor Clemente Pinto,residential,,,,,,,,,
baseline,79,high,work,car,car,car,1420.0,D_0015436,27,68,8602187694.0,442677758.0,0.0,car:8602187694:442677758:0,25.19187293033133,280677449,Rua Professor Clemente Pinto,residential,,,,,,,,,
baseline,79,high,work,car,car,car,1420.0,D_0015436,28,68,442677758.0,443341387.0,0.0,car:442677758:443341387:0,173.0624606249483,37795692,Avenida Belém,tertiary,,,,,,,,,
baseline,79,high,work,car,car,car,1420.0,D_0015436,29,68,443341387.0,3618665489.0,0.0,car:443341387:3618665489:0,8.763939447160638,232189982,Avenida Belém,tertiary,,,,,,,,,
baseline,79,high,work,car,car,car,1420.0,D_0015436,30,68,3618665489.0,5419307005.0,0.0,car:3618665489:5419307005:0,225.15754363708112,356397705,Corredor de Transporte Coletivo Teresópolis,busway,,,,,,,,,
baseline,79,high,work,car,car,car,1420.0,D_0015436,31,68,5419307005.0,2289413063.0,0.0,car:5419307005:2289413063:0,36.528770631153144,356397705,Corredor de Transporte Coletivo Teresópolis,busway,,,,,,,,,
baseline,79,high,work,car,car,car,1420.0,D_0015436,32,68,2289413063.0,1159301926.0,0.0,car:2289413063:1159301926:0,52.454773924225954,356397441,Corredor de Transporte Coletivo Teresópolis,busway,,,,,,,,,
baseline,79,high,work,car,car,car,1420.0,D_0015436,33,68,1159301926.0,1152647352.0,0.0,car:1159301926:1152647352:0,403.10358746935765,356397723|254833142,Corredor de Transporte Coletivo Doutor Salvador França|Passagem de Nível Engenheiro José Portella Nunes,busway,,,,,,,,,
baseline,79,high,work,car,car,car,1420.0,D_0015436,34,68,1152647352.0,10079592740.0,0.0,car:1152647352:10079592740:0,5.8056986192066695,356397403,Corredor de Transporte Coletivo Doutor Salvador França,busway,,,,,,,,,
baseline,79,high,work,car,car,car,1420.0,D_0015436,35,68,10079592740.0,1420870514.0,0.0,car:10079592740:1420870514:0,345.90405668492946,356398434|356397403|500493334,Corredor de Transporte Coletivo Doutor Salvador França,busway,,,,,,,,,
baseline,79,high,work,car,car,car,1420.0,D_0015436,36,68,1420870514.0,1152647381.0,0.0,car:1420870514:1152647381:0,12.39284825165113,500493334,Corredor de Transporte Coletivo Doutor Salvador França,busway,,,,,,,,,
baseline,79,high,work,car,car,car,1420.0,D_0015436,37,68,1152647381.0,3618665439.0,0.0,car:1152647381:3618665439:0,177.74865462728897,500493334,Corredor de Transporte Coletivo Doutor Salvador França,busway,,,,,,,,,
baseline,79,high,work,car,car,car,1420.0,D_0015436,38,68,3618665439.0,2036051366.0,0.0,car:3618665439:2036051366:0,104.68336471292982,254833137,Corredor de Transporte Coletivo Doutor Salvador França,busway,,,,,,,,,
baseline,79,high,work,car,car,car,1420.0,D_0015436,39,68,2036051366.0,2036051365.0,0.0,car:2036051366:2036051365:0,661.4276786764249,1365351888|500493333|1365351887,Corredor de Transporte Coletivo Doutor Salvador França,busway,,,,,,,,,
baseline,79,high,work,car,car,car,1420.0,D_0015436,40,68,2036051365.0,3618665359.0,0.0,car:2036051365:3618665359:0,513.7727341410846,1365351889|500493332|1365351886,Corredor de Transporte Coletivo Doutor Salvador França,busway,,,,,,,,,
baseline,79,high,work,car,car,car,1420.0,D_0015436,41,68,3618665359.0,3618665355.0,0.0,car:3618665359:3618665355:0,17.463125415588028,356397528,,busway,,,,,,,,,
baseline,79,high,work,car,car,car,1420.0,D_0015436,42,68,3618665355.0,306704062.0,0.0,car:3618665355:306704062:0,97.08533633132055,219727244,Avenida Coronel Aparício Borges,primary,,,,,,,,,
baseline,79,high,work,car,car,car,1420.0,D_0015436,43,68,306704062.0,8717964320.0,0.0,car:306704062:8717964320:0,288.3555260926198,219727249|924440658,Rua Capitão André Lago Páris,tertiary,,,,,,,,,
baseline,79,high,work,car,car,car,1420.0,D_0015436,44,68,8717964320.0,8727079588.0,0.0,car:8717964320:8727079588:0,6.744557970603113,924440658,Rua Capitão André Lago Páris,tertiary,,,,,,,,,
baseline,79,high,work,car,car,car,1420.0,D_0015436,45,68,8727079588.0,617904627.0,0.0,car:8727079588:617904627:0,7.848929891894553,924440658,Rua Capitão André Lago Páris,tertiary,,,,,,,,,
baseline,79,high,work,car,car,car,1420.0,D_0015436,46,68,617904627.0,6180015579.0,0.0,car:617904627:6180015579:0,153.37335839635503,214758005,Rua Capitão André Lago Páris,tertiary,,,,,,,,,
baseline,79,high,work,car,car,car,1420.0,D_0015436,47,68,6180015579.0,617904621.0,0.0,car:6180015579:617904621:0,201.71750288218522,214758005,Rua Capitão André Lago Páris,tertiary,,,,,,,,,
baseline,79,high,work,car,car,car,1420.0,D_0015436,48,68,617904621.0,617904623.0,0.0,car:617904621:617904623:0,99.73988461549358,214758003,Avenida Rócio,tertiary,,,,,,,,,
baseline,79,high,work,car,car,car,1420.0,D_0015436,49,68,617904623.0,434835028.0,0.0,car:617904623:434835028:0,78.63204044284717,451653087,Avenida Rócio,tertiary,,,,,,,,,
baseline,79,high,work,car,car,car,1420.0,D_0015436,50,68,434835028.0,434835019.0,0.0,car:434835028:434835019:0,22.02488606080827,451653087,Avenida Rócio,tertiary,,,,,,,,,
baseline,79,high,work,car,car,car,1420.0,D_0015436,51,68,434835019.0,3073689632.0,0.0,car:434835019:3073689632:0,8.961954687174037,356396210,Avenida Rócio,tertiary,,,,,,,,,
baseline,79,high,work,car,car,car,1420.0,D_0015436,52,68,3073689632.0,434835018.0,0.0,car:3073689632:434835018:0,36.06887717813577,356396210,Avenida Rócio,tertiary,,,,,,,,,
baseline,79,high,work,car,car,car,1420.0,D_0015436,53,68,434835018.0,1199276999.0,0.0,car:434835018:1199276999:0,111.20452167891368,219527958,Rua Coronel Tisiano F. de Leoni,residential,,,,,,,,,
baseline,79,high,work,car,car,car,1420.0,D_0015436,54,68,1199276999.0,1199277122.0,0.0,car:1199276999:1199277122:0,122.01540794526842,103892213,Rua Reverendo Orlando Baptista,residential,,,,,,,,,
baseline,79,high,work,car,car,car,1420.0,D_0015436,55,68,1199277122.0,2509018586.0,0.0,car:1199277122:2509018586:0,57.4875547241171,219527947,Avenida Veiga,residential,,,,,,,,,
baseline,79,high,work,car,car,car,1420.0,D_0015436,56,68,2509018586.0,2509018587.0,0.0,car:2509018586:2509018587:0,72.9051721231355,219527947,Avenida Veiga,residential,,,,,,,,,
baseline,79,high,work,car,car,car,1420.0,D_0015436,57,68,2509018587.0,434835077.0,0.0,car:2509018587:434835077:0,9.963723245449962,219527946,Avenida Veiga,residential,,,,,,,,,
baseline,79,high,work,car,car,car,1420.0,D_0015436,58,68,434835077.0,1199277118.0,0.0,car:434835077:1199277118:0,76.48304272653002,219527939,Avenida Luiz Moschetti,tertiary,,,,,,,,,
baseline,79,high,work,car,car,car,1420.0,D_0015436,59,68,1199277118.0,434835071.0,0.0,car:1199277118:434835071:0,154.50567055643418,37309060,Rua Pedro Sirângelo,residential,,,,,,,,,
baseline,79,high,work,car,car,car,1420.0,D_0015436,60,68,434835071.0,434835252.0,0.0,car:434835071:434835252:0,276.1672534696625,654130466|37309055,Rua Júpiter|Rua Netuno,residential|living_street,,,,,,,,,
baseline,79,high,work,car,car,car,1420.0,D_0015436,61,68,434835252.0,430532849.0,0.0,car:434835252:430532849:0,111.33137831444165,37309079|356396559,Rua G,living_street,,,,,,,,,
baseline,79,high,work,car,car,car,1420.0,D_0015436,62,68,430532849.0,430532792.0,0.0,car:430532849:430532792:0,19.027773850299265,37017075,Rua Condor,residential,,,,,,,,,
baseline,79,high,work,car,car,car,1420.0,D_0015436,63,68,430532792.0,430532833.0,0.0,car:430532792:430532833:0,118.19080222130053,37017073,Rua Borborema,residential,,,,,,,,,
baseline,79,high,work,car,car,car,1420.0,D_0015436,64,68,430532833.0,430532952.0,0.0,car:430532833:430532952:0,188.43271082526772,356396460,Rua Borborema,residential,,,,,,,,,
baseline,79,high,work,car,car,car,1420.0,D_0015436,65,68,430532952.0,822175675.0,0.0,car:430532952:822175675:0,119.12981758249339,500493392,Rua Borborema,residential,,,,,,,,,
baseline,79,high,work,car,car,car,1420.0,D_0015436,66,68,822175675.0,822175688.0,0.0,car:822175675:822175688:0,167.36640443230974,500493392,Rua Borborema,residential,,,,,,,,,
baseline,79,high,work,car,car,car,1420.0,D_0015436,67,68,822175688.0,822175652.0,0.0,car:822175688:822175652:0,124.07463210971162,500493392,Rua Borborema,residential,,,,,,,,,
baseline,80,middle,health,car,car,car,2177.0,D_0001772,0,19,3230696988.0,477240516.0,0.0,car:3230696988:477240516:0,135.9256133157508,220188340,Rua Duque de Caxias,tertiary,,,,,,,,,
baseline,80,middle,health,car,car,car,2177.0,D_0001772,1,19,477240516.0,484039325.0,0.0,car:477240516:484039325:0,16.291486916871868,444013697,Rua Duque de Caxias,tertiary,,,,,,,,,
baseline,80,middle,health,car,car,car,2177.0,D_0001772,2,19,484039325.0,443150637.0,0.0,car:484039325:443150637:0,22.635504290998856,444013697,Rua Duque de Caxias,tertiary,,,,,,,,,
baseline,80,middle,health,car,car,car,2177.0,D_0001772,3,19,443150637.0,295166572.0,0.0,car:443150637:295166572:0,120.9561528669879,27126437,Rua General Zenóbio da Costa,tertiary,,,,,,,,,
baseline,80,middle,health,car,car,car,2177.0,D_0001772,4,19,295166572.0,295167299.0,0.0,car:295166572:295167299:0,75.25107066102512,229038402,Avenida João Pessoa,secondary,,,,,,,,,
baseline,80,middle,health,car,car,car,2177.0,D_0001772,5,19,295167299.0,622137805.0,0.0,car:295167299:622137805:0,6.566564789631891,132551624,Avenida João Pessoa,secondary,,,,,,,,,
baseline,80,middle,health,car,car,car,2177.0,D_0001772,6,19,622137805.0,330953967.0,0.0,car:622137805:330953967:0,128.16109295270556,132415155,Avenida João Pessoa,secondary,,,,,,,,,
baseline,80,middle,health,car,car,car,2177.0,D_0001772,7,19,330953967.0,2180535797.0,0.0,car:330953967:2180535797:0,13.670794379944338,356396039,Avenida João Pessoa,secondary,,,,,,,,,
baseline,80,middle,health,car,car,car,2177.0,D_0001772,8,19,2180535797.0,3618664330.0,0.0,car:2180535797:3618664330:0,62.73101743890026,356396761,,busway,,,,,,,,,
baseline,80,middle,health,car,car,car,2177.0,D_0001772,9,19,3618664330.0,3618664429.0,0.0,car:3618664330:3618664429:0,461.8065126279034,500726023|356396905|356397418|356397815|930400413,Viaduto Imperatriz Leopoldina|Corredor de Transporte Coletivo João Pessoa,busway,,,,,,,,,
baseline,80,middle,health,car,car,car,2177.0,D_0001772,10,19,3618664429.0,3618664555.0,0.0,car:3618664429:3618664555:0,347.2296168196889,356397896,Corredor de Transporte Coletivo João Pessoa,busway,,,,,,,,,
baseline,80,middle,health,car,car,car,2177.0,D_0001772,11,19,3618664555.0,3618664586.0,0.0,car:3618664555:3618664586:0,140.97981008476876,356398007,Corredor de Transporte Coletivo João Pessoa,busway,,,,,,,,,
baseline,80,middle,health,car,car,car,2177.0,D_0001772,12,19,3618664586.0,3618664590.0,0.0,car:3618664586:3618664590:0,10.273334496616107,356397901|356398007,Corredor de Transporte Coletivo João Pessoa,busway,,,,,,,,,
baseline,80,middle,health,car,car,car,2177.0,D_0001772,13,19,3618664590.0,330956218.0,0.0,car:3618664590:330956218:0,10.966841452159997,27806390,Avenida Venâncio Aires,secondary,,,,,,,,,
baseline,80,middle,health,car,car,car,2177.0,D_0001772,14,19,330956218.0,2375694261.0,0.0,car:330956218:2375694261:0,138.38984102865072,130688608,Avenida Venâncio Aires,secondary,,,,,,,,,
baseline,80,middle,health,car,car,car,2177.0,D_0001772,15,19,2375694261.0,2378128644.0,0.0,car:2375694261:2378128644:0,144.46685753364343,926858198,Avenida Venâncio Aires,secondary,,,,,,,,,
baseline,80,middle,health,car,car,car,2177.0,D_0001772,16,19,2378128644.0,330048382.0,0.0,car:2378128644:330048382:0,182.03648104189503,229187783,Avenida Venâncio Aires,secondary,,,,,,,,,
baseline,80,middle,health,car,car,car,2177.0,D_0001772,17,19,330048382.0,330048365.0,0.0,car:330048382:330048365:0,13.694820810756337,350274437,Avenida Venâncio Aires,secondary,,,,,,,,,
baseline,80,middle,health,car,car,car,2177.0,D_0001772,18,19,330048365.0,2375694254.0,0.0,car:330048365:2375694254:0,115.80082012295559,350274437,Avenida Venâncio Aires,secondary,,,,,,,,,
baseline,81,middle,health,car,car,car,2743.0,D_0001625,0,48,443341265.0,445842354.0,0.0,car:443341265:445842354:0,93.37010025446399,37795652,Travessa 8 de Setembro,residential,,,,,,,,,
baseline,81,middle,health,car,car,car,2743.0,D_0001625,1,48,445842354.0,445842353.0,0.0,car:445842354:445842353:0,134.9112978342895,37795656,Travessa Dona Ida,residential,,,,,,,,,
baseline,81,middle,health,car,car,car,2743.0,D_0001625,2,48,445842353.0,445842340.0,0.0,car:445842353:445842340:0,54.40864667863632,563882893,Travessa Ieda,residential,,,,,,,,,
baseline,81,middle,health,car,car,car,2743.0,D_0001625,3,48,445842340.0,445842339.0,0.0,car:445842340:445842339:0,111.57184850593396,394374179,Rua Mariano de Matos,tertiary,,,,,,,,,
baseline,81,middle,health,car,car,car,2743.0,D_0001625,4,48,445842339.0,445842337.0,0.0,car:445842339:445842337:0,195.2428014486836,394374179,Rua Mariano de Matos,tertiary,,,,,,,,,
baseline,81,middle,health,car,car,car,2743.0,D_0001625,5,48,445842337.0,6556452728.0,0.0,car:445842337:6556452728:0,142.1985762507523,394374179|28620940,Rua Mariano de Matos,tertiary,,,,,,,,,
baseline,81,middle,health,car,car,car,2743.0,D_0001625,6,48,6556452728.0,2316261387.0,0.0,car:6556452728:2316261387:0,142.07781805989742,28620940,Rua Mariano de Matos,tertiary,,,,,,,,,
baseline,81,middle,health,car,car,car,2743.0,D_0001625,7,48,2316261387.0,445837058.0,0.0,car:2316261387:445837058:0,203.46129775305022,222687003,Rua José de Alencar,secondary,,,,,,,,,
baseline,81,middle,health,car,car,car,2743.0,D_0001625,8,48,445837058.0,319531073.0,0.0,car:445837058:319531073:0,35.57098720638849,562103033,Rua José de Alencar,secondary,,,,,,,,,
baseline,81,middle,health,car,car,car,2743.0,D_0001625,9,48,319531073.0,319531074.0,0.0,car:319531073:319531074:0,49.584712467527126,132211210|541933572,Rua José de Alencar,secondary,,,,,,,,,
baseline,81,middle,health,car,car,car,2743.0,D_0001625,10,48,319531074.0,319531066.0,0.0,car:319531074:319531066:0,52.009913669615386,134809950,Avenida Érico Veríssimo,secondary,,,,,,,,,
baseline,81,middle,health,car,car,car,2743.0,D_0001625,11,48,319531066.0,313259547.0,0.0,car:319531066:313259547:0,76.65913172302315,1290441211,Avenida Érico Veríssimo,secondary,,,,,,,,,
baseline,81,middle,health,car,car,car,2743.0,D_0001625,12,48,313259547.0,313259549.0,0.0,car:313259547:313259549:0,142.14180366353838,451652953,Avenida Érico Veríssimo,secondary,,,,,,,,,
baseline,81,middle,health,car,car,car,2743.0,D_0001625,13,48,313259549.0,313259550.0,0.0,car:313259549:313259550:0,96.25442013418665,561899146|470073699,Avenida Érico Veríssimo,secondary,,,,,,,,,
baseline,81,middle,health,car,car,car,2743.0,D_0001625,14,48,313259550.0,313259551.0,0.0,car:313259550:313259551:0,59.54932265133452,561899145|470073699,Avenida Érico Veríssimo,secondary,,,,,,,,,
baseline,81,middle,health,car,car,car,2743.0,D_0001625,15,48,313259551.0,312819713.0,0.0,car:313259551:312819713:0,137.40209188266525,561899145,Avenida Érico Veríssimo,secondary,,,,,,,,,
baseline,81,middle,health,car,car,car,2743.0,D_0001625,16,48,312819713.0,312819398.0,0.0,car:312819713:312819398:0,130.2204424791518,561899144|470073700,Avenida Érico Veríssimo,secondary,,,,,,,,,
baseline,81,middle,health,car,car,car,2743.0,D_0001625,17,48,312819398.0,9009199275.0,0.0,car:312819398:9009199275:0,79.2429263356048,561899144|561899143,Avenida Érico Veríssimo,secondary,,,,,,,,,
baseline,81,middle,health,car,car,car,2743.0,D_0001625,18,48,9009199275.0,313259552.0,0.0,car:9009199275:313259552:0,52.93297847132713,561899143,Avenida Érico Veríssimo,secondary,,,,,,,,,
baseline,81,middle,health,car,car,car,2743.0,D_0001625,19,48,313259552.0,313259553.0,0.0,car:313259552:313259553:0,130.4660893422397,470073697,Avenida Érico Veríssimo,secondary,,,,,,,,,
baseline,81,middle,health,car,car,car,2743.0,D_0001625,20,48,313259553.0,313259554.0,0.0,car:313259553:313259554:0,133.30039786913827,189476998|561899142,Avenida Érico Veríssimo,secondary,,,,,,,,,
baseline,81,middle,health,car,car,car,2743.0,D_0001625,21,48,313259554.0,5417478268.0,0.0,car:313259554:5417478268:0,189.30080599005092,561899140|189476998,Avenida Érico Veríssimo,secondary,,,,,,,,,
baseline,81,middle,health,car,car,car,2743.0,D_0001625,22,48,5417478268.0,313559522.0,0.0,car:5417478268:313559522:0,4.325488757281194,561899158,Avenida Érico Veríssimo,secondary,,,,,,,,,
baseline,81,middle,health,car,car,car,2743.0,D_0001625,23,48,313559522.0,313559506.0,0.0,car:313559522:313559506:0,50.12747572684542,930400415|229187730|41186126|229187727,Avenida Érico Veríssimo,secondary,,,,,,,,,
baseline,81,middle,health,car,car,car,2743.0,D_0001625,24,48,313559506.0,8607677118.0,0.0,car:313559506:8607677118:0,14.772212229212741,229187725,Avenida Érico Veríssimo,secondary,,,,,,,,,
baseline,81,middle,health,car,car,car,2743.0,D_0001625,25,48,8607677118.0,297619268.0,0.0,car:8607677118:297619268:0,226.3190788544245,470020241|229187725,Avenida Érico Veríssimo,secondary,,,,,,,,,
baseline,81,middle,health,car,car,car,2743.0,D_0001625,26,48,297619268.0,1830320629.0,0.0,car:297619268:1830320629:0,77.60037671614518,287533465,Rua Alcides de Oliveira Gomes,tertiary,,,,,,,,,
baseline,81,middle,health,car,car,car,2743.0,D_0001625,27,48,1830320629.0,1830320627.0,0.0,car:1830320629:1830320627:0,33.58359322285261,287533465,Rua Alcides de Oliveira Gomes,tertiary,,,,,,,,,
baseline,81,middle,health,car,car,car,2743.0,D_0001625,28,48,1830320627.0,2519374384.0,0.0,car:1830320627:2519374384:0,69.42308955625315,40179340,Rua Doutor Sebastião Leão,tertiary,,,,,,,,,
baseline,81,middle,health,car,car,car,2743.0,D_0001625,29,48,2519374384.0,834385138.0,0.0,car:2519374384:834385138:0,128.79290893481723,219248031,Rua Doutor Sebastião Leão,tertiary,,,,,,,,,
baseline,81,middle,health,car,car,car,2743.0,D_0001625,30,48,834385138.0,295166626.0,0.0,car:834385138:295166626:0,151.6934906321116,219248031,Rua Doutor Sebastião Leão,tertiary,,,,,,,,,
baseline,81,middle,health,car,car,car,2743.0,D_0001625,31,48,295166626.0,3618664673.0,0.0,car:295166626:3618664673:0,14.442140001158354,229187759,Rua Doutor Sebastião Leão,tertiary,,,,,,,,,
baseline,81,middle,health,car,car,car,2743.0,D_0001625,32,48,3618664673.0,317715284.0,0.0,car:3618664673:317715284:0,4.818103260510889,229187759,Rua Doutor Sebastião Leão,tertiary,,,,,,,,,
baseline,81,middle,health,car,car,car,2743.0,D_0001625,33,48,317715284.0,2375694270.0,0.0,car:317715284:2375694270:0,63.19402613836978,356396031,Avenida Jerônimo de Ornelas,tertiary,,,,,,,,,
baseline,81,middle,health,car,car,car,2743.0,D_0001625,34,48,2375694270.0,2375694268.0,0.0,car:2375694270:2375694268:0,67.66109927270624,356396031,Avenida Jerônimo de Ornelas,tertiary,,,,,,,,,
baseline,81,middle,health,car,car,car,2743.0,D_0001625,35,48,2375694268.0,2375694267.0,0.0,car:2375694268:2375694267:0,69.9120074379379,356396031,Avenida Jerônimo de Ornelas,tertiary,,,,,,,,,
baseline,81,middle,health,car,car,car,2743.0,D_0001625,36,48,2375694267.0,2916935594.0,0.0,car:2375694267:2916935594:0,72.6091754142848,356396031,Avenida Jerônimo de Ornelas,tertiary,,,,,,,,,
baseline,81,middle,health,car,car,car,2743.0,D_0001625,37,48,2916935594.0,2375694265.0,0.0,car:2916935594:2375694265:0,65.40592904413087,444002068,Avenida Jerônimo de Ornelas,tertiary,,,,,,,,,
baseline,81,middle,health,car,car,car,2743.0,D_0001625,38,48,2375694265.0,2375694263.0,0.0,car:2375694265:2375694263:0,54.48961281011136,444002068,Avenida Jerônimo de Ornelas,tertiary,,,,,,,,,
baseline,81,middle,health,car,car,car,2743.0,D_0001625,39,48,2375694263.0,2423031323.0,0.0,car:2375694263:2423031323:0,73.24362270247205,444002068,Avenida Jerônimo de Ornelas,tertiary,,,,,,,,,
baseline,81,middle,health,car,car,car,2743.0,D_0001625,40,48,2423031323.0,2423031322.0,0.0,car:2423031323:2423031322:0,55.50825782287123,444002068,Avenida Jerônimo de Ornelas,tertiary,,,,,,,,,
baseline,81,middle,health,car,car,car,2743.0,D_0001625,41,48,2423031322.0,321232149.0,0.0,car:2423031322:321232149:0,94.28579939707117,926838014,Avenida Jerônimo de Ornelas,tertiary,,,,,,,,,
baseline,81,middle,health,car,car,car,2743.0,D_0001625,42,48,321232149.0,2375694260.0,0.0,car:321232149:2375694260:0,50.653591416244225,175410233|927753722,Avenida Jerônimo de Ornelas,tertiary,,,,,,,,,
baseline,81,middle,health,car,car,car,2743.0,D_0001625,43,48,2375694260.0,321232161.0,0.0,car:2375694260:321232161:0,9.937282659756507,175410233,Avenida Jerônimo de Ornelas,tertiary,,,,,,,,,
baseline,81,middle,health,car,car,car,2743.0,D_0001625,44,48,321232161.0,321232158.0,0.0,car:321232161:321232158:0,54.193240253544296,175410233,Avenida Jerônimo de Ornelas,tertiary,,,,,,,,,
baseline,81,middle,health,car,car,car,2743.0,D_0001625,45,48,321232158.0,321232127.0,0.0,car:321232158:321232127:0,13.41487425288541,175410233,Avenida Jerônimo de Ornelas,tertiary,,,,,,,,,
baseline,81,middle,health,car,car,car,2743.0,D_0001625,46,48,321232127.0,321232036.0,0.0,car:321232127:321232036:0,13.005603637493444,98557290,Rua Ramiro Barcelos,secondary,,,,,,,,,
baseline,81,middle,health,car,car,car,2743.0,D_0001625,47,48,321232036.0,912962039.0,0.0,car:321232036:912962039:0,282.3756053342523,451653555|926836276,Rua Ramiro Barcelos,secondary,,,,,,,,,
baseline,83,high,work,car,car,car,1910.0,D_0019543,0,28,812281845.0,812281847.0,0.0,car:812281845:812281847:0,137.40245444125676,38267107,Rua Leblon,residential,,,,,,,,,
baseline,83,high,work,car,car,car,1910.0,D_0019543,1,28,812281847.0,812281852.0,0.0,car:812281847:812281852:0,25.919476902639563,38267169,Rua Conselheiro Xavier da Costa,tertiary,,,,,,,,,
baseline,83,high,work,car,car,car,1910.0,D_0019543,2,28,812281852.0,812281853.0,0.0,car:812281852:812281853:0,38.553879530997726,38267169,Rua Conselheiro Xavier da Costa,tertiary,,,,,,,,,
baseline,83,high,work,car,car,car,1910.0,D_0019543,3,28,812281853.0,812281835.0,0.0,car:812281853:812281835:0,55.59858414768988,38267169,Rua Conselheiro Xavier da Costa,tertiary,,,,,,,,,
baseline,83,high,work,car,car,car,1910.0,D_0019543,4,28,812281835.0,812281686.0,0.0,car:812281835:812281686:0,54.688999552504185,38267169,Rua Conselheiro Xavier da Costa,tertiary,,,,,,,,,
baseline,83,high,work,car,car,car,1910.0,D_0019543,5,28,812281686.0,812281714.0,0.0,car:812281686:812281714:0,56.17460283267239,564110267,Rua Conselheiro Xavier da Costa,tertiary,,,,,,,,,
baseline,83,high,work,car,car,car,1910.0,D_0019543,6,28,812281714.0,852134858.0,0.0,car:812281714:852134858:0,51.98464092465913,564110267,Rua Conselheiro Xavier da Costa,tertiary,,,,,,,,,
baseline,83,high,work,car,car,car,1910.0,D_0019543,7,28,852134858.0,852134745.0,0.0,car:852134858:852134745:0,208.62269238183015,38268705,Rua Atlântida,residential,,,,,,,,,
baseline,83,high,work,car,car,car,1910.0,D_0019543,8,28,852134745.0,9001422599.0,0.0,car:852134745:9001422599:0,308.56139307527945,1327568032|38268705|972573507,Rua Atlântida,residential,,,,,,,,,
baseline,83,high,work,car,car,car,1910.0,D_0019543,9,28,9001422599.0,852134715.0,0.0,car:9001422599:852134715:0,116.49699647267657,500493307,Avenida da Cavalhada,secondary,,,,,,,,,
baseline,83,high,work,car,car,car,1910.0,D_0019543,10,28,852134715.0,2917582365.0,0.0,car:852134715:2917582365:0,89.00170392375357,500493307,Avenida da Cavalhada,secondary,,,,,,,,,
baseline,83,high,work,car,car,car,1910.0,D_0019543,11,28,2917582365.0,2917582360.0,0.0,car:2917582365:2917582360:0,226.82252274767472,288207554,Rua Firmino Octávio Bimbi,residential,,,,,,,,,
baseline,83,high,work,car,car,car,1910.0,D_0019543,12,28,2917582360.0,2917582357.0,0.0,car:2917582360:2917582357:0,79.51902734773262,288207554,Rua Firmino Octávio Bimbi,residential,,,,,,,,,
baseline,83,high,work,car,car,car,1910.0,D_0019543,13,28,2917582357.0,6158520831.0,0.0,car:2917582357:6158520831:0,185.2002725617784,188749558,Avenida Eduardo Prado,primary,,,,,,,,,
baseline,83,high,work,car,car,car,1910.0,D_0019543,14,28,6158520831.0,6158520830.0,0.0,car:6158520831:6158520830:0,14.206328278621276,657560303,,primary_link,,,,,,,,,
baseline,83,high,work,car,car,car,1910.0,D_0019543,15,28,6158520830.0,448038787.0,0.0,car:6158520830:448038787:0,170.2334177491765,38092764,Avenida Eduardo Prado,primary,,,,,,,,,
baseline,83,high,work,car,car,car,1910.0,D_0019543,16,28,448038787.0,6569080823.0,0.0,car:448038787:6569080823:0,152.09500496681676,500493388,Rua Atílio Supertti,tertiary,,,,,,,,,
baseline,83,high,work,car,car,car,1910.0,D_0019543,17,28,6569080823.0,1413115872.0,0.0,car:6569080823:1413115872:0,38.6463323567606,500493388,Rua Atílio Supertti,tertiary,,,,,,,,,
baseline,83,high,work,car,car,car,1910.0,D_0019543,18,28,1413115872.0,4281902804.0,0.0,car:1413115872:4281902804:0,76.1425307512016,500493388,Rua Atílio Supertti,tertiary,,,,,,,,,
baseline,83,high,work,car,car,car,1910.0,D_0019543,19,28,4281902804.0,3248435087.0,0.0,car:4281902804:3248435087:0,54.24917987399921,500493388,Rua Atílio Supertti,tertiary,,,,,,,,,
baseline,83,high,work,car,car,car,1910.0,D_0019543,20,28,3248435087.0,4281902496.0,0.0,car:3248435087:4281902496:0,225.47516396122444,500493388,Rua Atílio Supertti,tertiary,,,,,,,,,
baseline,83,high,work,car,car,car,1910.0,D_0019543,21,28,4281902496.0,4281902396.0,0.0,car:4281902496:4281902396:0,30.00518956531061,500493388,Rua Atílio Supertti,tertiary,,,,,,,,,
baseline,83,high,work,car,car,car,1910.0,D_0019543,22,28,4281902396.0,3248435088.0,0.0,car:4281902396:3248435088:0,73.51213157640083,500493388,Rua Atílio Supertti,tertiary,,,,,,,,,
baseline,83,high,work,car,car,car,1910.0,D_0019543,23,28,3248435088.0,1413115829.0,0.0,car:3248435088:1413115829:0,54.50998567354908,223300621,Rua Atílio Supertti,tertiary,,,,,,,,,
baseline,83,high,work,car,car,car,1910.0,D_0019543,24,28,1413115829.0,1413115863.0,0.0,car:1413115829:1413115863:0,162.52033925508633,127731234,Rua Atílio Supertti,tertiary,,,,,,,,,
baseline,83,high,work,car,car,car,1910.0,D_0019543,25,28,1413115863.0,3242104393.0,0.0,car:1413115863:3242104393:0,66.24611087522187,223300623,Rua Atílio Supertti,tertiary,,,,,,,,,
baseline,83,high,work,car,car,car,1910.0,D_0019543,26,28,3242104393.0,3242104406.0,0.0,car:3242104393:3242104406:0,58.70504984765146,317885014,Rua João Pedro Buneder,residential,,,,,,,,,
baseline,83,high,work,car,car,car,1910.0,D_0019543,27,28,3242104406.0,3242104394.0,0.0,car:3242104406:3242104394:0,101.51054266332073,317885014,Rua João Pedro Buneder,residential,,,,,,,,,
baseline,85,high,education,bike,bike,bike,8566.0,D_0000016,0,68,4423652588.0,321010085.0,0.0,bike:4423652588:321010085:0,69.42425891186512,219722640,Beco Souza Costa,tertiary,,,,,,,,,
baseline,85,high,education,bike,bike,bike,8566.0,D_0000016,1,68,321010085.0,321012216.0,0.0,bike:321010085:321012216:0,47.875559204641604,454586907,Beco Souza Costa,tertiary,,,,,,,,,
baseline,85,high,education,bike,bike,bike,8566.0,D_0000016,2,68,321012216.0,321010088.0,0.0,bike:321012216:321010088:0,76.71784352012614,451653118,Beco Souza Costa,tertiary,,,,,,,,,
baseline,85,high,education,bike,bike,bike,8566.0,D_0000016,3,68,321010088.0,9003156844.0,0.0,bike:321010088:9003156844:0,77.24152291358114,451653197,Rua Abram Goldszteim,residential,,,,,,,,,
baseline,85,high,education,bike,bike,bike,8566.0,D_0000016,4,68,9003156844.0,321010179.0,0.0,bike:9003156844:321010179:0,68.26649769832915,451653197,Rua Abram Goldszteim,residential,,,,,,,,,
baseline,85,high,education,bike,bike,bike,8566.0,D_0000016,5,68,321010179.0,12801292559.0,0.0,bike:321010179:12801292559:0,174.7397623929115,1491680025|1491680026,Rua Euclides Trichtes,residential,,,,,,,,,
baseline,85,high,education,bike,bike,bike,8566.0,D_0000016,6,68,12801292559.0,295517992.0,0.0,bike:12801292559:295517992:0,31.959756650754002,29191815,Rua Euclides Trichtes,residential,,,,,,,,,
baseline,85,high,education,bike,bike,bike,8566.0,D_0000016,7,68,295517992.0,2527527276.0,0.0,bike:295517992:2527527276:0,16.385551597953146,447906397,,primary_link,,,,,,,,,
baseline,85,high,education,bike,bike,bike,8566.0,D_0000016,8,68,2527527276.0,295517820.0,0.0,bike:2527527276:295517820:0,370.37492271104986,924836164|1491680030|1491680022,Avenida Protásio Alves,primary,,,,,,,,,
baseline,85,high,education,bike,bike,bike,8566.0,D_0000016,9,68,295517820.0,8576966430.0,0.0,bike:295517820:8576966430:0,34.35413661795915,356396145,Avenida Protásio Alves,primary,,,,,,,,,
baseline,85,high,education,bike,bike,bike,8566.0,D_0000016,10,68,8576966430.0,8576966431.0,0.0,bike:8576966430:8576966431:0,23.653643254854018,923967054,Avenida Protásio Alves,primary,,,,,,,,,
baseline,85,high,education,bike,bike,bike,8566.0,D_0000016,11,68,8576966431.0,295518318.0,0.0,bike:8576966431:295518318:0,122.56085433896253,356396176,Avenida Protásio Alves,primary,,,,,,,,,
baseline,85,high,education,bike,bike,bike,8566.0,D_0000016,12,68,295518318.0,2527527151.0,0.0,bike:295518318:2527527151:0,122.17833252681402,356396176|923968828,Avenida Protásio Alves,primary,,,,,,,,,
baseline,85,high,education,bike,bike,bike,8566.0,D_0000016,13,68,2527527151.0,9003079447.0,0.0,bike:2527527151:9003079447:0,57.33964830157728,245577966,Avenida Protásio Alves,primary,,,,,,,,,
baseline,85,high,education,bike,bike,bike,8566.0,D_0000016,14,68,9003079447.0,1450828000.0,0.0,bike:9003079447:1450828000:0,221.22817892530162,245577966,Avenida Protásio Alves,primary,,,,,,,,,
baseline,85,high,education,bike,bike,bike,8566.0,D_0000016,15,68,1450828000.0,4264830089.0,0.0,bike:1450828000:4264830089:0,104.33742897398999,245577962,Avenida Protásio Alves,primary,,,,,,,,,
baseline,85,high,education,bike,bike,bike,8566.0,D_0000016,16,68,4264830089.0,4264830079.0,0.0,bike:4264830089:4264830079:0,28.581752505419797,245577962,Avenida Protásio Alves,primary,,,,,,,,,
baseline,85,high,education,bike,bike,bike,8566.0,D_0000016,17,68,4264830079.0,1450827997.0,0.0,bike:4264830079:1450827997:0,33.49474885572286,245577962,Avenida Protásio Alves,primary,,,,,,,,,
baseline,85,high,education,bike,bike,bike,8566.0,D_0000016,18,68,1450827997.0,295518334.0,0.0,bike:1450827997:295518334:0,31.105165866269402,245577968,Avenida Protásio Alves,primary,,,,,,,,,
baseline,85,high,education,bike,bike,bike,8566.0,D_0000016,19,68,295518334.0,295518341.0,0.0,bike:295518334:295518341:0,249.2839095009786,245577968|927204741,Avenida Protásio Alves,primary,,,,,,,,,
baseline,85,high,education,bike,bike,bike,8566.0,D_0000016,20,68,295518341.0,295518615.0,0.0,bike:295518341:295518615:0,45.958469096450806,245577967,Avenida Protásio Alves,primary,,,,,,,,,
baseline,85,high,education,bike,bike,bike,8566.0,D_0000016,21,68,295518615.0,295518345.0,0.0,bike:295518615:295518345:0,92.89249375856639,356396141,Avenida Protásio Alves,primary,,,,,,,,,
baseline,85,high,education,bike,bike,bike,8566.0,D_0000016,22,68,295518345.0,295518350.0,0.0,bike:295518345:295518350:0,166.21181127754903,245577955,Avenida Protásio Alves,primary,,,,,,,,,
baseline,85,high,education,bike,bike,bike,8566.0,D_0000016,23,68,295518350.0,295518622.0,0.0,bike:295518350:295518622:0,140.1599276992732,356396194,Avenida Protásio Alves,primary,,,,,,,,,
baseline,85,high,education,bike,bike,bike,8566.0,D_0000016,24,68,295518622.0,3618664580.0,0.0,bike:295518622:3618664580:0,83.29033805669177,356396194,Avenida Protásio Alves,primary,,,,,,,,,
baseline,85,high,education,bike,bike,bike,8566.0,D_0000016,25,68,3618664580.0,295518358.0,0.0,bike:3618664580:295518358:0,135.0364096038937,356396185,Avenida Protásio Alves,primary,,,,,,,,,
baseline,85,high,education,bike,bike,bike,8566.0,D_0000016,26,68,295518358.0,3618664558.0,0.0,bike:295518358:3618664558:0,185.7047928284182,454586903,Avenida Protásio Alves,primary,,,,,,,,,
baseline,85,high,education,bike,bike,bike,8566.0,D_0000016,27,68,3618664558.0,3618664557.0,0.0,bike:3618664558:3618664557:0,25.374299727841237,356397577,,busway,,,,,,,,,
baseline,85,high,education,bike,bike,bike,8566.0,D_0000016,28,68,3618664557.0,2527526875.0,0.0,bike:3618664557:2527526875:0,156.57944287979072,356398206,Corredor de Transporte Coletivo Protásio Alves,busway,,,,,,,,,
baseline,85,high,education,bike,bike,bike,8566.0,D_0000016,29,68,2527526875.0,2527526896.0,0.0,bike:2527526875:2527526896:0,118.76091445027514,356398164,Corredor de Transporte Coletivo Protásio Alves,busway,,,,,,,,,
baseline,85,high,education,bike,bike,bike,8566.0,D_0000016,30,68,2527526896.0,2527526934.0,0.0,bike:2527526896:2527526934:0,167.38814941223836,356398164,Corredor de Transporte Coletivo Protásio Alves,busway,,,,,,,,,
baseline,85,high,education,bike,bike,bike,8566.0,D_0000016,31,68,2527526934.0,3618664573.0,0.0,bike:2527526934:3618664573:0,84.69752923198145,356398164,Corredor de Transporte Coletivo Protásio Alves,busway,,,,,,,,,
baseline,85,high,education,bike,bike,bike,8566.0,D_0000016,32,68,3618664573.0,3618664578.0,0.0,bike:3618664573:3618664578:0,154.18068745008074,356397870,Corredor de Transporte Coletivo Protásio Alves,busway,,,,,,,,,
baseline,85,high,education,bike,bike,bike,8566.0,D_0000016,33,68,3618664578.0,3618664577.0,0.0,bike:3618664578:3618664577:0,22.827824949728488,356397419,,busway,,,,,,,,,
baseline,85,high,education,bike,bike,bike,8566.0,D_0000016,34,68,3618664577.0,295518649.0,0.0,bike:3618664577:295518649:0,66.00585384341505,926765310,Avenida Protásio Alves,primary,,,,,,,,,
baseline,85,high,education,bike,bike,bike,8566.0,D_0000016,35,68,295518649.0,8414956946.0,0.0,bike:295518649:8414956946:0,74.81202984340827,356396195,Avenida Protásio Alves,primary,,,,,,,,,
baseline,85,high,education,bike,bike,bike,8566.0,D_0000016,36,68,8414956946.0,316033728.0,0.0,bike:8414956946:316033728:0,39.3159628665645,356396195,Avenida Protásio Alves,primary,,,,,,,,,
baseline,85,high,education,bike,bike,bike,8566.0,D_0000016,37,68,316033728.0,1538080640.0,0.0,bike:316033728:1538080640:0,165.62315765790495,155446755,Avenida Protásio Alves,primary,,,,,,,,,
baseline,85,high,education,bike,bike,bike,8566.0,D_0000016,38,68,1538080640.0,295518915.0,0.0,bike:1538080640:295518915:0,87.07926270795157,326368197,Avenida Protásio Alves,primary,,,,,,,,,
baseline,85,high,education,bike,bike,bike,8566.0,D_0000016,39,68,295518915.0,3618664499.0,0.0,bike:295518915:3618664499:0,90.78357551174449,356397359,,busway,,,,,,,,,
baseline,85,high,education,bike,bike,bike,8566.0,D_0000016,40,68,3618664499.0,3618664492.0,0.0,bike:3618664499:3618664492:0,24.980532316973772,356398040,Corredor de Transporte Coletivo Protásio Alves,busway,,,,,,,,,
baseline,85,high,education,bike,bike,bike,8566.0,D_0000016,41,68,3618664492.0,1145769599.0,0.0,bike:3618664492:1145769599:0,68.90989119296931,356398040|245577985|924513182,Viaduto Jorge Alberto Mendes Ribeiro|Corredor de Transporte Coletivo Protásio Alves,busway,,,,,,,,,
baseline,85,high,education,bike,bike,bike,8566.0,D_0000016,42,68,1145769599.0,3618664472.0,0.0,bike:1145769599:3618664472:0,18.044911307315896,245577988,Corredor de Transporte Coletivo Protásio Alves,busway,,,,,,,,,
baseline,85,high,education,bike,bike,bike,8566.0,D_0000016,43,68,3618664472.0,3618664481.0,0.0,bike:3618664472:3618664481:0,47.76634838292353,245577988,Corredor de Transporte Coletivo Protásio Alves,busway,,,,,,,,,
baseline,85,high,education,bike,bike,bike,8566.0,D_0000016,44,68,3618664481.0,2527526802.0,0.0,bike:3618664481:2527526802:0,148.55875291399445,356398168,Corredor de Transporte Coletivo Protásio Alves,busway,,,,,,,,,
baseline,85,high,education,bike,bike,bike,8566.0,D_0000016,45,68,2527526802.0,2527526828.0,0.0,bike:2527526802:2527526828:0,63.2517040596632,356398396,Corredor de Transporte Coletivo Protásio Alves,busway,,,,,,,,,
baseline,85,high,education,bike,bike,bike,8566.0,D_0000016,46,68,2527526828.0,3618664620.0,0.0,bike:2527526828:3618664620:0,379.3416809104082,356398396,Corredor de Transporte Coletivo Protásio Alves,busway,,,,,,,,,
baseline,85,high,education,bike,bike,bike,8566.0,D_0000016,47,68,3618664620.0,1439937956.0,0.0,bike:3618664620:1439937956:0,16.24054433751186,356397506,,busway,,,,,,,,,
baseline,85,high,education,bike,bike,bike,8566.0,D_0000016,48,68,1439937956.0,295519281.0,0.0,bike:1439937956:295519281:0,351.773692817417,356396192|926752610,Avenida Protásio Alves,primary,,,,,,,,,
baseline,85,high,education,bike,bike,bike,8566.0,D_0000016,49,68,295519281.0,4773202075.0,0.0,bike:295519281:4773202075:0,18.193608403156325,326368194,Avenida Protásio Alves,primary,,,,,,,,,
baseline,85,high,education,bike,bike,bike,8566.0,D_0000016,50,68,4773202075.0,4773202076.0,0.0,bike:4773202075:4773202076:0,7.249256819405578,326368194,Avenida Protásio Alves,primary,,,,,,,,,
baseline,85,high,education,bike,bike,bike,8566.0,D_0000016,51,68,4773202076.0,3618664679.0,0.0,bike:4773202076:3618664679:0,160.64465044177146,326368194|326368195,Avenida Protásio Alves,primary,,,,,,,,,
baseline,85,high,education,bike,bike,bike,8566.0,D_0000016,52,68,3618664679.0,316033465.0,0.0,bike:3618664679:316033465:0,85.7306152674181,356396162,Avenida Protásio Alves,primary,,,,,,,,,
baseline,85,high,education,bike,bike,bike,8566.0,D_0000016,53,68,316033465.0,1739222470.0,0.0,bike:316033465:1739222470:0,197.33465097514832,174104786,Avenida Protásio Alves,primary,,,,,,,,,
baseline,85,high,education,bike,bike,bike,8566.0,D_0000016,54,68,1739222470.0,316033578.0,0.0,bike:1739222470:316033578:0,69.5726467356189,924562496,Avenida Protásio Alves,primary,,,,,,,,,
baseline,85,high,education,bike,bike,bike,8566.0,D_0000016,55,68,316033578.0,3618664659.0,0.0,bike:316033578:3618664659:0,14.415174538710808,924562496,Avenida Protásio Alves,primary,,,,,,,,,
baseline,85,high,education,bike,bike,bike,8566.0,D_0000016,56,68,3618664659.0,316033476.0,0.0,bike:3618664659:316033476:0,143.59908144001818,356396191,Avenida Protásio Alves,primary,,,,,,,,,
baseline,85,high,education,bike,bike,bike,8566.0,D_0000016,57,68,316033476.0,295519332.0,0.0,bike:316033476:295519332:0,6.934712837560948,451653080,Avenida Protásio Alves,primary,,,,,,,,,
baseline,85,high,education,bike,bike,bike,8566.0,D_0000016,58,68,295519332.0,3618664641.0,0.0,bike:295519332:3618664641:0,49.51292325339628,451653080,Avenida Protásio Alves,primary,,,,,,,,,
baseline,85,high,education,bike,bike,bike,8566.0,D_0000016,59,68,3618664641.0,295519336.0,0.0,bike:3618664641:295519336:0,65.65008458916192,356396139,Avenida Protásio Alves,primary,,,,,,,,,
baseline,85,high,education,bike,bike,bike,8566.0,D_0000016,60,68,295519336.0,295519996.0,0.0,bike:295519336:295519996:0,185.22702412480945,356396139,Avenida Protásio Alves,primary,,,,,,,,,
baseline,85,high,education,bike,bike,bike,8566.0,D_0000016,61,68,295519996.0,316035126.0,0.0,bike:295519996:316035126:0,269.08676413160117,356396139|926783671,Avenida Protásio Alves,primary,,,,,,,,,
baseline,85,high,education,bike,bike,bike,8566.0,D_0000016,62,68,316035126.0,339178020.0,0.0,bike:316035126:339178020:0,141.8886415912677,356396154,Avenida Protásio Alves,primary,,,,,,,,,
baseline,85,high,education,bike,bike,bike,8566.0,D_0000016,63,68,339178020.0,3618664554.0,0.0,bike:339178020:3618664554:0,97.41475568430552,130818737|929869676,Avenida Protásio Alves,primary,,,,,,,,,
baseline,85,high,education,bike,bike,bike,8566.0,D_0000016,64,68,3618664554.0,3618664547.0,0.0,bike:3618664554:3618664547:0,48.74023605050342,356396190,Avenida Protásio Alves,primary,,,,,,,,,
baseline,85,high,education,bike,bike,bike,8566.0,D_0000016,65,68,3618664547.0,321234205.0,0.0,bike:3618664547:321234205:0,36.618687032175636,356396190,Avenida Protásio Alves,primary,,,,,,,,,
baseline,85,high,education,bike,bike,bike,8566.0,D_0000016,66,68,321234205.0,295520021.0,0.0,bike:321234205:295520021:0,85.91673315970807,356396197,Avenida Protásio Alves,primary,,,,,,,,,
baseline,85,high,education,bike,bike,bike,8566.0,D_0000016,67,68,295520021.0,295520024.0,0.0,bike:295520021:295520024:0,94.48280489359192,356396197,Avenida Protásio Alves,primary,,,,,,,,,
baseline,87,middle,health,car,car,car,8657.0,D_0001673,0,55,874423527.0,332150122.0,0.0,car:874423527:332150122:0,76.57858061288118,327344280,Avenida Dona Adda Mascarenhas de Moraes,secondary,,,,,,,,,
baseline,87,middle,health,car,car,car,8657.0,D_0001673,1,55,332150122.0,874423419.0,0.0,car:332150122:874423419:0,68.49780536221931,327344280,Avenida Dona Adda Mascarenhas de Moraes,secondary,,,,,,,,,
baseline,87,middle,health,car,car,car,8657.0,D_0001673,2,55,874423419.0,332149914.0,0.0,car:874423419:332149914:0,78.58874870746244,260531086,Avenida Dona Adda Mascarenhas de Moraes,secondary,,,,,,,,,
baseline,87,middle,health,car,car,car,8657.0,D_0001673,3,55,332149914.0,3618663707.0,0.0,car:332149914:3618663707:0,7.514346090675396,96508991,Avenida Dona Adda Mascarenhas de Moraes,secondary,,,,,,,,,
baseline,87,middle,health,car,car,car,8657.0,D_0001673,4,55,3618663707.0,3618663708.0,0.0,car:3618663707:3618663708:0,5.649318699440418,356398414,Corredor de Transporte Coletivo Baltazar de Oliveira Garcia,busway,,,,,,,,,
baseline,87,middle,health,car,car,car,8657.0,D_0001673,5,55,3618663708.0,3618663731.0,0.0,car:3618663708:3618663731:0,279.79341970307576,356398414,Corredor de Transporte Coletivo Baltazar de Oliveira Garcia,busway,,,,,,,,,
baseline,87,middle,health,car,car,car,8657.0,D_0001673,6,55,3618663731.0,3618663699.0,0.0,car:3618663731:3618663699:0,158.00146908648034,356398414,Corredor de Transporte Coletivo Baltazar de Oliveira Garcia,busway,,,,,,,,,
baseline,87,middle,health,car,car,car,8657.0,D_0001673,7,55,3618663699.0,3618663673.0,0.0,car:3618663699:3618663673:0,129.56408492714897,356398140,Corredor de Transporte Coletivo Baltazar de Oliveira Garcia,busway,,,,,,,,,
baseline,87,middle,health,car,car,car,8657.0,D_0001673,8,55,3618663673.0,1188585142.0,0.0,car:3618663673:1188585142:0,20.09012399688337,356396909,,busway,,,,,,,,,
baseline,87,middle,health,car,car,car,8657.0,D_0001673,9,55,1188585142.0,297832491.0,0.0,car:1188585142:297832491:0,151.8047591274071,923545218|562500772,Avenida Baltazar de Oliveira Garcia,secondary,,,,,,,,,
baseline,87,middle,health,car,car,car,8657.0,D_0001673,10,55,297832491.0,2429556170.0,0.0,car:297832491:2429556170:0,18.783189439121912,356397643,,busway,,,,,,,,,
baseline,87,middle,health,car,car,car,8657.0,D_0001673,11,55,2429556170.0,2429556168.0,0.0,car:2429556170:2429556168:0,232.30538194174449,356398294,,busway,,,,,,,,,
baseline,87,middle,health,car,car,car,8657.0,D_0001673,12,55,2429556168.0,4668326211.0,0.0,car:2429556168:4668326211:0,33.17918656559492,472631861,,busway,,,,,,,,,
baseline,87,middle,health,car,car,car,8657.0,D_0001673,13,55,4668326211.0,4915327234.0,0.0,car:4668326211:4915327234:0,50.61070310263073,356398341,,busway,,,,,,,,,
baseline,87,middle,health,car,car,car,8657.0,D_0001673,14,55,4915327234.0,3340766644.0,0.0,car:4915327234:3340766644:0,257.70252331652506,356398312,,busway,,,,,,,,,
baseline,87,middle,health,car,car,car,8657.0,D_0001673,15,55,3340766644.0,3618663759.0,0.0,car:3340766644:3618663759:0,126.09797412261594,356397521|356396748,Corredor de Transporte Coletivo Assis Brasil,busway,,,,,,,,,
baseline,87,middle,health,car,car,car,8657.0,D_0001673,16,55,3618663759.0,3618663753.0,0.0,car:3618663759:3618663753:0,179.45846457520292,356397880,Corredor de Transporte Coletivo Assis Brasil,busway,,,,,,,,,
baseline,87,middle,health,car,car,car,8657.0,D_0001673,17,55,3618663753.0,3618663739.0,0.0,car:3618663753:3618663739:0,95.89416084998228,356397764,Corredor de Transporte Coletivo Assis Brasil,busway,,,,,,,,,
baseline,87,middle,health,car,car,car,8657.0,D_0001673,18,55,3618663739.0,3618663746.0,0.0,car:3618663739:3618663746:0,13.911247268063105,356397594,Corredor de Transporte Coletivo Assis Brasil,busway,,,,,,,,,
baseline,87,middle,health,car,car,car,8657.0,D_0001673,19,55,3618663746.0,3340766643.0,0.0,car:3618663746:3340766643:0,306.58958161890786,356398196|356397381,Corredor de Transporte Coletivo Assis Brasil,busway,,,,,,,,,
baseline,87,middle,health,car,car,car,8657.0,D_0001673,20,55,3340766643.0,3618663754.0,0.0,car:3340766643:3618663754:0,69.34674185093098,356398196,Corredor de Transporte Coletivo Assis Brasil,busway,,,,,,,,,
baseline,87,middle,health,car,car,car,8657.0,D_0001673,21,55,3618663754.0,3618663775.0,0.0,car:3618663754:3618663775:0,180.526257560364,356397855,Corredor de Transporte Coletivo Assis Brasil,busway,,,,,,,,,
baseline,87,middle,health,car,car,car,8657.0,D_0001673,22,55,3618663775.0,3618663774.0,0.0,car:3618663775:3618663774:0,22.77682348351748,356398389,Corredor de Transporte Coletivo Assis Brasil,busway,,,,,,,,,
baseline,87,middle,health,car,car,car,8657.0,D_0001673,23,55,3618663774.0,3618663800.0,0.0,car:3618663774:3618663800:0,271.1858712481051,356398389,Corredor de Transporte Coletivo Assis Brasil,busway,,,,,,,,,
baseline,87,middle,health,car,car,car,8657.0,D_0001673,24,55,3618663800.0,3618663804.0,0.0,car:3618663800:3618663804:0,13.988028501723436,356398389,Corredor de Transporte Coletivo Assis Brasil,busway,,,,,,,,,
baseline,87,middle,health,car,car,car,8657.0,D_0001673,25,55,3618663804.0,3618663840.0,0.0,car:3618663804:3618663840:0,378.15894718238803,356398088,Corredor de Transporte Coletivo Assis Brasil,busway,,,,,,,,,
baseline,87,middle,health,car,car,car,8657.0,D_0001673,26,55,3618663840.0,3618663851.0,0.0,car:3618663840:3618663851:0,252.47672192024288,356398318,Corredor de Transporte Coletivo Assis Brasil,busway,,,,,,,,,
baseline,87,middle,health,car,car,car,8657.0,D_0001673,27,55,3618663851.0,3618663825.0,0.0,car:3618663851:3618663825:0,414.00533167862227,169512330|284327237|356398318,Corredor de Transporte Coletivo Assis Brasil|Corredor de Transporte Coletivo Brasiliano Índio de Moraes|Viaduto Obirici,busway,,,,,,,,,
baseline,87,middle,health,car,car,car,8657.0,D_0001673,28,55,3618663825.0,2908390053.0,0.0,car:3618663825:2908390053:0,38.49538502486468,356396920,,busway,,,,,,,,,
baseline,87,middle,health,car,car,car,8657.0,D_0001673,29,55,2908390053.0,1439539868.0,0.0,car:2908390053:1439539868:0,120.15140396381724,327172217,Avenida Brasiliano Índio de Moraes,secondary,,,,,,,,,
baseline,87,middle,health,car,car,car,8657.0,D_0001673,30,55,1439539868.0,2316599644.0,0.0,car:1439539868:2316599644:0,23.56972547740027,287207127,Avenida Brasiliano Índio de Moraes,secondary,,,,,,,,,
baseline,87,middle,health,car,car,car,8657.0,D_0001673,31,55,2316599644.0,1439539879.0,0.0,car:2316599644:1439539879:0,113.27297365828828,287207127,Avenida Brasiliano Índio de Moraes,secondary,,,,,,,,,
baseline,87,middle,health,car,car,car,8657.0,D_0001673,32,55,1439539879.0,3618663773.0,0.0,car:1439539879:3618663773:0,39.77374483106974,356397600,,busway,,,,,,,,,
baseline,87,middle,health,car,car,car,8657.0,D_0001673,33,55,3618663773.0,3618663665.0,0.0,car:3618663773:3618663665:0,215.15560275163264,356397920,Corredor de Transporte Coletivo Brasiliano Índio de Moraes,busway,,,,,,,,,
baseline,87,middle,health,car,car,car,8657.0,D_0001673,34,55,3618663665.0,1806735936.0,0.0,car:3618663665:1806735936:0,102.40596085237924,356397973,Corredor de Transporte Coletivo Brasiliano Índio de Moraes,busway,,,,,,,,,
baseline,87,middle,health,car,car,car,8657.0,D_0001673,35,55,1806735936.0,2036051336.0,0.0,car:1806735936:2036051336:0,13.704121501795198,356397973,Corredor de Transporte Coletivo Brasiliano Índio de Moraes,busway,,,,,,,,,
baseline,87,middle,health,car,car,car,8657.0,D_0001673,36,55,2036051336.0,1806735925.0,0.0,car:2036051336:1806735925:0,20.08353236771627,356397973,Corredor de Transporte Coletivo Brasiliano Índio de Moraes,busway,,,,,,,,,
baseline,87,middle,health,car,car,car,8657.0,D_0001673,37,55,1806735925.0,1806735941.0,0.0,car:1806735925:1806735941:0,154.4016219800393,356397819,Corredor de Transporte Coletivo Assis Brasil,busway,,,,,,,,,
baseline,87,middle,health,car,car,car,8657.0,D_0001673,38,55,1806735941.0,3618663651.0,0.0,car:1806735941:3618663651:0,22.919066294967365,356397819,Corredor de Transporte Coletivo Assis Brasil,busway,,,,,,,,,
baseline,87,middle,health,car,car,car,8657.0,D_0001673,39,55,3618663651.0,2403123796.0,0.0,car:3618663651:2403123796:0,209.6974000209268,356396809|356397612|356397572,Corredor de Transporte Coletivo Assis Brasil,busway,,,,,,,,,
baseline,87,middle,health,car,car,car,8657.0,D_0001673,40,55,2403123796.0,1806732403.0,0.0,car:2403123796:1806732403:0,124.0887785233629,356398273,Corredor de Transporte Coletivo Assis Brasil,busway,,,,,,,,,
baseline,87,middle,health,car,car,car,8657.0,D_0001673,41,55,1806732403.0,3618663631.0,0.0,car:1806732403:3618663631:0,158.70263204084998,356398273,Corredor de Transporte Coletivo Assis Brasil,busway,,,,,,,,,
baseline,87,middle,health,car,car,car,8657.0,D_0001673,42,55,3618663631.0,2402420900.0,0.0,car:3618663631:2402420900:0,197.0760860344637,356398289,Corredor de Transporte Coletivo Benjamin Constant,busway,,,,,,,,,
baseline,87,middle,health,car,car,car,8657.0,D_0001673,43,55,2402420900.0,1806732399.0,0.0,car:2402420900:1806732399:0,176.75834215395346,356397897,Corredor de Transporte Coletivo Benjamin Constant,busway,,,,,,,,,
baseline,87,middle,health,car,car,car,8657.0,D_0001673,44,55,1806732399.0,1806732406.0,0.0,car:1806732399:1806732406:0,96.85039136129464,356397375,Corredor de Transporte Coletivo Benjamin Constant,busway,,,,,,,,,
baseline,87,middle,health,car,car,car,8657.0,D_0001673,45,55,1806732406.0,1806732412.0,0.0,car:1806732406:1806732412:0,50.646694340281286,356396856,Corredor de Transporte Coletivo Benjamin Constant,busway,,,,,,,,,
baseline,87,middle,health,car,car,car,8657.0,D_0001673,46,55,1806732412.0,297129523.0,0.0,car:1806732412:297129523:0,70.50409257867886,169511529,,busway,,,,,,,,,
baseline,87,middle,health,car,car,car,8657.0,D_0001673,47,55,297129523.0,1406995753.0,0.0,car:297129523:1406995753:0,60.8645020321355,356395763|928439463,Avenida Benjamin Constant,secondary,,,,,,,,,
baseline,87,middle,health,car,car,car,8657.0,D_0001673,48,55,1406995753.0,297129525.0,0.0,car:1406995753:297129525:0,115.8197144984567,127054413,Avenida Benjamin Constant,secondary,,,,,,,,,
baseline,87,middle,health,car,car,car,8657.0,D_0001673,49,55,297129525.0,2871615629.0,0.0,car:297129525:2871615629:0,36.962342154077646,127054413,Avenida Benjamin Constant,secondary,,,,,,,,,
baseline,87,middle,health,car,car,car,8657.0,D_0001673,50,55,2871615629.0,661069158.0,0.0,car:2871615629:661069158:0,56.56661710555314,928439460|451652894,Avenida Benjamin Constant,secondary,,,,,,,,,
baseline,87,middle,health,car,car,car,8657.0,D_0001673,51,55,661069158.0,661069204.0,0.0,car:661069158:661069204:0,96.42140489402504,928439459|451652894,Avenida Benjamin Constant,secondary,,,,,,,,,
baseline,87,middle,health,car,car,car,8657.0,D_0001673,52,55,661069204.0,661069231.0,0.0,car:661069204:661069231:0,198.59560500496409,393433741,Avenida Benjamin Constant,secondary,,,,,,,,,
baseline,87,middle,health,car,car,car,8657.0,D_0001673,53,55,661069231.0,661069327.0,0.0,car:661069231:661069327:0,126.54342354387003,393433741,Avenida Benjamin Constant,secondary,,,,,,,,,
baseline,87,middle,health,car,car,car,8657.0,D_0001673,54,55,661069327.0,1404633782.0,0.0,car:661069327:1404633782:0,8.309664785701164,126798188,Avenida Benjamin Constant,secondary,,,,,,,,,
baseline,90,middle,shopping,car,car,car,7740.0,D_0007004,0,78,319120750.0,418262719.0,0.0,car:319120750:418262719:0,215.32132397646282,379779861,Rua 1 CEFER 2,tertiary,,,,,,,,,
baseline,90,middle,shopping,car,car,car,7740.0,D_0007004,1,78,418262719.0,319121204.0,0.0,car:418262719:319121204:0,34.49602804879333,379779861,Rua 1 CEFER 2,tertiary,,,,,,,,,
baseline,90,middle,shopping,car,car,car,7740.0,D_0007004,2,78,319121204.0,319120442.0,0.0,car:319121204:319120442:0,43.702825378835854,33077890,Rua 9 CEFER 2,tertiary,,,,,,,,,
baseline,90,middle,shopping,car,car,car,7740.0,D_0007004,3,78,319120442.0,319120462.0,0.0,car:319120442:319120462:0,39.899835605947885,379779862,Via 5,tertiary,,,,,,,,,
baseline,90,middle,shopping,car,car,car,7740.0,D_0007004,4,78,319120462.0,319120355.0,0.0,car:319120462:319120355:0,38.65817156555662,29017914,Acesso 6,tertiary,,,,,,,,,
baseline,90,middle,shopping,car,car,car,7740.0,D_0007004,5,78,319120355.0,319120354.0,0.0,car:319120355:319120354:0,12.529819509090785,379779864,Rua 9,tertiary,,,,,,,,,
baseline,90,middle,shopping,car,car,car,7740.0,D_0007004,6,78,319120354.0,319120324.0,0.0,car:319120354:319120324:0,54.43369888716976,29017917,Rua 6,tertiary,,,,,,,,,
baseline,90,middle,shopping,car,car,car,7740.0,D_0007004,7,78,319120324.0,319119092.0,0.0,car:319120324:319119092:0,75.17214298337191,29017917,Rua 6,tertiary,,,,,,,,,
baseline,90,middle,shopping,car,car,car,7740.0,D_0007004,8,78,319119092.0,319119140.0,0.0,car:319119092:319119140:0,24.321458498166308,356396572,Rua José Madri,tertiary,,,,,,,,,
baseline,90,middle,shopping,car,car,car,7740.0,D_0007004,9,78,319119140.0,319119093.0,0.0,car:319119140:319119093:0,38.347378633546846,356396572,Rua José Madri,tertiary,,,,,,,,,
baseline,90,middle,shopping,car,car,car,7740.0,D_0007004,10,78,319119093.0,319119155.0,0.0,car:319119093:319119155:0,273.3431723147303,445724663,Rua B,living_street,,,,,,,,,
baseline,90,middle,shopping,car,car,car,7740.0,D_0007004,11,78,319119155.0,319119376.0,0.0,car:319119155:319119376:0,207.78752363813845,97503986|564093844|564093845,Rua B,living_street,,,,,,,,,
baseline,90,middle,shopping,car,car,car,7740.0,D_0007004,12,78,319119376.0,319119377.0,0.0,car:319119376:319119377:0,44.443414676791924,477685166,Rua T Fátima-Pinto,living_street,,,,,,,,,
baseline,90,middle,shopping,car,car,car,7740.0,D_0007004,13,78,319119377.0,4418264871.0,0.0,car:319119377:4418264871:0,91.98315809961586,444341045,Rua X,living_street,,,,,,,,,
baseline,90,middle,shopping,car,car,car,7740.0,D_0007004,14,78,4418264871.0,319119623.0,0.0,car:4418264871:319119623:0,189.29055417180035,29017833|448561058|219771060,Rua São Domingos,residential|living_street,,,,,,,,,
baseline,90,middle,shopping,car,car,car,7740.0,D_0007004,15,78,319119623.0,319123799.0,0.0,car:319119623:319123799:0,141.01536147951032,393907940,Rua São Domingos,residential,,,,,,,,,
baseline,90,middle,shopping,car,car,car,7740.0,D_0007004,16,78,319123799.0,295518010.0,0.0,car:319123799:295518010:0,60.64583269619882,245578004,Rua São Domingos,tertiary,,,,,,,,,
baseline,90,middle,shopping,car,car,car,7740.0,D_0007004,17,78,295518010.0,3618664599.0,0.0,car:295518010:3618664599:0,6.8144105055771815,29018160,Rua São Domingos,primary_link,,,,,,,,,
baseline,90,middle,shopping,car,car,car,7740.0,D_0007004,18,78,3618664599.0,3618664594.0,0.0,car:3618664599:3618664594:0,117.19318838500712,356397851,Corredor de Transporte Coletivo Protásio Alves,busway,,,,,,,,,
baseline,90,middle,shopping,car,car,car,7740.0,D_0007004,19,78,3618664594.0,3618664588.0,0.0,car:3618664594:3618664588:0,219.5127939779675,356397851,Corredor de Transporte Coletivo Protásio Alves,busway,,,,,,,,,
baseline,90,middle,shopping,car,car,car,7740.0,D_0007004,20,78,3618664588.0,3618664583.0,0.0,car:3618664588:3618664583:0,150.78827058600677,356397894,Corredor de Transporte Coletivo Protásio Alves,busway,,,,,,,,,
baseline,90,middle,shopping,car,car,car,7740.0,D_0007004,21,78,3618664583.0,3618664557.0,0.0,car:3618664583:3618664557:0,366.423457829193,356398129|356397517,Corredor de Transporte Coletivo Protásio Alves,busway,,,,,,,,,
baseline,90,middle,shopping,car,car,car,7740.0,D_0007004,22,78,3618664557.0,2527526875.0,0.0,car:3618664557:2527526875:0,156.57944287979072,356398206,Corredor de Transporte Coletivo Protásio Alves,busway,,,,,,,,,
baseline,90,middle,shopping,car,car,car,7740.0,D_0007004,23,78,2527526875.0,2527526896.0,0.0,car:2527526875:2527526896:0,118.76091445027514,356398164,Corredor de Transporte Coletivo Protásio Alves,busway,,,,,,,,,
baseline,90,middle,shopping,car,car,car,7740.0,D_0007004,24,78,2527526896.0,2527526934.0,0.0,car:2527526896:2527526934:0,167.38814941223836,356398164,Corredor de Transporte Coletivo Protásio Alves,busway,,,,,,,,,
baseline,90,middle,shopping,car,car,car,7740.0,D_0007004,25,78,2527526934.0,3618664573.0,0.0,car:2527526934:3618664573:0,84.69752923198145,356398164,Corredor de Transporte Coletivo Protásio Alves,busway,,,,,,,,,
baseline,90,middle,shopping,car,car,car,7740.0,D_0007004,26,78,3618664573.0,3618664578.0,0.0,car:3618664573:3618664578:0,154.18068745008074,356397870,Corredor de Transporte Coletivo Protásio Alves,busway,,,,,,,,,
baseline,90,middle,shopping,car,car,car,7740.0,D_0007004,27,78,3618664578.0,3618664577.0,0.0,car:3618664578:3618664577:0,22.827824949728488,356397419,,busway,,,,,,,,,
baseline,90,middle,shopping,car,car,car,7740.0,D_0007004,28,78,3618664577.0,295518649.0,0.0,car:3618664577:295518649:0,66.00585384341505,926765310,Avenida Protásio Alves,primary,,,,,,,,,
baseline,90,middle,shopping,car,car,car,7740.0,D_0007004,29,78,295518649.0,316033728.0,0.0,car:295518649:316033728:0,114.12799270997277,356396195,Avenida Protásio Alves,primary,,,,,,,,,
baseline,90,middle,shopping,car,car,car,7740.0,D_0007004,30,78,316033728.0,1538080640.0,0.0,car:316033728:1538080640:0,165.62315765790495,155446755,Avenida Protásio Alves,primary,,,,,,,,,
baseline,90,middle,shopping,car,car,car,7740.0,D_0007004,31,78,1538080640.0,295518915.0,0.0,car:1538080640:295518915:0,87.07926270795157,326368197,Avenida Protásio Alves,primary,,,,,,,,,
baseline,90,middle,shopping,car,car,car,7740.0,D_0007004,32,78,295518915.0,295518917.0,0.0,car:295518915:295518917:0,92.88983543631332,356396184|562103021,Avenida Protásio Alves,primary,,,,,,,,,
baseline,90,middle,shopping,car,car,car,7740.0,D_0007004,33,78,295518917.0,315740844.0,0.0,car:295518917:315740844:0,48.80429005371063,562103021,Avenida Protásio Alves,primary,,,,,,,,,
baseline,90,middle,shopping,car,car,car,7740.0,D_0007004,34,78,315740844.0,315764531.0,0.0,car:315740844:315764531:0,105.90641841470224,27344401,Avenida Carlos Gomes,primary,,,,,,,,,
baseline,90,middle,shopping,car,car,car,7740.0,D_0007004,35,78,315764531.0,300175534.0,0.0,car:315764531:300175534:0,182.33837313495917,906172376|27344401,Avenida Carlos Gomes,primary,,,,,,,,,
baseline,90,middle,shopping,car,car,car,7740.0,D_0007004,36,78,300175534.0,704777892.0,0.0,car:300175534:704777892:0,17.20923710367729,221134903,Avenida Carlos Gomes,primary,,,,,,,,,
baseline,90,middle,shopping,car,car,car,7740.0,D_0007004,37,78,704777892.0,300175538.0,0.0,car:704777892:300175538:0,135.0565449508303,925362734|221134903,Avenida Carlos Gomes,primary,,,,,,,,,
baseline,90,middle,shopping,car,car,car,7740.0,D_0007004,38,78,300175538.0,300175542.0,0.0,car:300175538:300175542:0,128.0711607776798,927837360|451652910,Avenida Carlos Gomes,primary,,,,,,,,,
baseline,90,middle,shopping,car,car,car,7740.0,D_0007004,39,78,300175542.0,300175871.0,0.0,car:300175542:300175871:0,418.3439679080607,451652910,Avenida Carlos Gomes,primary,,,,,,,,,
baseline,90,middle,shopping,car,car,car,7740.0,D_0007004,40,78,300175871.0,842801433.0,0.0,car:300175871:842801433:0,38.14295800418957,451652910,Avenida Carlos Gomes,primary,,,,,,,,,
baseline,90,middle,shopping,car,car,car,7740.0,D_0007004,41,78,842801433.0,300177969.0,0.0,car:842801433:300177969:0,54.9955726210617,451652910,Avenida Carlos Gomes,primary,,,,,,,,,
baseline,90,middle,shopping,car,car,car,7740.0,D_0007004,42,78,300177969.0,1145769289.0,0.0,car:300177969:1145769289:0,399.0476931747043,221134873|70639077|70639078,Avenida Carlos Gomes,primary,,,,,,,,,
baseline,90,middle,shopping,car,car,car,7740.0,D_0007004,43,78,1145769289.0,890864477.0,0.0,car:1145769289:890864477:0,30.734232767197863,221134869,Avenida Carlos Gomes,primary,,,,,,,,,
baseline,90,middle,shopping,car,car,car,7740.0,D_0007004,44,78,890864477.0,3618664162.0,0.0,car:890864477:3618664162:0,192.07786308647258,207255513,Avenida Carlos Gomes,primary,,,,,,,,,
baseline,90,middle,shopping,car,car,car,7740.0,D_0007004,45,78,3618664162.0,3618664157.0,0.0,car:3618664162:3618664157:0,27.879687609107947,472327578,Avenida Carlos Gomes,primary,,,,,,,,,
baseline,90,middle,shopping,car,car,car,7740.0,D_0007004,46,78,3618664157.0,309637257.0,0.0,car:3618664157:309637257:0,211.331561998345,472327579,Avenida Carlos Gomes,primary,,,,,,,,,
baseline,90,middle,shopping,car,car,car,7740.0,D_0007004,47,78,309637257.0,672302284.0,0.0,car:309637257:672302284:0,204.5121989244808,271374921,Avenida Carlos Gomes,primary,,,,,,,,,
baseline,90,middle,shopping,car,car,car,7740.0,D_0007004,48,78,672302284.0,300175052.0,0.0,car:672302284:300175052:0,21.897286363970316,56151960,Avenida Carlos Gomes,primary,,,,,,,,,
baseline,90,middle,shopping,car,car,car,7740.0,D_0007004,49,78,300175052.0,1139636435.0,0.0,car:300175052:1139636435:0,16.48078562172367,56151958,Avenida Plínio Brasil Milano,secondary,,,,,,,,,
baseline,90,middle,shopping,car,car,car,7740.0,D_0007004,50,78,1139636435.0,307524773.0,0.0,car:1139636435:307524773:0,11.803337522335905,56151958,Avenida Plínio Brasil Milano,secondary,,,,,,,,,
baseline,90,middle,shopping,car,car,car,7740.0,D_0007004,51,78,307524773.0,300175236.0,0.0,car:307524773:300175236:0,37.015456808098406,27696239,Avenida Plínio Brasil Milano,secondary,,,,,,,,,
baseline,90,middle,shopping,car,car,car,7740.0,D_0007004,52,78,300175236.0,672302253.0,0.0,car:300175236:672302253:0,90.13745052953523,930384966,Avenida Plínio Brasil Milano,secondary,,,,,,,,,
baseline,90,middle,shopping,car,car,car,7740.0,D_0007004,53,78,672302253.0,682213173.0,0.0,car:672302253:682213173:0,150.27218142129314,131905543,Rua Dom Pedro II,tertiary,,,,,,,,,
baseline,90,middle,shopping,car,car,car,7740.0,D_0007004,54,78,682213173.0,682213130.0,0.0,car:682213173:682213130:0,112.54270545579544,563121096,Rua Corcovado,residential,,,,,,,,,
baseline,90,middle,shopping,car,car,car,7740.0,D_0007004,55,78,682213130.0,682213312.0,0.0,car:682213130:682213312:0,97.1600412498958,28008019,Rua Corcovado,residential,,,,,,,,,
baseline,90,middle,shopping,car,car,car,7740.0,D_0007004,56,78,682213312.0,682213311.0,0.0,car:682213312:682213311:0,202.45325256111846,911020794,Rua Felicíssimo de Azevedo,residential,,,,,,,,,
baseline,90,middle,shopping,car,car,car,7740.0,D_0007004,57,78,682213311.0,682213306.0,0.0,car:682213311:682213306:0,147.79462931948092,405513269,Rua Felicíssimo de Azevedo,tertiary,,,,,,,,,
baseline,90,middle,shopping,car,car,car,7740.0,D_0007004,58,78,682213306.0,611067533.0,0.0,car:682213306:611067533:0,101.77079719075583,424585010,Avenida Cristóvão Colombo,secondary,,,,,,,,,
baseline,90,middle,shopping,car,car,car,7740.0,D_0007004,59,78,611067533.0,611067532.0,0.0,car:611067533:611067532:0,68.19803182557668,356395928,Avenida Cristóvão Colombo,secondary,,,,,,,,,
baseline,90,middle,shopping,car,car,car,7740.0,D_0007004,60,78,611067532.0,682213287.0,0.0,car:611067532:682213287:0,137.14897027894776,356395928,Avenida Cristóvão Colombo,secondary,,,,,,,,,
baseline,90,middle,shopping,car,car,car,7740.0,D_0007004,61,78,682213287.0,682213329.0,0.0,car:682213287:682213329:0,120.8726702464873,131856674,Avenida Cristóvão Colombo,secondary,,,,,,,,,
baseline,90,middle,shopping,car,car,car,7740.0,D_0007004,62,78,682213329.0,682213295.0,0.0,car:682213329:682213295:0,114.7655194982494,131856674,Avenida Cristóvão Colombo,secondary,,,,,,,,,
baseline,90,middle,shopping,car,car,car,7740.0,D_0007004,63,78,682213295.0,682213233.0,0.0,car:682213295:682213233:0,107.45901809725996,283273921,Avenida Cristóvão Colombo,secondary,,,,,,,,,
baseline,90,middle,shopping,car,car,car,7740.0,D_0007004,64,78,682213233.0,3618664045.0,0.0,car:682213233:3618664045:0,216.17351368255947,286947642,Avenida Cristóvão Colombo,secondary,,,,,,,,,
baseline,90,middle,shopping,car,car,car,7740.0,D_0007004,65,78,3618664045.0,4448586739.0,0.0,car:3618664045:4448586739:0,11.11921464668852,356395908,Avenida Cristóvão Colombo,secondary,,,,,,,,,
baseline,90,middle,shopping,car,car,car,7740.0,D_0007004,66,78,4448586739.0,837962079.0,0.0,car:4448586739:837962079:0,238.26965586355482,926794778|131397444,Avenida Cristóvão Colombo,secondary,,,,,,,,,
baseline,90,middle,shopping,car,car,car,7740.0,D_0007004,67,78,837962079.0,611925918.0,0.0,car:837962079:611925918:0,128.8089269968329,477174170|927850068,Avenida Cristóvão Colombo,secondary,,,,,,,,,
baseline,90,middle,shopping,car,car,car,7740.0,D_0007004,68,78,611925918.0,1876128087.0,0.0,car:611925918:1876128087:0,74.78400785046603,928474496|477174169,Avenida Cristóvão Colombo,secondary,,,,,,,,,
baseline,90,middle,shopping,car,car,car,7740.0,D_0007004,69,78,1876128087.0,837961969.0,0.0,car:1876128087:837961969:0,111.86153338872397,177160385,Avenida Cristóvão Colombo,secondary,,,,,,,,,
baseline,90,middle,shopping,car,car,car,7740.0,D_0007004,70,78,837961969.0,611925902.0,0.0,car:837961969:611925902:0,99.38939306587797,177160385,Avenida Cristóvão Colombo,secondary,,,,,,,,,
baseline,90,middle,shopping,car,car,car,7740.0,D_0007004,71,78,611925902.0,297834762.0,0.0,car:611925902:297834762:0,61.805861725050185,257981748,Avenida Cristóvão Colombo,secondary,,,,,,,,,
baseline,90,middle,shopping,car,car,car,7740.0,D_0007004,72,78,297834762.0,8417806906.0,0.0,car:297834762:8417806906:0,17.795331970122678,38128854,Rua Almirante Barroso,residential,,,,,,,,,
baseline,90,middle,shopping,car,car,car,7740.0,D_0007004,73,78,8417806906.0,611925923.0,0.0,car:8417806906:611925923:0,83.52400413217967,38128854,Rua Almirante Barroso,residential,,,,,,,,,
baseline,90,middle,shopping,car,car,car,7740.0,D_0007004,74,78,611925923.0,611925922.0,0.0,car:611925923:611925922:0,132.49820620421988,906505751,Rua Almirante Barroso,residential,,,,,,,,,
baseline,90,middle,shopping,car,car,car,7740.0,D_0007004,75,78,611925922.0,611927543.0,0.0,car:611925922:611927543:0,110.89912454701643,27317400,Rua São Carlos,residential,,,,,,,,,
baseline,90,middle,shopping,car,car,car,7740.0,D_0007004,76,78,611927543.0,611927544.0,0.0,car:611927543:611927544:0,97.02044948040101,27317400,Rua São Carlos,residential,,,,,,,,,
baseline,90,middle,shopping,car,car,car,7740.0,D_0007004,77,78,611927544.0,611946117.0,0.0,car:611927544:611946117:0,152.75613165034255,219150318,Rua São Carlos,residential,,,,,,,,,
baseline,96,middle,shopping,car,car,car,6109.0,D_0007757,0,93,433822113.0,822175725.0,0.0,car:433822113:822175725:0,78.55774467486535,244692902,Rua Ernesto Araujo,living_street,,,,,,,,,
baseline,96,middle,shopping,car,car,car,6109.0,D_0007757,1,93,822175725.0,848606512.0,0.0,car:822175725:848606512:0,274.3789039207611,219544635,Rua Martins de Lima,living_street,,,,,,,,,
baseline,96,middle,shopping,car,car,car,6109.0,D_0007757,2,93,848606512.0,822175655.0,0.0,car:848606512:822175655:0,56.58272643556279,219544635,Rua Martins de Lima,living_street,,,,,,,,,
baseline,96,middle,shopping,car,car,car,6109.0,D_0007757,3,93,822175655.0,684756084.0,0.0,car:822175655:684756084:0,217.26271700488886,219544635,Rua Martins de Lima,living_street,,,,,,,,,
baseline,96,middle,shopping,car,car,car,6109.0,D_0007757,4,93,684756084.0,684755994.0,0.0,car:684756084:684755994:0,282.75528825080585,219544637,Rua Martins de Lima,residential,,,,,,,,,
baseline,96,middle,shopping,car,car,car,6109.0,D_0007757,5,93,684755994.0,434835264.0,0.0,car:684755994:434835264:0,156.1842765876305,219544637,Rua Martins de Lima,residential,,,,,,,,,
baseline,96,middle,shopping,car,car,car,6109.0,D_0007757,6,93,434835264.0,434835267.0,0.0,car:434835264:434835267:0,60.13676310974269,219544637,Rua Martins de Lima,residential,,,,,,,,,
baseline,96,middle,shopping,car,car,car,6109.0,D_0007757,7,93,434835267.0,684756094.0,0.0,car:434835267:684756094:0,62.22520347312992,219544637,Rua Martins de Lima,residential,,,,,,,,,
baseline,96,middle,shopping,car,car,car,6109.0,D_0007757,8,93,684756094.0,621505645.0,0.0,car:684756094:621505645:0,97.41147597201591,219544650,Rua Primeiro de Março,residential,,,,,,,,,
baseline,96,middle,shopping,car,car,car,6109.0,D_0007757,9,93,621505645.0,621505642.0,0.0,car:621505645:621505642:0,91.50961433638585,219544652,Rua Primeiro de Março,residential,,,,,,,,,
baseline,96,middle,shopping,car,car,car,6109.0,D_0007757,10,93,621505642.0,621505626.0,0.0,car:621505642:621505626:0,277.023592848928,219544658,Rua Santa Maria,residential,,,,,,,,,
baseline,96,middle,shopping,car,car,car,6109.0,D_0007757,11,93,621505626.0,293823179.0,0.0,car:621505626:293823179:0,192.10921343411292,37017123,Rua Santa Maria,tertiary,,,,,,,,,
baseline,96,middle,shopping,car,car,car,6109.0,D_0007757,12,93,293823179.0,3618665096.0,0.0,car:293823179:3618665096:0,9.534119878689413,208804798,Rua Santa Maria,secondary,,,,,,,,,
baseline,96,middle,shopping,car,car,car,6109.0,D_0007757,13,93,3618665096.0,2190655940.0,0.0,car:3618665096:2190655940:0,8.632762542018861,208804798,Rua Santa Maria,secondary,,,,,,,,,
baseline,96,middle,shopping,car,car,car,6109.0,D_0007757,14,93,2190655940.0,684756092.0,0.0,car:2190655940:684756092:0,143.23102826176958,356396546,Rua Frei Germano,secondary,,,,,,,,,
baseline,96,middle,shopping,car,car,car,6109.0,D_0007757,15,93,684756092.0,312812025.0,0.0,car:684756092:312812025:0,179.3448976073153,356396546,Rua Frei Germano,secondary,,,,,,,,,
baseline,96,middle,shopping,car,car,car,6109.0,D_0007757,16,93,312812025.0,684756095.0,0.0,car:312812025:684756095:0,202.12151544030584,451653454,Rua Frei Germano,secondary,,,,,,,,,
baseline,96,middle,shopping,car,car,car,6109.0,D_0007757,17,93,684756095.0,312813293.0,0.0,car:684756095:312813293:0,111.38440057079178,504105911,Rua Frei Germano,secondary,,,,,,,,,
baseline,96,middle,shopping,car,car,car,6109.0,D_0007757,18,93,312813293.0,312801278.0,0.0,car:312813293:312801278:0,52.83033226780586,447918624|447918625|35774379,Rua Frei Germano,secondary,,,,,,,,,
baseline,96,middle,shopping,car,car,car,6109.0,D_0007757,19,93,312801278.0,331064844.0,0.0,car:312801278:331064844:0,119.55558869129723,30057217,Rua Frei Germano,secondary,,,,,,,,,
baseline,96,middle,shopping,car,car,car,6109.0,D_0007757,20,93,331064844.0,331064847.0,0.0,car:331064844:331064847:0,33.333083419869986,30057217,Rua Frei Germano,secondary,,,,,,,,,
baseline,96,middle,shopping,car,car,car,6109.0,D_0007757,21,93,331064847.0,295513151.0,0.0,car:331064847:295513151:0,182.94290081050116,30057254,Rua São Josemaría Escrivá,secondary,,,,,,,,,
baseline,96,middle,shopping,car,car,car,6109.0,D_0007757,22,93,295513151.0,489792017.0,0.0,car:295513151:489792017:0,196.13220397600145,924954958,Rua Professor Cristiano Fischer,secondary,,,,,,,,,
baseline,96,middle,shopping,car,car,car,6109.0,D_0007757,23,93,489792017.0,295514275.0,0.0,car:489792017:295514275:0,54.09657648327984,924954958,Rua Professor Cristiano Fischer,secondary,,,,,,,,,
baseline,96,middle,shopping,car,car,car,6109.0,D_0007757,24,93,295514275.0,295514277.0,0.0,car:295514275:295514277:0,79.37870062749964,924954958,Rua Professor Cristiano Fischer,secondary,,,,,,,,,
baseline,96,middle,shopping,car,car,car,6109.0,D_0007757,25,93,295514277.0,295514279.0,0.0,car:295514277:295514279:0,89.10382455302545,924954957,Rua Professor Cristiano Fischer,secondary,,,,,,,,,
baseline,96,middle,shopping,car,car,car,6109.0,D_0007757,26,93,295514279.0,295514280.0,0.0,car:295514279:295514280:0,86.52040369344772,924954956,Rua Professor Cristiano Fischer,secondary,,,,,,,,,
baseline,96,middle,shopping,car,car,car,6109.0,D_0007757,27,93,295514280.0,295514282.0,0.0,car:295514280:295514282:0,77.5477891310588,926885890,Rua Professor Cristiano Fischer,secondary,,,,,,,,,
baseline,96,middle,shopping,car,car,car,6109.0,D_0007757,28,93,295514282.0,295514285.0,0.0,car:295514282:295514285:0,72.28520369184031,926885890,Rua Professor Cristiano Fischer,secondary,,,,,,,,,
baseline,96,middle,shopping,car,car,car,6109.0,D_0007757,29,93,295514285.0,295514288.0,0.0,car:295514285:295514288:0,86.63492549970653,926885890,Rua Professor Cristiano Fischer,secondary,,,,,,,,,
baseline,96,middle,shopping,car,car,car,6109.0,D_0007757,30,93,295514288.0,2323718959.0,0.0,car:295514288:2323718959:0,18.289976257837296,926885890,Rua Professor Cristiano Fischer,secondary,,,,,,,,,
baseline,96,middle,shopping,car,car,car,6109.0,D_0007757,31,93,2323718959.0,295514290.0,0.0,car:2323718959:295514290:0,69.00009659387628,926885890,Rua Professor Cristiano Fischer,secondary,,,,,,,,,
baseline,96,middle,shopping,car,car,car,6109.0,D_0007757,32,93,295514290.0,295514295.0,0.0,car:295514290:295514295:0,180.59913798989928,924954955,Rua Professor Cristiano Fischer,secondary,,,,,,,,,
baseline,96,middle,shopping,car,car,car,6109.0,D_0007757,33,93,295514295.0,316033830.0,0.0,car:295514295:316033830:0,130.76325784794682,924959022,Rua Professor Cristiano Fischer,secondary,,,,,,,,,
baseline,96,middle,shopping,car,car,car,6109.0,D_0007757,34,93,316033830.0,12960480126.0,0.0,car:316033830:12960480126:0,64.36301519028203,924954954,Rua Professor Cristiano Fischer,secondary,,,,,,,,,
baseline,96,middle,shopping,car,car,car,6109.0,D_0007757,35,93,12960480126.0,316033766.0,0.0,car:12960480126:316033766:0,104.33965970422412,924954954,Rua Professor Cristiano Fischer,secondary,,,,,,,,,
baseline,96,middle,shopping,car,car,car,6109.0,D_0007757,36,93,316033766.0,2323718957.0,0.0,car:316033766:2323718957:0,189.0895399605823,924954953|274836582,Rua Professor Cristiano Fischer,secondary,,,,,,,,,
baseline,96,middle,shopping,car,car,car,6109.0,D_0007757,37,93,2323718957.0,8414999633.0,0.0,car:2323718957:8414999633:0,8.410137084980157,274836582,Rua Professor Cristiano Fischer,secondary,,,,,,,,,
baseline,96,middle,shopping,car,car,car,6109.0,D_0007757,38,93,8414999633.0,8414579645.0,0.0,car:8414999633:8414579645:0,164.60328217041464,274836582|924959023,Rua Professor Cristiano Fischer,secondary,,,,,,,,,
baseline,96,middle,shopping,car,car,car,6109.0,D_0007757,39,93,8414579645.0,2030160727.0,0.0,car:8414579645:2030160727:0,9.562965988660508,356396640,Rua Professor Cristiano Fischer,secondary,,,,,,,,,
baseline,96,middle,shopping,car,car,car,6109.0,D_0007757,40,93,2030160727.0,1538080626.0,0.0,car:2030160727:1538080626:0,19.98045280200308,356396640,Rua Professor Cristiano Fischer,secondary,,,,,,,,,
baseline,96,middle,shopping,car,car,car,6109.0,D_0007757,41,93,1538080626.0,2527526835.0,0.0,car:1538080626:2527526835:0,8.391343804550912,155446747,Rua Professor Cristiano Fischer,secondary,,,,,,,,,
baseline,96,middle,shopping,car,car,car,6109.0,D_0007757,42,93,2527526835.0,1538080640.0,0.0,car:2527526835:1538080640:0,8.402424353731783,155446747,Rua Professor Cristiano Fischer,secondary,,,,,,,,,
baseline,96,middle,shopping,car,car,car,6109.0,D_0007757,43,93,1538080640.0,295518915.0,0.0,car:1538080640:295518915:0,87.07926270795157,326368197,Avenida Protásio Alves,primary,,,,,,,,,
baseline,96,middle,shopping,car,car,car,6109.0,D_0007757,44,93,295518915.0,8603686605.0,0.0,car:295518915:8603686605:0,28.59355951017467,69743406,Rua Carlos Huber,secondary,,,,,,,,,
baseline,96,middle,shopping,car,car,car,6109.0,D_0007757,45,93,8603686605.0,316033619.0,0.0,car:8603686605:316033619:0,17.850314619639203,69743406,Rua Carlos Huber,secondary,,,,,,,,,
baseline,96,middle,shopping,car,car,car,6109.0,D_0007757,46,93,316033619.0,1286851481.0,0.0,car:316033619:1286851481:0,224.42730896449953,69743406,Rua Carlos Huber,secondary,,,,,,,,,
baseline,96,middle,shopping,car,car,car,6109.0,D_0007757,47,93,1286851481.0,1286851367.0,0.0,car:1286851481:1286851367:0,288.8705569372023,220814634|925359706,Rua Carlos Huber,secondary,,,,,,,,,
baseline,96,middle,shopping,car,car,car,6109.0,D_0007757,48,93,1286851367.0,715375261.0,0.0,car:1286851367:715375261:0,141.78002758350416,100706557,Rua Carlos Huber,secondary,,,,,,,,,
baseline,96,middle,shopping,car,car,car,6109.0,D_0007757,49,93,715375261.0,715375256.0,0.0,car:715375261:715375256:0,117.35174071282187,100706557,Rua Carlos Huber,secondary,,,,,,,,,
baseline,96,middle,shopping,car,car,car,6109.0,D_0007757,50,93,715375256.0,715375203.0,0.0,car:715375256:715375203:0,100.33520581248573,100706557,Rua Carlos Huber,secondary,,,,,,,,,
baseline,96,middle,shopping,car,car,car,6109.0,D_0007757,51,93,715375203.0,1139971884.0,0.0,car:715375203:1139971884:0,16.478645855290242,100706557,Rua Carlos Huber,secondary,,,,,,,,,
baseline,96,middle,shopping,car,car,car,6109.0,D_0007757,52,93,1139971884.0,298893013.0,0.0,car:1139971884:298893013:0,97.35415612211315,100706557,Rua Carlos Huber,secondary,,,,,,,,,
baseline,96,middle,shopping,car,car,car,6109.0,D_0007757,53,93,298893013.0,2447634704.0,0.0,car:298893013:2447634704:0,95.80385745202942,215346874,Rua Carlos Huber,secondary,,,,,,,,,
baseline,96,middle,shopping,car,car,car,6109.0,D_0007757,54,93,2447634704.0,2768814103.0,0.0,car:2447634704:2768814103:0,40.545473203199265,288143099,Rua Carlos Huber,secondary,,,,,,,,,
baseline,96,middle,shopping,car,car,car,6109.0,D_0007757,55,93,2768814103.0,2916935589.0,0.0,car:2768814103:2916935589:0,51.639226857523425,451653001,Rua Carlos Huber,secondary,,,,,,,,,
baseline,96,middle,shopping,car,car,car,6109.0,D_0007757,56,93,2916935589.0,2916935588.0,0.0,car:2916935589:2916935588:0,13.293389908530964,201389616,Avenida João Wallig,secondary,,,,,,,,,
baseline,96,middle,shopping,car,car,car,6109.0,D_0007757,57,93,2916935588.0,832669271.0,0.0,car:2916935588:832669271:0,63.77890314461066,201389616,Avenida João Wallig,secondary,,,,,,,,,
baseline,96,middle,shopping,car,car,car,6109.0,D_0007757,58,93,832669271.0,832669269.0,0.0,car:832669271:832669269:0,114.5419162249918,201389616,Avenida João Wallig,secondary,,,,,,,,,
baseline,96,middle,shopping,car,car,car,6109.0,D_0007757,59,93,832669269.0,308387056.0,0.0,car:832669269:308387056:0,115.89263864187913,201389616,Avenida João Wallig,secondary,,,,,,,,,
baseline,96,middle,shopping,car,car,car,6109.0,D_0007757,60,93,308387056.0,1139969100.0,0.0,car:308387056:1139969100:0,39.90991302495846,28081561,Avenida João Wallig,secondary,,,,,,,,,
baseline,96,middle,shopping,car,car,car,6109.0,D_0007757,61,93,1139969100.0,4847871062.0,0.0,car:1139969100:4847871062:0,15.577344365576822,451653043,Avenida Doutor Nilo Peçanha,secondary,,,,,,,,,
baseline,96,middle,shopping,car,car,car,6109.0,D_0007757,62,93,4847871062.0,298896745.0,0.0,car:4847871062:298896745:0,34.73610664348228,451653043,Avenida Doutor Nilo Peçanha,secondary,,,,,,,,,
baseline,96,middle,shopping,car,car,car,6109.0,D_0007757,63,93,298896745.0,489916711.0,0.0,car:298896745:489916711:0,69.46353008184467,356396072,Avenida Doutor Nilo Peçanha,secondary,,,,,,,,,
baseline,96,middle,shopping,car,car,car,6109.0,D_0007757,64,93,489916711.0,842816491.0,0.0,car:489916711:842816491:0,40.054465970869174,356396072,Avenida Doutor Nilo Peçanha,secondary,,,,,,,,,
baseline,96,middle,shopping,car,car,car,6109.0,D_0007757,65,93,842816491.0,296022173.0,0.0,car:842816491:296022173:0,18.429684105697135,70639367,Rua Antônio Carlos Berta,secondary,,,,,,,,,
baseline,96,middle,shopping,car,car,car,6109.0,D_0007757,66,93,296022173.0,1139972475.0,0.0,car:296022173:1139972475:0,22.642287117772128,27209405|492814071,Rua Antônio Carlos Berta,secondary,,,,,,,,,
baseline,96,middle,shopping,car,car,car,6109.0,D_0007757,67,93,1139972475.0,1140165323.0,0.0,car:1139972475:1140165323:0,83.05006466825898,451653238,Rua Antônio Carlos Berta,secondary,,,,,,,,,
baseline,96,middle,shopping,car,car,car,6109.0,D_0007757,68,93,1140165323.0,298933775.0,0.0,car:1140165323:298933775:0,369.9110243595409,451653238,Rua Antônio Carlos Berta,secondary,,,,,,,,,
baseline,96,middle,shopping,car,car,car,6109.0,D_0007757,69,93,298933775.0,308427297.0,0.0,car:298933775:308427297:0,89.84476520695473,451653238,Rua Antônio Carlos Berta,secondary,,,,,,,,,
baseline,96,middle,shopping,car,car,car,6109.0,D_0007757,70,93,308427297.0,308427352.0,0.0,car:308427297:308427352:0,12.890965607322117,28083862,Rua Thadeu Onar,secondary,,,,,,,,,
baseline,96,middle,shopping,car,car,car,6109.0,D_0007757,71,93,308427352.0,471017100.0,0.0,car:308427352:471017100:0,181.3127116673842,699733542|27209494,Rua Thadeu Onar,secondary,,,,,,,,,
baseline,96,middle,shopping,car,car,car,6109.0,D_0007757,72,93,471017100.0,2871598479.0,0.0,car:471017100:2871598479:0,75.78168628910443,356396489,Rua Coronel Francisco Bitencourt,secondary,,,,,,,,,
baseline,96,middle,shopping,car,car,car,6109.0,D_0007757,73,93,2871598479.0,2871598476.0,0.0,car:2871598479:2871598476:0,13.053831932223568,356396490,Rua Coronel Francisco Bitencourt,secondary,,,,,,,,,
baseline,96,middle,shopping,car,car,car,6109.0,D_0007757,74,93,2871598476.0,2871598477.0,0.0,car:2871598476:2871598477:0,9.076406847668581,283272904,Rua Doutor Ari Ramos de Lima,secondary,,,,,,,,,
baseline,96,middle,shopping,car,car,car,6109.0,D_0007757,75,93,2871598477.0,2435367878.0,0.0,car:2871598477:2435367878:0,101.25836864170319,27209646,Rua Doutor Ari Ramos de Lima,secondary,,,,,,,,,
baseline,96,middle,shopping,car,car,car,6109.0,D_0007757,76,93,2435367878.0,308427758.0,0.0,car:2435367878:308427758:0,82.09536534376484,28083878,Rua Affonso Celso Pupe da Silveira,secondary,,,,,,,,,
baseline,96,middle,shopping,car,car,car,6109.0,D_0007757,77,93,308427758.0,2435367863.0,0.0,car:308427758:2435367863:0,81.01557629028419,28083878,Rua Affonso Celso Pupe da Silveira,secondary,,,,,,,,,
baseline,96,middle,shopping,car,car,car,6109.0,D_0007757,78,93,2435367863.0,1231762424.0,0.0,car:2435367863:1231762424:0,328.7621370439605,243159209,Rua Antônio Joaquim Mesquita,secondary,,,,,,,,,
baseline,96,middle,shopping,car,car,car,6109.0,D_0007757,79,93,1231762424.0,2328387923.0,0.0,car:1231762424:2328387923:0,194.7949709296444,454586913,Rua Antônio Joaquim Mesquita,secondary,,,,,,,,,
baseline,96,middle,shopping,car,car,car,6109.0,D_0007757,80,93,2328387923.0,2328387872.0,0.0,car:2328387923:2328387872:0,28.512271589773007,454586913,Rua Antônio Joaquim Mesquita,secondary,,,,,,,,,
baseline,96,middle,shopping,car,car,car,6109.0,D_0007757,81,93,2328387872.0,2328387845.0,0.0,car:2328387872:2328387845:0,14.808616699991887,284329733,Rua Antônio Joaquim Mesquita,secondary,,,,,,,,,
baseline,96,middle,shopping,car,car,car,6109.0,D_0007757,82,93,2328387845.0,298580136.0,0.0,car:2328387845:298580136:0,216.46332319395037,223941671,Rua Antônio Joaquim Mesquita,secondary,,,,,,,,,
baseline,96,middle,shopping,car,car,car,6109.0,D_0007757,83,93,298580136.0,3618663805.0,0.0,car:298580136:3618663805:0,6.621168956992671,283272537,Rua Antônio Joaquim Mesquita,secondary,,,,,,,,,
baseline,96,middle,shopping,car,car,car,6109.0,D_0007757,84,93,3618663805.0,3618663800.0,0.0,car:3618663805:3618663800:0,9.93507208695413,283272537|541933569,Rua Antônio Joaquim Mesquita,secondary,,,,,,,,,
baseline,96,middle,shopping,car,car,car,6109.0,D_0007757,85,93,3618663800.0,297129360.0,0.0,car:3618663800:297129360:0,5.513691438986704,541933569,Rua Antônio Joaquim Mesquita,secondary,,,,,,,,,
baseline,96,middle,shopping,car,car,car,6109.0,D_0007757,86,93,297129360.0,939215056.0,0.0,car:297129360:939215056:0,11.41689043974579,451652877,Avenida Assis Brasil,secondary,,,,,,,,,
baseline,96,middle,shopping,car,car,car,6109.0,D_0007757,87,93,939215056.0,832747158.0,0.0,car:939215056:832747158:0,107.22725479370807,82210400,Rua Enes Bandeira,tertiary,,,,,,,,,
baseline,96,middle,shopping,car,car,car,6109.0,D_0007757,88,93,832747158.0,832747154.0,0.0,car:832747158:832747154:0,132.0112466712071,29046165,Rua Tupinambá,residential,,,,,,,,,
baseline,96,middle,shopping,car,car,car,6109.0,D_0007757,89,93,832747154.0,832747144.0,0.0,car:832747154:832747144:0,130.81441803754126,29046165,Rua Tupinambá,residential,,,,,,,,,
baseline,96,middle,shopping,car,car,car,6109.0,D_0007757,90,93,832747144.0,832747141.0,0.0,car:832747144:832747141:0,34.223768054368705,451653480,Rua Itararé,residential,,,,,,,,,
baseline,96,middle,shopping,car,car,car,6109.0,D_0007757,91,93,832747141.0,954735043.0,0.0,car:832747141:954735043:0,107.38920394261673,29046162,Rua Brito Peixoto,residential,,,,,,,,,
baseline,96,middle,shopping,car,car,car,6109.0,D_0007757,92,93,954735043.0,954735036.0,0.0,car:954735043:954735036:0,10.988817296414627,223077111,Rua Brito Peixoto,residential,,,,,,,,,
baseline,98,middle,leisure,bike,bike,bike,2112.0,D_0002218,0,60,330036416.0,660829438.0,0.0,bike:330036416:660829438:0,105.61281516804856,1282327694,Rua Barbedo,tertiary,,,,,,,,,
baseline,98,middle,leisure,bike,bike,bike,2112.0,D_0002218,1,60,660829438.0,523023487.0,0.0,bike:660829438:523023487:0,75.6026533857729,229187794,Rua Barbedo,tertiary,,,,,,,,,
baseline,98,middle,leisure,bike,bike,bike,2112.0,D_0002218,2,60,523023487.0,445842372.0,0.0,bike:523023487:445842372:0,42.1423701206095,229187794,Rua Barbedo,tertiary,,,,,,,,,
baseline,98,middle,leisure,bike,bike,bike,2112.0,D_0002218,3,60,445842372.0,523023363.0,0.0,bike:445842372:523023363:0,31.849453582861013,229187794,Rua Barbedo,tertiary,,,,,,,,,
baseline,98,middle,leisure,bike,bike,bike,2112.0,D_0002218,4,60,523023363.0,2378129018.0,0.0,bike:523023363:2378129018:0,86.34182216475381,229187794,Rua Barbedo,tertiary,,,,,,,,,
baseline,98,middle,leisure,bike,bike,bike,2112.0,D_0002218,5,60,2378129018.0,2378129016.0,0.0,bike:2378129018:2378129016:0,12.174043570055714,924520558,,secondary_link,,,,,,,,,
baseline,98,middle,leisure,bike,bike,bike,2112.0,D_0002218,6,60,2378129016.0,8474280306.0,0.0,bike:2378129016:8474280306:0,73.96640832421156,923478228,Avenida Getúlio Vargas,secondary,,,,,,,,,
baseline,98,middle,leisure,bike,bike,bike,2112.0,D_0002218,7,60,8474280306.0,6162666716.0,0.0,bike:8474280306:6162666716:0,48.66879995284444,923478228,Avenida Getúlio Vargas,secondary,,,,,,,,,
baseline,98,middle,leisure,bike,bike,bike,2112.0,D_0002218,8,60,6162666716.0,523022913.0,0.0,bike:6162666716:523022913:0,132.65108768352707,923478228,Avenida Getúlio Vargas,secondary,,,,,,,,,
baseline,98,middle,leisure,bike,bike,bike,2112.0,D_0002218,9,60,523022913.0,9004064304.0,0.0,bike:523022913:9004064304:0,1.6237781460262677,923478228,Avenida Getúlio Vargas,secondary,,,,,,,,,
baseline,98,middle,leisure,bike,bike,bike,2112.0,D_0002218,10,60,9004064304.0,2378129010.0,0.0,bike:9004064304:2378129010:0,6.0466247916800695,923478228,Avenida Getúlio Vargas,secondary,,,,,,,,,
baseline,98,middle,leisure,bike,bike,bike,2112.0,D_0002218,11,60,2378129010.0,312819707.0,0.0,bike:2378129010:312819707:0,103.4193530353024,923478228,Avenida Getúlio Vargas,secondary,,,,,,,,,
baseline,98,middle,leisure,bike,bike,bike,2112.0,D_0002218,12,60,312819707.0,312819709.0,0.0,bike:312819707:312819709:0,153.05796591019853,220083135,Rua Botafogo,tertiary,,,,,,,,,
baseline,98,middle,leisure,bike,bike,bike,2112.0,D_0002218,13,60,312819709.0,2440804543.0,0.0,bike:312819709:2440804543:0,129.3574718298547,220083135,Rua Botafogo,tertiary,,,,,,,,,
baseline,98,middle,leisure,bike,bike,bike,2112.0,D_0002218,14,60,2440804543.0,5416366159.0,0.0,bike:2440804543:5416366159:0,2.8144809290446,220083135,Rua Botafogo,tertiary,,,,,,,,,
baseline,98,middle,leisure,bike,bike,bike,2112.0,D_0002218,15,60,5416366159.0,312819711.0,0.0,bike:5416366159:312819711:0,93.2886897532242,220083135,Rua Botafogo,tertiary,,,,,,,,,
baseline,98,middle,leisure,bike,bike,bike,2112.0,D_0002218,16,60,312819711.0,1172683750.0,0.0,bike:312819711:1172683750:0,8.715096435758408,131975115,Rua Botafogo,tertiary,,,,,,,,,
baseline,98,middle,leisure,bike,bike,bike,2112.0,D_0002218,17,60,1172683750.0,312819713.0,0.0,bike:1172683750:312819713:0,8.55974270819358,131975115,Rua Botafogo,tertiary,,,,,,,,,
baseline,98,middle,leisure,bike,bike,bike,2112.0,D_0002218,18,60,312819713.0,12603445033.0,0.0,bike:312819713:12603445033:0,48.962482271990396,131975115,Rua Botafogo,tertiary,,,,,,,,,
baseline,98,middle,leisure,bike,bike,bike,2112.0,D_0002218,19,60,12603445033.0,312819715.0,0.0,bike:12603445033:312819715:0,96.21092122824035,131975115,Rua Botafogo,tertiary,,,,,,,,,
baseline,98,middle,leisure,bike,bike,bike,2112.0,D_0002218,20,60,312819715.0,12603375085.0,0.0,bike:312819715:12603375085:0,126.71151654254633,131975115,Rua Botafogo,tertiary,,,,,,,,,
baseline,98,middle,leisure,bike,bike,bike,2112.0,D_0002218,21,60,12603375085.0,316034157.0,0.0,bike:12603375085:316034157:0,15.578525524176433,131975115,Rua Botafogo,tertiary,,,,,,,,,
baseline,98,middle,leisure,bike,bike,bike,2112.0,D_0002218,22,60,316034157.0,314620958.0,0.0,bike:316034157:314620958:0,58.324166810755145,131975115,Rua Botafogo,tertiary,,,,,,,,,
baseline,98,middle,leisure,bike,bike,bike,2112.0,D_0002218,23,60,314620958.0,317783762.0,0.0,bike:314620958:317783762:0,10.766145520900604,219726623,Rua Botafogo,tertiary,,,,,,,,,
baseline,98,middle,leisure,bike,bike,bike,2112.0,D_0002218,24,60,317783762.0,9009199269.0,0.0,bike:317783762:9009199269:0,52.336995713112486,219726617,Avenida da Azenha,secondary,,,,,,,,,
baseline,98,middle,leisure,bike,bike,bike,2112.0,D_0002218,25,60,9009199269.0,1172814314.0,0.0,bike:9009199269:1172814314:0,79.92496748087565,219726617,Avenida da Azenha,secondary,,,,,,,,,
baseline,98,middle,leisure,bike,bike,bike,2112.0,D_0002218,26,60,1172814314.0,317782036.0,0.0,bike:1172814314:317782036:0,344.0457740694998,219726617,Avenida da Azenha,secondary,,,,,,,,,
baseline,98,middle,leisure,bike,bike,bike,2112.0,D_0002218,27,60,317782036.0,314621202.0,0.0,bike:317782036:314621202:0,46.17910507324229,27925230,Avenida Princesa Isabel,secondary,,,,,,,,,
baseline,98,middle,leisure,bike,bike,bike,2112.0,D_0002218,28,60,314621202.0,2375694298.0,0.0,bike:314621202:2375694298:0,40.04962745086743,356396118,Avenida Princesa Isabel,secondary,,,,,,,,,
baseline,98,middle,leisure,bike,bike,bike,2112.0,D_0002218,29,60,2375694298.0,2220744768.0,0.0,bike:2375694298:2220744768:0,222.3232662915066,356395830,Avenida Bento Gonçalves,primary,,,,,,,,,
baseline,98,middle,leisure,bike,bike,bike,2112.0,D_0002218,30,60,2220744768.0,8583344874.0,0.0,bike:2220744768:8583344874:0,122.5457887067657,356395830,Avenida Bento Gonçalves,primary,,,,,,,,,
baseline,98,middle,leisure,bike,bike,bike,2112.0,D_0002218,31,60,8583344874.0,317783169.0,0.0,bike:8583344874:317783169:0,6.177807703264711,924850129,Avenida Bento Gonçalves,primary,,,,,,,,,
baseline,98,middle,leisure,bike,bike,bike,2112.0,D_0002218,32,60,317783169.0,294901773.0,0.0,bike:317783169:294901773:0,102.54776543909071,326126498,Avenida Bento Gonçalves,primary,,,,,,,,,
baseline,98,middle,leisure,bike,bike,bike,2112.0,D_0002218,33,60,294901773.0,432610573.0,0.0,bike:294901773:432610573:0,108.2824199139391,326126498,Avenida Bento Gonçalves,primary,,,,,,,,,
baseline,98,middle,leisure,bike,bike,bike,2112.0,D_0002218,34,60,432610573.0,314623361.0,0.0,bike:432610573:314623361:0,118.9467489431792,131985983,Avenida Bento Gonçalves,primary,,,,,,,,,
baseline,98,middle,leisure,bike,bike,bike,2112.0,D_0002218,35,60,314623361.0,294902961.0,0.0,bike:314623361:294902961:0,150.4750909459624,131985983,Avenida Bento Gonçalves,primary,,,,,,,,,
baseline,98,middle,leisure,bike,bike,bike,2112.0,D_0002218,36,60,294902961.0,846081160.0,0.0,bike:294902961:846081160:0,72.48985917814852,356395788,Avenida Bento Gonçalves,primary,,,,,,,,,
baseline,98,middle,leisure,bike,bike,bike,2112.0,D_0002218,37,60,846081160.0,317775520.0,0.0,bike:846081160:317775520:0,79.15499704949231,451652897,Avenida Bento Gonçalves,primary,,,,,,,,,
baseline,98,middle,leisure,bike,bike,bike,2112.0,D_0002218,38,60,317775520.0,5379597013.0,0.0,bike:317775520:5379597013:0,41.495117677626965,223080052,Avenida Bento Gonçalves,primary,,,,,,,,,
baseline,98,middle,leisure,bike,bike,bike,2112.0,D_0002218,39,60,5379597013.0,294902967.0,0.0,bike:5379597013:294902967:0,137.35867783222963,223080052,Avenida Bento Gonçalves,primary,,,,,,,,,
baseline,98,middle,leisure,bike,bike,bike,2112.0,D_0002218,40,60,294902967.0,3618664850.0,0.0,bike:294902967:3618664850:0,28.010657602320975,356397580,,busway,,,,,,,,,
baseline,98,middle,leisure,bike,bike,bike,2112.0,D_0002218,41,60,3618664850.0,313255919.0,0.0,bike:3618664850:313255919:0,34.29976215584105,356397004,,busway,,,,,,,,,
baseline,98,middle,leisure,bike,bike,bike,2112.0,D_0002218,42,60,313255919.0,313255894.0,0.0,bike:313255919:313255894:0,58.097463766342095,350280506,Rua Luiz de Camões,tertiary,,,,,,,,,
baseline,98,middle,leisure,bike,bike,bike,2112.0,D_0002218,43,60,313255894.0,319530529.0,0.0,bike:313255894:319530529:0,176.39588273925315,350280506,Rua Luiz de Camões,tertiary,,,,,,,,,
baseline,98,middle,leisure,bike,bike,bike,2112.0,D_0002218,44,60,319530529.0,313255704.0,0.0,bike:319530529:313255704:0,180.61045278223835,219433134,Rua Luiz de Camões,residential,,,,,,,,,
baseline,98,middle,leisure,bike,bike,bike,2112.0,D_0002218,45,60,313255704.0,306532201.0,0.0,bike:313255704:306532201:0,156.28300275891868,219433134|27806519,Rua Luiz de Camões,residential,,,,,,,,,
baseline,98,middle,leisure,bike,bike,bike,2112.0,D_0002218,46,60,306532201.0,8427668578.0,0.0,bike:306532201:8427668578:0,94.8639022627588,219433122,Rua Livramento,residential,,,,,,,,,
baseline,98,middle,leisure,bike,bike,bike,2112.0,D_0002218,47,60,8427668578.0,2519374402.0,0.0,bike:8427668578:2519374402:0,5.7553549598586935,220083142,Rua Euclides da Cunha,tertiary,,,,,,,,,
baseline,98,middle,leisure,bike,bike,bike,2112.0,D_0002218,48,60,2519374402.0,2379129767.0,0.0,bike:2519374402:2379129767:0,66.34744280499443,41185866,Rua Euclides da Cunha,tertiary,,,,,,,,,
baseline,98,middle,leisure,bike,bike,bike,2112.0,D_0002218,49,60,2379129767.0,2379649958.0,0.0,bike:2379129767:2379649958:0,41.47176746090284,229354744|925257088|229354742,,tertiary,,,,,,,,,
baseline,98,middle,leisure,bike,bike,bike,2112.0,D_0002218,50,60,2379649958.0,295145361.0,0.0,bike:2379649958:295145361:0,9.190831745885506,229354745,,tertiary,,,,,,,,,
baseline,98,middle,leisure,bike,bike,bike,2112.0,D_0002218,51,60,295145361.0,2281626992.0,0.0,bike:295145361:2281626992:0,27.919707215264363,27370349,Rua La Plata,tertiary,,,,,,,,,
baseline,98,middle,leisure,bike,bike,bike,2112.0,D_0002218,52,60,2281626992.0,312737717.0,0.0,bike:2281626992:312737717:0,93.8301219336544,27370349,Rua La Plata,tertiary,,,,,,,,,
baseline,98,middle,leisure,bike,bike,bike,2112.0,D_0002218,53,60,312737717.0,312623297.0,0.0,bike:312737717:312623297:0,158.8244615706755,218958719,Rua La Plata,tertiary,,,,,,,,,
baseline,98,middle,leisure,bike,bike,bike,2112.0,D_0002218,54,60,312623297.0,312623223.0,0.0,bike:312623297:312623223:0,70.09232285790291,218958719,Rua La Plata,tertiary,,,,,,,,,
baseline,98,middle,leisure,bike,bike,bike,2112.0,D_0002218,55,60,312623223.0,312623036.0,0.0,bike:312623223:312623036:0,47.39036839332468,218958719,Rua La Plata,tertiary,,,,,,,,,
baseline,98,middle,leisure,bike,bike,bike,2112.0,D_0002218,56,60,312623036.0,312621089.0,0.0,bike:312623036:312621089:0,109.50787992722006,218958719,Rua La Plata,tertiary,,,,,,,,,
baseline,98,middle,leisure,bike,bike,bike,2112.0,D_0002218,57,60,312621089.0,312621243.0,0.0,bike:312621089:312621243:0,122.7504667983645,451653273,Rua Buenos Aires,residential,,,,,,,,,
baseline,98,middle,leisure,bike,bike,bike,2112.0,D_0002218,58,60,312621243.0,312622122.0,0.0,bike:312621243:312622122:0,105.30998368228897,121182734,Rua Valparaíso,residential,,,,,,,,,
baseline,98,middle,leisure,bike,bike,bike,2112.0,D_0002218,59,60,312622122.0,312589319.0,0.0,bike:312622122:312589319:0,104.89086976608296,393404750,Rua Valparaíso,residential,,,,,,,,,
baseline,100,low,education,car,car,car,6940.0,D_0000965,0,64,319118339.0,319118344.0,0.0,car:319118339:319118344:0,159.8529558100623,444341032|29017678,Rua Arnaldo Antônio Portaluppi,residential,,,,,,,,,
baseline,100,low,education,car,car,car,6940.0,D_0000965,1,64,319118344.0,319118139.0,0.0,car:319118344:319118139:0,65.29808271888788,29017657,Rua 28,living_street,,,,,,,,,
baseline,100,low,education,car,car,car,6940.0,D_0000965,2,64,319118139.0,2884499567.0,0.0,car:319118139:2884499567:0,116.10538719873264,29017657,Rua 28,living_street,,,,,,,,,
baseline,100,low,education,car,car,car,6940.0,D_0000965,3,64,2884499567.0,3080540689.0,0.0,car:2884499567:3080540689:0,117.1135822394074,284739969,,unclassified,,,,,,,,,
baseline,100,low,education,car,car,car,6940.0,D_0000965,4,64,3080540689.0,2073429573.0,0.0,car:3080540689:2073429573:0,186.96310679935485,327282617,Rua Ary Burger,residential,,,,,,,,,
baseline,100,low,education,car,car,car,6940.0,D_0000965,5,64,2073429573.0,314662131.0,0.0,car:2073429573:314662131:0,237.45834016179413,471814876,Avenida Joaquim Porto Villanova,tertiary,,,,,,,,,
baseline,100,low,education,car,car,car,6940.0,D_0000965,6,64,314662131.0,8427637765.0,0.0,car:314662131:8427637765:0,132.5099524750249,35774378|471814876,Avenida Joaquim Porto Villanova,tertiary,,,,,,,,,
baseline,100,low,education,car,car,car,6940.0,D_0000965,7,64,8427637765.0,293823489.0,0.0,car:8427637765:293823489:0,26.992934078023,35774378,Avenida Joaquim Porto Villanova,tertiary,,,,,,,,,
baseline,100,low,education,car,car,car,6940.0,D_0000965,8,64,293823489.0,293538364.0,0.0,car:293823489:293538364:0,52.857910588641076,471814872|356396032|471814874|927931452,Avenida Joaquim Porto Villanova,tertiary,,,,,,,,,
baseline,100,low,education,car,car,car,6940.0,D_0000965,9,64,293538364.0,312802333.0,0.0,car:293538364:312802333:0,176.11047897010116,927886434,Avenida Ipiranga,secondary,,,,,,,,,
baseline,100,low,education,car,car,car,6940.0,D_0000965,10,64,312802333.0,2288379546.0,0.0,car:312802333:2288379546:0,172.58650317024762,927886434,Avenida Ipiranga,secondary,,,,,,,,,
baseline,100,low,education,car,car,car,6940.0,D_0000965,11,64,2288379546.0,312802358.0,0.0,car:2288379546:312802358:0,11.615941572592684,927886434,Avenida Ipiranga,secondary,,,,,,,,,
baseline,100,low,education,car,car,car,6940.0,D_0000965,12,64,312802358.0,312802438.0,0.0,car:312802358:312802438:0,168.94622311429913,477741051,Avenida Ipiranga,secondary,,,,,,,,,
baseline,100,low,education,car,car,car,6940.0,D_0000965,13,64,312802438.0,312802564.0,0.0,car:312802438:312802564:0,206.04104617116323,477741051,Avenida Ipiranga,secondary,,,,,,,,,
baseline,100,low,education,car,car,car,6940.0,D_0000965,14,64,312802564.0,312802495.0,0.0,car:312802564:312802495:0,203.75601306642875,477741051,Avenida Ipiranga,secondary,,,,,,,,,
baseline,100,low,education,car,car,car,6940.0,D_0000965,15,64,312802495.0,305313377.0,0.0,car:312802495:305313377:0,151.09983664454887,477741051,Avenida Ipiranga,secondary,,,,,,,,,
baseline,100,low,education,car,car,car,6940.0,D_0000965,16,64,305313377.0,312802577.0,0.0,car:305313377:312802577:0,149.4738515418525,451652984,Avenida Ipiranga,secondary,,,,,,,,,
baseline,100,low,education,car,car,car,6940.0,D_0000965,17,64,312802577.0,294916851.0,0.0,car:312802577:294916851:0,115.78569587051359,451652984,Avenida Ipiranga,secondary,,,,,,,,,
baseline,100,low,education,car,car,car,6940.0,D_0000965,18,64,294916851.0,294918390.0,0.0,car:294916851:294918390:0,114.26042374867649,929824296|398437794|1292265383,Avenida Antônio de Carvalho,secondary,,,,,,,,,
baseline,100,low,education,car,car,car,6940.0,D_0000965,19,64,294918390.0,294917944.0,0.0,car:294918390:294917944:0,34.277081087622676,451652865|1292265361,Avenida Antônio de Carvalho,secondary,,,,,,,,,
baseline,100,low,education,car,car,car,6940.0,D_0000965,20,64,294917944.0,3618665293.0,0.0,car:294917944:3618665293:0,23.28450842582847,356395715,,primary_link,,,,,,,,,
baseline,100,low,education,car,car,car,6940.0,D_0000965,21,64,3618665293.0,2418694083.0,0.0,car:3618665293:2418694083:0,123.58074430796249,356398121,Corredor de Transporte Coletivo Bento Gonçalves,busway,,,,,,,,,
baseline,100,low,education,car,car,car,6940.0,D_0000965,22,64,2418694083.0,3618665306.0,0.0,car:2418694083:3618665306:0,78.63635002830172,356396906,Corredor de Transporte Coletivo Bento Gonçalves,busway,,,,,,,,,
baseline,100,low,education,car,car,car,6940.0,D_0000965,23,64,3618665306.0,3618665309.0,0.0,car:3618665306:3618665309:0,28.46858626047423,356397765,Corredor de Transporte Coletivo Bento Gonçalves,busway,,,,,,,,,
baseline,100,low,education,car,car,car,6940.0,D_0000965,24,64,3618665309.0,3618665311.0,0.0,car:3618665309:3618665311:0,24.16375797667794,356397765,Corredor de Transporte Coletivo Bento Gonçalves,busway,,,,,,,,,
baseline,100,low,education,car,car,car,6940.0,D_0000965,25,64,3618665311.0,1397395502.0,0.0,car:3618665311:1397395502:0,100.4752700055273,356397610,Corredor de Transporte Coletivo Bento Gonçalves,busway,,,,,,,,,
baseline,100,low,education,car,car,car,6940.0,D_0000965,26,64,1397395502.0,3618665319.0,0.0,car:1397395502:3618665319:0,83.75684012817176,356397610,Corredor de Transporte Coletivo Bento Gonçalves,busway,,,,,,,,,
baseline,100,low,education,car,car,car,6940.0,D_0000965,27,64,3618665319.0,3618665364.0,0.0,car:3618665319:3618665364:0,618.4393556961722,356397610,Corredor de Transporte Coletivo Bento Gonçalves,busway,,,,,,,,,
baseline,100,low,education,car,car,car,6940.0,D_0000965,28,64,3618665364.0,3618665428.0,0.0,car:3618665364:3618665428:0,472.92712136256927,356397610,Corredor de Transporte Coletivo Bento Gonçalves,busway,,,,,,,,,
baseline,100,low,education,car,car,car,6940.0,D_0000965,29,64,3618665428.0,1397396239.0,0.0,car:3618665428:1397396239:0,588.5483952411566,356397610|500493330,Corredor de Transporte Coletivo Bento Gonçalves,busway,,,,,,,,,
baseline,100,low,education,car,car,car,6940.0,D_0000965,30,64,1397396239.0,293822896.0,0.0,car:1397396239:293822896:0,107.37858883902132,125935704,,busway,,,,,,,,,
baseline,100,low,education,car,car,car,6940.0,D_0000965,31,64,293822896.0,293823569.0,0.0,car:293822896:293823569:0,84.6267214261273,1292265368|40451125,,primary_link,,,,,,,,,
baseline,100,low,education,car,car,car,6940.0,D_0000965,32,64,293823569.0,1413132523.0,0.0,car:293823569:1413132523:0,878.547680289471,928643488|327890529|327890533|454586910|928643486|928643487,Estrada João de Oliveira Remião,secondary,,,,,,,,,
baseline,100,low,education,car,car,car,6940.0,D_0000965,33,64,1413132523.0,8696763269.0,0.0,car:1413132523:8696763269:0,436.74602959327837,327890553,Estrada João de Oliveira Remião,secondary,,,,,,,,,
baseline,100,low,education,car,car,car,6940.0,D_0000965,34,64,8696763269.0,8696763266.0,0.0,car:8696763269:8696763266:0,16.334016152961482,327890553,Estrada João de Oliveira Remião,secondary,,,,,,,,,
baseline,100,low,education,car,car,car,6940.0,D_0000965,35,64,8696763266.0,298270429.0,0.0,car:8696763266:298270429:0,199.67225195609035,327890553,Estrada João de Oliveira Remião,secondary,,,,,,,,,
baseline,100,low,education,car,car,car,6940.0,D_0000965,36,64,298270429.0,4274816247.0,0.0,car:298270429:4274816247:0,14.85982472975111,327890553,Estrada João de Oliveira Remião,secondary,,,,,,,,,
baseline,100,low,education,car,car,car,6940.0,D_0000965,37,64,4274816247.0,298270431.0,0.0,car:4274816247:298270431:0,72.8806910303698,327890553,Estrada João de Oliveira Remião,secondary,,,,,,,,,
baseline,100,low,education,car,car,car,6940.0,D_0000965,38,64,298270431.0,8696713188.0,0.0,car:298270431:8696713188:0,104.18894623964346,327890538,Estrada João de Oliveira Remião,secondary,,,,,,,,,
baseline,100,low,education,car,car,car,6940.0,D_0000965,39,64,8696713188.0,1445891275.0,0.0,car:8696713188:1445891275:0,70.19735190703315,327890538,Estrada João de Oliveira Remião,secondary,,,,,,,,,
baseline,100,low,education,car,car,car,6940.0,D_0000965,40,64,1445891275.0,4467206882.0,0.0,car:1445891275:4467206882:0,91.20982948623451,327890538,Estrada João de Oliveira Remião,secondary,,,,,,,,,
baseline,100,low,education,car,car,car,6940.0,D_0000965,41,64,4467206882.0,1413162967.0,0.0,car:4467206882:1413162967:0,36.160754179452624,327890538,Estrada João de Oliveira Remião,secondary,,,,,,,,,
baseline,100,low,education,car,car,car,6940.0,D_0000965,42,64,1413162967.0,9003654335.0,0.0,car:1413162967:9003654335:0,48.685532108962086,327890530,Estrada João de Oliveira Remião,secondary,,,,,,,,,
baseline,100,low,education,car,car,car,6940.0,D_0000965,43,64,9003654335.0,6162667516.0,0.0,car:9003654335:6162667516:0,11.694061808415075,327890530,Estrada João de Oliveira Remião,secondary,,,,,,,,,
baseline,100,low,education,car,car,car,6940.0,D_0000965,44,64,6162667516.0,8599686728.0,0.0,car:6162667516:8599686728:0,287.83786121478545,327890530,Estrada João de Oliveira Remião,secondary,,,,,,,,,
baseline,100,low,education,car,car,car,6940.0,D_0000965,45,64,8599686728.0,1445900014.0,0.0,car:8599686728:1445900014:0,73.57330832788402,327890530,Estrada João de Oliveira Remião,secondary,,,,,,,,,
baseline,100,low,education,car,car,car,6940.0,D_0000965,46,64,1445900014.0,298271091.0,0.0,car:1445900014:298271091:0,128.4607098735946,327890544|927938781,Estrada João de Oliveira Remião,secondary,,,,,,,,,
baseline,100,low,education,car,car,car,6940.0,D_0000965,47,64,298271091.0,8608466697.0,0.0,car:298271091:8608466697:0,85.19596469439463,477789258|926794211,Estrada João de Oliveira Remião,secondary,,,,,,,,,
baseline,100,low,education,car,car,car,6940.0,D_0000965,48,64,8608466697.0,4467207800.0,0.0,car:8608466697:4467207800:0,13.621849537793278,926794210|926794211,Estrada João de Oliveira Remião,secondary,,,,,,,,,
baseline,100,low,education,car,car,car,6940.0,D_0000965,49,64,4467207800.0,298271093.0,0.0,car:4467207800:298271093:0,123.31764239307162,926794210,Estrada João de Oliveira Remião,secondary,,,,,,,,,
baseline,100,low,education,car,car,car,6940.0,D_0000965,50,64,298271093.0,2694668427.0,0.0,car:298271093:2694668427:0,346.40443878092526,327890531|327890540,Estrada João de Oliveira Remião,secondary,,,,,,,,,
baseline,100,low,education,car,car,car,6940.0,D_0000965,51,64,2694668427.0,8608501539.0,0.0,car:2694668427:8608501539:0,198.26025844385663,327890555,Estrada João de Oliveira Remião,secondary,,,,,,,,,
baseline,100,low,education,car,car,car,6940.0,D_0000965,52,64,8608501539.0,2655177236.0,0.0,car:8608501539:2655177236:0,13.581881057919107,327890555,Estrada João de Oliveira Remião,secondary,,,,,,,,,
baseline,100,low,education,car,car,car,6940.0,D_0000965,53,64,2655177236.0,8608501534.0,0.0,car:2655177236:8608501534:0,17.740061247253017,562317308,Estrada João de Oliveira Remião,secondary,,,,,,,,,
baseline,100,low,education,car,car,car,6940.0,D_0000965,54,64,8608501534.0,6159617615.0,0.0,car:8608501534:6159617615:0,158.469680313701,562317308,Estrada João de Oliveira Remião,secondary,,,,,,,,,
baseline,100,low,education,car,car,car,6940.0,D_0000965,55,64,6159617615.0,298271532.0,0.0,car:6159617615:298271532:0,437.2347555058768,562317308|653287566,Estrada João de Oliveira Remião,secondary,,,,,,,,,
baseline,100,low,education,car,car,car,6940.0,D_0000965,56,64,298271532.0,1445887106.0,0.0,car:298271532:1445887106:0,114.06453703699214,653287566,Estrada João de Oliveira Remião,secondary,,,,,,,,,
baseline,100,low,education,car,car,car,6940.0,D_0000965,57,64,1445887106.0,8692323509.0,0.0,car:1445887106:8692323509:0,39.91136731164356,327890522,Estrada João de Oliveira Remião,secondary,,,,,,,,,
baseline,100,low,education,car,car,car,6940.0,D_0000965,58,64,8692323509.0,3347054370.0,0.0,car:8692323509:3347054370:0,10.831362136577116,327890563,,tertiary,,,,,,,,,
baseline,100,low,education,car,car,car,6940.0,D_0000965,59,64,3347054370.0,1445887202.0,0.0,car:3347054370:1445887202:0,22.341420143514625,562589456|1338324028,Avenida Deputado Adão Pretto,tertiary,,,,,,,,,
baseline,100,low,education,car,car,car,6940.0,D_0000965,60,64,1445887202.0,1445887123.0,0.0,car:1445887202:1445887123:0,84.38960892852543,653287564,Avenida Deputado Adão Pretto,tertiary,,,,,,,,,
baseline,100,low,education,car,car,car,6940.0,D_0000965,61,64,1445887123.0,4276704467.0,0.0,car:1445887123:4276704467:0,75.37760825253402,428596977,Beco B,living_street,,,,,,,,,
baseline,100,low,education,car,car,car,6940.0,D_0000965,62,64,4276704467.0,4276704477.0,0.0,car:4276704467:4276704477:0,41.57016378039568,428596981,Beco C,living_street,,,,,,,,,
baseline,100,low,education,car,car,car,6940.0,D_0000965,63,64,4276704477.0,8678885487.0,0.0,car:4276704477:8678885487:0,133.45453419946375,936638504|428596965,Beco D,residential|living_street,,,,,,,,,
baseline,16,high,health,transit,walk,walk,2122.0,D_0001268,0,38,312819699.0,321231376.0,0.0,walk:312819699:321231376:0,108.58881936272067,329309184,Rua Botafogo,tertiary,access_walk,,,,,,,,
baseline,16,high,health,transit,walk,walk,2122.0,D_0001268,1,38,321231376.0,330037169.0,0.0,walk:321231376:330037169:0,28.328181406152783,329309184,Rua Botafogo,tertiary,access_walk,,,,,,,,
baseline,16,high,health,transit,walk,walk,2122.0,D_0001268,2,38,330037169.0,4783315484.0,0.0,walk:330037169:4783315484:0,12.668977653503193,329309184,Rua Botafogo,tertiary,access_walk,,,,,,,,
baseline,16,high,health,transit,walk,walk,2122.0,D_0001268,3,38,4783315484.0,4783315483.0,0.0,walk:4783315484:4783315483:0,14.52652268787321,329309184,Rua Botafogo,tertiary,access_walk,,,,,,,,
baseline,16,high,health,transit,walk,walk,2122.0,D_0001268,4,38,4783315483.0,12327832707.0,0.0,walk:4783315483:12327832707:0,76.27466792358254,329309184,Rua Botafogo,tertiary,access_walk,,,,,,,,
baseline,16,high,health,transit,walk,walk,2122.0,D_0001268,5,38,12327832707.0,321231254.0,0.0,walk:12327832707:321231254:0,18.350415598505222,329309184,Rua Botafogo,tertiary,access_walk,,,,,,,,
baseline,16,high,health,transit,walk,walk,2122.0,D_0001268,6,38,321231254.0,9004064316.0,0.0,walk:321231254:9004064316:0,40.21459946359188,454586902,Avenida Praia de Belas,secondary,access_walk,,,,,,,,
baseline,16,high,health,transit,walk,walk,2122.0,D_0001268,7,38,9004064316.0,9004064309.0,0.0,walk:9004064316:9004064309:0,22.949439377189975,454586902,Avenida Praia de Belas,secondary,access_walk,,,,,,,,
baseline,16,high,health,transit,walk,walk,2122.0,D_0001268,8,38,9004064309.0,330037165.0,0.0,walk:9004064309:330037165:0,52.13368326200127,454586902,Avenida Praia de Belas,secondary,access_walk,,,,,,,,
baseline,16,high,health,transit,walk,walk,2122.0,D_0001268,9,38,330037165.0,2584451000.0,0.0,walk:330037165:2584451000:0,66.81405798593379,454586902,Avenida Praia de Belas,secondary,access_walk,,,,,,,,
baseline,16,high,health,transit,transit,transit,2122.0,D_0001268,10,38,,,,transit:T7-2@1#806:2:3,239.74988322048944,,,,in_vehicle,T7-2@1#806:2:3,T7-2@1#806,T7,T7-2,1448,1456,1079.4310013646095,1319.180884585099
baseline,16,high,health,transit,transit,transit,2122.0,D_0001268,11,38,,,,transit:T7-2@1#806:3:4,,,,,in_vehicle,T7-2@1#806:3:4,T7-2@1#806,T7,T7-2,1456,6414,1319.180884585099,1277.6759335850109
baseline,16,high,health,transit,transit,transit,2122.0,D_0001268,12,38,,,,transit:T7-2@1#806:4:5,222.8992796153002,,,,in_vehicle,T7-2@1#806:4:5,T7-2@1#806,T7,T7-2,6414,1458,1277.6759335850109,1500.575213200311
baseline,16,high,health,transit,transit,transit,2122.0,D_0001268,13,38,,,,transit:T7-2@1#806:5:6,195.69782883916287,,,,in_vehicle,T7-2@1#806:5:6,T7-2@1#806,T7,T7-2,1458,6413,1500.575213200311,1696.273042039474
baseline,16,high,health,transit,transit,transit,2122.0,D_0001268,14,38,,,,transit:T7-2@1#806:6:7,84.48595917596072,,,,in_vehicle,T7-2@1#806:6:7,T7-2@1#806,T7,T7-2,6413,1459,1696.273042039474,1780.7590012154346
baseline,16,high,health,transit,transit,transit,2122.0,D_0001268,15,38,,,,transit:T7-2@1#806:7:8,431.7423926287588,,,,in_vehicle,T7-2@1#806:7:8,T7-2@1#806,T7,T7-2,1459,1547,1780.7590012154346,2212.5013938441934
baseline,16,high,health,transit,transit,transit,2122.0,D_0001268,16,38,,,,transit:T7-2@1#806:8:9,87.21745916949794,,,,in_vehicle,T7-2@1#806:8:9,T7-2@1#806,T7,T7-2,1547,6663,2212.5013938441934,2299.7188530136914
baseline,16,high,health,transit,transit,transit,2122.0,D_0001268,17,38,,,,transit:T7-2@1#806:9:10,104.9395391601347,,,,in_vehicle,T7-2@1#806:9:10,T7-2@1#806,T7,T7-2,6663,1550,2299.7188530136914,2404.658392173826
baseline,16,high,health,transit,transit,transit,2122.0,D_0001268,18,38,,,,transit:T7-2@1#806:10:11,226.49059080548614,,,,in_vehicle,T7-2@1#806:10:11,T7-2@1#806,T7,T7-2,1550,1556,2404.658392173826,2631.148982979312
baseline,16,high,health,transit,transit,transit,2122.0,D_0001268,19,38,,,,transit:T7-2@1#806:11:12,419.6212999297668,,,,in_vehicle,T7-2@1#806:11:12,T7-2@1#806,T7,T7-2,1556,5490,2631.148982979312,3050.770282909079
baseline,16,high,health,transit,transit,transit,2122.0,D_0001268,20,38,,,,transit:T7-2@1#806:12:13,93.02967884297504,,,,in_vehicle,T7-2@1#806:12:13,T7-2@1#806,T7,T7-2,5490,1581,3050.770282909079,3143.799961752054
baseline,16,high,health,transit,transit,transit,2122.0,D_0001268,21,38,,,,transit:T7-2@1#806:13:14,104.73462080453373,,,,in_vehicle,T7-2@1#806:13:14,T7-2@1#806,T7,T7-2,1581,1588,3143.799961752054,3248.534582556588
baseline,16,high,health,transit,transit,transit,2122.0,D_0001268,22,38,,,,transit:T7-2@1#806:14:15,396.29919894902423,,,,in_vehicle,T7-2@1#806:14:15,T7-2@1#806,T7,T7-2,1588,1624,3248.534582556588,3644.833781505612
baseline,16,high,health,transit,transit,transit,2122.0,D_0001268,23,38,,,,transit:T7-2@1#806:15:16,534.0819222444989,,,,in_vehicle,T7-2@1#806:15:16,T7-2@1#806,T7,T7-2,1624,1631,3644.833781505612,4178.915703750111
baseline,16,high,health,transit,transit,transit,2122.0,D_0001268,24,38,,,,transit:T7-2@1#806:16:17,159.29424099678727,,,,in_vehicle,T7-2@1#806:16:17,T7-2@1#806,T7,T7-2,1631,1632,4178.915703750111,4338.209944746898
baseline,16,high,health,transit,transit,transit,2122.0,D_0001268,25,38,,,,transit:T7-2@1#806:17:18,169.6918420721604,,,,in_vehicle,T7-2@1#806:17:18,T7-2@1#806,T7,T7-2,1632,1634,4338.209944746898,4507.9017868190585
baseline,16,high,health,transit,transit,transit,2122.0,D_0001268,26,38,,,,transit:T7-2@1#806:18:19,137.06182348212678,,,,in_vehicle,T7-2@1#806:18:19,T7-2@1#806,T7,T7-2,1634,5857,4507.9017868190585,4644.963610301185
baseline,16,high,health,transit,transit,transit,2122.0,D_0001268,27,38,,,,transit:T7-2@1#806:19:20,195.53832883411178,,,,in_vehicle,T7-2@1#806:19:20,T7-2@1#806,T7,T7-2,5857,2102,4644.963610301185,4840.501939135297
baseline,16,high,health,transit,transit,transit,2122.0,D_0001268,28,38,,,,transit:T7-2@1#806:20:21,26.231470891036224,,,,in_vehicle,T7-2@1#806:20:21,T7-2@1#806,T7,T7-2,2102,2103,4840.501939135297,4866.733410026333
baseline,16,high,health,transit,transit,transit,2122.0,D_0001268,29,38,,,,transit:T7-2@1#806:21:22,166.08898681511164,,,,in_vehicle,T7-2@1#806:21:22,T7-2@1#806,T7,T7-2,2103,2110,4866.733410026333,5032.822396841445
baseline,16,high,health,transit,transit,transit,2122.0,D_0001268,30,38,,,,transit:T7-2@1#806:22:23,216.7479401512137,,,,in_vehicle,T7-2@1#806:22:23,T7-2@1#806,T7,T7-2,2110,2113,5032.822396841445,5249.570336992659
baseline,16,high,health,transit,transit,transit,2122.0,D_0001268,31,38,,,,transit:T7-2@1#806:23:24,430.3193587579308,,,,in_vehicle,T7-2@1#806:23:24,T7-2@1#806,T7,T7-2,2113,2152,5249.570336992659,5679.889695750589
baseline,16,high,health,transit,walk,walk,2122.0,D_0001268,32,38,9010175776.0,2527526726.0,0.0,walk:9010175776:2527526726:0,45.6552543533597,356396170,Avenida Protásio Alves,primary,egress_walk,,,,,,,,
baseline,16,high,health,transit,walk,walk,2122.0,D_0001268,33,38,2527526726.0,2527526723.0,0.0,walk:2527526726:2527526723:0,11.427860348404174,245578191,,footway,egress_walk,,,,,,,,
baseline,16,high,health,transit,walk,walk,2122.0,D_0001268,34,38,2527526723.0,321233875.0,0.0,walk:2527526723:321233875:0,11.45305985062901,245578191,,footway,egress_walk,,,,,,,,
baseline,16,high,health,transit,walk,walk,2122.0,D_0001268,35,38,321233875.0,295520527.0,0.0,walk:321233875:295520527:0,79.19850568398809,356396177,Avenida Protásio Alves,primary,egress_walk,,,,,,,,
baseline,16,high,health,transit,walk,walk,2122.0,D_0001268,36,38,295520527.0,2874579966.0,0.0,walk:295520527:2874579966:0,129.1878721350371,37722318,Rua Miguel Tostes,residential,egress_walk,,,,,,,,
baseline,16,high,health,transit,walk,walk,2122.0,D_0001268,37,38,2874579966.0,2874579969.0,0.0,walk:2874579966:2874579969:0,39.34301484678764,283617296|283617295,,service,egress_walk,,,,,,,,
baseline,41,high,work,transit,walk,walk,4112.0,D_0013878,0,20,479081482.0,479081473.0,0.0,walk:479081482:479081473:0,140.9963563497558,125207781,Rua Anita Garibaldi,secondary,access_walk,,,,,,,,
baseline,41,high,work,transit,walk,walk,4112.0,D_0013878,1,20,479081473.0,1103034329.0,0.0,walk:479081473:1103034329:0,30.53447700652326,326968571,Rua Coronel Bordini,residential,access_walk,,,,,,,,
baseline,41,high,work,transit,walk,walk,4112.0,D_0013878,2,20,1103034329.0,611925697.0,0.0,walk:1103034329:611925697:0,117.82243431428003,27574190,Travessa Angustura,residential,access_walk,,,,,,,,
baseline,41,high,work,transit,walk,walk,4112.0,D_0013878,3,20,611925697.0,2273291673.0,0.0,walk:611925697:2273291673:0,3.4545256210582633,451653554,Rua Quintino Bocaiúva,tertiary,access_walk,,,,,,,,
baseline,41,high,work,transit,walk,walk,4112.0,D_0013878,4,20,2273291673.0,2273872226.0,0.0,walk:2273291673:2273872226:0,148.3929654371348,928449181|218020471,Passagem Fernando Callage,pedestrian|service,access_walk,,,,,,,,
baseline,41,high,work,transit,walk,walk,4112.0,D_0013878,5,20,2273872226.0,2273291662.0,0.0,walk:2273872226:2273291662:0,8.619765046972098,218096149,,footway,access_walk,,,,,,,,
baseline,41,high,work,transit,walk,walk,4112.0,D_0013878,6,20,2273291662.0,6052050053.0,0.0,walk:2273291662:6052050053:0,4.6490616150735375,218096108,,service,access_walk,,,,,,,,
baseline,41,high,work,transit,walk,walk,4112.0,D_0013878,7,20,6052050053.0,2266578307.0,0.0,walk:6052050053:2266578307:0,104.97821661947249,99431432|217384261|643006126,Passarela CORPA dos Campeões,path|footway,access_walk,,,,,,,,
baseline,41,high,work,transit,walk,walk,4112.0,D_0013878,8,20,2266578307.0,2266578321.0,0.0,walk:2266578307:2266578321:0,20.223472221402915,544177505,,footway,access_walk,,,,,,,,
baseline,41,high,work,transit,walk,walk,4112.0,D_0013878,9,20,2266578321.0,2273291683.0,0.0,walk:2266578321:2273291683:0,71.60970299114874,218020492,,path,access_walk,,,,,,,,
baseline,41,high,work,transit,walk,walk,4112.0,D_0013878,10,20,2273291683.0,453794069.0,0.0,walk:2273291683:453794069:0,23.7106822961464,218020485,,footway,access_walk,,,,,,,,
baseline,41,high,work,transit,walk,walk,4112.0,D_0013878,11,20,453794069.0,12336122511.0,0.0,walk:453794069:12336122511:0,7.207224735519925,1333390042,,footway,access_walk,,,,,,,,
baseline,41,high,work,transit,transit,transit,4112.0,D_0013878,12,20,,,,transit:T3-2@1#730:53:54,253.34733945810513,,,,in_vehicle,T3-2@1#730:53:54,T3-2@1#730,T3,T3-2,2299,2301,14722.487836577444,14975.835176035549
baseline,41,high,work,transit,transit,transit,4112.0,D_0013878,13,20,,,,transit:T3-2@1#730:54:55,481.8937585757558,,,,in_vehicle,T3-2@1#730:54:55,T3-2@1#730,T3,T3-2,2301,2314,14975.835176035549,15457.728934611305
baseline,41,high,work,transit,transit,transit,4112.0,D_0013878,14,20,,,,transit:T3-2@1#730:55:56,208.41300550191954,,,,in_vehicle,T3-2@1#730:55:56,T3-2@1#730,T3,T3-2,2314,2226,15457.728934611305,15666.141940113224
baseline,41,high,work,transit,transit,transit,4112.0,D_0013878,15,20,,,,transit:T3-2@1#730:56:57,302.07965786245586,,,,in_vehicle,T3-2@1#730:56:57,T3-2@1#730,T3,T3-2,2226,2229,15666.141940113224,15968.22159797568
baseline,41,high,work,transit,transit,transit,4112.0,D_0013878,16,20,,,,transit:T3-2@1#730:57:58,369.51376223182706,,,,in_vehicle,T3-2@1#730:57:58,T3-2@1#730,T3,T3-2,2229,3542,15968.22159797568,16337.735360207507
baseline,41,high,work,transit,transit,transit,4112.0,D_0013878,17,20,,,,transit:T3-2@1#730:58:59,253.66039189183903,,,,in_vehicle,T3-2@1#730:58:59,T3-2@1#730,T3,T3-2,3542,3545,16337.735360207507,16591.395752099346
baseline,41,high,work,transit,transit,transit,4112.0,D_0013878,18,20,,,,transit:T3-2@1#730:59:60,276.06628844450097,,,,in_vehicle,T3-2@1#730:59:60,T3-2@1#730,T3,T3-2,3545,3552,16591.395752099346,16867.462040543847
baseline,41,high,work,transit,transit,transit,4112.0,D_0013878,19,20,,,,transit:T3-2@1#730:60:61,370.12683326771,,,,in_vehicle,T3-2@1#730:60:61,T3-2@1#730,T3,T3-2,3552,3604,16867.462040543847,17237.588873811557
baseline,82,low,leisure,transit,walk,walk,4913.0,D_0003100,0,33,477283529.0,319706080.0,0.0,walk:477283529:319706080:0,39.4193060449727,30446354,Rua Alvim Frederico Losekann,residential,access_walk,,,,,,,,
baseline,82,low,leisure,transit,walk,walk,4913.0,D_0003100,1,33,319706080.0,477283473.0,0.0,walk:319706080:477283473:0,39.8943691563564,30446354,Rua Alvim Frederico Losekann,residential,access_walk,,,,,,,,
baseline,82,low,leisure,transit,walk,walk,4913.0,D_0003100,2,33,477283473.0,477283544.0,0.0,walk:477283473:477283544:0,30.655668914986194,30446354,Rua Alvim Frederico Losekann,residential,access_walk,,,,,,,,
baseline,82,low,leisure,transit,walk,walk,4913.0,D_0003100,3,33,477283544.0,477283548.0,0.0,walk:477283544:477283548:0,40.08028562121472,29064616,Rua Pedro Anselmo Soster,residential,access_walk,,,,,,,,
baseline,82,low,leisure,transit,walk,walk,4913.0,D_0003100,4,33,477283548.0,477283489.0,0.0,walk:477283548:477283489:0,43.95297273557632,564475598,Rua Coronel Luiz Riviello,residential,access_walk,,,,,,,,
baseline,82,low,leisure,transit,walk,walk,4913.0,D_0003100,5,33,477283489.0,661041386.0,0.0,walk:477283489:661041386:0,38.81599430600378,29064613,Rua Battistino Anele,residential,access_walk,,,,,,,,
baseline,82,low,leisure,transit,walk,walk,4913.0,D_0003100,6,33,661041386.0,2920767289.0,0.0,walk:661041386:2920767289:0,59.58316755453371,29064690,Rua Oscar Jaeger,residential,access_walk,,,,,,,,
baseline,82,low,leisure,transit,walk,walk,4913.0,D_0003100,7,33,2920767289.0,661041385.0,0.0,walk:2920767289:661041385:0,25.615046880425524,29064690,Rua Oscar Jaeger,residential,access_walk,,,,,,,,
baseline,82,low,leisure,transit,walk,walk,4913.0,D_0003100,8,33,661041385.0,9009395189.0,0.0,walk:661041385:9009395189:0,111.43992259456235,451652861|327072981,Avenida Antônio Jacob Renner,secondary,access_walk,,,,,,,,
baseline,82,low,leisure,transit,walk,walk,4913.0,D_0003100,9,33,9009395189.0,477284236.0,0.0,walk:9009395189:477284236:0,76.11082975870278,451652861,Avenida Antônio Jacob Renner,secondary,access_walk,,,,,,,,
baseline,82,low,leisure,transit,transit,transit,4913.0,D_0003100,10,33,,,,transit:B55-1@1#711:79:80,142.0100356361836,,,,in_vehicle,B55-1@1#711:79:80,B55-1@1#711,B55,B55-1,3726,3716,19540.765371059668,19682.77540669585
baseline,82,low,leisure,transit,transit,transit,4913.0,D_0003100,11,33,,,,transit:B55-1@1#711:80:81,285.9514060575275,,,,in_vehicle,B55-1@1#711:80:81,B55-1@1#711,B55,B55-1,3716,3683,19682.77540669585,19968.72681275338
baseline,82,low,leisure,transit,transit,transit,4913.0,D_0003100,12,33,,,,transit:B55-1@1#711:81:82,331.8167194773523,,,,in_vehicle,B55-1@1#711:81:82,B55-1@1#711,B55,B55-1,3683,3682,19968.72681275338,20300.54353223073
baseline,82,low,leisure,transit,transit,transit,4913.0,D_0003100,13,33,,,,transit:B55-1@1#711:82:83,79.44727742743635,,,,in_vehicle,B55-1@1#711:82:83,B55-1@1#711,B55,B55-1,3682,3699,20300.54353223073,20379.990809658168
baseline,82,low,leisure,transit,transit,transit,4913.0,D_0003100,14,33,,,,transit:B55-1@1#711:83:84,165.3498083307095,,,,in_vehicle,B55-1@1#711:83:84,B55-1@1#711,B55,B55-1,3699,3679,20379.990809658168,20545.340617988877
baseline,82,low,leisure,transit,transit,transit,4913.0,D_0003100,15,33,,,,transit:B55-1@1#711:84:85,320.6541008947752,,,,in_vehicle,B55-1@1#711:84:85,B55-1@1#711,B55,B55-1,3679,3676,20545.340617988877,20865.994718883652
baseline,82,low,leisure,transit,transit,transit,4913.0,D_0003100,16,33,,,,transit:B55-1@1#711:85:86,,,,,in_vehicle,B55-1@1#711:85:86,B55-1@1#711,B55,B55-1,3676,5608,20865.994718883652,16575.22705821843
baseline,82,low,leisure,transit,transit,transit,4913.0,D_0003100,17,33,,,,transit:B55-1@1#711:86:87,4661.718632964901,,,,in_vehicle,B55-1@1#711:86:87,B55-1@1#711,B55,B55-1,5608,3672,16575.22705821843,21236.94569118333
baseline,82,low,leisure,transit,transit,transit,4913.0,D_0003100,18,33,,,,transit:B55-1@1#711:87:88,,,,,in_vehicle,B55-1@1#711:87:88,B55-1@1#711,B55,B55-1,3672,6448,21236.94569118333,16278.23949802599
baseline,82,low,leisure,transit,transit,transit,4913.0,D_0003100,19,33,,,,transit:B55-1@1#711:88:89,6111.871265987071,,,,in_vehicle,B55-1@1#711:88:89,B55-1@1#711,B55,B55-1,6448,3581,16278.23949802599,22390.11076401306
baseline,82,low,leisure,transit,transit,transit,4913.0,D_0003100,20,33,,,,transit:B55-1@1#711:89:90,,,,,in_vehicle,B55-1@1#711:89:90,B55-1@1#711,B55,B55-1,3581,5969,22390.11076401306,15803.495325109801
baseline,82,low,leisure,transit,transit,transit,4913.0,D_0003100,21,33,,,,transit:B55-1@1#711:90:91,,,,,in_vehicle,B55-1@1#711:90:91,B55-1@1#711,B55,B55-1,5969,6194,15803.495325109801,15796.349049760564
baseline,82,low,leisure,transit,transit,transit,4913.0,D_0003100,22,33,,,,transit:B55-1@1#711:91:92,,,,,in_vehicle,B55-1@1#711:91:92,B55-1@1#711,B55,B55-1,6194,3609,15796.349049760564,15212.407741568933
baseline,82,low,leisure,transit,transit,transit,4913.0,D_0003100,23,33,,,,transit:762-1@1#730:53:54,142.8131728643275,,,,in_vehicle,762-1@1#730:53:54,762-1@1#730,762,762-1,3609,3608,12584.73356674479,12727.546739609117
baseline,82,low,leisure,transit,transit,transit,4913.0,D_0003100,24,33,,,,transit:762-1@1#730:54:55,661.7329180521137,,,,in_vehicle,762-1@1#730:54:55,762-1@1#730,762,762-1,3608,5242,12727.546739609117,13389.27965766123
baseline,82,low,leisure,transit,transit,transit,4913.0,D_0003100,25,33,,,,transit:762-1@1#730:55:56,462.043303740802,,,,in_vehicle,762-1@1#730:55:56,762-1@1#730,762,762-1,5242,5243,13389.27965766123,13851.322961402033
baseline,82,low,leisure,transit,walk,walk,4913.0,D_0003100,26,33,3618663891.0,3618663902.0,0.0,walk:3618663891:3618663902:0,78.27367743940871,132568466,Avenida Farrapos,secondary,egress_walk,,,,,,,,
baseline,82,low,leisure,transit,walk,walk,4913.0,D_0003100,27,33,3618663902.0,914023471.0,0.0,walk:3618663902:914023471:0,17.239494637132896,927298026,Avenida Farrapos,secondary,egress_walk,,,,,,,,
baseline,82,low,leisure,transit,walk,walk,4913.0,D_0003100,28,33,914023471.0,7367055353.0,0.0,walk:914023471:7367055353:0,32.76576336323345,927298022,Avenida Farrapos,secondary,egress_walk,,,,,,,,
baseline,82,low,leisure,transit,walk,walk,4913.0,D_0003100,29,33,7367055353.0,477279048.0,0.0,walk:7367055353:477279048:0,77.6333379867884,787987914|356396429,Rua Almirante Tamandaré,residential,egress_walk,,,,,,,,
baseline,82,low,leisure,transit,walk,walk,4913.0,D_0003100,30,33,477279048.0,477279041.0,0.0,walk:477279048:477279041:0,80.76005511593374,356396481,Rua Conde de Porto Alegre,tertiary,egress_walk,,,,,,,,
baseline,82,low,leisure,transit,walk,walk,4913.0,D_0003100,31,33,477279041.0,477265107.0,0.0,walk:477279041:477265107:0,172.2331705913918,27184512,Rua do Parque,tertiary,egress_walk,,,,,,,,
baseline,82,low,leisure,transit,walk,walk,4913.0,D_0003100,32,33,477265107.0,477265039.0,0.0,walk:477265107:477265039:0,114.79411693916454,27184512,Rua do Parque,tertiary,egress_walk,,,,,,,,
