modal_edge_id,mode,analysis_segment_id,match_method,match_quality,segment_coverage,shape_coverage,angle_difference_deg,accepted_by,mapping_scope,match_stage
transit:3973-1@1#736:37:38,transit,S_0037698,gtfs_shape_geometry_primary,0.9787932889787261,0.9787932889787261,0.579934920131076,1.1897930318337444,both,car_supported,primary
transit:3973-1@1#736:37:38,transit,S_0051281,gtfs_shape_geometry_primary,0.9781655014382611,0.9781655014382611,0.614450097636804,1.5826333500612861,both,car_supported,primary
transit:3973-1@1#736:37:38,transit,S_0037700,gtfs_shape_geometry_primary,1.0,1.0,0.3152970951749292,23.04067561526817,segment_coverage,car_supported,primary
transit:3973-1@1#736:37:38,transit,S_0029311,gtfs_shape_geometry_primary,0.6723093537148804,0.6723093537148804,0.2157468620848522,33.53440442759843,segment_coverage,car_supported,primary
transit:E703-1@1#800:3:4,transit,S_0014997,gtfs_shape_geometry_primary,1.0,1.0,0.07557005398420494,44.597956039381444,segment_coverage,car_supported,primary
transit:E703-1@1#800:3:4,transit,S_0043150,gtfs_shape_geometry_primary,0.5224624329600789,0.5224624329600789,0.07448794603474086,41.14081082451004,segment_coverage,car_supported,primary
transit:E703-1@1#800:3:4,transit,S_0014994,gtfs_shape_geometry_primary,1.0,1.0,0.08899917261800087,6.482467353148621,segment_coverage,car_supported,primary
transit:E703-1@1#800:3:4,transit,S_0014992,gtfs_shape_geometry_primary,1.0,1.0,0.07483331986655165,30.99854352712299,segment_coverage,car_supported,primary
transit:T1-1@1#745:26:27,transit,S_0020200,gtfs_shape_geometry_primary,0.5497050111859266,0.5497050111859266,0.1766587713184586,21.63118510956639,segment_coverage,car_supported,primary
transit:3973-1@1#736:41:42,transit,S_0029303,gtfs_shape_geometry_primary,0.5370257473030617,0.5370257473030617,0.47349344432701873,2.7151171237196507,segment_coverage,car_supported,primary
transit:3973-1@1#736:41:42,transit,S_0029298,gtfs_shape_geometry_primary,1.0,1.0,0.1702059694575481,4.459188709679708,segment_coverage,car_supported,primary
transit:3973-1@1#736:41:42,transit,S_0047859,gtfs_shape_geometry_primary,0.6998140640447407,0.6998140640447407,0.08468543155571451,4.836839201782695,segment_coverage,car_supported,primary
transit:3973-1@1#736:41:42,transit,S_0029299,gtfs_shape_geometry_primary,1.0,1.0,0.21785405411989733,0.5536337373530387,segment_coverage,car_supported,primary
transit:3973-1@1#736:41:42,transit,S_0047858,gtfs_shape_geometry_primary,1.0,1.0,0.09528723631562384,7.07493665304041,segment_coverage,car_supported,primary
transit:3973-1@1#736:41:42,transit,S_0037880,gtfs_shape_geometry_primary,1.0,1.0,0.06751537299225416,0.7723034619801155,segment_coverage,car_supported,primary
transit:T1-1@1#745:27:28,transit,S_0005769,gtfs_shape_geometry_primary,1.0,1.0,0.22304840327735503,0.8353124983233613,segment_coverage,car_supported,primary
transit:T1-1@1#745:27:28,transit,S_0020195,gtfs_shape_geometry_primary,1.0,1.0,0.22068737463983015,2.576565296513195,segment_coverage,car_supported,primary
transit:T1-1@1#745:27:28,transit,S_0020196,gtfs_shape_geometry_primary,0.9260788577863546,0.9260788577863546,0.6324362659498147,9.092865375882738,both,car_supported,primary
transit:T1-1@1#745:27:28,transit,S_0020200,gtfs_shape_geometry_primary,0.7073202087996833,0.7073202087996833,0.36339946915009563,22.094102658379015,segment_coverage,car_supported,primary
transit:110-1@1#803:2:3,transit,S_0011441,gtfs_shape_geometry_primary,0.8307042677299092,0.8307042677299092,0.22417560415132204,0.6022330776184219,segment_coverage,car_supported,primary
transit:110-1@1#803:2:3,transit,S_0011415,gtfs_shape_geometry_primary,1.0,1.0,0.6200201915732022,11.212109396044212,both,car_supported,primary
transit:282-1@1#745:22:23,transit,S_0040433,gtfs_shape_geometry_primary,0.7408962436028572,0.6298380096609764,0.7408962436028572,0.8676467810894337,both,car_supported,primary
transit:282-1@1#745:22:23,transit,S_0040444,gtfs_shape_geometry_primary,0.631243712465653,0.631243712465653,0.4372245286175611,1.9321943557790178,segment_coverage,car_supported,primary
transit:3973-1@1#736:42:43,transit,S_0037880,gtfs_shape_geometry_primary,1.0,1.0,0.09037091915305101,0.7723034620468638,segment_coverage,car_supported,primary
transit:3973-1@1#736:42:43,transit,S_0037870,gtfs_shape_geometry_primary,1.0,1.0,0.23674318788792115,3.518788135872285,segment_coverage,car_supported,primary
transit:3973-1@1#736:42:43,transit,S_0047856,gtfs_shape_geometry_primary,1.0,1.0,0.3449957082622079,1.5958890378599477,segment_coverage,car_supported,primary
transit:3973-1@1#736:42:43,transit,S_0037849,gtfs_shape_geometry_primary,1.0,1.0,0.4294153404271392,5.085847594642502,segment_coverage,car_supported,primary
transit:3973-1@1#736:42:43,transit,S_0047857,gtfs_shape_geometry_primary,1.0,1.0,0.214127001085173,8.462591511332107,segment_coverage,car_supported,primary
transit:3973-1@1#736:42:43,transit,S_0037830,gtfs_shape_geometry_primary,1.0,1.0,0.5556095537743863,1.6113135705595454,both,car_supported,primary
transit:3973-1@1#736:42:43,transit,S_0005005,gtfs_shape_geometry_primary,0.678654240226003,0.678654240226003,0.6750974361146518,1.157265486077506,both,car_supported,primary
transit:110-1@1#803:3:4,transit,S_0011477,gtfs_shape_geometry_primary,1.0,1.0,0.29289914327680777,0.5111393622727007,segment_coverage,car_supported,primary
transit:110-1@1#803:3:4,transit,S_0011460,gtfs_shape_geometry_primary,0.8041600463646225,0.8041600463646225,0.5599993073371964,36.433344416026955,both,car_supported,primary
transit:110-1@1#803:3:4,transit,S_0011425,gtfs_shape_geometry_primary,0.534169534220059,0.348331864742954,0.534169534220059,31.173894464500364,shape_coverage,car_supported,primary
transit:110-1@1#803:3:4,transit,S_0011441,gtfs_shape_geometry_primary,0.9028919551038053,0.9028919551038053,0.29369393432902624,0.6442010289522955,segment_coverage,car_supported,primary
transit:T9-2@1#729:39:40,transit,S_0042270,gtfs_shape_geometry_primary,0.706635712098655,0.706635712098655,0.38333826375431196,8.193255047523706,segment_coverage,car_supported,primary
transit:T9-2@1#729:39:40,transit,S_0042269,gtfs_shape_geometry_primary,0.6757385122829084,0.6757385122829084,0.35200811213365857,0.16568220688265,segment_coverage,car_supported,primary
transit:3973-1@1#736:43:44,transit,S_0005005,gtfs_shape_geometry_primary,0.6774224946270059,0.45907099464025264,0.6774224946270059,5.822892757718151,shape_coverage,car_supported,primary
transit:3973-1@1#736:43:44,transit,S_0029297,gtfs_shape_geometry_primary,0.875740034120863,0.875740034120863,0.5578705951064746,4.981258624909586,both,car_supported,primary
transit:3973-1@1#736:43:44,transit,S_0029295,gtfs_shape_geometry_primary,1.0,1.0,0.277957061116586,1.1516847383546747,segment_coverage,car_supported,primary
transit:3973-1@1#736:43:44,transit,S_0005004,gtfs_shape_geometry_primary,1.0,1.0,0.2768166893433365,0.7937479362574607,segment_coverage,car_supported,primary
transit:3973-1@1#736:43:44,transit,S_0029296,gtfs_shape_geometry_primary,1.0,1.0,0.2434038529475208,0.18504787943614076,segment_coverage,car_supported,primary
transit:T1-1@1#745:29:30,transit,S_0022162,gtfs_shape_geometry_primary,0.9407521418895596,0.9407521418895596,0.7102063560160912,10.874372930055173,both,car_supported,primary
transit:110-1@1#803:4:5,transit,S_0011531,gtfs_shape_geometry_primary,1.0,1.0,0.12528255319077286,1.3534537917900877,segment_coverage,car_supported,primary
transit:110-1@1#803:4:5,transit,S_0011530,gtfs_shape_geometry_primary,1.0,1.0,0.2463102215342318,4.8223737370401984,segment_coverage,car_supported,primary
transit:110-1@1#803:4:5,transit,S_0003664,gtfs_shape_geometry_primary,0.8972602098222051,0.8972602098222051,0.2159652926634512,12.94370377573868,segment_coverage,car_supported,primary
transit:110-1@1#803:4:5,transit,S_0011477,gtfs_shape_geometry_primary,0.5000599257091067,0.5000599257091067,0.01680865731313714,0.5102877039044529,segment_coverage,car_supported,primary
transit:3973-1@1#736:44:45,transit,S_0029292,gtfs_shape_geometry_primary,0.7363599960124956,0.7363599960124956,0.5539483861255801,0.8171561525716271,both,car_supported,primary
transit:3973-1@1#736:44:45,transit,S_0029290,gtfs_shape_geometry_primary,0.7232685973579372,0.7232685973579372,0.5593889787272902,0.5823835254797558,both,car_supported,primary
transit:3973-1@1#736:44:45,transit,S_0029291,gtfs_shape_geometry_primary,0.590782318190996,0.2885530413746587,0.590782318190996,6.081753840289622,shape_coverage,car_supported,primary
transit:3973-1@1#736:44:45,transit,S_0029293,gtfs_shape_geometry_primary,0.6105385902339457,0.25732527076601946,0.6105385902339457,6.793032779140773,shape_coverage,car_supported,primary
transit:T9-2@1#729:40:41,transit,S_0048927,gtfs_shape_geometry_primary,1.0,1.0,0.21119722794454496,0.48359882029429,segment_coverage,car_supported,primary
transit:T9-2@1#729:40:41,transit,S_0046223,gtfs_shape_geometry_primary,0.9504664565216349,0.9504664565216349,0.4580624489275233,0.06425032716087742,segment_coverage,car_supported,primary
transit:T9-2@1#729:40:41,transit,S_0042284,gtfs_shape_geometry_primary,1.0,1.0,0.3487676145312019,0.17492424699707954,segment_coverage,car_supported,primary
transit:E703-2@1#740:34:35,transit,S_0041730,gtfs_shape_geometry_primary,1.0,1.0,0.5192178016166509,0.19540024290911617,both,car_supported,primary
transit:E703-2@1#740:34:35,transit,S_0041728,gtfs_shape_geometry_primary,1.0,1.0,0.27312271201464516,0.6938396388529355,segment_coverage,car_supported,primary
transit:E703-2@1#740:34:35,transit,S_0041724,gtfs_shape_geometry_primary,1.0,1.0,0.4235504998927641,0.9919912190819531,segment_coverage,car_supported,primary
transit:110-1@1#803:5:6,transit,S_0011538,gtfs_shape_geometry_primary,0.737313665121553,0.737313665121553,0.2521128015046548,12.920129750635443,segment_coverage,car_supported,primary
transit:110-1@1#706:84:85,transit,S_0026196,gtfs_shape_geometry_primary,0.860780911827674,0.6526293528681968,0.860780911827674,1.6073653043876988,both,car_supported,primary
transit:110-1@1#706:84:85,transit,S_0026193,gtfs_shape_geometry_primary,1.0,1.0,1.0,0.20073780238367078,both,car_supported,primary
transit:110-1@1#706:84:85,transit,S_0028168,gtfs_shape_geometry_primary,0.5252933186038484,0.27231228042728317,0.5252933186038484,0.19937046773200962,shape_coverage,car_supported,primary
transit:3973-1@1#736:45:46,transit,S_0029291,gtfs_shape_geometry_primary,0.8496945104536272,0.7899982047729371,0.8496945104536272,5.030648285308061,both,car_supported,primary
transit:3973-1@1#736:45:46,transit,S_0029293,gtfs_shape_geometry_primary,0.6871073699235839,0.5624074545629694,0.6871073699235839,1.9714860590399041,both,car_supported,primary
transit:3973-1@1#736:45:46,transit,S_0051269,gtfs_shape_geometry_primary,1.0,1.0,0.1929850578125678,0.3485419647486765,segment_coverage,car_supported,primary
transit:3973-1@1#736:45:46,transit,S_0043394,gtfs_shape_geometry_primary,0.9411734627724337,0.9411734627724337,0.11499398603842799,23.28402026990409,segment_coverage,car_supported,primary
transit:T1-1@1#745:31:32,transit,S_0036019,gtfs_shape_geometry_primary,1.0,1.0,0.3259681043716294,27.19639295413802,segment_coverage,car_supported,primary
transit:T1-1@1#745:31:32,transit,S_0013968,gtfs_shape_geometry_primary,1.0,1.0,0.22946398507731275,0.8267169043246412,segment_coverage,car_supported,primary
transit:756-2@1#730:44:45,transit,S_0054357,gtfs_shape_geometry_primary,1.0,1.0,0.3891828636371652,7.269838878857627,segment_coverage,car_supported,primary
transit:756-2@1#730:44:45,transit,S_0054359,gtfs_shape_geometry_primary,1.0,1.0,0.9828892874886389,0.5305158860535499,both,car_supported,primary
transit:756-2@1#730:44:45,transit,S_0054406,gtfs_shape_geometry_primary,0.5758763700952108,0.5758763700952108,0.34759717009190255,0.874059996884796,segment_coverage,car_supported,primary
transit:T9-2@1#729:41:42,transit,S_0043733,gtfs_shape_geometry_primary,0.9632580161843813,0.797885023637654,0.9632580161843813,0.3130996402975086,both,car_supported,primary
transit:E703-2@1#740:35:36,transit,S_0041725,gtfs_shape_geometry_primary,1.0,1.0,0.42206971523602055,1.2063212933409062,segment_coverage,car_supported,primary
transit:E703-2@1#740:35:36,transit,S_0041714,gtfs_shape_geometry_primary,1.0,1.0,0.24391348706047025,1.2262798491884865,segment_coverage,car_supported,primary
transit:E703-2@1#740:35:36,transit,S_0041701,gtfs_shape_geometry_primary,1.0,1.0,0.5105556355647153,0.4364386954839148,both,car_supported,primary
transit:756-2@1#730:45:46,transit,S_0054357,gtfs_shape_geometry_primary,0.9324016706484745,0.9324016706484745,0.10032472724184367,7.425885051623965,segment_coverage,car_supported,primary
transit:110-1@1#803:6:7,transit,S_0058981,gtfs_shape_geometry_primary,1.0,1.0,0.3225469869819821,11.014497850875927,segment_coverage,car_supported,primary
transit:3973-1@1#736:46:47,transit,S_0043394,gtfs_shape_geometry_primary,0.7663768403410925,0.7663768403410925,0.06109152708076829,32.18675677007803,segment_coverage,car_supported,primary
transit:110-1@1#706:85:86,transit,S_0026193,gtfs_shape_geometry_primary,0.8205970558284049,0.8205970558284049,0.08798099622284598,0.20073780252545248,segment_coverage,car_supported,primary
transit:110-1@1#706:85:86,transit,S_0028168,gtfs_shape_geometry_primary,1.0,1.0,0.3536472895332791,0.19937046779794798,segment_coverage,car_supported,primary
transit:110-1@1#706:85:86,transit,S_0026201,gtfs_shape_geometry_primary,1.0,1.0,0.6580002926980002,0.3779529567177917,both,car_supported,primary
transit:110-1@1#706:85:86,transit,S_0026203,gtfs_shape_geometry_primary,0.8477232834574217,0.8477232834574217,0.3036280091820965,0.5502467377206841,segment_coverage,car_supported,primary
transit:T7-2@1#806:2:3,transit,S_0028174,gtfs_shape_geometry_primary,1.0,1.0,0.3220043585122215,4.479935332028759,segment_coverage,car_supported,primary
transit:T7-2@1#806:2:3,transit,S_0028176,gtfs_shape_geometry_primary,1.0,1.0,0.35495811112567377,1.7126614166046892,segment_coverage,car_supported,primary
transit:T7-2@1#806:2:3,transit,S_0055198,gtfs_shape_geometry_primary,1.0,1.0,0.23920606511030928,1.1254612072760608,segment_coverage,car_supported,primary
transit:T7-2@1#806:2:3,transit,S_0026196,gtfs_shape_geometry_primary,1.0,1.0,0.31437602911225004,1.5499002474543033,segment_coverage,car_supported,primary
transit:T7-2@1#806:2:3,transit,S_0026193,gtfs_shape_geometry_primary,1.0,1.0,0.2493020594121099,0.20775953503714106,segment_coverage,car_supported,primary
transit:T7-2@1#806:2:3,transit,S_0028168,gtfs_shape_geometry_primary,0.9709171907191865,0.9709171907191865,0.24059240892560765,0.1993704676861654,segment_coverage,car_supported,primary
transit:621-1@1#750:26:27,transit,S_0044754,gtfs_shape_geometry_primary,1.0,1.0,0.4504723170670997,9.331101814266333,segment_coverage,car_supported,primary
transit:621-1@1#750:26:27,transit,S_0024289,gtfs_shape_geometry_primary,1.0,1.0,0.48999382177294176,5.339476893572936,segment_coverage,car_supported,primary
transit:T1-1@1#745:32:33,transit,S_0006313,gtfs_shape_geometry_primary,0.9496868579348432,0.9496868579348432,0.5332264057864204,0.26270342933934643,both,car_supported,primary
transit:2802-1@1#805:4:5,transit,S_0044161,gtfs_shape_geometry_primary,0.7645229827133341,0.7645229827133341,0.08324034828643634,37.50759627684065,segment_coverage,car_supported,primary
transit:2802-1@1#805:4:5,transit,S_0045548,gtfs_shape_geometry_primary,0.8359324389013111,0.8359324389013111,0.15857568159833013,38.039367218286976,segment_coverage,car_supported,primary
transit:2802-1@1#805:4:5,transit,S_0058648,gtfs_shape_geometry_primary,1.0,1.0,0.14005794127930118,39.187198250905865,segment_coverage,car_supported,primary
transit:2802-1@1#805:4:5,transit,S_0045547,gtfs_shape_geometry_primary,1.0,1.0,0.32723379039580275,32.40136345484203,segment_coverage,car_supported,primary
transit:2802-1@1#805:4:5,transit,S_0018829,gtfs_shape_geometry_primary,0.6710814634881647,0.6710814634881647,0.14068482960155676,36.88437376023578,segment_coverage,car_supported,primary
transit:2802-1@1#805:4:5,transit,S_0007030,gtfs_shape_geometry_primary,1.0,1.0,0.17532207004301567,31.443693800859393,segment_coverage,car_supported,primary
transit:756-2@1#730:46:47,transit,S_0028681,gtfs_shape_geometry_primary,0.6779230898565949,0.6779230898565949,0.1587509837196832,0.7709602720617852,segment_coverage,car_supported,primary
transit:756-2@1#730:46:47,transit,S_0050325,gtfs_shape_geometry_primary,1.0,0.8573505247420987,1.0,2.302652592556015,both,car_supported,primary
transit:E703-2@1#740:36:37,transit,S_0041700,gtfs_shape_geometry_primary,1.0,1.0,0.43231196253494936,0.5774622157951228,segment_coverage,car_supported,primary
transit:110-1@1#706:86:87,transit,S_0026203,gtfs_shape_geometry_primary,0.5817417085463176,0.5817417085463176,0.23461567431972521,0.49635148645309357,segment_coverage,car_supported,primary
transit:110-1@1#706:86:87,transit,S_0023089,gtfs_shape_geometry_primary,1.0,1.0,0.23379003821114536,0.9842517715186005,segment_coverage,car_supported,primary
transit:110-1@1#706:86:87,transit,S_0023088,gtfs_shape_geometry_primary,1.0,1.0,0.3063267471416331,0.7234296196647136,segment_coverage,car_supported,primary
transit:110-1@1#706:86:87,transit,S_0008032,gtfs_shape_geometry_primary,1.0,1.0,0.2298977076823203,0.6605286849764695,segment_coverage,car_supported,primary
transit:110-1@1#706:86:87,transit,S_0008021,gtfs_shape_geometry_primary,1.0,1.0,0.3146895620631046,0.6378212658771361,segment_coverage,car_supported,primary
transit:110-1@1#706:86:87,transit,S_0008022,gtfs_shape_geometry_primary,1.0,1.0,0.4343554072436985,0.18603817394449607,segment_coverage,car_supported,primary
transit:110-1@1#706:86:87,transit,S_0023084,gtfs_shape_geometry_primary,1.0,1.0,0.22607932079984136,1.7680849720633773,segment_coverage,car_supported,primary
transit:110-1@1#706:86:87,transit,S_0023085,gtfs_shape_geometry_primary,1.0,1.0,0.2431223007308345,0.3178571845195677,segment_coverage,car_supported,primary
transit:110-1@1#706:86:87,transit,S_0010659,gtfs_shape_geometry_primary,0.7695828082775097,0.7695828082775097,0.11634971706863731,0.3186298916168937,segment_coverage,car_supported,primary
transit:110-1@1#803:7:8,transit,S_0052960,gtfs_shape_geometry_primary,1.0,1.0,0.11880333568551757,12.05412203991051,segment_coverage,car_supported,primary
transit:2601-1@1#755:19:20,transit,S_0027399,gtfs_shape_geometry_primary,0.9842633662521089,0.9842633662521089,0.25190114826947024,4.311646161540011,segment_coverage,car_supported,primary
transit:621-1@1#750:27:28,transit,S_0056243,gtfs_shape_geometry_primary,0.6902498060788329,0.6902498060788329,0.23573249261115015,2.8602167838046455,segment_coverage,car_supported,primary
transit:756-2@1#730:47:48,transit,S_0054327,gtfs_shape_geometry_primary,0.6439509326064263,0.6439509326064263,0.23528012880090324,17.61526355487308,segment_coverage,car_supported,primary
transit:756-2@1#730:47:48,transit,S_0028682,gtfs_shape_geometry_primary,1.0,1.0,0.597713560162023,7.619068682652383,both,car_supported,primary
transit:756-2@1#730:47:48,transit,S_0028683,gtfs_shape_geometry_primary,1.0,1.0,0.3554842975982593,3.77728886581815,segment_coverage,car_supported,primary
transit:756-2@1#730:47:48,transit,S_0028680,gtfs_shape_geometry_primary,1.0,1.0,0.43122686226019197,2.7586033451829337,segment_coverage,car_supported,primary
transit:756-2@1#730:47:48,transit,S_0028681,gtfs_shape_geometry_primary,1.0,1.0,0.32428478387979287,0.7709602720891553,segment_coverage,car_supported,primary
transit:T1-1@1#745:33:34,transit,S_0036009,gtfs_shape_geometry_primary,0.8737760947246374,0.8737760947246374,0.8062564195512472,0.14165728456757165,both,car_supported,primary
transit:T1-1@1#745:33:34,transit,S_0017294,gtfs_shape_geometry_primary,0.585354724384601,0.585354724384601,0.3479582712085169,0.39603540570914575,segment_coverage,car_supported,primary
transit:T7-2@1#806:3:4,transit,S_0011941,gtfs_shape_geometry_primary,1.0,1.0,0.026279601595438715,1.551659631253031,segment_coverage,car_supported,primary
transit:T7-2@1#806:3:4,transit,S_0002295,gtfs_shape_geometry_primary,1.0,1.0,0.04088147329804854,0.9672364142910936,segment_coverage,car_supported,primary
transit:T7-2@1#806:3:4,transit,S_0059323,gtfs_shape_geometry_primary,1.0,1.0,0.06437197993153257,14.435022380410928,segment_coverage,car_supported,primary
transit:T7-2@1#806:3:4,transit,S_0011942,gtfs_shape_geometry_primary,1.0,1.0,0.07740901775933207,0.36091712124937203,segment_coverage,car_supported,primary
transit:T7-2@1#806:3:4,transit,S_0029509,gtfs_shape_geometry_primary,1.0,1.0,0.0455653349460222,0.9726079872676792,segment_coverage,car_supported,primary
transit:T7-2@1#806:3:4,transit,S_0009402,gtfs_shape_geometry_primary,1.0,1.0,0.042383300356600664,0.9673352492730913,segment_coverage,car_supported,primary
transit:T7-2@1#806:3:4,transit,S_0009400,gtfs_shape_geometry_primary,1.0,1.0,0.09364781912495748,0.8270870413222866,segment_coverage,car_supported,primary
transit:T7-2@1#806:3:4,transit,S_0048273,gtfs_shape_geometry_primary,1.0,1.0,0.18075738664572039,0.7821854870098122,segment_coverage,car_supported,primary
transit:T7-2@1#806:3:4,transit,S_0009401,gtfs_shape_geometry_primary,1.0,1.0,0.08125541339756097,0.11184436883499416,segment_coverage,car_supported,primary
transit:T7-2@1#806:3:4,transit,S_0029516,gtfs_shape_geometry_primary,1.0,1.0,0.054171779934230564,1.229148269820584,segment_coverage,car_supported,primary
transit:T7-2@1#806:3:4,transit,S_0015244,gtfs_shape_geometry_primary,1.0,1.0,0.032054872404239265,1.46544920409697,segment_coverage,car_supported,primary
transit:T7-2@1#806:3:4,transit,S_0014928,gtfs_shape_geometry_primary,1.0,1.0,0.02471832502997694,3.1154841743988726,segment_coverage,car_supported,primary
transit:T7-2@1#806:3:4,transit,S_0014927,gtfs_shape_geometry_primary,1.0,1.0,0.023718152702850267,3.2797938339848685,segment_coverage,car_supported,primary
transit:T7-2@1#806:3:4,transit,S_0028174,gtfs_shape_geometry_primary,1.0,1.0,0.07299178186107792,4.479935331962835,segment_coverage,car_supported,primary
transit:T7-2@1#806:3:4,transit,S_0028176,gtfs_shape_geometry_primary,1.0,1.0,0.0669287160765823,1.7126614166046892,segment_coverage,car_supported,primary
transit:T7-2@1#806:3:4,transit,S_0055198,gtfs_shape_geometry_primary,1.0,1.0,0.045103222926200594,1.1254612072760608,segment_coverage,car_supported,primary
transit:T7-2@1#806:3:4,transit,S_0026196,gtfs_shape_geometry_primary,1.0,1.0,0.05927680854231166,1.5499002474543033,segment_coverage,car_supported,primary
transit:T7-2@1#806:3:4,transit,S_0026193,gtfs_shape_geometry_primary,1.0,1.0,0.031583660222710384,0.2106969812841868,segment_coverage,car_supported,primary
transit:T7-2@1#806:3:4,transit,S_0048272,gtfs_shape_geometry_primary,0.772733758771842,0.772733758771842,0.20405173787632372,0.08159853591247668,segment_coverage,car_supported,primary
transit:T7-2@1#806:3:4,transit,S_0017839,gtfs_shape_geometry_primary,0.7564766528106776,0.7564766528106776,0.18872565973352642,0.11187968892288325,segment_coverage,car_supported,primary
transit:E703-2@1#740:37:38,transit,S_0023176,gtfs_shape_geometry_primary,0.5694333530085492,0.5694333530085492,0.21810280718020583,0.07469212554269689,segment_coverage,car_supported,primary
transit:110-1@1#706:87:88,transit,S_0010659,gtfs_shape_geometry_primary,1.0,1.0,0.499770931268731,0.5238128532756718,segment_coverage,car_supported,primary
transit:110-1@1#706:87:88,transit,S_0010655,gtfs_shape_geometry_primary,1.0,1.0,0.46554921045229486,0.4243208146475723,segment_coverage,car_supported,primary
transit:110-1@1#706:87:88,transit,S_0010656,gtfs_shape_geometry_primary,1.0,1.0,0.7075760463892175,0.3894113283669469,both,car_supported,primary
transit:110-1@1#706:87:88,transit,S_0042131,gtfs_shape_geometry_primary,1.0,1.0,0.5866932737466788,0.4268600914815721,both,car_supported,primary
transit:110-1@1#706:87:88,transit,S_0017830,gtfs_shape_geometry_primary,1.0,1.0,0.21187707058032038,0.36037921412749085,segment_coverage,car_supported,primary
transit:756-2@1#730:48:49,transit,S_0028830,gtfs_shape_geometry_primary,0.7782130091606452,0.7782130091606452,0.16211529273315334,12.073093013760698,segment_coverage,car_supported,primary
transit:756-2@1#730:48:49,transit,S_0054327,gtfs_shape_geometry_primary,1.0,1.0,0.16021015876323666,13.725687178981147,segment_coverage,car_supported,primary
transit:B55-1@1#711:79:80,transit,S_0023325,gtfs_shape_geometry_primary,1.0,1.0,0.43017775803936087,1.683685760241957,segment_coverage,car_supported,primary
transit:B55-1@1#711:79:80,transit,S_0048441,gtfs_shape_geometry_primary,0.7154692689679314,0.7154692689679314,0.4194132800954608,16.097691182827703,segment_coverage,car_supported,primary
transit:T4-1@1#804:6:7,transit,S_0018137,gtfs_shape_geometry_primary,0.5327611257951849,0.4412250938926238,0.5327611257951849,1.0002268323952421,shape_coverage,car_supported,primary
transit:T4-1@1#804:6:7,transit,S_0022864,gtfs_shape_geometry_primary,1.0,1.0,0.6116026638698931,23.841754726899268,both,car_supported,primary
transit:621-1@1#750:28:29,transit,S_0024286,gtfs_shape_geometry_primary,0.7024375204832474,0.7024375204832474,0.20505365954173746,36.173749894571614,segment_coverage,car_supported,primary
transit:T1-1@1#745:34:35,transit,S_0017294,gtfs_shape_geometry_primary,0.6740166796867973,0.6740166796867973,0.3751272945466,0.3844990657209202,segment_coverage,car_supported,primary
transit:T11-2@1#737:39:40,transit,S_0001408,gtfs_shape_geometry_primary,0.6608533872031331,0.6608533872031331,0.37763840394374587,8.501470191663714,segment_coverage,car_supported,primary
transit:T11-2@1#737:39:40,transit,S_0001409,gtfs_shape_geometry_primary,1.0,1.0,0.14612991985269624,4.2625615207933265,segment_coverage,car_supported,primary
transit:T11-2@1#737:39:40,transit,S_0031296,gtfs_shape_geometry_primary,0.7696948268779488,0.7696948268779488,0.12413627793662266,9.508994574890174,segment_coverage,car_supported,primary
transit:T4-1@1#804:7:8,transit,S_0012915,gtfs_shape_geometry_primary,1.0,1.0,0.14846821691146556,0.2848451810201169,segment_coverage,car_supported,primary
transit:T4-1@1#804:7:8,transit,S_0018138,gtfs_shape_geometry_primary,1.0,1.0,0.14858304792540877,0.2141180074629716,segment_coverage,car_supported,primary
transit:T4-1@1#804:7:8,transit,S_0018137,gtfs_shape_geometry_primary,0.8598219460006666,0.8598219460006666,0.34077174561857576,1.0002268323952421,segment_coverage,car_supported,primary
transit:T6-1@1#753:18:19,transit,S_0030884,gtfs_shape_geometry_primary,1.0,1.0,0.6386687298225648,1.3291046976484182,both,car_supported,primary
transit:T6-1@1#753:18:19,transit,S_0053726,gtfs_shape_geometry_primary,0.6873380646491647,0.6461888960898536,0.6873380646491647,1.3412991125137523,both,car_supported,primary
transit:T6-1@1#753:18:19,transit,S_0053856,gtfs_shape_geometry_primary,0.5263971704594942,0.4602365646552605,0.5263971704594942,0.3257290367004799,shape_coverage,car_supported,primary
transit:T6-2@1#753:19:20,transit,S_0017530,gtfs_shape_geometry_primary,0.6063171735127821,0.6063171735127821,0.15428307072563124,44.912646420720115,segment_coverage,car_supported,primary
transit:T7-2@1#806:4:5,transit,S_0026193,gtfs_shape_geometry_primary,0.8205970558284049,0.8205970558284049,0.08798099622284598,0.20073780252545248,segment_coverage,car_supported,primary
transit:T7-2@1#806:4:5,transit,S_0028168,gtfs_shape_geometry_primary,1.0,1.0,0.3536472895332791,0.19937046779794798,segment_coverage,car_supported,primary
transit:T7-2@1#806:4:5,transit,S_0026201,gtfs_shape_geometry_primary,1.0,1.0,0.6580002926980002,0.3779529567177917,both,car_supported,primary
transit:T7-2@1#806:4:5,transit,S_0026203,gtfs_shape_geometry_primary,0.8477232834574217,0.8477232834574217,0.3036280091820965,0.5502467377206841,segment_coverage,car_supported,primary
transit:110-1@1#706:88:89,transit,S_0042131,gtfs_shape_geometry_primary,0.5615466727140195,0.5615466727140195,0.04146698814084116,0.426860091277959,segment_coverage,car_supported,primary
transit:110-1@1#706:88:89,transit,S_0017830,gtfs_shape_geometry_primary,1.0,1.0,0.075368578948806,0.3603792141112905,segment_coverage,car_supported,primary
transit:110-1@1#706:88:89,transit,S_0017828,gtfs_shape_geometry_primary,1.0,1.0,0.2091272859628803,0.7033028568528294,segment_coverage,car_supported,primary
transit:110-1@1#706:88:89,transit,S_0007923,gtfs_shape_geometry_primary,1.0,1.0,0.11154175232689838,0.5739452529741698,segment_coverage,car_supported,primary
transit:110-1@1#706:88:89,transit,S_0007924,gtfs_shape_geometry_primary,1.0,1.0,0.13347761142490308,0.553496774745355,segment_coverage,car_supported,primary
transit:110-1@1#706:88:89,transit,S_0021309,gtfs_shape_geometry_primary,0.8455952888524914,0.8455952888524914,0.12363207886571713,3.0738538266028286,segment_coverage,car_supported,primary
transit:110-1@1#706:88:89,transit,S_0049223,gtfs_shape_geometry_primary,1.0,1.0,0.1333617785840973,39.55663913087821,segment_coverage,car_supported,primary
transit:110-1@1#706:88:89,transit,S_0021312,gtfs_shape_geometry_primary,1.0,1.0,0.1347757679684188,0.6673650212957654,segment_coverage,car_supported,primary
transit:110-1@1#706:88:89,transit,S_0021306,gtfs_shape_geometry_primary,1.0,1.0,0.20030686408979506,5.251710993997861,segment_coverage,car_supported,primary
transit:110-1@1#706:88:89,transit,S_0021305,gtfs_shape_geometry_primary,1.0,1.0,0.18058043195183082,5.572598536298813,segment_coverage,car_supported,primary
transit:110-1@1#706:88:89,transit,S_0021307,gtfs_shape_geometry_primary,1.0,1.0,0.2476173625303552,4.442790940912403,segment_coverage,car_supported,primary
transit:110-1@1#706:88:89,transit,S_0017849,gtfs_shape_geometry_primary,1.0,1.0,0.26323839304866303,12.80204683909757,segment_coverage,car_supported,primary
transit:110-1@1#706:88:89,transit,S_0017848,gtfs_shape_geometry_primary,1.0,1.0,0.14974621167623894,9.69041925243505,segment_coverage,car_supported,primary
transit:110-1@1#706:88:89,transit,S_0017852,gtfs_shape_geometry_primary,1.0,1.0,0.151106736176748,0.17210142282505103,segment_coverage,car_supported,primary
transit:110-1@1#706:88:89,transit,S_0047385,gtfs_shape_geometry_primary,0.5095939195771455,0.5095939195771455,0.08820384781950118,0.5551509358648019,segment_coverage,car_supported,primary
transit:495-1@1#746:23:24,transit,S_0013073,gtfs_shape_geometry_primary,1.0,1.0,0.30175270205630905,13.586650833355492,segment_coverage,car_supported,primary
transit:495-1@1#746:23:24,transit,S_0044371,gtfs_shape_geometry_primary,1.0,1.0,0.5870633146528897,11.540722381858487,both,car_supported,primary
transit:E703-2@1#740:38:39,transit,S_0041680,gtfs_shape_geometry_primary,1.0,1.0,0.25659219779143455,0.8492534972450869,segment_coverage,car_supported,primary
transit:E703-2@1#740:38:39,transit,S_0041667,gtfs_shape_geometry_primary,1.0,1.0,0.23850972903624165,0.14133969921638823,segment_coverage,car_supported,primary
transit:E703-2@1#740:38:39,transit,S_0041666,gtfs_shape_geometry_primary,1.0,1.0,0.16532284152107016,0.22485529464560727,segment_coverage,car_supported,primary
transit:E703-2@1#740:38:39,transit,S_0023176,gtfs_shape_geometry_primary,0.9746659669862654,0.9746659669862654,0.1456468705426179,0.1469108426771868,segment_coverage,car_supported,primary
transit:B55-1@1#711:80:81,transit,S_0023190,gtfs_shape_geometry_primary,1.0,1.0,0.1997795246319429,0.4550131956836907,segment_coverage,car_supported,primary
transit:B55-1@1#711:80:81,transit,S_0047667,gtfs_shape_geometry_primary,1.0,1.0,0.3924925483703608,0.40983547636936635,segment_coverage,car_supported,primary
transit:B55-1@1#711:80:81,transit,S_0023179,gtfs_shape_geometry_primary,1.0,1.0,0.17653581560384302,0.41890429109257354,segment_coverage,car_supported,primary
transit:B55-1@1#711:80:81,transit,S_0023180,gtfs_shape_geometry_primary,0.9499421838775749,0.9499421838775749,0.23997703115231067,0.441924407285498,segment_coverage,car_supported,primary
transit:346-1@1#806:6:7,transit,S_0033329,gtfs_shape_geometry_primary,1.0,1.0,0.5897389965894994,8.834222641719819,both,car_supported,primary
transit:346-1@1#806:6:7,transit,S_0033325,gtfs_shape_geometry_primary,0.832322792446262,0.832322792446262,0.4381829858898954,3.5887569529217274,segment_coverage,car_supported,primary
transit:756-2@1#730:49:50,transit,S_0032984,gtfs_shape_geometry_primary,0.8918748405571777,0.6309876643481275,0.8918748405571777,16.319599463894644,both,car_supported,primary
transit:T1-1@1#745:35:36,transit,S_0020950,gtfs_shape_geometry_primary,1.0,1.0,0.15722258761294894,0.14237787688126957,segment_coverage,car_supported,primary
transit:T1-1@1#745:35:36,transit,S_0020949,gtfs_shape_geometry_primary,1.0,1.0,0.15857437579573166,3.1190798379454208,segment_coverage,car_supported,primary
transit:T1-1@1#745:35:36,transit,S_0057895,gtfs_shape_geometry_primary,1.0,1.0,0.14959918543183134,9.202759568274573,segment_coverage,car_supported,primary
transit:T1-1@1#745:35:36,transit,S_0001645,gtfs_shape_geometry_primary,0.7708441911565762,0.7708441911565762,0.10970388394955255,41.47946577411483,segment_coverage,car_supported,primary
transit:T1-1@1#745:35:36,transit,S_0020953,gtfs_shape_geometry_primary,0.780796826088551,0.780796826088551,0.13891762245816178,23.183006009716408,segment_coverage,car_supported,primary
transit:286-2@1#720:81:82,transit,S_0037763,gtfs_shape_geometry_primary,1.0,1.0,0.21338420823216245,41.827515703601,segment_coverage,car_supported,primary
transit:286-2@1#720:81:82,transit,S_0004836,gtfs_shape_geometry_primary,1.0,1.0,0.6010211045119083,6.870806993274542,both,car_supported,primary
transit:286-2@1#720:81:82,transit,S_0004837,gtfs_shape_geometry_primary,0.9419599341682007,0.9419599341682007,0.4078724714528603,15.352347336311695,segment_coverage,car_supported,primary
transit:T11-2@1#737:40:41,transit,S_0059185,gtfs_shape_geometry_primary,0.5717140896217221,0.4874804591384103,0.5717140896217221,8.45328124333767,shape_coverage,car_supported,primary
transit:T11-2@1#737:40:41,transit,S_0017164,gtfs_shape_geometry_primary,1.0,1.0,0.16431307793373823,6.891427798119793,segment_coverage,car_supported,primary
transit:T11-2@1#737:40:41,transit,S_0059503,gtfs_shape_geometry_primary,1.0,1.0,0.5577504598824532,0.30168347154986463,both,car_supported,primary
transit:T11-2@1#737:40:41,transit,S_0011992,gtfs_shape_geometry_primary,0.7249965948085454,0.7152922623897662,0.7249965948085454,3.3924601943089243,both,car_supported,primary
transit:T11-2@1#737:40:41,transit,S_0043743,gtfs_shape_geometry_primary,0.7711755587668344,0.7711755587668344,0.13338875892102806,2.762604571927909,segment_coverage,car_supported,primary
transit:T11-2@1#737:40:41,transit,S_0059400,gtfs_shape_geometry_primary,0.968442494582183,0.968442494582183,0.42825493096948275,4.118023964840816,segment_coverage,car_supported,primary
transit:3973-1@1#736:50:51,transit,S_0017063,gtfs_shape_geometry_primary,0.984117303844446,0.984117303844446,0.09642460594159424,19.549498059377242,segment_coverage,car_supported,primary
transit:3973-1@1#736:50:51,transit,S_0017064,gtfs_shape_geometry_primary,0.9757596530257951,0.9757596530257951,0.03729940393909644,37.36448294517585,segment_coverage,car_supported,primary
transit:346-1@1#806:7:8,transit,S_0033325,gtfs_shape_geometry_primary,1.0,0.6150824737423226,1.0,3.7211829439158635,both,car_supported,primary
transit:T4-2@1#723:48:49,transit,S_0017325,gtfs_shape_geometry_primary,1.0,1.0,0.02935106970558252,11.879927326587612,segment_coverage,car_supported,primary
transit:T4-2@1#723:48:49,transit,S_0057619,gtfs_shape_geometry_primary,1.0,1.0,0.1480424614947223,7.220527903582443,segment_coverage,car_supported,primary
transit:T4-2@1#723:48:49,transit,S_0058927,gtfs_shape_geometry_primary,0.6329532531064245,0.6329532531064245,0.07168405481735386,16.618465230577208,segment_coverage,car_supported,primary
transit:346-1@1#806:8:9,transit,S_0033324,gtfs_shape_geometry_primary,1.0,1.0,0.36790264668861555,2.145507617744059,segment_coverage,car_supported,primary
transit:346-1@1#806:8:9,transit,S_0048210,gtfs_shape_geometry_primary,1.0,1.0,0.7703146324513576,0.09185695595033394,both,car_supported,primary
transit:T4-1@1#804:8:9,transit,S_0053439,gtfs_shape_geometry_primary,0.6019443499549206,0.43547644190564755,0.6019443499549206,0.0734400755028588,shape_coverage,car_supported,primary
transit:T4-1@1#804:8:9,transit,S_0018104,gtfs_shape_geometry_primary,0.6150850309384429,0.573782018501539,0.6150850309384429,0.23900398881058038,both,car_supported,primary
transit:110-1@1#706:89:90,transit,S_0047385,gtfs_shape_geometry_primary,0.8038514753888414,0.8038514753888414,0.7064269591560434,0.4929752938488008,both,car_supported,primary
transit:110-1@1#706:89:90,transit,S_0021449,gtfs_shape_geometry_primary,1.0,1.0,0.5791271022594501,1.1580573410310535,both,car_supported,primary
transit:110-1@1#803:10:11,transit,S_0015182,gtfs_shape_geometry_primary,0.5386294446979144,0.48787242228774824,0.5386294446979144,10.19512666671912,shape_coverage,car_supported,primary
transit:397-1@1#731:65:66,transit,S_0036178,gtfs_shape_geometry_primary,1.0,1.0,0.617109715584234,9.470673385542227,both,car_supported,primary
transit:E703-2@1#740:39:40,transit,S_0046269,gtfs_shape_geometry_primary,0.8017338305718711,0.8017338305718711,0.23646903283285026,3.5846383649537756,segment_coverage,car_supported,primary
transit:621-1@1#750:30:31,transit,S_0031671,gtfs_shape_geometry_primary,0.7566377779131297,0.7566377779131297,0.19413547307096238,0.6285566637544377,segment_coverage,car_supported,primary
transit:621-1@1#750:30:31,transit,S_0031673,gtfs_shape_geometry_primary,1.0,1.0,0.271338748631866,0.6464377400201045,segment_coverage,car_supported,primary
transit:621-1@1#750:30:31,transit,S_0049807,gtfs_shape_geometry_primary,1.0,1.0,0.21159402447322198,0.6355107048604935,segment_coverage,car_supported,primary
transit:621-1@1#750:30:31,transit,S_0049873,gtfs_shape_geometry_primary,1.0,1.0,0.275657042929898,0.6426955415980729,segment_coverage,car_supported,primary
transit:621-1@1#750:30:31,transit,S_0049888,gtfs_shape_geometry_primary,1.0,1.0,0.2603183580480156,1.7343767088594575,segment_coverage,car_supported,primary
transit:B55-1@1#711:81:82,transit,S_0023188,gtfs_shape_geometry_primary,0.6066768677436192,0.6066768677436192,0.29787613130244844,0.4296365088872989,segment_coverage,car_supported,primary
transit:T7-2@1#806:5:6,transit,S_0026203,gtfs_shape_geometry_primary,0.5817417085463176,0.5817417085463176,0.23461567431972521,0.49635148645309357,segment_coverage,car_supported,primary
transit:T7-2@1#806:5:6,transit,S_0023089,gtfs_shape_geometry_primary,1.0,1.0,0.23379003821114536,0.9842517715186005,segment_coverage,car_supported,primary
transit:T7-2@1#806:5:6,transit,S_0023088,gtfs_shape_geometry_primary,1.0,1.0,0.3063267471416331,0.7234296196647136,segment_coverage,car_supported,primary
transit:T7-2@1#806:5:6,transit,S_0008032,gtfs_shape_geometry_primary,1.0,1.0,0.2298977076823203,0.6605286849764695,segment_coverage,car_supported,primary
transit:T7-2@1#806:5:6,transit,S_0008021,gtfs_shape_geometry_primary,1.0,1.0,0.3146895620631046,0.6378212658771361,segment_coverage,car_supported,primary
transit:T7-2@1#806:5:6,transit,S_0008022,gtfs_shape_geometry_primary,1.0,1.0,0.4343554072436985,0.18603817394449607,segment_coverage,car_supported,primary
transit:T7-2@1#806:5:6,transit,S_0023084,gtfs_shape_geometry_primary,1.0,1.0,0.22607932079984136,1.7680849720633773,segment_coverage,car_supported,primary
transit:T7-2@1#806:5:6,transit,S_0023085,gtfs_shape_geometry_primary,1.0,1.0,0.2431223007308345,0.3178571845195677,segment_coverage,car_supported,primary
transit:T7-2@1#806:5:6,transit,S_0010659,gtfs_shape_geometry_primary,0.7695828082775097,0.7695828082775097,0.11634971706863731,0.3186298916168937,segment_coverage,car_supported,primary
transit:5203-1@1#746:27:28,transit,S_0019774,gtfs_shape_geometry_primary,1.0,1.0,0.4625132783342445,17.80292325306862,segment_coverage,car_supported,primary
transit:495-1@1#746:24:25,transit,S_0028860,gtfs_shape_geometry_primary,1.0,1.0,0.9889989894138351,0.5520372683291299,both,car_supported,primary
transit:495-1@1#746:24:25,transit,S_0013073,gtfs_shape_geometry_primary,0.8523487517971025,0.8523487517971025,0.2664143673506895,5.864220150640037,segment_coverage,car_supported,primary
transit:T4-1@1#804:9:10,transit,S_0053359,gtfs_shape_geometry_primary,0.6134978557799273,0.6134978557799273,0.5586309917317172,0.3565251956448634,both,car_supported,primary
transit:T4-1@1#804:9:10,transit,S_0011138,gtfs_shape_geometry_primary,1.0,1.0,0.13850265379005436,0.25676203744342274,segment_coverage,car_supported,primary
transit:T4-1@1#804:9:10,transit,S_0053439,gtfs_shape_geometry_primary,0.7212462608779379,0.7212462608779379,0.5214810203553063,0.2438004623679717,both,car_supported,primary
transit:3973-1@1#736:51:52,transit,S_0017063,gtfs_shape_geometry_primary,0.7523494766097134,0.7523494766097134,0.09564679773306796,27.783285089373152,segment_coverage,car_supported,primary
transit:3973-1@1#736:51:52,transit,S_0017027,gtfs_shape_geometry_primary,1.0,1.0,0.11337098015429142,42.75307047750633,segment_coverage,car_supported,primary
transit:3973-1@1#736:51:52,transit,S_0052666,gtfs_shape_geometry_primary,1.0,1.0,0.0676859104647236,43.94787791855131,segment_coverage,car_supported,primary
transit:T3-2@1#730:53:54,transit,S_0019465,gtfs_shape_geometry_primary,0.5777753180866179,0.5646065658788931,0.5777753180866179,19.300461757916466,both,car_supported,primary
transit:T3-2@1#730:53:54,transit,S_0010022,gtfs_shape_geometry_primary,0.7571187909569123,0.72005169712066,0.7571187909569123,19.564027209305095,both,car_supported,primary
transit:T3-2@1#730:53:54,transit,S_0010108,gtfs_shape_geometry_primary,0.7167070477539773,0.7167070477539773,0.07949566792177763,21.553085695814957,segment_coverage,car_supported,primary
transit:T11-2@1#737:41:42,transit,S_0059400,gtfs_shape_geometry_primary,0.7925488553307608,0.18621817811223687,0.7925488553307608,8.724170057883256,shape_coverage,car_supported,primary
transit:T11-2@1#737:41:42,transit,S_0057855,gtfs_shape_geometry_primary,0.9394326896965349,0.9394326896965349,0.8646560263141964,0.44692137383675856,both,car_supported,primary
transit:346-1@1#806:9:10,transit,S_0048218,gtfs_shape_geometry_primary,1.0,0.9734359715640714,1.0,0.4503833428854733,both,car_supported,primary
transit:756-2@1#730:51:52,transit,S_0027000,gtfs_shape_geometry_primary,0.5370802367849655,0.17236617202308807,0.5370802367849655,11.148877744722284,shape_coverage,car_supported,primary
transit:862-1@1#750:20:21,transit,S_0054377,gtfs_shape_geometry_primary,1.0,1.0,0.3513808590148957,0.5147083423407537,segment_coverage,car_supported,primary
transit:862-1@1#750:20:21,transit,S_0028773,gtfs_shape_geometry_primary,0.5479911818269894,0.5479911818269894,0.06829893592520077,39.25124828548894,segment_coverage,car_supported,primary
transit:862-1@1#750:20:21,transit,S_0028664,gtfs_shape_geometry_primary,1.0,1.0,0.2801657263963151,0.8389654889978857,segment_coverage,car_supported,primary
transit:2601-1@1#755:23:24,transit,S_0032270,gtfs_shape_geometry_primary,0.5412485295815038,0.5412485295815038,0.391769757740996,11.75654130663628,segment_coverage,car_supported,primary
transit:110-1@1#706:90:91,transit,S_0021448,gtfs_shape_geometry_primary,1.0,1.0,0.4662249437264438,0.7471626663444653,segment_coverage,car_supported,primary
transit:110-1@1#706:90:91,transit,S_0013948,gtfs_shape_geometry_primary,0.7983801072011003,0.7418143568207213,0.7983801072011003,0.2298635307738266,both,car_supported,primary
transit:110-1@1#803:11:12,transit,S_0016676,gtfs_shape_geometry_primary,1.0,1.0,0.09856732569336671,2.2835856083808608,segment_coverage,car_supported,primary
transit:110-1@1#803:11:12,transit,S_0016675,gtfs_shape_geometry_primary,1.0,1.0,0.10944981513040562,2.4023683530634656,segment_coverage,car_supported,primary
transit:110-1@1#803:11:12,transit,S_0043102,gtfs_shape_geometry_primary,1.0,1.0,0.14362510829269953,6.026359928094493,segment_coverage,car_supported,primary
transit:110-1@1#803:11:12,transit,S_0043106,gtfs_shape_geometry_primary,0.9240702494998312,0.9240702494998312,0.14016382164661678,19.326296620786493,segment_coverage,car_supported,primary
transit:110-1@1#803:11:12,transit,S_0053041,gtfs_shape_geometry_primary,1.0,1.0,0.100063554214812,5.448014361700217,segment_coverage,car_supported,primary
transit:110-1@1#803:11:12,transit,S_0000118,gtfs_shape_geometry_primary,1.0,1.0,0.10966243712456597,8.53622852178566,segment_coverage,car_supported,primary
transit:110-1@1#803:11:12,transit,S_0000117,gtfs_shape_geometry_primary,1.0,1.0,0.11215634906536817,8.989611921932521,segment_coverage,car_supported,primary
transit:110-1@1#803:11:12,transit,S_0000120,gtfs_shape_geometry_primary,1.0,1.0,0.09174508141368219,3.7627584924426145,segment_coverage,car_supported,primary
transit:110-1@1#803:11:12,transit,S_0052920,gtfs_shape_geometry_primary,1.0,1.0,0.07332097163233289,3.4299946053072574,segment_coverage,car_supported,primary
transit:110-1@1#803:11:12,transit,S_0040987,gtfs_shape_geometry_primary,1.0,1.0,0.12055996580880465,4.919303271742109,segment_coverage,car_supported,primary
transit:110-1@1#803:11:12,transit,S_0040988,gtfs_shape_geometry_primary,0.8459947539082731,0.8459947539082731,0.07967096382429553,6.443147145881923,segment_coverage,car_supported,primary
transit:621-1@1#750:31:32,transit,S_0031674,gtfs_shape_geometry_primary,0.8400991813035248,0.8400991813035248,0.42251869502241945,5.505260410169058,segment_coverage,car_supported,primary
transit:621-1@1#750:31:32,transit,S_0005192,gtfs_shape_geometry_primary,1.0,1.0,0.19168769058079443,4.251396598483325,segment_coverage,car_supported,primary
transit:621-1@1#750:31:32,transit,S_0005189,gtfs_shape_geometry_primary,1.0,1.0,0.15484252052039285,2.514207201840563,segment_coverage,car_supported,primary
transit:621-1@1#750:31:32,transit,S_0031665,gtfs_shape_geometry_primary,1.0,1.0,0.16153607635128742,1.7721322010633287,segment_coverage,car_supported,primary
transit:621-1@1#750:31:32,transit,S_0031667,gtfs_shape_geometry_primary,1.0,1.0,0.10784876257503874,1.0411569713886308,segment_coverage,car_supported,primary
transit:621-1@1#750:31:32,transit,S_0031670,gtfs_shape_geometry_primary,1.0,1.0,0.19657024848596572,37.19832439422946,segment_coverage,car_supported,primary
transit:621-1@1#750:31:32,transit,S_0031669,gtfs_shape_geometry_primary,1.0,1.0,0.2181326720114836,0.3635927640998702,segment_coverage,car_supported,primary
transit:621-1@1#750:31:32,transit,S_0031671,gtfs_shape_geometry_primary,0.6184613638614218,0.6184613638614218,0.11463451943822937,0.6285566635049378,segment_coverage,car_supported,primary
transit:E703-2@1#740:40:41,transit,S_0041856,gtfs_shape_geometry_primary,1.0,1.0,0.032801004923112546,0.7266816795321063,segment_coverage,car_supported,primary
transit:E703-2@1#740:40:41,transit,S_0023170,gtfs_shape_geometry_primary,1.0,1.0,0.037854728076835695,0.44138493811240664,segment_coverage,car_supported,primary
transit:E703-2@1#740:40:41,transit,S_0023172,gtfs_shape_geometry_primary,1.0,1.0,0.03789505962981103,0.447884016945693,segment_coverage,car_supported,primary
transit:E703-2@1#740:40:41,transit,S_0041887,gtfs_shape_geometry_primary,1.0,1.0,0.03434562665435505,0.615035943598798,segment_coverage,car_supported,primary
transit:E703-2@1#740:40:41,transit,S_0046174,gtfs_shape_geometry_primary,1.0,1.0,0.03425191056440144,0.21822722515608461,segment_coverage,car_supported,primary
transit:E703-2@1#740:40:41,transit,S_0046176,gtfs_shape_geometry_primary,1.0,1.0,0.047605410256543516,10.513658801153639,segment_coverage,car_supported,primary
transit:E703-2@1#740:40:41,transit,S_0041877,gtfs_shape_geometry_primary,1.0,1.0,0.030764484029888833,7.72188283404715,segment_coverage,car_supported,primary
transit:E703-2@1#740:40:41,transit,S_0013871,gtfs_shape_geometry_primary,0.8781955838014993,0.8781955838014993,0.0704954315487756,22.0678107342936,segment_coverage,car_supported,primary
transit:E703-2@1#740:40:41,transit,S_0046170,gtfs_shape_geometry_primary,0.627510451183989,0.627510451183989,0.038150763646076086,3.0753585696074204,segment_coverage,car_supported,primary
transit:E703-2@1#740:40:41,transit,S_0014997,gtfs_shape_geometry_primary,1.0,1.0,0.03190164923322243,44.597956039381444,segment_coverage,car_supported,primary
transit:E703-2@1#740:40:41,transit,S_0043150,gtfs_shape_geometry_primary,0.5224624329600789,0.5224624329600789,0.03144484092865909,41.14081082451004,segment_coverage,car_supported,primary
transit:E703-2@1#740:40:41,transit,S_0014994,gtfs_shape_geometry_primary,1.0,1.0,0.03757070740613617,6.482467353148621,segment_coverage,car_supported,primary
transit:E703-2@1#740:40:41,transit,S_0014992,gtfs_shape_geometry_primary,1.0,1.0,0.03159063935350956,30.99854352712299,segment_coverage,car_supported,primary
transit:T6-1@1#753:20:21,transit,S_0028515,gtfs_shape_geometry_primary,0.9390283692075608,0.9390283692075608,0.4334418221890549,0.7641281016780965,segment_coverage,car_supported,primary
transit:T6-1@1#753:20:21,transit,S_0028513,gtfs_shape_geometry_primary,0.7812272812967304,0.7159018297336064,0.7812272812967304,13.941399700114303,both,car_supported,primary
transit:T1-1@1#745:37:38,transit,S_0048494,gtfs_shape_geometry_primary,0.6173000865625101,0.46210964714334746,0.6173000865625101,14.047174890820628,shape_coverage,car_supported,primary
transit:T1-1@1#745:37:38,transit,S_0006317,gtfs_shape_geometry_primary,1.0,1.0,0.4295441673161642,19.405094349509064,segment_coverage,car_supported,primary
transit:T7-2@1#806:6:7,transit,S_0010659,gtfs_shape_geometry_primary,1.0,1.0,0.499770931268731,0.5238128532756718,segment_coverage,car_supported,primary
transit:T7-2@1#806:6:7,transit,S_0010655,gtfs_shape_geometry_primary,1.0,1.0,0.46554921045229486,0.4243208146475723,segment_coverage,car_supported,primary
transit:T7-2@1#806:6:7,transit,S_0010656,gtfs_shape_geometry_primary,1.0,1.0,0.7075760463892175,0.3894113283669469,both,car_supported,primary
transit:T7-2@1#806:6:7,transit,S_0042131,gtfs_shape_geometry_primary,1.0,1.0,0.5866932737466788,0.4268600914815721,both,car_supported,primary
transit:T7-2@1#806:6:7,transit,S_0017830,gtfs_shape_geometry_primary,1.0,1.0,0.21187707058032038,0.36037921412749085,segment_coverage,car_supported,primary
transit:346-1@1#806:10:11,transit,S_0033358,gtfs_shape_geometry_primary,1.0,1.0,0.4906911396515959,0.14435163838174958,segment_coverage,car_supported,primary
transit:3973-1@1#736:52:53,transit,S_0020971,gtfs_shape_geometry_primary,1.0,1.0,0.11860318065331221,10.098772523940198,segment_coverage,car_supported,primary
transit:T4-1@1#804:10:11,transit,S_0053359,gtfs_shape_geometry_primary,0.5116986055472563,0.5116986055472563,0.3266224046459863,0.3565251957187172,segment_coverage,car_supported,primary
transit:T4-1@1#804:10:11,transit,S_0020558,gtfs_shape_geometry_primary,1.0,1.0,0.3627050205417602,0.16506634523770458,segment_coverage,car_supported,primary
transit:T3-2@1#730:54:55,transit,S_0010108,gtfs_shape_geometry_primary,1.0,1.0,0.1003984064804161,11.183500842811029,segment_coverage,car_supported,primary
transit:T3-2@1#730:54:55,transit,S_0019479,gtfs_shape_geometry_primary,1.0,1.0,0.110558581580514,4.776054738801577,segment_coverage,car_supported,primary
transit:T3-2@1#730:54:55,transit,S_0019480,gtfs_shape_geometry_primary,1.0,1.0,0.18623204162042306,15.942038532498984,segment_coverage,car_supported,primary
transit:T3-2@1#730:54:55,transit,S_0019484,gtfs_shape_geometry_primary,1.0,1.0,0.3266855461217362,2.0857108240474673,segment_coverage,car_supported,primary
transit:T3-2@1#730:54:55,transit,S_0042230,gtfs_shape_geometry_primary,1.0,1.0,0.31145816618258204,0.5771745083751085,segment_coverage,car_supported,primary
transit:T3-2@1#730:54:55,transit,S_0042224,gtfs_shape_geometry_primary,1.0,1.0,0.3198271620232594,0.9468531934084581,segment_coverage,car_supported,primary
transit:T11-2@1#737:42:43,transit,S_0057855,gtfs_shape_geometry_primary,0.7762764300594059,0.7762764300594059,0.1626771102940292,3.5365184130638028,segment_coverage,car_supported,primary
transit:T11-2@1#737:42:43,transit,S_0020923,gtfs_shape_geometry_primary,1.0,1.0,0.3426306026569031,8.026480122627802,segment_coverage,car_supported,primary
transit:T11-2@1#737:42:43,transit,S_0020945,gtfs_shape_geometry_primary,1.0,1.0,0.2571368722509471,2.455140210087478,segment_coverage,car_supported,primary
transit:T11-2@1#737:42:43,transit,S_0019626,gtfs_shape_geometry_primary,0.681159493284951,0.681159493284951,0.18068621327368378,5.144075552429392,segment_coverage,car_supported,primary
transit:5203-1@1#811:1:2,transit,S_0028461,gtfs_shape_geometry_primary,1.0,1.0,0.034112012694314575,11.109584652000336,segment_coverage,car_supported,primary
transit:5203-1@1#811:1:2,transit,S_0028458,gtfs_shape_geometry_primary,1.0,1.0,0.14993709857287604,11.059347881890716,segment_coverage,car_supported,primary
transit:5203-1@1#811:1:2,transit,S_0028457,gtfs_shape_geometry_primary,1.0,1.0,0.041374700444912385,9.89007607009654,segment_coverage,car_supported,primary
transit:5203-1@1#811:1:2,transit,S_0012277,gtfs_shape_geometry_primary,1.0,1.0,0.07210389155293472,11.412241623150933,segment_coverage,car_supported,primary
transit:5203-1@1#811:1:2,transit,S_0042195,gtfs_shape_geometry_primary,1.0,1.0,0.05819281401409657,4.609381463009129,segment_coverage,car_supported,primary
transit:5203-1@1#811:1:2,transit,S_0018746,gtfs_shape_geometry_primary,0.8637183669956585,0.8637183669956585,0.05013901222726653,26.18423027389495,segment_coverage,car_supported,primary
transit:5203-1@1#811:1:2,transit,S_0056598,gtfs_shape_geometry_primary,1.0,1.0,0.07720416120524688,0.3100433279173558,segment_coverage,car_supported,primary
transit:5203-1@1#811:1:2,transit,S_0056576,gtfs_shape_geometry_primary,1.0,1.0,0.06260435789590275,0.8232440397028284,segment_coverage,car_supported,primary
transit:5203-1@1#811:1:2,transit,S_0050639,gtfs_shape_geometry_primary,1.0,1.0,0.06293185740022642,3.7832238811165126,segment_coverage,car_supported,primary
transit:5203-1@1#811:1:2,transit,S_0018749,gtfs_shape_geometry_primary,0.8319930375326896,0.8319930375326896,0.06312233376269269,19.34864684694738,segment_coverage,car_supported,primary
transit:5203-1@1#811:1:2,transit,S_0050638,gtfs_shape_geometry_primary,1.0,1.0,0.03982680146345206,36.129238946275436,segment_coverage,car_supported,primary
transit:5203-1@1#811:1:2,transit,S_0018750,gtfs_shape_geometry_primary,1.0,1.0,0.04522981725245811,33.70681990623964,segment_coverage,car_supported,primary
transit:5203-1@1#811:1:2,transit,S_0012862,gtfs_shape_geometry_primary,1.0,1.0,0.0834885100574145,17.27141258051087,segment_coverage,car_supported,primary
transit:5203-1@1#811:1:2,transit,S_0012860,gtfs_shape_geometry_primary,1.0,1.0,0.06670735910647295,39.88627224846229,segment_coverage,car_supported,primary
transit:621-1@1#750:32:33,transit,S_0026044,gtfs_shape_geometry_primary,0.7668959677100927,0.7668959677100927,0.14726220989145408,5.603929202243187,segment_coverage,car_supported,primary
transit:621-1@1#750:32:33,transit,S_0026041,gtfs_shape_geometry_primary,1.0,1.0,0.03229159130094272,3.7367712229231103,segment_coverage,car_supported,primary
transit:621-1@1#750:32:33,transit,S_0026047,gtfs_shape_geometry_primary,1.0,1.0,0.17286665729999587,2.095518242063264,segment_coverage,car_supported,primary
transit:179-1@1#720:63:64,transit,S_0016439,gtfs_shape_geometry_primary,0.5778267865703993,0.5778267865703993,0.07858499899364743,7.171944283905063,segment_coverage,car_supported,primary
transit:179-1@1#720:63:64,transit,S_0016437,gtfs_shape_geometry_primary,1.0,1.0,0.0795078915777414,1.259677652028401,segment_coverage,car_supported,primary
transit:179-1@1#720:63:64,transit,S_0031225,gtfs_shape_geometry_primary,1.0,1.0,0.0384055139853185,1.2881315876955597,segment_coverage,car_supported,primary
transit:179-1@1#720:63:64,transit,S_0036425,gtfs_shape_geometry_primary,1.0,1.0,0.07074540252515918,4.64000930433329,segment_coverage,car_supported,primary
transit:179-1@1#720:63:64,transit,S_0036426,gtfs_shape_geometry_primary,0.6495511584510159,0.6495511584510159,0.1186606671915759,12.410486761625677,segment_coverage,car_supported,primary
transit:179-1@1#720:63:64,transit,S_0059552,gtfs_shape_geometry_primary,0.948699781210846,0.948699781210846,0.4399724147596622,6.556666413328074,segment_coverage,car_supported,primary
transit:179-1@1#720:63:64,transit,S_0021533,gtfs_shape_geometry_primary,0.605823785677376,0.605823785677376,0.03524165446126682,39.61937227118605,segment_coverage,car_supported,primary
transit:179-1@1#720:63:64,transit,S_0002294,gtfs_shape_geometry_primary,0.5562938235065346,0.5562938235065346,0.0728857590015302,5.023398626300619,segment_coverage,car_supported,primary
transit:179-1@1#720:63:64,transit,S_0002295,gtfs_shape_geometry_primary,1.0,1.0,0.04567531018302569,0.9672364142911078,segment_coverage,car_supported,primary
transit:179-1@1#720:63:64,transit,S_0059323,gtfs_shape_geometry_primary,1.0,1.0,0.07192035690672148,14.435022380410942,segment_coverage,car_supported,primary
transit:179-1@1#720:63:64,transit,S_0029509,gtfs_shape_geometry_primary,1.0,1.0,0.050908410078077344,0.9726079872676792,segment_coverage,car_supported,primary
transit:179-1@1#720:63:64,transit,S_0009402,gtfs_shape_geometry_primary,1.0,1.0,0.04735324424965102,0.9673352492731055,segment_coverage,car_supported,primary
transit:179-1@1#720:63:64,transit,S_0009400,gtfs_shape_geometry_primary,0.982713315229048,0.982713315229048,0.08287787338967008,0.8270870413223008,segment_coverage,car_supported,primary
transit:179-1@1#720:63:64,transit,S_0048273,gtfs_shape_geometry_primary,0.6410958876662772,0.6410958876662772,0.12307720302460573,29.040195208857305,segment_coverage,car_supported,primary
transit:179-1@1#720:63:64,transit,S_0014927,gtfs_shape_geometry_primary,1.0,1.0,0.04993733050839609,2.9067834425256365,segment_coverage,car_supported,primary
transit:179-1@1#720:63:64,transit,S_0028174,gtfs_shape_geometry_primary,1.0,1.0,0.08155093269291805,4.479935331962835,segment_coverage,car_supported,primary
transit:179-1@1#720:63:64,transit,S_0028176,gtfs_shape_geometry_primary,1.0,1.0,0.074776900643047,1.7126614166046892,segment_coverage,car_supported,primary
transit:179-1@1#720:63:64,transit,S_0055198,gtfs_shape_geometry_primary,1.0,1.0,0.050392109951348206,1.1254612072760608,segment_coverage,car_supported,primary
transit:179-1@1#720:63:64,transit,S_0026196,gtfs_shape_geometry_primary,1.0,1.0,0.06622771633230627,1.5499002474543033,segment_coverage,car_supported,primary
transit:179-1@1#720:63:64,transit,S_0026193,gtfs_shape_geometry_primary,1.0,1.0,0.05251897264059444,0.20775953503714106,segment_coverage,car_supported,primary
transit:179-1@1#720:63:64,transit,S_0028168,gtfs_shape_geometry_primary,0.9709171907191865,0.9709171907191865,0.05068416270485457,0.1993704676861654,segment_coverage,car_supported,primary
transit:B55-1@1#711:83:84,transit,S_0023263,gtfs_shape_geometry_primary,1.0,0.7180009704304251,1.0,1.1465665508101779,both,car_supported,primary
transit:E703-2@1#740:41:42,transit,S_0041856,gtfs_shape_geometry_primary,1.0,1.0,0.19813206793987967,0.7266816795142574,segment_coverage,car_supported,primary
transit:E703-2@1#740:41:42,transit,S_0023170,gtfs_shape_geometry_primary,1.0,1.0,0.2286587125223629,0.44138493811240664,segment_coverage,car_supported,primary
transit:E703-2@1#740:41:42,transit,S_0023172,gtfs_shape_geometry_primary,1.0,1.0,0.22890233231428553,0.447884016945693,segment_coverage,car_supported,primary
transit:E703-2@1#740:41:42,transit,S_0041887,gtfs_shape_geometry_primary,1.0,1.0,0.2071208985307626,0.615035943598798,segment_coverage,car_supported,primary
transit:E703-2@1#740:41:42,transit,S_0041877,gtfs_shape_geometry_primary,1.0,1.0,0.18583061263604247,7.72188283404715,segment_coverage,car_supported,primary
transit:211-1@1#720:65:66,transit,S_0040570,gtfs_shape_geometry_primary,1.0,1.0,0.08360542946062945,44.88263212138564,segment_coverage,car_supported,primary
transit:211-1@1#720:65:66,transit,S_0050903,gtfs_shape_geometry_primary,1.0,1.0,0.07169080872449404,44.72728505351357,segment_coverage,car_supported,primary
transit:862-1@1#750:21:22,transit,S_0053741,gtfs_shape_geometry_primary,1.0,1.0,0.2876904527017724,1.1161078265156164,segment_coverage,car_supported,primary
transit:862-1@1#750:21:22,transit,S_0028085,gtfs_shape_geometry_primary,1.0,1.0,0.28129317298619416,0.5997189699546652,segment_coverage,car_supported,primary
transit:862-1@1#750:21:22,transit,S_0053733,gtfs_shape_geometry_primary,0.5535629526922383,0.5535629526922383,0.18684666037351405,6.344729840790876,segment_coverage,car_supported,primary
transit:T4-2@1#723:50:51,transit,S_0034856,gtfs_shape_geometry_primary,1.0,1.0,0.09880894659799085,1.7162388543846276,segment_coverage,car_supported,primary
transit:T4-2@1#723:50:51,transit,S_0034853,gtfs_shape_geometry_primary,0.8340213542831197,0.8340213542831197,0.0849249918769053,43.504730459522506,segment_coverage,car_supported,primary
transit:T4-2@1#723:50:51,transit,S_0034855,gtfs_shape_geometry_primary,0.5172591796679887,0.5172591796679887,0.06990635966013838,38.91238165661976,segment_coverage,car_supported,primary
transit:T4-2@1#723:50:51,transit,S_0034617,gtfs_shape_geometry_primary,1.0,1.0,0.7480221928163978,0.5156569024168078,both,car_supported,primary
transit:T4-2@1#723:50:51,transit,S_0015025,gtfs_shape_geometry_primary,1.0,1.0,0.24194896780575703,0.10443681844984098,segment_coverage,car_supported,primary
transit:T4-2@1#723:50:51,transit,S_0034613,gtfs_shape_geometry_primary,1.0,1.0,0.14883774858473808,0.6316318672402872,segment_coverage,car_supported,primary
transit:T4-2@1#723:50:51,transit,S_0015022,gtfs_shape_geometry_primary,1.0,1.0,0.165884563930956,0.5990981383070988,segment_coverage,car_supported,primary
transit:T4-2@1#723:50:51,transit,S_0017326,gtfs_shape_geometry_primary,1.0,1.0,0.059996089561702305,0.4443507602568957,segment_coverage,car_supported,primary
transit:494-2@1#737:36:37,transit,S_0025793,gtfs_shape_geometry_primary,0.994551030289657,0.994551030289657,0.38726345867248796,14.516815547024162,segment_coverage,car_supported,primary
transit:3973-1@1#736:53:54,transit,S_0020969,gtfs_shape_geometry_primary,1.0,0.8556678815668114,1.0,7.926232854585436,both,car_supported,primary
transit:T6-1@1#753:21:22,transit,S_0053788,gtfs_shape_geometry_primary,0.9686656821402319,0.9686656821402319,0.2956937590616045,27.04595093614155,segment_coverage,car_supported,primary
transit:T6-1@1#753:21:22,transit,S_0028520,gtfs_shape_geometry_primary,1.0,1.0,0.39582718143449047,10.34046482447495,segment_coverage,car_supported,primary
transit:T6-1@1#753:21:22,transit,S_0028515,gtfs_shape_geometry_primary,0.5463586184388378,0.5463586184388378,0.15356500357131916,0.7641281016348387,segment_coverage,car_supported,primary
transit:346-1@1#806:11:12,transit,S_0033782,gtfs_shape_geometry_primary,1.0,1.0,0.2500076396362764,32.87681921181672,segment_coverage,car_supported,primary
transit:346-1@1#806:11:12,transit,S_0033330,gtfs_shape_geometry_primary,0.6793818095785287,0.6793818095785287,0.42563736252552437,21.54683950029775,segment_coverage,car_supported,primary
transit:T7-2@1#806:7:8,transit,S_0042131,gtfs_shape_geometry_primary,0.5615466727140195,0.5615466727140195,0.04146698814084116,0.426860091277959,segment_coverage,car_supported,primary
transit:T7-2@1#806:7:8,transit,S_0017830,gtfs_shape_geometry_primary,1.0,1.0,0.075368578948806,0.3603792141112905,segment_coverage,car_supported,primary
transit:T7-2@1#806:7:8,transit,S_0017828,gtfs_shape_geometry_primary,1.0,1.0,0.2091272859628803,0.7033028568528294,segment_coverage,car_supported,primary
transit:T7-2@1#806:7:8,transit,S_0007923,gtfs_shape_geometry_primary,1.0,1.0,0.11154175232689838,0.5739452529741698,segment_coverage,car_supported,primary
transit:T7-2@1#806:7:8,transit,S_0007924,gtfs_shape_geometry_primary,1.0,1.0,0.13347761142490308,0.553496774745355,segment_coverage,car_supported,primary
transit:T7-2@1#806:7:8,transit,S_0021309,gtfs_shape_geometry_primary,0.8455952888524914,0.8455952888524914,0.12363207886571713,3.0738538266028286,segment_coverage,car_supported,primary
transit:T7-2@1#806:7:8,transit,S_0049223,gtfs_shape_geometry_primary,1.0,1.0,0.1333617785840973,39.55663913087821,segment_coverage,car_supported,primary
transit:T7-2@1#806:7:8,transit,S_0021312,gtfs_shape_geometry_primary,1.0,1.0,0.1347757679684188,0.6673650212957654,segment_coverage,car_supported,primary
transit:T7-2@1#806:7:8,transit,S_0021306,gtfs_shape_geometry_primary,1.0,1.0,0.20030686408979506,5.251710993997861,segment_coverage,car_supported,primary
transit:T7-2@1#806:7:8,transit,S_0021305,gtfs_shape_geometry_primary,1.0,1.0,0.18058043195183082,5.572598536298813,segment_coverage,car_supported,primary
transit:T7-2@1#806:7:8,transit,S_0021307,gtfs_shape_geometry_primary,1.0,1.0,0.2476173625303552,4.442790940912403,segment_coverage,car_supported,primary
transit:T7-2@1#806:7:8,transit,S_0017849,gtfs_shape_geometry_primary,1.0,1.0,0.26323839304866303,12.80204683909757,segment_coverage,car_supported,primary
transit:T7-2@1#806:7:8,transit,S_0017848,gtfs_shape_geometry_primary,1.0,1.0,0.14974621167623894,9.69041925243505,segment_coverage,car_supported,primary
transit:T7-2@1#806:7:8,transit,S_0017852,gtfs_shape_geometry_primary,1.0,1.0,0.151106736176748,0.17210142282505103,segment_coverage,car_supported,primary
transit:T7-2@1#806:7:8,transit,S_0047385,gtfs_shape_geometry_primary,0.5095939195771455,0.5095939195771455,0.08820384781950118,0.5551509358648019,segment_coverage,car_supported,primary
transit:T3-2@1#730:55:56,transit,S_0042252,gtfs_shape_geometry_primary,0.7018621679141664,0.7018621679141664,0.36320888638300025,0.6579047746813131,segment_coverage,car_supported,primary
transit:T3-2@1#730:55:56,transit,S_0042225,gtfs_shape_geometry_primary,1.0,1.0,0.7874967546422866,2.4335296722555597,both,car_supported,primary
transit:491-1@1#805:6:7,transit,S_0035147,gtfs_shape_geometry_primary,1.0,1.0,0.21895839165595618,28.78739810920152,segment_coverage,car_supported,primary
transit:491-1@1#805:6:7,transit,S_0033045,gtfs_shape_geometry_primary,0.6066898836272234,0.6066898836272234,0.17895533765264873,33.03360631572518,segment_coverage,car_supported,primary
transit:621-1@1#750:33:34,transit,S_0018749,gtfs_shape_geometry_primary,0.8319930375337222,0.8319930375337222,0.06705827603279445,18.286963875120183,segment_coverage,car_supported,primary
transit:621-1@1#750:33:34,transit,S_0012862,gtfs_shape_geometry_primary,1.0,1.0,0.1237943807616322,17.271412580510855,segment_coverage,car_supported,primary
transit:179-1@1#720:64:65,transit,S_0026196,gtfs_shape_geometry_primary,0.860780911827674,0.6526293528681968,0.860780911827674,1.6073653043876988,both,car_supported,primary
transit:179-1@1#720:64:65,transit,S_0026193,gtfs_shape_geometry_primary,1.0,1.0,1.0,0.20073780238367078,both,car_supported,primary
transit:179-1@1#720:64:65,transit,S_0028168,gtfs_shape_geometry_primary,0.5252933186038484,0.27231228042728317,0.5252933186038484,0.19937046773200962,shape_coverage,car_supported,primary
transit:T4-1@1#804:11:12,transit,S_0053382,gtfs_shape_geometry_primary,1.0,1.0,0.3436356725529104,2.8725401133659147,segment_coverage,car_supported,primary
transit:T4-1@1#804:11:12,transit,S_0053381,gtfs_shape_geometry_primary,1.0,1.0,0.4466164366083159,0.7173015922908945,segment_coverage,car_supported,primary
transit:T4-1@1#804:11:12,transit,S_0053422,gtfs_shape_geometry_primary,1.0,1.0,0.17873504928005082,4.738144335438818,segment_coverage,car_supported,primary
transit:T4-1@1#804:11:12,transit,S_0053354,gtfs_shape_geometry_primary,1.0,1.0,0.2928553163849421,2.431778712529564,segment_coverage,car_supported,primary
transit:T4-1@1#804:11:12,transit,S_0053355,gtfs_shape_geometry_primary,1.0,1.0,0.25909139105694295,0.2021086320521448,segment_coverage,car_supported,primary
transit:T4-1@1#804:11:12,transit,S_0054249,gtfs_shape_geometry_primary,0.6401980918391411,0.6401980918391411,0.02521563195284699,1.3266557768739915,segment_coverage,car_supported,primary
transit:2701-2@1#810:4:5,transit,S_0011996,gtfs_shape_geometry_primary,0.5639712658013579,0.5639712658013579,0.16325095809309828,0.8244713731648687,segment_coverage,car_supported,primary
transit:2701-2@1#810:4:5,transit,S_0042477,gtfs_shape_geometry_primary,0.8239525951814323,0.8239525951814323,0.32760279316521457,6.971754582569048,segment_coverage,car_supported,primary
transit:2701-2@1#810:4:5,transit,S_0042478,gtfs_shape_geometry_primary,0.7369348143476528,0.7369348143476528,0.26374523544622613,2.768864666361708,segment_coverage,car_supported,primary
transit:E703-2@1#740:42:43,transit,S_0046174,gtfs_shape_geometry_primary,0.7282118571905394,0.7282118571905394,0.018309080487317997,0.3781660468967516,segment_coverage,car_supported,primary
transit:E703-2@1#740:42:43,transit,S_0046176,gtfs_shape_geometry_primary,1.0,1.0,0.06443771437518808,10.513658802456348,segment_coverage,car_supported,primary
transit:E703-2@1#740:42:43,transit,S_0013871,gtfs_shape_geometry_primary,0.8781955838014993,0.8781955838014993,0.11125552686050508,22.0678107342936,segment_coverage,car_supported,primary
transit:E703-2@1#740:42:43,transit,S_0046170,gtfs_shape_geometry_primary,0.627510451183989,0.627510451183989,0.06020933862413554,3.0753585696074204,segment_coverage,car_supported,primary
transit:E703-2@1#740:42:43,transit,S_0014997,gtfs_shape_geometry_primary,1.0,1.0,0.05034701845474176,44.597956039381444,segment_coverage,car_supported,primary
transit:E703-2@1#740:42:43,transit,S_0043150,gtfs_shape_geometry_primary,0.5224624329600789,0.5224624329600789,0.04962608594206844,41.14081082451004,segment_coverage,car_supported,primary
transit:E703-2@1#740:42:43,transit,S_0014994,gtfs_shape_geometry_primary,1.0,1.0,0.05929389685485454,6.482467353148621,segment_coverage,car_supported,primary
transit:E703-2@1#740:42:43,transit,S_0014992,gtfs_shape_geometry_primary,1.0,1.0,0.04985618426497816,30.99854352712299,segment_coverage,car_supported,primary
transit:T2A-1@1#801:17:18,transit,S_0030918,gtfs_shape_geometry_primary,0.7635178905439389,0.2873099255670522,0.7635178905439389,0.10087235762154023,shape_coverage,car_supported,primary
transit:T2A-1@1#801:17:18,transit,S_0001255,gtfs_shape_geometry_primary,0.8560054879256181,0.7779075133703973,0.8560054879256181,1.2894101181418733,both,car_supported,primary
transit:T3-2@1#758:19:20,transit,S_0040460,gtfs_shape_geometry_primary,1.0,1.0,0.3498321727476053,35.93681176700019,segment_coverage,car_supported,primary
transit:T3-2@1#758:19:20,transit,S_0058239,gtfs_shape_geometry_primary,1.0,1.0,0.3030965508856844,38.12398545239611,segment_coverage,car_supported,primary
transit:T3-1@1#744:37:38,transit,S_0028250,gtfs_shape_geometry_primary,0.7430866736914375,0.7430866736914375,0.21327147590956483,0.3940295322604612,segment_coverage,car_supported,primary
transit:T3-1@1#744:37:38,transit,S_0021736,gtfs_shape_geometry_primary,1.0,1.0,0.45558612501085677,0.4761940089990304,segment_coverage,car_supported,primary
transit:T3-1@1#744:37:38,transit,S_0021734,gtfs_shape_geometry_primary,1.0,1.0,0.5717334993408396,0.905767559758516,both,car_supported,primary
transit:T6-2@1#753:23:24,transit,S_0036064,gtfs_shape_geometry_primary,1.0,1.0,0.4065039675590973,6.939175895103375,segment_coverage,car_supported,primary
transit:T6-2@1#753:23:24,transit,S_0022602,gtfs_shape_geometry_primary,0.9011413769638066,0.9011413769638066,0.24623910425689832,11.010901013446698,segment_coverage,car_supported,primary
transit:T6-2@1#753:23:24,transit,S_0022603,gtfs_shape_geometry_primary,0.5126447744142444,0.5126447744142444,0.14665415764902356,10.887866062699231,segment_coverage,car_supported,primary
transit:862-1@1#750:22:23,transit,S_0028553,gtfs_shape_geometry_primary,1.0,1.0,0.07589198399039716,3.4939025280943294,segment_coverage,car_supported,primary
transit:862-1@1#750:22:23,transit,S_0053733,gtfs_shape_geometry_primary,0.683928608967653,0.683928608967653,0.1463135328270059,1.5333905618790595,segment_coverage,car_supported,primary
transit:862-1@1#750:22:23,transit,S_0053664,gtfs_shape_geometry_primary,1.0,1.0,0.035628524726760105,3.392307139623796,segment_coverage,car_supported,primary
transit:862-1@1#750:22:23,transit,S_0028539,gtfs_shape_geometry_primary,1.0,1.0,0.08618400513942631,2.628258161462668,segment_coverage,car_supported,primary
transit:862-1@1#750:22:23,transit,S_0028548,gtfs_shape_geometry_primary,1.0,1.0,0.08823535934035934,0.501294963581131,segment_coverage,car_supported,primary
transit:862-1@1#750:22:23,transit,S_0028541,gtfs_shape_geometry_primary,1.0,1.0,0.164489175182578,5.713330931995415,segment_coverage,car_supported,primary
transit:862-1@1#750:22:23,transit,S_0028550,gtfs_shape_geometry_primary,1.0,1.0,0.17631839834126442,0.7242336372976119,segment_coverage,car_supported,primary
transit:862-1@1#750:22:23,transit,S_0028554,gtfs_shape_geometry_primary,1.0,1.0,0.17840536134685525,0.7852775610796812,segment_coverage,car_supported,primary
transit:862-1@1#750:22:23,transit,S_0028551,gtfs_shape_geometry_primary,1.0,1.0,0.17561763133857158,0.2527058095366215,segment_coverage,car_supported,primary
transit:862-1@1#750:22:23,transit,S_0056606,gtfs_shape_geometry_primary,1.0,1.0,0.23190342246436665,4.312859701841319,segment_coverage,car_supported,primary
transit:T6-1@1#753:22:23,transit,S_0028522,gtfs_shape_geometry_primary,1.0,1.0,0.8176096074646163,7.8751294214720815,both,car_supported,primary
transit:T6-1@1#753:22:23,transit,S_0028525,gtfs_shape_geometry_primary,0.9701634654741574,0.9701634654741574,0.2305497804543923,0.8094544598967275,segment_coverage,car_supported,primary
transit:T10-1@1#803:7:8,transit,S_0020106,gtfs_shape_geometry_primary,0.567949423561413,0.567949423561413,0.16790919442126057,2.6849344542647486,segment_coverage,car_supported,primary
transit:T10-1@1#803:7:8,transit,S_0027006,gtfs_shape_geometry_primary,1.0,1.0,0.3627067054515024,1.7693497943620287,segment_coverage,car_supported,primary
transit:T10-1@1#803:7:8,transit,S_0026999,gtfs_shape_geometry_primary,1.0,1.0,0.6494750732619322,3.2872568069910812,both,car_supported,primary
transit:T10-1@1#803:7:8,transit,S_0028820,gtfs_shape_geometry_primary,0.8072268337430537,0.8072268337430537,0.7520838278773919,2.535326792884206,both,car_supported,primary
transit:T10-1@1#803:7:8,transit,S_0027001,gtfs_shape_geometry_primary,1.0,1.0,0.29457535587618255,0.5817877930348629,segment_coverage,car_supported,primary
transit:T10-1@1#803:7:8,transit,S_0020105,gtfs_shape_geometry_primary,0.8629250585016595,0.8629250585016595,0.12726471194871647,3.6284988269283076,segment_coverage,car_supported,primary
transit:621-1@1#750:34:35,transit,S_0018746,gtfs_shape_geometry_primary,0.9913362061854857,0.9913362061854857,0.368039695794301,26.18423027416438,segment_coverage,car_supported,primary
transit:T3-2@1#730:56:57,transit,S_0042252,gtfs_shape_geometry_primary,0.5934550193437284,0.5934550193437284,0.21403582681759042,0.6579047747329412,segment_coverage,car_supported,primary
transit:T3-2@1#730:56:57,transit,S_0055109,gtfs_shape_geometry_primary,1.0,1.0,0.22933728990299487,0.48192184510384095,segment_coverage,car_supported,primary
transit:T3-2@1#730:56:57,transit,S_0048596,gtfs_shape_geometry_primary,1.0,1.0,0.3574883158415929,0.18561509834799494,segment_coverage,car_supported,primary
transit:T3-2@1#730:56:57,transit,S_0048595,gtfs_shape_geometry_primary,1.0,1.0,0.1480355519658482,1.5261427655853481,segment_coverage,car_supported,primary
transit:T3-2@1#730:56:57,transit,S_0041151,gtfs_shape_geometry_primary,1.0,1.0,0.4921066522888751,0.2975476958723391,segment_coverage,car_supported,primary
transit:494-2@1#737:37:38,transit,S_0025772,gtfs_shape_geometry_primary,1.0,1.0,0.104693217505145,15.923543096668539,segment_coverage,car_supported,primary
transit:494-2@1#737:37:38,transit,S_0006301,gtfs_shape_geometry_primary,1.0,1.0,0.11305648896609517,12.013590940347555,segment_coverage,car_supported,primary
transit:494-2@1#737:37:38,transit,S_0028919,gtfs_shape_geometry_primary,0.6556131174122126,0.6556131174122126,0.1347925675561165,16.248740197061863,segment_coverage,car_supported,primary
transit:494-2@1#737:37:38,transit,S_0006303,gtfs_shape_geometry_primary,1.0,1.0,0.24519210797918314,2.8372371314006983,segment_coverage,car_supported,primary
transit:494-2@1#737:37:38,transit,S_0020127,gtfs_shape_geometry_primary,1.0,1.0,0.20534083149139248,2.1958389318204183,segment_coverage,car_supported,primary
transit:494-2@1#737:37:38,transit,S_0048865,gtfs_shape_geometry_primary,1.0,1.0,0.10146406721669592,0.29891018501656674,segment_coverage,car_supported,primary
transit:494-2@1#737:37:38,transit,S_0006305,gtfs_shape_geometry_primary,1.0,1.0,0.09284411921842013,0.3154815010433225,segment_coverage,car_supported,primary
transit:494-2@1#737:37:38,transit,S_0006306,gtfs_shape_geometry_primary,1.0,1.0,0.09252595822035004,1.883661484612432,segment_coverage,car_supported,primary
transit:494-2@1#737:37:38,transit,S_0020128,gtfs_shape_geometry_primary,1.0,1.0,0.06647510998002096,0.4366406112054335,segment_coverage,car_supported,primary
transit:494-2@1#737:37:38,transit,S_0051758,gtfs_shape_geometry_primary,1.0,1.0,0.1756507928684188,1.9837277268527487,segment_coverage,car_supported,primary
transit:494-2@1#737:37:38,transit,S_0028880,gtfs_shape_geometry_primary,1.0,1.0,0.203541925422395,0.8824507244425064,segment_coverage,car_supported,primary
transit:494-2@1#737:37:38,transit,S_0055190,gtfs_shape_geometry_primary,1.0,1.0,0.1108959038207557,0.4346042756573212,segment_coverage,car_supported,primary
transit:494-2@1#737:37:38,transit,S_0026947,gtfs_shape_geometry_primary,0.7337529406607962,0.7337529406607962,0.034356725439111335,0.4433174278225209,segment_coverage,car_supported,primary
transit:T7-2@1#806:8:9,transit,S_0047385,gtfs_shape_geometry_primary,0.8038514753888414,0.8038514753888414,0.7064269591560434,0.4929752938488008,both,car_supported,primary
transit:T7-2@1#806:8:9,transit,S_0021449,gtfs_shape_geometry_primary,1.0,1.0,0.5791271022594501,1.1580573410310535,both,car_supported,primary
transit:491-1@1#805:7:8,transit,S_0017397,gtfs_shape_geometry_primary,0.9383564236444726,0.8200221511794187,0.9383564236444726,0.5920952078686099,both,car_supported,primary
transit:491-1@1#805:7:8,transit,S_0026620,gtfs_shape_geometry_primary,0.7007359362096396,0.7007359362096396,0.20880269603370516,11.819674364926485,segment_coverage,car_supported,primary
transit:2701-2@1#810:5:6,transit,S_0011996,gtfs_shape_geometry_primary,1.0,0.603575686719599,1.0,0.8244713728656166,both,car_supported,primary
transit:2701-2@1#810:5:6,transit,S_0031137,gtfs_shape_geometry_primary,1.0,0.3994847937807389,1.0,0.523858457461003,shape_coverage,car_supported,primary
transit:T4-1@1#804:12:13,transit,S_0053492,gtfs_shape_geometry_primary,1.0,1.0,0.37748611024312945,0.2286107609024981,segment_coverage,car_supported,primary
transit:T4-1@1#804:12:13,transit,S_0053585,gtfs_shape_geometry_primary,1.0,1.0,0.4333968035574946,0.014912953851975885,segment_coverage,car_supported,primary
transit:T4-1@1#804:12:13,transit,S_0053434,gtfs_shape_geometry_primary,0.9250353836567755,0.9250353836567755,0.38169259702765146,1.2662895404083656,segment_coverage,car_supported,primary
transit:704-1@1#756:24:25,transit,S_0005593,gtfs_shape_geometry_primary,0.8070621054079975,0.8070621054079975,0.17862138162469804,7.607989747633852,segment_coverage,car_supported,primary
transit:T2A-1@1#801:18:19,transit,S_0030928,gtfs_shape_geometry_primary,0.6160003560402272,0.6160003560402272,0.2697131049989369,0.14350741803838218,segment_coverage,car_supported,primary
transit:T2A-1@1#801:18:19,transit,S_0001257,gtfs_shape_geometry_primary,1.0,1.0,0.8475688829531872,0.7899211821460881,both,car_supported,primary
transit:T2A-1@1#801:18:19,transit,S_0030918,gtfs_shape_geometry_primary,1.0,1.0,1.0,0.07185303437118762,both,car_supported,primary
transit:T2A-1@1#801:18:19,transit,S_0001255,gtfs_shape_geometry_primary,0.8538759041745876,0.8538759041745876,0.5861627560184598,1.28941011818398,both,car_supported,primary
transit:346-1@1#806:13:14,transit,S_0033660,gtfs_shape_geometry_primary,0.9371281398714283,0.9371281398714283,0.7125773718597552,1.795053806533474,both,car_supported,primary
transit:179-1@1#720:65:66,transit,S_0026193,gtfs_shape_geometry_primary,0.8205970558284049,0.8205970558284049,0.08798099622284598,0.20073780252545248,segment_coverage,car_supported,primary
transit:179-1@1#720:65:66,transit,S_0028168,gtfs_shape_geometry_primary,1.0,1.0,0.3536472895332791,0.19937046779794798,segment_coverage,car_supported,primary
transit:179-1@1#720:65:66,transit,S_0026201,gtfs_shape_geometry_primary,1.0,1.0,0.6580002926980002,0.3779529567177917,both,car_supported,primary
transit:179-1@1#720:65:66,transit,S_0026203,gtfs_shape_geometry_primary,0.8477232834574217,0.8477232834574217,0.3036280091820965,0.5502467377206841,segment_coverage,car_supported,primary
transit:A952-1@1#756:27:28,transit,S_0031877,gtfs_shape_geometry_primary,0.5987670692061254,0.5987670692061254,0.12864473561141102,37.87602477622801,segment_coverage,car_supported,primary
transit:A952-1@1#756:27:28,transit,S_0003465,gtfs_shape_geometry_primary,0.5174302100573209,0.5174302100573209,0.1652694319749392,37.72862308480862,segment_coverage,car_supported,primary
transit:T3-2@1#758:20:21,transit,S_0058765,gtfs_shape_geometry_primary,0.5841138639527939,0.5841138639527939,0.27181463923287785,8.147392083243645,segment_coverage,car_supported,primary
transit:T3-2@1#758:20:21,transit,S_0001217,gtfs_shape_geometry_primary,0.8687516460611703,0.8687516460611703,0.22484411744070826,32.935857493055124,segment_coverage,car_supported,primary
transit:T4-2@1#723:51:52,transit,S_0017327,gtfs_shape_geometry_primary,0.7445623306959679,0.7445623306959679,0.3675184878477684,9.031145610893631,segment_coverage,car_supported,primary
transit:T4-2@1#723:51:52,transit,S_0017326,gtfs_shape_geometry_primary,1.0,1.0,0.05585924664229241,0.4443507602157979,segment_coverage,car_supported,primary
transit:T4-2@1#723:51:52,transit,S_0036077,gtfs_shape_geometry_primary,0.7674654053782244,0.7674654053782244,0.06995039178497438,3.8146709143595956,segment_coverage,car_supported,primary
transit:T3-1@1#744:38:39,transit,S_0031893,gtfs_shape_geometry_primary,0.674257384906059,0.674257384906059,0.6110834337065338,8.693635155197697,both,car_supported,primary
transit:T3-1@1#744:38:39,transit,S_0028250,gtfs_shape_geometry_primary,0.6737418594307226,0.6737418594307226,0.32103485392677505,0.3940295322074121,segment_coverage,car_supported,primary
transit:495-1@1#746:27:28,transit,S_0025729,gtfs_shape_geometry_primary,1.0,1.0,0.23069807733695752,2.5619572708566807,segment_coverage,car_supported,primary
transit:495-1@1#746:27:28,transit,S_0025760,gtfs_shape_geometry_primary,1.0,1.0,0.35369543828725025,16.19653141486214,segment_coverage,car_supported,primary
transit:621-1@1#750:35:36,transit,S_0028461,gtfs_shape_geometry_primary,1.0,1.0,0.0619463890999388,11.109584652000336,segment_coverage,car_supported,primary
transit:621-1@1#750:35:36,transit,S_0028458,gtfs_shape_geometry_primary,1.0,1.0,0.2722812614999786,11.059347881890716,segment_coverage,car_supported,primary
transit:621-1@1#750:35:36,transit,S_0028457,gtfs_shape_geometry_primary,1.0,1.0,0.07513521162241854,9.89007607009654,segment_coverage,car_supported,primary
transit:T10-1@1#803:8:9,transit,S_0020122,gtfs_shape_geometry_primary,0.6155089368129683,0.6155089368129683,0.21365504687663872,29.12082528784491,segment_coverage,car_supported,primary
transit:T10-1@1#803:8:9,transit,S_0020106,gtfs_shape_geometry_primary,0.931634435404932,0.931634435404932,0.320650532502578,2.6246367201687377,segment_coverage,car_supported,primary
transit:T10-1@1#803:8:9,transit,S_0020123,gtfs_shape_geometry_primary,0.7134040103013604,0.3315800556131929,0.7134040103013604,7.86023523886206,shape_coverage,car_supported,primary
transit:T10-1@1#803:8:9,transit,S_0020109,gtfs_shape_geometry_primary,0.841240269872413,0.7745167875459521,0.841240269872413,5.660931515903641,both,car_supported,primary
transit:T6-2@1#753:24:25,transit,S_0036067,gtfs_shape_geometry_primary,0.6877154496312954,0.6877154496312954,0.2645256943742769,3.931621417691076,segment_coverage,car_supported,primary
transit:T6-2@1#753:24:25,transit,S_0036066,gtfs_shape_geometry_primary,1.0,1.0,0.49004578472674754,0.5336666274334334,segment_coverage,car_supported,primary
transit:T3-2@1#730:57:58,transit,S_0041147,gtfs_shape_geometry_primary,0.7928472925456184,0.7928472925456184,0.34105163102690617,7.785770014763955,segment_coverage,car_supported,primary
transit:2701-2@1#810:6:7,transit,S_0022124,gtfs_shape_geometry_primary,1.0,1.0,0.1704609201445596,0.5017282021161122,segment_coverage,car_supported,primary
transit:2701-2@1#810:6:7,transit,S_0031154,gtfs_shape_geometry_primary,0.7887921570809389,0.7887921570809389,0.3482320488573786,1.36871637704634,segment_coverage,car_supported,primary
transit:2701-2@1#810:6:7,transit,S_0022123,gtfs_shape_geometry_primary,1.0,1.0,0.3722244432550587,1.1657263415951746,segment_coverage,car_supported,primary
transit:2701-2@1#810:6:7,transit,S_0021417,gtfs_shape_geometry_primary,1.0,1.0,0.114335844784165,0.5710663251128949,segment_coverage,car_supported,primary
transit:2701-2@1#810:6:7,transit,S_0058178,gtfs_shape_geometry_primary,1.0,1.0,0.07998691497784662,2.4852949903003037,segment_coverage,car_supported,primary
transit:2701-2@1#810:6:7,transit,S_0040839,gtfs_shape_geometry_primary,1.0,1.0,0.21772268951950446,0.31018603159594704,segment_coverage,car_supported,primary
transit:2701-2@1#810:6:7,transit,S_0021419,gtfs_shape_geometry_primary,1.0,1.0,0.23047008381019862,0.023894756366061642,segment_coverage,car_supported,primary
transit:2701-2@1#810:6:7,transit,S_0058416,gtfs_shape_geometry_primary,1.0,1.0,0.16955186290055582,0.9748536416060034,segment_coverage,car_supported,primary
transit:2701-2@1#810:6:7,transit,S_0021420,gtfs_shape_geometry_primary,1.0,1.0,0.11129034238043117,1.1167781856858312,segment_coverage,car_supported,primary
transit:2701-2@1#810:6:7,transit,S_0031144,gtfs_shape_geometry_primary,1.0,1.0,0.07057215217369651,1.4103304379908508,segment_coverage,car_supported,primary
transit:2701-2@1#810:6:7,transit,S_0051105,gtfs_shape_geometry_primary,1.0,1.0,0.3977185457836894,0.7913197609390323,segment_coverage,car_supported,primary
transit:2701-2@1#810:6:7,transit,S_0031145,gtfs_shape_geometry_primary,1.0,1.0,0.3462813297933557,1.0002152675522638,segment_coverage,car_supported,primary
transit:T6-1@1#753:23:24,transit,S_0043269,gtfs_shape_geometry_primary,1.0,0.9086909741238469,1.0,0.7731571421441998,both,car_supported,primary
transit:704-1@1#756:25:26,transit,S_0005588,gtfs_shape_geometry_primary,0.5057575639484511,0.5057575639484511,0.37242626555247343,0.4241839017482789,segment_coverage,car_supported,primary
transit:704-1@1#756:25:26,transit,S_0005589,gtfs_shape_geometry_primary,1.0,1.0,0.6868698071027288,0.37086956221077116,both,car_supported,primary
transit:704-1@1#756:25:26,transit,S_0029223,gtfs_shape_geometry_primary,1.0,1.0,0.47977332766139025,0.5844967938034955,segment_coverage,car_supported,primary
transit:862-1@1#750:23:24,transit,S_0028461,gtfs_shape_geometry_primary,1.0,1.0,0.037534031808813706,11.109584652000336,segment_coverage,car_supported,primary
transit:862-1@1#750:23:24,transit,S_0028458,gtfs_shape_geometry_primary,1.0,1.0,0.1649783575535998,11.059347881890716,segment_coverage,car_supported,primary
transit:862-1@1#750:23:24,transit,S_0028457,gtfs_shape_geometry_primary,1.0,1.0,0.045525291529875354,9.89007607009654,segment_coverage,car_supported,primary
transit:862-1@1#750:23:24,transit,S_0056597,gtfs_shape_geometry_primary,1.0,1.0,0.05475252563111199,14.906149790463644,segment_coverage,car_supported,primary
transit:T2A-1@1#801:19:20,transit,S_0019598,gtfs_shape_geometry_primary,1.0,1.0,0.29478229390128746,4.258384544873309,segment_coverage,car_supported,primary
transit:T2A-1@1#801:19:20,transit,S_0040835,gtfs_shape_geometry_primary,0.6704581220407227,0.5675257420444333,0.6704581220407227,12.049926328566556,both,car_supported,primary
transit:T2A-1@1#801:19:20,transit,S_0019599,gtfs_shape_geometry_primary,1.0,1.0,0.3635253125477975,4.998903173846173,segment_coverage,car_supported,primary
transit:T2A-1@1#801:19:20,transit,S_0048591,gtfs_shape_geometry_primary,1.0,1.0,0.3981811660192516,0.1590557833237085,segment_coverage,car_supported,primary
transit:T2A-1@1#801:19:20,transit,S_0030928,gtfs_shape_geometry_primary,1.0,1.0,0.13108568998830514,0.143507418062768,segment_coverage,car_supported,primary
transit:T11-2@1#737:45:46,transit,S_0020930,gtfs_shape_geometry_primary,1.0,1.0,0.07576189057618649,0.7439744252451561,segment_coverage,car_supported,primary
transit:T11-2@1#737:45:46,transit,S_0020931,gtfs_shape_geometry_primary,0.6503361700670487,0.6503361700670487,0.17252578074676184,0.6187503017740994,segment_coverage,car_supported,primary
transit:T4-1@1#804:13:14,transit,S_0055775,gtfs_shape_geometry_primary,1.0,1.0,0.28699039978589064,0.4076024183505069,segment_coverage,car_supported,primary
transit:T4-1@1#804:13:14,transit,S_0047227,gtfs_shape_geometry_primary,1.0,1.0,0.5255152658581833,0.693196196492849,both,car_supported,primary
transit:T4-1@1#804:13:14,transit,S_0047225,gtfs_shape_geometry_primary,1.0,1.0,0.46071830356719834,0.4182220966486909,segment_coverage,car_supported,primary
transit:B55-1@1#711:86:87,transit,S_0023267,gtfs_shape_geometry_primary,0.7683348959182924,0.7683348959182924,0.008745769702781443,1.789202976400027,segment_coverage,car_supported,primary
transit:B55-1@1#711:86:87,transit,S_0023263,gtfs_shape_geometry_primary,0.7180009704303623,0.7180009704303623,0.04496868936365322,1.1465665508744678,segment_coverage,car_supported,primary
transit:B55-1@1#711:86:87,transit,S_0023188,gtfs_shape_geometry_primary,0.9063937847137781,0.9063937847137781,0.034891295548333395,0.4296365088230374,segment_coverage,car_supported,primary
transit:B55-1@1#711:86:87,transit,S_0023325,gtfs_shape_geometry_primary,1.0,1.0,0.013104514355977627,1.6836857603703805,segment_coverage,car_supported,primary
transit:B55-1@1#711:86:87,transit,S_0023336,gtfs_shape_geometry_primary,1.0,1.0,0.007164424586876483,0.043424002126897676,segment_coverage,car_supported,primary
transit:B55-1@1#711:86:87,transit,S_0001211,gtfs_shape_geometry_primary,1.0,1.0,0.031108185194325705,0.7910273564012869,segment_coverage,car_supported,primary
transit:B55-1@1#711:86:87,transit,S_0048441,gtfs_shape_geometry_primary,0.7154692689679314,0.7154692689679314,0.012776595831324981,16.097691182827703,segment_coverage,car_supported,primary
transit:B55-1@1#711:86:87,transit,S_0023316,gtfs_shape_geometry_primary,0.6798595986397674,0.6798595986397674,0.011943165213622882,17.991136150412984,segment_coverage,car_supported,primary
transit:B55-1@1#711:86:87,transit,S_0001202,gtfs_shape_geometry_primary,1.0,1.0,0.029328133097907536,17.805579436627454,segment_coverage,car_supported,primary
transit:B55-1@1#711:86:87,transit,S_0023314,gtfs_shape_geometry_primary,1.0,1.0,0.011825830436136985,11.349431573825669,segment_coverage,car_supported,primary
transit:B55-1@1#711:86:87,transit,S_0043328,gtfs_shape_geometry_primary,1.0,1.0,0.014096051558725701,4.613341187561076,segment_coverage,car_supported,primary
transit:B55-1@1#711:86:87,transit,S_0023190,gtfs_shape_geometry_primary,1.0,1.0,0.012254543971388702,0.4550131956836907,segment_coverage,car_supported,primary
transit:B55-1@1#711:86:87,transit,S_0047667,gtfs_shape_geometry_primary,1.0,1.0,0.024075626375166317,0.40983547636936635,segment_coverage,car_supported,primary
transit:B55-1@1#711:86:87,transit,S_0023179,gtfs_shape_geometry_primary,1.0,1.0,0.010828766956112578,0.41890429115683503,segment_coverage,car_supported,primary
transit:B55-1@1#711:86:87,transit,S_0023180,gtfs_shape_geometry_primary,1.0,1.0,0.020017433197178133,0.44192440747309547,segment_coverage,car_supported,primary
transit:B55-1@1#711:86:87,transit,S_0056377,gtfs_shape_geometry_primary,1.0,1.0,0.014488179088329486,19.81300790358685,segment_coverage,car_supported,primary
transit:T7-2@1#806:9:10,transit,S_0021448,gtfs_shape_geometry_primary,1.0,1.0,0.4662249437264438,0.7471626663444653,segment_coverage,car_supported,primary
transit:T7-2@1#806:9:10,transit,S_0013948,gtfs_shape_geometry_primary,0.7983801072011003,0.7418143568207213,0.7983801072011003,0.2298635307738266,both,car_supported,primary
transit:2802-1@1#805:14:15,transit,S_0052770,gtfs_shape_geometry_primary,0.9717293677402455,0.9717293677402455,0.36141490315229136,13.94834916465254,segment_coverage,car_supported,primary
transit:491-1@1#805:8:9,transit,S_0026620,gtfs_shape_geometry_primary,0.6074762859195028,0.6074762859195028,0.18480767943919973,28.438203933735366,segment_coverage,car_supported,primary
transit:491-1@1#805:8:9,transit,S_0026621,gtfs_shape_geometry_primary,0.8419883327695095,0.7175684770271586,0.8419883327695095,2.931614031050998,both,car_supported,primary
transit:179-1@1#720:66:67,transit,S_0026203,gtfs_shape_geometry_primary,0.5817417085463176,0.5817417085463176,0.23461567431972521,0.49635148645309357,segment_coverage,car_supported,primary
transit:179-1@1#720:66:67,transit,S_0023089,gtfs_shape_geometry_primary,1.0,1.0,0.23379003821114536,0.9842517715186005,segment_coverage,car_supported,primary
transit:179-1@1#720:66:67,transit,S_0023088,gtfs_shape_geometry_primary,1.0,1.0,0.3063267471416331,0.7234296196647136,segment_coverage,car_supported,primary
transit:179-1@1#720:66:67,transit,S_0008032,gtfs_shape_geometry_primary,1.0,1.0,0.2298977076823203,0.6605286849764695,segment_coverage,car_supported,primary
transit:179-1@1#720:66:67,transit,S_0008021,gtfs_shape_geometry_primary,1.0,1.0,0.3146895620631046,0.6378212658771361,segment_coverage,car_supported,primary
transit:179-1@1#720:66:67,transit,S_0008022,gtfs_shape_geometry_primary,1.0,1.0,0.4343554072436985,0.18603817394449607,segment_coverage,car_supported,primary
transit:179-1@1#720:66:67,transit,S_0023084,gtfs_shape_geometry_primary,1.0,1.0,0.22607932079984136,1.7680849720633773,segment_coverage,car_supported,primary
transit:179-1@1#720:66:67,transit,S_0023085,gtfs_shape_geometry_primary,1.0,1.0,0.2431223007308345,0.3178571845195677,segment_coverage,car_supported,primary
transit:179-1@1#720:66:67,transit,S_0010659,gtfs_shape_geometry_primary,0.7695828082775097,0.7695828082775097,0.11634971706863731,0.3186298916168937,segment_coverage,car_supported,primary
transit:T3-2@1#758:21:22,transit,S_0041423,gtfs_shape_geometry_primary,0.5713117314987507,0.5713117314987507,0.14080484980347074,1.0905118622456271,segment_coverage,car_supported,primary
transit:211-1@1#720:68:69,transit,S_0001694,gtfs_shape_geometry_primary,0.8054020666575437,0.8054020666575437,0.48111571879350784,18.417185533301236,segment_coverage,car_supported,primary
transit:211-1@1#720:68:69,transit,S_0001693,gtfs_shape_geometry_primary,0.5718195573842013,0.5718195573842013,0.38382516154111695,17.11414125207847,segment_coverage,car_supported,primary
transit:211-1@1#720:68:69,transit,S_0034694,gtfs_shape_geometry_primary,1.0,1.0,0.28741067156342676,13.738177597898527,segment_coverage,car_supported,primary
transit:211-1@1#720:68:69,transit,S_0034695,gtfs_shape_geometry_primary,1.0,1.0,0.15920570845629825,40.998504754702566,segment_coverage,car_supported,primary
transit:211-1@1#720:68:69,transit,S_0034696,gtfs_shape_geometry_primary,1.0,1.0,0.17588760492902908,1.3241466610845833,segment_coverage,car_supported,primary
transit:211-1@1#720:68:69,transit,S_0001696,gtfs_shape_geometry_primary,1.0,1.0,0.17882611538579696,13.165570343033039,segment_coverage,car_supported,primary
transit:211-1@1#720:68:69,transit,S_0034704,gtfs_shape_geometry_primary,1.0,1.0,0.16540865330457474,8.05431192476803,segment_coverage,car_supported,primary
transit:211-1@1#720:68:69,transit,S_0001666,gtfs_shape_geometry_primary,1.0,1.0,0.24169650988637412,1.3621367706582248,segment_coverage,car_supported,primary
transit:211-1@1#720:68:69,transit,S_0001667,gtfs_shape_geometry_primary,1.0,1.0,0.20268067118746347,14.783356286872376,segment_coverage,car_supported,primary
transit:211-1@1#720:68:69,transit,S_0051800,gtfs_shape_geometry_primary,1.0,1.0,0.19626944562849102,0.6748652958204246,segment_coverage,car_supported,primary
transit:211-1@1#720:68:69,transit,S_0034703,gtfs_shape_geometry_primary,1.0,1.0,0.1383882177568398,29.536442155452193,segment_coverage,car_supported,primary
transit:211-1@1#720:68:69,transit,S_0034706,gtfs_shape_geometry_primary,1.0,1.0,0.17577706389093764,1.0016511046527796,segment_coverage,car_supported,primary
transit:211-1@1#720:68:69,transit,S_0001665,gtfs_shape_geometry_primary,0.5303337525538953,0.5303337525538953,0.34735109912282297,2.4936581441019854,segment_coverage,car_supported,primary
transit:211-1@1#720:68:69,transit,S_0000044,gtfs_shape_geometry_primary,0.5140011467823232,0.5140011467823232,0.3412455940307349,2.9760028356292167,segment_coverage,car_supported,primary
transit:T10-1@1#803:9:10,transit,S_0012559,gtfs_shape_geometry_primary,1.0,1.0,0.1970625353083053,1.5697223545590475,segment_coverage,car_supported,primary
transit:T10-1@1#803:9:10,transit,S_0026741,gtfs_shape_geometry_primary,1.0,1.0,0.13356321746489133,5.665672019389888,segment_coverage,car_supported,primary
transit:T10-1@1#803:9:10,transit,S_0026740,gtfs_shape_geometry_primary,1.0,1.0,0.16585009807215986,6.297324542355369,segment_coverage,car_supported,primary
transit:T10-1@1#803:9:10,transit,S_0010692,gtfs_shape_geometry_primary,1.0,1.0,0.1155206536971738,1.357166882060838,segment_coverage,car_supported,primary
transit:T10-1@1#803:9:10,transit,S_0010694,gtfs_shape_geometry_primary,1.0,1.0,0.6120428748281759,2.504175415056679,both,car_supported,primary
transit:704-1@1#756:26:27,transit,S_0029539,gtfs_shape_geometry_primary,1.0,1.0,0.1204315845095331,1.256138011164964,segment_coverage,car_supported,primary
transit:704-1@1#756:26:27,transit,S_0029228,gtfs_shape_geometry_primary,1.0,1.0,0.21007219289705464,0.5358780310759386,segment_coverage,car_supported,primary
transit:704-1@1#756:26:27,transit,S_0005597,gtfs_shape_geometry_primary,1.0,1.0,0.1934197603962168,0.23113006538767422,segment_coverage,car_supported,primary
transit:704-1@1#756:26:27,transit,S_0005596,gtfs_shape_geometry_primary,1.0,1.0,0.3618859394887462,0.009219005837081795,segment_coverage,car_supported,primary
transit:704-1@1#756:26:27,transit,S_0005603,gtfs_shape_geometry_primary,1.0,1.0,0.25636763905720217,0.6047195421642471,segment_coverage,car_supported,primary
transit:704-1@1#756:26:27,transit,S_0005600,gtfs_shape_geometry_primary,1.0,1.0,0.2126090922394267,0.24886187792581893,segment_coverage,car_supported,primary
transit:704-1@1#756:26:27,transit,S_0005588,gtfs_shape_geometry_primary,0.8621070143584094,0.8621070143584094,0.22588244583233716,0.4241839018052076,segment_coverage,car_supported,primary
transit:346-1@1#806:14:15,transit,S_0033662,gtfs_shape_geometry_primary,1.0,1.0,0.1764015900797512,0.6917485557468979,segment_coverage,car_supported,primary
transit:346-1@1#806:14:15,transit,S_0033464,gtfs_shape_geometry_primary,1.0,1.0,0.3736383538765381,3.975634288179293,segment_coverage,car_supported,primary
transit:346-1@1#806:14:15,transit,S_0033465,gtfs_shape_geometry_primary,1.0,1.0,0.5540805147998461,0.9193052279520089,both,car_supported,primary
transit:346-1@1#806:14:15,transit,S_0041083,gtfs_shape_geometry_primary,0.5422048673483765,0.5422048673483765,0.28646865420185336,2.033756838147042,segment_coverage,car_supported,primary
transit:2701-2@1#810:7:8,transit,S_0022129,gtfs_shape_geometry_primary,1.0,0.619345845677682,1.0,0.8292728156384186,both,car_supported,primary
transit:491-1@1#805:9:10,transit,S_0036525,gtfs_shape_geometry_primary,0.9555282756257061,0.9555282756257061,0.2526215564092928,11.256464154102275,segment_coverage,car_supported,primary
transit:T3-2@1#730:58:59,transit,S_0018824,gtfs_shape_geometry_primary,0.6159733445674309,0.6159733445674309,0.2188722097069352,34.09165521583496,segment_coverage,car_supported,primary
transit:T4-1@1#804:14:15,transit,S_0053610,gtfs_shape_geometry_primary,0.6134734471461346,0.6134734471461346,0.23421577003283758,3.020592831602414,segment_coverage,car_supported,primary
transit:T4-1@1#804:14:15,transit,S_0047216,gtfs_shape_geometry_primary,1.0,1.0,0.49991771768913423,0.03188487612173674,segment_coverage,car_supported,primary
transit:T4-1@1#804:14:15,transit,S_0047215,gtfs_shape_geometry_primary,1.0,1.0,0.17028762360258196,0.3422915099500017,segment_coverage,car_supported,primary
transit:T4-1@1#804:14:15,transit,S_0020498,gtfs_shape_geometry_primary,1.0,1.0,0.3260824737930374,0.13652731530751794,segment_coverage,car_supported,primary
transit:T4-1@1#804:14:15,transit,S_0020499,gtfs_shape_geometry_primary,1.0,1.0,0.30837333721718824,0.14074042870890935,segment_coverage,car_supported,primary
transit:T4-2@1#723:52:53,transit,S_0036077,gtfs_shape_geometry_primary,1.0,1.0,0.3638041261319323,4.325449079881878,segment_coverage,car_supported,primary
transit:T4-2@1#723:52:53,transit,S_0036075,gtfs_shape_geometry_primary,1.0,1.0,0.7865211026580692,0.16494902331271533,both,car_supported,primary
transit:T6-2@1#753:25:26,transit,S_0006292,gtfs_shape_geometry_primary,0.5300926267641901,0.5300926267641901,0.34374366517756394,4.11542907428904,segment_coverage,car_supported,primary
transit:T6-2@1#753:25:26,transit,S_0022559,gtfs_shape_geometry_primary,0.7053684146977254,0.7053684146977254,0.4541082925405192,11.363594859924717,segment_coverage,car_supported,primary
transit:T2A-1@1#801:20:21,transit,S_0046616,gtfs_shape_geometry_primary,1.0,1.0,0.15718029463224412,26.346596510649647,segment_coverage,car_supported,primary
transit:286-2@1#720:89:90,transit,S_0029303,gtfs_shape_geometry_primary,0.5370257473030617,0.5370257473030617,0.38538893398152846,2.7151171237196507,segment_coverage,car_supported,primary
transit:286-2@1#720:89:90,transit,S_0029298,gtfs_shape_geometry_primary,1.0,1.0,0.13853517490568137,4.459188709679708,segment_coverage,car_supported,primary
transit:286-2@1#720:89:90,transit,S_0047859,gtfs_shape_geometry_primary,0.6998140640447407,0.6998140640447407,0.06892772979657527,4.836839201782695,segment_coverage,car_supported,primary
transit:286-2@1#720:89:90,transit,S_0029299,gtfs_shape_geometry_primary,1.0,1.0,0.1773172209388297,0.5536337373530387,segment_coverage,car_supported,primary
transit:286-2@1#720:89:90,transit,S_0047858,gtfs_shape_geometry_primary,1.0,1.0,0.0775568212521264,7.07493665304041,segment_coverage,car_supported,primary
transit:286-2@1#720:89:90,transit,S_0037880,gtfs_shape_geometry_primary,1.0,1.0,0.0549525615118751,0.7723034619801155,segment_coverage,car_supported,primary
transit:3946-1@1#814:1:2,transit,S_0006081,gtfs_shape_geometry_primary,1.0,1.0,0.5716489883419098,1.335686581950398,both,car_supported,primary
transit:3946-1@1#814:1:2,transit,S_0037794,gtfs_shape_geometry_primary,1.0,1.0,0.6591632768028274,1.1432418156267232,both,car_supported,primary
transit:T1-1@1#745:42:43,transit,S_0057892,gtfs_shape_geometry_primary,0.7908530462808003,0.7908530462808003,0.27395012727051166,25.502779207103387,segment_coverage,car_supported,primary
transit:T1-1@1#745:42:43,transit,S_0030065,gtfs_shape_geometry_primary,0.5241213073242592,0.5241213073242592,0.31999306286266505,24.309824171896537,segment_coverage,car_supported,primary
transit:494-2@1#737:38:39,transit,S_0026947,gtfs_shape_geometry_primary,1.0,1.0,0.18613560912471117,6.032531457446055,segment_coverage,car_supported,primary
transit:494-2@1#737:38:39,transit,S_0026946,gtfs_shape_geometry_primary,1.0,1.0,0.2837611246651193,8.491228541433259,segment_coverage,car_supported,primary
transit:494-2@1#737:38:39,transit,S_0028878,gtfs_shape_geometry_primary,1.0,1.0,0.4112031890185191,6.217115566077652,segment_coverage,car_supported,primary
transit:494-2@1#737:38:39,transit,S_0010690,gtfs_shape_geometry_primary,1.0,1.0,0.27395836047603495,0.7492960316259882,segment_coverage,car_supported,primary
transit:494-2@1#737:38:39,transit,S_0010701,gtfs_shape_geometry_primary,1.0,1.0,0.24770661168992333,3.817795881120915,segment_coverage,car_supported,primary
transit:494-2@1#737:38:39,transit,S_0010691,gtfs_shape_geometry_primary,1.0,1.0,0.20014458426540407,5.69246539130063,segment_coverage,car_supported,primary
transit:494-2@1#737:38:39,transit,S_0010685,gtfs_shape_geometry_primary,1.0,1.0,0.1957622242402107,3.427037721091139,segment_coverage,car_supported,primary
transit:494-2@1#737:38:39,transit,S_0010702,gtfs_shape_geometry_primary,1.0,1.0,0.17271185703743053,2.9304706701549605,segment_coverage,car_supported,primary
transit:494-2@1#737:38:39,transit,S_0028872,gtfs_shape_geometry_primary,1.0,1.0,0.23283982049867863,5.03295077830434,segment_coverage,car_supported,primary
transit:494-2@1#737:38:39,transit,S_0028874,gtfs_shape_geometry_primary,1.0,1.0,0.24058494689650192,2.0279527674062905,segment_coverage,car_supported,primary
transit:494-2@1#737:38:39,transit,S_0014322,gtfs_shape_geometry_primary,1.0,1.0,0.31930400106035567,0.12017572696809964,segment_coverage,car_supported,primary
transit:494-2@1#737:38:39,transit,S_0048802,gtfs_shape_geometry_primary,1.0,1.0,0.4415570743308383,0.8408111950352719,segment_coverage,car_supported,primary
transit:494-2@1#737:38:39,transit,S_0014319,gtfs_shape_geometry_primary,1.0,1.0,0.13710991217578525,0.7585247396766164,segment_coverage,car_supported,primary
transit:494-2@1#737:38:39,transit,S_0050996,gtfs_shape_geometry_primary,0.7858315816089032,0.7858315816089032,0.30525125900748945,0.4768198685636662,segment_coverage,car_supported,primary
transit:494-2@1#737:38:39,transit,S_0014320,gtfs_shape_geometry_primary,0.6236556646675794,0.6236556646675794,0.18146712638295132,0.6654397901807414,segment_coverage,car_supported,primary
transit:495-1@1#746:28:29,transit,S_0025722,gtfs_shape_geometry_primary,1.0,1.0,0.5279830324364344,2.619516331161151,both,car_supported,primary
transit:495-1@1#746:28:29,transit,S_0025719,gtfs_shape_geometry_primary,1.0,1.0,0.14340965471417563,2.0223278036750685,segment_coverage,car_supported,primary
transit:495-1@1#746:28:29,transit,S_0025720,gtfs_shape_geometry_primary,0.8414096672436917,0.8414096672436917,0.3130913546138047,0.49678512805823516,segment_coverage,car_supported,primary
transit:B55-1@1#711:87:88,transit,S_0005593,gtfs_shape_geometry_primary,0.813873991645411,0.813873991645411,0.1802025510801576,7.602971978235132,segment_coverage,car_supported,primary
transit:T6-1@1#753:24:25,transit,S_0053615,gtfs_shape_geometry_primary,1.0,1.0,1.0,0.6446487560001231,both,car_supported,primary
transit:T8-2@1#740:35:36,transit,S_0020841,gtfs_shape_geometry_primary,0.5835731232300618,0.5835731232300618,0.1045507200352703,26.183397717378682,segment_coverage,car_supported,primary
transit:2802-1@1#805:15:16,transit,S_0040629,gtfs_shape_geometry_primary,0.9996776956034525,0.9996776956034525,0.4308873751345633,0.10914388521601026,segment_coverage,car_supported,primary
transit:2802-1@1#805:15:16,transit,S_0040628,gtfs_shape_geometry_primary,0.9971705520178795,0.9971705520178795,0.17082273287594538,19.008145104373057,segment_coverage,car_supported,primary
transit:2802-1@1#805:15:16,transit,S_0045597,gtfs_shape_geometry_primary,1.0,1.0,0.09938591340120614,12.360106244029666,segment_coverage,car_supported,primary
transit:2802-1@1#805:15:16,transit,S_0045595,gtfs_shape_geometry_primary,0.9857777145323567,0.9857777145323567,0.05413149344966176,2.055620874819482,segment_coverage,car_supported,primary
transit:T7-2@1#806:10:11,transit,S_0013948,gtfs_shape_geometry_primary,0.5082848080558912,0.5082848080558912,0.2554994202808275,0.22839502968808745,segment_coverage,car_supported,primary
transit:T7-2@1#806:10:11,transit,S_0013949,gtfs_shape_geometry_primary,1.0,1.0,0.17144772076168988,0.363534566699812,segment_coverage,car_supported,primary
transit:T7-2@1#806:10:11,transit,S_0010317,gtfs_shape_geometry_primary,1.0,1.0,0.17087352466267636,0.4173298369202314,segment_coverage,car_supported,primary
transit:T7-2@1#806:10:11,transit,S_0010316,gtfs_shape_geometry_primary,1.0,1.0,0.13647093877274583,1.7082949949080444,segment_coverage,car_supported,primary
transit:T7-2@1#806:10:11,transit,S_0029503,gtfs_shape_geometry_primary,1.0,1.0,0.20018942035636733,0.006760803964496631,segment_coverage,car_supported,primary
transit:T7-2@1#806:10:11,transit,S_0013547,gtfs_shape_geometry_primary,1.0,1.0,0.5728562324647672,0.7253342187198086,both,car_supported,primary
transit:T3-2@1#758:22:23,transit,S_0041423,gtfs_shape_geometry_primary,0.896627718249729,0.896627718249729,0.259754415452426,0.6108796174099709,segment_coverage,car_supported,primary
transit:T3-2@1#758:22:23,transit,S_0041414,gtfs_shape_geometry_primary,0.7149406873015025,0.7149406873015025,0.20010517015949508,6.713692972044463,segment_coverage,car_supported,primary
transit:T3-2@1#758:22:23,transit,S_0041415,gtfs_shape_geometry_primary,1.0,1.0,0.6756049393136427,1.0408371312456737,both,car_supported,primary
transit:179-1@1#720:67:68,transit,S_0010659,gtfs_shape_geometry_primary,1.0,1.0,0.499770931268731,0.5238128532756718,segment_coverage,car_supported,primary
transit:179-1@1#720:67:68,transit,S_0010655,gtfs_shape_geometry_primary,1.0,1.0,0.46554921045229486,0.4243208146475723,segment_coverage,car_supported,primary
transit:179-1@1#720:67:68,transit,S_0010656,gtfs_shape_geometry_primary,1.0,1.0,0.7075760463892175,0.3894113283669469,both,car_supported,primary
transit:179-1@1#720:67:68,transit,S_0042131,gtfs_shape_geometry_primary,1.0,1.0,0.5866932737466788,0.4268600914815721,both,car_supported,primary
transit:179-1@1#720:67:68,transit,S_0017830,gtfs_shape_geometry_primary,1.0,1.0,0.21187707058032038,0.36037921412749085,segment_coverage,car_supported,primary
transit:211-1@1#720:69:70,transit,S_0051080,gtfs_shape_geometry_primary,0.6583487487995049,0.6583487487995049,0.15692343621814314,29.107949274080468,segment_coverage,car_supported,primary
transit:211-1@1#720:69:70,transit,S_0034713,gtfs_shape_geometry_primary,0.5138313806272801,0.5138313806272801,0.06128632560306448,38.43880210561551,segment_coverage,car_supported,primary
transit:211-1@1#720:69:70,transit,S_0034672,gtfs_shape_geometry_primary,1.0,1.0,0.054335238976559175,32.12831149194257,segment_coverage,car_supported,primary
transit:211-1@1#720:69:70,transit,S_0001877,gtfs_shape_geometry_primary,0.7801626733961113,0.7801626733961113,0.055964663488414994,43.18082731129101,segment_coverage,car_supported,primary
transit:211-1@1#720:69:70,transit,S_0058281,gtfs_shape_geometry_primary,0.5165058160381856,0.5165058160381856,0.06241498257170978,13.05765440038084,segment_coverage,car_supported,primary
transit:211-1@1#720:69:70,transit,S_0036326,gtfs_shape_geometry_primary,0.9497559259123663,0.9497559259123663,0.08544101222397088,20.580349916481424,segment_coverage,car_supported,primary
transit:211-1@1#720:69:70,transit,S_0034708,gtfs_shape_geometry_primary,0.8370136728603663,0.8370136728603663,0.09471880067046198,27.356640210806006,segment_coverage,car_supported,primary
transit:211-1@1#720:69:70,transit,S_0034707,gtfs_shape_geometry_primary,1.0,1.0,0.046720825463162495,0.4115559880493578,segment_coverage,car_supported,primary
transit:211-1@1#720:69:70,transit,S_0001803,gtfs_shape_geometry_primary,1.0,1.0,0.046597760075871186,0.4115394037464597,segment_coverage,car_supported,primary
transit:211-1@1#720:69:70,transit,S_0036309,gtfs_shape_geometry_primary,1.0,1.0,0.08522909998836208,2.4777869918313797,segment_coverage,car_supported,primary
transit:211-1@1#720:69:70,transit,S_0036311,gtfs_shape_geometry_primary,0.7001168680487132,0.7001168680487132,0.0961712210861762,0.3467244572731687,segment_coverage,car_supported,primary
transit:T4-2@1#723:53:54,transit,S_0034438,gtfs_shape_geometry_primary,0.6232059871662228,0.6232059871662228,0.2877507705466369,31.872376709405785,segment_coverage,car_supported,primary
transit:T4-2@1#723:53:54,transit,S_0022565,gtfs_shape_geometry_primary,1.0,1.0,0.40582829144990085,1.6739453094191674,segment_coverage,car_supported,primary
transit:2701-2@1#810:8:9,transit,S_0022137,gtfs_shape_geometry_primary,1.0,1.0,0.15149281945759593,38.19526695661337,segment_coverage,car_supported,primary
transit:2701-2@1#810:8:9,transit,S_0022122,gtfs_shape_geometry_primary,1.0,1.0,0.14626238602426592,38.51541379380001,segment_coverage,car_supported,primary
transit:2701-2@1#810:8:9,transit,S_0022136,gtfs_shape_geometry_primary,1.0,1.0,0.07910391310199794,0.6838515382689963,segment_coverage,car_supported,primary
transit:2701-2@1#810:8:9,transit,S_0022121,gtfs_shape_geometry_primary,1.0,1.0,0.07138711487088055,0.14892038815114006,segment_coverage,car_supported,primary
transit:2701-2@1#810:8:9,transit,S_0022119,gtfs_shape_geometry_primary,1.0,1.0,0.21022198952070817,2.64088272204728,segment_coverage,car_supported,primary
transit:2701-2@1#810:8:9,transit,S_0022126,gtfs_shape_geometry_primary,1.0,1.0,0.14299688635359423,0.1811101264338788,segment_coverage,car_supported,primary
transit:2701-2@1#810:8:9,transit,S_0022129,gtfs_shape_geometry_primary,0.6803423629014774,0.6803423629014774,0.14766443444991173,0.3683043965601911,segment_coverage,car_supported,primary
transit:T4-1@1#804:15:16,transit,S_0020495,gtfs_shape_geometry_primary,0.6583042790378344,0.6583042790378344,0.10810715033841752,7.398726155078663,segment_coverage,car_supported,primary
transit:T4-1@1#804:15:16,transit,S_0020496,gtfs_shape_geometry_primary,1.0,1.0,0.11546552026334586,5.910769647433625,segment_coverage,car_supported,primary
transit:T4-1@1#804:15:16,transit,S_0053520,gtfs_shape_geometry_primary,1.0,1.0,0.2502394008933644,2.2584027453048066,segment_coverage,car_supported,primary
transit:T4-1@1#804:15:16,transit,S_0053521,gtfs_shape_geometry_primary,1.0,1.0,0.3739373938923647,0.43262408994199575,segment_coverage,car_supported,primary
transit:T4-1@1#804:15:16,transit,S_0053628,gtfs_shape_geometry_primary,1.0,1.0,0.39526597983970196,0.3089679207763538,segment_coverage,car_supported,primary
transit:T4-1@1#804:15:16,transit,S_0053610,gtfs_shape_geometry_primary,0.720255878431144,0.720255878431144,0.16675180424998032,0.08408034924445928,segment_coverage,car_supported,primary
transit:704-1@1#756:27:28,transit,S_0048448,gtfs_shape_geometry_primary,0.6541285003695486,0.6541285003695486,0.07469084904754475,12.26554917661855,segment_coverage,car_supported,primary
transit:704-1@1#756:27:28,transit,S_0030630,gtfs_shape_geometry_primary,1.0,1.0,0.187538256538929,11.44267437912599,segment_coverage,car_supported,primary
transit:704-1@1#756:27:28,transit,S_0044635,gtfs_shape_geometry_primary,1.0,1.0,0.29140334805560364,9.260504106654736,segment_coverage,car_supported,primary
transit:704-1@1#756:27:28,transit,S_0044634,gtfs_shape_geometry_primary,1.0,1.0,0.4862358311974769,1.0638876514889688,segment_coverage,car_supported,primary
transit:704-1@1#756:27:28,transit,S_0005595,gtfs_shape_geometry_primary,1.0,1.0,0.6454374118985204,0.8989391248862688,both,car_supported,primary
transit:704-1@1#756:27:28,transit,S_0029539,gtfs_shape_geometry_primary,0.7221739039293829,0.7221739039293829,0.10942004634822595,1.0815967863056812,segment_coverage,car_supported,primary
transit:T2A-1@1#801:21:22,transit,S_0046616,gtfs_shape_geometry_primary,1.0,1.0,0.15822432568204978,28.299912377829685,segment_coverage,car_supported,primary
transit:346-1@1#806:15:16,transit,S_0041083,gtfs_shape_geometry_primary,0.6707482714224088,0.6707482714224088,0.4012192680154993,2.0337568379655693,segment_coverage,car_supported,primary
transit:346-1@1#806:15:16,transit,S_0041080,gtfs_shape_geometry_primary,1.0,1.0,0.5604571553861477,16.25743223113689,both,car_supported,primary
transit:3946-1@1#814:2:3,transit,S_0005969,gtfs_shape_geometry_primary,1.0,1.0,0.8811763051224194,0.9557252662638973,both,car_supported,primary
transit:494-2@1#737:39:40,transit,S_0026964,gtfs_shape_geometry_primary,1.0,1.0,0.37861381146683143,0.6489434814183994,segment_coverage,car_supported,primary
transit:B55-1@1#711:88:89,transit,S_0023267,gtfs_shape_geometry_primary,0.7683348959182924,0.7683348959182924,0.006670676754919869,1.789202976400027,segment_coverage,car_supported,primary
transit:B55-1@1#711:88:89,transit,S_0023263,gtfs_shape_geometry_primary,0.7180009704303623,0.7180009704303623,0.03429904982999187,1.1465665508744678,segment_coverage,car_supported,primary
transit:B55-1@1#711:88:89,transit,S_0029225,gtfs_shape_geometry_primary,1.0,1.0,0.007664994495648668,1.3081176579445355,segment_coverage,car_supported,primary
transit:B55-1@1#711:88:89,transit,S_0005588,gtfs_shape_geometry_primary,1.0,1.0,0.016545257486868383,0.4241837450427681,segment_coverage,car_supported,primary
transit:B55-1@1#711:88:89,transit,S_0005589,gtfs_shape_geometry_primary,1.0,1.0,0.010744230170668119,0.3708697182078282,segment_coverage,car_supported,primary
transit:B55-1@1#711:88:89,transit,S_0029223,gtfs_shape_geometry_primary,1.0,1.0,0.010811647155933066,1.363868602085219,segment_coverage,car_supported,primary
transit:B55-1@1#711:88:89,transit,S_0005593,gtfs_shape_geometry_primary,0.813873991645411,0.813873991645411,0.011367283983626323,7.602971978235118,segment_coverage,car_supported,primary
transit:B55-1@1#711:88:89,transit,S_0041853,gtfs_shape_geometry_primary,1.0,1.0,0.007898542457435929,0.034345817281860036,segment_coverage,car_supported,primary
transit:B55-1@1#711:88:89,transit,S_0041855,gtfs_shape_geometry_primary,1.0,1.0,0.024945266896803413,0.09718401731345239,segment_coverage,car_supported,primary
transit:B55-1@1#711:88:89,transit,S_0041843,gtfs_shape_geometry_primary,0.8447076764341814,0.8447076764341814,0.007426566115950981,2.8208418091368515,segment_coverage,car_supported,primary
transit:B55-1@1#711:88:89,transit,S_0023188,gtfs_shape_geometry_primary,0.9063937847137781,0.9063937847137781,0.026612701005525558,0.4296365088230374,segment_coverage,car_supported,primary
transit:B55-1@1#711:88:89,transit,S_0023325,gtfs_shape_geometry_primary,1.0,1.0,0.009995229953417652,1.6836857603703805,segment_coverage,car_supported,primary
transit:B55-1@1#711:88:89,transit,S_0023336,gtfs_shape_geometry_primary,1.0,1.0,0.005464534532489925,0.043424002126897676,segment_coverage,car_supported,primary
transit:B55-1@1#711:88:89,transit,S_0001211,gtfs_shape_geometry_primary,1.0,1.0,0.023727202397924457,0.7910273564012869,segment_coverage,car_supported,primary
transit:B55-1@1#711:88:89,transit,S_0048441,gtfs_shape_geometry_primary,0.7154692689679314,0.7154692689679314,0.009745116063589025,16.097691182827703,segment_coverage,car_supported,primary
transit:B55-1@1#711:88:89,transit,S_0023316,gtfs_shape_geometry_primary,0.6798595986397674,0.6798595986397674,0.00910943202007073,17.991136150412984,segment_coverage,car_supported,primary
transit:B55-1@1#711:88:89,transit,S_0001202,gtfs_shape_geometry_primary,1.0,1.0,0.022369500040595437,17.805579436627454,segment_coverage,car_supported,primary
transit:B55-1@1#711:88:89,transit,S_0023314,gtfs_shape_geometry_primary,1.0,1.0,0.009019937052867336,11.349431573825669,segment_coverage,car_supported,primary
transit:B55-1@1#711:88:89,transit,S_0043328,gtfs_shape_geometry_primary,1.0,1.0,0.010751506918715093,4.613341187561076,segment_coverage,car_supported,primary
transit:B55-1@1#711:88:89,transit,S_0023190,gtfs_shape_geometry_primary,1.0,1.0,0.009346930503565408,0.4550131956836907,segment_coverage,car_supported,primary
transit:B55-1@1#711:88:89,transit,S_0047667,gtfs_shape_geometry_primary,1.0,1.0,0.01836324608111752,0.40983547636936635,segment_coverage,car_supported,primary
transit:B55-1@1#711:88:89,transit,S_0023179,gtfs_shape_geometry_primary,1.0,1.0,0.008259445020100563,0.41890429115683503,segment_coverage,car_supported,primary
transit:B55-1@1#711:88:89,transit,S_0023180,gtfs_shape_geometry_primary,1.0,1.0,0.015267933053292108,0.44192440747309547,segment_coverage,car_supported,primary
transit:B55-1@1#711:88:89,transit,S_0056377,gtfs_shape_geometry_primary,1.0,1.0,0.01105059505910601,19.81300790358685,segment_coverage,car_supported,primary
transit:T6-2@1#753:26:27,transit,S_0022561,gtfs_shape_geometry_primary,1.0,1.0,0.32219790891654093,4.105204269484972,segment_coverage,car_supported,primary
transit:T6-2@1#753:26:27,transit,S_0006292,gtfs_shape_geometry_primary,0.7400601603768518,0.7400601603768518,0.3271225446342011,3.0179442684977573,segment_coverage,car_supported,primary
transit:T6-2@1#753:26:27,transit,S_0022565,gtfs_shape_geometry_primary,1.0,1.0,0.31118334819990606,1.6739453104869142,segment_coverage,car_supported,primary
transit:T6-2@1#753:26:27,transit,S_0022563,gtfs_shape_geometry_primary,1.0,1.0,0.3097605629155542,2.5116279778686135,segment_coverage,car_supported,primary
transit:T10-1@1#803:10:11,transit,S_0048869,gtfs_shape_geometry_primary,1.0,1.0,0.20671586653441937,0.7324467795108802,segment_coverage,car_supported,primary
transit:T10-1@1#803:10:11,transit,S_0036784,gtfs_shape_geometry_primary,1.0,1.0,0.19224703550841446,1.921637143843725,segment_coverage,car_supported,primary
transit:T10-1@1#803:10:11,transit,S_0020111,gtfs_shape_geometry_primary,1.0,1.0,0.21350076570083507,0.7300054945345096,segment_coverage,car_supported,primary
transit:T10-1@1#803:10:11,transit,S_0006308,gtfs_shape_geometry_primary,1.0,1.0,0.08964749431362173,0.6892194233469837,segment_coverage,car_supported,primary
transit:T10-1@1#803:10:11,transit,S_0006307,gtfs_shape_geometry_primary,1.0,1.0,0.3789328381614355,0.7868947314376555,segment_coverage,car_supported,primary
transit:T10-1@1#803:10:11,transit,S_0020112,gtfs_shape_geometry_primary,1.0,1.0,0.515056395980057,0.383574277860518,both,car_supported,primary
transit:T10-1@1#803:10:11,transit,S_0010705,gtfs_shape_geometry_primary,1.0,1.0,0.25408138954606757,0.7128264604271237,segment_coverage,car_supported,primary
transit:T10-1@1#803:10:11,transit,S_0010698,gtfs_shape_geometry_primary,1.0,1.0,0.20667480822283496,0.08919878748380938,segment_coverage,car_supported,primary
transit:T10-1@1#803:10:11,transit,S_0010697,gtfs_shape_geometry_primary,1.0,1.0,0.15004264472384884,1.9138193898525344,segment_coverage,car_supported,primary
transit:T10-1@1#803:10:11,transit,S_0044915,gtfs_shape_geometry_primary,1.0,1.0,0.3396429396491707,2.804703701042328,segment_coverage,car_supported,primary
transit:T10-1@1#803:10:11,transit,S_0010703,gtfs_shape_geometry_primary,0.6568550431058446,0.6568550431058446,0.3355516522723443,2.9032116167653896,segment_coverage,car_supported,primary
transit:397-1@1#731:74:75,transit,S_0031135,gtfs_shape_geometry_primary,0.6424950842989903,0.6424950842989903,0.1254059234233425,24.169566842232243,segment_coverage,car_supported,primary
transit:397-1@1#731:74:75,transit,S_0014414,gtfs_shape_geometry_primary,0.5660279592317506,0.5660279592317506,0.08838716807974421,23.441247674560188,segment_coverage,car_supported,primary
transit:T4-2@1#723:54:55,transit,S_0022561,gtfs_shape_geometry_primary,1.0,1.0,0.47469929027406654,4.105204269484972,segment_coverage,car_supported,primary
transit:T4-2@1#723:54:55,transit,S_0006292,gtfs_shape_geometry_primary,0.6579354257577759,0.6579354257577759,0.42803194032674335,6.029665081882314,segment_coverage,car_supported,primary
transit:T4-2@1#723:54:55,transit,S_0022563,gtfs_shape_geometry_primary,1.0,1.0,0.4132799072122887,2.511627977868585,segment_coverage,car_supported,primary
transit:T6-1@1#753:25:26,transit,S_0020550,gtfs_shape_geometry_primary,1.0,1.0,0.5635784002754202,1.382041774394807,both,car_supported,primary
transit:T6-1@1#753:25:26,transit,S_0020548,gtfs_shape_geometry_primary,1.0,1.0,0.22515517547531763,3.05311081086964,segment_coverage,car_supported,primary
transit:T6-1@1#753:25:26,transit,S_0053524,gtfs_shape_geometry_primary,1.0,1.0,0.2509885015053426,5.911661464143634,segment_coverage,car_supported,primary
transit:T6-1@1#753:25:26,transit,S_0053525,gtfs_shape_geometry_primary,1.0,1.0,0.3575661096241209,4.881840769654957,segment_coverage,car_supported,primary
transit:179-1@1#720:68:69,transit,S_0042131,gtfs_shape_geometry_primary,0.5615466727140195,0.5615466727140195,0.04146698814084116,0.426860091277959,segment_coverage,car_supported,primary
transit:179-1@1#720:68:69,transit,S_0017830,gtfs_shape_geometry_primary,1.0,1.0,0.075368578948806,0.3603792141112905,segment_coverage,car_supported,primary
transit:179-1@1#720:68:69,transit,S_0017828,gtfs_shape_geometry_primary,1.0,1.0,0.2091272859628803,0.7033028568528294,segment_coverage,car_supported,primary
transit:179-1@1#720:68:69,transit,S_0007923,gtfs_shape_geometry_primary,1.0,1.0,0.11154175232689838,0.5739452529741698,segment_coverage,car_supported,primary
transit:179-1@1#720:68:69,transit,S_0007924,gtfs_shape_geometry_primary,1.0,1.0,0.13347761142490308,0.553496774745355,segment_coverage,car_supported,primary
transit:179-1@1#720:68:69,transit,S_0021309,gtfs_shape_geometry_primary,0.8455952888524914,0.8455952888524914,0.12363207886571713,3.0738538266028286,segment_coverage,car_supported,primary
transit:179-1@1#720:68:69,transit,S_0049223,gtfs_shape_geometry_primary,1.0,1.0,0.1333617785840973,39.55663913087821,segment_coverage,car_supported,primary
transit:179-1@1#720:68:69,transit,S_0021312,gtfs_shape_geometry_primary,1.0,1.0,0.1347757679684188,0.6673650212957654,segment_coverage,car_supported,primary
transit:179-1@1#720:68:69,transit,S_0021306,gtfs_shape_geometry_primary,1.0,1.0,0.20030686408979506,5.251710993997861,segment_coverage,car_supported,primary
transit:179-1@1#720:68:69,transit,S_0021305,gtfs_shape_geometry_primary,1.0,1.0,0.18058043195183082,5.572598536298813,segment_coverage,car_supported,primary
transit:179-1@1#720:68:69,transit,S_0021307,gtfs_shape_geometry_primary,1.0,1.0,0.2476173625303552,4.442790940912403,segment_coverage,car_supported,primary
transit:179-1@1#720:68:69,transit,S_0017849,gtfs_shape_geometry_primary,1.0,1.0,0.26323839304866303,12.80204683909757,segment_coverage,car_supported,primary
transit:179-1@1#720:68:69,transit,S_0017848,gtfs_shape_geometry_primary,1.0,1.0,0.14974621167623894,9.69041925243505,segment_coverage,car_supported,primary
transit:179-1@1#720:68:69,transit,S_0017852,gtfs_shape_geometry_primary,1.0,1.0,0.151106736176748,0.17210142282505103,segment_coverage,car_supported,primary
transit:179-1@1#720:68:69,transit,S_0047385,gtfs_shape_geometry_primary,0.5095939195771455,0.5095939195771455,0.08820384781950118,0.5551509358648019,segment_coverage,car_supported,primary
transit:211-1@1#720:70:71,transit,S_0036311,gtfs_shape_geometry_primary,0.5718742671035532,0.5718742671035532,0.27232713384321655,0.3467244572474897,segment_coverage,car_supported,primary
transit:211-1@1#720:70:71,transit,S_0036321,gtfs_shape_geometry_primary,1.0,1.0,0.44363511216169654,0.12470891022536534,segment_coverage,car_supported,primary
transit:211-1@1#720:70:71,transit,S_0036322,gtfs_shape_geometry_primary,1.0,1.0,0.22295645409605655,1.5379534404705453,segment_coverage,car_supported,primary
transit:211-1@1#720:70:71,transit,S_0036329,gtfs_shape_geometry_primary,1.0,1.0,0.44524360139278474,0.014416417906005563,segment_coverage,car_supported,primary
transit:704-1@1#756:28:29,transit,S_0056416,gtfs_shape_geometry_primary,1.0,1.0,0.05952041466332141,0.6502609945036113,segment_coverage,car_supported,primary
transit:704-1@1#756:28:29,transit,S_0002372,gtfs_shape_geometry_primary,0.9881409596457605,0.9881409596457605,0.21657843122450757,0.38453974429064885,segment_coverage,car_supported,primary
transit:704-1@1#756:28:29,transit,S_0017663,gtfs_shape_geometry_primary,1.0,1.0,0.09593278104353203,11.291721370055598,segment_coverage,car_supported,primary
transit:704-1@1#756:28:29,transit,S_0017664,gtfs_shape_geometry_primary,1.0,1.0,0.11656483927919598,11.296555412151648,segment_coverage,car_supported,primary
transit:704-1@1#756:28:29,transit,S_0048448,gtfs_shape_geometry_primary,1.0,1.0,0.07393372847594956,12.265549176321784,segment_coverage,car_supported,primary
transit:704-1@1#756:28:29,transit,S_0030630,gtfs_shape_geometry_primary,1.0,1.0,0.0451054057127587,11.44267437849605,segment_coverage,car_supported,primary
transit:T7-2@1#806:11:12,transit,S_0017840,gtfs_shape_geometry_primary,1.0,1.0,0.16490486073230973,2.9777280023806583,segment_coverage,car_supported,primary
transit:T7-2@1#806:11:12,transit,S_0017843,gtfs_shape_geometry_primary,0.8572845771019785,0.8572845771019785,0.14424099883039992,20.81551204861283,segment_coverage,car_supported,primary
transit:2802-1@1#805:16:17,transit,S_0045597,gtfs_shape_geometry_primary,1.0,1.0,0.13102596549002601,12.360106243882825,segment_coverage,car_supported,primary
transit:2802-1@1#805:16:17,transit,S_0045595,gtfs_shape_geometry_primary,1.0,1.0,0.25803558829712064,2.0556208748495948,segment_coverage,car_supported,primary
transit:2802-1@1#805:16:17,transit,S_0038593,gtfs_shape_geometry_primary,1.0,1.0,0.15611729385384981,0.27851858142352626,segment_coverage,car_supported,primary
transit:2802-1@1#805:16:17,transit,S_0045596,gtfs_shape_geometry_primary,1.0,1.0,0.3399588014113046,11.226890488243285,segment_coverage,car_supported,primary
transit:2802-1@1#805:16:17,transit,S_0038595,gtfs_shape_geometry_primary,1.0,1.0,0.2053834349375379,0.6753409721794696,segment_coverage,car_supported,primary
transit:2802-1@1#805:16:17,transit,S_0051182,gtfs_shape_geometry_primary,1.0,1.0,0.5439085142094396,0.09102010913362335,both,car_supported,primary
transit:2802-1@1#805:16:17,transit,S_0039064,gtfs_shape_geometry_primary,0.9099682470762577,0.5438255087068673,0.9099682470762577,0.9719320008492787,both,car_supported,primary
transit:491-1@1#805:10:11,transit,S_0026587,gtfs_shape_geometry_primary,1.0,1.0,0.4366246382274823,9.635825632894353,segment_coverage,car_supported,primary
transit:491-1@1#805:10:11,transit,S_0026590,gtfs_shape_geometry_primary,0.9471853379663053,0.9471853379663053,0.2900096275940714,3.4537014388779284,segment_coverage,car_supported,primary
transit:494-2@1#737:40:41,transit,S_0026954,gtfs_shape_geometry_primary,1.0,1.0,0.9867203303344786,6.359695225408103,both,car_supported,primary
transit:346-1@1#806:16:17,transit,S_0033710,gtfs_shape_geometry_primary,0.7832641205789984,0.7832641205789984,0.4718916321997168,1.2780298794354934,segment_coverage,car_supported,primary
transit:3946-1@1#814:3:4,transit,S_0005967,gtfs_shape_geometry_primary,0.8760804162463456,0.8760804162463456,0.8587101528572065,2.250218860773046,both,car_supported,primary
transit:B55-1@1#711:89:90,transit,S_0048449,gtfs_shape_geometry_primary,1.0,1.0,0.16741572573378094,7.174800329040551,segment_coverage,car_supported,primary
transit:B55-1@1#711:89:90,transit,S_0041803,gtfs_shape_geometry_primary,1.0,1.0,0.1929883292519645,7.590279143642931,segment_coverage,car_supported,primary
transit:B55-1@1#711:89:90,transit,S_0035887,gtfs_shape_geometry_primary,0.9021344229401513,0.9021344229401513,0.26532259046100826,16.135074347434937,segment_coverage,car_supported,primary
transit:T4-1@1#804:16:17,transit,S_0030977,gtfs_shape_geometry_primary,1.0,1.0,0.24649215865611965,0.8425688493569794,segment_coverage,car_supported,primary
transit:T4-1@1#804:16:17,transit,S_0030981,gtfs_shape_geometry_primary,1.0,1.0,0.28260801862637913,0.11556509860594133,segment_coverage,car_supported,primary
transit:T4-1@1#804:16:17,transit,S_0030976,gtfs_shape_geometry_primary,1.0,1.0,0.14205979769147578,0.9783166211897623,segment_coverage,car_supported,primary
transit:T4-1@1#804:16:17,transit,S_0020501,gtfs_shape_geometry_primary,1.0,1.0,0.3163449747624242,0.33434715056424125,segment_coverage,car_supported,primary
transit:T4-1@1#804:16:17,transit,S_0002948,gtfs_shape_geometry_primary,1.0,1.0,0.2869967066607091,0.08452134580709014,segment_coverage,car_supported,primary
transit:T4-1@1#804:16:17,transit,S_0020500,gtfs_shape_geometry_primary,1.0,1.0,0.36557714260949004,1.0433923953239344,segment_coverage,car_supported,primary
transit:T4-1@1#804:16:17,transit,S_0030971,gtfs_shape_geometry_primary,1.0,1.0,0.354402341470711,7.918116802814552,segment_coverage,car_supported,primary
transit:T4-1@1#804:16:17,transit,S_0020515,gtfs_shape_geometry_primary,1.0,1.0,0.2535942808178944,10.651894163753866,segment_coverage,car_supported,primary
transit:T4-1@1#804:16:17,transit,S_0020495,gtfs_shape_geometry_primary,0.9175275933818705,0.9175275933818705,0.20490251935911044,6.436571359719963,segment_coverage,car_supported,primary
transit:397-1@1#731:75:76,transit,S_0031135,gtfs_shape_geometry_primary,1.0,0.5028539597083197,1.0,24.16956684252837,both,car_supported,primary
transit:397-1@1#731:75:76,transit,S_0042477,gtfs_shape_geometry_primary,1.0,0.37272223339283056,1.0,29.72292532372542,shape_coverage,car_supported,primary
transit:397-1@1#731:75:76,transit,S_0042478,gtfs_shape_geometry_primary,1.0,0.39767133956674583,1.0,25.845776758815745,shape_coverage,car_supported,primary
transit:T6-2@1#753:27:28,transit,S_0036077,gtfs_shape_geometry_primary,1.0,1.0,0.19737362370848277,19.38751236247228,segment_coverage,car_supported,primary
transit:T6-2@1#753:27:28,transit,S_0036075,gtfs_shape_geometry_primary,1.0,1.0,0.2753222035684214,0.16494902331271533,segment_coverage,car_supported,primary
transit:T6-2@1#753:27:28,transit,S_0034438,gtfs_shape_geometry_primary,0.7854955686519368,0.7854955686519368,0.3266974201147529,31.872376709574894,segment_coverage,car_supported,primary
transit:T6-2@1#753:27:28,transit,S_0036063,gtfs_shape_geometry_primary,1.0,1.0,0.3523820576070859,14.211522891138785,segment_coverage,car_supported,primary
transit:T6-2@1#753:27:28,transit,S_0036062,gtfs_shape_geometry_primary,1.0,1.0,0.13702425047873956,1.7818677841351587,segment_coverage,car_supported,primary
transit:494-2@1#737:41:42,transit,S_0026953,gtfs_shape_geometry_primary,0.9796681126740119,0.9796681126740119,0.6469263518830259,2.5504749642420563,both,car_supported,primary
transit:T4-2@1#723:55:56,transit,S_0006292,gtfs_shape_geometry_primary,0.7877333408244754,0.611392329032103,0.7877333408244754,4.11542907428904,both,car_supported,primary
transit:T4-2@1#723:55:56,transit,S_0022559,gtfs_shape_geometry_primary,0.55481773577615,0.4945068222390684,0.55481773577615,11.363594860985188,shape_coverage,car_supported,primary
transit:T3-2@1#758:24:25,transit,S_0045566,gtfs_shape_geometry_primary,0.7647574938361066,0.7647574938361066,0.5558295269373372,0.05752084592033668,both,car_supported,primary
transit:211-1@1#720:71:72,transit,S_0036331,gtfs_shape_geometry_primary,1.0,1.0,0.44598470091060116,22.03171299785093,segment_coverage,car_supported,primary
transit:179-1@1#720:69:70,transit,S_0047385,gtfs_shape_geometry_primary,0.8038514753888414,0.8038514753888414,0.7064269591560434,0.4929752938488008,both,car_supported,primary
transit:179-1@1#720:69:70,transit,S_0021449,gtfs_shape_geometry_primary,1.0,1.0,0.5791271022594501,1.1580573410310535,both,car_supported,primary
transit:T6-1@1#753:26:27,transit,S_0043841,gtfs_shape_geometry_primary,0.8736435450711413,0.8736435450711413,0.3026119084966816,1.1136849994294948,segment_coverage,car_supported,primary
transit:T6-1@1#753:26:27,transit,S_0043843,gtfs_shape_geometry_primary,1.0,1.0,0.6157352592656955,1.019169729124627,both,car_supported,primary
transit:T6-1@1#753:26:27,transit,S_0043847,gtfs_shape_geometry_primary,1.0,1.0,0.2767497996959992,0.2953929345696906,segment_coverage,car_supported,primary
transit:T6-1@1#753:26:27,transit,S_0053549,gtfs_shape_geometry_primary,1.0,1.0,0.4502346464401232,0.2469441888786008,segment_coverage,car_supported,primary
transit:T10-1@1#803:11:12,transit,S_0055190,gtfs_shape_geometry_primary,0.8134592305726537,0.8134592305726537,0.12314889147125431,1.7148609759038038,segment_coverage,car_supported,primary
transit:T10-1@1#803:11:12,transit,S_0026947,gtfs_shape_geometry_primary,1.0,1.0,0.21562564543792978,4.57395521474281,segment_coverage,car_supported,primary
transit:T10-1@1#803:11:12,transit,S_0026946,gtfs_shape_geometry_primary,1.0,1.0,0.24664336115347738,8.491228541433244,segment_coverage,car_supported,primary
transit:T10-1@1#803:11:12,transit,S_0028878,gtfs_shape_geometry_primary,1.0,1.0,0.37674423104558846,6.217115566077638,segment_coverage,car_supported,primary
transit:T10-1@1#803:11:12,transit,S_0010690,gtfs_shape_geometry_primary,1.0,1.0,0.23812286099319618,0.7492960316259882,segment_coverage,car_supported,primary
transit:T10-1@1#803:11:12,transit,S_0010701,gtfs_shape_geometry_primary,1.0,1.0,0.21530500825031415,3.817795881120915,segment_coverage,car_supported,primary
transit:T10-1@1#803:11:12,transit,S_0010691,gtfs_shape_geometry_primary,1.0,1.0,0.17396439712501827,5.69246539130063,segment_coverage,car_supported,primary
transit:T10-1@1#803:11:12,transit,S_0010685,gtfs_shape_geometry_primary,1.0,1.0,0.1701552777198357,3.427037721091139,segment_coverage,car_supported,primary
transit:T10-1@1#803:11:12,transit,S_0010702,gtfs_shape_geometry_primary,1.0,1.0,0.15012004544682797,2.9304706701549748,segment_coverage,car_supported,primary
transit:T10-1@1#803:11:12,transit,S_0028872,gtfs_shape_geometry_primary,1.0,1.0,0.2023828880927243,5.03295077830434,segment_coverage,car_supported,primary
transit:T10-1@1#803:11:12,transit,S_0028874,gtfs_shape_geometry_primary,1.0,1.0,0.2091149025981365,2.0279527674062905,segment_coverage,car_supported,primary
transit:T10-1@1#803:11:12,transit,S_0014322,gtfs_shape_geometry_primary,1.0,1.0,0.277537002801992,0.12017572696809964,segment_coverage,car_supported,primary
transit:T10-1@1#803:11:12,transit,S_0048802,gtfs_shape_geometry_primary,1.0,1.0,0.3837985949716704,0.8408111950352719,segment_coverage,car_supported,primary
transit:T10-1@1#803:11:12,transit,S_0014319,gtfs_shape_geometry_primary,1.0,1.0,0.11917506186375315,0.7585247396766022,segment_coverage,car_supported,primary
transit:T10-1@1#803:11:12,transit,S_0050996,gtfs_shape_geometry_primary,1.0,1.0,0.3422910617265347,0.5095796594358006,segment_coverage,car_supported,primary
transit:T10-1@1#803:11:12,transit,S_0014320,gtfs_shape_geometry_primary,0.9274978913938898,0.9274978913938898,0.23469868252372972,0.7157015576078578,segment_coverage,car_supported,primary
transit:491-1@1#805:11:12,transit,S_0026590,gtfs_shape_geometry_primary,0.6367803814562254,0.6367803814562254,0.12709290400641898,1.999096574420804,segment_coverage,car_supported,primary
transit:491-1@1#805:11:12,transit,S_0026592,gtfs_shape_geometry_primary,1.0,1.0,0.43820929331307884,2.1521941712673254,segment_coverage,car_supported,primary
transit:491-1@1#805:11:12,transit,S_0036098,gtfs_shape_geometry_primary,1.0,1.0,0.2805843809565932,7.302351957002273,segment_coverage,car_supported,primary
transit:491-1@1#805:11:12,transit,S_0036099,gtfs_shape_geometry_primary,1.0,1.0,0.15510209639547926,9.987286455020907,segment_coverage,car_supported,primary
transit:491-1@1#805:11:12,transit,S_0036511,gtfs_shape_geometry_primary,1.0,1.0,0.15058818825930936,10.342814765572172,segment_coverage,car_supported,primary
transit:491-1@1#805:11:12,transit,S_0026551,gtfs_shape_geometry_primary,0.8255819106400546,0.8255819106400546,0.4708547336635163,11.834942967206274,segment_coverage,car_supported,primary
transit:T12-2@1#722:82:83,transit,S_0020930,gtfs_shape_geometry_primary,1.0,1.0,0.07576189057618649,0.7439744252451561,segment_coverage,car_supported,primary
transit:T12-2@1#722:82:83,transit,S_0020931,gtfs_shape_geometry_primary,0.6503361700670487,0.6503361700670487,0.17252578074676184,0.6187503017740994,segment_coverage,car_supported,primary
transit:T4-2@1#723:56:57,transit,S_0036069,gtfs_shape_geometry_primary,1.0,1.0,0.25582813162462,6.205037663227188,segment_coverage,car_supported,primary
transit:T4-2@1#723:56:57,transit,S_0014579,gtfs_shape_geometry_primary,1.0,1.0,0.11681281769466509,1.4526095612952474,segment_coverage,car_supported,primary
transit:T4-2@1#723:56:57,transit,S_0017469,gtfs_shape_geometry_primary,1.0,1.0,0.11653502879957724,1.4529087884241392,segment_coverage,car_supported,primary
transit:T8-2@1#740:36:37,transit,S_0021254,gtfs_shape_geometry_primary,0.6103462485872382,0.6103462485872382,0.19515440961590624,43.583504225842205,segment_coverage,car_supported,primary
transit:495-1@1#746:30:31,transit,S_0036077,gtfs_shape_geometry_primary,0.7679380076549083,0.7679380076549083,0.07928041518631206,3.808720838779692,segment_coverage,car_supported,primary
transit:T1-1@1#745:45:46,transit,S_0021168,gtfs_shape_geometry_primary,1.0,1.0,0.3488446780785271,8.0185975575546,segment_coverage,car_supported,primary
transit:T1-1@1#745:45:46,transit,S_0017239,gtfs_shape_geometry_primary,1.0,1.0,0.3132807265982962,6.594109766997164,segment_coverage,car_supported,primary
transit:189-2@1#800:23:24,transit,S_0047039,gtfs_shape_geometry_primary,1.0,1.0,0.30211785155380766,0.07393925859273054,segment_coverage,car_supported,primary
transit:189-2@1#800:23:24,transit,S_0054230,gtfs_shape_geometry_primary,1.0,1.0,0.29630129218964407,0.13303275819903604,segment_coverage,car_supported,primary
transit:189-2@1#800:23:24,transit,S_0047052,gtfs_shape_geometry_primary,1.0,1.0,0.3796831986383274,0.1404012547018425,segment_coverage,car_supported,primary
transit:189-2@1#800:23:24,transit,S_0047051,gtfs_shape_geometry_primary,1.0,1.0,0.37660404962003313,0.04141309848751007,segment_coverage,car_supported,primary
transit:189-2@1#800:23:24,transit,S_0054228,gtfs_shape_geometry_primary,1.0,1.0,0.23269160442061923,0.018988504799295924,segment_coverage,car_supported,primary
transit:3946-1@1#814:4:5,transit,S_0032208,gtfs_shape_geometry_primary,1.0,0.32952747698037865,1.0,1.9702106965095965,shape_coverage,car_supported,primary
transit:397-1@1#731:76:77,transit,S_0042477,gtfs_shape_geometry_primary,0.5811317002223727,0.5811317002223727,0.16064688212012246,28.833944654112145,segment_coverage,car_supported,primary
transit:B55-1@1#711:90:91,transit,S_0030630,gtfs_shape_geometry_primary,1.0,1.0,0.6340863997349729,11.442674536568063,both,car_supported,primary
transit:B55-1@1#711:90:91,transit,S_0044635,gtfs_shape_geometry_primary,1.0,1.0,1.0,9.390985754800582,both,car_supported,primary
transit:B55-1@1#711:90:91,transit,S_0044634,gtfs_shape_geometry_primary,0.9246181358441334,0.6706390702582702,0.9246181358441334,1.4947660394669242,both,car_supported,primary
transit:2601-1@1#755:32:33,transit,S_0021852,gtfs_shape_geometry_primary,0.8698883207049362,0.8698883207049362,0.2376193838933555,34.65898760214671,segment_coverage,car_supported,primary
transit:T4-1@1#804:17:18,transit,S_0020490,gtfs_shape_geometry_primary,1.0,1.0,0.424629730918364,0.1707684103384537,segment_coverage,car_supported,primary
transit:T4-1@1#804:17:18,transit,S_0020493,gtfs_shape_geometry_primary,1.0,1.0,0.40949135765041833,0.657925716859296,segment_coverage,car_supported,primary
transit:T4-1@1#804:17:18,transit,S_0052702,gtfs_shape_geometry_primary,0.8042689306073364,0.8042689306073364,0.7764600595367176,0.3448110796761199,both,car_supported,primary
transit:T4-1@1#804:17:18,transit,S_0052712,gtfs_shape_geometry_primary,0.7900261121005623,0.7900261121005623,0.7620579451466171,0.27828353085318724,both,car_supported,primary
transit:494-2@1#737:43:44,transit,S_0026877,gtfs_shape_geometry_primary,1.0,1.0,0.39261427733408216,0.5934954621073558,segment_coverage,car_supported,primary
transit:494-2@1#737:43:44,transit,S_0026875,gtfs_shape_geometry_primary,0.6008436988224538,0.6008436988224538,0.07360452614756886,0.24177167393760612,segment_coverage,car_supported,primary
transit:862-1@1#750:26:27,transit,S_0042991,gtfs_shape_geometry_primary,1.0,1.0,0.08979860288522697,44.494714381391375,segment_coverage,car_supported,primary
transit:862-1@1#750:26:27,transit,S_0042989,gtfs_shape_geometry_primary,1.0,1.0,0.07991575513519764,33.852273596605045,segment_coverage,car_supported,primary
transit:862-1@1#750:26:27,transit,S_0042990,gtfs_shape_geometry_primary,1.0,1.0,0.10613875091568481,0.20676037126364122,segment_coverage,car_supported,primary
transit:862-1@1#750:26:27,transit,S_0042987,gtfs_shape_geometry_primary,1.0,1.0,0.08861736564094255,0.0031325154249657317,segment_coverage,car_supported,primary
transit:862-1@1#750:26:27,transit,S_0020553,gtfs_shape_geometry_primary,1.0,1.0,0.09689665126704172,20.75760072798778,segment_coverage,car_supported,primary
transit:5203-1@1#811:7:8,transit,S_0042991,gtfs_shape_geometry_primary,1.0,1.0,0.1298295673221962,44.45300271628396,segment_coverage,car_supported,primary
transit:5203-1@1#811:7:8,transit,S_0042989,gtfs_shape_geometry_primary,1.0,1.0,0.12992255451322976,33.87651269613943,segment_coverage,car_supported,primary
transit:5203-1@1#811:7:8,transit,S_0042990,gtfs_shape_geometry_primary,1.0,1.0,0.31867488997760596,0.20676037133341651,segment_coverage,car_supported,primary
transit:5203-1@1#811:7:8,transit,S_0042987,gtfs_shape_geometry_primary,1.0,1.0,0.4042431600914811,0.04517493049328891,segment_coverage,car_supported,primary
transit:5203-1@1#811:7:8,transit,S_0020553,gtfs_shape_geometry_primary,1.0,1.0,0.5385741167248228,20.759058663031027,both,car_supported,primary
transit:T6-2@1#753:28:29,transit,S_0050966,gtfs_shape_geometry_primary,1.0,1.0,0.4064114080886604,0.2621767394164749,segment_coverage,car_supported,primary
transit:T6-2@1#753:28:29,transit,S_0050967,gtfs_shape_geometry_primary,0.594606605984152,0.594606605984152,0.38313106043890194,0.727282119227695,segment_coverage,car_supported,primary
transit:T6-2@1#753:28:29,transit,S_0014585,gtfs_shape_geometry_primary,0.9924896458325252,0.9924896458325252,0.8281329058365547,0.23455853074506194,both,car_supported,primary
transit:T11-2@1#737:49:50,transit,S_0059401,gtfs_shape_geometry_primary,1.0,1.0,0.08590535649630374,4.454117116651233,segment_coverage,car_supported,primary
transit:T11-2@1#737:49:50,transit,S_0019654,gtfs_shape_geometry_primary,0.5049790175971685,0.5049790175971685,0.03322293967242224,12.778562159295191,segment_coverage,car_supported,primary
transit:T11-2@1#737:49:50,transit,S_0021790,gtfs_shape_geometry_primary,0.7049001258014761,0.7049001258014761,0.04861942358997791,19.918804272350187,segment_coverage,car_supported,primary
transit:T11-2@1#737:49:50,transit,S_0019653,gtfs_shape_geometry_primary,0.5216559511359542,0.5216559511359542,0.20573542969476322,26.107679408701756,segment_coverage,car_supported,primary
transit:T11-2@1#737:49:50,transit,S_0007721,gtfs_shape_geometry_primary,1.0,1.0,0.24620162182621533,4.294246477883078,segment_coverage,car_supported,primary
transit:T11-2@1#737:49:50,transit,S_0012363,gtfs_shape_geometry_primary,1.0,1.0,0.11031036945864238,2.032150979398196,segment_coverage,car_supported,primary
transit:T11-2@1#737:49:50,transit,S_0019668,gtfs_shape_geometry_primary,1.0,1.0,0.07021083693074308,11.471154645293325,segment_coverage,car_supported,primary
transit:T11-2@1#737:49:50,transit,S_0019670,gtfs_shape_geometry_primary,1.0,1.0,0.053746404820028834,33.456559362803276,segment_coverage,car_supported,primary
transit:T11-2@1#737:49:50,transit,S_0019669,gtfs_shape_geometry_primary,1.0,1.0,0.0733248287048626,20.901213223883587,segment_coverage,car_supported,primary
transit:T11-2@1#737:49:50,transit,S_0031045,gtfs_shape_geometry_primary,0.7784121046931939,0.7784121046931939,0.0390002141629801,43.489139801718736,segment_coverage,car_supported,primary
transit:T11-2@1#737:49:50,transit,S_0001437,gtfs_shape_geometry_primary,1.0,1.0,0.03900376438993958,32.29947682618834,segment_coverage,car_supported,primary
transit:211-1@1#720:72:73,transit,S_0021648,gtfs_shape_geometry_primary,0.8503228724386059,0.8503228724386059,0.284510429111219,1.0020925107643421,segment_coverage,car_supported,primary
transit:211-1@1#720:72:73,transit,S_0047323,gtfs_shape_geometry_primary,1.0,1.0,0.38889515698407934,12.000392962133233,segment_coverage,car_supported,primary
transit:211-1@1#720:72:73,transit,S_0021649,gtfs_shape_geometry_primary,1.0,1.0,0.3393307021744204,0.7338259739344011,segment_coverage,car_supported,primary
transit:211-1@1#720:72:73,transit,S_0047324,gtfs_shape_geometry_primary,1.0,1.0,0.15772467971575044,0.22273284781387304,segment_coverage,car_supported,primary
transit:211-1@1#720:72:73,transit,S_0042362,gtfs_shape_geometry_primary,1.0,1.0,0.16493000581047074,0.15658022178450892,segment_coverage,car_supported,primary
transit:211-1@1#720:72:73,transit,S_0055619,gtfs_shape_geometry_primary,0.8524391960614938,0.8524391960614938,0.1604020959698576,0.4567298381896734,segment_coverage,car_supported,primary
transit:179-1@1#720:70:71,transit,S_0021448,gtfs_shape_geometry_primary,1.0,1.0,0.4662249437264438,0.7471626663444653,segment_coverage,car_supported,primary
transit:179-1@1#720:70:71,transit,S_0013948,gtfs_shape_geometry_primary,0.7983801072011003,0.7418143568207213,0.7983801072011003,0.2298635307738266,both,car_supported,primary
transit:T1-1@1#745:46:47,transit,S_0017238,gtfs_shape_geometry_primary,1.0,1.0,0.559253685711333,0.11147065583065796,both,car_supported,primary
transit:T1-1@1#745:46:47,transit,S_0017235,gtfs_shape_geometry_primary,1.0,1.0,0.6610967695851703,0.16125628081047694,both,car_supported,primary
transit:T6-1@1#753:27:28,transit,S_0053478,gtfs_shape_geometry_primary,0.5224337773361678,0.5224337773361678,0.10430550218451501,32.11162663440008,segment_coverage,car_supported,primary
transit:T6-1@1#753:27:28,transit,S_0020547,gtfs_shape_geometry_primary,1.0,1.0,0.22930006098242858,21.972413300760508,segment_coverage,car_supported,primary
transit:T6-1@1#753:27:28,transit,S_0020545,gtfs_shape_geometry_primary,1.0,1.0,0.39353647753612414,0.350621948109179,segment_coverage,car_supported,primary
transit:T6-1@1#753:27:28,transit,S_0043838,gtfs_shape_geometry_primary,1.0,1.0,0.23100364756835612,1.1118834123463301,segment_coverage,car_supported,primary
transit:T6-1@1#753:27:28,transit,S_0043841,gtfs_shape_geometry_primary,0.7438262983913659,0.7438262983913659,0.22838378539132068,1.139833790226092,segment_coverage,car_supported,primary
transit:189-2@1#800:24:25,transit,S_0038932,gtfs_shape_geometry_primary,1.0,1.0,0.7962843740491149,0.04570290285137446,both,car_supported,primary
transit:3946-1@1#814:5:6,transit,S_0031878,gtfs_shape_geometry_primary,0.896298459512644,0.7804116905523766,0.896298459512644,7.749484257809328,both,car_supported,primary
transit:3946-1@1#814:5:6,transit,S_0031877,gtfs_shape_geometry_primary,0.5838786731314836,0.5838786731314836,0.2428779902329043,34.1312866566208,segment_coverage,car_supported,primary
transit:T10-1@1#803:12:13,transit,S_0025772,gtfs_shape_geometry_primary,1.0,1.0,0.12689753106493312,15.923543096668553,segment_coverage,car_supported,primary
transit:T10-1@1#803:12:13,transit,S_0006301,gtfs_shape_geometry_primary,1.0,1.0,0.13703456310302325,12.013590940347555,segment_coverage,car_supported,primary
transit:T10-1@1#803:12:13,transit,S_0028919,gtfs_shape_geometry_primary,0.6556131174122126,0.6556131174122126,0.1633806318726788,16.248740197061863,segment_coverage,car_supported,primary
transit:T10-1@1#803:12:13,transit,S_0006303,gtfs_shape_geometry_primary,1.0,1.0,0.29719473601655005,2.8372371314007125,segment_coverage,car_supported,primary
transit:T10-1@1#803:12:13,transit,S_0020127,gtfs_shape_geometry_primary,1.0,1.0,0.2488914293019758,2.1958389318204325,segment_coverage,car_supported,primary
transit:T10-1@1#803:12:13,transit,S_0048865,gtfs_shape_geometry_primary,1.0,1.0,0.12298351247990236,0.29891018501655253,segment_coverage,car_supported,primary
transit:T10-1@1#803:12:13,transit,S_0006305,gtfs_shape_geometry_primary,1.0,1.0,0.11253536555161109,0.3154815010433083,segment_coverage,car_supported,primary
transit:T10-1@1#803:12:13,transit,S_0006306,gtfs_shape_geometry_primary,1.0,1.0,0.11214972600304848,1.883661484612432,segment_coverage,car_supported,primary
transit:T10-1@1#803:12:13,transit,S_0020128,gtfs_shape_geometry_primary,1.0,1.0,0.08057377101167038,0.4366406112054193,segment_coverage,car_supported,primary
transit:T10-1@1#803:12:13,transit,S_0051758,gtfs_shape_geometry_primary,1.0,1.0,0.2129044505056396,1.9837277268527487,segment_coverage,car_supported,primary
transit:T10-1@1#803:12:13,transit,S_0028880,gtfs_shape_geometry_primary,0.9131122242622979,0.9131122242622979,0.21349149189885314,0.8824507244425206,segment_coverage,car_supported,primary
transit:T10-1@1#803:12:13,transit,S_0055190,gtfs_shape_geometry_primary,1.0,1.0,0.10119623835333354,0.43460427568933824,segment_coverage,car_supported,primary
transit:T3-1@1#744:43:44,transit,S_0058287,gtfs_shape_geometry_primary,0.9229618154415465,0.9229618154415465,0.4566197012610599,6.638240762768419,segment_coverage,car_supported,primary
transit:T3-1@1#744:43:44,transit,S_0056389,gtfs_shape_geometry_primary,0.6233343824053992,0.6233343824053992,0.2641858770281131,27.491882638014175,segment_coverage,car_supported,primary
transit:T3-1@1#744:43:44,transit,S_0058286,gtfs_shape_geometry_primary,1.0,1.0,0.47889097990914986,13.739036691499251,segment_coverage,car_supported,primary
transit:621-1@1#750:41:42,transit,S_0042991,gtfs_shape_geometry_primary,1.0,1.0,0.1298295673221962,44.45300271628396,segment_coverage,car_supported,primary
transit:621-1@1#750:41:42,transit,S_0042989,gtfs_shape_geometry_primary,1.0,1.0,0.12992255451322976,33.87651269613943,segment_coverage,car_supported,primary
transit:621-1@1#750:41:42,transit,S_0042990,gtfs_shape_geometry_primary,1.0,1.0,0.31867488997760596,0.20676037133341651,segment_coverage,car_supported,primary
transit:621-1@1#750:41:42,transit,S_0042987,gtfs_shape_geometry_primary,1.0,1.0,0.4042431600914811,0.04517493049328891,segment_coverage,car_supported,primary
transit:621-1@1#750:41:42,transit,S_0020553,gtfs_shape_geometry_primary,1.0,1.0,0.5385741167248228,20.759058663031027,both,car_supported,primary
transit:B55-1@1#711:91:92,transit,S_0056416,gtfs_shape_geometry_primary,1.0,1.0,0.004473536437635778,0.6502611888011103,segment_coverage,car_supported,primary
transit:B55-1@1#711:91:92,transit,S_0002372,gtfs_shape_geometry_primary,1.0,1.0,0.016450075040005927,0.3845399231569644,segment_coverage,car_supported,primary
transit:B55-1@1#711:91:92,transit,S_0045067,gtfs_shape_geometry_primary,1.0,1.0,0.010713373938201569,0.010078360178596313,segment_coverage,car_supported,primary
transit:B55-1@1#711:91:92,transit,S_0048449,gtfs_shape_geometry_primary,1.0,1.0,0.01575387206531159,7.174800329040551,segment_coverage,car_supported,primary
transit:B55-1@1#711:91:92,transit,S_0041803,gtfs_shape_geometry_primary,1.0,1.0,0.016324825039767808,7.590279143640515,segment_coverage,car_supported,primary
transit:B55-1@1#711:91:92,transit,S_0035887,gtfs_shape_geometry_primary,0.9021344229401513,0.9021344229401513,0.022443558556957732,16.135074347434937,segment_coverage,car_supported,primary
transit:B55-1@1#711:91:92,transit,S_0044607,gtfs_shape_geometry_primary,0.5248002277666906,0.5248002277666906,0.010022308265816793,0.28508669914475604,segment_coverage,car_supported,primary
transit:B55-1@1#711:91:92,transit,S_0048448,gtfs_shape_geometry_primary,0.6548935168367317,0.6548935168367317,0.001175182870389678,12.265549333932299,segment_coverage,car_supported,primary
transit:B55-1@1#711:91:92,transit,S_0023267,gtfs_shape_geometry_primary,0.7683348959182924,0.7683348959182924,0.005222982667560518,1.789202976400027,segment_coverage,car_supported,primary
transit:B55-1@1#711:91:92,transit,S_0023263,gtfs_shape_geometry_primary,0.7180009704303623,0.7180009704303623,0.02685534756930281,1.1465665508744678,segment_coverage,car_supported,primary
transit:B55-1@1#711:91:92,transit,S_0030630,gtfs_shape_geometry_primary,1.0,1.0,0.0029479518156523277,11.442674536439739,segment_coverage,car_supported,primary
transit:B55-1@1#711:91:92,transit,S_0044635,gtfs_shape_geometry_primary,1.0,1.0,0.004580689166956341,9.262290964525505,segment_coverage,car_supported,primary
transit:B55-1@1#711:91:92,transit,S_0044634,gtfs_shape_geometry_primary,1.0,1.0,0.007645180982310403,1.0653161336777544,segment_coverage,car_supported,primary
transit:B55-1@1#711:91:92,transit,S_0005595,gtfs_shape_geometry_primary,1.0,1.0,0.011951316994905186,0.8999713715569442,segment_coverage,car_supported,primary
transit:B55-1@1#711:91:92,transit,S_0029539,gtfs_shape_geometry_primary,1.0,1.0,0.005796923425006927,1.256138166509615,segment_coverage,car_supported,primary
transit:B55-1@1#711:91:92,transit,S_0029228,gtfs_shape_geometry_primary,1.0,1.0,0.007107999864960447,0.5367050194334126,segment_coverage,car_supported,primary
transit:B55-1@1#711:91:92,transit,S_0005597,gtfs_shape_geometry_primary,1.0,1.0,0.006545217717929916,0.23195862251523636,segment_coverage,car_supported,primary
transit:B55-1@1#711:91:92,transit,S_0005596,gtfs_shape_geometry_primary,1.0,1.0,0.012239578936729074,0.007821930863897819,segment_coverage,car_supported,primary
transit:B55-1@1#711:91:92,transit,S_0005603,gtfs_shape_geometry_primary,1.0,1.0,0.012740639631480713,0.604719699642402,segment_coverage,car_supported,primary
transit:B55-1@1#711:91:92,transit,S_0029225,gtfs_shape_geometry_primary,1.0,1.0,0.009021557780972514,1.3081176579445355,segment_coverage,car_supported,primary
transit:B55-1@1#711:91:92,transit,S_0005588,gtfs_shape_geometry_primary,1.0,1.0,0.012954546631345131,0.42418374504278233,segment_coverage,car_supported,primary
transit:B55-1@1#711:91:92,transit,S_0005589,gtfs_shape_geometry_primary,1.0,1.0,0.008412478976183649,0.3708697182078282,segment_coverage,car_supported,primary
transit:B55-1@1#711:91:92,transit,S_0029223,gtfs_shape_geometry_primary,1.0,1.0,0.007169698275206477,1.363868602085219,segment_coverage,car_supported,primary
transit:B55-1@1#711:91:92,transit,S_0005593,gtfs_shape_geometry_primary,0.813873991645411,0.813873991645411,0.005982797717404904,7.3101178249655305,segment_coverage,car_supported,primary
transit:B55-1@1#711:91:92,transit,S_0041853,gtfs_shape_geometry_primary,1.0,1.0,0.0061843725711566554,0.034345817281860036,segment_coverage,car_supported,primary
transit:B55-1@1#711:91:92,transit,S_0041855,gtfs_shape_geometry_primary,1.0,1.0,0.019531556006455068,0.09718401731345239,segment_coverage,car_supported,primary
transit:B55-1@1#711:91:92,transit,S_0041843,gtfs_shape_geometry_primary,0.8447076764341814,0.8447076764341814,0.005814826220517435,2.8208418091368515,segment_coverage,car_supported,primary
transit:B55-1@1#711:91:92,transit,S_0023188,gtfs_shape_geometry_primary,0.9063937847137781,0.9063937847137781,0.02083711761124004,0.4296365088230374,segment_coverage,car_supported,primary
transit:B55-1@1#711:91:92,transit,S_0023325,gtfs_shape_geometry_primary,1.0,1.0,0.007826029460426048,1.6836857603703805,segment_coverage,car_supported,primary
transit:B55-1@1#711:91:92,transit,S_0023336,gtfs_shape_geometry_primary,1.0,1.0,0.004278601736837366,0.043424002126897676,segment_coverage,car_supported,primary
transit:B55-1@1#711:91:92,transit,S_0001211,gtfs_shape_geometry_primary,1.0,1.0,0.018577840214286993,0.7910273564012869,segment_coverage,car_supported,primary
transit:B55-1@1#711:91:92,transit,S_0048441,gtfs_shape_geometry_primary,0.7154692689679314,0.7154692689679314,0.007630196180012994,16.097691182827703,segment_coverage,car_supported,primary
transit:B55-1@1#711:91:92,transit,S_0023316,gtfs_shape_geometry_primary,0.6798595986397674,0.6798595986397674,0.007132470557362774,17.991136150412984,segment_coverage,car_supported,primary
transit:B55-1@1#711:91:92,transit,S_0001202,gtfs_shape_geometry_primary,1.0,1.0,0.017514791270294098,17.805579436627454,segment_coverage,car_supported,primary
transit:B55-1@1#711:91:92,transit,S_0023314,gtfs_shape_geometry_primary,1.0,1.0,0.007062398107488407,11.349431573825669,segment_coverage,car_supported,primary
transit:B55-1@1#711:91:92,transit,S_0043328,gtfs_shape_geometry_primary,1.0,1.0,0.008418176498387452,4.613341187561076,segment_coverage,car_supported,primary
transit:B55-1@1#711:91:92,transit,S_0023190,gtfs_shape_geometry_primary,1.0,1.0,0.0073184262719684515,0.4550131956836907,segment_coverage,car_supported,primary
transit:B55-1@1#711:91:92,transit,S_0047667,gtfs_shape_geometry_primary,1.0,1.0,0.014377988849645215,0.40983547636936635,segment_coverage,car_supported,primary
transit:B55-1@1#711:91:92,transit,S_0023179,gtfs_shape_geometry_primary,1.0,1.0,0.006466950771049987,0.41890429115683503,segment_coverage,car_supported,primary
transit:B55-1@1#711:91:92,transit,S_0023180,gtfs_shape_geometry_primary,1.0,1.0,0.011954431707098501,0.44192440747309547,segment_coverage,car_supported,primary
transit:B55-1@1#711:91:92,transit,S_0056377,gtfs_shape_geometry_primary,1.0,1.0,0.008652355462640598,19.81300790358685,segment_coverage,car_supported,primary
transit:T4-1@1#804:18:19,transit,S_0004325,gtfs_shape_geometry_primary,1.0,1.0,0.4538731812084633,3.7305370038030503,segment_coverage,car_supported,primary
transit:T4-1@1#804:18:19,transit,S_0020487,gtfs_shape_geometry_primary,1.0,0.8746348357540646,1.0,1.8404843951342968,both,car_supported,primary
transit:T4-1@1#804:18:19,transit,S_0020491,gtfs_shape_geometry_primary,1.0,1.0,0.6443362193336608,3.912640847052458,both,car_supported,primary
transit:2601-1@1#755:33:34,transit,S_0021853,gtfs_shape_geometry_primary,1.0,1.0,0.6388713528468899,6.507420367043437,both,car_supported,primary
transit:495-1@1#746:31:32,transit,S_0036077,gtfs_shape_geometry_primary,1.0,1.0,0.36389644268982807,4.324792150588252,segment_coverage,car_supported,primary
transit:495-1@1#746:31:32,transit,S_0036075,gtfs_shape_geometry_primary,1.0,1.0,0.7867545609769646,0.16494925598371424,both,car_supported,primary
transit:A952-1@1#756:34:35,transit,S_0019082,gtfs_shape_geometry_primary,0.6041283506138645,0.4881941260546879,0.6041283506138645,40.39918508147701,shape_coverage,car_supported,primary
transit:A952-1@1#756:34:35,transit,S_0029312,gtfs_shape_geometry_primary,0.526576609987503,0.5192027138214846,0.526576609987503,25.288545281725078,both,car_supported,primary
transit:A952-1@1#756:34:35,transit,S_0019083,gtfs_shape_geometry_primary,1.0,1.0,0.3479180154213152,4.561429838715171,segment_coverage,car_supported,primary
transit:A952-1@1#756:34:35,transit,S_0029313,gtfs_shape_geometry_primary,1.0,1.0,0.3288161753860243,4.236210160677942,segment_coverage,car_supported,primary
transit:B02-1@1#730:70:71,transit,S_0000758,gtfs_shape_geometry_primary,0.8879123428770249,0.6192452066275286,0.8879123428770249,10.132601509433485,both,car_supported,primary
transit:494-2@1#737:44:45,transit,S_0026875,gtfs_shape_geometry_primary,1.0,1.0,0.23423553042917347,1.0637807644395565,segment_coverage,car_supported,primary
transit:494-2@1#737:44:45,transit,S_0026890,gtfs_shape_geometry_primary,1.0,1.0,0.3108271529237972,0.9532604076113103,segment_coverage,car_supported,primary
transit:494-2@1#737:44:45,transit,S_0026885,gtfs_shape_geometry_primary,1.0,1.0,0.308950188421421,0.1358296974673152,segment_coverage,car_supported,primary
transit:494-2@1#737:44:45,transit,S_0026887,gtfs_shape_geometry_primary,1.0,1.0,0.18741016697152044,0.7889735055181575,segment_coverage,car_supported,primary
transit:494-2@1#737:44:45,transit,S_0026856,gtfs_shape_geometry_primary,1.0,1.0,0.26381737489079293,0.6573666863308887,segment_coverage,car_supported,primary
transit:494-2@1#737:44:45,transit,S_0026854,gtfs_shape_geometry_primary,1.0,1.0,0.22201823782852867,0.3979804218891161,segment_coverage,car_supported,primary
transit:494-2@1#737:44:45,transit,S_0026873,gtfs_shape_geometry_primary,1.0,1.0,0.5061509003195883,0.28228852199646326,both,car_supported,primary
transit:3973-1@1#736:62:63,transit,S_0048494,gtfs_shape_geometry_primary,0.6173000865625101,0.46210964714334746,0.6173000865625101,14.047174890820628,shape_coverage,car_supported,primary
transit:3973-1@1#736:62:63,transit,S_0006317,gtfs_shape_geometry_primary,1.0,1.0,0.4295441673161642,19.405094349509064,segment_coverage,car_supported,primary
transit:T2A-1@1#801:25:26,transit,S_0049362,gtfs_shape_geometry_primary,0.8768049624332591,0.8768049624332591,0.1664482838946692,39.29383767612923,segment_coverage,car_supported,primary
transit:T2A-1@1#801:25:26,transit,S_0054588,gtfs_shape_geometry_primary,0.6251772479969415,0.6251772479969415,0.5567430363986394,2.7614526686956964,both,car_supported,primary
transit:T4-2@1#723:57:58,transit,S_0017468,gtfs_shape_geometry_primary,0.644240354668015,0.644240354668015,0.501361509234326,2.204934719279777,both,car_supported,primary
transit:T11-2@1#737:50:51,transit,S_0031045,gtfs_shape_geometry_primary,0.8065167185845036,0.8065167185845036,0.19939385025697806,42.30576019656117,segment_coverage,car_supported,primary
transit:T11-2@1#737:50:51,transit,S_0001437,gtfs_shape_geometry_primary,1.0,1.0,0.3167964000458995,33.48285643128327,segment_coverage,car_supported,primary
transit:T6-2@1#753:29:30,transit,S_0050967,gtfs_shape_geometry_primary,0.8850660014151338,0.8850660014151338,0.2998232633527462,0.7272821193068211,segment_coverage,car_supported,primary
transit:T6-2@1#753:29:30,transit,S_0054964,gtfs_shape_geometry_primary,1.0,1.0,0.19163455069176016,0.46764128695387797,segment_coverage,car_supported,primary
transit:T6-2@1#753:29:30,transit,S_0054968,gtfs_shape_geometry_primary,1.0,1.0,0.34931938537197815,0.34670286932524164,segment_coverage,car_supported,primary
transit:T6-2@1#753:29:30,transit,S_0028383,gtfs_shape_geometry_primary,1.0,1.0,0.48133784938138613,0.21940090676859825,segment_coverage,car_supported,primary
transit:5203-1@1#811:8:9,transit,S_0042991,gtfs_shape_geometry_primary,1.0,1.0,0.09780575792004693,44.507291308891766,segment_coverage,car_supported,primary
transit:5203-1@1#811:8:9,transit,S_0042989,gtfs_shape_geometry_primary,1.0,1.0,0.08350691235971942,33.841686241239785,segment_coverage,car_supported,primary
transit:5203-1@1#811:8:9,transit,S_0042990,gtfs_shape_geometry_primary,1.0,1.0,0.07499391548777115,0.2067603723296827,segment_coverage,car_supported,primary
transit:5203-1@1#811:8:9,transit,S_0042987,gtfs_shape_geometry_primary,1.0,1.0,0.0286524029347915,0.15871011427677217,segment_coverage,car_supported,primary
transit:T4-1@1#804:19:20,transit,S_0020266,gtfs_shape_geometry_primary,1.0,1.0,0.30304121989479194,8.055478715444181,segment_coverage,car_supported,primary
transit:T4-1@1#804:19:20,transit,S_0020269,gtfs_shape_geometry_primary,1.0,1.0,0.4128656965782894,5.744286820623614,segment_coverage,car_supported,primary
transit:T4-1@1#804:19:20,transit,S_0020270,gtfs_shape_geometry_primary,1.0,1.0,0.38783220991014666,12.005553625709766,segment_coverage,car_supported,primary
transit:T4-1@1#804:19:20,transit,S_0020296,gtfs_shape_geometry_primary,1.0,1.0,0.077096271968105,10.842757865018228,segment_coverage,car_supported,primary
transit:T4-1@1#804:19:20,transit,S_0020293,gtfs_shape_geometry_primary,1.0,1.0,0.2045498655204029,0.5878174775631777,segment_coverage,car_supported,primary
transit:T4-1@1#804:19:20,transit,S_0020289,gtfs_shape_geometry_primary,1.0,1.0,0.1637846988089182,0.9526585276717867,segment_coverage,car_supported,primary
transit:T4-1@1#804:19:20,transit,S_0020288,gtfs_shape_geometry_primary,1.0,1.0,0.23924989445542091,3.9940850912795725,segment_coverage,car_supported,primary
transit:211-1@1#720:73:74,transit,S_0043458,gtfs_shape_geometry_primary,1.0,1.0,0.21165890900662157,0.5646173197580566,segment_coverage,car_supported,primary
transit:211-1@1#720:73:74,transit,S_0047162,gtfs_shape_geometry_primary,1.0,1.0,0.4527615453128785,3.81153763475362,segment_coverage,car_supported,primary
transit:211-1@1#720:73:74,transit,S_0047163,gtfs_shape_geometry_primary,1.0,1.0,0.1531730668148598,10.882177839297555,segment_coverage,car_supported,primary
transit:211-1@1#720:73:74,transit,S_0047164,gtfs_shape_geometry_primary,1.0,1.0,0.15732508009783006,0.18231036318726979,segment_coverage,car_supported,primary
transit:211-1@1#720:73:74,transit,S_0047704,gtfs_shape_geometry_primary,1.0,1.0,0.360634997131981,4.835819674550933,segment_coverage,car_supported,primary
transit:211-1@1#720:73:74,transit,S_0047172,gtfs_shape_geometry_primary,0.8774695287619794,0.8774695287619794,0.2541287444979945,30.639375074971966,segment_coverage,car_supported,primary
transit:211-1@1#720:73:74,transit,S_0055619,gtfs_shape_geometry_primary,0.6557995376917868,0.6557995376917868,0.1732201310664087,0.45672983826463565,segment_coverage,car_supported,primary
transit:211-1@1#720:73:74,transit,S_0047166,gtfs_shape_geometry_primary,0.6180462576566625,0.6180462576566625,0.488784189466569,0.295696711189521,segment_coverage,car_supported,primary
transit:T1-1@1#745:47:48,transit,S_0017234,gtfs_shape_geometry_primary,1.0,1.0,0.5230674685429356,0.30269199715743866,both,car_supported,primary
transit:T1-1@1#745:47:48,transit,S_0011968,gtfs_shape_geometry_primary,1.0,1.0,0.3306769504248531,1.0199468180282878,segment_coverage,car_supported,primary
transit:T1-1@1#745:47:48,transit,S_0017949,gtfs_shape_geometry_primary,0.5427087196700006,0.5427087196700006,0.4658613370928115,0.19622993173796033,segment_coverage,car_supported,primary
transit:179-1@1#720:71:72,transit,S_0013948,gtfs_shape_geometry_primary,0.5082848080558912,0.5082848080558912,0.2554994202808275,0.22839502968808745,segment_coverage,car_supported,primary
transit:179-1@1#720:71:72,transit,S_0013949,gtfs_shape_geometry_primary,1.0,1.0,0.17144772076168988,0.363534566699812,segment_coverage,car_supported,primary
transit:179-1@1#720:71:72,transit,S_0010317,gtfs_shape_geometry_primary,1.0,1.0,0.17087352466267636,0.4173298369202314,segment_coverage,car_supported,primary
transit:179-1@1#720:71:72,transit,S_0010316,gtfs_shape_geometry_primary,1.0,1.0,0.13647093877274583,1.7082949949080444,segment_coverage,car_supported,primary
transit:179-1@1#720:71:72,transit,S_0029503,gtfs_shape_geometry_primary,1.0,1.0,0.20018942035636733,0.006760803964496631,segment_coverage,car_supported,primary
transit:179-1@1#720:71:72,transit,S_0013547,gtfs_shape_geometry_primary,1.0,1.0,0.5728562324647672,0.7253342187198086,both,car_supported,primary
transit:3946-1@1#814:6:7,transit,S_0031877,gtfs_shape_geometry_primary,0.5987670692151776,0.5987670692151776,0.0720002407802801,41.01322899221938,segment_coverage,car_supported,primary
transit:3946-1@1#814:6:7,transit,S_0003465,gtfs_shape_geometry_primary,0.5174302100573209,0.5174302100573209,0.37452170019073866,37.72862308480862,segment_coverage,car_supported,primary
transit:189-2@1#800:25:26,transit,S_0047087,gtfs_shape_geometry_primary,0.690905214998659,0.690905214998659,0.2929515291638303,11.50074886191669,segment_coverage,car_supported,primary
transit:189-2@1#800:25:26,transit,S_0036941,gtfs_shape_geometry_primary,1.0,1.0,0.36185649852434826,0.35556819031924647,segment_coverage,car_supported,primary
transit:189-2@1#800:25:26,transit,S_0002275,gtfs_shape_geometry_primary,1.0,1.0,0.18616514680711638,1.2988372756216506,segment_coverage,car_supported,primary
transit:189-2@1#800:25:26,transit,S_0002276,gtfs_shape_geometry_primary,1.0,1.0,0.15059668944617893,1.1165385616470047,segment_coverage,car_supported,primary
transit:189-2@1#800:25:26,transit,S_0038930,gtfs_shape_geometry_primary,0.7330970886161052,0.7330970886161052,0.408179655036179,0.315107706042582,segment_coverage,car_supported,primary
transit:2701-2@1#810:13:14,transit,S_0047172,gtfs_shape_geometry_primary,0.7542615938867604,0.7542615938867604,0.18259989411845315,44.77662441281855,segment_coverage,car_supported,primary
transit:T4-2@1#717:65:66,transit,S_0047215,gtfs_shape_geometry_primary,1.0,1.0,0.17164946885807988,0.3422915099374393,segment_coverage,car_supported,primary
transit:T4-2@1#717:65:66,transit,S_0020498,gtfs_shape_geometry_primary,1.0,1.0,0.3960133854967244,0.13652731530751794,segment_coverage,car_supported,primary
transit:T4-2@1#717:65:66,transit,S_0020499,gtfs_shape_geometry_primary,1.0,1.0,0.5066601710891318,0.14074042864488945,both,car_supported,primary
transit:T4-2@1#717:65:66,transit,S_0055775,gtfs_shape_geometry_primary,1.0,1.0,0.35816997274442947,0.4076024182845259,segment_coverage,car_supported,primary
transit:621-1@1#750:42:43,transit,S_0042991,gtfs_shape_geometry_primary,1.0,1.0,0.09780575792004693,44.507291308891766,segment_coverage,car_supported,primary
transit:621-1@1#750:42:43,transit,S_0042989,gtfs_shape_geometry_primary,1.0,1.0,0.08350691235971942,33.841686241239785,segment_coverage,car_supported,primary
transit:621-1@1#750:42:43,transit,S_0042990,gtfs_shape_geometry_primary,1.0,1.0,0.07499391548777115,0.2067603723296827,segment_coverage,car_supported,primary
transit:621-1@1#750:42:43,transit,S_0042987,gtfs_shape_geometry_primary,1.0,1.0,0.0286524029347915,0.15871011427677217,segment_coverage,car_supported,primary
transit:T3-1@1#744:44:45,transit,S_0040665,gtfs_shape_geometry_primary,1.0,1.0,0.1319782594228826,2.6031237813658414,segment_coverage,car_supported,primary
transit:T3-1@1#744:44:45,transit,S_0027303,gtfs_shape_geometry_primary,1.0,1.0,0.0694737092574589,8.8404391346821,segment_coverage,car_supported,primary
transit:B55-1@1#711:92:93,transit,S_0056411,gtfs_shape_geometry_primary,0.8317307881114355,0.8317307881114355,0.5494762565900092,0.32947740834298145,both,car_supported,primary
transit:B55-1@1#711:92:93,transit,S_0056413,gtfs_shape_geometry_primary,0.7573854813749271,0.7573854813749271,0.47965095846929495,2.109546974748014,segment_coverage,car_supported,primary
transit:T6-1@1#753:28:29,transit,S_0043680,gtfs_shape_geometry_primary,0.6382430951199024,0.6382430951199024,0.06459552717709022,0.7710939835691022,segment_coverage,car_supported,primary
transit:T6-1@1#753:28:29,transit,S_0043679,gtfs_shape_geometry_primary,1.0,1.0,0.35908937258437373,4.220049161379876,segment_coverage,car_supported,primary
transit:T6-1@1#753:28:29,transit,S_0043837,gtfs_shape_geometry_primary,1.0,1.0,0.6739112347842946,5.2682058811706725,both,car_supported,primary
transit:T6-1@1#753:28:29,transit,S_0053478,gtfs_shape_geometry_primary,0.8855512160454189,0.8855512160454189,0.31638789277096335,6.364534192332442,segment_coverage,car_supported,primary
transit:353-2@1#747:30:31,transit,S_0021046,gtfs_shape_geometry_primary,0.9085599778916937,0.9085599778916937,0.4799191876989535,0.5702358641325702,segment_coverage,car_supported,primary
transit:T7-2@1#806:14:15,transit,S_0002317,gtfs_shape_geometry_primary,0.7215479583632612,0.7215479583632612,0.2722068618480394,0.2013506065288233,segment_coverage,car_supported,primary
transit:397-1@1#731:79:80,transit,S_0017283,gtfs_shape_geometry_primary,0.6712989790609998,0.6712989790609998,0.04906902559923915,4.436155073875369,segment_coverage,car_supported,primary
transit:397-1@1#731:79:80,transit,S_0028321,gtfs_shape_geometry_primary,1.0,1.0,0.15223803775811662,4.081312658382473,segment_coverage,car_supported,primary
transit:397-1@1#731:79:80,transit,S_0018548,gtfs_shape_geometry_primary,0.7416870548486526,0.7416870548486526,0.05345101632541192,30.252798695100083,segment_coverage,car_supported,primary
transit:T2A-1@1#801:26:27,transit,S_0049366,gtfs_shape_geometry_primary,0.9862265009685051,0.9862265009685051,0.14145808615898772,33.39904165974683,segment_coverage,car_supported,primary
transit:T2A-1@1#801:26:27,transit,S_0049362,gtfs_shape_geometry_primary,0.7479782078741762,0.7479782078741762,0.06643993151547413,38.73743237317119,segment_coverage,car_supported,primary
transit:398-1@1#741:51:52,transit,S_0008501,gtfs_shape_geometry_primary,0.5494322100177204,0.5494322100177204,0.11404265404730149,43.73873842496121,segment_coverage,car_supported,primary
transit:T3-2@1#758:27:28,transit,S_0034708,gtfs_shape_geometry_primary,0.8370136728600724,0.8370136728600724,0.062416483529267555,27.356640210806006,segment_coverage,car_supported,primary
transit:T3-2@1#758:27:28,transit,S_0058850,gtfs_shape_geometry_primary,1.0,1.0,0.10032210242818485,7.3094834157168975,segment_coverage,car_supported,primary
transit:T3-2@1#758:27:28,transit,S_0034707,gtfs_shape_geometry_primary,1.0,1.0,0.030787442538895676,0.4115559879834336,segment_coverage,car_supported,primary
transit:T3-2@1#758:27:28,transit,S_0001803,gtfs_shape_geometry_primary,1.0,1.0,0.030706346614279657,0.4115394036146256,segment_coverage,car_supported,primary
transit:T3-2@1#758:27:28,transit,S_0036309,gtfs_shape_geometry_primary,0.941075698396457,0.941075698396457,0.02946052061384439,2.4777869917889603,segment_coverage,car_supported,primary
transit:T3-2@1#758:27:28,transit,S_0040665,gtfs_shape_geometry_primary,1.0,1.0,0.07574043847528687,2.603123781365831,segment_coverage,car_supported,primary
transit:T3-2@1#758:27:28,transit,S_0027303,gtfs_shape_geometry_primary,1.0,1.0,0.04882575199029766,8.763408646863013,segment_coverage,car_supported,primary
transit:T3-2@1#758:27:28,transit,S_0058286,gtfs_shape_geometry_primary,1.0,1.0,0.083208664873704,13.739036691499251,segment_coverage,car_supported,primary
transit:R31-1@1#759:17:18,transit,S_0037880,gtfs_shape_geometry_primary,1.0,1.0,0.09037091915305101,0.7723034620468638,segment_coverage,car_supported,primary
transit:R31-1@1#759:17:18,transit,S_0037870,gtfs_shape_geometry_primary,1.0,1.0,0.23674318788792115,3.518788135872285,segment_coverage,car_supported,primary
transit:R31-1@1#759:17:18,transit,S_0047856,gtfs_shape_geometry_primary,1.0,1.0,0.3449957082622079,1.5958890378599477,segment_coverage,car_supported,primary
transit:R31-1@1#759:17:18,transit,S_0037849,gtfs_shape_geometry_primary,1.0,1.0,0.4294153404271392,5.085847594642502,segment_coverage,car_supported,primary
transit:R31-1@1#759:17:18,transit,S_0047857,gtfs_shape_geometry_primary,1.0,1.0,0.214127001085173,8.462591511332107,segment_coverage,car_supported,primary
transit:R31-1@1#759:17:18,transit,S_0037830,gtfs_shape_geometry_primary,1.0,1.0,0.5556095537743863,1.6113135705595454,both,car_supported,primary
transit:R31-1@1#759:17:18,transit,S_0005005,gtfs_shape_geometry_primary,0.678654240226003,0.678654240226003,0.6750974361146518,1.157265486077506,both,car_supported,primary
transit:T4-2@1#717:66:67,transit,S_0047227,gtfs_shape_geometry_primary,0.8682999008360228,0.8682999008360228,0.32357615830425024,0.6931961965412796,segment_coverage,car_supported,primary
transit:T4-2@1#717:66:67,transit,S_0047225,gtfs_shape_geometry_primary,1.0,1.0,0.5224348493496727,0.41822209664870513,both,car_supported,primary
transit:T4-2@1#717:66:67,transit,S_0053492,gtfs_shape_geometry_primary,1.0,1.0,0.40252755969584025,0.22861076083658816,segment_coverage,car_supported,primary
transit:T1-1@1#745:48:49,transit,S_0017949,gtfs_shape_geometry_primary,0.6436244466763648,0.6436244466763648,0.49440821134246077,0.19622993142199618,segment_coverage,car_supported,primary
transit:T1-1@1#745:48:49,transit,S_0017951,gtfs_shape_geometry_primary,1.0,1.0,0.40659673138139923,0.3993396699563334,segment_coverage,car_supported,primary
transit:T1-1@1#745:48:49,transit,S_0017233,gtfs_shape_geometry_primary,1.0,1.0,0.29363213232158225,0.40250242829681326,segment_coverage,car_supported,primary
transit:T1-1@1#745:48:49,transit,S_0017231,gtfs_shape_geometry_primary,0.5183129233312744,0.5183129233312744,0.23457852062854706,0.3415915135457368,segment_coverage,car_supported,primary
transit:2701-2@1#810:14:15,transit,S_0043458,gtfs_shape_geometry_primary,1.0,1.0,0.19945776625691775,0.5646173198236966,segment_coverage,car_supported,primary
transit:2701-2@1#810:14:15,transit,S_0047162,gtfs_shape_geometry_primary,1.0,1.0,0.4266619671195216,3.811537634753634,segment_coverage,car_supported,primary
transit:2701-2@1#810:14:15,transit,S_0047163,gtfs_shape_geometry_primary,1.0,1.0,0.14434335838260307,10.882177839297555,segment_coverage,car_supported,primary
transit:2701-2@1#810:14:15,transit,S_0047164,gtfs_shape_geometry_primary,1.0,1.0,0.14825602758597872,0.18231036318725558,segment_coverage,car_supported,primary
transit:2701-2@1#810:14:15,transit,S_0047704,gtfs_shape_geometry_primary,1.0,1.0,0.33984608207425654,4.835819674550919,segment_coverage,car_supported,primary
transit:2701-2@1#810:14:15,transit,S_0047172,gtfs_shape_geometry_primary,0.7408285828416796,0.7408285828416796,0.15502866565432089,14.016539839279176,segment_coverage,car_supported,primary
transit:2701-2@1#810:14:15,transit,S_0042362,gtfs_shape_geometry_primary,0.6151972853731924,0.6151972853731924,0.056392445599861694,0.40022727478746845,segment_coverage,car_supported,primary
transit:2701-2@1#810:14:15,transit,S_0055619,gtfs_shape_geometry_primary,1.0,1.0,0.3053308596758265,0.4567298382060727,segment_coverage,car_supported,primary
transit:2701-2@1#810:14:15,transit,S_0047166,gtfs_shape_geometry_primary,0.8095104081032073,0.8095104081032073,0.6027041311098885,0.295696711246336,both,car_supported,primary
transit:3946-1@1#814:7:8,transit,S_0004836,gtfs_shape_geometry_primary,1.0,1.0,0.3706942770858976,6.870806993274542,segment_coverage,car_supported,primary
transit:3946-1@1#814:7:8,transit,S_0004837,gtfs_shape_geometry_primary,0.9419599341682007,0.9419599341682007,0.2615774854710257,15.352347336311695,segment_coverage,car_supported,primary
transit:179-1@1#720:72:73,transit,S_0017840,gtfs_shape_geometry_primary,1.0,1.0,0.14515814895251722,2.9777280023806583,segment_coverage,car_supported,primary
transit:179-1@1#720:72:73,transit,S_0017843,gtfs_shape_geometry_primary,1.0,1.0,0.17797304844683218,7.132982178655411,segment_coverage,car_supported,primary
transit:179-1@1#720:72:73,transit,S_0021748,gtfs_shape_geometry_primary,0.6282142279986139,0.6282142279986139,0.07000679840943697,40.05527406934955,segment_coverage,car_supported,primary
transit:179-1@1#720:72:73,transit,S_0021749,gtfs_shape_geometry_primary,1.0,1.0,0.12138896497360216,2.977324770385934,segment_coverage,car_supported,primary
transit:179-1@1#720:72:73,transit,S_0016623,gtfs_shape_geometry_primary,1.0,1.0,0.1282520375364301,1.52604651610352,segment_coverage,car_supported,primary
transit:179-1@1#720:72:73,transit,S_0002306,gtfs_shape_geometry_primary,0.6419006875919907,0.6419006875919907,0.08488442800080825,28.5146249499293,segment_coverage,car_supported,primary
transit:179-1@1#720:72:73,transit,S_0013021,gtfs_shape_geometry_primary,1.0,1.0,0.18997944729331856,1.688955426464858,segment_coverage,car_supported,primary
transit:179-1@1#720:72:73,transit,S_0008242,gtfs_shape_geometry_primary,1.0,1.0,0.6233461985639772,0.18842097127978263,both,car_supported,primary
transit:179-1@1#720:72:73,transit,S_0016622,gtfs_shape_geometry_primary,1.0,1.0,0.5355221778960352,0.16025625451217707,both,car_supported,primary
transit:179-1@1#720:72:73,transit,S_0018519,gtfs_shape_geometry_primary,0.80832499780367,0.80832499780367,0.123415284621705,4.301908200232134,segment_coverage,car_supported,primary
transit:179-1@1#720:72:73,transit,S_0008240,gtfs_shape_geometry_primary,0.7938376847473888,0.7938376847473888,0.13228068383583752,3.062343841099505,segment_coverage,car_supported,primary
transit:B55-1@1#711:93:94,transit,S_0056416,gtfs_shape_geometry_primary,1.0,1.0,0.0037068673950224626,0.6502611888011103,segment_coverage,car_supported,primary
transit:B55-1@1#711:93:94,transit,S_0002372,gtfs_shape_geometry_primary,1.0,1.0,0.013630881889876198,0.3845399231569502,segment_coverage,car_supported,primary
transit:B55-1@1#711:93:94,transit,S_0045067,gtfs_shape_geometry_primary,1.0,1.0,0.008877329400538151,0.010078360178610524,segment_coverage,car_supported,primary
transit:B55-1@1#711:93:94,transit,S_0048449,gtfs_shape_geometry_primary,1.0,1.0,0.013053993304483123,7.174800329040551,segment_coverage,car_supported,primary
transit:B55-1@1#711:93:94,transit,S_0041803,gtfs_shape_geometry_primary,1.0,1.0,0.01352709707699232,7.590279143640515,segment_coverage,car_supported,primary
transit:B55-1@1#711:93:94,transit,S_0035887,gtfs_shape_geometry_primary,0.9021344229401513,0.9021344229401513,0.018597209747336262,16.135074347434937,segment_coverage,car_supported,primary
transit:B55-1@1#711:93:94,transit,S_0035500,gtfs_shape_geometry_primary,0.9257076527188988,0.9257076527188988,0.01294799230504408,0.18462853949054647,segment_coverage,car_supported,primary
transit:B55-1@1#711:93:94,transit,S_0041188,gtfs_shape_geometry_primary,1.0,1.0,0.013973760096204756,0.047809966233586465,segment_coverage,car_supported,primary
transit:B55-1@1#711:93:94,transit,S_0017630,gtfs_shape_geometry_primary,1.0,1.0,0.014329583490040593,0.29907234345243694,segment_coverage,car_supported,primary
transit:B55-1@1#711:93:94,transit,S_0017628,gtfs_shape_geometry_primary,1.0,1.0,0.004237387360091948,0.21509635926395276,segment_coverage,car_supported,primary
transit:B55-1@1#711:93:94,transit,S_0030723,gtfs_shape_geometry_primary,1.0,1.0,0.005096511381214993,0.05388614095193134,segment_coverage,car_supported,primary
transit:B55-1@1#711:93:94,transit,S_0056405,gtfs_shape_geometry_primary,1.0,1.0,0.00270781890083041,0.20634837622432656,segment_coverage,car_supported,primary
transit:B55-1@1#711:93:94,transit,S_0056406,gtfs_shape_geometry_primary,0.9961809342423961,0.9961809342423961,0.010919714816216543,0.2666399584309431,segment_coverage,car_supported,primary
transit:B55-1@1#711:93:94,transit,S_0056411,gtfs_shape_geometry_primary,1.0,1.0,0.019395282643129064,0.32947740834298145,segment_coverage,car_supported,primary
transit:B55-1@1#711:93:94,transit,S_0056413,gtfs_shape_geometry_primary,1.0,1.0,0.011674697517861286,1.9833739611111696,segment_coverage,car_supported,primary
transit:B55-1@1#711:93:94,transit,S_0044607,gtfs_shape_geometry_primary,0.5248002277666906,0.5248002277666906,0.008304697693052556,0.28508669914475604,segment_coverage,car_supported,primary
transit:B55-1@1#711:93:94,transit,S_0017762,gtfs_shape_geometry_primary,0.6064106907951152,0.6064106907951152,0.007178341719598356,32.941849110514624,segment_coverage,car_supported,primary
transit:B55-1@1#711:93:94,transit,S_0017664,gtfs_shape_geometry_primary,1.0,1.0,0.009490333462368428,11.296555254645412,segment_coverage,car_supported,primary
transit:B55-1@1#711:93:94,transit,S_0048448,gtfs_shape_geometry_primary,1.0,1.0,0.0055575786907186816,12.265549333803989,segment_coverage,car_supported,primary
transit:B55-1@1#711:93:94,transit,S_0023267,gtfs_shape_geometry_primary,0.7683348959182924,0.7683348959182924,0.004327874473596461,1.789202976400027,segment_coverage,car_supported,primary
transit:B55-1@1#711:93:94,transit,S_0023263,gtfs_shape_geometry_primary,0.7180009704303623,0.7180009704303623,0.022252911913075903,1.1465665508744678,segment_coverage,car_supported,primary
transit:B55-1@1#711:93:94,transit,S_0030630,gtfs_shape_geometry_primary,1.0,1.0,0.005240225435426527,11.44267453631143,segment_coverage,car_supported,primary
transit:B55-1@1#711:93:94,transit,S_0044635,gtfs_shape_geometry_primary,1.0,1.0,0.004682575487638206,9.288440780704363,segment_coverage,car_supported,primary
transit:B55-1@1#711:93:94,transit,S_0044634,gtfs_shape_geometry_primary,1.0,1.0,0.006334959490648953,1.0653161336134502,segment_coverage,car_supported,primary
transit:B55-1@1#711:93:94,transit,S_0005595,gtfs_shape_geometry_primary,1.0,1.0,0.009903115334722755,0.8999713715569442,segment_coverage,car_supported,primary
transit:B55-1@1#711:93:94,transit,S_0029539,gtfs_shape_geometry_primary,1.0,1.0,0.004803453986608535,1.256138166509615,segment_coverage,car_supported,primary
transit:B55-1@1#711:93:94,transit,S_0029228,gtfs_shape_geometry_primary,1.0,1.0,0.0058898397968947455,0.5367050194334126,segment_coverage,car_supported,primary
transit:B55-1@1#711:93:94,transit,S_0005597,gtfs_shape_geometry_primary,1.0,1.0,0.005423506545693883,0.23195862251523636,segment_coverage,car_supported,primary
transit:B55-1@1#711:93:94,transit,S_0005596,gtfs_shape_geometry_primary,1.0,1.0,0.010141975307871325,0.007821930863897819,segment_coverage,car_supported,primary
transit:B55-1@1#711:93:94,transit,S_0005603,gtfs_shape_geometry_primary,1.0,1.0,0.010557164851579112,0.604719699642402,segment_coverage,car_supported,primary
transit:B55-1@1#711:93:94,transit,S_0029225,gtfs_shape_geometry_primary,1.0,1.0,0.007475454566381457,1.3081176579445355,segment_coverage,car_supported,primary
transit:B55-1@1#711:93:94,transit,S_0005588,gtfs_shape_geometry_primary,1.0,1.0,0.010734412739110244,0.42418374504278233,segment_coverage,car_supported,primary
transit:B55-1@1#711:93:94,transit,S_0005589,gtfs_shape_geometry_primary,1.0,1.0,0.00697075892034257,0.3708697182078282,segment_coverage,car_supported,primary
transit:B55-1@1#711:93:94,transit,S_0029223,gtfs_shape_geometry_primary,1.0,1.0,0.005940964411269542,1.363868602085219,segment_coverage,car_supported,primary
transit:B55-1@1#711:93:94,transit,S_0005593,gtfs_shape_geometry_primary,0.813873991645411,0.813873991645411,0.004957473376786359,7.3101178249655305,segment_coverage,car_supported,primary
transit:B55-1@1#711:93:94,transit,S_0041853,gtfs_shape_geometry_primary,1.0,1.0,0.005124502585879753,0.034345817281860036,segment_coverage,car_supported,primary
transit:B55-1@1#711:93:94,transit,S_0041855,gtfs_shape_geometry_primary,1.0,1.0,0.016184262527801526,0.09718401731345239,segment_coverage,car_supported,primary
transit:B55-1@1#711:93:94,transit,S_0041843,gtfs_shape_geometry_primary,0.8447076764341814,0.8447076764341814,0.004818288623563617,2.8208418091368515,segment_coverage,car_supported,primary
transit:B55-1@1#711:93:94,transit,S_0023188,gtfs_shape_geometry_primary,0.9063937847137781,0.9063937847137781,0.017266078628427335,0.4296365088230374,segment_coverage,car_supported,primary
transit:B55-1@1#711:93:94,transit,S_0023325,gtfs_shape_geometry_primary,1.0,1.0,0.006484814384270467,1.6836857603703805,segment_coverage,car_supported,primary
transit:B55-1@1#711:93:94,transit,S_0023336,gtfs_shape_geometry_primary,1.0,1.0,0.0035453403578290478,0.043424002126897676,segment_coverage,car_supported,primary
transit:B55-1@1#711:93:94,transit,S_0001211,gtfs_shape_geometry_primary,1.0,1.0,0.015393993347391263,0.7910273564012869,segment_coverage,car_supported,primary
transit:B55-1@1#711:93:94,transit,S_0048441,gtfs_shape_geometry_primary,0.7154692689679314,0.7154692689679314,0.006322542764905478,16.097691182827703,segment_coverage,car_supported,primary
transit:B55-1@1#711:93:94,transit,S_0023316,gtfs_shape_geometry_primary,0.6798595986397674,0.6798595986397674,0.005910116732841141,17.991136150412984,segment_coverage,car_supported,primary
transit:B55-1@1#711:93:94,transit,S_0001202,gtfs_shape_geometry_primary,1.0,1.0,0.014513128393068262,17.805579436627454,segment_coverage,car_supported,primary
transit:B55-1@1#711:93:94,transit,S_0023314,gtfs_shape_geometry_primary,1.0,1.0,0.005852053211206809,11.349431573825669,segment_coverage,car_supported,primary
transit:B55-1@1#711:93:94,transit,S_0043328,gtfs_shape_geometry_primary,1.0,1.0,0.006975480008364121,4.613341187561076,segment_coverage,car_supported,primary
transit:B55-1@1#711:93:94,transit,S_0023190,gtfs_shape_geometry_primary,1.0,1.0,0.006064203591191217,0.4550131956836907,segment_coverage,car_supported,primary
transit:B55-1@1#711:93:94,transit,S_0047667,gtfs_shape_geometry_primary,1.0,1.0,0.011913907222115643,0.40983547636936635,segment_coverage,car_supported,primary
transit:B55-1@1#711:93:94,transit,S_0023179,gtfs_shape_geometry_primary,1.0,1.0,0.005358652889634139,0.41890429115683503,segment_coverage,car_supported,primary
transit:B55-1@1#711:93:94,transit,S_0023180,gtfs_shape_geometry_primary,1.0,1.0,0.009905696251461723,0.44192440747309547,segment_coverage,car_supported,primary
transit:B55-1@1#711:93:94,transit,S_0056377,gtfs_shape_geometry_primary,1.0,1.0,0.007169525676548928,19.81300790358685,segment_coverage,car_supported,primary
transit:353-2@1#747:31:32,transit,S_0016940,gtfs_shape_geometry_primary,1.0,1.0,0.1764657416385724,0.28417332843763177,segment_coverage,car_supported,primary
transit:353-2@1#747:31:32,transit,S_0021043,gtfs_shape_geometry_primary,1.0,1.0,0.5772098376934738,4.556631567160352,both,car_supported,primary
transit:353-2@1#747:31:32,transit,S_0021044,gtfs_shape_geometry_primary,1.0,1.0,0.2962121136540125,0.22048949528350192,segment_coverage,car_supported,primary
transit:353-2@1#747:31:32,transit,S_0033808,gtfs_shape_geometry_primary,1.0,1.0,0.3633391879729889,0.7571035878996497,segment_coverage,car_supported,primary
transit:494-2@1#737:46:47,transit,S_0026907,gtfs_shape_geometry_primary,1.0,1.0,0.259111498034131,3.752529365621541,segment_coverage,car_supported,primary
transit:494-2@1#737:46:47,transit,S_0026905,gtfs_shape_geometry_primary,1.0,1.0,0.18660444382533134,3.5704958905850503,segment_coverage,car_supported,primary
transit:494-2@1#737:46:47,transit,S_0026902,gtfs_shape_geometry_primary,1.0,1.0,0.30069431424452087,11.416106838253256,segment_coverage,car_supported,primary
transit:494-2@1#737:46:47,transit,S_0026899,gtfs_shape_geometry_primary,1.0,1.0,0.4166665796758329,0.618526538299534,segment_coverage,car_supported,primary
transit:494-2@1#737:46:47,transit,S_0026901,gtfs_shape_geometry_primary,1.0,1.0,0.24725850265422158,1.7466364431739407,segment_coverage,car_supported,primary
transit:494-2@1#737:46:47,transit,S_0026898,gtfs_shape_geometry_primary,1.0,1.0,0.2506543412402315,2.089617254321354,segment_coverage,car_supported,primary
transit:T12-2@1#722:86:87,transit,S_0059401,gtfs_shape_geometry_primary,1.0,1.0,0.08590535649630374,4.454117116651233,segment_coverage,car_supported,primary
transit:T12-2@1#722:86:87,transit,S_0019654,gtfs_shape_geometry_primary,0.5049790175971685,0.5049790175971685,0.03322293967242224,12.778562159295191,segment_coverage,car_supported,primary
transit:T12-2@1#722:86:87,transit,S_0021790,gtfs_shape_geometry_primary,0.7049001258014761,0.7049001258014761,0.04861942358997791,19.918804272350187,segment_coverage,car_supported,primary
transit:T12-2@1#722:86:87,transit,S_0019653,gtfs_shape_geometry_primary,0.5216559511359542,0.5216559511359542,0.20573542969476322,26.107679408701756,segment_coverage,car_supported,primary
transit:T12-2@1#722:86:87,transit,S_0007721,gtfs_shape_geometry_primary,1.0,1.0,0.24620162182621533,4.294246477883078,segment_coverage,car_supported,primary
transit:T12-2@1#722:86:87,transit,S_0012363,gtfs_shape_geometry_primary,1.0,1.0,0.11031036945864238,2.032150979398196,segment_coverage,car_supported,primary
transit:T12-2@1#722:86:87,transit,S_0019668,gtfs_shape_geometry_primary,1.0,1.0,0.07021083693074308,11.471154645293325,segment_coverage,car_supported,primary
transit:T12-2@1#722:86:87,transit,S_0019670,gtfs_shape_geometry_primary,1.0,1.0,0.053746404820028834,33.456559362803276,segment_coverage,car_supported,primary
transit:T12-2@1#722:86:87,transit,S_0019669,gtfs_shape_geometry_primary,1.0,1.0,0.0733248287048626,20.901213223883587,segment_coverage,car_supported,primary
transit:T12-2@1#722:86:87,transit,S_0031045,gtfs_shape_geometry_primary,0.7784121046931939,0.7784121046931939,0.0390002141629801,43.489139801718736,segment_coverage,car_supported,primary
transit:T12-2@1#722:86:87,transit,S_0001437,gtfs_shape_geometry_primary,1.0,1.0,0.03900376438993958,32.29947682618834,segment_coverage,car_supported,primary
transit:T6-1@1#753:29:30,transit,S_0020529,gtfs_shape_geometry_primary,1.0,1.0,0.09110800107264042,18.797239487132273,segment_coverage,car_supported,primary
transit:T6-1@1#753:29:30,transit,S_0020530,gtfs_shape_geometry_primary,1.0,1.0,0.11162576815393613,4.814409081293945,segment_coverage,car_supported,primary
transit:T6-1@1#753:29:30,transit,S_0020541,gtfs_shape_geometry_primary,1.0,1.0,0.18694687412721545,0.9032386093880262,segment_coverage,car_supported,primary
transit:T6-1@1#753:29:30,transit,S_0020543,gtfs_shape_geometry_primary,1.0,1.0,0.3137982462904457,2.9112588040792673,segment_coverage,car_supported,primary
transit:T6-1@1#753:29:30,transit,S_0020544,gtfs_shape_geometry_primary,1.0,1.0,0.44649681073333436,2.581529461916489,segment_coverage,car_supported,primary
transit:T6-1@1#753:29:30,transit,S_0043687,gtfs_shape_geometry_primary,1.0,1.0,0.16421437980623957,0.6200959716395573,segment_coverage,car_supported,primary
transit:T6-1@1#753:29:30,transit,S_0043680,gtfs_shape_geometry_primary,1.0,1.0,0.13005010953034954,1.7727187686107158,segment_coverage,car_supported,primary
transit:289-2@1#725:76:77,transit,S_0037763,gtfs_shape_geometry_primary,1.0,1.0,0.21338420823216245,41.827515703601,segment_coverage,car_supported,primary
transit:289-2@1#725:76:77,transit,S_0004836,gtfs_shape_geometry_primary,1.0,1.0,0.6010211045119083,6.870806993274542,both,car_supported,primary
transit:289-2@1#725:76:77,transit,S_0004837,gtfs_shape_geometry_primary,0.9419599341682007,0.9419599341682007,0.4078724714528603,15.352347336311695,segment_coverage,car_supported,primary
transit:T10-1@1#803:14:15,transit,S_0025793,gtfs_shape_geometry_primary,0.9945510302883633,0.9945510302883633,0.5160010057525402,14.516815547024152,both,car_supported,primary
transit:268-1@1#730:71:72,transit,S_0039064,gtfs_shape_geometry_primary,0.6055026408108888,0.5995337222879714,0.6055026408108888,0.9719320714063855,both,car_supported,primary
transit:268-1@1#730:71:72,transit,S_0031379,gtfs_shape_geometry_primary,0.7044518390212634,0.7044518390212634,0.28172097373535754,0.08959148826467356,segment_coverage,car_supported,primary
transit:268-1@1#730:71:72,transit,S_0006835,gtfs_shape_geometry_primary,1.0,1.0,0.1967298951909186,0.8852553527270857,segment_coverage,car_supported,primary
transit:268-1@1#730:71:72,transit,S_0039062,gtfs_shape_geometry_primary,1.0,1.0,0.21186146768103564,20.67192799179736,segment_coverage,car_supported,primary
transit:268-1@1#730:71:72,transit,S_0038614,gtfs_shape_geometry_primary,1.0,1.0,0.5359075840702703,0.8399279950739214,both,car_supported,primary
transit:268-1@1#730:71:72,transit,S_0006836,gtfs_shape_geometry_primary,0.9291397612855036,0.9291397612855036,0.6061161805054402,1.7152226524279115,both,car_supported,primary
transit:268-1@1#730:71:72,transit,S_0038615,gtfs_shape_geometry_primary,0.9623467021548016,0.9623467021548016,0.15922291546072886,30.228281979275025,segment_coverage,car_supported,primary
transit:T4-2@1#717:67:68,transit,S_0053585,gtfs_shape_geometry_primary,1.0,1.0,0.6999462729047939,0.014912953851961674,both,car_supported,primary
transit:T4-2@1#717:67:68,transit,S_0053434,gtfs_shape_geometry_primary,0.6688417496333094,0.6688417496333094,0.4596298785381342,0.9717413851981433,segment_coverage,car_supported,primary
transit:T7-2@1#806:15:16,transit,S_0018548,gtfs_shape_geometry_primary,0.7416870548486526,0.7416870548486526,0.07275665875198956,30.252798695100083,segment_coverage,car_supported,primary
transit:R31-1@1#759:18:19,transit,S_0029297,gtfs_shape_geometry_primary,0.875740034120863,0.875740034120863,0.11980105559154432,4.981258624909586,segment_coverage,car_supported,primary
transit:R31-1@1#759:18:19,transit,S_0029295,gtfs_shape_geometry_primary,1.0,1.0,0.05969045442256521,1.1516847383546747,segment_coverage,car_supported,primary
transit:R31-1@1#759:18:19,transit,S_0005004,gtfs_shape_geometry_primary,1.0,1.0,0.05944556296672862,0.7937479361908686,segment_coverage,car_supported,primary
transit:R31-1@1#759:18:19,transit,S_0029296,gtfs_shape_geometry_primary,1.0,1.0,0.052270255456996366,0.18504787943614076,segment_coverage,car_supported,primary
transit:R31-1@1#759:18:19,transit,S_0029292,gtfs_shape_geometry_primary,1.0,1.0,0.24888464970257018,0.8184026858292555,segment_coverage,car_supported,primary
transit:R31-1@1#759:18:19,transit,S_0029290,gtfs_shape_geometry_primary,1.0,1.0,0.24734281136033903,0.5827481064915503,segment_coverage,car_supported,primary
transit:R31-1@1#759:18:19,transit,S_0029291,gtfs_shape_geometry_primary,1.0,1.0,0.5967646629181307,5.030648285308061,both,car_supported,primary
transit:R31-1@1#759:18:19,transit,S_0029293,gtfs_shape_geometry_primary,0.766914783916035,0.766914783916035,0.5187156407147917,1.9714860590399041,both,car_supported,primary
transit:R31-1@1#759:18:19,transit,S_0051269,gtfs_shape_geometry_primary,1.0,1.0,0.0990230551508511,0.3485419647486765,segment_coverage,car_supported,primary
transit:R31-1@1#759:18:19,transit,S_0043394,gtfs_shape_geometry_primary,0.9411734627724337,0.9411734627724337,0.05900485742558818,23.28402026990409,segment_coverage,car_supported,primary
transit:2701-2@1#810:15:16,transit,S_0006255,gtfs_shape_geometry_primary,1.0,1.0,0.2793432826457833,0.3627633258637246,segment_coverage,car_supported,primary
transit:2701-2@1#810:15:16,transit,S_0006257,gtfs_shape_geometry_primary,1.0,1.0,0.1260114960908116,0.679931351961514,segment_coverage,car_supported,primary
transit:2701-2@1#810:15:16,transit,S_0021648,gtfs_shape_geometry_primary,1.0,1.0,0.3698223478445246,1.0020925107643563,segment_coverage,car_supported,primary
transit:2701-2@1#810:15:16,transit,S_0047323,gtfs_shape_geometry_primary,1.0,1.0,0.3657336091111603,12.000392962133233,segment_coverage,car_supported,primary
transit:2701-2@1#810:15:16,transit,S_0021649,gtfs_shape_geometry_primary,1.0,1.0,0.3191210797041519,0.7338259739344011,segment_coverage,car_supported,primary
transit:2701-2@1#810:15:16,transit,S_0047324,gtfs_shape_geometry_primary,1.0,1.0,0.14833102269953125,0.22273284781387304,segment_coverage,car_supported,primary
transit:2701-2@1#810:15:16,transit,S_0042362,gtfs_shape_geometry_primary,1.0,1.0,0.11518407541851904,0.28605083191457936,segment_coverage,car_supported,primary
transit:T3-2@1#758:28:29,transit,S_0036309,gtfs_shape_geometry_primary,0.8074902225256733,0.8074902225256733,0.6640583775039903,2.47778699176547,both,car_supported,primary
transit:T3-2@1#758:28:29,transit,S_0036311,gtfs_shape_geometry_primary,0.9540880544222629,0.42403201546256347,0.9540880544222629,0.23009750281143226,shape_coverage,car_supported,primary
transit:T1-1@1#745:49:50,transit,S_0017231,gtfs_shape_geometry_primary,0.7975568385417825,0.7975568385417825,0.3254014406316763,0.07199972765465645,segment_coverage,car_supported,primary
transit:T1-1@1#745:49:50,transit,S_0011965,gtfs_shape_geometry_primary,1.0,1.0,0.3673796718880281,1.1372587732714834,segment_coverage,car_supported,primary
transit:T1-1@1#745:49:50,transit,S_0001138,gtfs_shape_geometry_primary,1.0,1.0,0.2288088641884753,1.5728843847566054,segment_coverage,car_supported,primary
transit:T1-1@1#745:49:50,transit,S_0021497,gtfs_shape_geometry_primary,1.0,1.0,0.30752992408895896,0.9418793677375135,segment_coverage,car_supported,primary
transit:T1-1@1#745:49:50,transit,S_0021498,gtfs_shape_geometry_primary,1.0,1.0,0.2551405493453223,0.2761945716233072,segment_coverage,car_supported,primary
transit:T11-1@1#735:60:61,transit,S_0052597,gtfs_shape_geometry_primary,0.5792812392191264,0.5792812392191264,0.16479555472692048,42.255113701028904,segment_coverage,car_supported,primary
transit:T4-2@1#723:59:60,transit,S_0020266,gtfs_shape_geometry_primary,1.0,1.0,0.21854718116534536,8.055478715444181,segment_coverage,car_supported,primary
transit:T4-2@1#723:59:60,transit,S_0020269,gtfs_shape_geometry_primary,1.0,1.0,0.2977503661659548,5.744286820623628,segment_coverage,car_supported,primary
transit:T4-2@1#723:59:60,transit,S_0020270,gtfs_shape_geometry_primary,1.0,1.0,0.2796967233382159,12.005553625709751,segment_coverage,car_supported,primary
transit:T4-2@1#723:59:60,transit,S_0020296,gtfs_shape_geometry_primary,1.0,1.0,0.055600267590117866,10.842757865018228,segment_coverage,car_supported,primary
transit:T4-2@1#723:59:60,transit,S_0020293,gtfs_shape_geometry_primary,1.0,1.0,0.14751721410292218,0.5878174775631777,segment_coverage,car_supported,primary
transit:T4-2@1#723:59:60,transit,S_0020289,gtfs_shape_geometry_primary,1.0,1.0,0.11811820271556178,0.9526585276053368,segment_coverage,car_supported,primary
transit:T4-2@1#723:59:60,transit,S_0020288,gtfs_shape_geometry_primary,1.0,1.0,0.17254217114586412,3.9940850912131225,segment_coverage,car_supported,primary
transit:T4-2@1#723:59:60,transit,S_0020487,gtfs_shape_geometry_primary,0.541550768020394,0.541550768020394,0.2172672307237696,2.1284069781716113,segment_coverage,car_supported,primary
transit:T6-2@1#753:31:32,transit,S_0020529,gtfs_shape_geometry_primary,1.0,1.0,0.11912816618268554,18.797239487132273,segment_coverage,car_supported,primary
transit:T6-2@1#753:31:32,transit,S_0020530,gtfs_shape_geometry_primary,1.0,1.0,0.14595614986997374,4.814409081293945,segment_coverage,car_supported,primary
transit:T6-2@1#753:31:32,transit,S_0020541,gtfs_shape_geometry_primary,1.0,1.0,0.2444421788005659,0.9032386093880262,segment_coverage,car_supported,primary
transit:T6-2@1#753:31:32,transit,S_0020543,gtfs_shape_geometry_primary,1.0,1.0,0.4103065503777069,2.9112588040792673,segment_coverage,car_supported,primary
transit:T6-2@1#753:31:32,transit,S_0020544,gtfs_shape_geometry_primary,0.895240134595128,0.895240134595128,0.3967629356876539,2.581529461916503,segment_coverage,car_supported,primary
transit:353-2@1#747:32:33,transit,S_0008543,gtfs_shape_geometry_primary,1.0,1.0,0.2677127998573327,15.565798369496122,segment_coverage,car_supported,primary
transit:353-2@1#747:32:33,transit,S_0008541,gtfs_shape_geometry_primary,1.0,1.0,0.07387304490391429,11.61068053500442,segment_coverage,car_supported,primary
transit:353-2@1#747:32:33,transit,S_0008534,gtfs_shape_geometry_primary,1.0,1.0,0.08178680626844721,11.583468921157646,segment_coverage,car_supported,primary
transit:353-2@1#747:32:33,transit,S_0008532,gtfs_shape_geometry_primary,1.0,1.0,0.25833128944989386,2.53056185338653,segment_coverage,car_supported,primary
transit:353-2@1#747:32:33,transit,S_0012388,gtfs_shape_geometry_primary,1.0,1.0,0.15160227055190867,1.3402740786269334,segment_coverage,car_supported,primary
transit:353-2@1#747:32:33,transit,S_0046766,gtfs_shape_geometry_primary,1.0,1.0,0.11902878372417176,2.428598679873474,segment_coverage,car_supported,primary
transit:353-2@1#747:32:33,transit,S_0016939,gtfs_shape_geometry_primary,1.0,1.0,0.20316658771196242,0.6303133042679008,segment_coverage,car_supported,primary
transit:633-2@1#818:2:3,transit,S_0059546,gtfs_shape_geometry_primary,1.0,1.0,0.048611737176440316,4.732933382541908,segment_coverage,car_supported,primary
transit:633-2@1#818:2:3,transit,S_0019477,gtfs_shape_geometry_primary,0.6664391092297653,0.6664391092297653,0.043946306567951544,6.609060196165302,segment_coverage,car_supported,primary
transit:633-2@1#818:2:3,transit,S_0044565,gtfs_shape_geometry_primary,0.5976481326191527,0.5976481326191527,0.04361185725284454,8.9966222942966,segment_coverage,car_supported,primary
transit:633-2@1#818:2:3,transit,S_0044560,gtfs_shape_geometry_primary,0.7098265806177988,0.7098265806177988,0.03489016879014779,12.692950438132115,segment_coverage,car_supported,primary
transit:633-2@1#818:2:3,transit,S_0044556,gtfs_shape_geometry_primary,0.79140241485422,0.79140241485422,0.042026488868460575,12.935700451046245,segment_coverage,car_supported,primary
transit:633-2@1#818:2:3,transit,S_0044557,gtfs_shape_geometry_primary,1.0,1.0,0.04454246059569238,11.895811048713277,segment_coverage,car_supported,primary
transit:633-2@1#818:2:3,transit,S_0019492,gtfs_shape_geometry_primary,1.0,1.0,0.022812642546839432,33.46575464540084,segment_coverage,car_supported,primary
transit:633-2@1#818:2:3,transit,S_0046149,gtfs_shape_geometry_primary,0.5248285570390342,0.5248285570390342,0.03357007196204818,31.132587888165318,segment_coverage,car_supported,primary
transit:633-2@1#818:2:3,transit,S_0044599,gtfs_shape_geometry_primary,0.7820722958276862,0.7820722958276862,0.023372780018207574,31.247015698013854,segment_coverage,car_supported,primary
transit:179-1@1#720:73:74,transit,S_0018519,gtfs_shape_geometry_primary,0.66764781980358,0.66764781980358,0.09264284780761098,4.301908200261593,segment_coverage,car_supported,primary
transit:179-1@1#720:73:74,transit,S_0008240,gtfs_shape_geometry_primary,0.7091168586562483,0.7091168586562483,0.10013543109236742,3.0623438411620185,segment_coverage,car_supported,primary
transit:179-1@1#720:73:74,transit,S_0008241,gtfs_shape_geometry_primary,1.0,1.0,0.09340740346134487,1.5421831984004655,segment_coverage,car_supported,primary
transit:179-1@1#720:73:74,transit,S_0018520,gtfs_shape_geometry_primary,1.0,1.0,0.2724179499106317,0.6201238894782506,segment_coverage,car_supported,primary
transit:179-1@1#720:73:74,transit,S_0008382,gtfs_shape_geometry_primary,1.0,1.0,0.24993199795034135,1.0361906483569214,segment_coverage,car_supported,primary
transit:179-1@1#720:73:74,transit,S_0044674,gtfs_shape_geometry_primary,1.0,1.0,0.2890758076917229,0.4326421151916122,segment_coverage,car_supported,primary
transit:179-1@1#720:73:74,transit,S_0007646,gtfs_shape_geometry_primary,1.0,1.0,0.2945250990873692,0.5264888395457632,segment_coverage,car_supported,primary
transit:179-1@1#720:73:74,transit,S_0007647,gtfs_shape_geometry_primary,1.0,1.0,0.21271752814226808,0.4860871192450418,segment_coverage,car_supported,primary
transit:179-1@1#720:73:74,transit,S_0044669,gtfs_shape_geometry_primary,1.0,1.0,0.5443774855485272,0.2975230645496083,both,car_supported,primary
transit:179-1@1#720:73:74,transit,S_0044671,gtfs_shape_geometry_primary,1.0,1.0,0.4045894499079815,0.1740407719650534,segment_coverage,car_supported,primary
transit:397-1@1#731:81:82,transit,S_0015571,gtfs_shape_geometry_primary,1.0,1.0,0.044430344507687465,1.4108729012435646,segment_coverage,car_supported,primary
transit:397-1@1#731:81:82,transit,S_0051360,gtfs_shape_geometry_primary,1.0,1.0,0.040070382895929735,43.96689464749058,segment_coverage,car_supported,primary
transit:397-1@1#731:81:82,transit,S_0057105,gtfs_shape_geometry_primary,1.0,1.0,0.05834991403026124,18.30388864284133,segment_coverage,car_supported,primary
transit:397-1@1#731:81:82,transit,S_0057241,gtfs_shape_geometry_primary,0.6285200246141026,0.6285200246141026,0.05302335391423832,42.73823797055162,segment_coverage,car_supported,primary
transit:397-1@1#731:81:82,transit,S_0057970,gtfs_shape_geometry_primary,0.7372992064643027,0.7372992064643027,0.2696597558153804,3.163653708825265,segment_coverage,car_supported,primary
transit:397-1@1#731:81:82,transit,S_0006189,gtfs_shape_geometry_primary,1.0,1.0,0.08181627659495928,7.643410139418137,segment_coverage,car_supported,primary
transit:397-1@1#731:81:82,transit,S_0003313,gtfs_shape_geometry_primary,1.0,1.0,0.12754931398839214,6.1640430483510045,segment_coverage,car_supported,primary
transit:397-1@1#731:81:82,transit,S_0006220,gtfs_shape_geometry_primary,1.0,1.0,0.10347008604502811,1.1864253735578814,segment_coverage,car_supported,primary
transit:397-1@1#731:81:82,transit,S_0017648,gtfs_shape_geometry_primary,0.8482217635725061,0.8482217635725061,0.11457795295544788,21.396289647247286,segment_coverage,car_supported,primary
transit:B55-1@1#711:94:95,transit,S_0035500,gtfs_shape_geometry_primary,0.9257076527188988,0.9257076527188988,0.3392647932252229,0.18462853949054647,segment_coverage,car_supported,primary
transit:B55-1@1#711:94:95,transit,S_0041188,gtfs_shape_geometry_primary,1.0,1.0,0.3661420796312126,0.047809966233586465,segment_coverage,car_supported,primary
transit:T8-2@1#740:39:40,transit,S_0055794,gtfs_shape_geometry_primary,0.7265353961054174,0.7265353961054174,0.10886702041511914,43.20103649674198,segment_coverage,car_supported,primary
transit:T8-2@1#740:39:40,transit,S_0058068,gtfs_shape_geometry_primary,0.9489866607937579,0.9489866607937579,0.061173420947169134,24.025116593728853,segment_coverage,car_supported,primary
transit:T8-2@1#740:39:40,transit,S_0058067,gtfs_shape_geometry_primary,1.0,1.0,0.10064286362202793,39.63168234325488,segment_coverage,car_supported,primary
transit:T8-2@1#740:39:40,transit,S_0017563,gtfs_shape_geometry_primary,0.5402804847942559,0.5402804847942559,0.03127971222858279,28.518247764600318,segment_coverage,car_supported,primary
transit:T4-2@1#717:68:69,transit,S_0053434,gtfs_shape_geometry_primary,0.5783969062355386,0.5783969062355386,0.5336968385434714,1.8012787232323717,both,car_supported,primary
transit:T4-2@1#717:68:69,transit,S_0053382,gtfs_shape_geometry_primary,1.0,1.0,0.5485141197202844,10.313266041539876,both,car_supported,primary
transit:T4-2@1#717:68:69,transit,S_0053380,gtfs_shape_geometry_primary,1.0,1.0,0.323393724044428,16.530267814109237,segment_coverage,car_supported,primary
transit:T12-2@1#722:87:88,transit,S_0031045,gtfs_shape_geometry_primary,0.8065167185845036,0.8065167185845036,0.19939385025697806,42.30576019656117,segment_coverage,car_supported,primary
transit:T12-2@1#722:87:88,transit,S_0001437,gtfs_shape_geometry_primary,1.0,1.0,0.3167964000458995,33.48285643128327,segment_coverage,car_supported,primary
transit:272-1@1#730:56:57,transit,S_0021648,gtfs_shape_geometry_primary,0.8503228724386059,0.8503228724386059,0.284510429111219,1.0020925107643421,segment_coverage,car_supported,primary
transit:272-1@1#730:56:57,transit,S_0047323,gtfs_shape_geometry_primary,1.0,1.0,0.38889515698407934,12.000392962133233,segment_coverage,car_supported,primary
transit:272-1@1#730:56:57,transit,S_0021649,gtfs_shape_geometry_primary,1.0,1.0,0.3393307021744204,0.7338259739344011,segment_coverage,car_supported,primary
transit:272-1@1#730:56:57,transit,S_0047324,gtfs_shape_geometry_primary,1.0,1.0,0.15772467971575044,0.22273284781387304,segment_coverage,car_supported,primary
transit:272-1@1#730:56:57,transit,S_0042362,gtfs_shape_geometry_primary,1.0,1.0,0.16493000581047074,0.15658022178450892,segment_coverage,car_supported,primary
transit:272-1@1#730:56:57,transit,S_0055619,gtfs_shape_geometry_primary,0.8524391960614938,0.8524391960614938,0.1604020959698576,0.4567298381896734,segment_coverage,car_supported,primary
transit:494-2@1#737:47:48,transit,S_0025366,gtfs_shape_geometry_primary,0.9541182779558253,0.9541182779558253,0.12874418431126566,20.990516758499567,segment_coverage,car_supported,primary
transit:494-2@1#737:47:48,transit,S_0025364,gtfs_shape_geometry_primary,1.0,1.0,0.1080269187867731,3.057082728981939,segment_coverage,car_supported,primary
transit:494-2@1#737:47:48,transit,S_0016705,gtfs_shape_geometry_primary,0.6600039150344356,0.6600039150344356,0.04163191367834129,38.022324235397605,segment_coverage,car_supported,primary
transit:T4-1@1#804:22:23,transit,S_0014579,gtfs_shape_geometry_primary,1.0,1.0,0.09010042539693972,1.452609561309771,segment_coverage,car_supported,primary
transit:T4-1@1#804:22:23,transit,S_0017469,gtfs_shape_geometry_primary,1.0,1.0,0.11140846647227619,1.4529087884589558,segment_coverage,car_supported,primary
transit:T4-1@1#804:22:23,transit,S_0017468,gtfs_shape_geometry_primary,0.972273643750605,0.972273643750605,0.7295424387142657,2.183534127456255,both,car_supported,primary
transit:2701-2@1#810:16:17,transit,S_0058850,gtfs_shape_geometry_primary,1.0,1.0,0.3042790514440295,7.3094834157168975,segment_coverage,car_supported,primary
transit:2701-2@1#810:16:17,transit,S_0058288,gtfs_shape_geometry_primary,1.0,1.0,0.10255524294868829,3.4266174446054833,segment_coverage,car_supported,primary
transit:2701-2@1#810:16:17,transit,S_0058289,gtfs_shape_geometry_primary,1.0,1.0,0.19384333340898766,1.9139468927762948,segment_coverage,car_supported,primary
transit:2701-2@1#810:16:17,transit,S_0038734,gtfs_shape_geometry_primary,1.0,1.0,0.15528783014386063,1.0209796126510042,segment_coverage,car_supported,primary
transit:2701-2@1#810:16:17,transit,S_0058851,gtfs_shape_geometry_primary,1.0,1.0,0.19461295198848663,0.4613129322712268,segment_coverage,car_supported,primary
transit:2701-2@1#810:16:17,transit,S_0001874,gtfs_shape_geometry_primary,1.0,1.0,0.17751936230775728,0.30216865359223277,segment_coverage,car_supported,primary
transit:2701-2@1#810:16:17,transit,S_0048292,gtfs_shape_geometry_primary,0.9775984480295156,0.9775984480295156,0.2675948814392268,0.3813652909983034,segment_coverage,car_supported,primary
transit:398-1@1#741:53:54,transit,S_0036178,gtfs_shape_geometry_primary,1.0,1.0,0.617109715584234,9.470673385542227,both,car_supported,primary
transit:3973-1@1#755:37:38,transit,S_0037698,gtfs_shape_geometry_primary,0.9787932889787261,0.9787932889787261,0.579934920131076,1.1897930318337444,both,car_supported,primary
transit:3973-1@1#755:37:38,transit,S_0051281,gtfs_shape_geometry_primary,0.9781655014382611,0.9781655014382611,0.614450097636804,1.5826333500612861,both,car_supported,primary
transit:3973-1@1#755:37:38,transit,S_0037700,gtfs_shape_geometry_primary,1.0,1.0,0.3152970951749292,23.04067561526817,segment_coverage,car_supported,primary
transit:3973-1@1#755:37:38,transit,S_0029311,gtfs_shape_geometry_primary,0.6723093537148804,0.6723093537148804,0.2157468620848522,33.53440442759843,segment_coverage,car_supported,primary
transit:T1-1@1#745:50:51,transit,S_0006702,gtfs_shape_geometry_primary,0.6773740804609106,0.6773740804609106,0.6573403114282692,7.66021641977008,both,car_supported,primary
transit:621-1@1#750:45:46,transit,S_0020394,gtfs_shape_geometry_primary,0.5368799513378563,0.5368799513378563,0.04730544314022108,14.982185786163058,segment_coverage,car_supported,primary
transit:621-1@1#750:45:46,transit,S_0001055,gtfs_shape_geometry_primary,1.0,1.0,0.13197479167587334,1.6542826205773054,segment_coverage,car_supported,primary
transit:621-1@1#750:45:46,transit,S_0042021,gtfs_shape_geometry_primary,1.0,1.0,0.11819811106857782,0.2982848483733278,segment_coverage,car_supported,primary
transit:621-1@1#750:45:46,transit,S_0016557,gtfs_shape_geometry_primary,1.0,1.0,0.06891806050540471,1.0287423234167932,segment_coverage,car_supported,primary
transit:621-1@1#750:45:46,transit,S_0020433,gtfs_shape_geometry_primary,1.0,1.0,0.10441594841350292,0.6791389180972658,segment_coverage,car_supported,primary
transit:621-1@1#750:45:46,transit,S_0010775,gtfs_shape_geometry_primary,0.7357081103170069,0.7357081103170069,0.02233214993489954,28.415233728779214,segment_coverage,car_supported,primary
transit:621-1@1#750:45:46,transit,S_0044278,gtfs_shape_geometry_primary,1.0,1.0,0.05547589705272327,0.13189860577799095,segment_coverage,car_supported,primary
transit:621-1@1#750:45:46,transit,S_0020432,gtfs_shape_geometry_primary,0.5899665857635961,0.5899665857635961,0.10703944617129459,23.79405166389114,segment_coverage,car_supported,primary
transit:621-1@1#750:45:46,transit,S_0001056,gtfs_shape_geometry_primary,1.0,1.0,0.12427322801870173,0.803024914671056,segment_coverage,car_supported,primary
transit:T11-1@1#735:61:62,transit,S_0038614,gtfs_shape_geometry_primary,0.7465424600004155,0.7465424600004155,0.38305015206020626,0.8399280622964511,segment_coverage,car_supported,primary
transit:T11-1@1#735:61:62,transit,S_0006836,gtfs_shape_geometry_primary,0.6005768267900171,0.6005768267900171,0.5276924993521315,2.174073488317049,both,car_supported,primary
transit:T11-1@1#735:61:62,transit,S_0038615,gtfs_shape_geometry_primary,0.9696295026726978,0.9696295026726978,0.2634593538588986,37.955388670582394,segment_coverage,car_supported,primary
transit:T4-2@1#717:69:70,transit,S_0012810,gtfs_shape_geometry_primary,1.0,1.0,0.31067926848563354,0.6034945470915165,segment_coverage,car_supported,primary
transit:T4-2@1#717:69:70,transit,S_0053380,gtfs_shape_geometry_primary,0.5952481396606922,0.5952481396606922,0.07842677019075259,0.6018715491601441,segment_coverage,car_supported,primary
transit:T4-2@1#717:69:70,transit,S_0053345,gtfs_shape_geometry_primary,1.0,1.0,0.21588915734408545,20.612537428898776,segment_coverage,car_supported,primary
transit:T4-2@1#717:69:70,transit,S_0053343,gtfs_shape_geometry_primary,1.0,1.0,0.3321508038759937,2.614821808662299,segment_coverage,car_supported,primary
transit:T4-2@1#717:69:70,transit,S_0053344,gtfs_shape_geometry_primary,0.6211704005469478,0.6211704005469478,0.21871881785697783,43.63849990108042,segment_coverage,car_supported,primary
transit:T4-2@1#717:69:70,transit,S_0053351,gtfs_shape_geometry_primary,0.904714460929417,0.904714460929417,0.19396343807993352,1.1347138409423536,segment_coverage,car_supported,primary
transit:397-1@1#731:82:83,transit,S_0012324,gtfs_shape_geometry_primary,1.0,1.0,0.06493346278895618,0.1464861116332088,segment_coverage,car_supported,primary
transit:397-1@1#731:82:83,transit,S_0041312,gtfs_shape_geometry_primary,0.7408302862129869,0.7408302862129869,0.020697051654559564,15.303410271966257,segment_coverage,car_supported,primary
transit:397-1@1#731:82:83,transit,S_0041304,gtfs_shape_geometry_primary,1.0,1.0,0.1686255638213525,10.833515535799421,segment_coverage,car_supported,primary
transit:397-1@1#731:82:83,transit,S_0041302,gtfs_shape_geometry_primary,1.0,1.0,0.18595866527670007,0.5471980002745624,segment_coverage,car_supported,primary
transit:397-1@1#731:82:83,transit,S_0041301,gtfs_shape_geometry_primary,1.0,1.0,0.18594621580186316,0.5471980003077022,segment_coverage,car_supported,primary
transit:397-1@1#731:82:83,transit,S_0012323,gtfs_shape_geometry_primary,1.0,1.0,0.06537698527573248,0.07137535828758246,segment_coverage,car_supported,primary
transit:397-1@1#731:82:83,transit,S_0012318,gtfs_shape_geometry_primary,1.0,1.0,0.06444374894952346,0.10526040164819506,segment_coverage,car_supported,primary
transit:397-1@1#731:82:83,transit,S_0006200,gtfs_shape_geometry_primary,1.0,1.0,0.06593097002425179,0.05388903666030842,segment_coverage,car_supported,primary
transit:397-1@1#731:82:83,transit,S_0006198,gtfs_shape_geometry_primary,1.0,1.0,0.20153332353558856,4.785000186303371,segment_coverage,car_supported,primary
transit:397-1@1#731:82:83,transit,S_0041280,gtfs_shape_geometry_primary,1.0,1.0,0.21139429138784177,0.2324258046878711,segment_coverage,car_supported,primary
transit:397-1@1#731:82:83,transit,S_0006201,gtfs_shape_geometry_primary,1.0,1.0,0.09135431860275615,0.14032574360740568,segment_coverage,car_supported,primary
transit:397-1@1#731:82:83,transit,S_0041278,gtfs_shape_geometry_primary,1.0,1.0,0.10120902001235021,0.20815823313668602,segment_coverage,car_supported,primary
transit:397-1@1#731:82:83,transit,S_0006202,gtfs_shape_geometry_primary,1.0,1.0,0.19036745840286587,0.11706603944541882,segment_coverage,car_supported,primary
transit:397-1@1#731:82:83,transit,S_0059585,gtfs_shape_geometry_primary,1.0,1.0,0.16871882189416948,0.3001318976541114,segment_coverage,car_supported,primary
transit:397-1@1#731:82:83,transit,S_0059586,gtfs_shape_geometry_primary,1.0,1.0,0.1168858593383911,2.672804981034716,segment_coverage,car_supported,primary
transit:397-1@1#731:82:83,transit,S_0031982,gtfs_shape_geometry_primary,1.0,1.0,0.19394677232467614,2.5405088585484243,segment_coverage,car_supported,primary
transit:397-1@1#731:82:83,transit,S_0041284,gtfs_shape_geometry_primary,1.0,1.0,0.1422553530700166,1.7378840227308672,segment_coverage,car_supported,primary
transit:397-1@1#731:82:83,transit,S_0013060,gtfs_shape_geometry_primary,1.0,1.0,0.07103793747885342,36.94868971690829,segment_coverage,car_supported,primary
transit:397-1@1#731:82:83,transit,S_0013059,gtfs_shape_geometry_primary,1.0,1.0,0.07490047533126054,5.170089636788873,segment_coverage,car_supported,primary
transit:397-1@1#731:82:83,transit,S_0057569,gtfs_shape_geometry_primary,0.5746315300375329,0.5746315300375329,0.0447018423499797,15.344365595585685,segment_coverage,car_supported,primary
transit:397-1@1#731:82:83,transit,S_0016928,gtfs_shape_geometry_primary,0.9931673117965556,0.9931673117965556,0.07554823417645568,28.42920562464053,segment_coverage,car_supported,primary
transit:397-1@1#731:82:83,transit,S_0006197,gtfs_shape_geometry_primary,1.0,1.0,0.06623772683003674,0.14497088126292468,segment_coverage,car_supported,primary
transit:T4-2@1#729:52:53,transit,S_0036077,gtfs_shape_geometry_primary,1.0,1.0,0.3638041261319323,4.325449079881878,segment_coverage,car_supported,primary
transit:T4-2@1#729:52:53,transit,S_0036075,gtfs_shape_geometry_primary,1.0,1.0,0.7865211026580692,0.16494902331271533,both,car_supported,primary
transit:B02-1@1#820:1:2,transit,S_0025366,gtfs_shape_geometry_primary,0.9541182779558253,0.9541182779558253,0.15866052268189204,20.99051675862927,segment_coverage,car_supported,primary
transit:B02-1@1#820:1:2,transit,S_0025364,gtfs_shape_geometry_primary,1.0,1.0,0.21617481510013398,3.057082729041383,segment_coverage,car_supported,primary
transit:B02-1@1#820:1:2,transit,S_0016705,gtfs_shape_geometry_primary,1.0,1.0,0.16142314523597473,38.022324234954326,segment_coverage,car_supported,primary
transit:T6-2@1#753:32:33,transit,S_0043687,gtfs_shape_geometry_primary,1.0,1.0,0.38459103154768803,0.6200959717712919,segment_coverage,car_supported,primary
transit:T6-2@1#753:32:33,transit,S_0043680,gtfs_shape_geometry_primary,1.0,1.0,0.40226282612535386,1.7702350121721793,segment_coverage,car_supported,primary
transit:T6-2@1#753:32:33,transit,S_0043679,gtfs_shape_geometry_primary,1.0,1.0,0.6226030691575255,4.220049161446468,both,car_supported,primary
transit:268-1@1#730:73:74,transit,S_0052597,gtfs_shape_geometry_primary,0.5776287827340338,0.5776287827340338,0.18050835897462833,42.25445540104944,segment_coverage,car_supported,primary
transit:T4-2@1#723:60:61,transit,S_0004325,gtfs_shape_geometry_primary,0.9514448556522415,0.9514448556522415,0.26771933523341607,3.834416363799278,segment_coverage,car_supported,primary
transit:T4-2@1#723:60:61,transit,S_0020487,gtfs_shape_geometry_primary,0.6980302806269271,0.6980302806269271,0.6842840109882339,1.748667830298757,both,car_supported,primary
transit:T4-2@1#723:60:61,transit,S_0020491,gtfs_shape_geometry_primary,1.0,1.0,0.546585213882594,3.9126408471189507,both,car_supported,primary
transit:T4-2@1#723:60:61,transit,S_0020490,gtfs_shape_geometry_primary,1.0,1.0,0.5539035434830456,0.17076841040494628,both,car_supported,primary
transit:T4-2@1#723:60:61,transit,S_0020493,gtfs_shape_geometry_primary,1.0,1.0,0.5304649958427471,0.6579257167928034,both,car_supported,primary
transit:T4-2@1#729:53:54,transit,S_0034438,gtfs_shape_geometry_primary,0.6232059871662228,0.6232059871662228,0.2877507705466369,31.872376709405785,segment_coverage,car_supported,primary
transit:T4-2@1#729:53:54,transit,S_0022565,gtfs_shape_geometry_primary,1.0,1.0,0.40582829144990085,1.6739453094191674,segment_coverage,car_supported,primary
transit:T11-1@1#735:62:63,transit,S_0039064,gtfs_shape_geometry_primary,0.8685390984412649,0.636591750149517,0.8685390984412649,0.9719320008746877,both,car_supported,primary
transit:T11-1@1#735:62:63,transit,S_0031379,gtfs_shape_geometry_primary,0.7979524867880895,0.7979524867880895,0.43078698814934985,0.08959141774651869,segment_coverage,car_supported,primary
transit:T11-1@1#735:62:63,transit,S_0006835,gtfs_shape_geometry_primary,1.0,1.0,0.2653265293252365,0.8852554201044285,segment_coverage,car_supported,primary
transit:T11-1@1#735:62:63,transit,S_0039062,gtfs_shape_geometry_primary,1.0,1.0,0.2860001300177614,20.672937012356215,segment_coverage,car_supported,primary
transit:T11-1@1#735:62:63,transit,S_0038614,gtfs_shape_geometry_primary,0.6360965200799417,0.6360965200799417,0.3256508171496387,0.9294515817629332,segment_coverage,car_supported,primary
transit:T6-1@1#753:31:32,transit,S_0050967,gtfs_shape_geometry_primary,0.9075697284407871,0.9075697284407871,0.4249926763983465,0.7272821192810426,segment_coverage,car_supported,primary
transit:T6-1@1#753:31:32,transit,S_0054964,gtfs_shape_geometry_primary,1.0,1.0,0.26489422964726916,0.46764128695386376,segment_coverage,car_supported,primary
transit:T6-1@1#753:31:32,transit,S_0054968,gtfs_shape_geometry_primary,1.0,1.0,0.48286015833232715,0.3467028693252274,segment_coverage,car_supported,primary
transit:T6-1@1#753:31:32,transit,S_0028383,gtfs_shape_geometry_primary,1.0,1.0,0.5020471118988409,0.21940090676859825,both,car_supported,primary
transit:272-1@1#730:57:58,transit,S_0043458,gtfs_shape_geometry_primary,1.0,1.0,0.21165890900662157,0.5646173197580566,segment_coverage,car_supported,primary
transit:272-1@1#730:57:58,transit,S_0047162,gtfs_shape_geometry_primary,1.0,1.0,0.4527615453128785,3.81153763475362,segment_coverage,car_supported,primary
transit:272-1@1#730:57:58,transit,S_0047163,gtfs_shape_geometry_primary,1.0,1.0,0.1531730668148598,10.882177839297555,segment_coverage,car_supported,primary
transit:272-1@1#730:57:58,transit,S_0047164,gtfs_shape_geometry_primary,1.0,1.0,0.15732508009783006,0.18231036318726979,segment_coverage,car_supported,primary
transit:272-1@1#730:57:58,transit,S_0047704,gtfs_shape_geometry_primary,1.0,1.0,0.360634997131981,4.835819674550933,segment_coverage,car_supported,primary
transit:272-1@1#730:57:58,transit,S_0047172,gtfs_shape_geometry_primary,0.8774695287619794,0.8774695287619794,0.2541287444979945,30.639375074971966,segment_coverage,car_supported,primary
transit:272-1@1#730:57:58,transit,S_0055619,gtfs_shape_geometry_primary,0.6557995376917868,0.6557995376917868,0.1732201310664087,0.45672983826463565,segment_coverage,car_supported,primary
transit:272-1@1#730:57:58,transit,S_0047166,gtfs_shape_geometry_primary,0.6180462576566625,0.6180462576566625,0.488784189466569,0.295696711189521,segment_coverage,car_supported,primary
transit:B02-1@1#730:75:76,transit,S_0000746,gtfs_shape_geometry_primary,1.0,1.0,0.05914793500462928,41.35470905672281,segment_coverage,car_supported,primary
transit:3973-1@1#736:67:68,transit,S_0057892,gtfs_shape_geometry_primary,0.7908530462808003,0.7908530462808003,0.27395012727051166,25.502779207103387,segment_coverage,car_supported,primary
transit:3973-1@1#736:67:68,transit,S_0030065,gtfs_shape_geometry_primary,0.5241213073242592,0.5241213073242592,0.31999306286266505,24.309824171896537,segment_coverage,car_supported,primary
transit:T7-2@1#806:17:18,transit,S_0030998,gtfs_shape_geometry_primary,0.5519265002087773,0.5519265002087773,0.19300540913190017,42.42187009489726,segment_coverage,car_supported,primary
transit:T7-2@1#806:17:18,transit,S_0003271,gtfs_shape_geometry_primary,1.0,1.0,0.3202926082938966,44.28029060695687,segment_coverage,car_supported,primary
transit:T7-2@1#806:17:18,transit,S_0003270,gtfs_shape_geometry_primary,1.0,1.0,0.2348397417518174,43.758740650970026,segment_coverage,car_supported,primary
transit:T4-2@1#723:61:62,transit,S_0052702,gtfs_shape_geometry_primary,1.0,1.0,0.9710388722794057,0.3448110796761057,both,car_supported,primary
transit:T4-2@1#723:61:62,transit,S_0052712,gtfs_shape_geometry_primary,1.0,1.0,0.9560355991956542,0.27828353091967983,both,car_supported,primary
transit:T4-2@1#723:61:62,transit,S_0030977,gtfs_shape_geometry_primary,1.0,1.0,0.1921985458658271,0.7518513278853902,segment_coverage,car_supported,primary
transit:T4-2@1#723:61:62,transit,S_0030981,gtfs_shape_geometry_primary,1.0,1.0,0.207509888280185,0.19750165249257634,segment_coverage,car_supported,primary
transit:T4-2@1#723:61:62,transit,S_0030976,gtfs_shape_geometry_primary,0.9382529115648008,0.9382529115648008,0.028149442435858794,0.9727671350733544,segment_coverage,car_supported,primary
transit:T6-2@1#753:33:34,transit,S_0043837,gtfs_shape_geometry_primary,1.0,1.0,0.7086205399943466,5.268205881170687,both,car_supported,primary
transit:T6-2@1#753:33:34,transit,S_0053478,gtfs_shape_geometry_primary,0.9396964958379587,0.9396964958379587,0.5186315587709178,14.005647193234736,both,car_supported,primary
transit:T8-2@1#740:40:41,transit,S_0058067,gtfs_shape_geometry_primary,0.5913013736246406,0.5913013736246406,0.20190785387552881,41.75818503714599,segment_coverage,car_supported,primary
transit:T8-2@1#740:40:41,transit,S_0057660,gtfs_shape_geometry_primary,1.0,0.2876903314448865,1.0,1.262279427485396,shape_coverage,car_supported,primary
transit:T8-2@1#740:40:41,transit,S_0057658,gtfs_shape_geometry_primary,1.0,0.28896838507671296,1.0,1.5959235418244617,shape_coverage,car_supported,primary
transit:T8-2@1#740:40:41,transit,S_0017563,gtfs_shape_geometry_primary,1.0,1.0,0.3686226513815349,28.518247764625215,segment_coverage,car_supported,primary
transit:T8-2@1#740:40:41,transit,S_0021767,gtfs_shape_geometry_primary,1.0,1.0,0.672211075772433,6.394723868396923,both,car_supported,primary
transit:T8-2@1#740:40:41,transit,S_0057967,gtfs_shape_geometry_primary,1.0,1.0,0.5219200805246547,26.731513076200358,both,car_supported,primary
transit:T8-2@1#740:40:41,transit,S_0057966,gtfs_shape_geometry_primary,1.0,1.0,0.5060111941133048,3.219688868395039,both,car_supported,primary
transit:375-1@1#750:36:37,transit,S_0008501,gtfs_shape_geometry_primary,0.5494322100177204,0.5494322100177204,0.11404265404730149,43.73873842496121,segment_coverage,car_supported,primary
transit:T10-1@1#803:17:18,transit,S_0025729,gtfs_shape_geometry_primary,1.0,1.0,0.23038092471137214,2.563086806974127,segment_coverage,car_supported,primary
transit:T10-1@1#803:17:18,transit,S_0025760,gtfs_shape_geometry_primary,1.0,1.0,0.35437084194544527,16.196531615839067,segment_coverage,car_supported,primary
transit:375-2@1#821:1:2,transit,S_0044659,gtfs_shape_geometry_primary,1.0,1.0,0.2499477119357305,1.2815023797764127,segment_coverage,car_supported,primary
transit:375-2@1#821:1:2,transit,S_0041251,gtfs_shape_geometry_primary,1.0,1.0,0.28840866791137093,4.429299432672934,segment_coverage,car_supported,primary
transit:375-2@1#821:1:2,transit,S_0044661,gtfs_shape_geometry_primary,1.0,1.0,0.23122526579535904,1.166908956822681,segment_coverage,car_supported,primary
transit:375-2@1#821:1:2,transit,S_0041253,gtfs_shape_geometry_primary,1.0,1.0,0.25382890937126046,4.58516843407142,segment_coverage,car_supported,primary
transit:375-2@1#821:1:2,transit,S_0044658,gtfs_shape_geometry_primary,1.0,1.0,0.08790496797830469,41.452131769753265,segment_coverage,car_supported,primary
transit:T4-2@1#717:70:71,transit,S_0053402,gtfs_shape_geometry_primary,0.7011302089165857,0.7011302089165857,0.6395242393278779,0.01757583202602575,both,car_supported,primary
transit:T4-2@1#717:70:71,transit,S_0053350,gtfs_shape_geometry_primary,1.0,1.0,0.45438185392770636,0.71401404741286,segment_coverage,car_supported,primary
transit:T4-2@1#729:54:55,transit,S_0022561,gtfs_shape_geometry_primary,1.0,1.0,0.47469929027406654,4.105204269484972,segment_coverage,car_supported,primary
transit:T4-2@1#729:54:55,transit,S_0006292,gtfs_shape_geometry_primary,0.6579354257577759,0.6579354257577759,0.42803194032674335,6.029665081882314,segment_coverage,car_supported,primary
transit:T4-2@1#729:54:55,transit,S_0022563,gtfs_shape_geometry_primary,1.0,1.0,0.4132799072122887,2.511627977868585,segment_coverage,car_supported,primary
transit:5203-1@1#811:12:13,transit,S_0041028,gtfs_shape_geometry_primary,0.9983412286938931,0.9983412286938931,0.2759591101592458,20.21685710333753,segment_coverage,car_supported,primary
transit:5203-1@1#811:12:13,transit,S_0012737,gtfs_shape_geometry_primary,1.0,1.0,0.1679892683299958,18.415564565645894,segment_coverage,car_supported,primary
transit:R31-1@1#759:19:20,transit,S_0043394,gtfs_shape_geometry_primary,0.7663768403410925,0.7663768403410925,0.06109152708076829,32.18675677007803,segment_coverage,car_supported,primary
transit:T11-1@1#735:63:64,transit,S_0040628,gtfs_shape_geometry_primary,0.9971705520178795,0.9971705520178795,0.16274825379903746,19.008145104373057,segment_coverage,car_supported,primary
transit:T11-1@1#735:63:64,transit,S_0045597,gtfs_shape_geometry_primary,1.0,1.0,0.1426480896534428,12.360106244021225,segment_coverage,car_supported,primary
transit:T11-1@1#735:63:64,transit,S_0045595,gtfs_shape_geometry_primary,1.0,1.0,0.151751472281659,2.055620874819482,segment_coverage,car_supported,primary
transit:T11-1@1#735:63:64,transit,S_0038593,gtfs_shape_geometry_primary,1.0,1.0,0.0619354257232014,0.2785185814535822,segment_coverage,car_supported,primary
transit:T11-1@1#735:63:64,transit,S_0045596,gtfs_shape_geometry_primary,1.0,1.0,0.13486970324673397,11.226890488177148,segment_coverage,car_supported,primary
transit:T11-1@1#735:63:64,transit,S_0038595,gtfs_shape_geometry_primary,1.0,1.0,0.08148047000879914,0.6753409721794696,segment_coverage,car_supported,primary
transit:T11-1@1#735:63:64,transit,S_0051182,gtfs_shape_geometry_primary,1.0,1.0,0.2157813817470421,0.09102010906748603,segment_coverage,car_supported,primary
transit:T11-1@1#735:63:64,transit,S_0039064,gtfs_shape_geometry_primary,0.5070474814662399,0.5070474814662399,0.33667381490382636,0.9719320008492787,segment_coverage,car_supported,primary
transit:762-1@1#730:53:54,transit,S_0056411,gtfs_shape_geometry_primary,0.8302294753276492,0.8302294753276492,0.545036863269897,0.3294772270520099,both,car_supported,primary
transit:762-1@1#730:53:54,transit,S_0056413,gtfs_shape_geometry_primary,0.7568092847013886,0.7568092847013886,0.4753781296235642,2.1095471400873436,segment_coverage,car_supported,primary
transit:T8-2@1#740:41:42,transit,S_0057660,gtfs_shape_geometry_primary,0.7713048010308798,0.3494540473406183,0.7713048010308798,21.16117216314545,shape_coverage,car_supported,primary
transit:T8-2@1#740:41:42,transit,S_0057658,gtfs_shape_geometry_primary,0.7700686239849249,0.3544876781864154,0.7700686239849249,20.82752804882692,shape_coverage,car_supported,primary
transit:T8-2@1#740:41:42,transit,S_0057966,gtfs_shape_geometry_primary,0.6047330462802514,0.6047330462802514,0.04158030198436324,19.203762722317236,segment_coverage,car_supported,primary
transit:T8-2@1#740:41:42,transit,S_0057659,gtfs_shape_geometry_primary,1.0,1.0,0.770144190266755,3.6229156865916963,both,car_supported,primary
transit:T8-2@1#740:41:42,transit,S_0045053,gtfs_shape_geometry_primary,0.9505746558946021,0.8869545388611496,0.9505746558946021,1.693847786272002,both,car_supported,primary
transit:T8-2@1#740:41:42,transit,S_0057661,gtfs_shape_geometry_primary,1.0,1.0,0.37236159646323536,0.5425433596656717,segment_coverage,car_supported,primary
transit:T2A-1@1#801:31:32,transit,S_0019668,gtfs_shape_geometry_primary,0.7917655024192707,0.7917655024192707,0.09925331850877807,33.48757157422632,segment_coverage,car_supported,primary
transit:T2A-1@1#801:31:32,transit,S_0019669,gtfs_shape_geometry_primary,1.0,1.0,0.17240455662352305,31.877408298999356,segment_coverage,car_supported,primary
transit:T2A-1@1#801:31:32,transit,S_0031045,gtfs_shape_geometry_primary,0.8065167185769169,0.8065167185769169,0.13140143973035195,42.919794905142766,segment_coverage,car_supported,primary
transit:T2A-1@1#801:31:32,transit,S_0001437,gtfs_shape_geometry_primary,1.0,1.0,0.15558859419078905,32.807563072744145,segment_coverage,car_supported,primary
transit:B02-1@1#820:3:4,transit,S_0054710,gtfs_shape_geometry_primary,1.0,1.0,0.2927192223343529,13.058438792312913,segment_coverage,car_supported,primary
transit:B02-1@1#820:3:4,transit,S_0025374,gtfs_shape_geometry_primary,1.0,1.0,0.17123595619569143,14.235877185285005,segment_coverage,car_supported,primary
transit:B02-1@1#820:3:4,transit,S_0025375,gtfs_shape_geometry_primary,1.0,1.0,0.18995669616735236,0.09394931358970382,segment_coverage,car_supported,primary
transit:B02-1@1#820:3:4,transit,S_0054698,gtfs_shape_geometry_primary,1.0,1.0,0.2259098238050656,0.06531960030407902,segment_coverage,car_supported,primary
transit:B02-1@1#820:3:4,transit,S_0054696,gtfs_shape_geometry_primary,1.0,1.0,0.27524633390837294,0.4025398104076743,segment_coverage,car_supported,primary
transit:B02-1@1#820:3:4,transit,S_0054717,gtfs_shape_geometry_primary,1.0,1.0,0.30156264142460293,0.42068842840426157,segment_coverage,car_supported,primary
transit:B02-1@1#820:3:4,transit,S_0026693,gtfs_shape_geometry_primary,0.6245318142111558,0.6245318142111558,0.09648546664097518,1.4482561797401559,segment_coverage,car_supported,primary
transit:211-1@1#720:78:79,transit,S_0059626,gtfs_shape_geometry_primary,0.516304005247517,0.516304005247517,0.1354319651745987,32.417919984463744,segment_coverage,car_supported,primary
transit:T6-1@1#753:32:33,transit,S_0050966,gtfs_shape_geometry_primary,1.0,1.0,0.4644913523997932,0.2621767393498118,segment_coverage,car_supported,primary
transit:T6-1@1#753:32:33,transit,S_0050967,gtfs_shape_geometry_primary,0.5720464354020607,0.5720464354020607,0.4212621938188994,0.7272821192276808,segment_coverage,car_supported,primary
transit:T6-1@1#753:32:33,transit,S_0014585,gtfs_shape_geometry_primary,0.8600356038077561,0.8600356038077561,0.8201933447205594,0.2345585308118956,both,car_supported,primary
transit:2672-1@1#732:73:74,transit,S_0004688,gtfs_shape_geometry_primary,1.0,1.0,0.23421910566949303,1.7363550454640517,segment_coverage,car_supported,primary
transit:2672-1@1#732:73:74,transit,S_0004711,gtfs_shape_geometry_primary,1.0,1.0,0.7264635894243151,0.33944568456300317,both,car_supported,primary
transit:T4-2@1#723:62:63,transit,S_0030977,gtfs_shape_geometry_primary,0.7370809484652082,0.7370809484652082,0.13557540868459833,1.0164331366313775,segment_coverage,car_supported,primary
transit:T4-2@1#723:62:63,transit,S_0030981,gtfs_shape_geometry_primary,0.8412150328554487,0.8412150328554487,0.16962171475340515,0.018392247880171908,segment_coverage,car_supported,primary
transit:T4-2@1#723:62:63,transit,S_0030976,gtfs_shape_geometry_primary,1.0,1.0,0.16932246414833468,0.9783166211699665,segment_coverage,car_supported,primary
transit:T4-2@1#723:62:63,transit,S_0020501,gtfs_shape_geometry_primary,1.0,1.0,0.41886456163563257,0.33434715056424125,segment_coverage,car_supported,primary
transit:T4-2@1#723:62:63,transit,S_0002948,gtfs_shape_geometry_primary,1.0,1.0,0.40484025870680335,0.08452134580709014,segment_coverage,car_supported,primary
transit:T4-2@1#723:62:63,transit,S_0020500,gtfs_shape_geometry_primary,1.0,1.0,0.5156865620980372,1.0433923953239344,both,car_supported,primary
transit:T4-2@1#723:62:63,transit,S_0030971,gtfs_shape_geometry_primary,1.0,1.0,0.4999232823145909,7.918116802814552,segment_coverage,car_supported,primary
transit:T4-2@1#723:62:63,transit,S_0020515,gtfs_shape_geometry_primary,1.0,1.0,0.35772248207103674,10.651894163753866,segment_coverage,car_supported,primary
transit:T4-2@1#723:62:63,transit,S_0020495,gtfs_shape_geometry_primary,0.9276206000097018,0.9276206000097018,0.2923698270519229,6.44342946462379,segment_coverage,car_supported,primary
transit:T7-2@1#806:18:19,transit,S_0018385,gtfs_shape_geometry_primary,0.7548702264906068,0.7548702264906068,0.5264132391875695,29.74937108515587,both,car_supported,primary
transit:T1-1@1#813:13:14,transit,S_0019561,gtfs_shape_geometry_primary,1.0,1.0,0.08129618488793641,6.790547670739244,segment_coverage,car_supported,primary
transit:T1-1@1#813:13:14,transit,S_0043904,gtfs_shape_geometry_primary,1.0,1.0,0.4029578831341724,1.3079140205684752,segment_coverage,car_supported,primary
transit:731-2@1#814:4:5,transit,S_0044597,gtfs_shape_geometry_primary,0.8044369740224799,0.8044369740224799,0.5305572366480418,4.401544484816469,both,car_supported,primary
transit:731-2@1#814:4:5,transit,S_0046952,gtfs_shape_geometry_primary,1.0,1.0,0.3584814813794206,1.2055009462434896,segment_coverage,car_supported,primary
transit:T4-2@1#729:55:56,transit,S_0006292,gtfs_shape_geometry_primary,0.7877333408244754,0.611392329032103,0.7877333408244754,4.11542907428904,both,car_supported,primary
transit:T4-2@1#729:55:56,transit,S_0022559,gtfs_shape_geometry_primary,0.55481773577615,0.4945068222390684,0.55481773577615,11.363594860985188,shape_coverage,car_supported,primary
transit:T4-2@1#717:71:72,transit,S_0011149,gtfs_shape_geometry_primary,1.0,1.0,0.08479119416246295,0.22482922179953846,segment_coverage,car_supported,primary
transit:T4-2@1#717:71:72,transit,S_0018232,gtfs_shape_geometry_primary,0.8284783865370915,0.8284783865370915,0.6443451451377848,0.08909595370909074,both,car_supported,primary
transit:T10-1@1#803:18:19,transit,S_0025722,gtfs_shape_geometry_primary,1.0,1.0,0.5277238353593763,2.619516190156901,both,car_supported,primary
transit:T10-1@1#803:18:19,transit,S_0025719,gtfs_shape_geometry_primary,1.0,1.0,0.14304747666043355,2.02531482884217,segment_coverage,car_supported,primary
transit:T10-1@1#803:18:19,transit,S_0025720,gtfs_shape_geometry_primary,0.8408674144182766,0.8408674144182766,0.3129253733236929,0.4959181747117327,segment_coverage,car_supported,primary
transit:5203-1@1#811:13:14,transit,S_0051103,gtfs_shape_geometry_primary,1.0,1.0,0.6813899186101771,7.1815083515434,both,car_supported,primary
transit:5203-1@1#811:13:14,transit,S_0016332,gtfs_shape_geometry_primary,1.0,1.0,0.3080905517004488,8.591503632322983,segment_coverage,car_supported,primary
transit:5203-1@1#811:13:14,transit,S_0012735,gtfs_shape_geometry_primary,0.8329438563309018,0.8329438563309018,0.09983413648232584,8.407491120248721,segment_coverage,car_supported,primary
transit:5203-1@1#811:13:14,transit,S_0020470,gtfs_shape_geometry_primary,0.9780308009639254,0.9780308009639254,0.3343459788423965,4.765194380266948,segment_coverage,car_supported,primary
transit:5203-1@1#811:13:14,transit,S_0048905,gtfs_shape_geometry_primary,1.0,1.0,0.31220000265045555,1.6112908602737406,segment_coverage,car_supported,primary
transit:5203-1@1#811:13:14,transit,S_0020472,gtfs_shape_geometry_primary,1.0,1.0,0.38349841250635897,1.808273993190042,segment_coverage,car_supported,primary
transit:5203-1@1#811:13:14,transit,S_0048907,gtfs_shape_geometry_primary,1.0,1.0,0.34639840131968935,3.588250944768589,segment_coverage,car_supported,primary
transit:5203-1@1#811:13:14,transit,S_0019558,gtfs_shape_geometry_primary,1.0,1.0,0.5653548221282819,0.9456323581029267,both,car_supported,primary
transit:5203-1@1#811:13:14,transit,S_0041028,gtfs_shape_geometry_primary,0.6039112940408518,0.6039112940408518,0.23824654034673928,15.862647904050007,segment_coverage,car_supported,primary
transit:731-2@1#814:5:6,transit,S_0046953,gtfs_shape_geometry_primary,0.8459897573457144,0.8459897573457144,0.2880727137273852,0.6907858546054086,segment_coverage,car_supported,primary
transit:731-2@1#814:5:6,transit,S_0046956,gtfs_shape_geometry_primary,1.0,1.0,0.4156101233597846,0.50916132545008,segment_coverage,car_supported,primary
transit:731-2@1#814:5:6,transit,S_0046955,gtfs_shape_geometry_primary,1.0,1.0,0.10620822056441027,0.6107622788573366,segment_coverage,car_supported,primary
transit:731-2@1#814:5:6,transit,S_0046958,gtfs_shape_geometry_primary,1.0,1.0,0.35966089218041475,1.0168664088960924,segment_coverage,car_supported,primary
transit:T2A-1@1#801:32:33,transit,S_0017530,gtfs_shape_geometry_primary,0.6063171735127821,0.6063171735127821,0.3071890085924199,44.93863684318005,segment_coverage,car_supported,primary
transit:B02-1@1#820:4:5,transit,S_0026693,gtfs_shape_geometry_primary,1.0,1.0,0.2807270131626422,1.4482561798881477,segment_coverage,car_supported,primary
transit:B02-1@1#820:4:5,transit,S_0026692,gtfs_shape_geometry_primary,1.0,1.0,0.48976483352516564,1.4227068341705262,segment_coverage,car_supported,primary
transit:B02-1@1#820:4:5,transit,S_0054713,gtfs_shape_geometry_primary,1.0,1.0,0.46571728407333396,0.9952302576695189,segment_coverage,car_supported,primary
transit:B02-1@1#820:4:5,transit,S_0054715,gtfs_shape_geometry_primary,1.0,1.0,0.23324000373934484,0.6127117845726389,segment_coverage,car_supported,primary
transit:T4-2@1#729:56:57,transit,S_0036069,gtfs_shape_geometry_primary,1.0,1.0,0.25582813162462,6.205037663227188,segment_coverage,car_supported,primary
transit:T4-2@1#729:56:57,transit,S_0014579,gtfs_shape_geometry_primary,1.0,1.0,0.11681281769466509,1.4526095612952474,segment_coverage,car_supported,primary
transit:T4-2@1#729:56:57,transit,S_0017469,gtfs_shape_geometry_primary,1.0,1.0,0.11653502879957724,1.4529087884241392,segment_coverage,car_supported,primary
transit:762-1@1#730:54:55,transit,S_0056425,gtfs_shape_geometry_primary,1.0,1.0,0.09886450574640919,0.2039018118649949,segment_coverage,car_supported,primary
transit:762-1@1#730:54:55,transit,S_0041206,gtfs_shape_geometry_primary,1.0,1.0,0.058877921965581045,0.5906246985165211,segment_coverage,car_supported,primary
transit:762-1@1#730:54:55,transit,S_0041188,gtfs_shape_geometry_primary,1.0,1.0,0.14747650143712196,0.047810141263255446,segment_coverage,car_supported,primary
transit:762-1@1#730:54:55,transit,S_0017630,gtfs_shape_geometry_primary,1.0,1.0,0.18537643210693475,0.29907216175517704,segment_coverage,car_supported,primary
transit:762-1@1#730:54:55,transit,S_0017628,gtfs_shape_geometry_primary,1.0,1.0,0.059583887965107725,0.21441411417747247,segment_coverage,car_supported,primary
transit:762-1@1#730:54:55,transit,S_0030723,gtfs_shape_geometry_primary,1.0,1.0,0.07112958955420176,0.05388596208558738,segment_coverage,car_supported,primary
transit:762-1@1#730:54:55,transit,S_0056405,gtfs_shape_geometry_primary,1.0,1.0,0.03717220488181415,0.20639032325117057,segment_coverage,car_supported,primary
transit:762-1@1#730:54:55,transit,S_0056406,gtfs_shape_geometry_primary,0.8960789569696964,0.8960789569696964,0.14036315006345979,0.26664013645388707,segment_coverage,car_supported,primary
transit:762-1@1#730:54:55,transit,S_0056424,gtfs_shape_geometry_primary,1.0,1.0,0.12883983141301633,0.2164838963802822,segment_coverage,car_supported,primary
transit:762-1@1#730:54:55,transit,S_0056426,gtfs_shape_geometry_primary,1.0,1.0,0.0910801194338258,0.3377411378604336,segment_coverage,car_supported,primary
transit:T4-2@1#723:63:64,transit,S_0020495,gtfs_shape_geometry_primary,0.646480300351165,0.646480300351165,0.11193845879273726,7.415717755180438,segment_coverage,car_supported,primary
transit:T4-2@1#723:63:64,transit,S_0020496,gtfs_shape_geometry_primary,1.0,1.0,0.12178273077573622,5.910769647432673,segment_coverage,car_supported,primary
transit:T4-2@1#723:63:64,transit,S_0053520,gtfs_shape_geometry_primary,1.0,1.0,0.26393019768132103,2.2584027452387403,segment_coverage,car_supported,primary
transit:T4-2@1#723:63:64,transit,S_0053521,gtfs_shape_geometry_primary,1.0,1.0,0.3943958063283396,0.43262408994198154,segment_coverage,car_supported,primary
transit:T4-2@1#723:63:64,transit,S_0053628,gtfs_shape_geometry_primary,1.0,1.0,0.41689129618821275,0.30896792077636803,segment_coverage,car_supported,primary
transit:T4-2@1#723:63:64,transit,S_0053610,gtfs_shape_geometry_primary,0.5026450771200868,0.5026450771200868,0.12324745205984942,0.3179770439454188,segment_coverage,car_supported,primary
transit:2672-1@1#732:74:75,transit,S_0004712,gtfs_shape_geometry_primary,1.0,1.0,0.21457761509309342,0.3980393453113038,segment_coverage,car_supported,primary
transit:2672-1@1#732:74:75,transit,S_0004647,gtfs_shape_geometry_primary,1.0,1.0,0.270162555013378,0.4013410331256182,segment_coverage,car_supported,primary
transit:2672-1@1#732:74:75,transit,S_0004610,gtfs_shape_geometry_primary,1.0,1.0,0.4025125334631958,0.5531841446845362,segment_coverage,car_supported,primary
transit:2672-1@1#732:74:75,transit,S_0004609,gtfs_shape_geometry_primary,0.5542294256874194,0.5542294256874194,0.09072880996777102,7.975051469463693,segment_coverage,car_supported,primary
transit:T11-2@1#737:56:57,transit,S_0049366,gtfs_shape_geometry_primary,0.9862265009710502,0.9862265009710502,0.26393737204921075,33.399041659871756,segment_coverage,car_supported,primary
transit:T11-2@1#737:56:57,transit,S_0049362,gtfs_shape_geometry_primary,0.5307744340098225,0.5307744340098225,0.061783779261749626,38.73743237267939,segment_coverage,car_supported,primary
transit:3973-1@1#755:41:42,transit,S_0029303,gtfs_shape_geometry_primary,0.5370257473030617,0.5370257473030617,0.47349344432701873,2.7151171237196507,segment_coverage,car_supported,primary
transit:3973-1@1#755:41:42,transit,S_0029298,gtfs_shape_geometry_primary,1.0,1.0,0.1702059694575481,4.459188709679708,segment_coverage,car_supported,primary
transit:3973-1@1#755:41:42,transit,S_0047859,gtfs_shape_geometry_primary,0.6998140640447407,0.6998140640447407,0.08468543155571451,4.836839201782695,segment_coverage,car_supported,primary
transit:3973-1@1#755:41:42,transit,S_0029299,gtfs_shape_geometry_primary,1.0,1.0,0.21785405411989733,0.5536337373530387,segment_coverage,car_supported,primary
transit:3973-1@1#755:41:42,transit,S_0047858,gtfs_shape_geometry_primary,1.0,1.0,0.09528723631562384,7.07493665304041,segment_coverage,car_supported,primary
transit:3973-1@1#755:41:42,transit,S_0037880,gtfs_shape_geometry_primary,1.0,1.0,0.06751537299225416,0.7723034619801155,segment_coverage,car_supported,primary
transit:T6-1@1#753:33:34,transit,S_0036077,gtfs_shape_geometry_primary,1.0,1.0,0.15242525207070257,19.38751236247228,segment_coverage,car_supported,primary
transit:T6-1@1#753:33:34,transit,S_0036075,gtfs_shape_geometry_primary,1.0,1.0,0.21262241373022073,0.16494902331271533,segment_coverage,car_supported,primary
transit:T6-1@1#753:33:34,transit,S_0034438,gtfs_shape_geometry_primary,0.7854955686519368,0.7854955686519368,0.2522978282315401,31.872376709574894,segment_coverage,car_supported,primary
transit:T6-1@1#753:33:34,transit,S_0036063,gtfs_shape_geometry_primary,1.0,1.0,0.2721332412444554,14.211522891138785,segment_coverage,car_supported,primary
transit:T6-1@1#753:33:34,transit,S_0036062,gtfs_shape_geometry_primary,1.0,1.0,0.10581938724430637,1.7818677841351587,segment_coverage,car_supported,primary
transit:T6-1@1#753:33:34,transit,S_0014585,gtfs_shape_geometry_primary,0.5094460569451645,0.5094460569451645,0.11485692055051572,0.1397841533994182,segment_coverage,car_supported,primary
transit:T6-1@1#753:33:34,transit,S_0022565,gtfs_shape_geometry_primary,1.0,1.0,0.17879069980462742,1.6739453094191674,segment_coverage,car_supported,primary
transit:375-1@1#750:38:39,transit,S_0036178,gtfs_shape_geometry_primary,1.0,1.0,0.617109715584234,9.470673385542227,both,car_supported,primary
transit:3973-1@1#736:70:71,transit,S_0021168,gtfs_shape_geometry_primary,1.0,1.0,0.3488446780785271,8.0185975575546,segment_coverage,car_supported,primary
transit:3973-1@1#736:70:71,transit,S_0017239,gtfs_shape_geometry_primary,1.0,1.0,0.3132807265982962,6.594109766997164,segment_coverage,car_supported,primary
transit:731-2@1#814:6:7,transit,S_0056425,gtfs_shape_geometry_primary,1.0,1.0,0.09754310272301216,0.2039018118649949,segment_coverage,car_supported,primary
transit:731-2@1#814:6:7,transit,S_0041206,gtfs_shape_geometry_primary,1.0,1.0,0.05809097154784247,0.5906246985165211,segment_coverage,car_supported,primary
transit:731-2@1#814:6:7,transit,S_0041188,gtfs_shape_geometry_primary,1.0,1.0,0.14550536029392044,0.047810141263255446,segment_coverage,car_supported,primary
transit:731-2@1#814:6:7,transit,S_0017630,gtfs_shape_geometry_primary,1.0,1.0,0.18289872814226835,0.29907216175517704,segment_coverage,car_supported,primary
transit:731-2@1#814:6:7,transit,S_0017628,gtfs_shape_geometry_primary,1.0,1.0,0.05878750174835163,0.21441411417745826,segment_coverage,car_supported,primary
transit:731-2@1#814:6:7,transit,S_0030723,gtfs_shape_geometry_primary,1.0,1.0,0.07017888582104395,0.05388596208558738,segment_coverage,car_supported,primary
transit:731-2@1#814:6:7,transit,S_0056405,gtfs_shape_geometry_primary,1.0,1.0,0.03667536869630631,0.20639032325117057,segment_coverage,car_supported,primary
transit:731-2@1#814:6:7,transit,S_0056406,gtfs_shape_geometry_primary,0.8648254240028171,0.8648254240028171,0.12023649898610218,0.26664013639060613,segment_coverage,car_supported,primary
transit:731-2@1#814:6:7,transit,S_0056423,gtfs_shape_geometry_primary,0.8378008999069276,0.8378008999069276,0.09234062828901177,0.22879796015701004,segment_coverage,car_supported,primary
transit:731-2@1#814:6:7,transit,S_0056424,gtfs_shape_geometry_primary,1.0,1.0,0.12711778423862122,0.2164838963802822,segment_coverage,car_supported,primary
transit:731-2@1#814:6:7,transit,S_0056426,gtfs_shape_geometry_primary,1.0,1.0,0.08986276094624146,0.3377411378604336,segment_coverage,car_supported,primary
transit:T3-2@1#758:33:34,transit,S_0031893,gtfs_shape_geometry_primary,0.8450136758674666,0.674257384906059,0.8450136758674666,8.693635155197697,both,car_supported,primary
transit:T3-2@1#758:33:34,transit,S_0028250,gtfs_shape_geometry_primary,0.6356525109059751,0.6356525109059751,0.41880362213528627,0.3940295320747538,segment_coverage,car_supported,primary
transit:189-2@1#800:32:33,transit,S_0045724,gtfs_shape_geometry_primary,0.9488591840990203,0.9488591840990203,0.538534539236891,18.740917822280466,both,car_supported,primary
transit:B02-1@1#820:5:6,transit,S_0054714,gtfs_shape_geometry_primary,0.9322140712344635,0.9322140712344635,0.6704410657550911,0.8188209832595277,both,car_supported,primary
transit:B02-1@1#820:5:6,transit,S_0026700,gtfs_shape_geometry_primary,1.0,1.0,0.5337060345223607,1.0440530928369895,both,car_supported,primary
transit:2672-1@1#732:75:76,transit,S_0016159,gtfs_shape_geometry_primary,1.0,1.0,0.26013304413873867,1.5221444803360384,segment_coverage,car_supported,primary
transit:2672-1@1#732:75:76,transit,S_0016158,gtfs_shape_geometry_primary,1.0,1.0,0.15678817855162794,1.5038093552628595,segment_coverage,car_supported,primary
transit:2672-1@1#732:75:76,transit,S_0016156,gtfs_shape_geometry_primary,1.0,1.0,0.21539661386314002,1.4999902978315447,segment_coverage,car_supported,primary
transit:2672-1@1#732:75:76,transit,S_0004609,gtfs_shape_geometry_primary,1.0,1.0,0.1768145127282822,1.724983027324953,segment_coverage,car_supported,primary
transit:2672-1@1#732:75:76,transit,S_0016161,gtfs_shape_geometry_primary,1.0,1.0,0.17853947289516525,1.532827337871879,segment_coverage,car_supported,primary
transit:5203-1@1#811:14:15,transit,S_0019540,gtfs_shape_geometry_primary,1.0,1.0,0.3824335555168417,1.6728267845216038,segment_coverage,car_supported,primary
transit:5203-1@1#811:14:15,transit,S_0048904,gtfs_shape_geometry_primary,1.0,1.0,0.5319493129966869,0.8266934547230136,both,car_supported,primary
transit:5203-1@1#811:14:15,transit,S_0019545,gtfs_shape_geometry_primary,1.0,1.0,0.9572537171067413,3.0623039207614653,both,car_supported,primary
transit:5203-1@1#811:14:15,transit,S_0012734,gtfs_shape_geometry_primary,1.0,1.0,0.600394264418859,12.135652327655919,both,car_supported,primary
transit:5203-1@1#811:14:15,transit,S_0012735,gtfs_shape_geometry_primary,1.0,1.0,0.38385720726221895,7.48815449874796,segment_coverage,car_supported,primary
transit:5203-1@1#811:14:15,transit,S_0020470,gtfs_shape_geometry_primary,0.855887454100856,0.855887454100856,0.4387909897839994,4.952168918449502,segment_coverage,car_supported,primary
transit:5203-1@1#811:14:15,transit,S_0048905,gtfs_shape_geometry_primary,0.6910988422881318,0.6910988422881318,0.23804497565390098,4.482067037103278,segment_coverage,car_supported,primary
transit:T12A-1@1#753:49:50,transit,S_0049425,gtfs_shape_geometry_primary,1.0,1.0,0.10932049521777507,34.019644000171695,segment_coverage,car_supported,primary
transit:T12A-1@1#753:49:50,transit,S_0044980,gtfs_shape_geometry_primary,1.0,1.0,0.3683513031466491,9.572183380248958,segment_coverage,car_supported,primary
transit:3973-1@1#755:42:43,transit,S_0037880,gtfs_shape_geometry_primary,1.0,1.0,0.09037091915305101,0.7723034620468638,segment_coverage,car_supported,primary
transit:3973-1@1#755:42:43,transit,S_0037870,gtfs_shape_geometry_primary,1.0,1.0,0.23674318788792115,3.518788135872285,segment_coverage,car_supported,primary
transit:3973-1@1#755:42:43,transit,S_0047856,gtfs_shape_geometry_primary,1.0,1.0,0.3449957082622079,1.5958890378599477,segment_coverage,car_supported,primary
transit:3973-1@1#755:42:43,transit,S_0037849,gtfs_shape_geometry_primary,1.0,1.0,0.4294153404271392,5.085847594642502,segment_coverage,car_supported,primary
transit:3973-1@1#755:42:43,transit,S_0047857,gtfs_shape_geometry_primary,1.0,1.0,0.214127001085173,8.462591511332107,segment_coverage,car_supported,primary
transit:3973-1@1#755:42:43,transit,S_0037830,gtfs_shape_geometry_primary,1.0,1.0,0.5556095537743863,1.6113135705595454,both,car_supported,primary
transit:3973-1@1#755:42:43,transit,S_0005005,gtfs_shape_geometry_primary,0.678654240226003,0.678654240226003,0.6750974361146518,1.157265486077506,both,car_supported,primary
transit:762-1@1#730:55:56,transit,S_0044597,gtfs_shape_geometry_primary,0.8044369740224799,0.8044369740224799,0.1713696984564361,4.401544484816469,segment_coverage,car_supported,primary
transit:762-1@1#730:55:56,transit,S_0046952,gtfs_shape_geometry_primary,1.0,1.0,0.11578932322988214,1.2055009462435038,segment_coverage,car_supported,primary
transit:762-1@1#730:55:56,transit,S_0046953,gtfs_shape_geometry_primary,1.0,1.0,0.2535955905035227,0.6907858547775021,segment_coverage,car_supported,primary
transit:762-1@1#730:55:56,transit,S_0046956,gtfs_shape_geometry_primary,1.0,1.0,0.2438959234780182,0.50916132545008,segment_coverage,car_supported,primary
transit:762-1@1#730:55:56,transit,S_0046955,gtfs_shape_geometry_primary,1.0,1.0,0.06232704782575658,0.6107622788573508,segment_coverage,car_supported,primary
transit:762-1@1#730:55:56,transit,S_0056423,gtfs_shape_geometry_primary,0.8233271398633644,0.8233271398633644,0.12768743681321726,0.2287979603937771,segment_coverage,car_supported,primary
transit:762-1@1#730:55:56,transit,S_0046958,gtfs_shape_geometry_primary,1.0,1.0,0.211062773755713,1.0168664088961066,segment_coverage,car_supported,primary
transit:T11-2@1#737:57:58,transit,S_0049362,gtfs_shape_geometry_primary,0.9774446063939429,0.9774446063939429,0.16158626750150998,39.05768988038041,segment_coverage,car_supported,primary
transit:T11-2@1#737:57:58,transit,S_0054588,gtfs_shape_geometry_primary,0.6251772479969415,0.6251772479969415,0.38381359161127776,2.7614526686956964,segment_coverage,car_supported,primary
transit:T4-2@1#723:64:65,transit,S_0053610,gtfs_shape_geometry_primary,0.8277874110671434,0.8277874110671434,0.549549726022151,2.4834926014540457,both,car_supported,primary
transit:T4-2@1#723:64:65,transit,S_0047216,gtfs_shape_geometry_primary,1.0,1.0,0.6881567620717857,0.031884876187689315,both,car_supported,primary
transit:T4-2@1#723:64:65,transit,S_0047215,gtfs_shape_geometry_primary,0.8117311392500619,0.8117311392500619,0.05047631336645717,0.3422915101000399,segment_coverage,car_supported,primary
transit:T6-1@1#753:34:35,transit,S_0022561,gtfs_shape_geometry_primary,1.0,1.0,0.47469929027406654,4.105204269484972,segment_coverage,car_supported,primary
transit:T6-1@1#753:34:35,transit,S_0006292,gtfs_shape_geometry_primary,0.6579354257577759,0.6579354257577759,0.42803194032674335,6.029665081882314,segment_coverage,car_supported,primary
transit:T6-1@1#753:34:35,transit,S_0022563,gtfs_shape_geometry_primary,1.0,1.0,0.4132799072122887,2.511627977868585,segment_coverage,car_supported,primary
transit:3973-1@1#736:71:72,transit,S_0017238,gtfs_shape_geometry_primary,1.0,1.0,0.559253685711333,0.11147065583065796,both,car_supported,primary
transit:3973-1@1#736:71:72,transit,S_0017235,gtfs_shape_geometry_primary,1.0,1.0,0.6610967695851703,0.16125628081047694,both,car_supported,primary
transit:T11-1@1#735:66:67,transit,S_0006944,gtfs_shape_geometry_primary,1.0,1.0,0.08766653765502527,0.1045115318494112,segment_coverage,car_supported,primary
transit:T11-1@1#735:66:67,transit,S_0044877,gtfs_shape_geometry_primary,1.0,1.0,0.11596401749356713,0.9600993290994637,segment_coverage,car_supported,primary
transit:T11-1@1#735:66:67,transit,S_0006941,gtfs_shape_geometry_primary,0.9875924026391668,0.9875924026391668,0.1641063149236172,1.0221758432448809,segment_coverage,car_supported,primary
transit:T11-1@1#735:66:67,transit,S_0006940,gtfs_shape_geometry_primary,1.0,1.0,0.2548760214118604,0.9823808575463602,segment_coverage,car_supported,primary
transit:T11-1@1#735:66:67,transit,S_0040635,gtfs_shape_geometry_primary,1.0,1.0,0.07672095070041876,0.9931043597549376,segment_coverage,car_supported,primary
transit:T11-1@1#735:66:67,transit,S_0006939,gtfs_shape_geometry_primary,1.0,1.0,0.15698586386106467,24.888803072810745,segment_coverage,car_supported,primary
transit:T11-1@1#735:66:67,transit,S_0040367,gtfs_shape_geometry_primary,1.0,1.0,0.40913475050166986,0.4246204715165618,segment_coverage,car_supported,primary
transit:T11-1@1#735:66:67,transit,S_0040634,gtfs_shape_geometry_primary,0.705591803707506,0.705591803707506,0.3280366243092322,1.45071562015697,segment_coverage,car_supported,primary
transit:T11-1@1#735:66:67,transit,S_0040366,gtfs_shape_geometry_primary,1.0,1.0,0.19866903525790536,4.202127878847747,segment_coverage,car_supported,primary
transit:T11-1@1#735:66:67,transit,S_0038620,gtfs_shape_geometry_primary,1.0,1.0,0.17956805845268284,8.215353003488133,segment_coverage,car_supported,primary
transit:T11-1@1#735:66:67,transit,S_0038623,gtfs_shape_geometry_primary,1.0,1.0,0.07544471852641221,7.838415692520385,segment_coverage,car_supported,primary
transit:T12-2@1#722:93:94,transit,S_0049366,gtfs_shape_geometry_primary,0.9862265009710502,0.9862265009710502,0.26393737204921075,33.399041659871756,segment_coverage,car_supported,primary
transit:T12-2@1#722:93:94,transit,S_0049362,gtfs_shape_geometry_primary,0.5307744340098225,0.5307744340098225,0.061783779261749626,38.73743237267939,segment_coverage,car_supported,primary
transit:T4-2@1#729:57:58,transit,S_0017468,gtfs_shape_geometry_primary,0.644240354668015,0.644240354668015,0.501361509234326,2.204934719279777,both,car_supported,primary
transit:B02-1@1#820:6:7,transit,S_0026699,gtfs_shape_geometry_primary,1.0,1.0,0.49411502270766194,1.0231898483083341,segment_coverage,car_supported,primary
transit:B02-1@1#820:6:7,transit,S_0001066,gtfs_shape_geometry_primary,1.0,1.0,0.6283010980313197,0.7708567134259567,both,car_supported,primary
transit:B02-1@1#820:6:7,transit,S_0024848,gtfs_shape_geometry_primary,1.0,1.0,0.41545948603488253,0.09524162222399468,segment_coverage,car_supported,primary
transit:B02-1@1#820:6:7,transit,S_0024840,gtfs_shape_geometry_primary,0.6328614469443202,0.6328614469443202,0.4037130289466358,0.18226442381468644,segment_coverage,car_supported,primary
transit:189-2@1#800:33:34,transit,S_0054004,gtfs_shape_geometry_primary,0.5508810393901132,0.182398259053746,0.5508810393901132,0.2185117414548614,shape_coverage,car_supported,primary
transit:T3-2@1#758:34:35,transit,S_0028250,gtfs_shape_geometry_primary,0.7814913341617514,0.7814913341617514,0.27160992181364246,0.39402953225170734,segment_coverage,car_supported,primary
transit:T3-2@1#758:34:35,transit,S_0021736,gtfs_shape_geometry_primary,1.0,1.0,0.5517380285711184,0.4761940089990304,both,car_supported,primary
transit:T3-2@1#758:34:35,transit,S_0021734,gtfs_shape_geometry_primary,0.695022063888993,0.695022063888993,0.4680201402188474,0.8821330912426788,segment_coverage,car_supported,primary
transit:2672-1@1#732:76:77,transit,S_0030501,gtfs_shape_geometry_primary,1.0,1.0,0.5547309990769982,5.874587541444015,both,car_supported,primary
transit:268-1@1#730:78:79,transit,S_0040570,gtfs_shape_geometry_primary,1.0,1.0,0.08355122629422569,44.88263238514763,segment_coverage,car_supported,primary
transit:268-1@1#730:78:79,transit,S_0050903,gtfs_shape_geometry_primary,1.0,1.0,0.07177612888240618,44.72728531727556,segment_coverage,car_supported,primary
transit:3973-1@1#755:43:44,transit,S_0005005,gtfs_shape_geometry_primary,0.6774224946270059,0.45907099464025264,0.6774224946270059,5.822892757718151,shape_coverage,car_supported,primary
transit:3973-1@1#755:43:44,transit,S_0029297,gtfs_shape_geometry_primary,0.875740034120863,0.875740034120863,0.5578705951064746,4.981258624909586,both,car_supported,primary
transit:3973-1@1#755:43:44,transit,S_0029295,gtfs_shape_geometry_primary,1.0,1.0,0.277957061116586,1.1516847383546747,segment_coverage,car_supported,primary
transit:3973-1@1#755:43:44,transit,S_0005004,gtfs_shape_geometry_primary,1.0,1.0,0.2768166893433365,0.7937479362574607,segment_coverage,car_supported,primary
transit:3973-1@1#755:43:44,transit,S_0029296,gtfs_shape_geometry_primary,1.0,1.0,0.2434038529475208,0.18504787943614076,segment_coverage,car_supported,primary
transit:211-1@1#720:81:82,transit,S_0031135,gtfs_shape_geometry_primary,0.6424950842989903,0.6424950842989903,0.1254059234233425,24.169566842232243,segment_coverage,car_supported,primary
transit:211-1@1#720:81:82,transit,S_0014414,gtfs_shape_geometry_primary,0.5660279592317506,0.5660279592317506,0.08838716807974421,23.441247674560188,segment_coverage,car_supported,primary
transit:T1-1@1#813:16:17,transit,S_0020234,gtfs_shape_geometry_primary,0.5984806417551388,0.5984806417551388,0.2537575420297051,0.5410754776472828,segment_coverage,car_supported,primary
transit:T1-1@1#813:16:17,transit,S_0020362,gtfs_shape_geometry_primary,1.0,1.0,0.629011500095583,0.09175684127633588,both,car_supported,primary
transit:T1-1@1#813:16:17,transit,S_0020360,gtfs_shape_geometry_primary,0.5519423003303726,0.5519423003303726,0.44583475882099877,0.03121924796937492,segment_coverage,car_supported,primary
transit:5203-1@1#811:15:16,transit,S_0019546,gtfs_shape_geometry_primary,0.7248965420215268,0.7248965420215268,0.17688499517633974,25.32216983521137,segment_coverage,car_supported,primary
transit:5203-1@1#811:15:16,transit,S_0051538,gtfs_shape_geometry_primary,1.0,1.0,0.13283995475662927,44.26268224124868,segment_coverage,car_supported,primary
transit:5203-1@1#811:15:16,transit,S_0043936,gtfs_shape_geometry_primary,0.7418231841317392,0.7418231841317392,0.04693104523532884,10.218757719264246,segment_coverage,car_supported,primary
transit:5203-1@1#811:15:16,transit,S_0019539,gtfs_shape_geometry_primary,0.8666128326516688,0.8666128326516688,0.3370295922661977,25.701560223104053,segment_coverage,car_supported,primary
transit:5203-1@1#811:15:16,transit,S_0019541,gtfs_shape_geometry_primary,1.0,1.0,0.3476202177488471,4.169072262886758,segment_coverage,car_supported,primary
transit:3946-1@1#824:1:2,transit,S_0006081,gtfs_shape_geometry_primary,1.0,1.0,0.5716489883419098,1.335686581950398,both,car_supported,primary
transit:3946-1@1#824:1:2,transit,S_0037794,gtfs_shape_geometry_primary,1.0,1.0,0.6591632768028274,1.1432418156267232,both,car_supported,primary
transit:3973-1@1#736:72:73,transit,S_0017234,gtfs_shape_geometry_primary,1.0,1.0,0.5230674685429356,0.30269199715743866,both,car_supported,primary
transit:3973-1@1#736:72:73,transit,S_0011968,gtfs_shape_geometry_primary,1.0,1.0,0.3306769504248531,1.0199468180282878,segment_coverage,car_supported,primary
transit:3973-1@1#736:72:73,transit,S_0017949,gtfs_shape_geometry_primary,0.5427087196700006,0.5427087196700006,0.4658613370928115,0.19622993173796033,segment_coverage,car_supported,primary
transit:T12-2@1#722:94:95,transit,S_0049362,gtfs_shape_geometry_primary,0.9774446063939429,0.9774446063939429,0.16158626750150998,39.05768988038041,segment_coverage,car_supported,primary
transit:T12-2@1#722:94:95,transit,S_0054588,gtfs_shape_geometry_primary,0.6251772479969415,0.6251772479969415,0.38381359161127776,2.7614526686956964,segment_coverage,car_supported,primary
transit:762-1@1#730:56:57,transit,S_0044565,gtfs_shape_geometry_primary,0.5976481326191527,0.5976481326191527,0.12149931918325789,8.996622294296614,segment_coverage,car_supported,primary
transit:762-1@1#730:56:57,transit,S_0044560,gtfs_shape_geometry_primary,0.7098265806177988,0.7098265806177988,0.0972013580989013,12.692950438132101,segment_coverage,car_supported,primary
transit:762-1@1#730:56:57,transit,S_0044556,gtfs_shape_geometry_primary,0.79140241485422,0.79140241485422,0.11708260337497273,12.93570045104623,segment_coverage,car_supported,primary
transit:762-1@1#730:56:57,transit,S_0044557,gtfs_shape_geometry_primary,1.0,1.0,0.12409190935730516,11.895811048713284,segment_coverage,car_supported,primary
transit:762-1@1#730:56:57,transit,S_0019492,gtfs_shape_geometry_primary,1.0,1.0,0.0635542880492949,33.46575464540084,segment_coverage,car_supported,primary
transit:762-1@1#730:56:57,transit,S_0044599,gtfs_shape_geometry_primary,0.7574738984399646,0.7574738984399646,0.06056782879989388,31.283964337980052,segment_coverage,car_supported,primary
transit:B02-1@1#820:7:8,transit,S_0024840,gtfs_shape_geometry_primary,0.8601243069698798,0.8601243069698798,0.5850421732022429,0.15690659523839656,both,car_supported,primary
transit:B02-1@1#820:7:8,transit,S_0024839,gtfs_shape_geometry_primary,1.0,1.0,0.7502175748567025,1.7349399183138416,both,car_supported,primary
transit:T12A-1@1#753:51:52,transit,S_0033606,gtfs_shape_geometry_primary,0.6737722420104092,0.6737722420104092,0.42408814300492864,8.745256722567433,segment_coverage,car_supported,primary
transit:T12A-1@1#753:51:52,transit,S_0033607,gtfs_shape_geometry_primary,1.0,1.0,0.6549365907313306,5.283179056571356,both,car_supported,primary
transit:T6-1@1#753:35:36,transit,S_0006292,gtfs_shape_geometry_primary,0.7877333408244754,0.611392329032103,0.7877333408244754,4.11542907428904,both,car_supported,primary
transit:T6-1@1#753:35:36,transit,S_0022559,gtfs_shape_geometry_primary,0.55481773577615,0.4945068222390684,0.55481773577615,11.363594860985188,shape_coverage,car_supported,primary
transit:189-2@1#800:34:35,transit,S_0054004,gtfs_shape_geometry_primary,1.0,1.0,0.7157518541448535,0.2185117413518185,both,car_supported,primary
transit:T3-2@1#758:35:36,transit,S_0021734,gtfs_shape_geometry_primary,0.5157309048990442,0.5157309048990442,0.4957163112911138,0.9932107104679773,segment_coverage,car_supported,primary
transit:2672-1@1#732:77:78,transit,S_0013616,gtfs_shape_geometry_primary,1.0,1.0,0.20919825342482162,1.0457608775247706,segment_coverage,car_supported,primary
transit:2672-1@1#732:77:78,transit,S_0013620,gtfs_shape_geometry_primary,0.8548103211099659,0.8548103211099659,0.12373661573850463,15.641952576772951,segment_coverage,car_supported,primary
transit:2672-1@1#732:77:78,transit,S_0013617,gtfs_shape_geometry_primary,1.0,1.0,0.24993617431117976,3.807821276783727,segment_coverage,car_supported,primary
transit:3973-1@1#755:44:45,transit,S_0029292,gtfs_shape_geometry_primary,0.7363599960124956,0.7363599960124956,0.5539483861255801,0.8171561525716271,both,car_supported,primary
transit:3973-1@1#755:44:45,transit,S_0029290,gtfs_shape_geometry_primary,0.7232685973579372,0.7232685973579372,0.5593889787272902,0.5823835254797558,both,car_supported,primary
transit:3973-1@1#755:44:45,transit,S_0029291,gtfs_shape_geometry_primary,0.590782318190996,0.2885530413746587,0.590782318190996,6.081753840289622,shape_coverage,car_supported,primary
transit:3973-1@1#755:44:45,transit,S_0029293,gtfs_shape_geometry_primary,0.6105385902339457,0.25732527076601946,0.6105385902339457,6.793032779140773,shape_coverage,car_supported,primary
transit:731-2@1#814:7:8,transit,S_0056416,gtfs_shape_geometry_primary,1.0,1.0,0.1275559075923785,0.6502609945036113,segment_coverage,car_supported,primary
transit:731-2@1#814:7:8,transit,S_0056411,gtfs_shape_geometry_primary,1.0,1.0,0.37971775288439336,0.3294772271151629,segment_coverage,car_supported,primary
transit:731-2@1#814:7:8,transit,S_0056413,gtfs_shape_geometry_primary,1.0,1.0,0.4010987306735343,1.9760426057762004,segment_coverage,car_supported,primary
transit:T1-1@1#813:17:18,transit,S_0029019,gtfs_shape_geometry_primary,0.7311089225950923,0.7311089225950923,0.2687683440116029,0.3429153965533658,segment_coverage,car_supported,primary
transit:T1-1@1#813:17:18,transit,S_0020233,gtfs_shape_geometry_primary,1.0,1.0,0.7329781870575093,0.5095030872569737,both,car_supported,primary
transit:T1-1@1#813:17:18,transit,S_0020234,gtfs_shape_geometry_primary,0.7905774209027687,0.7905774209027687,0.4475542446788423,0.5410754774188291,segment_coverage,car_supported,primary
transit:211-1@1#720:82:83,transit,S_0031135,gtfs_shape_geometry_primary,1.0,0.5028539597083197,1.0,24.16956684252837,both,car_supported,primary
transit:211-1@1#720:82:83,transit,S_0042477,gtfs_shape_geometry_primary,1.0,0.37272223339283056,1.0,29.72292532372542,shape_coverage,car_supported,primary
transit:211-1@1#720:82:83,transit,S_0042478,gtfs_shape_geometry_primary,1.0,0.39767133956674583,1.0,25.845776758815745,shape_coverage,car_supported,primary
transit:3973-1@1#736:73:74,transit,S_0017949,gtfs_shape_geometry_primary,0.6436244466763648,0.6436244466763648,0.49440821134246077,0.19622993142199618,segment_coverage,car_supported,primary
transit:3973-1@1#736:73:74,transit,S_0017951,gtfs_shape_geometry_primary,1.0,1.0,0.40659673138139923,0.3993396699563334,segment_coverage,car_supported,primary
transit:3973-1@1#736:73:74,transit,S_0017233,gtfs_shape_geometry_primary,1.0,1.0,0.29363213232158225,0.40250242829681326,segment_coverage,car_supported,primary
transit:3973-1@1#736:73:74,transit,S_0017231,gtfs_shape_geometry_primary,0.5183129233312744,0.5183129233312744,0.23457852062854706,0.3415915135457368,segment_coverage,car_supported,primary
transit:T5-1@1#822:4:5,transit,S_0000746,gtfs_shape_geometry_primary,1.0,1.0,0.05394791987067502,41.35470905672281,segment_coverage,car_supported,primary
transit:3946-1@1#824:2:3,transit,S_0005969,gtfs_shape_geometry_primary,1.0,1.0,0.8811763051224194,0.9557252662638973,both,car_supported,primary
transit:272-1@1#730:62:63,transit,S_0059626,gtfs_shape_geometry_primary,0.516304005247517,0.516304005247517,0.1354319651745987,32.417919984463744,segment_coverage,car_supported,primary
transit:T3-2@1#747:50:51,transit,S_0022066,gtfs_shape_geometry_primary,0.9642585510407636,0.9642585510407636,0.4719791928234728,2.0354945271887317,segment_coverage,car_supported,primary
transit:T3-2@1#747:50:51,transit,S_0022069,gtfs_shape_geometry_primary,0.7724052335540472,0.7724052335540472,0.42934320627239714,5.896753527650944,segment_coverage,car_supported,primary
transit:5203-1@1#811:16:17,transit,S_0043915,gtfs_shape_geometry_primary,0.952333904075624,0.952333904075624,0.2116037291862251,24.94406764792251,segment_coverage,car_supported,primary
transit:5203-1@1#811:16:17,transit,S_0043913,gtfs_shape_geometry_primary,0.6997592910825833,0.6997592910825833,0.1660351844768196,17.761212453937624,segment_coverage,car_supported,primary
transit:5203-1@1#811:16:17,transit,S_0048836,gtfs_shape_geometry_primary,1.0,1.0,0.21179269997026584,21.41537763755511,segment_coverage,car_supported,primary
transit:T12A-1@1#753:52:53,transit,S_0033604,gtfs_shape_geometry_primary,0.7947138340581288,0.7947138340581288,0.2579135259133476,41.69471406858713,segment_coverage,car_supported,primary
transit:T12A-1@1#753:52:53,transit,S_0033606,gtfs_shape_geometry_primary,0.520937076194156,0.520937076194156,0.35790401095321833,11.48213732134488,segment_coverage,car_supported,primary
transit:B02-1@1#820:8:9,transit,S_0024842,gtfs_shape_geometry_primary,1.0,1.0,0.3965932390461846,0.2741448068023544,segment_coverage,car_supported,primary
transit:B02-1@1#820:8:9,transit,S_0054416,gtfs_shape_geometry_primary,1.0,1.0,0.5778752795384546,0.07813080937810923,both,car_supported,primary
transit:B02-1@1#820:8:9,transit,S_0054417,gtfs_shape_geometry_primary,1.0,1.0,0.5626450232838281,0.054711836996503393,both,car_supported,primary
transit:2672-1@1#732:78:79,transit,S_0013627,gtfs_shape_geometry_primary,1.0,1.0,0.5041383244549731,3.695097449493943,both,car_supported,primary
transit:2672-1@1#732:78:79,transit,S_0013625,gtfs_shape_geometry_primary,1.0,1.0,0.41185427262024044,0.557110157285706,segment_coverage,car_supported,primary
transit:2672-1@1#732:78:79,transit,S_0013620,gtfs_shape_geometry_primary,0.717943401795328,0.717943401795328,0.18883723267851416,10.293877956315072,segment_coverage,car_supported,primary
transit:3973-1@1#755:45:46,transit,S_0029291,gtfs_shape_geometry_primary,0.8496945104536272,0.7899982047729371,0.8496945104536272,5.030648285308061,both,car_supported,primary
transit:3973-1@1#755:45:46,transit,S_0029293,gtfs_shape_geometry_primary,0.6871073699235839,0.5624074545629694,0.6871073699235839,1.9714860590399041,both,car_supported,primary
transit:3973-1@1#755:45:46,transit,S_0051269,gtfs_shape_geometry_primary,1.0,1.0,0.1929850578125678,0.3485419647486765,segment_coverage,car_supported,primary
transit:3973-1@1#755:45:46,transit,S_0043394,gtfs_shape_geometry_primary,0.9411734627724337,0.9411734627724337,0.11499398603842799,23.28402026990409,segment_coverage,car_supported,primary
transit:6372-1@1#750:47:48,transit,S_0020394,gtfs_shape_geometry_primary,0.7806664077296014,0.7806664077296014,0.13011435765357102,14.834866632041013,segment_coverage,car_supported,primary
transit:6372-1@1#750:47:48,transit,S_0020391,gtfs_shape_geometry_primary,0.5192826661438877,0.5192826661438877,0.23979777623289647,1.7347997030936426,segment_coverage,car_supported,primary
transit:T4-2@1#729:59:60,transit,S_0020266,gtfs_shape_geometry_primary,1.0,1.0,0.21854718116534536,8.055478715444181,segment_coverage,car_supported,primary
transit:T4-2@1#729:59:60,transit,S_0020269,gtfs_shape_geometry_primary,1.0,1.0,0.2977503661659548,5.744286820623628,segment_coverage,car_supported,primary
transit:T4-2@1#729:59:60,transit,S_0020270,gtfs_shape_geometry_primary,1.0,1.0,0.2796967233382159,12.005553625709751,segment_coverage,car_supported,primary
transit:T4-2@1#729:59:60,transit,S_0020296,gtfs_shape_geometry_primary,1.0,1.0,0.055600267590117866,10.842757865018228,segment_coverage,car_supported,primary
transit:T4-2@1#729:59:60,transit,S_0020293,gtfs_shape_geometry_primary,1.0,1.0,0.14751721410292218,0.5878174775631777,segment_coverage,car_supported,primary
transit:T4-2@1#729:59:60,transit,S_0020289,gtfs_shape_geometry_primary,1.0,1.0,0.11811820271556178,0.9526585276053368,segment_coverage,car_supported,primary
transit:T4-2@1#729:59:60,transit,S_0020288,gtfs_shape_geometry_primary,1.0,1.0,0.17254217114586412,3.9940850912131225,segment_coverage,car_supported,primary
transit:T4-2@1#729:59:60,transit,S_0020487,gtfs_shape_geometry_primary,0.541550768020394,0.541550768020394,0.2172672307237696,2.1284069781716113,segment_coverage,car_supported,primary
transit:762-1@1#730:57:58,transit,S_0059546,gtfs_shape_geometry_primary,1.0,1.0,0.15019885408474756,4.732933382541901,segment_coverage,car_supported,primary
transit:762-1@1#730:57:58,transit,S_0019477,gtfs_shape_geometry_primary,0.6664391092297653,0.6664391092297653,0.13578376892406882,6.609060196165302,segment_coverage,car_supported,primary
transit:T6-1@1#753:36:37,transit,S_0036067,gtfs_shape_geometry_primary,0.6877154496312954,0.6877154496312954,0.1625693367713748,3.931621417691076,segment_coverage,car_supported,primary
transit:T6-1@1#753:36:37,transit,S_0036066,gtfs_shape_geometry_primary,1.0,1.0,0.35669991919440025,0.5336666274241963,segment_coverage,car_supported,primary
transit:3946-2@1#820:9:10,transit,S_0011996,gtfs_shape_geometry_primary,0.5639712658013579,0.5639712658013579,0.16325095809309828,0.8244713731648687,segment_coverage,car_supported,primary
transit:3946-2@1#820:9:10,transit,S_0042477,gtfs_shape_geometry_primary,0.8239525951814323,0.8239525951814323,0.32760279316521457,6.971754582569048,segment_coverage,car_supported,primary
transit:3946-2@1#820:9:10,transit,S_0042478,gtfs_shape_geometry_primary,0.7369348143476528,0.7369348143476528,0.26374523544622613,2.768864666361708,segment_coverage,car_supported,primary
transit:T1-1@1#813:18:19,transit,S_0019232,gtfs_shape_geometry_primary,1.0,1.0,0.10790276686678536,22.36429604871951,segment_coverage,car_supported,primary
transit:T1-1@1#813:18:19,transit,S_0056745,gtfs_shape_geometry_primary,1.0,1.0,0.13601916327534475,44.356278136890765,segment_coverage,car_supported,primary
transit:T1-1@1#813:18:19,transit,S_0056743,gtfs_shape_geometry_primary,1.0,1.0,0.2782031667303504,7.118656360118621,segment_coverage,car_supported,primary
transit:T1-1@1#813:18:19,transit,S_0059104,gtfs_shape_geometry_primary,1.0,1.0,0.19437373966006122,33.22901823317362,segment_coverage,car_supported,primary
transit:T1-1@1#813:18:19,transit,S_0000994,gtfs_shape_geometry_primary,1.0,1.0,0.18691572811536955,4.794064284936397,segment_coverage,car_supported,primary
transit:T1-1@1#813:18:19,transit,S_0000992,gtfs_shape_geometry_primary,1.0,1.0,0.31870008093596763,0.07239022699931752,segment_coverage,car_supported,primary
transit:T1-1@1#813:18:19,transit,S_0000993,gtfs_shape_geometry_primary,1.0,1.0,0.1394360075139485,0.004817621318366605,segment_coverage,car_supported,primary
transit:T1-1@1#813:18:19,transit,S_0055747,gtfs_shape_geometry_primary,1.0,1.0,0.16516058899167874,0.09975136178162813,segment_coverage,car_supported,primary
transit:T1-1@1#813:18:19,transit,S_0055748,gtfs_shape_geometry_primary,1.0,1.0,0.14567135390073965,0.05834032080346674,segment_coverage,car_supported,primary
transit:T1-1@1#813:18:19,transit,S_0049244,gtfs_shape_geometry_primary,1.0,1.0,0.21922557829811298,0.036557482506466954,segment_coverage,car_supported,primary
transit:T1-1@1#813:18:19,transit,S_0020238,gtfs_shape_geometry_primary,1.0,1.0,0.15968119916549942,0.10036637610515697,segment_coverage,car_supported,primary
transit:T1-1@1#813:18:19,transit,S_0020236,gtfs_shape_geometry_primary,1.0,1.0,0.1648712726869258,0.17784133989333384,segment_coverage,car_supported,primary
transit:T1-1@1#813:18:19,transit,S_0029019,gtfs_shape_geometry_primary,0.8850487867908841,0.8850487867908841,0.14510807207867393,0.3978691649207491,segment_coverage,car_supported,primary
transit:211-1@1#720:83:84,transit,S_0042477,gtfs_shape_geometry_primary,0.5811317002223727,0.5811317002223727,0.16064688212012246,28.833944654112145,segment_coverage,car_supported,primary
transit:3973-1@1#736:74:75,transit,S_0017231,gtfs_shape_geometry_primary,0.7975568385417825,0.7975568385417825,0.3254014406316763,0.07199972765465645,segment_coverage,car_supported,primary
transit:3973-1@1#736:74:75,transit,S_0011965,gtfs_shape_geometry_primary,1.0,1.0,0.3673796718880281,1.1372587732714834,segment_coverage,car_supported,primary
transit:3973-1@1#736:74:75,transit,S_0001138,gtfs_shape_geometry_primary,1.0,1.0,0.2288088641884753,1.5728843847566054,segment_coverage,car_supported,primary
transit:3973-1@1#736:74:75,transit,S_0021497,gtfs_shape_geometry_primary,1.0,1.0,0.30752992408895896,0.9418793677375135,segment_coverage,car_supported,primary
transit:3973-1@1#736:74:75,transit,S_0021498,gtfs_shape_geometry_primary,1.0,1.0,0.2551405493453223,0.2761945716233072,segment_coverage,car_supported,primary
transit:T6-1@1#745:45:46,transit,S_0020839,gtfs_shape_geometry_primary,0.9022641545843013,0.9022641545843013,0.16434459566181325,13.639319673248593,segment_coverage,car_supported,primary
transit:3946-1@1#824:3:4,transit,S_0005967,gtfs_shape_geometry_primary,0.8760804162463456,0.8760804162463456,0.8587101528572065,2.250218860773046,both,car_supported,primary
transit:B02-1@1#820:9:10,transit,S_0054420,gtfs_shape_geometry_primary,0.6382300109713523,0.6382300109713523,0.17626098487745162,44.592224064163105,segment_coverage,car_supported,primary
transit:B02-1@1#820:9:10,transit,S_0054418,gtfs_shape_geometry_primary,1.0,1.0,0.7320885724230565,0.6803168903707615,both,car_supported,primary
transit:B02-1@1#820:9:10,transit,S_0054419,gtfs_shape_geometry_primary,1.0,1.0,0.2563805209195138,1.860558258245149,segment_coverage,car_supported,primary
transit:B02-1@1#820:9:10,transit,S_0054422,gtfs_shape_geometry_primary,1.0,1.0,0.3221110468435206,0.4224647186943855,segment_coverage,car_supported,primary
transit:268-1@1#730:81:82,transit,S_0001694,gtfs_shape_geometry_primary,0.8060130438073898,0.8060130438073898,0.4812652949309396,18.3761532950748,segment_coverage,car_supported,primary
transit:268-1@1#730:81:82,transit,S_0001693,gtfs_shape_geometry_primary,0.5723179893647435,0.5723179893647435,0.38393717299604146,17.07300416213114,segment_coverage,car_supported,primary
transit:268-1@1#730:81:82,transit,S_0034694,gtfs_shape_geometry_primary,1.0,1.0,0.2873040249954884,13.738177611131306,segment_coverage,car_supported,primary
transit:268-1@1#730:81:82,transit,S_0034695,gtfs_shape_geometry_primary,1.0,1.0,0.15914600981550947,40.99850474140311,segment_coverage,car_supported,primary
transit:268-1@1#730:81:82,transit,S_0034696,gtfs_shape_geometry_primary,1.0,1.0,0.17582736512223882,1.324146674285501,segment_coverage,car_supported,primary
transit:268-1@1#730:81:82,transit,S_0001696,gtfs_shape_geometry_primary,1.0,1.0,0.17877774261308135,13.165570329765444,segment_coverage,car_supported,primary
transit:268-1@1#730:81:82,transit,S_0034704,gtfs_shape_geometry_primary,1.0,1.0,0.1654005404303292,8.054311911500434,segment_coverage,car_supported,primary
transit:268-1@1#730:81:82,transit,S_0001666,gtfs_shape_geometry_primary,1.0,1.0,0.2416143639260037,1.3621367839258198,segment_coverage,car_supported,primary
transit:268-1@1#730:81:82,transit,S_0001667,gtfs_shape_geometry_primary,1.0,1.0,0.20261652318627096,14.783356273604781,segment_coverage,car_supported,primary
transit:268-1@1#730:81:82,transit,S_0051800,gtfs_shape_geometry_primary,1.0,1.0,0.19621075832224813,0.6748653090532031,segment_coverage,car_supported,primary
transit:268-1@1#730:81:82,transit,S_0034703,gtfs_shape_geometry_primary,1.0,1.0,0.13835588237507634,29.536442142184598,segment_coverage,car_supported,primary
transit:268-1@1#730:81:82,transit,S_0034706,gtfs_shape_geometry_primary,1.0,1.0,0.17574078442282823,1.001651117885558,segment_coverage,car_supported,primary
transit:268-1@1#730:81:82,transit,S_0001665,gtfs_shape_geometry_primary,0.5308943050027413,0.5308943050027413,0.3475953724393574,2.4936581998495626,segment_coverage,car_supported,primary
transit:268-1@1#730:81:82,transit,S_0000044,gtfs_shape_geometry_primary,0.5145666545055483,0.5145666545055483,0.341495424807584,2.976002891376794,segment_coverage,car_supported,primary
transit:3973-1@1#755:46:47,transit,S_0043394,gtfs_shape_geometry_primary,0.7663768403410925,0.7663768403410925,0.06109152708076829,32.18675677007803,segment_coverage,car_supported,primary
transit:T3-2@1#758:37:38,transit,S_0028247,gtfs_shape_geometry_primary,0.6534451939908956,0.6534451939908956,0.35726414720200983,27.279292707256182,segment_coverage,car_supported,primary
transit:3946-2@1#820:10:11,transit,S_0011996,gtfs_shape_geometry_primary,1.0,0.603575686719599,1.0,0.8244713728656166,both,car_supported,primary
transit:3946-2@1#820:10:11,transit,S_0031137,gtfs_shape_geometry_primary,1.0,0.3994847937807389,1.0,0.523858457461003,shape_coverage,car_supported,primary
transit:T1-1@1#813:19:20,transit,S_0057533,gtfs_shape_geometry_primary,1.0,1.0,0.15205270351860808,5.11706521176815,segment_coverage,car_supported,primary
transit:T1-1@1#813:19:20,transit,S_0059103,gtfs_shape_geometry_primary,0.8324691931344712,0.8324691931344712,0.10523870451947301,26.265941205145438,segment_coverage,car_supported,primary
transit:T1-1@1#813:19:20,transit,S_0059102,gtfs_shape_geometry_primary,1.0,1.0,0.21920858066706256,6.0206456048983625,segment_coverage,car_supported,primary
transit:T1-1@1#813:19:20,transit,S_0013249,gtfs_shape_geometry_primary,1.0,1.0,0.06749091803457433,0.9899103950838111,segment_coverage,car_supported,primary
transit:T1-1@1#813:19:20,transit,S_0013163,gtfs_shape_geometry_primary,1.0,1.0,0.06663355328463166,0.2966340655736417,segment_coverage,car_supported,primary
transit:T1-1@1#813:19:20,transit,S_0013164,gtfs_shape_geometry_primary,1.0,1.0,0.09321563515098015,0.21090583864430812,segment_coverage,car_supported,primary
transit:T1-1@1#813:19:20,transit,S_0030953,gtfs_shape_geometry_primary,0.8976329993093726,0.8976329993093726,0.2720352677405497,7.771125651250543,segment_coverage,car_supported,primary
transit:T1-1@1#813:19:20,transit,S_0057843,gtfs_shape_geometry_primary,1.0,1.0,0.1567795389397,4.436812275783382,segment_coverage,car_supported,primary
transit:T1-1@1#813:19:20,transit,S_0057844,gtfs_shape_geometry_primary,0.5125430004106025,0.5125430004106025,0.08331843512727144,16.64726507200838,segment_coverage,car_supported,primary
transit:T1-1@1#813:19:20,transit,S_0006719,gtfs_shape_geometry_primary,1.0,1.0,0.244245704683049,5.418455826837672,segment_coverage,car_supported,primary
transit:T1-1@1#813:19:20,transit,S_0059101,gtfs_shape_geometry_primary,0.9220258242824058,0.9220258242824058,0.280009430535106,11.824660641408855,segment_coverage,car_supported,primary
transit:T1-1@1#813:19:20,transit,S_0019233,gtfs_shape_geometry_primary,1.0,1.0,0.19717310221275766,1.833058976648715,segment_coverage,car_supported,primary
transit:T1-1@1#813:19:20,transit,S_0019232,gtfs_shape_geometry_primary,1.0,1.0,0.04596740413044714,22.311082453271737,segment_coverage,car_supported,primary
transit:3973-1@1#736:75:76,transit,S_0006702,gtfs_shape_geometry_primary,0.6773740804609106,0.6773740804609106,0.6573403114282692,7.66021641977008,both,car_supported,primary
transit:T6-1@1#753:37:38,transit,S_0036064,gtfs_shape_geometry_primary,0.7340226238348305,0.7340226238348305,0.2696582902764878,6.939175895103375,segment_coverage,car_supported,primary
transit:T6-1@1#753:37:38,transit,S_0022602,gtfs_shape_geometry_primary,0.9011413769638066,0.9011413769638066,0.263721494105807,11.010901013446698,segment_coverage,car_supported,primary
transit:T6-1@1#753:37:38,transit,S_0022603,gtfs_shape_geometry_primary,0.5126447744142444,0.5126447744142444,0.157066253504882,10.887866062699231,segment_coverage,car_supported,primary
transit:B55-1@1#745:57:58,transit,S_0002372,gtfs_shape_geometry_primary,0.6261200746321948,0.6261200746321948,0.2397143914642576,0.38453992312655316,segment_coverage,car_supported,primary
transit:B55-1@1#745:57:58,transit,S_0045067,gtfs_shape_geometry_primary,1.0,1.0,0.28377421501311273,0.010078360178610524,segment_coverage,car_supported,primary
transit:398-1@1#741:62:63,transit,S_0031135,gtfs_shape_geometry_primary,0.6424950842989903,0.6424950842989903,0.1254059234233425,24.169566842232243,segment_coverage,car_supported,primary
transit:398-1@1#741:62:63,transit,S_0014414,gtfs_shape_geometry_primary,0.5660279592317506,0.5660279592317506,0.08838716807974421,23.441247674560188,segment_coverage,car_supported,primary
transit:3946-1@1#824:4:5,transit,S_0032208,gtfs_shape_geometry_primary,1.0,0.32952747698037865,1.0,1.9702106965095965,shape_coverage,car_supported,primary
transit:B02-1@1#820:10:11,transit,S_0054422,gtfs_shape_geometry_primary,1.0,0.6303289551679903,1.0,0.28978814813686427,both,car_supported,primary
transit:B02-1@1#820:10:11,transit,S_0054423,gtfs_shape_geometry_primary,1.0,0.3666488562041799,1.0,3.037809471304911,shape_coverage,car_supported,primary
transit:T6-1@1#745:46:47,transit,S_0020841,gtfs_shape_geometry_primary,0.5835731232300618,0.5835731232300618,0.1045507200352703,26.183397717378682,segment_coverage,car_supported,primary
transit:T3-2@1#747:52:53,transit,S_0042810,gtfs_shape_geometry_primary,0.6633385717664066,0.6633385717664066,0.2583003610435287,26.14653504477961,segment_coverage,car_supported,primary
transit:T4-2@1#729:60:61,transit,S_0004325,gtfs_shape_geometry_primary,0.9514448556522415,0.9514448556522415,0.26771933523341607,3.834416363799278,segment_coverage,car_supported,primary
transit:T4-2@1#729:60:61,transit,S_0020487,gtfs_shape_geometry_primary,0.6980302806269271,0.6980302806269271,0.6842840109882339,1.748667830298757,both,car_supported,primary
transit:T4-2@1#729:60:61,transit,S_0020491,gtfs_shape_geometry_primary,1.0,1.0,0.546585213882594,3.9126408471189507,both,car_supported,primary
transit:T4-2@1#729:60:61,transit,S_0020490,gtfs_shape_geometry_primary,1.0,1.0,0.5539035434830456,0.17076841040494628,both,car_supported,primary
transit:T4-2@1#729:60:61,transit,S_0020493,gtfs_shape_geometry_primary,1.0,1.0,0.5304649958427471,0.6579257167928034,both,car_supported,primary
transit:268-1@1#730:82:83,transit,S_0051080,gtfs_shape_geometry_primary,0.6580768290250697,0.6580768290250697,0.1568745675159049,29.112343350539945,segment_coverage,car_supported,primary
transit:268-1@1#730:82:83,transit,S_0034713,gtfs_shape_geometry_primary,0.5116267891823953,0.5116267891823953,0.061125958442938215,38.465094659918066,segment_coverage,car_supported,primary
transit:268-1@1#730:82:83,transit,S_0034672,gtfs_shape_geometry_primary,1.0,1.0,0.05434784070036205,32.022022087135824,segment_coverage,car_supported,primary
transit:268-1@1#730:82:83,transit,S_0001877,gtfs_shape_geometry_primary,0.7772316338274268,0.7772316338274268,0.05592371184944656,43.07993213676295,segment_coverage,car_supported,primary
transit:268-1@1#730:82:83,transit,S_0058281,gtfs_shape_geometry_primary,0.5044696962764147,0.5044696962764147,0.0617586301892692,13.040781858017795,segment_coverage,car_supported,primary
transit:268-1@1#730:82:83,transit,S_0036326,gtfs_shape_geometry_primary,0.9534526685005781,0.9534526685005781,0.08567795975443024,20.581692885555327,segment_coverage,car_supported,primary
transit:268-1@1#730:82:83,transit,S_0034708,gtfs_shape_geometry_primary,0.8366802296120056,0.8366802296120056,0.09471633847136823,27.356048032482178,segment_coverage,car_supported,primary
transit:268-1@1#730:82:83,transit,S_0034707,gtfs_shape_geometry_primary,1.0,1.0,0.04675385076107744,0.4115560804767142,segment_coverage,car_supported,primary
transit:268-1@1#730:82:83,transit,S_0001803,gtfs_shape_geometry_primary,1.0,1.0,0.04663077075884298,0.41153949604198203,segment_coverage,car_supported,primary
transit:268-1@1#730:82:83,transit,S_0036309,gtfs_shape_geometry_primary,1.0,1.0,0.08526150632835154,2.4777868994040233,segment_coverage,car_supported,primary
transit:268-1@1#730:82:83,transit,S_0036311,gtfs_shape_geometry_primary,0.7001987061827493,0.7001987061827493,0.09619386614865681,0.3467245508407615,segment_coverage,car_supported,primary
transit:189-2@1#800:37:38,transit,S_0054053,gtfs_shape_geometry_primary,1.0,1.0,0.24428809531954876,5.777692360817085,segment_coverage,car_supported,primary
transit:3946-2@1#820:11:12,transit,S_0022124,gtfs_shape_geometry_primary,1.0,1.0,0.1704609201445596,0.5017282021161122,segment_coverage,car_supported,primary
transit:3946-2@1#820:11:12,transit,S_0031154,gtfs_shape_geometry_primary,0.7887921570809389,0.7887921570809389,0.3482320488573786,1.36871637704634,segment_coverage,car_supported,primary
transit:3946-2@1#820:11:12,transit,S_0022123,gtfs_shape_geometry_primary,1.0,1.0,0.3722244432550587,1.1657263415951746,segment_coverage,car_supported,primary
transit:3946-2@1#820:11:12,transit,S_0021417,gtfs_shape_geometry_primary,1.0,1.0,0.114335844784165,0.5710663251128949,segment_coverage,car_supported,primary
transit:3946-2@1#820:11:12,transit,S_0058178,gtfs_shape_geometry_primary,1.0,1.0,0.07998691497784662,2.4852949903003037,segment_coverage,car_supported,primary
transit:3946-2@1#820:11:12,transit,S_0040839,gtfs_shape_geometry_primary,1.0,1.0,0.21772268951950446,0.31018603159594704,segment_coverage,car_supported,primary
transit:3946-2@1#820:11:12,transit,S_0021419,gtfs_shape_geometry_primary,1.0,1.0,0.23047008381019862,0.023894756366061642,segment_coverage,car_supported,primary
transit:3946-2@1#820:11:12,transit,S_0058416,gtfs_shape_geometry_primary,1.0,1.0,0.16955186290055582,0.9748536416060034,segment_coverage,car_supported,primary
transit:3946-2@1#820:11:12,transit,S_0021420,gtfs_shape_geometry_primary,1.0,1.0,0.11129034238043117,1.1167781856858312,segment_coverage,car_supported,primary
transit:3946-2@1#820:11:12,transit,S_0031144,gtfs_shape_geometry_primary,1.0,1.0,0.07057215217369651,1.4103304379908508,segment_coverage,car_supported,primary
transit:3946-2@1#820:11:12,transit,S_0051105,gtfs_shape_geometry_primary,1.0,1.0,0.3977185457836894,0.7913197609390323,segment_coverage,car_supported,primary
transit:3946-2@1#820:11:12,transit,S_0031145,gtfs_shape_geometry_primary,1.0,1.0,0.3462813297933557,1.0002152675522638,segment_coverage,car_supported,primary
transit:6372-1@1#750:49:50,transit,S_0041120,gtfs_shape_geometry_primary,1.0,1.0,1.0,0.15577962293038133,both,car_supported,primary
transit:T5-1@1#822:6:7,transit,S_0029166,gtfs_shape_geometry_primary,0.5017973825906704,0.5017973825906704,0.12826633665884618,39.213013374600195,segment_coverage,car_supported,primary
transit:T5-1@1#822:6:7,transit,S_0059176,gtfs_shape_geometry_primary,1.0,1.0,0.13112576051591698,31.42904213591305,segment_coverage,car_supported,primary
transit:T5-1@1#822:6:7,transit,S_0059170,gtfs_shape_geometry_primary,0.7045916339318217,0.7045916339318217,0.1757252205622319,40.71456963230084,segment_coverage,car_supported,primary
transit:T5-1@1#822:6:7,transit,S_0059312,gtfs_shape_geometry_primary,0.5232563970512506,0.5232563970512506,0.16543431876673406,16.08223555344515,segment_coverage,car_supported,primary
transit:5203-1@1#811:18:19,transit,S_0020382,gtfs_shape_geometry_primary,1.0,1.0,0.2663857028590441,19.939795838839053,segment_coverage,car_supported,primary
transit:T1-1@1#813:20:21,transit,S_0019314,gtfs_shape_geometry_primary,0.5238280488948951,0.5238280488948951,0.21016379937329355,31.374820023386448,segment_coverage,car_supported,primary
transit:T1-1@1#813:20:21,transit,S_0020229,gtfs_shape_geometry_primary,0.9036924956862906,0.9036924956862906,0.08585316000745077,42.397750315868066,segment_coverage,car_supported,primary
transit:T1-1@1#813:20:21,transit,S_0057880,gtfs_shape_geometry_primary,1.0,1.0,0.08363446539179104,27.313060500531876,segment_coverage,car_supported,primary
transit:T1-1@1#813:20:21,transit,S_0057643,gtfs_shape_geometry_primary,1.0,1.0,0.09544954673387761,0.551167611865182,segment_coverage,car_supported,primary
transit:T1-1@1#813:20:21,transit,S_0058738,gtfs_shape_geometry_primary,1.0,1.0,0.08459393809940385,30.174051688677764,segment_coverage,car_supported,primary
transit:T1-1@1#813:20:21,transit,S_0056813,gtfs_shape_geometry_primary,1.0,1.0,0.08472394755892146,43.67935968872314,segment_coverage,car_supported,primary
transit:T1-1@1#813:20:21,transit,S_0057537,gtfs_shape_geometry_primary,1.0,1.0,0.06433123721073797,0.43360262017480977,segment_coverage,car_supported,primary
transit:T1-1@1#813:20:21,transit,S_0056817,gtfs_shape_geometry_primary,1.0,1.0,0.07257116877723142,35.57383213574683,segment_coverage,car_supported,primary
transit:T1-1@1#813:20:21,transit,S_0056815,gtfs_shape_geometry_primary,0.6245513307753602,0.6245513307753602,0.046036644106083935,38.9111920479087,segment_coverage,car_supported,primary
transit:T1-1@1#813:20:21,transit,S_0056816,gtfs_shape_geometry_primary,1.0,1.0,0.0628015923864212,0.46721796063299337,segment_coverage,car_supported,primary
transit:T1-1@1#813:20:21,transit,S_0056818,gtfs_shape_geometry_primary,1.0,1.0,0.18384371464981655,0.03724185385965484,segment_coverage,car_supported,primary
transit:T1-1@1#813:20:21,transit,S_0001324,gtfs_shape_geometry_primary,1.0,1.0,0.12464926719908759,0.034254144925853325,segment_coverage,car_supported,primary
transit:T1-1@1#813:20:21,transit,S_0001322,gtfs_shape_geometry_primary,1.0,1.0,0.06574091212036101,0.4568048928453976,segment_coverage,car_supported,primary
transit:T1-1@1#813:20:21,transit,S_0058737,gtfs_shape_geometry_primary,1.0,1.0,0.06653027054813435,0.36540332797098074,segment_coverage,car_supported,primary
transit:T1-1@1#813:20:21,transit,S_0031483,gtfs_shape_geometry_primary,1.0,1.0,0.11775451892474878,0.46054906130888185,segment_coverage,car_supported,primary
transit:T1-1@1#813:20:21,transit,S_0013250,gtfs_shape_geometry_primary,0.8220471336176864,0.8220471336176864,0.2624138242879817,0.34691120737826964,segment_coverage,car_supported,primary
transit:T12-2@1#722:98:99,transit,S_0046616,gtfs_shape_geometry_primary,1.0,1.0,0.09902162077919772,27.346638333424394,segment_coverage,car_supported,primary
transit:T12-2@1#722:98:99,transit,S_0019598,gtfs_shape_geometry_primary,1.0,1.0,0.23361280805424164,4.258384544873323,segment_coverage,car_supported,primary
transit:T12-2@1#722:98:99,transit,S_0019599,gtfs_shape_geometry_primary,1.0,1.0,0.2880911466532146,4.998903173846173,segment_coverage,car_supported,primary
transit:T12-2@1#722:98:99,transit,S_0048591,gtfs_shape_geometry_primary,0.6912683829162516,0.6912683829162516,0.16640679048164042,0.1628168767261684,segment_coverage,car_supported,primary
transit:T12A-1@1#819:13:14,transit,S_0001255,gtfs_shape_geometry_primary,0.7779075133703973,0.7779075133703973,0.6148743597506617,1.2894101181418733,both,car_supported,primary
transit:T12A-1@1#819:13:14,transit,S_0005796,gtfs_shape_geometry_primary,1.0,1.0,0.6150335173027492,24.872057113113,both,car_supported,primary
transit:T12A-1@1#819:13:14,transit,S_0022789,gtfs_shape_geometry_primary,0.7625115086801115,0.4514945780807975,0.7625115086801115,17.027252950805305,shape_coverage,car_supported,primary
transit:T12A-1@1#819:13:14,transit,S_0019595,gtfs_shape_geometry_primary,0.8835112222648502,0.6737283654809391,0.8835112222648502,16.230062969145393,both,car_supported,primary
transit:B55-1@1#745:58:59,transit,S_0017663,gtfs_shape_geometry_primary,1.0,1.0,0.19060911791215213,11.287412552499205,segment_coverage,car_supported,primary
transit:B55-1@1#745:58:59,transit,S_0017664,gtfs_shape_geometry_primary,1.0,1.0,0.2306018664012521,11.296555254645412,segment_coverage,car_supported,primary
transit:B55-1@1#745:58:59,transit,S_0048448,gtfs_shape_geometry_primary,1.0,1.0,0.1772763048075068,12.265549333803989,segment_coverage,car_supported,primary
transit:B55-1@1#745:58:59,transit,S_0030630,gtfs_shape_geometry_primary,1.0,1.0,0.16715333299771828,11.44267453631143,segment_coverage,car_supported,primary
transit:B55-1@1#745:58:59,transit,S_0044635,gtfs_shape_geometry_primary,1.0,1.0,0.1493653487654647,9.288440780704363,segment_coverage,car_supported,primary
transit:B55-1@1#745:58:59,transit,S_0044634,gtfs_shape_geometry_primary,1.0,1.0,0.20207328984526993,1.0653161336134502,segment_coverage,car_supported,primary
transit:B55-1@1#745:58:59,transit,S_0005595,gtfs_shape_geometry_primary,0.9710772285039775,0.9710772285039775,0.21608084566819477,0.9698355424301042,segment_coverage,car_supported,primary
transit:T4-2@1#729:61:62,transit,S_0052702,gtfs_shape_geometry_primary,1.0,1.0,0.9710388722794057,0.3448110796761057,both,car_supported,primary
transit:T4-2@1#729:61:62,transit,S_0052712,gtfs_shape_geometry_primary,1.0,1.0,0.9560355991956542,0.27828353091967983,both,car_supported,primary
transit:T4-2@1#729:61:62,transit,S_0030977,gtfs_shape_geometry_primary,1.0,1.0,0.1921985458658271,0.7518513278853902,segment_coverage,car_supported,primary
transit:T4-2@1#729:61:62,transit,S_0030981,gtfs_shape_geometry_primary,1.0,1.0,0.207509888280185,0.19750165249257634,segment_coverage,car_supported,primary
transit:T4-2@1#729:61:62,transit,S_0030976,gtfs_shape_geometry_primary,0.9382529115648008,0.9382529115648008,0.028149442435858794,0.9727671350733544,segment_coverage,car_supported,primary
transit:B02-1@1#820:11:12,transit,S_0054423,gtfs_shape_geometry_primary,1.0,1.0,0.23909637054605637,8.217330237181713,segment_coverage,car_supported,primary
transit:B02-1@1#820:11:12,transit,S_0056696,gtfs_shape_geometry_primary,1.0,1.0,0.18960179273407002,20.674421437638557,segment_coverage,car_supported,primary
transit:B02-1@1#820:11:12,transit,S_0055142,gtfs_shape_geometry_primary,0.8462618080993822,0.8462618080993822,0.32823020434720773,18.556405013877793,segment_coverage,car_supported,primary
transit:3946-1@1#824:5:6,transit,S_0031878,gtfs_shape_geometry_primary,0.896298459512644,0.7804116905523766,0.896298459512644,7.749484257809328,both,car_supported,primary
transit:3946-1@1#824:5:6,transit,S_0031877,gtfs_shape_geometry_primary,0.5838786731314836,0.5838786731314836,0.2428779902329043,34.1312866566208,segment_coverage,car_supported,primary
transit:398-1@1#741:63:64,transit,S_0031135,gtfs_shape_geometry_primary,1.0,0.5028539597083197,1.0,24.16956684252837,both,car_supported,primary
transit:398-1@1#741:63:64,transit,S_0042477,gtfs_shape_geometry_primary,1.0,0.37272223339283056,1.0,29.72292532372542,shape_coverage,car_supported,primary
transit:398-1@1#741:63:64,transit,S_0042478,gtfs_shape_geometry_primary,1.0,0.39767133956674583,1.0,25.845776758815745,shape_coverage,car_supported,primary
transit:2672-1@1#732:81:82,transit,S_0015138,gtfs_shape_geometry_primary,1.0,1.0,0.29155392243390904,9.0616195412982,segment_coverage,car_supported,primary
transit:2672-1@1#732:81:82,transit,S_0015137,gtfs_shape_geometry_primary,0.7045094936513888,0.7045094936513888,0.6664994616033602,11.603543913250633,both,car_supported,primary
transit:268-1@1#730:83:84,transit,S_0036311,gtfs_shape_geometry_primary,0.5719567011978903,0.5719567011978903,0.2723651393998429,0.34672455076174913,segment_coverage,car_supported,primary
transit:268-1@1#730:83:84,transit,S_0036321,gtfs_shape_geometry_primary,1.0,1.0,0.443713022998386,0.12473003286636697,segment_coverage,car_supported,primary
transit:268-1@1#730:83:84,transit,S_0036322,gtfs_shape_geometry_primary,1.0,1.0,0.2230420668575231,1.5379535316821205,segment_coverage,car_supported,primary
transit:268-1@1#730:83:84,transit,S_0036329,gtfs_shape_geometry_primary,1.0,1.0,0.44528229405635017,0.015298727268614698,segment_coverage,car_supported,primary
transit:T3-2@1#747:53:54,transit,S_0019465,gtfs_shape_geometry_primary,0.5777753180866179,0.5646065658788931,0.5777753180866179,19.300461757916466,both,car_supported,primary
transit:T3-2@1#747:53:54,transit,S_0010022,gtfs_shape_geometry_primary,0.7571187909569123,0.72005169712066,0.7571187909569123,19.564027209305095,both,car_supported,primary
transit:T3-2@1#747:53:54,transit,S_0010108,gtfs_shape_geometry_primary,0.7167070477539773,0.7167070477539773,0.07949566792177763,21.553085695814957,segment_coverage,car_supported,primary
transit:3946-2@1#820:12:13,transit,S_0022129,gtfs_shape_geometry_primary,1.0,0.619345845677682,1.0,0.8292728156384186,both,car_supported,primary
transit:T6-1@1#745:47:48,transit,S_0021254,gtfs_shape_geometry_primary,0.6103462485872382,0.6103462485872382,0.19515440961590624,43.583504225842205,segment_coverage,car_supported,primary
transit:T12A-1@1#819:14:15,transit,S_0030928,gtfs_shape_geometry_primary,0.6160003560402272,0.6160003560402272,0.2697131049989369,0.14350741803838218,segment_coverage,car_supported,primary
transit:T12A-1@1#819:14:15,transit,S_0001257,gtfs_shape_geometry_primary,1.0,1.0,0.8475688829531872,0.7899211821460881,both,car_supported,primary
transit:T12A-1@1#819:14:15,transit,S_0030918,gtfs_shape_geometry_primary,1.0,1.0,1.0,0.07185303437118762,both,car_supported,primary
transit:T12A-1@1#819:14:15,transit,S_0001255,gtfs_shape_geometry_primary,0.8538759041745876,0.8538759041745876,0.5861627560184598,1.28941011818398,both,car_supported,primary
transit:6372-1@1#750:50:51,transit,S_0013481,gtfs_shape_geometry_primary,1.0,0.21349612419803604,1.0,18.60908122815923,shape_coverage,car_supported,primary
transit:6372-1@1#750:50:51,transit,S_0041120,gtfs_shape_geometry_primary,1.0,0.27955588735728887,1.0,0.15577962293018238,shape_coverage,car_supported,primary
transit:T12-2@1#722:99:100,transit,S_0040835,gtfs_shape_geometry_primary,1.0,0.22193291625484152,1.0,13.325434635108877,shape_coverage,car_supported,primary
transit:T12-2@1#722:99:100,transit,S_0048591,gtfs_shape_geometry_primary,1.0,0.6197567963143839,1.0,0.15360196637054457,both,car_supported,primary
transit:T12-2@1#722:99:100,transit,S_0030928,gtfs_shape_geometry_primary,0.9296596476072292,0.9296596476072292,0.4863061874483243,0.14350741803836797,segment_coverage,car_supported,primary
transit:T5-1@1#822:7:8,transit,S_0059175,gtfs_shape_geometry_primary,1.0,0.5085879521615448,1.0,23.74267044975781,both,car_supported,primary
transit:T5-1@1#822:7:8,transit,S_0059412,gtfs_shape_geometry_primary,1.0,0.8793851797500168,1.0,11.233909282975851,both,car_supported,primary
transit:T5-1@1#822:7:8,transit,S_0059312,gtfs_shape_geometry_primary,1.0,0.35437363851237763,1.0,16.082235553222212,shape_coverage,car_supported,primary
transit:5203-1@1#811:19:20,transit,S_0042322,gtfs_shape_geometry_primary,1.0,1.0,0.7190686590784712,0.46442498583002134,both,car_supported,primary
transit:5203-1@1#811:19:20,transit,S_0020383,gtfs_shape_geometry_primary,0.8391616824011333,0.8391616824011333,0.46230757955159657,2.7020591261568825,segment_coverage,car_supported,primary
transit:B02-1@1#820:12:13,transit,S_0046540,gtfs_shape_geometry_primary,1.0,1.0,0.22221600971092478,0.7074152998463603,segment_coverage,car_supported,primary
transit:B02-1@1#820:12:13,transit,S_0056692,gtfs_shape_geometry_primary,0.5513149179184724,0.5513149179184724,0.08022173037663702,2.226195195246646,segment_coverage,car_supported,primary
transit:B55-1@1#745:59:60,transit,S_0029539,gtfs_shape_geometry_primary,1.0,1.0,0.19659952365174047,1.2561381666122173,segment_coverage,car_supported,primary
transit:B55-1@1#745:59:60,transit,S_0029228,gtfs_shape_geometry_primary,1.0,1.0,0.24106397223379125,0.5367050194334126,segment_coverage,car_supported,primary
transit:B55-1@1#745:59:60,transit,S_0005597,gtfs_shape_geometry_primary,1.0,1.0,0.2219775200048499,0.23195862257952626,segment_coverage,car_supported,primary
transit:B55-1@1#745:59:60,transit,S_0005596,gtfs_shape_geometry_primary,1.0,1.0,0.4150987018867276,0.007821930863897819,segment_coverage,car_supported,primary
transit:B55-1@1#745:59:60,transit,S_0005603,gtfs_shape_geometry_primary,1.0,1.0,0.2941638819931624,0.604719699642402,segment_coverage,car_supported,primary
transit:B55-1@1#745:59:60,transit,S_0005600,gtfs_shape_geometry_primary,1.0,1.0,0.1822654359338953,0.22710279945336254,segment_coverage,car_supported,primary
transit:T4-2@1#729:62:63,transit,S_0030977,gtfs_shape_geometry_primary,0.7370809484652082,0.7370809484652082,0.13557540868459833,1.0164331366313775,segment_coverage,car_supported,primary
transit:T4-2@1#729:62:63,transit,S_0030981,gtfs_shape_geometry_primary,0.8412150328554487,0.8412150328554487,0.16962171475340515,0.018392247880171908,segment_coverage,car_supported,primary
transit:T4-2@1#729:62:63,transit,S_0030976,gtfs_shape_geometry_primary,1.0,1.0,0.16932246414833468,0.9783166211699665,segment_coverage,car_supported,primary
transit:T4-2@1#729:62:63,transit,S_0020501,gtfs_shape_geometry_primary,1.0,1.0,0.41886456163563257,0.33434715056424125,segment_coverage,car_supported,primary
transit:T4-2@1#729:62:63,transit,S_0002948,gtfs_shape_geometry_primary,1.0,1.0,0.40484025870680335,0.08452134580709014,segment_coverage,car_supported,primary
transit:T4-2@1#729:62:63,transit,S_0020500,gtfs_shape_geometry_primary,1.0,1.0,0.5156865620980372,1.0433923953239344,both,car_supported,primary
transit:T4-2@1#729:62:63,transit,S_0030971,gtfs_shape_geometry_primary,1.0,1.0,0.4999232823145909,7.918116802814552,segment_coverage,car_supported,primary
transit:T4-2@1#729:62:63,transit,S_0020515,gtfs_shape_geometry_primary,1.0,1.0,0.35772248207103674,10.651894163753866,segment_coverage,car_supported,primary
transit:T4-2@1#729:62:63,transit,S_0020495,gtfs_shape_geometry_primary,0.9276206000097018,0.9276206000097018,0.2923698270519229,6.44342946462379,segment_coverage,car_supported,primary
transit:3946-1@1#824:6:7,transit,S_0031877,gtfs_shape_geometry_primary,0.5987670692151776,0.5987670692151776,0.0720002407802801,41.01322899221938,segment_coverage,car_supported,primary
transit:3946-1@1#824:6:7,transit,S_0003465,gtfs_shape_geometry_primary,0.5174302100573209,0.5174302100573209,0.37452170019073866,37.72862308480862,segment_coverage,car_supported,primary
transit:398-1@1#741:64:65,transit,S_0042477,gtfs_shape_geometry_primary,0.5811317002223727,0.5811317002223727,0.16064688212012246,28.833944654112145,segment_coverage,car_supported,primary
transit:268-1@1#730:84:85,transit,S_0036331,gtfs_shape_geometry_primary,1.0,1.0,0.4461205280467851,21.806068257238437,segment_coverage,car_supported,primary
transit:3946-2@1#820:13:14,transit,S_0022121,gtfs_shape_geometry_primary,1.0,1.0,0.09738903336424311,43.09881007992922,segment_coverage,car_supported,primary
transit:3946-2@1#820:13:14,transit,S_0022119,gtfs_shape_geometry_primary,1.0,1.0,0.22275267282922456,2.64088272204728,segment_coverage,car_supported,primary
transit:3946-2@1#820:13:14,transit,S_0022126,gtfs_shape_geometry_primary,1.0,1.0,0.12515523872262363,0.1811101264338788,segment_coverage,car_supported,primary
transit:3946-2@1#820:13:14,transit,S_0022129,gtfs_shape_geometry_primary,0.6803423629014774,0.6803423629014774,0.12924041925445315,0.3683043965601911,segment_coverage,car_supported,primary
transit:T3-2@1#747:54:55,transit,S_0010108,gtfs_shape_geometry_primary,1.0,1.0,0.1003984064804161,11.183500842811029,segment_coverage,car_supported,primary
transit:T3-2@1#747:54:55,transit,S_0019479,gtfs_shape_geometry_primary,1.0,1.0,0.110558581580514,4.776054738801577,segment_coverage,car_supported,primary
transit:T3-2@1#747:54:55,transit,S_0019480,gtfs_shape_geometry_primary,1.0,1.0,0.18623204162042306,15.942038532498984,segment_coverage,car_supported,primary
transit:T3-2@1#747:54:55,transit,S_0019484,gtfs_shape_geometry_primary,1.0,1.0,0.3266855461217362,2.0857108240474673,segment_coverage,car_supported,primary
transit:T3-2@1#747:54:55,transit,S_0042230,gtfs_shape_geometry_primary,1.0,1.0,0.31145816618258204,0.5771745083751085,segment_coverage,car_supported,primary
transit:T3-2@1#747:54:55,transit,S_0042224,gtfs_shape_geometry_primary,1.0,1.0,0.3198271620232594,0.9468531934084581,segment_coverage,car_supported,primary
transit:T12A-1@1#819:15:16,transit,S_0019598,gtfs_shape_geometry_primary,1.0,1.0,0.29478229390128746,4.258384544873309,segment_coverage,car_supported,primary
transit:T12A-1@1#819:15:16,transit,S_0040835,gtfs_shape_geometry_primary,0.6704581220407227,0.5675257420444333,0.6704581220407227,12.049926328566556,both,car_supported,primary
transit:T12A-1@1#819:15:16,transit,S_0019599,gtfs_shape_geometry_primary,1.0,1.0,0.3635253125477975,4.998903173846173,segment_coverage,car_supported,primary
transit:T12A-1@1#819:15:16,transit,S_0048591,gtfs_shape_geometry_primary,1.0,1.0,0.3981811660192516,0.1590557833237085,segment_coverage,car_supported,primary
transit:T12A-1@1#819:15:16,transit,S_0030928,gtfs_shape_geometry_primary,1.0,1.0,0.13108568998830514,0.143507418062768,segment_coverage,car_supported,primary
transit:T12-2@1#722:100:101,transit,S_0030928,gtfs_shape_geometry_primary,1.0,1.0,0.1400680535300769,0.14350741811534817,segment_coverage,car_supported,primary
transit:T12-2@1#722:100:101,transit,S_0001257,gtfs_shape_geometry_primary,1.0,1.0,0.30530383606533584,0.7899211821461023,segment_coverage,car_supported,primary
transit:T12-2@1#722:100:101,transit,S_0030918,gtfs_shape_geometry_primary,1.0,1.0,0.4645711390913308,0.07185303437118762,segment_coverage,car_supported,primary
transit:T12-2@1#722:100:101,transit,S_0001255,gtfs_shape_geometry_primary,1.0,1.0,0.3370271542302733,1.2894101181418876,segment_coverage,car_supported,primary
transit:T12-2@1#722:100:101,transit,S_0005796,gtfs_shape_geometry_primary,1.0,1.0,0.16848726774955353,25.166314760569094,segment_coverage,car_supported,primary
transit:T12-2@1#722:100:101,transit,S_0019595,gtfs_shape_geometry_primary,0.6906662314661973,0.6906662314661973,0.26021674229520475,16.77131531973204,segment_coverage,car_supported,primary
transit:T1-1@1#813:22:23,transit,S_0013193,gtfs_shape_geometry_primary,1.0,1.0,0.153947226950846,18.76478807551655,segment_coverage,car_supported,primary
transit:T1-1@1#813:22:23,transit,S_0013194,gtfs_shape_geometry_primary,0.7411749722117317,0.7411749722117317,0.2561639514885163,21.329872320085713,segment_coverage,car_supported,primary
transit:B55-1@1#745:60:61,transit,S_0005588,gtfs_shape_geometry_primary,1.0,1.0,0.37344899583362673,0.42418374504278233,segment_coverage,car_supported,primary
transit:B55-1@1#745:60:61,transit,S_0005589,gtfs_shape_geometry_primary,1.0,1.0,0.28992686905810994,0.37086971827201864,segment_coverage,car_supported,primary
transit:B55-1@1#745:60:61,transit,S_0029223,gtfs_shape_geometry_primary,1.0,1.0,0.24709579410616672,1.3638686021489974,segment_coverage,car_supported,primary
transit:B55-1@1#745:60:61,transit,S_0005593,gtfs_shape_geometry_primary,0.813873991645411,0.813873991645411,0.20619056705224253,7.3101178249655305,segment_coverage,car_supported,primary
transit:3946-1@1#824:7:8,transit,S_0004836,gtfs_shape_geometry_primary,1.0,1.0,0.3706942770858976,6.870806993274542,segment_coverage,car_supported,primary
transit:3946-1@1#824:7:8,transit,S_0004837,gtfs_shape_geometry_primary,0.9419599341682007,0.9419599341682007,0.2615774854710257,15.352347336311695,segment_coverage,car_supported,primary
transit:605-1@1#710:92:93,transit,S_0018400,gtfs_shape_geometry_primary,1.0,1.0,0.26298286326098824,6.83034024953686,segment_coverage,car_supported,primary
transit:605-1@1#710:92:93,transit,S_0057241,gtfs_shape_geometry_primary,0.733049336118356,0.733049336118356,0.284190338308237,29.847931420886283,segment_coverage,car_supported,primary
transit:T5-1@1#822:8:9,transit,S_0059175,gtfs_shape_geometry_primary,0.7322720124906945,0.590521715508379,0.7322720124906945,23.044932087718337,both,car_supported,primary
transit:T5-1@1#822:8:9,transit,S_0059412,gtfs_shape_geometry_primary,0.6765914518152804,0.6754791586481939,0.6765914518152804,11.233909283284511,both,car_supported,primary
transit:T5-1@1#822:8:9,transit,S_0059413,gtfs_shape_geometry_primary,0.6765567692646515,0.37025336075976306,0.6765567692646515,25.843713460522885,shape_coverage,car_supported,primary
transit:3973-1@1#755:50:51,transit,S_0017063,gtfs_shape_geometry_primary,0.984117303844446,0.984117303844446,0.09642460594159424,19.549498059377242,segment_coverage,car_supported,primary
transit:3973-1@1#755:50:51,transit,S_0017064,gtfs_shape_geometry_primary,0.9757596530257951,0.9757596530257951,0.03729940393909644,37.36448294517585,segment_coverage,car_supported,primary
transit:268-1@1#730:85:86,transit,S_0021648,gtfs_shape_geometry_primary,0.8495737041812039,0.8495737041812039,0.2843877618649524,1.002092606979602,segment_coverage,car_supported,primary
transit:268-1@1#730:85:86,transit,S_0047323,gtfs_shape_geometry_primary,1.0,1.0,0.38896888739906904,11.999576655851413,segment_coverage,car_supported,primary
transit:268-1@1#730:85:86,transit,S_0021649,gtfs_shape_geometry_primary,1.0,1.0,0.33953929125985466,0.7338260737423496,segment_coverage,car_supported,primary
transit:268-1@1#730:85:86,transit,S_0047324,gtfs_shape_geometry_primary,1.0,1.0,0.15779050533289138,0.22273274800589604,segment_coverage,car_supported,primary
transit:268-1@1#730:85:86,transit,S_0042362,gtfs_shape_geometry_primary,1.0,1.0,0.164998404864714,0.15808719590658882,segment_coverage,car_supported,primary
transit:268-1@1#730:85:86,transit,S_0055619,gtfs_shape_geometry_primary,0.8525362073179308,0.8525362073179308,0.16045169195813977,0.45672994485070717,segment_coverage,car_supported,primary
transit:5203-1@1#811:20:21,transit,S_0042319,gtfs_shape_geometry_primary,0.6829569135193868,0.6829569135193868,0.6589570298932382,1.683530063729819,both,car_supported,primary
transit:5203-1@1#811:20:21,transit,S_0042318,gtfs_shape_geometry_primary,0.5965637387531963,0.5965637387531963,0.3130296404478132,44.67187798444739,segment_coverage,car_supported,primary
transit:5203-1@1#811:20:21,transit,S_0042320,gtfs_shape_geometry_primary,1.0,1.0,0.6344082166681745,9.32630513528063,both,car_supported,primary
transit:T12A-1@1#819:16:17,transit,S_0046616,gtfs_shape_geometry_primary,1.0,1.0,0.15718029463224412,26.346596510649647,segment_coverage,car_supported,primary
transit:T3-2@1#747:55:56,transit,S_0042252,gtfs_shape_geometry_primary,0.7018621679141664,0.7018621679141664,0.36320888638300025,0.6579047746813131,segment_coverage,car_supported,primary
transit:T3-2@1#747:55:56,transit,S_0042225,gtfs_shape_geometry_primary,1.0,1.0,0.7874967546422866,2.4335296722555597,both,car_supported,primary
transit:T1-1@1#813:23:24,transit,S_0035187,gtfs_shape_geometry_primary,0.6478504502382578,0.21296153291511555,0.6478504502382578,21.453032395209064,shape_coverage,car_supported,primary
transit:T6-2@1#828:2:3,transit,S_0023011,gtfs_shape_geometry_primary,1.0,1.0,0.40442538329142325,4.149405175942107,segment_coverage,car_supported,primary
transit:T6-2@1#828:2:3,transit,S_0023008,gtfs_shape_geometry_primary,1.0,1.0,0.2866050585768267,7.0184369915731715,segment_coverage,car_supported,primary
transit:T6-2@1#828:2:3,transit,S_0023013,gtfs_shape_geometry_primary,1.0,1.0,0.2505754699273057,7.018487760486387,segment_coverage,car_supported,primary
transit:T6-2@1#828:2:3,transit,S_0023014,gtfs_shape_geometry_primary,1.0,1.0,0.1419759598919202,4.800837675302084,segment_coverage,car_supported,primary
transit:3973-1@1#755:51:52,transit,S_0017063,gtfs_shape_geometry_primary,0.7523494766097134,0.7523494766097134,0.09564679773306796,27.783285089373152,segment_coverage,car_supported,primary
transit:3973-1@1#755:51:52,transit,S_0017027,gtfs_shape_geometry_primary,1.0,1.0,0.11337098015429142,42.75307047750633,segment_coverage,car_supported,primary
transit:3973-1@1#755:51:52,transit,S_0052666,gtfs_shape_geometry_primary,1.0,1.0,0.0676859104647236,43.94787791855131,segment_coverage,car_supported,primary
transit:2672-1@1#732:84:85,transit,S_0016004,gtfs_shape_geometry_primary,0.6596765442256809,0.6596765442256809,0.2783666368273745,14.640215917203463,segment_coverage,car_supported,primary
transit:2672-1@1#732:84:85,transit,S_0000478,gtfs_shape_geometry_primary,1.0,1.0,0.18021666660351604,1.2813767624223829,segment_coverage,car_supported,primary
transit:2672-1@1#732:84:85,transit,S_0000476,gtfs_shape_geometry_primary,1.0,1.0,0.232392436040637,34.46957403990727,segment_coverage,car_supported,primary
transit:2672-1@1#732:84:85,transit,S_0000477,gtfs_shape_geometry_primary,1.0,1.0,0.22411267818562527,1.8734043376824445,segment_coverage,car_supported,primary
transit:2672-1@1#732:84:85,transit,S_0015947,gtfs_shape_geometry_primary,1.0,1.0,0.20786555049491376,15.656644164833295,segment_coverage,car_supported,primary
transit:2672-1@1#732:84:85,transit,S_0015929,gtfs_shape_geometry_primary,1.0,1.0,0.34406382654796913,0.443271669330926,segment_coverage,car_supported,primary
transit:2672-1@1#732:84:85,transit,S_0015907,gtfs_shape_geometry_primary,0.6650214104835795,0.6650214104835795,0.3355380118756474,10.037298775863391,segment_coverage,car_supported,primary
transit:2672-1@1#732:84:85,transit,S_0015906,gtfs_shape_geometry_primary,0.7239863358789871,0.7239863358789871,0.23499640607257785,36.43660514302353,segment_coverage,car_supported,primary
transit:268-1@1#730:86:87,transit,S_0043458,gtfs_shape_geometry_primary,1.0,1.0,0.21170627933467323,0.5649016571413767,segment_coverage,car_supported,primary
transit:268-1@1#730:86:87,transit,S_0047162,gtfs_shape_geometry_primary,1.0,1.0,0.45282565100014394,3.8115377400479673,segment_coverage,car_supported,primary
transit:268-1@1#730:86:87,transit,S_0047163,gtfs_shape_geometry_primary,1.0,1.0,0.15336603849653474,10.88184821871674,segment_coverage,car_supported,primary
transit:268-1@1#730:86:87,transit,S_0047164,gtfs_shape_geometry_primary,1.0,1.0,0.15744327292422575,0.18231025920621846,segment_coverage,car_supported,primary
transit:268-1@1#730:86:87,transit,S_0047704,gtfs_shape_geometry_primary,1.0,1.0,0.36066099181636957,4.805215692517791,segment_coverage,car_supported,primary
transit:268-1@1#730:86:87,transit,S_0047172,gtfs_shape_geometry_primary,0.8788313850016364,0.8788313850016364,0.2541655536261233,30.582440963659707,segment_coverage,car_supported,primary
transit:268-1@1#730:86:87,transit,S_0055619,gtfs_shape_geometry_primary,0.6558971599868887,0.6558971599868887,0.1732430416545078,0.4567299448635964,segment_coverage,car_supported,primary
transit:268-1@1#730:86:87,transit,S_0047166,gtfs_shape_geometry_primary,0.6181989930431524,0.6181989930431524,0.48887304259654757,0.29569681766213307,segment_coverage,car_supported,primary
transit:T12A-1@1#819:17:18,transit,S_0046616,gtfs_shape_geometry_primary,1.0,1.0,0.15822432568204978,28.299912377829685,segment_coverage,car_supported,primary
transit:605-1@1#710:93:94,transit,S_0012324,gtfs_shape_geometry_primary,1.0,1.0,0.08798624192638803,0.1464861116332088,segment_coverage,car_supported,primary
transit:605-1@1#710:93:94,transit,S_0041302,gtfs_shape_geometry_primary,0.8542456346183978,0.8542456346183978,0.15912746745560832,0.5471980001062207,segment_coverage,car_supported,primary
transit:605-1@1#710:93:94,transit,S_0041301,gtfs_shape_geometry_primary,0.8752661598143511,0.8752661598143511,0.1591116390858032,0.5471980004458317,segment_coverage,car_supported,primary
transit:605-1@1#710:93:94,transit,S_0012323,gtfs_shape_geometry_primary,1.0,1.0,0.08858722445750804,0.07137535828758246,segment_coverage,car_supported,primary
transit:605-1@1#710:93:94,transit,S_0012318,gtfs_shape_geometry_primary,1.0,1.0,0.08732266911661705,0.10526040164819506,segment_coverage,car_supported,primary
transit:605-1@1#710:93:94,transit,S_0006200,gtfs_shape_geometry_primary,1.0,1.0,0.08933788573465526,0.05388903666030842,segment_coverage,car_supported,primary
transit:605-1@1#710:93:94,transit,S_0006198,gtfs_shape_geometry_primary,1.0,1.0,0.2730819980826157,4.785000186303371,segment_coverage,car_supported,primary
transit:605-1@1#710:93:94,transit,S_0041280,gtfs_shape_geometry_primary,1.0,1.0,0.2864438221069499,0.2324258046878711,segment_coverage,car_supported,primary
transit:605-1@1#710:93:94,transit,S_0006201,gtfs_shape_geometry_primary,1.0,1.0,0.12378707113968233,0.14032574360740568,segment_coverage,car_supported,primary
transit:605-1@1#710:93:94,transit,S_0041278,gtfs_shape_geometry_primary,1.0,1.0,0.1371404039991203,0.20815823313668602,segment_coverage,car_supported,primary
transit:605-1@1#710:93:94,transit,S_0006202,gtfs_shape_geometry_primary,1.0,1.0,0.2579520101120334,0.11706603944541882,segment_coverage,car_supported,primary
transit:605-1@1#710:93:94,transit,S_0059585,gtfs_shape_geometry_primary,1.0,1.0,0.22861764093752263,0.3001318976541114,segment_coverage,car_supported,primary
transit:605-1@1#710:93:94,transit,S_0059586,gtfs_shape_geometry_primary,1.0,1.0,0.1583828592500475,2.672804981034716,segment_coverage,car_supported,primary
transit:605-1@1#710:93:94,transit,S_0031982,gtfs_shape_geometry_primary,1.0,1.0,0.2628020576395842,2.5405088585484243,segment_coverage,car_supported,primary
transit:605-1@1#710:93:94,transit,S_0041284,gtfs_shape_geometry_primary,1.0,1.0,0.19275907017654118,1.7378840227308672,segment_coverage,car_supported,primary
transit:605-1@1#710:93:94,transit,S_0013060,gtfs_shape_geometry_primary,1.0,1.0,0.09625793673256991,36.94868971690829,segment_coverage,car_supported,primary
transit:605-1@1#710:93:94,transit,S_0013059,gtfs_shape_geometry_primary,1.0,1.0,0.1014917587918722,5.170089636788873,segment_coverage,car_supported,primary
transit:605-1@1#710:93:94,transit,S_0057569,gtfs_shape_geometry_primary,0.5746315300375329,0.5746315300375329,0.06057196007463687,15.344365595585685,segment_coverage,car_supported,primary
transit:605-1@1#710:93:94,transit,S_0016928,gtfs_shape_geometry_primary,0.9931673117965556,0.9931673117965556,0.10236948599161413,28.42920562464053,segment_coverage,car_supported,primary
transit:605-1@1#710:93:94,transit,S_0006197,gtfs_shape_geometry_primary,1.0,1.0,0.08975354781961266,0.14497088126292468,segment_coverage,car_supported,primary
transit:3973-1@1#736:80:81,transit,S_0031135,gtfs_shape_geometry_primary,0.6424950842989903,0.6424950842989903,0.1049503842598298,24.169566842232243,segment_coverage,car_supported,primary
transit:3973-1@1#736:80:81,transit,S_0014414,gtfs_shape_geometry_primary,0.5660279592317506,0.5660279592317506,0.07396992901437918,23.441247674560188,segment_coverage,car_supported,primary
transit:5203-1@1#811:21:22,transit,S_0042319,gtfs_shape_geometry_primary,0.6107485704640605,0.6107485704640605,0.389506685045419,1.518240993585124,segment_coverage,car_supported,primary
transit:T3-2@1#747:56:57,transit,S_0042252,gtfs_shape_geometry_primary,0.5934550193437284,0.5934550193437284,0.21403582681759042,0.6579047747329412,segment_coverage,car_supported,primary
transit:T3-2@1#747:56:57,transit,S_0055109,gtfs_shape_geometry_primary,1.0,1.0,0.22933728990299487,0.48192184510384095,segment_coverage,car_supported,primary
transit:T3-2@1#747:56:57,transit,S_0048596,gtfs_shape_geometry_primary,1.0,1.0,0.3574883158415929,0.18561509834799494,segment_coverage,car_supported,primary
transit:T3-2@1#747:56:57,transit,S_0048595,gtfs_shape_geometry_primary,1.0,1.0,0.1480355519658482,1.5261427655853481,segment_coverage,car_supported,primary
transit:T3-2@1#747:56:57,transit,S_0041151,gtfs_shape_geometry_primary,1.0,1.0,0.4921066522888751,0.2975476958723391,segment_coverage,car_supported,primary
transit:T1-1@1#813:24:25,transit,S_0013939,gtfs_shape_geometry_primary,0.8690816414943097,0.8690816414943097,0.21531842282941907,27.739269633162152,segment_coverage,car_supported,primary
transit:T1-1@1#813:24:25,transit,S_0048860,gtfs_shape_geometry_primary,1.0,1.0,0.16702097875515817,43.48081469084626,segment_coverage,car_supported,primary
transit:T1-1@1#813:24:25,transit,S_0013933,gtfs_shape_geometry_primary,1.0,1.0,0.18109295009953755,30.08763808977001,segment_coverage,car_supported,primary
transit:731-1@1#815:23:24,transit,S_0056692,gtfs_shape_geometry_primary,1.0,0.28767101562373165,1.0,1.707673796536426,shape_coverage,car_supported,primary
transit:731-1@1#815:24:25,transit,S_0020102,gtfs_shape_geometry_primary,0.7855808758492804,0.7855808758492804,0.13666527503658968,2.4696073014973763,segment_coverage,car_supported,primary
transit:731-1@1#815:24:25,transit,S_0050335,gtfs_shape_geometry_primary,1.0,1.0,0.30452417511169405,0.15167917047747892,segment_coverage,car_supported,primary
transit:731-1@1#815:24:25,transit,S_0028775,gtfs_shape_geometry_primary,1.0,1.0,0.16410963613673235,15.067647298682743,segment_coverage,car_supported,primary
transit:731-1@1#815:24:25,transit,S_0028770,gtfs_shape_geometry_primary,1.0,1.0,0.168043686934752,1.3648516262157244,segment_coverage,car_supported,primary
transit:731-1@1#815:24:25,transit,S_0028769,gtfs_shape_geometry_primary,0.8099589692532689,0.8099589692532689,0.11569776543211727,32.54421845858275,segment_coverage,car_supported,primary
transit:T8-2@1#818:11:12,transit,S_0017063,gtfs_shape_geometry_primary,0.984117303844446,0.984117303844446,0.09642460594159424,19.549498059377242,segment_coverage,car_supported,primary
transit:T8-2@1#818:11:12,transit,S_0017064,gtfs_shape_geometry_primary,0.9757596530257951,0.9757596530257951,0.03729940393909644,37.36448294517585,segment_coverage,car_supported,primary
transit:3973-1@1#755:52:53,transit,S_0020971,gtfs_shape_geometry_primary,1.0,1.0,0.11860318065331221,10.098772523940198,segment_coverage,car_supported,primary
transit:621-2@1#807:32:33,transit,S_0028461,gtfs_shape_geometry_primary,1.0,1.0,0.0620072278503782,11.109584652000365,segment_coverage,car_supported,primary
transit:621-2@1#807:32:33,transit,S_0028458,gtfs_shape_geometry_primary,1.0,1.0,0.2725486742089099,11.059347881890716,segment_coverage,car_supported,primary
transit:621-2@1#807:32:33,transit,S_0028457,gtfs_shape_geometry_primary,1.0,1.0,0.07520900337130858,9.89007607009654,segment_coverage,car_supported,primary
transit:T12A-1@1#753:60:61,transit,S_0029291,gtfs_shape_geometry_primary,1.0,1.0,0.8049754626738628,5.030648285308075,both,car_supported,primary
transit:T12A-1@1#753:60:61,transit,S_0029293,gtfs_shape_geometry_primary,0.766914783916035,0.766914783916035,0.6985183204303658,1.9714860590399184,both,car_supported,primary
transit:T12A-1@1#753:60:61,transit,S_0051269,gtfs_shape_geometry_primary,1.0,1.0,0.12490229784441714,0.3485419647486765,segment_coverage,car_supported,primary
transit:T12A-1@1#753:60:61,transit,S_0043394,gtfs_shape_geometry_primary,0.694858593991975,0.694858593991975,0.08237079980793881,14.86529470598579,segment_coverage,car_supported,primary
transit:T6-2@1#828:3:4,transit,S_0023008,gtfs_shape_geometry_primary,0.6595354487851494,0.6595354487851494,0.013622272105167218,7.018436992049718,segment_coverage,car_supported,primary
transit:T6-2@1#828:3:4,transit,S_0023013,gtfs_shape_geometry_primary,1.0,1.0,0.07472353972190152,7.01848776006333,segment_coverage,car_supported,primary
transit:T6-2@1#828:3:4,transit,S_0023014,gtfs_shape_geometry_primary,1.0,1.0,0.14715006459314148,4.800837674628326,segment_coverage,car_supported,primary
transit:T6-2@1#828:3:4,transit,S_0049091,gtfs_shape_geometry_primary,1.0,1.0,0.23111525266678723,4.801059743210317,segment_coverage,car_supported,primary
transit:T6-2@1#828:3:4,transit,S_0049093,gtfs_shape_geometry_primary,1.0,1.0,0.27031362533244596,4.790865655401181,segment_coverage,car_supported,primary
transit:T6-2@1#828:3:4,transit,S_0010471,gtfs_shape_geometry_primary,0.529676516157446,0.529676516157446,0.31859709214738674,4.77113849491915,segment_coverage,car_supported,primary
transit:T12-2@1#722:103:104,transit,S_0001250,gtfs_shape_geometry_primary,0.5667386452945642,0.5667386452945642,0.4360351257669156,36.92328355854211,segment_coverage,car_supported,primary
transit:T12-2@1#722:103:104,transit,S_0006567,gtfs_shape_geometry_primary,0.5209854056287186,0.5209854056287186,0.4348750719406605,27.785066662089847,segment_coverage,car_supported,primary
transit:T12-2@1#722:103:104,transit,S_0018080,gtfs_shape_geometry_primary,1.0,1.0,0.19159110110960997,18.89945740534715,segment_coverage,car_supported,primary
transit:T12-2@1#722:103:104,transit,S_0059630,gtfs_shape_geometry_primary,0.5351754275324758,0.2978083793346372,0.5351754275324758,3.934396964019541,shape_coverage,car_supported,primary
transit:3973-1@1#736:81:82,transit,S_0031135,gtfs_shape_geometry_primary,1.0,0.5028539597083197,1.0,24.16956684252837,both,car_supported,primary
transit:3973-1@1#736:81:82,transit,S_0042477,gtfs_shape_geometry_primary,1.0,0.37272223339283056,1.0,29.72292532372542,shape_coverage,car_supported,primary
transit:3973-1@1#736:81:82,transit,S_0042478,gtfs_shape_geometry_primary,1.0,0.39767133956674583,1.0,25.845776758815745,shape_coverage,car_supported,primary
transit:189-2@1#800:42:43,transit,S_0045512,gtfs_shape_geometry_primary,0.5816567973797453,0.5816567973797453,0.11949877111798105,14.045530007774374,segment_coverage,car_supported,primary
transit:189-2@1#800:42:43,transit,S_0007042,gtfs_shape_geometry_primary,1.0,1.0,0.2844411192105849,6.667740306964248,segment_coverage,car_supported,primary
transit:189-2@1#800:42:43,transit,S_0007044,gtfs_shape_geometry_primary,1.0,1.0,0.1719030715448684,5.034881540002189,segment_coverage,car_supported,primary
transit:189-2@1#800:42:43,transit,S_0007039,gtfs_shape_geometry_primary,1.0,1.0,0.12872157850563595,15.671274949459047,segment_coverage,car_supported,primary
transit:189-2@1#800:42:43,transit,S_0044159,gtfs_shape_geometry_primary,1.0,1.0,0.1474059907828534,14.784109665730114,segment_coverage,car_supported,primary
transit:189-2@1#800:42:43,transit,S_0044161,gtfs_shape_geometry_primary,1.0,1.0,0.21017813218380807,27.78292015291069,segment_coverage,car_supported,primary
transit:189-2@1#800:42:43,transit,S_0045548,gtfs_shape_geometry_primary,1.0,1.0,0.23087159950712213,31.555142170836987,segment_coverage,car_supported,primary
transit:189-2@1#800:42:43,transit,S_0058648,gtfs_shape_geometry_primary,1.0,1.0,0.08915986077161461,41.84994124664033,segment_coverage,car_supported,primary
transit:189-2@1#800:42:43,transit,S_0045547,gtfs_shape_geometry_primary,1.0,1.0,0.20831463696369543,32.40136345484201,segment_coverage,car_supported,primary
transit:189-2@1#800:42:43,transit,S_0018829,gtfs_shape_geometry_primary,0.6710814634881647,0.6710814634881647,0.08955893329132444,36.690470902041255,segment_coverage,car_supported,primary
transit:189-2@1#800:42:43,transit,S_0007030,gtfs_shape_geometry_primary,1.0,1.0,0.11160874715462406,31.44369380085938,segment_coverage,car_supported,primary
transit:T3-2@1#747:57:58,transit,S_0041147,gtfs_shape_geometry_primary,0.7928472925456184,0.7928472925456184,0.34105163102690617,7.785770014763955,segment_coverage,car_supported,primary
transit:6372-1@1#750:54:55,transit,S_0029181,gtfs_shape_geometry_primary,1.0,1.0,0.20104408978877306,2.1488377097507225,segment_coverage,car_supported,primary
transit:T12A-1@1#753:61:62,transit,S_0005005,gtfs_shape_geometry_primary,0.5687547274323731,0.49849791029297974,0.5687547274323731,4.0022437778251,shape_coverage,car_supported,primary
transit:T12A-1@1#753:61:62,transit,S_0029297,gtfs_shape_geometry_primary,0.9647049119542586,0.9647049119542586,0.4763319434652559,4.981258624909572,segment_coverage,car_supported,primary
transit:T12A-1@1#753:61:62,transit,S_0029295,gtfs_shape_geometry_primary,1.0,1.0,0.2148821182661865,1.1516847383546747,segment_coverage,car_supported,primary
transit:T12A-1@1#753:61:62,transit,S_0005004,gtfs_shape_geometry_primary,1.0,1.0,0.21400052345702447,0.7937479361908544,segment_coverage,car_supported,primary
transit:T12A-1@1#753:61:62,transit,S_0029296,gtfs_shape_geometry_primary,1.0,1.0,0.18816983927446834,0.18504787943612655,segment_coverage,car_supported,primary
transit:T12A-1@1#753:61:62,transit,S_0029292,gtfs_shape_geometry_primary,0.7284005766291061,0.7284005766291061,0.5351408065470791,0.8207917946814831,both,car_supported,primary
transit:T12A-1@1#753:61:62,transit,S_0029290,gtfs_shape_geometry_primary,0.7045591836990563,0.7045591836990563,0.5242601881507197,0.585931504901751,both,car_supported,primary
transit:3973-1@1#755:53:54,transit,S_0020969,gtfs_shape_geometry_primary,1.0,0.8556678815668114,1.0,7.926232854585436,both,car_supported,primary
transit:B55-1@1#745:63:64,transit,S_0023267,gtfs_shape_geometry_primary,0.7683348959182924,0.7683348959182924,0.009506972576309142,1.789202976400027,segment_coverage,car_supported,primary
transit:B55-1@1#745:63:64,transit,S_0023263,gtfs_shape_geometry_primary,0.7180009704303623,0.7180009704303623,0.048882615378821555,1.1465665508744678,segment_coverage,car_supported,primary
transit:B55-1@1#745:63:64,transit,S_0023188,gtfs_shape_geometry_primary,0.9063937847137781,0.9063937847137781,0.03792811853076899,0.4296365088230374,segment_coverage,car_supported,primary
transit:B55-1@1#745:63:64,transit,S_0023325,gtfs_shape_geometry_primary,1.0,1.0,0.014245087950178571,1.6836857603703805,segment_coverage,car_supported,primary
transit:B55-1@1#745:63:64,transit,S_0023336,gtfs_shape_geometry_primary,1.0,1.0,0.007787992410868974,0.043424002126897676,segment_coverage,car_supported,primary
transit:B55-1@1#745:63:64,transit,S_0001211,gtfs_shape_geometry_primary,1.0,1.0,0.033815738761923265,0.7910273564012869,segment_coverage,car_supported,primary
transit:B55-1@1#745:63:64,transit,S_0048441,gtfs_shape_geometry_primary,0.7154692689679314,0.7154692689679314,0.013888628481534548,16.097691182827703,segment_coverage,car_supported,primary
transit:B55-1@1#745:63:64,transit,S_0023316,gtfs_shape_geometry_primary,0.6798595986397674,0.6798595986397674,0.012982658818940947,17.991136150412984,segment_coverage,car_supported,primary
transit:B55-1@1#745:63:64,transit,S_0001202,gtfs_shape_geometry_primary,1.0,1.0,0.03188075681749051,17.805579436627454,segment_coverage,car_supported,primary
transit:B55-1@1#745:63:64,transit,S_0023314,gtfs_shape_geometry_primary,1.0,1.0,0.012855111610437276,11.349431573825669,segment_coverage,car_supported,primary
transit:B55-1@1#745:63:64,transit,S_0043328,gtfs_shape_geometry_primary,1.0,1.0,0.015322925272137583,4.613341187561076,segment_coverage,car_supported,primary
transit:B55-1@1#745:63:64,transit,S_0023190,gtfs_shape_geometry_primary,1.0,1.0,0.013321138954083702,0.4550131956836907,segment_coverage,car_supported,primary
transit:B55-1@1#745:63:64,transit,S_0047667,gtfs_shape_geometry_primary,1.0,1.0,0.026171089279126324,0.40983547636936635,segment_coverage,car_supported,primary
transit:B55-1@1#745:63:64,transit,S_0023179,gtfs_shape_geometry_primary,1.0,1.0,0.011771267022302656,0.41890429115683503,segment_coverage,car_supported,primary
transit:B55-1@1#745:63:64,transit,S_0023180,gtfs_shape_geometry_primary,1.0,1.0,0.021759684386972757,0.44192440747309547,segment_coverage,car_supported,primary
transit:B55-1@1#745:63:64,transit,S_0056377,gtfs_shape_geometry_primary,1.0,1.0,0.015749182285190812,19.81300790358685,segment_coverage,car_supported,primary
transit:T12-2@1#722:104:105,transit,S_0018201,gtfs_shape_geometry_primary,0.9800349968357576,0.9800349968357576,0.6143520602506904,3.9907371005189987,both,car_supported,primary
transit:T12-2@1#722:104:105,transit,S_0054595,gtfs_shape_geometry_primary,1.0,1.0,0.6537609355823469,5.751224875643032,both,car_supported,primary
transit:T12-2@1#722:104:105,transit,S_0054580,gtfs_shape_geometry_primary,1.0,1.0,0.14449851818786993,2.1281718416394,segment_coverage,car_supported,primary
transit:T12-2@1#722:104:105,transit,S_0054579,gtfs_shape_geometry_primary,0.5684265322588835,0.5684265322588835,0.3364129791904035,0.7740745846027153,segment_coverage,car_supported,primary
transit:T12-2@1#722:104:105,transit,S_0018080,gtfs_shape_geometry_primary,1.0,1.0,0.07532532449992342,18.899457405408228,segment_coverage,car_supported,primary
transit:T12-2@1#722:104:105,transit,S_0059630,gtfs_shape_geometry_primary,0.7298271905556479,0.6855204326565226,0.7298271905556479,3.934396963952878,both,car_supported,primary
transit:T6-1@1#753:42:43,transit,S_0017530,gtfs_shape_geometry_primary,0.6063171735127821,0.6063171735127821,0.3071890085924199,44.93863684318005,segment_coverage,car_supported,primary
transit:T6-2@1#828:4:5,transit,S_0010464,gtfs_shape_geometry_primary,1.0,1.0,0.19117640243809964,5.517178485882141,segment_coverage,car_supported,primary
transit:T6-2@1#828:4:5,transit,S_0019783,gtfs_shape_geometry_primary,0.9816071940731539,0.9816071940731539,0.07786887153744056,31.481091080271895,segment_coverage,car_supported,primary
transit:3973-1@1#736:82:83,transit,S_0042477,gtfs_shape_geometry_primary,0.5811317002223727,0.5811317002223727,0.16064688212012246,28.833944654112145,segment_coverage,car_supported,primary
transit:189-2@1#800:43:44,transit,S_0005703,gtfs_shape_geometry_primary,1.0,1.0,0.18782502142350252,1.2663286459902068,segment_coverage,car_supported,primary
transit:T1-1@1#813:26:27,transit,S_0020200,gtfs_shape_geometry_primary,0.5497050111859266,0.5497050111859266,0.1766587713184586,21.63118510956639,segment_coverage,car_supported,primary
transit:T3-2@1#747:58:59,transit,S_0018824,gtfs_shape_geometry_primary,0.6159733445674309,0.6159733445674309,0.2188722097069352,34.09165521583496,segment_coverage,car_supported,primary
transit:T12A-1@1#753:62:63,transit,S_0037880,gtfs_shape_geometry_primary,1.0,1.0,0.05853459796527567,0.772303461848395,segment_coverage,car_supported,primary
transit:T12A-1@1#753:62:63,transit,S_0037870,gtfs_shape_geometry_primary,1.0,1.0,0.21694798373296173,3.697174558597439,segment_coverage,car_supported,primary
transit:T12A-1@1#753:62:63,transit,S_0047856,gtfs_shape_geometry_primary,1.0,1.0,0.3341057515164085,1.5958890378599335,segment_coverage,car_supported,primary
transit:T12A-1@1#753:62:63,transit,S_0037849,gtfs_shape_geometry_primary,1.0,1.0,0.464740613543835,5.0858475946424875,segment_coverage,car_supported,primary
transit:T12A-1@1#753:62:63,transit,S_0047857,gtfs_shape_geometry_primary,1.0,1.0,0.2317418696817833,8.462591511332093,segment_coverage,car_supported,primary
transit:T12A-1@1#753:62:63,transit,S_0037830,gtfs_shape_geometry_primary,1.0,1.0,0.6013160234449882,1.6113135705595312,both,car_supported,primary
transit:T12A-1@1#753:62:63,transit,S_0005005,gtfs_shape_geometry_primary,0.6876403282497173,0.6388873673972141,0.6876403282497173,1.1572654860482885,both,car_supported,primary
transit:T5-1@1#822:11:12,transit,S_0023132,gtfs_shape_geometry_primary,1.0,1.0,0.04722245337188996,26.254185803866225,segment_coverage,car_supported,primary
transit:T5-1@1#822:11:12,transit,S_0023133,gtfs_shape_geometry_primary,1.0,1.0,0.0828340623117714,21.68999221736481,segment_coverage,car_supported,primary
transit:T5-1@1#822:11:12,transit,S_0023663,gtfs_shape_geometry_primary,0.6411929643994047,0.6411929643994047,0.08509281537991226,20.01380991181506,segment_coverage,car_supported,primary
transit:T8-2@1#818:12:13,transit,S_0017063,gtfs_shape_geometry_primary,0.7523494766097134,0.7523494766097134,0.10232938914286688,27.783285089373152,segment_coverage,car_supported,primary
transit:T8-2@1#818:12:13,transit,S_0017027,gtfs_shape_geometry_primary,1.0,1.0,0.12129191379823738,42.75307047750633,segment_coverage,car_supported,primary
transit:T8-2@1#818:12:13,transit,S_0052666,gtfs_shape_geometry_primary,1.0,1.0,0.07241494786645986,43.94787791855131,segment_coverage,car_supported,primary
transit:731-1@1#815:25:26,transit,S_0054377,gtfs_shape_geometry_primary,1.0,1.0,0.3263729527776166,0.5147083423407537,segment_coverage,car_supported,primary
transit:731-1@1#815:25:26,transit,S_0028773,gtfs_shape_geometry_primary,0.5479911818269894,0.5479911818269894,0.06343807528950249,39.25124828548894,segment_coverage,car_supported,primary
transit:731-1@1#815:25:26,transit,S_0028664,gtfs_shape_geometry_primary,0.9279039108605758,0.9279039108605758,0.24288255686542629,0.8389654889978857,segment_coverage,car_supported,primary
transit:731-1@1#815:25:26,transit,S_0046941,gtfs_shape_geometry_primary,1.0,1.0,0.0591820180576011,9.171277685939941,segment_coverage,car_supported,primary
transit:731-1@1#815:25:26,transit,S_0026181,gtfs_shape_geometry_primary,1.0,1.0,0.06152307605384356,0.8412900453046745,segment_coverage,car_supported,primary
transit:731-1@1#815:25:26,transit,S_0026184,gtfs_shape_geometry_primary,1.0,1.0,0.2125633573888483,0.6574064871993386,segment_coverage,car_supported,primary
transit:621-2@1#807:33:34,transit,S_0012277,gtfs_shape_geometry_primary,1.0,1.0,0.12487296497468411,11.41224162315092,segment_coverage,car_supported,primary
transit:621-2@1#807:33:34,transit,S_0042195,gtfs_shape_geometry_primary,1.0,1.0,0.10078109613308586,4.6093814630091146,segment_coverage,car_supported,primary
transit:621-2@1#807:33:34,transit,S_0056598,gtfs_shape_geometry_primary,1.0,1.0,0.13370585568203405,0.31004332791737,segment_coverage,car_supported,primary
transit:621-2@1#807:33:34,transit,S_0056576,gtfs_shape_geometry_primary,1.0,1.0,0.10842121863927599,0.8232440397028284,segment_coverage,car_supported,primary
transit:621-2@1#807:33:34,transit,S_0050639,gtfs_shape_geometry_primary,1.0,1.0,0.10898839793087695,3.7832238811165126,segment_coverage,car_supported,primary
transit:621-2@1#807:33:34,transit,S_0050638,gtfs_shape_geometry_primary,1.0,1.0,0.068973957952767,36.129238946275436,segment_coverage,car_supported,primary
transit:621-2@1#807:33:34,transit,S_0018750,gtfs_shape_geometry_primary,1.0,1.0,0.0783311588866915,33.70681990623965,segment_coverage,car_supported,primary
transit:621-2@1#807:33:34,transit,S_0012860,gtfs_shape_geometry_primary,0.8138486048947439,0.8138486048947439,0.05673133319778129,39.88627224846228,segment_coverage,car_supported,primary
transit:621-2@1#807:33:34,transit,S_0057801,gtfs_shape_geometry_primary,0.8472613784225793,0.8472613784225793,0.12796703701151424,22.584244198014403,segment_coverage,car_supported,primary
transit:B55-1@1#745:64:65,transit,S_0023267,gtfs_shape_geometry_primary,0.7683348959182924,0.7683348959182924,0.010481485671026422,1.789202976400027,segment_coverage,car_supported,primary
transit:B55-1@1#745:64:65,transit,S_0023263,gtfs_shape_geometry_primary,0.7180009704303623,0.7180009704303623,0.053893332345587415,1.1465665508744678,segment_coverage,car_supported,primary
transit:B55-1@1#745:64:65,transit,S_0023188,gtfs_shape_geometry_primary,0.9063937847137781,0.9063937847137781,0.0418159437947578,0.4296365088230374,segment_coverage,car_supported,primary
transit:B55-1@1#745:64:65,transit,S_0023325,gtfs_shape_geometry_primary,1.0,1.0,0.01570528199527781,1.6836857603703805,segment_coverage,car_supported,primary
transit:B55-1@1#745:64:65,transit,S_0023336,gtfs_shape_geometry_primary,1.0,1.0,0.008586301286279348,0.043424002126897676,segment_coverage,car_supported,primary
transit:B55-1@1#745:64:65,transit,S_0001211,gtfs_shape_geometry_primary,1.0,1.0,0.03728202416103678,0.7910273564012869,segment_coverage,car_supported,primary
transit:B55-1@1#745:64:65,transit,S_0048441,gtfs_shape_geometry_primary,0.7154692689679314,0.7154692689679314,0.015312283616150843,16.097691182827703,segment_coverage,car_supported,primary
transit:B55-1@1#745:64:65,transit,S_0023316,gtfs_shape_geometry_primary,0.6798595986397674,0.6798595986397674,0.014313447450311597,17.991136150412984,segment_coverage,car_supported,primary
transit:B55-1@1#745:64:65,transit,S_0001202,gtfs_shape_geometry_primary,1.0,1.0,0.03514869671515699,17.805579436627454,segment_coverage,car_supported,primary
transit:B55-1@1#745:64:65,transit,S_0023314,gtfs_shape_geometry_primary,1.0,1.0,0.014172826003517684,11.349431573825669,segment_coverage,car_supported,primary
transit:B55-1@1#745:64:65,transit,S_0043328,gtfs_shape_geometry_primary,1.0,1.0,0.01689360313064778,4.613341187561076,segment_coverage,car_supported,primary
transit:B55-1@1#745:64:65,transit,S_0023190,gtfs_shape_geometry_primary,1.0,1.0,0.014686623522709948,0.4550131956836907,segment_coverage,car_supported,primary
transit:B55-1@1#745:64:65,transit,S_0047667,gtfs_shape_geometry_primary,1.0,1.0,0.028853759182800857,0.40983547636936635,segment_coverage,car_supported,primary
transit:B55-1@1#745:64:65,transit,S_0023179,gtfs_shape_geometry_primary,1.0,1.0,0.012977881826602542,0.41890429115683503,segment_coverage,car_supported,primary
transit:B55-1@1#745:64:65,transit,S_0023180,gtfs_shape_geometry_primary,1.0,1.0,0.023990162828118375,0.44192440747309547,segment_coverage,car_supported,primary
transit:B55-1@1#745:64:65,transit,S_0056377,gtfs_shape_geometry_primary,1.0,1.0,0.017363553657866664,19.81300790358685,segment_coverage,car_supported,primary
transit:T1-1@1#813:27:28,transit,S_0005769,gtfs_shape_geometry_primary,1.0,1.0,0.22304840327735503,0.8353124983233613,segment_coverage,car_supported,primary
transit:T1-1@1#813:27:28,transit,S_0020195,gtfs_shape_geometry_primary,1.0,1.0,0.22068737463983015,2.576565296513195,segment_coverage,car_supported,primary
transit:T1-1@1#813:27:28,transit,S_0020196,gtfs_shape_geometry_primary,0.9260788577863546,0.9260788577863546,0.6324362659498147,9.092865375882738,both,car_supported,primary
transit:T1-1@1#813:27:28,transit,S_0020200,gtfs_shape_geometry_primary,0.7073202087996833,0.7073202087996833,0.36339946915009563,22.094102658379015,segment_coverage,car_supported,primary
transit:T6-2@1#828:5:6,transit,S_0019783,gtfs_shape_geometry_primary,0.9816071940731539,0.9816071940731539,0.1412822129551954,31.481091080271895,segment_coverage,car_supported,primary
transit:T12A-1@1#753:63:64,transit,S_0029303,gtfs_shape_geometry_primary,0.5370257473030617,0.5370257473030617,0.4330587219629999,2.7151171237196365,segment_coverage,car_supported,primary
transit:T12A-1@1#753:63:64,transit,S_0029298,gtfs_shape_geometry_primary,1.0,1.0,0.15567096120733587,4.459188709679708,segment_coverage,car_supported,primary
transit:T12A-1@1#753:63:64,transit,S_0047859,gtfs_shape_geometry_primary,0.6998140640447407,0.6998140640447407,0.07745358504493687,4.836839201782695,segment_coverage,car_supported,primary
transit:T12A-1@1#753:63:64,transit,S_0029299,gtfs_shape_geometry_primary,1.0,1.0,0.23030205732872433,0.552971354672465,segment_coverage,car_supported,primary
transit:T12A-1@1#753:63:64,transit,S_0047858,gtfs_shape_geometry_primary,1.0,1.0,0.11820202699180644,7.074936653057193,segment_coverage,car_supported,primary
transit:T12A-1@1#753:63:64,transit,S_0037880,gtfs_shape_geometry_primary,1.0,1.0,0.09280178590836294,0.7723034621439382,segment_coverage,car_supported,primary
transit:T12A-1@1#753:63:64,transit,S_0037870,gtfs_shape_geometry_primary,0.5303835019082431,0.5303835019082431,0.06296975964627906,2.55647746826898,segment_coverage,car_supported,primary
transit:T12A-1@1#819:21:22,transit,S_0049362,gtfs_shape_geometry_primary,0.8768049624332591,0.8768049624332591,0.1664482838946692,39.29383767612923,segment_coverage,car_supported,primary
transit:T12A-1@1#819:21:22,transit,S_0054588,gtfs_shape_geometry_primary,0.6251772479969415,0.6251772479969415,0.5567430363986394,2.7614526686956964,both,car_supported,primary
transit:T12-2@1#722:106:107,transit,S_0044444,gtfs_shape_geometry_primary,0.8590341779291789,0.8590341779291789,0.5783241844457829,19.205156659667637,both,car_supported,primary
transit:T5-1@1#822:12:13,transit,S_0033267,gtfs_shape_geometry_primary,0.7021008557909142,0.7021008557909142,0.2812947517189667,2.5767756364522114,segment_coverage,car_supported,primary
transit:B55-1@1#745:65:66,transit,S_0023267,gtfs_shape_geometry_primary,0.7683348959182924,0.7683348959182924,0.011154657198913218,1.789202976400027,segment_coverage,car_supported,primary
transit:B55-1@1#745:65:66,transit,S_0023263,gtfs_shape_geometry_primary,0.7180009704303623,0.7180009704303623,0.0573546219009675,1.1465665508744678,segment_coverage,car_supported,primary
transit:B55-1@1#745:65:66,transit,S_0023188,gtfs_shape_geometry_primary,0.9063937847137781,0.9063937847137781,0.0445015652474644,0.4296365088230374,segment_coverage,car_supported,primary
transit:B55-1@1#745:65:66,transit,S_0023325,gtfs_shape_geometry_primary,1.0,1.0,0.016713950900476893,1.6836857603703805,segment_coverage,car_supported,primary
transit:B55-1@1#745:65:66,transit,S_0023336,gtfs_shape_geometry_primary,1.0,1.0,0.00913775493867126,0.043424002126897676,segment_coverage,car_supported,primary
transit:B55-1@1#745:65:66,transit,S_0001211,gtfs_shape_geometry_primary,1.0,1.0,0.03967645544252703,0.7910273564012869,segment_coverage,car_supported,primary
transit:B55-1@1#745:65:66,transit,S_0048441,gtfs_shape_geometry_primary,0.7154692689679314,0.7154692689679314,0.01629571227129022,16.097691182827703,segment_coverage,car_supported,primary
transit:B55-1@1#745:65:66,transit,S_0023316,gtfs_shape_geometry_primary,0.6798595986397674,0.6798595986397674,0.015232726032744656,17.991136150412984,segment_coverage,car_supported,primary
transit:B55-1@1#745:65:66,transit,S_0001202,gtfs_shape_geometry_primary,1.0,1.0,0.037406115425977465,17.805579436627454,segment_coverage,car_supported,primary
transit:B55-1@1#745:65:66,transit,S_0023314,gtfs_shape_geometry_primary,1.0,1.0,0.015083073198878052,11.349431573825669,segment_coverage,car_supported,primary
transit:B55-1@1#745:65:66,transit,S_0043328,gtfs_shape_geometry_primary,1.0,1.0,0.01797859174656578,4.613341187561076,segment_coverage,car_supported,primary
transit:B55-1@1#745:65:66,transit,S_0023190,gtfs_shape_geometry_primary,1.0,1.0,0.015629869271126126,0.4550131956836907,segment_coverage,car_supported,primary
transit:B55-1@1#745:65:66,transit,S_0047667,gtfs_shape_geometry_primary,1.0,1.0,0.03070688666529653,0.40983547636936635,segment_coverage,car_supported,primary
transit:B55-1@1#745:65:66,transit,S_0023179,gtfs_shape_geometry_primary,1.0,1.0,0.013811383947594591,0.41890429115683503,segment_coverage,car_supported,primary
transit:B55-1@1#745:65:66,transit,S_0023180,gtfs_shape_geometry_primary,1.0,1.0,0.025530926711419655,0.44192440747309547,segment_coverage,car_supported,primary
transit:B55-1@1#745:65:66,transit,S_0056377,gtfs_shape_geometry_primary,1.0,1.0,0.018478724761684603,19.81300790358685,segment_coverage,car_supported,primary
transit:T8-2@1#818:13:14,transit,S_0017030,gtfs_shape_geometry_primary,0.5947262827736343,0.5947262827736343,0.21099094464282625,35.25994117904451,segment_coverage,car_supported,primary
transit:T8-2@1#818:13:14,transit,S_0017029,gtfs_shape_geometry_primary,0.5586682296221617,0.5586682296221617,0.47872987233600145,9.613938428197798,segment_coverage,car_supported,primary
transit:T8-2@1#818:13:14,transit,S_0027355,gtfs_shape_geometry_primary,0.8710022899079721,0.8710022899079721,0.30284044579845715,7.281178441925206,segment_coverage,car_supported,primary
transit:T8-2@1#818:13:14,transit,S_0017322,gtfs_shape_geometry_primary,1.0,1.0,0.2037362172310519,1.1041188372104784,segment_coverage,car_supported,primary
transit:T8-2@1#818:13:14,transit,S_0027354,gtfs_shape_geometry_primary,1.0,1.0,0.1522020643056899,1.0570450100602073,segment_coverage,car_supported,primary
transit:T8-2@1#818:13:14,transit,S_0051258,gtfs_shape_geometry_primary,0.6339570328199574,0.6339570328199574,0.21912527487406266,3.6585109746894346,segment_coverage,car_supported,primary
transit:T12A-1@1#819:22:23,transit,S_0049366,gtfs_shape_geometry_primary,0.9862265009685051,0.9862265009685051,0.14145808615898772,33.39904165974683,segment_coverage,car_supported,primary
transit:T12A-1@1#819:22:23,transit,S_0049362,gtfs_shape_geometry_primary,0.7479782078741762,0.7479782078741762,0.06643993151547413,38.73743237317119,segment_coverage,car_supported,primary
transit:268-1@1#730:91:92,transit,S_0059626,gtfs_shape_geometry_primary,0.5143665722806174,0.5143665722806174,0.13515985129119998,32.4179202581451,segment_coverage,car_supported,primary
transit:6372-1@1#750:57:58,transit,S_0055110,gtfs_shape_geometry_primary,1.0,1.0,0.2970619457691438,1.0712130616494164,segment_coverage,car_supported,primary
transit:6372-1@1#750:57:58,transit,S_0013908,gtfs_shape_geometry_primary,1.0,1.0,0.1440019785987097,31.639327880738122,segment_coverage,car_supported,primary
transit:B55-1@1#745:66:67,transit,S_0023267,gtfs_shape_geometry_primary,0.7683348959158146,0.7683348959158146,0.39661760984511085,5.105791896651816,segment_coverage,car_supported,primary
transit:T5-1@1#822:13:14,transit,S_0012748,gtfs_shape_geometry_primary,0.683024027889497,0.683024027889497,0.3053148372608452,17.97391353011649,segment_coverage,car_supported,primary
transit:T1-1@1#813:29:30,transit,S_0022162,gtfs_shape_geometry_primary,0.9407521418895596,0.9407521418895596,0.7102063560160912,10.874372930055173,both,car_supported,primary
transit:731-1@1#815:26:27,transit,S_0030738,gtfs_shape_geometry_primary,1.0,1.0,0.9281396638940519,0.3510886712911656,both,car_supported,primary
transit:T8-2@1#818:14:15,transit,S_0051258,gtfs_shape_geometry_primary,0.7728197472349111,0.7728197472349111,0.2439413350739764,9.896766282540739,segment_coverage,car_supported,primary
transit:T8-2@1#818:14:15,transit,S_0028067,gtfs_shape_geometry_primary,1.0,1.0,0.10237258247074524,15.864079479901235,segment_coverage,car_supported,primary
transit:375-1@1#750:50:51,transit,S_0021352,gtfs_shape_geometry_primary,0.8921094940270197,0.8921094940270197,0.6480210783493713,6.569094243390907,both,car_supported,primary
transit:2672-1@1#732:90:91,transit,S_0008633,gtfs_shape_geometry_primary,0.5372361346561846,0.5372361346561846,0.25866393325030834,3.569961601432283,segment_coverage,car_supported,primary
transit:T3-2@1#747:61:62,transit,S_0035442,gtfs_shape_geometry_primary,1.0,1.0,0.2275516449591656,1.1269695076342146,segment_coverage,car_supported,primary
transit:T3-2@1#747:61:62,transit,S_0058164,gtfs_shape_geometry_primary,1.0,1.0,0.09673113602685585,0.9249628238531784,segment_coverage,car_supported,primary
transit:T3-2@1#747:61:62,transit,S_0058163,gtfs_shape_geometry_primary,1.0,1.0,0.10565412311374242,1.275549675149108,segment_coverage,car_supported,primary
transit:T3-2@1#747:61:62,transit,S_0058162,gtfs_shape_geometry_primary,1.0,1.0,0.10517177464876958,1.4137666890121068,segment_coverage,car_supported,primary
transit:T3-2@1#747:61:62,transit,S_0017631,gtfs_shape_geometry_primary,1.0,1.0,0.2066210777166931,1.5259940022100125,segment_coverage,car_supported,primary
transit:T3-2@1#747:61:62,transit,S_0058161,gtfs_shape_geometry_primary,1.0,1.0,0.10534555096928579,1.4608996830493766,segment_coverage,car_supported,primary
transit:T3-2@1#747:61:62,transit,S_0057636,gtfs_shape_geometry_primary,1.0,1.0,0.12731891278099475,0.6381506708611084,segment_coverage,car_supported,primary
transit:T3-2@1#747:61:62,transit,S_0017629,gtfs_shape_geometry_primary,1.0,1.0,0.10212875514139423,0.5438389718710823,segment_coverage,car_supported,primary
transit:T3-2@1#747:61:62,transit,S_0056402,gtfs_shape_geometry_primary,1.0,1.0,0.10192953713351367,0.5476906859257724,segment_coverage,car_supported,primary
transit:T3-2@1#747:61:62,transit,S_0035496,gtfs_shape_geometry_primary,0.9782663393311323,0.9782663393311323,0.26095571828122144,0.022162893319318755,segment_coverage,car_supported,primary
transit:T6-2@1#828:7:8,transit,S_0021480,gtfs_shape_geometry_primary,0.5416448223898587,0.4353853008338219,0.5416448223898587,23.11159669487745,shape_coverage,car_supported,primary
transit:T6-2@1#828:7:8,transit,S_0019877,gtfs_shape_geometry_primary,1.0,1.0,0.5045045450665547,0.5931750550832362,both,car_supported,primary
transit:T6-2@1#828:7:8,transit,S_0019507,gtfs_shape_geometry_primary,1.0,1.0,0.4530147766479689,2.0236341000902343,segment_coverage,car_supported,primary
transit:621-2@1#807:35:36,transit,S_0026041,gtfs_shape_geometry_primary,1.0,1.0,0.11104906906695046,3.7367712228812806,segment_coverage,car_supported,primary
transit:T6-1@1#753:45:46,transit,S_0020839,gtfs_shape_geometry_primary,0.9022641545843013,0.9022641545843013,0.16434459566181325,13.639319673248593,segment_coverage,car_supported,primary
transit:731-1@1#815:27:28,transit,S_0030737,gtfs_shape_geometry_primary,1.0,0.8628186932742093,1.0,0.5983336439719835,both,car_supported,primary
transit:T3-2@1#758:47:48,transit,S_0014377,gtfs_shape_geometry_primary,0.7387666289732195,0.7387666289732195,0.2856842622004212,22.123524019832217,segment_coverage,car_supported,primary
transit:T3-2@1#758:47:48,transit,S_0038899,gtfs_shape_geometry_primary,0.6285838721514374,0.6285838721514374,0.13133211070262632,32.94469964793558,segment_coverage,car_supported,primary
transit:T3-2@1#758:47:48,transit,S_0019781,gtfs_shape_geometry_primary,1.0,1.0,0.4168104183567031,2.4169526376638117,segment_coverage,car_supported,primary
transit:E703-2@1#800:44:45,transit,S_0041272,gtfs_shape_geometry_primary,0.8154038908629433,0.8154038908629433,0.003712544371228905,1.1022615551947013,segment_coverage,car_supported,primary
transit:E703-2@1#800:44:45,transit,S_0018417,gtfs_shape_geometry_primary,0.9246602959630802,0.9246602959630802,0.026384743243664244,8.495233731751966,segment_coverage,car_supported,primary
transit:E703-2@1#800:44:45,transit,S_0019218,gtfs_shape_geometry_primary,0.6075268543979692,0.6075268543979692,0.008753866245041902,28.30603451187551,segment_coverage,car_supported,primary
transit:E703-2@1#800:44:45,transit,S_0057728,gtfs_shape_geometry_primary,0.6297204096402229,0.6297204096402229,0.004502447947368719,21.048221131737307,segment_coverage,car_supported,primary
transit:E703-2@1#800:44:45,transit,S_0018438,gtfs_shape_geometry_primary,1.0,1.0,0.009125122842295327,3.038834386490592,segment_coverage,car_supported,primary
transit:E703-2@1#800:44:45,transit,S_0008238,gtfs_shape_geometry_primary,1.0,1.0,0.020975219850558238,2.294454873650153,segment_coverage,car_supported,primary
transit:E703-2@1#800:44:45,transit,S_0008239,gtfs_shape_geometry_primary,1.0,1.0,0.014238906554924987,0.18795631260340429,segment_coverage,car_supported,primary
transit:E703-2@1#800:44:45,transit,S_0057185,gtfs_shape_geometry_primary,1.0,1.0,0.005268399502746586,5.758258879914422,segment_coverage,car_supported,primary
transit:E703-2@1#800:44:45,transit,S_0057740,gtfs_shape_geometry_primary,1.0,1.0,0.0077823280264195825,5.774789114420869,segment_coverage,car_supported,primary
transit:E703-2@1#800:44:45,transit,S_0018440,gtfs_shape_geometry_primary,1.0,1.0,0.009108311512558916,7.800880006437353,segment_coverage,car_supported,primary
transit:E703-2@1#800:44:45,transit,S_0041733,gtfs_shape_geometry_primary,1.0,1.0,0.014513166105265547,0.8161480824993674,segment_coverage,car_supported,primary
transit:E703-2@1#800:44:45,transit,S_0041735,gtfs_shape_geometry_primary,1.0,1.0,0.004867984321889488,2.741405169377245,segment_coverage,car_supported,primary
transit:E703-2@1#800:44:45,transit,S_0041730,gtfs_shape_geometry_primary,1.0,1.0,0.014703408332881026,0.19540024290911617,segment_coverage,car_supported,primary
transit:E703-2@1#800:44:45,transit,S_0046269,gtfs_shape_geometry_primary,0.8017338305718711,0.8017338305718711,0.00513507035765306,3.5846383649537756,segment_coverage,car_supported,primary
transit:E703-2@1#800:44:45,transit,S_0041728,gtfs_shape_geometry_primary,1.0,1.0,0.007054415818189223,0.6938396388529355,segment_coverage,car_supported,primary
transit:E703-2@1#800:44:45,transit,S_0041724,gtfs_shape_geometry_primary,1.0,1.0,0.012701490527199924,0.991991219145973,segment_coverage,car_supported,primary
transit:E703-2@1#800:44:45,transit,S_0041725,gtfs_shape_geometry_primary,1.0,1.0,0.01247720514447346,1.2063212934054661,segment_coverage,car_supported,primary
transit:E703-2@1#800:44:45,transit,S_0041714,gtfs_shape_geometry_primary,1.0,1.0,0.006508186764433795,1.2262798491884865,segment_coverage,car_supported,primary
transit:E703-2@1#800:44:45,transit,S_0041701,gtfs_shape_geometry_primary,1.0,1.0,0.014200919793455159,0.4364386954839148,segment_coverage,car_supported,primary
transit:E703-2@1#800:44:45,transit,S_0041680,gtfs_shape_geometry_primary,1.0,1.0,0.013237643201218154,0.8492534972450869,segment_coverage,car_supported,primary
transit:E703-2@1#800:44:45,transit,S_0041667,gtfs_shape_geometry_primary,1.0,1.0,0.012304764993545662,0.14133969921638823,segment_coverage,car_supported,primary
transit:E703-2@1#800:44:45,transit,S_0041700,gtfs_shape_geometry_primary,1.0,1.0,0.006646234566743801,0.5774622159416936,segment_coverage,car_supported,primary
transit:E703-2@1#800:44:45,transit,S_0041666,gtfs_shape_geometry_primary,1.0,1.0,0.008529038715535394,0.22485529464560727,segment_coverage,car_supported,primary
transit:E703-2@1#800:44:45,transit,S_0023176,gtfs_shape_geometry_primary,1.0,1.0,0.011903092312726486,0.10118778861792066,segment_coverage,car_supported,primary
transit:731-1@1#815:28:29,transit,S_0005746,gtfs_shape_geometry_primary,1.0,1.0,0.16279187862115632,0.515402945499531,segment_coverage,car_supported,primary
transit:731-1@1#815:28:29,transit,S_0005747,gtfs_shape_geometry_primary,1.0,1.0,0.40086107964475565,0.18027409775230296,segment_coverage,car_supported,primary
transit:731-1@1#815:28:29,transit,S_0005745,gtfs_shape_geometry_primary,1.0,1.0,0.6244948856484401,7.279934003601269,both,car_supported,primary
transit:731-1@1#815:28:29,transit,S_0055660,gtfs_shape_geometry_primary,1.0,1.0,0.2868800534973909,3.8056908504579923,segment_coverage,car_supported,primary
transit:731-1@1#815:28:29,transit,S_0026187,gtfs_shape_geometry_primary,1.0,1.0,0.2166514387202723,3.509583470026598,segment_coverage,car_supported,primary
transit:731-1@1#815:28:29,transit,S_0042706,gtfs_shape_geometry_primary,0.7896612857840988,0.7896612857840988,0.4472334522436132,1.5178215663793964,segment_coverage,car_supported,primary
transit:731-1@1#815:28:29,transit,S_0026186,gtfs_shape_geometry_primary,0.7818316802634097,0.7818316802634097,0.43906768436179255,0.3468936561397129,segment_coverage,car_supported,primary
transit:T8-2@1#818:15:16,transit,S_0043159,gtfs_shape_geometry_primary,0.841117584952755,0.7821470210352319,0.841117584952755,3.566811112909562,both,car_supported,primary
transit:T8-2@1#818:15:16,transit,S_0017444,gtfs_shape_geometry_primary,0.9315507564863189,0.8630667404817439,0.9315507564863189,2.2947875452904896,both,car_supported,primary
transit:T8-2@1#818:15:16,transit,S_0031201,gtfs_shape_geometry_primary,0.5861340361381396,0.5861340361381396,0.2280937336713025,0.1916771733914544,segment_coverage,car_supported,primary
transit:T8-2@1#818:15:16,transit,S_0017443,gtfs_shape_geometry_primary,0.6127515834208599,0.6127515834208599,0.2086923815218109,2.9542544217575255,segment_coverage,car_supported,primary
transit:621-2@1#807:36:37,transit,S_0026044,gtfs_shape_geometry_primary,0.7668959677100927,0.7668959677100927,0.5573925516097724,5.603929202243201,both,car_supported,primary
transit:621-2@1#807:36:37,transit,S_0026047,gtfs_shape_geometry_primary,0.7995578505812913,0.7995578505812913,0.4562129474965026,2.092213606076186,segment_coverage,car_supported,primary
transit:286-2@1#740:89:90,transit,S_0029303,gtfs_shape_geometry_primary,0.5370257473030617,0.5370257473030617,0.38538893398152846,2.7151171237196507,segment_coverage,car_supported,primary
transit:286-2@1#740:89:90,transit,S_0029298,gtfs_shape_geometry_primary,1.0,1.0,0.13853517490568137,4.459188709679708,segment_coverage,car_supported,primary
transit:286-2@1#740:89:90,transit,S_0047859,gtfs_shape_geometry_primary,0.6998140640447407,0.6998140640447407,0.06892772979657527,4.836839201782695,segment_coverage,car_supported,primary
transit:286-2@1#740:89:90,transit,S_0029299,gtfs_shape_geometry_primary,1.0,1.0,0.1773172209388297,0.5536337373530387,segment_coverage,car_supported,primary
transit:286-2@1#740:89:90,transit,S_0047858,gtfs_shape_geometry_primary,1.0,1.0,0.0775568212521264,7.07493665304041,segment_coverage,car_supported,primary
transit:286-2@1#740:89:90,transit,S_0037880,gtfs_shape_geometry_primary,1.0,1.0,0.0549525615118751,0.7723034619801155,segment_coverage,car_supported,primary
transit:T12A-1@1#753:67:68,transit,S_0037698,gtfs_shape_geometry_primary,0.9387304780385954,0.9387304780385954,0.44007155029667006,1.1640593737784002,segment_coverage,car_supported,primary
transit:T12A-1@1#753:67:68,transit,S_0051281,gtfs_shape_geometry_primary,0.9439625844689704,0.9439625844689704,0.46735271962872177,1.5826333500613003,segment_coverage,car_supported,primary
transit:T12A-1@1#753:67:68,transit,S_0037700,gtfs_shape_geometry_primary,1.0,1.0,0.249214231679491,23.040675615268157,segment_coverage,car_supported,primary
transit:T12A-1@1#753:67:68,transit,S_0029311,gtfs_shape_geometry_primary,0.6723093537148804,0.6723093537148804,0.170528651530732,33.53440442759842,segment_coverage,car_supported,primary
transit:T6-2@1#828:8:9,transit,S_0019879,gtfs_shape_geometry_primary,1.0,0.5794316878726733,1.0,0.26104343057733104,both,car_supported,primary
transit:T6-2@1#828:8:9,transit,S_0026223,gtfs_shape_geometry_primary,1.0,0.510433123453599,1.0,0.6650578992396703,both,car_supported,primary
transit:T3-2@1#758:48:49,transit,S_0051823,gtfs_shape_geometry_primary,1.0,1.0,0.24061533626842363,0.4900620668304043,segment_coverage,car_supported,primary
transit:T3-2@1#758:48:49,transit,S_0030273,gtfs_shape_geometry_primary,1.0,1.0,0.3439158750694483,2.0437865532449138,segment_coverage,car_supported,primary
transit:T3-2@1#758:48:49,transit,S_0051821,gtfs_shape_geometry_primary,1.0,1.0,0.2893084968347399,0.7699802099589448,segment_coverage,car_supported,primary
transit:T3-2@1#758:48:49,transit,S_0021492,gtfs_shape_geometry_primary,1.0,1.0,0.12096742715619795,1.5766549699296206,segment_coverage,car_supported,primary
transit:T3-2@1#758:48:49,transit,S_0019783,gtfs_shape_geometry_primary,1.0,1.0,0.18488904925788308,2.0087359853532405,segment_coverage,car_supported,primary
transit:T3-2@1#758:48:49,transit,S_0011876,gtfs_shape_geometry_primary,1.0,1.0,0.14022795642607835,6.791938958230389,segment_coverage,car_supported,primary
transit:T3-2@1#758:48:49,transit,S_0011866,gtfs_shape_geometry_primary,1.0,1.0,0.21354298757516887,7.811421622460088,segment_coverage,car_supported,primary
transit:T3-2@1#758:48:49,transit,S_0011867,gtfs_shape_geometry_primary,1.0,1.0,0.29838738363946005,14.01486952368326,segment_coverage,car_supported,primary
transit:T3-2@1#758:48:49,transit,S_0057474,gtfs_shape_geometry_primary,0.9783538094912374,0.9783538094912374,0.10418707678270224,23.053718112977123,segment_coverage,car_supported,primary
transit:T3-2@1#758:48:49,transit,S_0058676,gtfs_shape_geometry_primary,1.0,1.0,0.10925821723107512,0.25533983654506187,segment_coverage,car_supported,primary
transit:T3-2@1#758:48:49,transit,S_0057476,gtfs_shape_geometry_primary,1.0,1.0,0.13139792952766258,0.23528641507853365,segment_coverage,car_supported,primary
transit:T3-2@1#758:48:49,transit,S_0057349,gtfs_shape_geometry_primary,1.0,1.0,0.1479261857553877,29.709812311420492,segment_coverage,car_supported,primary
transit:T3-2@1#758:48:49,transit,S_0057350,gtfs_shape_geometry_primary,1.0,1.0,0.13803187940553077,17.458631207436923,segment_coverage,car_supported,primary
transit:T3-2@1#758:48:49,transit,S_0057351,gtfs_shape_geometry_primary,1.0,1.0,0.19638489809057805,0.4528564591063997,segment_coverage,car_supported,primary
transit:E703-2@1#800:45:46,transit,S_0041856,gtfs_shape_geometry_primary,1.0,1.0,0.020735169228903096,0.7266816795142574,segment_coverage,car_supported,primary
transit:E703-2@1#800:45:46,transit,S_0023170,gtfs_shape_geometry_primary,1.0,1.0,0.02392988247241831,0.44138493811240664,segment_coverage,car_supported,primary
transit:E703-2@1#800:45:46,transit,S_0023172,gtfs_shape_geometry_primary,1.0,1.0,0.02395537808080495,0.447884016945693,segment_coverage,car_supported,primary
transit:E703-2@1#800:45:46,transit,S_0041887,gtfs_shape_geometry_primary,1.0,1.0,0.021711602514012197,0.615035943598798,segment_coverage,car_supported,primary
transit:E703-2@1#800:45:46,transit,S_0046174,gtfs_shape_geometry_primary,1.0,1.0,0.02165235984784345,0.21822722515608461,segment_coverage,car_supported,primary
transit:E703-2@1#800:45:46,transit,S_0046176,gtfs_shape_geometry_primary,1.0,1.0,0.030093780364187712,10.513658801153639,segment_coverage,car_supported,primary
transit:E703-2@1#800:45:46,transit,S_0041877,gtfs_shape_geometry_primary,1.0,1.0,0.019447781679095565,7.72188283404715,segment_coverage,car_supported,primary
transit:E703-2@1#800:45:46,transit,S_0013871,gtfs_shape_geometry_primary,0.8781955838014993,0.8781955838014993,0.044563717070705826,22.0678107342936,segment_coverage,car_supported,primary
transit:E703-2@1#800:45:46,transit,S_0046170,gtfs_shape_geometry_primary,0.627510451183989,0.627510451183989,0.024117021483566373,3.0753585696074204,segment_coverage,car_supported,primary
transit:E703-2@1#800:45:46,transit,S_0014997,gtfs_shape_geometry_primary,1.0,1.0,0.02016664114659095,44.597956039381444,segment_coverage,car_supported,primary
transit:E703-2@1#800:45:46,transit,S_0043150,gtfs_shape_geometry_primary,0.5224624329600789,0.5224624329600789,0.01987786958235101,41.14081082451004,segment_coverage,car_supported,primary
transit:E703-2@1#800:45:46,transit,S_0014994,gtfs_shape_geometry_primary,1.0,1.0,0.023750338684498825,6.482467353148621,segment_coverage,car_supported,primary
transit:E703-2@1#800:45:46,transit,S_0014992,gtfs_shape_geometry_primary,1.0,1.0,0.0199700361187016,30.99854352712299,segment_coverage,car_supported,primary
transit:T6-1@1#753:46:47,transit,S_0020841,gtfs_shape_geometry_primary,0.5835731232300618,0.5835731232300618,0.1045507200352703,26.183397717378682,segment_coverage,car_supported,primary
transit:T1-1@1#813:31:32,transit,S_0036019,gtfs_shape_geometry_primary,1.0,1.0,0.3259681043716294,27.19639295413802,segment_coverage,car_supported,primary
transit:T1-1@1#813:31:32,transit,S_0013968,gtfs_shape_geometry_primary,1.0,1.0,0.22946398507731275,0.8267169043246412,segment_coverage,car_supported,primary
transit:4382-2@1#831:5:6,transit,S_0030998,gtfs_shape_geometry_primary,0.5519265002087773,0.5519265002087773,0.019316301361106288,42.42187009491391,segment_coverage,car_supported,primary
transit:4382-2@1#831:5:6,transit,S_0003271,gtfs_shape_geometry_primary,1.0,1.0,0.032055415303306974,44.28029060697352,segment_coverage,car_supported,primary
transit:4382-2@1#831:5:6,transit,S_0003270,gtfs_shape_geometry_primary,1.0,1.0,0.023503150733524648,43.75874064961087,segment_coverage,car_supported,primary
transit:4382-2@1#831:5:6,transit,S_0015571,gtfs_shape_geometry_primary,1.0,1.0,0.027247902946840166,1.2282312140999352,segment_coverage,car_supported,primary
transit:4382-2@1#831:5:6,transit,S_0051360,gtfs_shape_geometry_primary,1.0,1.0,0.024029989696894037,44.17230002663088,segment_coverage,car_supported,primary
transit:4382-2@1#831:5:6,transit,S_0057105,gtfs_shape_geometry_primary,1.0,1.0,0.03737731533728616,18.30388864284133,segment_coverage,car_supported,primary
transit:4382-2@1#831:5:6,transit,S_0059360,gtfs_shape_geometry_primary,1.0,1.0,0.05371368768481558,2.6482410797031264,segment_coverage,car_supported,primary
transit:4382-2@1#831:5:6,transit,S_0018400,gtfs_shape_geometry_primary,1.0,1.0,0.05386880711912111,6.83034024953686,segment_coverage,car_supported,primary
transit:4382-2@1#831:5:6,transit,S_0041272,gtfs_shape_geometry_primary,1.0,1.0,0.03925846048079775,1.1443392656567255,segment_coverage,car_supported,primary
transit:4382-2@1#831:5:6,transit,S_0057970,gtfs_shape_geometry_primary,0.7685501101189469,0.7685501101189469,0.1861532422094116,2.9241445530289667,segment_coverage,car_supported,primary
transit:4382-2@1#831:5:6,transit,S_0006189,gtfs_shape_geometry_primary,1.0,1.0,0.052561132454166166,5.416787067734376,segment_coverage,car_supported,primary
transit:4382-2@1#831:5:6,transit,S_0003313,gtfs_shape_geometry_primary,1.0,1.0,0.08084710082638977,4.9198065627292635,segment_coverage,car_supported,primary
transit:4382-2@1#831:5:6,transit,S_0006220,gtfs_shape_geometry_primary,1.0,1.0,0.06625663737622345,1.1864253735578956,segment_coverage,car_supported,primary
transit:4382-2@1#831:5:6,transit,S_0017648,gtfs_shape_geometry_primary,0.9698274970032233,0.9698274970032233,0.14222105567086313,6.118447731978421,segment_coverage,car_supported,primary
transit:4382-2@1#831:5:6,transit,S_0058378,gtfs_shape_geometry_primary,0.7563196691994785,0.7563196691994785,0.27311410323469437,13.863536826171625,segment_coverage,car_supported,primary
transit:731-1@1#815:29:30,transit,S_0049924,gtfs_shape_geometry_primary,1.0,1.0,0.8053773812403395,11.326933598990848,both,car_supported,primary
transit:731-1@1#815:29:30,transit,S_0010673,gtfs_shape_geometry_primary,1.0,1.0,0.6144941150871766,2.4706922713854453,both,car_supported,primary
transit:731-1@1#815:29:30,transit,S_0010676,gtfs_shape_geometry_primary,0.9794808349962987,0.9794808349962987,0.7984288293812237,3.421588740226099,both,car_supported,primary
transit:2672-1@1#732:92:93,transit,S_0053288,gtfs_shape_geometry_primary,1.0,1.0,0.19856152319527456,14.828674025776195,segment_coverage,car_supported,primary
transit:286-2@1#740:90:91,transit,S_0037880,gtfs_shape_geometry_primary,1.0,1.0,0.09037091915305101,0.7723034620468638,segment_coverage,car_supported,primary
transit:286-2@1#740:90:91,transit,S_0037870,gtfs_shape_geometry_primary,1.0,1.0,0.23674318788792115,3.518788135872285,segment_coverage,car_supported,primary
transit:286-2@1#740:90:91,transit,S_0047856,gtfs_shape_geometry_primary,1.0,1.0,0.3449957082622079,1.5958890378599477,segment_coverage,car_supported,primary
transit:286-2@1#740:90:91,transit,S_0037849,gtfs_shape_geometry_primary,1.0,1.0,0.4294153404271392,5.085847594642502,segment_coverage,car_supported,primary
transit:286-2@1#740:90:91,transit,S_0047857,gtfs_shape_geometry_primary,1.0,1.0,0.214127001085173,8.462591511332107,segment_coverage,car_supported,primary
transit:286-2@1#740:90:91,transit,S_0037830,gtfs_shape_geometry_primary,1.0,1.0,0.5556095537743863,1.6113135705595454,both,car_supported,primary
transit:286-2@1#740:90:91,transit,S_0005005,gtfs_shape_geometry_primary,0.678654240226003,0.678654240226003,0.6750974361146518,1.157265486077506,both,car_supported,primary
transit:T12A-1@1#753:68:69,transit,S_0019082,gtfs_shape_geometry_primary,0.889449101568315,0.889449101568315,0.5141171018858242,7.73985749691262,both,car_supported,primary
transit:T12A-1@1#753:68:69,transit,S_0029312,gtfs_shape_geometry_primary,0.8877811425120713,0.8877811425120713,0.4292102008360799,5.916155476820549,segment_coverage,car_supported,primary
transit:T12A-1@1#753:68:69,transit,S_0019083,gtfs_shape_geometry_primary,1.0,1.0,0.1717704874034493,4.561429838715185,segment_coverage,car_supported,primary
transit:T12A-1@1#753:68:69,transit,S_0029313,gtfs_shape_geometry_primary,1.0,1.0,0.1623397243278687,4.236210160677956,segment_coverage,car_supported,primary
transit:T8-2@1#818:16:17,transit,S_0031201,gtfs_shape_geometry_primary,0.6096239579620589,0.6096239579620589,0.26821908327129934,0.17944779014574408,segment_coverage,car_supported,primary
transit:T8-2@1#818:16:17,transit,S_0017443,gtfs_shape_geometry_primary,0.8029756185348297,0.8029756185348297,0.31127925212435087,2.941037890073275,segment_coverage,car_supported,primary
transit:T8-2@1#818:16:17,transit,S_0031202,gtfs_shape_geometry_primary,1.0,1.0,0.21304937834139953,2.103217864435493,segment_coverage,car_supported,primary
transit:T8-2@1#818:16:17,transit,S_0010623,gtfs_shape_geometry_primary,1.0,1.0,0.17792615473099765,0.5870625059603753,segment_coverage,car_supported,primary
transit:T8-2@1#818:16:17,transit,S_0010625,gtfs_shape_geometry_primary,1.0,1.0,0.21033052294835777,2.325572864388789,segment_coverage,car_supported,primary
transit:T8-2@1#818:16:17,transit,S_0017323,gtfs_shape_geometry_primary,1.0,1.0,0.6314538905963129,0.24951757268091512,both,car_supported,primary
transit:T8-2@1#818:16:17,transit,S_0010626,gtfs_shape_geometry_primary,1.0,1.0,0.1791944448062081,3.8381407902040507,segment_coverage,car_supported,primary
transit:T8-2@1#818:16:17,transit,S_0010624,gtfs_shape_geometry_primary,1.0,1.0,0.16080667450599728,1.3205980648345985,segment_coverage,car_supported,primary
transit:T8-2@1#818:16:17,transit,S_0051761,gtfs_shape_geometry_primary,1.0,1.0,0.23981539716105613,3.791043276717488,segment_coverage,car_supported,primary
transit:T8-2@1#818:16:17,transit,S_0017446,gtfs_shape_geometry_primary,1.0,1.0,0.2093665730736523,0.08473997508139064,segment_coverage,car_supported,primary
transit:T8-2@1#818:16:17,transit,S_0010611,gtfs_shape_geometry_primary,1.0,1.0,0.13166789824951655,0.6111919393554217,segment_coverage,car_supported,primary
transit:T8-2@1#818:16:17,transit,S_0010612,gtfs_shape_geometry_primary,0.7032113301202889,0.7032113301202889,0.36722408779619375,2.2690411320288035,segment_coverage,car_supported,primary
transit:T8-2@1#818:16:17,transit,S_0017325,gtfs_shape_geometry_primary,1.0,1.0,0.14723860045852882,6.703874900982967,segment_coverage,car_supported,primary
transit:375-1@1#750:52:53,transit,S_0007924,gtfs_shape_geometry_primary,1.0,1.0,0.09587717292634329,31.146390846294494,segment_coverage,car_supported,primary
transit:375-1@1#750:52:53,transit,S_0021309,gtfs_shape_geometry_primary,0.7864313894479987,0.7864313894479987,0.09638851700573249,21.9400531686707,segment_coverage,car_supported,primary
transit:375-1@1#750:52:53,transit,S_0049223,gtfs_shape_geometry_primary,1.0,1.0,0.11859992789734468,39.55663913087821,segment_coverage,car_supported,primary
transit:375-1@1#750:52:53,transit,S_0021312,gtfs_shape_geometry_primary,1.0,1.0,0.11984404054888782,0.6673650212957654,segment_coverage,car_supported,primary
transit:375-1@1#750:52:53,transit,S_0021306,gtfs_shape_geometry_primary,1.0,1.0,0.16497026200103784,5.251710993997861,segment_coverage,car_supported,primary
transit:375-1@1#750:52:53,transit,S_0021305,gtfs_shape_geometry_primary,1.0,1.0,0.14779835788043313,5.572598536298813,segment_coverage,car_supported,primary
transit:5203-1@1#811:27:28,transit,S_0019774,gtfs_shape_geometry_primary,1.0,1.0,0.4625132783342445,17.80292325306862,segment_coverage,car_supported,primary
transit:T3-2@1#758:49:50,transit,S_0057663,gtfs_shape_geometry_primary,1.0,1.0,0.1501139964026379,1.1285822060806368,segment_coverage,car_supported,primary
transit:T3-2@1#758:49:50,transit,S_0057969,gtfs_shape_geometry_primary,0.7761195007532214,0.7761195007532214,0.272305124526485,3.4795969657302948,segment_coverage,car_supported,primary
transit:T3-2@1#758:49:50,transit,S_0057662,gtfs_shape_geometry_primary,1.0,1.0,0.4270545105401379,2.720357602342304,segment_coverage,car_supported,primary
transit:T3-2@1#758:49:50,transit,S_0057660,gtfs_shape_geometry_primary,1.0,1.0,0.8378670626892512,1.705211759061001,both,car_supported,primary
transit:T3-2@1#758:49:50,transit,S_0057658,gtfs_shape_geometry_primary,0.9366601223968178,0.9366601223968178,0.7849044472626491,2.038855873379532,both,car_supported,primary
transit:T3-2@1#758:49:50,transit,S_0017563,gtfs_shape_geometry_primary,1.0,1.0,0.10766811721947961,28.961180096087347,segment_coverage,car_supported,primary
transit:T3-2@1#758:49:50,transit,S_0021767,gtfs_shape_geometry_primary,0.7147481187401782,0.7147481187401782,0.0447167976446566,6.837656199950658,segment_coverage,car_supported,primary
transit:T3-2@1#758:49:50,transit,S_0057629,gtfs_shape_geometry_primary,1.0,1.0,0.08640370234488022,29.277808458855446,segment_coverage,car_supported,primary
transit:T3-2@1#758:49:50,transit,S_0057967,gtfs_shape_geometry_primary,1.0,1.0,0.056899624255847076,26.288580744713315,segment_coverage,car_supported,primary
transit:T3-2@1#758:49:50,transit,S_0057966,gtfs_shape_geometry_primary,1.0,1.0,0.06579033912753925,3.662621199889216,segment_coverage,car_supported,primary
transit:T3-2@1#758:49:50,transit,S_0057659,gtfs_shape_geometry_primary,1.0,1.0,0.3121795512861515,3.6229156865916963,segment_coverage,car_supported,primary
transit:T3-2@1#758:49:50,transit,S_0045053,gtfs_shape_geometry_primary,1.0,1.0,0.4267920402767281,1.693847786272002,segment_coverage,car_supported,primary
transit:T3-2@1#758:49:50,transit,S_0057661,gtfs_shape_geometry_primary,1.0,1.0,0.13338359900714106,0.5425433596656717,segment_coverage,car_supported,primary
transit:T1-1@1#813:32:33,transit,S_0006313,gtfs_shape_geometry_primary,0.9496868579348432,0.9496868579348432,0.5332264057864204,0.26270342933934643,both,car_supported,primary
transit:T6-2@1#828:9:10,transit,S_0026235,gtfs_shape_geometry_primary,1.0,1.0,0.1813941045740359,0.31277780813096,segment_coverage,car_supported,primary
transit:T6-2@1#828:9:10,transit,S_0026226,gtfs_shape_geometry_primary,1.0,1.0,0.1293365376211349,0.49691174023821816,segment_coverage,car_supported,primary
transit:T6-2@1#828:9:10,transit,S_0019873,gtfs_shape_geometry_primary,1.0,1.0,0.24405263013452203,0.8637450189080766,segment_coverage,car_supported,primary
transit:T6-2@1#828:9:10,transit,S_0026224,gtfs_shape_geometry_primary,1.0,1.0,0.7097479911171088,0.45164956125097433,both,car_supported,primary
transit:T6-2@1#828:9:10,transit,S_0019871,gtfs_shape_geometry_primary,0.7450153615692227,0.7450153615692227,0.6453964545938835,0.47672360674751246,both,car_supported,primary
transit:T6-2@1#828:9:10,transit,S_0003294,gtfs_shape_geometry_primary,1.0,1.0,0.10309859239801325,1.4403052730842774,segment_coverage,car_supported,primary
transit:4382-2@1#831:6:7,transit,S_0018385,gtfs_shape_geometry_primary,0.7548702264906068,0.7548702264906068,0.5264132391875695,29.74937108515587,both,car_supported,primary
transit:621-2@1#807:38:39,transit,S_0031674,gtfs_shape_geometry_primary,0.5400359271867877,0.5400359271867877,0.3916607617735052,5.505260410169058,segment_coverage,car_supported,primary
transit:621-2@1#807:38:39,transit,S_0005192,gtfs_shape_geometry_primary,1.0,1.0,0.30622655119873493,4.2513965984833035,segment_coverage,car_supported,primary
transit:621-2@1#807:38:39,transit,S_0005189,gtfs_shape_geometry_primary,1.0,1.0,0.2473653414792094,2.5142072018405415,segment_coverage,car_supported,primary
transit:621-2@1#807:38:39,transit,S_0031665,gtfs_shape_geometry_primary,1.0,1.0,0.25805848776909635,1.7721322010633358,segment_coverage,car_supported,primary
transit:621-2@1#807:38:39,transit,S_0031667,gtfs_shape_geometry_primary,1.0,1.0,0.17229147325182634,1.041156971388638,segment_coverage,car_supported,primary
transit:621-2@1#807:38:39,transit,S_0031670,gtfs_shape_geometry_primary,1.0,1.0,0.31402657666619455,37.198324394229445,segment_coverage,car_supported,primary
transit:621-2@1#807:38:39,transit,S_0031669,gtfs_shape_geometry_primary,1.0,1.0,0.3484731630468819,0.3635927640998773,segment_coverage,car_supported,primary
transit:621-2@1#807:38:39,transit,S_0031671,gtfs_shape_geometry_primary,0.5906778578723206,0.5906778578723206,0.17488078573010993,0.6285566635049236,segment_coverage,car_supported,primary
transit:T6-1@1#753:47:48,transit,S_0021254,gtfs_shape_geometry_primary,0.6103462485872382,0.6103462485872382,0.19515440961590624,43.583504225842205,segment_coverage,car_supported,primary
transit:286-2@1#740:91:92,transit,S_0005005,gtfs_shape_geometry_primary,0.6774224946270059,0.45907099464025264,0.6774224946270059,5.822892757718151,shape_coverage,car_supported,primary
transit:286-2@1#740:91:92,transit,S_0029297,gtfs_shape_geometry_primary,0.875740034120863,0.875740034120863,0.5578705951064746,4.981258624909586,both,car_supported,primary
transit:286-2@1#740:91:92,transit,S_0029295,gtfs_shape_geometry_primary,1.0,1.0,0.277957061116586,1.1516847383546747,segment_coverage,car_supported,primary
transit:286-2@1#740:91:92,transit,S_0005004,gtfs_shape_geometry_primary,1.0,1.0,0.2768166893433365,0.7937479362574607,segment_coverage,car_supported,primary
transit:286-2@1#740:91:92,transit,S_0029296,gtfs_shape_geometry_primary,1.0,1.0,0.2434038529475208,0.18504787943614076,segment_coverage,car_supported,primary
transit:T12A-1@1#819:27:28,transit,S_0019670,gtfs_shape_geometry_primary,1.0,1.0,0.06250071764186008,30.49983842305359,segment_coverage,car_supported,primary
transit:T12A-1@1#819:27:28,transit,S_0019669,gtfs_shape_geometry_primary,1.0,1.0,0.1780406794516788,18.94371948602371,segment_coverage,car_supported,primary
transit:T12A-1@1#819:27:28,transit,S_0031045,gtfs_shape_geometry_primary,0.8065167185769169,0.8065167185769169,0.21211397455890066,42.919794905142766,segment_coverage,car_supported,primary
transit:T12A-1@1#819:27:28,transit,S_0001437,gtfs_shape_geometry_primary,1.0,1.0,0.25449261686273716,32.807563072744145,segment_coverage,car_supported,primary
transit:T8-2@1#818:17:18,transit,S_0017325,gtfs_shape_geometry_primary,1.0,1.0,0.02935106970558252,11.879927326587612,segment_coverage,car_supported,primary
transit:T8-2@1#818:17:18,transit,S_0057619,gtfs_shape_geometry_primary,1.0,1.0,0.1480424614947223,7.220527903582443,segment_coverage,car_supported,primary
transit:T8-2@1#818:17:18,transit,S_0058927,gtfs_shape_geometry_primary,0.6329532531064245,0.6329532531064245,0.07168405481735386,16.618465230577208,segment_coverage,car_supported,primary
transit:621-2@1#807:39:40,transit,S_0031671,gtfs_shape_geometry_primary,0.7853404905667477,0.7853404905667477,0.22355717966893368,0.6285566636607598,segment_coverage,car_supported,primary
transit:621-2@1#807:39:40,transit,S_0031673,gtfs_shape_geometry_primary,1.0,1.0,0.30101807684672544,0.6464377400200902,segment_coverage,car_supported,primary
transit:621-2@1#807:39:40,transit,S_0049807,gtfs_shape_geometry_primary,1.0,1.0,0.23473840960914907,0.6355107048004811,segment_coverage,car_supported,primary
transit:621-2@1#807:39:40,transit,S_0049873,gtfs_shape_geometry_primary,1.0,1.0,0.30580871088409206,0.6426955415380746,segment_coverage,car_supported,primary
transit:621-2@1#807:39:40,transit,S_0049888,gtfs_shape_geometry_primary,1.0,1.0,0.28879226391900287,1.7343767089194984,segment_coverage,car_supported,primary
transit:T1-1@1#813:33:34,transit,S_0036009,gtfs_shape_geometry_primary,0.8737760947246374,0.8737760947246374,0.8062564195512472,0.14165728456757165,both,car_supported,primary
transit:T1-1@1#813:33:34,transit,S_0017294,gtfs_shape_geometry_primary,0.585354724384601,0.585354724384601,0.3479582712085169,0.39603540570914575,segment_coverage,car_supported,primary
transit:T3-2@1#758:50:51,transit,S_0022066,gtfs_shape_geometry_primary,0.9642585510407636,0.9642585510407636,0.4719791928234728,2.0354945271887317,segment_coverage,car_supported,primary
transit:T3-2@1#758:50:51,transit,S_0022069,gtfs_shape_geometry_primary,0.7724052335540472,0.7724052335540472,0.42934320627239714,5.896753527650944,segment_coverage,car_supported,primary
transit:286-2@1#740:92:93,transit,S_0029292,gtfs_shape_geometry_primary,0.7363599960124956,0.7363599960124956,0.5539483861255801,0.8171561525716271,both,car_supported,primary
transit:286-2@1#740:92:93,transit,S_0029290,gtfs_shape_geometry_primary,0.7232685973579372,0.7232685973579372,0.5593889787272902,0.5823835254797558,both,car_supported,primary
transit:286-2@1#740:92:93,transit,S_0029291,gtfs_shape_geometry_primary,0.590782318190996,0.2885530413746587,0.590782318190996,6.081753840289622,shape_coverage,car_supported,primary
transit:286-2@1#740:92:93,transit,S_0029293,gtfs_shape_geometry_primary,0.6105385902339457,0.25732527076601946,0.6105385902339457,6.793032779140773,shape_coverage,car_supported,primary
transit:2672-1@1#732:94:95,transit,S_0018835,gtfs_shape_geometry_primary,0.9876934354673486,0.9876934354673486,0.2388031606129749,29.957180369182325,segment_coverage,car_supported,primary
transit:T12A-1@1#819:28:29,transit,S_0059401,gtfs_shape_geometry_primary,1.0,1.0,0.08939141462438244,4.454117116651233,segment_coverage,car_supported,primary
transit:T12A-1@1#819:28:29,transit,S_0019654,gtfs_shape_geometry_primary,0.5049790175971685,0.5049790175971685,0.03457113382011429,12.778562159295191,segment_coverage,car_supported,primary
transit:T12A-1@1#819:28:29,transit,S_0021790,gtfs_shape_geometry_primary,0.7049001258014761,0.7049001258014761,0.05059241041758786,19.9188042723502,segment_coverage,car_supported,primary
transit:T12A-1@1#819:28:29,transit,S_0019653,gtfs_shape_geometry_primary,0.5216559511359542,0.5216559511359542,0.21408421836374517,26.107679408701742,segment_coverage,car_supported,primary
transit:T12A-1@1#819:28:29,transit,S_0007721,gtfs_shape_geometry_primary,1.0,1.0,0.25619253740958026,4.294246477883064,segment_coverage,car_supported,primary
transit:T12A-1@1#819:28:29,transit,S_0012363,gtfs_shape_geometry_primary,1.0,1.0,0.11478678834271058,2.032150979398182,segment_coverage,car_supported,primary
transit:T12A-1@1#819:28:29,transit,S_0019668,gtfs_shape_geometry_primary,1.0,1.0,0.06348522179923331,11.758086942659276,segment_coverage,car_supported,primary
transit:T12A-1@1#819:28:29,transit,S_0019670,gtfs_shape_geometry_primary,1.0,1.0,0.03952871968913753,34.818962497512004,segment_coverage,car_supported,primary
transit:T12A-1@1#819:28:29,transit,S_0019669,gtfs_shape_geometry_primary,1.0,1.0,0.039531160609071705,23.262843560447592,segment_coverage,car_supported,primary
transit:286-2@1#740:93:94,transit,S_0029291,gtfs_shape_geometry_primary,0.8496945104536272,0.7899982047729371,0.8496945104536272,5.030648285308061,both,car_supported,primary
transit:286-2@1#740:93:94,transit,S_0029293,gtfs_shape_geometry_primary,0.6871073699235839,0.5624074545629694,0.6871073699235839,1.9714860590399041,both,car_supported,primary
transit:286-2@1#740:93:94,transit,S_0051269,gtfs_shape_geometry_primary,1.0,1.0,0.1929850578125678,0.3485419647486765,segment_coverage,car_supported,primary
transit:286-2@1#740:93:94,transit,S_0043394,gtfs_shape_geometry_primary,0.9411734627724337,0.9411734627724337,0.11499398603842799,23.28402026990409,segment_coverage,car_supported,primary
transit:T1-1@1#813:34:35,transit,S_0017294,gtfs_shape_geometry_primary,0.6740166796867973,0.6740166796867973,0.3751272945466,0.3844990657209202,segment_coverage,car_supported,primary
transit:346-2@1#811:34:35,transit,S_0036178,gtfs_shape_geometry_primary,0.6604499416718262,0.6604499416718262,0.2766807972475922,9.188825424172762,segment_coverage,car_supported,primary
transit:621-2@1#807:41:42,transit,S_0024286,gtfs_shape_geometry_primary,0.7024375204832474,0.7024375204832474,0.3828540055015184,36.17374989457161,segment_coverage,car_supported,primary
transit:731-1@1#815:33:34,transit,S_0044231,gtfs_shape_geometry_primary,1.0,1.0,0.4552482261388268,0.22057967079192053,segment_coverage,car_supported,primary
transit:731-1@1#815:33:34,transit,S_0044230,gtfs_shape_geometry_primary,1.0,1.0,0.4237557144745916,0.10755615848168532,segment_coverage,car_supported,primary
transit:286-2@1#740:94:95,transit,S_0043394,gtfs_shape_geometry_primary,0.7663768403410925,0.7663768403410925,0.16163016610853898,32.18675677007803,segment_coverage,car_supported,primary
transit:T1-1@1#813:35:36,transit,S_0020950,gtfs_shape_geometry_primary,1.0,1.0,0.15722258761294894,0.14237787688126957,segment_coverage,car_supported,primary
transit:T1-1@1#813:35:36,transit,S_0020949,gtfs_shape_geometry_primary,1.0,1.0,0.15857437579573166,3.1190798379454208,segment_coverage,car_supported,primary
transit:T1-1@1#813:35:36,transit,S_0057895,gtfs_shape_geometry_primary,1.0,1.0,0.14959918543183134,9.202759568274573,segment_coverage,car_supported,primary
transit:T1-1@1#813:35:36,transit,S_0001645,gtfs_shape_geometry_primary,0.7708441911565762,0.7708441911565762,0.10970388394955255,41.47946577411483,segment_coverage,car_supported,primary
transit:T1-1@1#813:35:36,transit,S_0020953,gtfs_shape_geometry_primary,0.780796826088551,0.780796826088551,0.13891762245816178,23.183006009716408,segment_coverage,car_supported,primary
transit:T8-2@1#818:19:20,transit,S_0034856,gtfs_shape_geometry_primary,1.0,1.0,0.09880894659799085,1.7162388543846276,segment_coverage,car_supported,primary
transit:T8-2@1#818:19:20,transit,S_0034853,gtfs_shape_geometry_primary,0.8340213542831197,0.8340213542831197,0.0849249918769053,43.504730459522506,segment_coverage,car_supported,primary
transit:T8-2@1#818:19:20,transit,S_0034855,gtfs_shape_geometry_primary,0.5172591796679887,0.5172591796679887,0.06990635966013838,38.91238165661976,segment_coverage,car_supported,primary
transit:T8-2@1#818:19:20,transit,S_0034617,gtfs_shape_geometry_primary,1.0,1.0,0.7480221928163978,0.5156569024168078,both,car_supported,primary
transit:T8-2@1#818:19:20,transit,S_0015025,gtfs_shape_geometry_primary,1.0,1.0,0.24194896780575703,0.10443681844984098,segment_coverage,car_supported,primary
transit:T8-2@1#818:19:20,transit,S_0034613,gtfs_shape_geometry_primary,1.0,1.0,0.14883774858473808,0.6316318672402872,segment_coverage,car_supported,primary
transit:T8-2@1#818:19:20,transit,S_0015022,gtfs_shape_geometry_primary,1.0,1.0,0.165884563930956,0.5990981383070988,segment_coverage,car_supported,primary
transit:T8-2@1#818:19:20,transit,S_0017326,gtfs_shape_geometry_primary,1.0,1.0,0.059996089561702305,0.4443507602568957,segment_coverage,car_supported,primary
transit:2672-1@1#732:96:97,transit,S_0005519,gtfs_shape_geometry_primary,0.8926637181390804,0.8926637181390804,0.2674761664367249,7.833102217511396,segment_coverage,car_supported,primary
transit:2672-1@1#732:96:97,transit,S_0056003,gtfs_shape_geometry_primary,1.0,1.0,0.22665561771768544,4.809870236275273,segment_coverage,car_supported,primary
transit:2672-1@1#732:96:97,transit,S_0056005,gtfs_shape_geometry_primary,1.0,1.0,0.3859374583177887,0.2633749546775448,segment_coverage,car_supported,primary
transit:2672-1@1#732:96:97,transit,S_0056009,gtfs_shape_geometry_primary,0.5741228912600097,0.5741228912600097,0.14245225885617108,0.15201727117184305,segment_coverage,car_supported,primary
transit:346-2@1#811:35:36,transit,S_0036178,gtfs_shape_geometry_primary,0.7224299929010347,0.7224299929010347,0.28041432453311604,9.694253342765307,segment_coverage,car_supported,primary
transit:T3-2@1#758:52:53,transit,S_0042810,gtfs_shape_geometry_primary,0.6633385717664066,0.6633385717664066,0.2583003610435287,26.14653504477961,segment_coverage,car_supported,primary
transit:T5-1@1#822:18:19,transit,S_0029181,gtfs_shape_geometry_primary,1.0,1.0,0.20104408978877306,2.1488377097507225,segment_coverage,car_supported,primary
transit:3946-1@1#824:20:21,transit,S_0029303,gtfs_shape_geometry_primary,0.5370257473030617,0.5370257473030617,0.47349344432701873,2.7151171237196507,segment_coverage,car_supported,primary
transit:3946-1@1#824:20:21,transit,S_0029298,gtfs_shape_geometry_primary,1.0,1.0,0.1702059694575481,4.459188709679708,segment_coverage,car_supported,primary
transit:3946-1@1#824:20:21,transit,S_0047859,gtfs_shape_geometry_primary,0.6998140640447407,0.6998140640447407,0.08468543155571451,4.836839201782695,segment_coverage,car_supported,primary
transit:3946-1@1#824:20:21,transit,S_0029299,gtfs_shape_geometry_primary,1.0,1.0,0.21785405411989733,0.5536337373530387,segment_coverage,car_supported,primary
transit:3946-1@1#824:20:21,transit,S_0047858,gtfs_shape_geometry_primary,1.0,1.0,0.09528723631562384,7.07493665304041,segment_coverage,car_supported,primary
transit:3946-1@1#824:20:21,transit,S_0037880,gtfs_shape_geometry_primary,1.0,1.0,0.06751537299225416,0.7723034619801155,segment_coverage,car_supported,primary
transit:T6-2@1#828:12:13,transit,S_0055794,gtfs_shape_geometry_primary,0.7265353961054174,0.7265353961054174,0.13658632106324048,43.20103649674198,segment_coverage,car_supported,primary
transit:731-1@1#815:35:36,transit,S_0023363,gtfs_shape_geometry_primary,0.906897870179215,0.906897870179215,0.8716336302354398,23.398931534375834,both,car_supported,primary
transit:T6-1@1#753:50:51,transit,S_0055794,gtfs_shape_geometry_primary,0.7265353961054174,0.7265353961054174,0.058356275218143086,43.20103649674198,segment_coverage,car_supported,primary
transit:T6-1@1#753:50:51,transit,S_0055801,gtfs_shape_geometry_primary,0.9203010396261906,0.9203010396261906,0.07791919834555497,26.560974736745735,segment_coverage,car_supported,primary
transit:T6-1@1#753:50:51,transit,S_0021769,gtfs_shape_geometry_primary,1.0,1.0,0.0856656847897769,1.4441289221669393,segment_coverage,car_supported,primary
transit:T6-1@1#753:50:51,transit,S_0057660,gtfs_shape_geometry_primary,0.5584502800305787,0.5584502800305787,0.22973293348125548,1.705211759031414,segment_coverage,car_supported,primary
transit:T6-1@1#753:50:51,transit,S_0057658,gtfs_shape_geometry_primary,0.5376539099126622,0.5376539099126622,0.222226940855903,2.0388558733753257,segment_coverage,car_supported,primary
transit:T6-1@1#753:50:51,transit,S_0017563,gtfs_shape_geometry_primary,1.0,1.0,0.0432293825488948,28.96118009616039,segment_coverage,car_supported,primary
transit:T6-1@1#753:50:51,transit,S_0021767,gtfs_shape_geometry_primary,0.7147481187401782,0.7147481187401782,0.025485271647297664,6.837656199950658,segment_coverage,car_supported,primary
transit:T6-1@1#753:50:51,transit,S_0057629,gtfs_shape_geometry_primary,1.0,1.0,0.04924372811957502,29.277808458855446,segment_coverage,car_supported,primary
transit:T6-1@1#753:50:51,transit,S_0057967,gtfs_shape_geometry_primary,1.0,1.0,0.0324285829301263,26.288580744780006,segment_coverage,car_supported,primary
transit:T6-1@1#753:50:51,transit,S_0057966,gtfs_shape_geometry_primary,1.0,1.0,0.037495633693562014,3.6626211998225244,segment_coverage,car_supported,primary
transit:T6-1@1#753:50:51,transit,S_0057659,gtfs_shape_geometry_primary,0.6835214535269347,0.6835214535269347,0.10489736440543648,12.366788597428936,segment_coverage,car_supported,primary
transit:T6-1@1#753:50:51,transit,S_0045053,gtfs_shape_geometry_primary,0.6353807002069721,0.6353807002069721,0.15566974141772055,29.74063377963735,segment_coverage,car_supported,primary
transit:2672-1@1#732:97:98,transit,S_0056009,gtfs_shape_geometry_primary,0.8850441030774834,0.8850441030774834,0.24727537465502333,0.1310100462776802,segment_coverage,car_supported,primary
transit:2672-1@1#732:97:98,transit,S_0056007,gtfs_shape_geometry_primary,1.0,1.0,0.22006269217797933,8.74840230992902,segment_coverage,car_supported,primary
transit:2672-1@1#732:97:98,transit,S_0038665,gtfs_shape_geometry_primary,1.0,1.0,0.4196437225416126,11.499329701383004,segment_coverage,car_supported,primary
transit:2672-1@1#732:97:98,transit,S_0038676,gtfs_shape_geometry_primary,0.5016992919720341,0.5016992919720341,0.37559457965919607,13.12917787641247,segment_coverage,car_supported,primary
transit:2672-1@1#732:97:98,transit,S_0038663,gtfs_shape_geometry_primary,0.7743595884938901,0.7743595884938901,0.38993635630306983,8.751997262632386,segment_coverage,car_supported,primary
transit:346-2@1#811:36:37,transit,S_0044871,gtfs_shape_geometry_primary,1.0,1.0,0.08304858631281462,0.8908407927856956,segment_coverage,car_supported,primary
transit:346-2@1#811:36:37,transit,S_0041073,gtfs_shape_geometry_primary,0.7195980908368851,0.7195980908368851,0.10350452602161342,8.389173956591236,segment_coverage,car_supported,primary
transit:3946-1@1#824:21:22,transit,S_0037880,gtfs_shape_geometry_primary,1.0,1.0,0.09037091915305101,0.7723034620468638,segment_coverage,car_supported,primary
transit:3946-1@1#824:21:22,transit,S_0037870,gtfs_shape_geometry_primary,1.0,1.0,0.23674318788792115,3.518788135872285,segment_coverage,car_supported,primary
transit:3946-1@1#824:21:22,transit,S_0047856,gtfs_shape_geometry_primary,1.0,1.0,0.3449957082622079,1.5958890378599477,segment_coverage,car_supported,primary
transit:3946-1@1#824:21:22,transit,S_0037849,gtfs_shape_geometry_primary,1.0,1.0,0.4294153404271392,5.085847594642502,segment_coverage,car_supported,primary
transit:3946-1@1#824:21:22,transit,S_0047857,gtfs_shape_geometry_primary,1.0,1.0,0.214127001085173,8.462591511332107,segment_coverage,car_supported,primary
transit:3946-1@1#824:21:22,transit,S_0037830,gtfs_shape_geometry_primary,1.0,1.0,0.5556095537743863,1.6113135705595454,both,car_supported,primary
transit:3946-1@1#824:21:22,transit,S_0005005,gtfs_shape_geometry_primary,0.678654240226003,0.678654240226003,0.6750974361146518,1.157265486077506,both,car_supported,primary
transit:T12A-1@1#819:32:33,transit,S_0020930,gtfs_shape_geometry_primary,1.0,1.0,0.09761224152618267,0.743974425492496,segment_coverage,car_supported,primary
transit:T12A-1@1#819:32:33,transit,S_0020931,gtfs_shape_geometry_primary,0.6503361700670487,0.6503361700670487,0.2222836316821491,0.6187503017740994,segment_coverage,car_supported,primary
transit:T1-1@1#813:37:38,transit,S_0048494,gtfs_shape_geometry_primary,0.6173000865625101,0.46210964714334746,0.6173000865625101,14.047174890820628,shape_coverage,car_supported,primary
transit:T1-1@1#813:37:38,transit,S_0006317,gtfs_shape_geometry_primary,1.0,1.0,0.4295441673161642,19.405094349509064,segment_coverage,car_supported,primary
transit:731-1@1#815:37:38,transit,S_0045906,gtfs_shape_geometry_primary,1.0,1.0,0.5986152756973278,2.4650196871399896,both,car_supported,primary
transit:T8-2@1#818:20:21,transit,S_0017327,gtfs_shape_geometry_primary,0.7445623306959679,0.7445623306959679,0.3675184878477684,9.031145610893631,segment_coverage,car_supported,primary
transit:T8-2@1#818:20:21,transit,S_0017326,gtfs_shape_geometry_primary,1.0,1.0,0.05585924664229241,0.4443507602157979,segment_coverage,car_supported,primary
transit:T8-2@1#818:20:21,transit,S_0036077,gtfs_shape_geometry_primary,0.7674654053782244,0.7674654053782244,0.06995039178497438,3.8146709143595956,segment_coverage,car_supported,primary
transit:346-2@1#811:37:38,transit,S_0041073,gtfs_shape_geometry_primary,1.0,0.6574912557793202,1.0,3.2283487197193494,both,car_supported,primary
transit:T6-1@1#753:51:52,transit,S_0055801,gtfs_shape_geometry_primary,0.9203010396261906,0.9203010396261906,0.31455902872473845,26.560974736745735,segment_coverage,car_supported,primary
transit:T6-1@1#753:51:52,transit,S_0021769,gtfs_shape_geometry_primary,1.0,1.0,0.34583151745232316,1.4441289221669393,segment_coverage,car_supported,primary
transit:T12A-1@1#753:75:76,transit,S_0029353,gtfs_shape_geometry_primary,0.79648600005966,0.79648600005966,0.16780897966917815,41.50617581361769,segment_coverage,car_supported,primary
transit:T12A-1@1#753:75:76,transit,S_0029345,gtfs_shape_geometry_primary,1.0,1.0,0.10844886476416073,14.594133057339974,segment_coverage,car_supported,primary
transit:T12A-1@1#753:75:76,transit,S_0029344,gtfs_shape_geometry_primary,0.8795969171918974,0.8795969171918974,0.14499194849004957,37.453479015890736,segment_coverage,car_supported,primary
transit:T12A-1@1#753:75:76,transit,S_0029336,gtfs_shape_geometry_primary,1.0,1.0,0.2191389878907239,10.306395533669942,segment_coverage,car_supported,primary
transit:T12A-1@1#753:75:76,transit,S_0029338,gtfs_shape_geometry_primary,1.0,1.0,0.20828264398091392,28.20541314218397,segment_coverage,car_supported,primary
transit:T12A-1@1#753:75:76,transit,S_0019091,gtfs_shape_geometry_primary,1.0,1.0,0.23237129483820296,1.2253616322447556,segment_coverage,car_supported,primary
transit:T12A-1@1#753:75:76,transit,S_0019090,gtfs_shape_geometry_primary,1.0,1.0,0.229104891282893,29.743143940960266,segment_coverage,car_supported,primary
transit:T12A-1@1#753:75:76,transit,S_0019092,gtfs_shape_geometry_primary,1.0,1.0,0.20955735945745413,11.729107094068311,segment_coverage,car_supported,primary
transit:3946-1@1#824:22:23,transit,S_0005005,gtfs_shape_geometry_primary,0.6774224946270059,0.45907099464025264,0.6774224946270059,5.822892757718151,shape_coverage,car_supported,primary
transit:3946-1@1#824:22:23,transit,S_0029297,gtfs_shape_geometry_primary,0.875740034120863,0.875740034120863,0.5578705951064746,4.981258624909586,both,car_supported,primary
transit:3946-1@1#824:22:23,transit,S_0029295,gtfs_shape_geometry_primary,1.0,1.0,0.277957061116586,1.1516847383546747,segment_coverage,car_supported,primary
transit:3946-1@1#824:22:23,transit,S_0005004,gtfs_shape_geometry_primary,1.0,1.0,0.2768166893433365,0.7937479362574607,segment_coverage,car_supported,primary
transit:3946-1@1#824:22:23,transit,S_0029296,gtfs_shape_geometry_primary,1.0,1.0,0.2434038529475208,0.18504787943614076,segment_coverage,car_supported,primary
transit:731-1@1#815:38:39,transit,S_0038889,gtfs_shape_geometry_primary,0.8004806713050908,0.8004806713050908,0.18726147509262916,2.1033504430822347,segment_coverage,car_supported,primary
transit:731-1@1#815:38:39,transit,S_0038887,gtfs_shape_geometry_primary,1.0,1.0,0.1781692976673332,2.8821626175481754,segment_coverage,car_supported,primary
transit:731-1@1#815:38:39,transit,S_0042455,gtfs_shape_geometry_primary,1.0,1.0,0.4209290538159544,2.4642801856271888,segment_coverage,car_supported,primary
transit:731-1@1#815:38:39,transit,S_0012246,gtfs_shape_geometry_primary,1.0,1.0,0.3240517909474258,2.4759011537545623,segment_coverage,car_supported,primary
transit:731-1@1#815:38:39,transit,S_0042454,gtfs_shape_geometry_primary,1.0,1.0,0.430705065110185,2.922525896503231,segment_coverage,car_supported,primary
transit:2672-1@1#732:99:100,transit,S_0016753,gtfs_shape_geometry_primary,1.0,1.0,0.26002626693304465,10.868414554668973,segment_coverage,car_supported,primary
transit:2672-1@1#732:99:100,transit,S_0038679,gtfs_shape_geometry_primary,1.0,1.0,0.541912387253595,3.4987149704191296,both,car_supported,primary
transit:2672-1@1#732:99:100,transit,S_0016755,gtfs_shape_geometry_primary,1.0,1.0,0.5845659980749058,8.335522969370174,both,car_supported,primary
transit:2672-1@1#732:99:100,transit,S_0030179,gtfs_shape_geometry_primary,1.0,1.0,0.31649846119457375,13.957023779974122,segment_coverage,car_supported,primary
transit:346-2@1#811:38:39,transit,S_0041084,gtfs_shape_geometry_primary,1.0,1.0,0.9361282966617531,0.3369852368625459,both,car_supported,primary
transit:346-2@1#811:38:39,transit,S_0044871,gtfs_shape_geometry_primary,1.0,1.0,0.14731653588851307,0.43029495380724825,segment_coverage,car_supported,primary
transit:T12A-1@1#753:76:77,transit,S_0027902,gtfs_shape_geometry_primary,1.0,1.0,0.31839924572063566,13.756935940715806,segment_coverage,car_supported,primary
transit:T12A-1@1#753:76:77,transit,S_0027903,gtfs_shape_geometry_primary,1.0,1.0,0.34103008854847067,1.9041782634367905,segment_coverage,car_supported,primary
transit:T12A-1@1#753:76:77,transit,S_0027896,gtfs_shape_geometry_primary,1.0,1.0,0.2681577275477514,0.1956497248106075,segment_coverage,car_supported,primary
transit:T12A-1@1#819:34:35,transit,S_0020945,gtfs_shape_geometry_primary,1.0,1.0,0.09622483140911678,32.281243434774936,segment_coverage,car_supported,primary
transit:T12A-1@1#819:34:35,transit,S_0057889,gtfs_shape_geometry_primary,1.0,1.0,0.0681730561345695,40.4614068943076,segment_coverage,car_supported,primary
transit:T12A-1@1#819:34:35,transit,S_0020777,gtfs_shape_geometry_primary,0.9717389238382911,0.9717389238382911,0.07010245867220247,41.83430019370144,segment_coverage,car_supported,primary
transit:T12A-1@1#819:34:35,transit,S_0001426,gtfs_shape_geometry_primary,1.0,1.0,0.10785655929072895,20.6207067543002,segment_coverage,car_supported,primary
transit:T12A-1@1#819:34:35,transit,S_0019628,gtfs_shape_geometry_primary,0.9842668025676918,0.9842668025676918,0.04934416280391444,20.67350906164762,segment_coverage,car_supported,primary
transit:T8-2@1#818:21:22,transit,S_0036077,gtfs_shape_geometry_primary,1.0,1.0,0.3638041261319323,4.325449079881878,segment_coverage,car_supported,primary
transit:T8-2@1#818:21:22,transit,S_0036075,gtfs_shape_geometry_primary,1.0,1.0,0.7865211026580692,0.16494902331271533,both,car_supported,primary
transit:3946-1@1#824:23:24,transit,S_0029292,gtfs_shape_geometry_primary,0.7363599960124956,0.7363599960124956,0.5539483861255801,0.8171561525716271,both,car_supported,primary
transit:3946-1@1#824:23:24,transit,S_0029290,gtfs_shape_geometry_primary,0.7232685973579372,0.7232685973579372,0.5593889787272902,0.5823835254797558,both,car_supported,primary
transit:3946-1@1#824:23:24,transit,S_0029291,gtfs_shape_geometry_primary,0.590782318190996,0.2885530413746587,0.590782318190996,6.081753840289622,shape_coverage,car_supported,primary
transit:3946-1@1#824:23:24,transit,S_0029293,gtfs_shape_geometry_primary,0.6105385902339457,0.25732527076601946,0.6105385902339457,6.793032779140773,shape_coverage,car_supported,primary
transit:731-1@1#815:39:40,transit,S_0050185,gtfs_shape_geometry_primary,1.0,1.0,0.12192646778441035,2.11083090405171,segment_coverage,car_supported,primary
transit:731-1@1#815:39:40,transit,S_0038889,gtfs_shape_geometry_primary,0.7855459071661897,0.7855459071661897,0.09413524456930066,2.103350443524448,segment_coverage,car_supported,primary
transit:731-1@1#815:39:40,transit,S_0038880,gtfs_shape_geometry_primary,1.0,1.0,0.12601023028230465,2.3682352832318236,segment_coverage,car_supported,primary
transit:731-1@1#815:39:40,transit,S_0038876,gtfs_shape_geometry_primary,1.0,1.0,0.13605645037256411,1.3253808996359453,segment_coverage,car_supported,primary
transit:731-1@1#815:39:40,transit,S_0038885,gtfs_shape_geometry_primary,1.0,1.0,0.17986955427979118,3.514789385226753,segment_coverage,car_supported,primary
transit:731-1@1#815:39:40,transit,S_0022930,gtfs_shape_geometry_primary,1.0,1.0,0.22381141937441915,0.7753017231271713,segment_coverage,car_supported,primary
transit:731-1@1#815:39:40,transit,S_0038873,gtfs_shape_geometry_primary,1.0,1.0,0.032040710927876484,1.7958153909149703,segment_coverage,car_supported,primary
transit:731-1@1#815:39:40,transit,S_0038874,gtfs_shape_geometry_primary,1.0,1.0,0.23449835742912575,1.9289709376006248,segment_coverage,car_supported,primary
transit:731-1@1#815:39:40,transit,S_0038881,gtfs_shape_geometry_primary,1.0,1.0,0.2616788255919183,0.7573702113156457,segment_coverage,car_supported,primary
transit:E703-1@1#840:1:2,transit,S_0041856,gtfs_shape_geometry_primary,1.0,1.0,0.017945402468119244,0.7266816795321063,segment_coverage,car_supported,primary
transit:E703-1@1#840:1:2,transit,S_0023170,gtfs_shape_geometry_primary,1.0,1.0,0.020710290195449548,0.44138493811240664,segment_coverage,car_supported,primary
transit:E703-1@1#840:1:2,transit,S_0023172,gtfs_shape_geometry_primary,1.0,1.0,0.02073235555448361,0.447884016945693,segment_coverage,car_supported,primary
transit:E703-1@1#840:1:2,transit,S_0041887,gtfs_shape_geometry_primary,1.0,1.0,0.018790463730514233,0.615035943598798,segment_coverage,car_supported,primary
transit:E703-1@1#840:1:2,transit,S_0046174,gtfs_shape_geometry_primary,1.0,1.0,0.018739191735772053,0.21822722515608461,segment_coverage,car_supported,primary
transit:E703-1@1#840:1:2,transit,S_0046176,gtfs_shape_geometry_primary,1.0,1.0,0.026044880293031557,10.513658801153639,segment_coverage,car_supported,primary
transit:E703-1@1#840:1:2,transit,S_0041877,gtfs_shape_geometry_primary,1.0,1.0,0.016831223583987504,7.72188283404715,segment_coverage,car_supported,primary
transit:E703-1@1#840:1:2,transit,S_0013871,gtfs_shape_geometry_primary,0.8781955838014993,0.8781955838014993,0.0385679918731735,22.0678107342936,segment_coverage,car_supported,primary
transit:E703-1@1#840:1:2,transit,S_0046170,gtfs_shape_geometry_primary,0.627510451183989,0.627510451183989,0.020872251008764574,3.0753585696074204,segment_coverage,car_supported,primary
transit:E703-1@1#840:1:2,transit,S_0014997,gtfs_shape_geometry_primary,1.0,1.0,0.01745336571940064,44.597956039381444,segment_coverage,car_supported,primary
transit:E703-1@1#840:1:2,transit,S_0043150,gtfs_shape_geometry_primary,0.5224624329600789,0.5224624329600789,0.0172034462765243,41.14081082451004,segment_coverage,car_supported,primary
transit:E703-1@1#840:1:2,transit,S_0014994,gtfs_shape_geometry_primary,1.0,1.0,0.020554902723117052,6.482467353148621,segment_coverage,car_supported,primary
transit:E703-1@1#840:1:2,transit,S_0014992,gtfs_shape_geometry_primary,1.0,1.0,0.017283212473300665,30.99854352712299,segment_coverage,car_supported,primary
transit:T5-1@1#822:21:22,transit,S_0055110,gtfs_shape_geometry_primary,1.0,1.0,0.2970619457691438,1.0712130616494164,segment_coverage,car_supported,primary
transit:T5-1@1#822:21:22,transit,S_0013908,gtfs_shape_geometry_primary,1.0,1.0,0.1440019785987097,31.639327880738122,segment_coverage,car_supported,primary
transit:T8-2@1#818:22:23,transit,S_0034438,gtfs_shape_geometry_primary,0.6232059871662228,0.6232059871662228,0.2877507705466369,31.872376709405785,segment_coverage,car_supported,primary
transit:T8-2@1#818:22:23,transit,S_0022565,gtfs_shape_geometry_primary,1.0,1.0,0.40582829144990085,1.6739453094191674,segment_coverage,car_supported,primary
transit:4382-2@1#831:12:13,transit,S_0019879,gtfs_shape_geometry_primary,0.5029870033831957,0.5029870033831957,0.32291648933690736,39.32710116164466,segment_coverage,car_supported,primary
transit:4382-2@1#831:12:13,transit,S_0026235,gtfs_shape_geometry_primary,1.0,1.0,0.14067505840913677,0.31277780813096,segment_coverage,car_supported,primary
transit:4382-2@1#831:12:13,transit,S_0026226,gtfs_shape_geometry_primary,1.0,1.0,0.10030328729268388,0.49691174023821816,segment_coverage,car_supported,primary
transit:4382-2@1#831:12:13,transit,S_0019873,gtfs_shape_geometry_primary,1.0,1.0,0.189268102619425,0.8637450189080766,segment_coverage,car_supported,primary
transit:4382-2@1#831:12:13,transit,S_0026224,gtfs_shape_geometry_primary,1.0,1.0,0.550424945400668,0.45164956125098854,both,car_supported,primary
transit:4382-2@1#831:12:13,transit,S_0019871,gtfs_shape_geometry_primary,0.7450153615692227,0.7450153615692227,0.5005189345058785,0.47672360674751246,both,car_supported,primary
transit:4382-2@1#831:12:13,transit,S_0003294,gtfs_shape_geometry_primary,1.0,1.0,0.07995519226795346,1.4403052730842774,segment_coverage,car_supported,primary
transit:346-2@1#811:39:40,transit,S_0033662,gtfs_shape_geometry_primary,1.0,1.0,0.1430891715767991,0.6845581728243246,segment_coverage,car_supported,primary
transit:346-2@1#811:39:40,transit,S_0033464,gtfs_shape_geometry_primary,1.0,1.0,0.29809538570107913,3.975634288179293,segment_coverage,car_supported,primary
transit:346-2@1#811:39:40,transit,S_0033465,gtfs_shape_geometry_primary,1.0,1.0,0.4420553807048426,0.9193052279520373,segment_coverage,car_supported,primary
transit:346-2@1#811:39:40,transit,S_0041083,gtfs_shape_geometry_primary,1.0,1.0,0.4283790675876716,2.0337568381167728,segment_coverage,car_supported,primary
transit:3946-1@1#824:24:25,transit,S_0029291,gtfs_shape_geometry_primary,0.8496945104536272,0.7899982047729371,0.8496945104536272,5.030648285308061,both,car_supported,primary
transit:3946-1@1#824:24:25,transit,S_0029293,gtfs_shape_geometry_primary,0.6871073699235839,0.5624074545629694,0.6871073699235839,1.9714860590399041,both,car_supported,primary
transit:3946-1@1#824:24:25,transit,S_0051269,gtfs_shape_geometry_primary,1.0,1.0,0.1929850578125678,0.3485419647486765,segment_coverage,car_supported,primary
transit:3946-1@1#824:24:25,transit,S_0043394,gtfs_shape_geometry_primary,0.9411734627724337,0.9411734627724337,0.11499398603842799,23.28402026990409,segment_coverage,car_supported,primary
transit:T6-1@1#753:53:54,transit,S_0057663,gtfs_shape_geometry_primary,0.8649838740484408,0.8649838740484408,0.1557996145698231,1.128582206035432,segment_coverage,car_supported,primary
transit:T6-1@1#753:53:54,transit,S_0057969,gtfs_shape_geometry_primary,0.7761195007532214,0.7761195007532214,0.3316279101511776,3.4795969657302948,segment_coverage,car_supported,primary
transit:T6-1@1#753:53:54,transit,S_0057662,gtfs_shape_geometry_primary,1.0,1.0,0.5200900831276328,2.7203576023422897,both,car_supported,primary
transit:T6-1@1#753:53:54,transit,S_0057660,gtfs_shape_geometry_primary,0.9123654499380569,0.9123654499380569,0.8989579957979039,1.705211759061001,both,car_supported,primary
transit:T6-1@1#753:53:54,transit,S_0057658,gtfs_shape_geometry_primary,0.8469454298046137,0.8469454298046137,0.818538914494382,2.038855873379532,both,car_supported,primary
transit:T6-1@1#753:53:54,transit,S_0017563,gtfs_shape_geometry_primary,1.0,1.0,0.13112405712340983,28.96118009608736,segment_coverage,car_supported,primary
transit:T6-1@1#753:53:54,transit,S_0021767,gtfs_shape_geometry_primary,0.7147481187401782,0.7147481187401782,0.054458534988416046,6.837656199950658,segment_coverage,car_supported,primary
transit:T6-1@1#753:53:54,transit,S_0057629,gtfs_shape_geometry_primary,1.0,1.0,0.10522710245642143,29.277808458855446,segment_coverage,car_supported,primary
transit:T6-1@1#753:53:54,transit,S_0057967,gtfs_shape_geometry_primary,1.0,1.0,0.06929544022781889,26.288580744713315,segment_coverage,car_supported,primary
transit:T6-1@1#753:53:54,transit,S_0057966,gtfs_shape_geometry_primary,1.0,1.0,0.08012303371426649,3.662621199889216,segment_coverage,car_supported,primary
transit:T6-1@1#753:53:54,transit,S_0057659,gtfs_shape_geometry_primary,0.6835214535269347,0.6835214535269347,0.22415130074832154,12.366788597428936,segment_coverage,car_supported,primary
transit:T6-1@1#753:53:54,transit,S_0045053,gtfs_shape_geometry_primary,0.6353807002069721,0.6353807002069721,0.3326449165211677,29.74063377963735,segment_coverage,car_supported,primary
transit:T8-2@1#818:23:24,transit,S_0022561,gtfs_shape_geometry_primary,1.0,1.0,0.47469929027406654,4.105204269484972,segment_coverage,car_supported,primary
transit:T8-2@1#818:23:24,transit,S_0006292,gtfs_shape_geometry_primary,0.6579354257577759,0.6579354257577759,0.42803194032674335,6.029665081882314,segment_coverage,car_supported,primary
transit:T8-2@1#818:23:24,transit,S_0022563,gtfs_shape_geometry_primary,1.0,1.0,0.4132799072122887,2.511627977868585,segment_coverage,car_supported,primary
transit:T12A-1@1#753:78:79,transit,S_0029366,gtfs_shape_geometry_primary,0.6897239994704663,0.6897239994704663,0.16523265878481186,9.760635444938657,segment_coverage,car_supported,primary
transit:E703-1@1#840:2:3,transit,S_0041856,gtfs_shape_geometry_primary,1.0,1.0,0.19813206793987967,0.7266816795142574,segment_coverage,car_supported,primary
transit:E703-1@1#840:2:3,transit,S_0023170,gtfs_shape_geometry_primary,1.0,1.0,0.2286587125223629,0.44138493811240664,segment_coverage,car_supported,primary
transit:E703-1@1#840:2:3,transit,S_0023172,gtfs_shape_geometry_primary,1.0,1.0,0.22890233231428553,0.447884016945693,segment_coverage,car_supported,primary
transit:E703-1@1#840:2:3,transit,S_0041887,gtfs_shape_geometry_primary,1.0,1.0,0.2071208985307626,0.615035943598798,segment_coverage,car_supported,primary
transit:E703-1@1#840:2:3,transit,S_0041877,gtfs_shape_geometry_primary,1.0,1.0,0.18583061263604247,7.72188283404715,segment_coverage,car_supported,primary
transit:346-2@1#811:40:41,transit,S_0033660,gtfs_shape_geometry_primary,0.9371281398714283,0.9371281398714283,0.7296377389770913,1.7950538065334705,both,car_supported,primary
transit:T6-2@1#828:16:17,transit,S_0021254,gtfs_shape_geometry_primary,0.6103462485872382,0.6103462485872382,0.18259183421033964,42.89045147028304,segment_coverage,car_supported,primary
transit:3946-1@1#824:25:26,transit,S_0043394,gtfs_shape_geometry_primary,0.7663768403410925,0.7663768403410925,0.06109152708076829,32.18675677007803,segment_coverage,car_supported,primary
transit:T12A-1@1#753:79:80,transit,S_0005899,gtfs_shape_geometry_primary,1.0,1.0,0.422979343484436,11.269036272346924,segment_coverage,car_supported,primary
transit:T12A-1@1#753:79:80,transit,S_0029373,gtfs_shape_geometry_primary,0.9479005194877841,0.9479005194877841,0.3454467507501059,11.615546636858056,segment_coverage,car_supported,primary
transit:T12A-1@1#753:79:80,transit,S_0005872,gtfs_shape_geometry_primary,1.0,1.0,0.36804713480930307,2.5806378339784146,segment_coverage,car_supported,primary
transit:T12A-1@1#753:79:80,transit,S_0029370,gtfs_shape_geometry_primary,1.0,1.0,0.44928902802639104,1.6269164153153781,segment_coverage,car_supported,primary
transit:T12A-1@1#753:79:80,transit,S_0005874,gtfs_shape_geometry_primary,1.0,1.0,0.1730063804661746,1.2796480076887065,segment_coverage,car_supported,primary
transit:T12A-1@1#753:79:80,transit,S_0029368,gtfs_shape_geometry_primary,1.0,1.0,0.2916532989747023,5.321013762529759,segment_coverage,car_supported,primary
transit:T12A-1@1#753:79:80,transit,S_0005123,gtfs_shape_geometry_primary,0.7886942623608427,0.7886942623608427,0.32522527107851096,6.6120136091065405,segment_coverage,car_supported,primary
transit:T12A-1@1#753:79:80,transit,S_0029366,gtfs_shape_geometry_primary,0.5368940665792038,0.5368940665792038,0.12377170408791925,6.496184336242848,segment_coverage,car_supported,primary
transit:T8-2@1#818:24:25,transit,S_0006292,gtfs_shape_geometry_primary,0.7877333408244754,0.611392329032103,0.7877333408244754,4.11542907428904,both,car_supported,primary
transit:T8-2@1#818:24:25,transit,S_0022559,gtfs_shape_geometry_primary,0.55481773577615,0.4945068222390684,0.55481773577615,11.363594860985188,shape_coverage,car_supported,primary
transit:T6-1@1#753:54:55,transit,S_0030273,gtfs_shape_geometry_primary,0.7543622805126442,0.6755815030391525,0.7543622805126442,2.0437865532958313,both,car_supported,primary
transit:T6-1@1#753:54:55,transit,S_0051821,gtfs_shape_geometry_primary,0.7831913670247167,0.7831913670247167,0.7209920636004402,0.7699802099963335,both,car_supported,primary
transit:T6-1@1#753:54:55,transit,S_0021492,gtfs_shape_geometry_primary,1.0,1.0,0.5557744032509656,1.5688282049662092,both,car_supported,primary
transit:T6-1@1#753:54:55,transit,S_0057663,gtfs_shape_geometry_primary,0.609107120601288,0.609107120601288,0.5560462301280907,1.1285822060668238,both,car_supported,primary
transit:E703-1@1#840:3:4,transit,S_0014997,gtfs_shape_geometry_primary,1.0,1.0,0.07557005398420494,44.597956039381444,segment_coverage,car_supported,primary
transit:E703-1@1#840:3:4,transit,S_0043150,gtfs_shape_geometry_primary,0.5224624329600789,0.5224624329600789,0.07448794603474086,41.14081082451004,segment_coverage,car_supported,primary
transit:E703-1@1#840:3:4,transit,S_0014994,gtfs_shape_geometry_primary,1.0,1.0,0.08899917261800087,6.482467353148621,segment_coverage,car_supported,primary
transit:E703-1@1#840:3:4,transit,S_0014992,gtfs_shape_geometry_primary,1.0,1.0,0.07483331986655165,30.99854352712299,segment_coverage,car_supported,primary
transit:T8-2@1#818:25:26,transit,S_0036067,gtfs_shape_geometry_primary,0.6877154496312954,0.6877154496312954,0.1625693367713748,3.931621417691076,segment_coverage,car_supported,primary
transit:T8-2@1#818:25:26,transit,S_0036066,gtfs_shape_geometry_primary,1.0,1.0,0.35669991919440025,0.5336666274241963,segment_coverage,car_supported,primary
transit:T1-1@1#813:42:43,transit,S_0057892,gtfs_shape_geometry_primary,0.7908530462808003,0.7908530462808003,0.27395012727051166,25.502779207103387,segment_coverage,car_supported,primary
transit:T1-1@1#813:42:43,transit,S_0030065,gtfs_shape_geometry_primary,0.5241213073242592,0.5241213073242592,0.31999306286266505,24.309824171896537,segment_coverage,car_supported,primary
transit:T6-2@1#828:17:18,transit,S_0020841,gtfs_shape_geometry_primary,0.5835731232300618,0.5835731232300618,0.10353470941976771,26.183397717378682,segment_coverage,car_supported,primary
transit:T6-2@1#828:17:18,transit,S_0020839,gtfs_shape_geometry_primary,0.9022641545843013,0.9022641545843013,0.1532816183056955,13.639319673248622,segment_coverage,car_supported,primary
transit:2672-1@1#732:103:104,transit,S_0010901,gtfs_shape_geometry_primary,0.7836092172966862,0.7836092172966862,0.1919831969691136,30.18990234792411,segment_coverage,car_supported,primary
transit:2672-1@1#732:103:104,transit,S_0038630,gtfs_shape_geometry_primary,1.0,1.0,0.25395304872451957,15.530772789508092,segment_coverage,car_supported,primary
transit:2672-1@1#732:103:104,transit,S_0038632,gtfs_shape_geometry_primary,1.0,1.0,0.233846737140505,24.639076003105572,segment_coverage,car_supported,primary
transit:2672-1@1#732:103:104,transit,S_0038631,gtfs_shape_geometry_primary,1.0,1.0,0.1583288167393864,0.040733154201888055,segment_coverage,car_supported,primary
transit:2672-1@1#732:103:104,transit,S_0032790,gtfs_shape_geometry_primary,1.0,1.0,0.23454306489876386,2.0290008388724914,segment_coverage,car_supported,primary
transit:2672-1@1#732:103:104,transit,S_0038586,gtfs_shape_geometry_primary,1.0,1.0,0.4323001825391463,4.93259372202661,segment_coverage,car_supported,primary
transit:2672-1@1#732:103:104,transit,S_0038588,gtfs_shape_geometry_primary,1.0,1.0,0.11501174223358791,1.5212951947304276,segment_coverage,car_supported,primary
transit:2672-1@1#732:103:104,transit,S_0051655,gtfs_shape_geometry_primary,1.0,1.0,0.4423215278461236,1.9598534851001972,segment_coverage,car_supported,primary
transit:2672-1@1#732:103:104,transit,S_0051654,gtfs_shape_geometry_primary,1.0,1.0,0.17682205918858113,15.334779160260993,segment_coverage,car_supported,primary
transit:2672-1@1#732:103:104,transit,S_0048089,gtfs_shape_geometry_primary,0.9430708409669345,0.9430708409669345,0.17672130425607177,0.4348920296095571,segment_coverage,car_supported,primary
transit:2672-1@1#732:103:104,transit,S_0048088,gtfs_shape_geometry_primary,1.0,1.0,0.06555841348765643,1.725232830550084,segment_coverage,car_supported,primary
transit:T12A-1@1#753:80:81,transit,S_0055400,gtfs_shape_geometry_primary,0.9163554443325618,0.9163554443325618,0.2272380040979103,27.58555115233942,segment_coverage,car_supported,primary
transit:T12A-1@1#753:80:81,transit,S_0029378,gtfs_shape_geometry_primary,1.0,1.0,0.27138161585304676,25.945905854143746,segment_coverage,car_supported,primary
transit:T12A-1@1#753:80:81,transit,S_0019098,gtfs_shape_geometry_primary,1.0,1.0,0.23630679210963837,25.17729829892798,segment_coverage,car_supported,primary
transit:T12A-1@1#753:80:81,transit,S_0019099,gtfs_shape_geometry_primary,1.0,1.0,0.445200462609099,1.6951597491122357,segment_coverage,car_supported,primary
transit:T12A-1@1#753:80:81,transit,S_0029375,gtfs_shape_geometry_primary,1.0,1.0,0.6803239072267969,7.965603160288495,both,car_supported,primary
transit:T12A-1@1#753:80:81,transit,S_0050227,gtfs_shape_geometry_primary,1.0,1.0,0.5515670337355701,15.472473942873663,both,car_supported,primary
transit:T12A-1@1#753:80:81,transit,S_0050226,gtfs_shape_geometry_primary,1.0,1.0,0.35117676519277813,9.437922279413172,segment_coverage,car_supported,primary
transit:5203-2@1#828:13:14,transit,S_0019465,gtfs_shape_geometry_primary,0.5777753180866179,0.5646065658788931,0.5777753180866179,19.300461757916466,both,car_supported,primary
transit:5203-2@1#828:13:14,transit,S_0010022,gtfs_shape_geometry_primary,0.7571187909569123,0.72005169712066,0.7571187909569123,19.564027209305095,both,car_supported,primary
transit:5203-2@1#828:13:14,transit,S_0010108,gtfs_shape_geometry_primary,0.7167070477539773,0.7167070477539773,0.07949566792177763,21.553085695814957,segment_coverage,car_supported,primary
transit:T6-1@1#753:55:56,transit,S_0057144,gtfs_shape_geometry_primary,1.0,1.0,0.07385278601975362,26.79526695416149,segment_coverage,car_supported,primary
transit:T6-1@1#753:55:56,transit,S_0051823,gtfs_shape_geometry_primary,1.0,1.0,0.21712552854241635,0.4900620668303901,segment_coverage,car_supported,primary
transit:T6-1@1#753:55:56,transit,S_0030273,gtfs_shape_geometry_primary,0.709841597313529,0.709841597313529,0.1584495834926645,2.043786553253753,segment_coverage,car_supported,primary
transit:T6-1@1#753:55:56,transit,S_0051821,gtfs_shape_geometry_primary,0.6195775016873987,0.6195775016873987,0.11589232958870456,0.7699802099589306,segment_coverage,car_supported,primary
transit:T6-1@1#753:55:56,transit,S_0011867,gtfs_shape_geometry_primary,1.0,1.0,0.25559389752538225,14.01486952368326,segment_coverage,car_supported,primary
transit:T6-1@1#753:55:56,transit,S_0057474,gtfs_shape_geometry_primary,0.9783538094912374,0.9783538094912374,0.09401592793111675,23.05371811297711,segment_coverage,car_supported,primary
transit:T6-1@1#753:55:56,transit,S_0058676,gtfs_shape_geometry_primary,1.0,1.0,0.09859200386726348,0.25533983654506187,segment_coverage,car_supported,primary
transit:T6-1@1#753:55:56,transit,S_0057476,gtfs_shape_geometry_primary,1.0,1.0,0.11857035108620768,0.23528641507853365,segment_coverage,car_supported,primary
transit:T6-1@1#753:55:56,transit,S_0057349,gtfs_shape_geometry_primary,1.0,1.0,0.1334850544670672,29.709812311420507,segment_coverage,car_supported,primary
transit:T6-1@1#753:55:56,transit,S_0057350,gtfs_shape_geometry_primary,1.0,1.0,0.12455666889908876,17.458631207436923,segment_coverage,car_supported,primary
transit:T6-1@1#753:55:56,transit,S_0057351,gtfs_shape_geometry_primary,1.0,1.0,0.17721303827490514,0.4528564591063997,segment_coverage,car_supported,primary
transit:346-2@1#811:42:43,transit,S_0041061,gtfs_shape_geometry_primary,1.0,1.0,0.22992158145711647,23.971208595707267,segment_coverage,car_supported,primary
transit:346-2@1#811:42:43,transit,S_0033782,gtfs_shape_geometry_primary,1.0,1.0,0.2750038966763456,1.9545301428846926,segment_coverage,car_supported,primary
transit:346-2@1#811:42:43,transit,S_0033330,gtfs_shape_geometry_primary,0.6793818095785287,0.6793818095785287,0.37334201573701997,21.54683950029775,segment_coverage,car_supported,primary
transit:E703-1@1#840:4:5,transit,S_0046174,gtfs_shape_geometry_primary,0.8060138544623068,0.8060138544623068,0.0603653990133961,0.3781660468276016,segment_coverage,car_supported,primary
transit:E703-1@1#840:4:5,transit,S_0046176,gtfs_shape_geometry_primary,1.0,1.0,0.19776443635216812,10.513658801153639,segment_coverage,car_supported,primary
transit:E703-1@1#840:4:5,transit,S_0013871,gtfs_shape_geometry_primary,0.8781955838014993,0.8781955838014993,0.33138640798305274,22.0678107342936,segment_coverage,car_supported,primary
transit:E703-1@1#840:4:5,transit,S_0046170,gtfs_shape_geometry_primary,0.627510451183989,0.627510451183989,0.17933991251243245,3.0753585696074204,segment_coverage,car_supported,primary
transit:T12A-1@1#753:81:82,transit,S_0019112,gtfs_shape_geometry_primary,1.0,1.0,0.33771765625351474,2.3983588982630692,segment_coverage,car_supported,primary
transit:T12A-1@1#753:81:82,transit,S_0029379,gtfs_shape_geometry_primary,0.5769064056997808,0.5769064056997808,0.41713879666321485,1.872803049299634,segment_coverage,car_supported,primary
transit:T12A-1@1#753:81:82,transit,S_0055400,gtfs_shape_geometry_primary,0.9376397693306399,0.9376397693306399,0.08591154814964397,27.3247894578939,segment_coverage,car_supported,primary
transit:T12A-1@1#753:81:82,transit,S_0019110,gtfs_shape_geometry_primary,0.7851637856668199,0.7851637856668199,0.2724361591673547,10.881618331592819,segment_coverage,car_supported,primary
transit:T12A-1@1#753:81:82,transit,S_0029378,gtfs_shape_geometry_primary,0.6780767541392413,0.6780767541392413,0.03441047117483927,26.41906565342859,segment_coverage,car_supported,primary
transit:2672-1@1#732:104:105,transit,S_0048088,gtfs_shape_geometry_primary,1.0,1.0,0.3150672415182668,2.202058397844013,segment_coverage,car_supported,primary
transit:2672-1@1#732:104:105,transit,S_0048087,gtfs_shape_geometry_primary,1.0,1.0,0.9895213999979997,2.58290183156997,both,car_supported,primary
transit:2672-1@1#732:104:105,transit,S_0031396,gtfs_shape_geometry_primary,0.9720382330288969,0.9720382330288969,0.7900336294477935,12.89168317214758,both,car_supported,primary
transit:T12A-1@1#753:82:83,transit,S_0019113,gtfs_shape_geometry_primary,0.9183315838354715,0.9183315838354715,0.37913336293031175,14.608254183406729,segment_coverage,car_supported,primary
transit:E703-1@1#840:5:6,transit,S_0041856,gtfs_shape_geometry_primary,1.0,1.0,0.04052560422727719,0.7266816795142574,segment_coverage,car_supported,primary
transit:E703-1@1#840:5:6,transit,S_0023170,gtfs_shape_geometry_primary,1.0,1.0,0.04676947342829974,0.44138493811240664,segment_coverage,car_supported,primary
transit:E703-1@1#840:5:6,transit,S_0023172,gtfs_shape_geometry_primary,1.0,1.0,0.046819303016069416,0.447884016945693,segment_coverage,car_supported,primary
transit:E703-1@1#840:5:6,transit,S_0041887,gtfs_shape_geometry_primary,1.0,1.0,0.0423483292019238,0.615035943598798,segment_coverage,car_supported,primary
transit:E703-1@1#840:5:6,transit,S_0046174,gtfs_shape_geometry_primary,1.0,1.0,0.042318196494734395,0.21822722515608461,segment_coverage,car_supported,primary
transit:E703-1@1#840:5:6,transit,S_0046176,gtfs_shape_geometry_primary,1.0,1.0,0.05881643015682264,10.513658801153639,segment_coverage,car_supported,primary
transit:E703-1@1#840:5:6,transit,S_0041877,gtfs_shape_geometry_primary,0.7296015090800748,0.7296015090800748,0.010857101147464679,38.21306280860851,segment_coverage,car_supported,primary
transit:E703-1@1#840:5:6,transit,S_0013871,gtfs_shape_geometry_primary,0.8781955838014993,0.8781955838014993,0.08709702539521148,22.0678107342936,segment_coverage,car_supported,primary
transit:E703-1@1#840:5:6,transit,S_0046170,gtfs_shape_geometry_primary,0.627510451183989,0.627510451183989,0.047135225036957905,3.0753585696074204,segment_coverage,car_supported,primary
transit:E703-1@1#840:5:6,transit,S_0014997,gtfs_shape_geometry_primary,1.0,1.0,0.0394144512966438,44.597956039381444,segment_coverage,car_supported,primary
transit:E703-1@1#840:5:6,transit,S_0043150,gtfs_shape_geometry_primary,0.5224624329600789,0.5224624329600789,0.0388500651565892,41.14081082451004,segment_coverage,car_supported,primary
transit:E703-1@1#840:5:6,transit,S_0014994,gtfs_shape_geometry_primary,1.0,1.0,0.046418566213105715,6.482467353148621,segment_coverage,car_supported,primary
transit:E703-1@1#840:5:6,transit,S_0014992,gtfs_shape_geometry_primary,1.0,1.0,0.03903019894445029,30.99854352712299,segment_coverage,car_supported,primary
transit:T6-2@1#828:19:20,transit,S_0017530,gtfs_shape_geometry_primary,0.6063171735127821,0.6063171735127821,0.15428307072563124,44.912646420720115,segment_coverage,car_supported,primary
transit:375-2@1#809:38:39,transit,S_0057572,gtfs_shape_geometry_primary,1.0,1.0,0.16560726135679973,23.504181684638823,segment_coverage,car_supported,primary
transit:375-2@1#809:38:39,transit,S_0016965,gtfs_shape_geometry_primary,0.7588793795799811,0.7588793795799811,0.22590061506300527,14.147287502217438,segment_coverage,car_supported,primary
transit:2672-1@1#732:106:107,transit,S_0058341,gtfs_shape_geometry_primary,0.9873117340930501,0.9873117340930501,0.28614543535059417,4.612613397898301,segment_coverage,car_supported,primary
transit:2672-1@1#732:106:107,transit,S_0058640,gtfs_shape_geometry_primary,1.0,1.0,0.2376569115121119,0.875409947898703,segment_coverage,car_supported,primary
transit:2672-1@1#732:106:107,transit,S_0043792,gtfs_shape_geometry_primary,1.0,1.0,0.1172317847079786,0.6890022969898268,segment_coverage,car_supported,primary
transit:2672-1@1#732:106:107,transit,S_0006943,gtfs_shape_geometry_primary,1.0,1.0,0.28241841145736163,1.3509896400571648,segment_coverage,car_supported,primary
transit:2672-1@1#732:106:107,transit,S_0006944,gtfs_shape_geometry_primary,1.0,1.0,0.09297070359553965,0.10451153197665519,segment_coverage,car_supported,primary
transit:2672-1@1#732:106:107,transit,S_0044877,gtfs_shape_geometry_primary,1.0,1.0,0.08032254910804683,0.9600993290065531,segment_coverage,car_supported,primary
transit:2672-1@1#732:106:107,transit,S_0006941,gtfs_shape_geometry_primary,0.8023490378021163,0.8023490378021163,0.08694521358880442,1.0221758433045096,segment_coverage,car_supported,primary
transit:2672-1@1#732:106:107,transit,S_0006940,gtfs_shape_geometry_primary,0.5430631686586692,0.5430631686586692,0.059462158284258014,0.9823808576337427,segment_coverage,car_supported,primary
transit:2672-1@1#732:106:107,transit,S_0057064,gtfs_shape_geometry_primary,1.0,1.0,0.13443989967328704,0.10797770932721562,segment_coverage,car_supported,primary
transit:T1-1@1#813:45:46,transit,S_0021168,gtfs_shape_geometry_primary,1.0,1.0,0.3488446780785271,8.0185975575546,segment_coverage,car_supported,primary
transit:T1-1@1#813:45:46,transit,S_0017239,gtfs_shape_geometry_primary,1.0,1.0,0.3132807265982962,6.594109766997164,segment_coverage,car_supported,primary
transit:2672-1@1#732:107:108,transit,S_0044877,gtfs_shape_geometry_primary,0.8804253930266713,0.8804253930266713,0.019718031739200254,0.9600993290220714,segment_coverage,car_supported,primary
transit:2672-1@1#732:107:108,transit,S_0006940,gtfs_shape_geometry_primary,1.0,1.0,0.13724314077725885,0.9823808575975193,segment_coverage,car_supported,primary
transit:2672-1@1#732:107:108,transit,S_0040635,gtfs_shape_geometry_primary,1.0,1.0,0.06075152724002179,0.9931043598254234,segment_coverage,car_supported,primary
transit:2672-1@1#732:107:108,transit,S_0006939,gtfs_shape_geometry_primary,1.0,1.0,0.12430934311403102,24.888803072877224,segment_coverage,car_supported,primary
transit:2672-1@1#732:107:108,transit,S_0040367,gtfs_shape_geometry_primary,1.0,1.0,0.3239735784427035,0.4246204715165618,segment_coverage,car_supported,primary
transit:2672-1@1#732:107:108,transit,S_0040634,gtfs_shape_geometry_primary,0.705591803707506,0.705591803707506,0.2597559823686901,1.45071562015697,segment_coverage,car_supported,primary
transit:2672-1@1#732:107:108,transit,S_0040366,gtfs_shape_geometry_primary,1.0,1.0,0.15731618543608072,4.202127878847762,segment_coverage,car_supported,primary
transit:2672-1@1#732:107:108,transit,S_0038620,gtfs_shape_geometry_primary,1.0,1.0,0.14219106638972398,8.215353003488133,segment_coverage,car_supported,primary
transit:2672-1@1#732:107:108,transit,S_0038623,gtfs_shape_geometry_primary,1.0,1.0,0.0597409420872582,7.8384156925204,segment_coverage,car_supported,primary
transit:T1-1@1#813:46:47,transit,S_0017238,gtfs_shape_geometry_primary,1.0,1.0,0.559253685711333,0.11147065583065796,both,car_supported,primary
transit:T1-1@1#813:46:47,transit,S_0017235,gtfs_shape_geometry_primary,1.0,1.0,0.6610967695851703,0.16125628081047694,both,car_supported,primary
transit:375-2@1#809:39:40,transit,S_0016965,gtfs_shape_geometry_primary,0.5340588604526525,0.5340588604526525,0.07195768365731176,20.448101850705967,segment_coverage,car_supported,primary
transit:470-2@1#824:20:21,transit,S_0017530,gtfs_shape_geometry_primary,0.6063171735127821,0.6063171735127821,0.15428307072563124,44.912646420720115,segment_coverage,car_supported,primary
transit:T6-1@1#753:58:59,transit,S_0022124,gtfs_shape_geometry_primary,1.0,1.0,0.13514985876207028,0.5017282021161122,segment_coverage,car_supported,primary
transit:T6-1@1#753:58:59,transit,S_0031154,gtfs_shape_geometry_primary,0.745741085238323,0.745741085238323,0.27964088710394985,1.36871637704634,segment_coverage,car_supported,primary
transit:T6-1@1#753:58:59,transit,S_0022123,gtfs_shape_geometry_primary,0.9389237299350822,0.9389237299350822,0.26969035093247495,1.1657263415951746,segment_coverage,car_supported,primary
transit:E703-1@1#840:7:8,transit,S_0046269,gtfs_shape_geometry_primary,0.8017338305722168,0.8017338305722168,0.03026109427682755,3.5846383649537614,segment_coverage,car_supported,primary
transit:E703-1@1#840:7:8,transit,S_0041856,gtfs_shape_geometry_primary,1.0,1.0,0.028303716825858444,0.7266816795321063,segment_coverage,car_supported,primary
transit:E703-1@1#840:7:8,transit,S_0023170,gtfs_shape_geometry_primary,1.0,1.0,0.032664532886054046,0.44138493811240664,segment_coverage,car_supported,primary
transit:E703-1@1#840:7:8,transit,S_0023172,gtfs_shape_geometry_primary,1.0,1.0,0.032699334650732804,0.447884016945693,segment_coverage,car_supported,primary
transit:E703-1@1#840:7:8,transit,S_0041887,gtfs_shape_geometry_primary,1.0,1.0,0.029636558188086026,0.615035943598798,segment_coverage,car_supported,primary
transit:E703-1@1#840:7:8,transit,S_0046174,gtfs_shape_geometry_primary,1.0,1.0,0.029555691346405677,0.21822722515608461,segment_coverage,car_supported,primary
transit:E703-1@1#840:7:8,transit,S_0046176,gtfs_shape_geometry_primary,1.0,1.0,0.04107831618081311,10.513658801153639,segment_coverage,car_supported,primary
transit:E703-1@1#840:7:8,transit,S_0041877,gtfs_shape_geometry_primary,1.0,1.0,0.02654641973063644,7.72188283404715,segment_coverage,car_supported,primary
transit:E703-1@1#840:7:8,transit,S_0013871,gtfs_shape_geometry_primary,0.8781955838014993,0.8781955838014993,0.06082992691078491,22.0678107342936,segment_coverage,car_supported,primary
transit:E703-1@1#840:7:8,transit,S_0046170,gtfs_shape_geometry_primary,0.627510451183989,0.627510451183989,0.032919979539039294,3.0753585696074204,segment_coverage,car_supported,primary
transit:E703-1@1#840:7:8,transit,S_0014997,gtfs_shape_geometry_primary,1.0,1.0,0.027527670212895133,44.597956039381444,segment_coverage,car_supported,primary
transit:E703-1@1#840:7:8,transit,S_0043150,gtfs_shape_geometry_primary,0.5224624329600789,0.5224624329600789,0.027133494091572983,41.14081082451004,segment_coverage,car_supported,primary
transit:E703-1@1#840:7:8,transit,S_0014994,gtfs_shape_geometry_primary,1.0,1.0,0.03241945379000155,6.482467353148621,segment_coverage,car_supported,primary
transit:E703-1@1#840:7:8,transit,S_0014992,gtfs_shape_geometry_primary,1.0,1.0,0.027259302350810678,30.99854352712299,segment_coverage,car_supported,primary
transit:T1-1@1#813:47:48,transit,S_0017234,gtfs_shape_geometry_primary,1.0,1.0,0.5230674685429356,0.30269199715743866,both,car_supported,primary
transit:T1-1@1#813:47:48,transit,S_0011968,gtfs_shape_geometry_primary,1.0,1.0,0.3306769504248531,1.0199468180282878,segment_coverage,car_supported,primary
transit:T1-1@1#813:47:48,transit,S_0017949,gtfs_shape_geometry_primary,0.5427087196700006,0.5427087196700006,0.4658613370928115,0.19622993173796033,segment_coverage,car_supported,primary
transit:375-2@1#809:40:41,transit,S_0043070,gtfs_shape_geometry_primary,1.0,1.0,0.023126954066773304,20.034618214228658,segment_coverage,car_supported,primary
transit:4382-2@1#831:19:20,transit,S_0021695,gtfs_shape_geometry_primary,1.0,1.0,0.15620794758779452,14.257148105042518,segment_coverage,car_supported,primary
transit:4382-2@1#831:19:20,transit,S_0031173,gtfs_shape_geometry_primary,0.6993265477402856,0.6993265477402856,0.22225683331264262,35.25327859707048,segment_coverage,car_supported,primary
transit:4382-2@1#831:19:20,transit,S_0031176,gtfs_shape_geometry_primary,1.0,1.0,0.2610751762388592,35.417922612523014,segment_coverage,car_supported,primary
transit:2672-1@1#732:109:110,transit,S_0040628,gtfs_shape_geometry_primary,0.9971705520178795,0.9971705520178795,0.15832527395147836,19.008145104373057,segment_coverage,car_supported,primary
transit:2672-1@1#732:109:110,transit,S_0045597,gtfs_shape_geometry_primary,1.0,1.0,0.13877136833017742,12.360106244021225,segment_coverage,car_supported,primary
transit:2672-1@1#732:109:110,transit,S_0045595,gtfs_shape_geometry_primary,1.0,1.0,0.14762734997575705,2.0556208747533447,segment_coverage,car_supported,primary
transit:2672-1@1#732:109:110,transit,S_0038593,gtfs_shape_geometry_primary,1.0,1.0,0.060252217864240155,0.2785185814535822,segment_coverage,car_supported,primary
transit:2672-1@1#732:109:110,transit,S_0045596,gtfs_shape_geometry_primary,1.0,1.0,0.13120437372346777,11.226890488243285,segment_coverage,car_supported,primary
transit:2672-1@1#732:109:110,transit,S_0038595,gtfs_shape_geometry_primary,1.0,1.0,0.07926609001528864,0.6753409721794696,segment_coverage,car_supported,primary
transit:2672-1@1#732:109:110,transit,S_0051182,gtfs_shape_geometry_primary,1.0,1.0,0.20991713017419933,0.09102010913362335,segment_coverage,car_supported,primary
transit:2672-1@1#732:109:110,transit,S_0039064,gtfs_shape_geometry_primary,0.5438255087068673,0.5438255087068673,0.35119494912400034,0.9719320008492787,segment_coverage,car_supported,primary
transit:E703-1@1#840:8:9,transit,S_0041680,gtfs_shape_geometry_primary,1.0,1.0,0.2507318469269273,0.8492534972450869,segment_coverage,car_supported,primary
transit:E703-1@1#840:8:9,transit,S_0041667,gtfs_shape_geometry_primary,1.0,1.0,0.2330623666114221,0.14133969921638823,segment_coverage,car_supported,primary
transit:E703-1@1#840:8:9,transit,S_0041666,gtfs_shape_geometry_primary,1.0,1.0,0.16154700630250166,0.22485529464560727,segment_coverage,car_supported,primary
transit:E703-1@1#840:8:9,transit,S_0023176,gtfs_shape_geometry_primary,1.0,1.0,0.22545435576001807,0.10118778861792066,segment_coverage,car_supported,primary
transit:T1-1@1#813:48:49,transit,S_0017949,gtfs_shape_geometry_primary,0.6436244466763648,0.6436244466763648,0.49440821134246077,0.19622993142199618,segment_coverage,car_supported,primary
transit:T1-1@1#813:48:49,transit,S_0017951,gtfs_shape_geometry_primary,1.0,1.0,0.40659673138139923,0.3993396699563334,segment_coverage,car_supported,primary
transit:T1-1@1#813:48:49,transit,S_0017233,gtfs_shape_geometry_primary,1.0,1.0,0.29363213232158225,0.40250242829681326,segment_coverage,car_supported,primary
transit:T1-1@1#813:48:49,transit,S_0017231,gtfs_shape_geometry_primary,0.5183129233312744,0.5183129233312744,0.23457852062854706,0.3415915135457368,segment_coverage,car_supported,primary
transit:T12A-1@1#753:87:88,transit,S_0033164,gtfs_shape_geometry_primary,0.5037774593426685,0.252485246447347,0.5037774593426685,42.45797599488864,shape_coverage,car_supported,primary
transit:2672-1@1#732:110:111,transit,S_0039064,gtfs_shape_geometry_primary,0.6055292765248511,0.5995140544803093,0.6055292765248511,0.9719320008183274,both,car_supported,primary
transit:2672-1@1#732:110:111,transit,S_0031379,gtfs_shape_geometry_primary,0.7038951646032915,0.7038951646032915,0.281529298198837,0.08959141773092938,segment_coverage,car_supported,primary
transit:2672-1@1#732:110:111,transit,S_0006835,gtfs_shape_geometry_primary,1.0,1.0,0.19638006928936763,0.8852554201044285,segment_coverage,car_supported,primary
transit:2672-1@1#732:110:111,transit,S_0039062,gtfs_shape_geometry_primary,1.0,1.0,0.21168152876567267,20.6729370123562,segment_coverage,car_supported,primary
transit:2672-1@1#732:110:111,transit,S_0038614,gtfs_shape_geometry_primary,1.0,1.0,0.5359071011852266,0.8399280623188474,both,car_supported,primary
transit:2672-1@1#732:110:111,transit,S_0006836,gtfs_shape_geometry_primary,0.928915328825244,0.928915328825244,0.6059345305420247,1.753271330770616,both,car_supported,primary
transit:2672-1@1#732:110:111,transit,S_0038615,gtfs_shape_geometry_primary,0.9600176399798405,0.9600176399798405,0.15913731010807677,30.306494503020815,segment_coverage,car_supported,primary
transit:375-2@1#809:41:42,transit,S_0003194,gtfs_shape_geometry_primary,0.9584943839597532,0.9584943839597532,0.09405209494006782,35.13282553357634,segment_coverage,car_supported,primary
transit:375-2@1#809:41:42,transit,S_0003193,gtfs_shape_geometry_primary,1.0,1.0,0.09043866675779519,2.9376503755100316,segment_coverage,car_supported,primary
transit:375-2@1#809:41:42,transit,S_0003148,gtfs_shape_geometry_primary,1.0,1.0,0.10129287070917951,0.5013232318746788,segment_coverage,car_supported,primary
transit:375-2@1#809:41:42,transit,S_0043070,gtfs_shape_geometry_primary,0.8324152040187343,0.8324152040187343,0.050952145507925,20.034618213991564,segment_coverage,car_supported,primary
transit:T1-1@1#813:49:50,transit,S_0017231,gtfs_shape_geometry_primary,0.7975568385417825,0.7975568385417825,0.3254014406316763,0.07199972765465645,segment_coverage,car_supported,primary
transit:T1-1@1#813:49:50,transit,S_0011965,gtfs_shape_geometry_primary,1.0,1.0,0.3673796718880281,1.1372587732714834,segment_coverage,car_supported,primary
transit:T1-1@1#813:49:50,transit,S_0001138,gtfs_shape_geometry_primary,1.0,1.0,0.2288088641884753,1.5728843847566054,segment_coverage,car_supported,primary
transit:T1-1@1#813:49:50,transit,S_0021497,gtfs_shape_geometry_primary,1.0,1.0,0.30752992408895896,0.9418793677375135,segment_coverage,car_supported,primary
transit:T1-1@1#813:49:50,transit,S_0021498,gtfs_shape_geometry_primary,1.0,1.0,0.2551405493453223,0.2761945716233072,segment_coverage,car_supported,primary
transit:T12A-1@1#753:88:89,transit,S_0019125,gtfs_shape_geometry_primary,0.8112620466531938,0.8112620466531938,0.3083786221010678,21.76624251501643,segment_coverage,car_supported,primary
transit:T12A-1@1#753:88:89,transit,S_0049643,gtfs_shape_geometry_primary,1.0,1.0,0.5727461273647448,4.430261436684475,both,car_supported,primary
transit:T12A-1@1#753:88:89,transit,S_0051636,gtfs_shape_geometry_primary,1.0,1.0,0.03889056949148795,27.462173527884516,segment_coverage,car_supported,primary
transit:T6-2@1#828:23:24,transit,S_0036064,gtfs_shape_geometry_primary,1.0,1.0,0.4065039675590973,6.939175895103375,segment_coverage,car_supported,primary
transit:T6-2@1#828:23:24,transit,S_0022602,gtfs_shape_geometry_primary,0.9011413769638066,0.9011413769638066,0.24623910425689832,11.010901013446698,segment_coverage,car_supported,primary
transit:T6-2@1#828:23:24,transit,S_0022603,gtfs_shape_geometry_primary,0.5126447744142444,0.5126447744142444,0.14665415764902356,10.887866062699231,segment_coverage,car_supported,primary
transit:T1-1@1#813:50:51,transit,S_0006702,gtfs_shape_geometry_primary,0.6773740804609106,0.6773740804609106,0.6573403114282692,7.66021641977008,both,car_supported,primary
transit:211-2@1#840:12:13,transit,S_0022129,gtfs_shape_geometry_primary,1.0,0.619345845677682,1.0,0.8292728156384186,both,car_supported,primary
transit:470-2@1#824:23:24,transit,S_0021931,gtfs_shape_geometry_primary,0.8501204850753195,0.8501204850753195,0.444535532443393,0.3277200537543621,segment_coverage,car_supported,primary
transit:T10-2@1#838:11:12,transit,S_0017063,gtfs_shape_geometry_primary,0.984117303844446,0.984117303844446,0.09642460594159424,19.549498059377242,segment_coverage,car_supported,primary
transit:T10-2@1#838:11:12,transit,S_0017064,gtfs_shape_geometry_primary,0.9757596530257951,0.9757596530257951,0.03729940393909644,37.36448294517585,segment_coverage,car_supported,primary
transit:T6-2@1#828:24:25,transit,S_0036067,gtfs_shape_geometry_primary,0.6877154496312954,0.6877154496312954,0.2645256943742769,3.931621417691076,segment_coverage,car_supported,primary
transit:T6-2@1#828:24:25,transit,S_0036066,gtfs_shape_geometry_primary,1.0,1.0,0.49004578472674754,0.5336666274334334,segment_coverage,car_supported,primary
transit:T5-1@1#822:30:31,transit,S_0018672,gtfs_shape_geometry_primary,1.0,1.0,0.076600370245984,14.968264314966433,segment_coverage,car_supported,primary
transit:2672-1@1#732:112:113,transit,S_0052597,gtfs_shape_geometry_primary,0.5792812392191264,0.5792812392191264,0.18075030731681438,42.25511370183914,segment_coverage,car_supported,primary
transit:3973-1@1#755:80:81,transit,S_0031135,gtfs_shape_geometry_primary,0.6424950842989903,0.6424950842989903,0.1049503842598298,24.169566842232243,segment_coverage,car_supported,primary
transit:3973-1@1#755:80:81,transit,S_0014414,gtfs_shape_geometry_primary,0.5660279592317506,0.5660279592317506,0.07396992901437918,23.441247674560188,segment_coverage,car_supported,primary
transit:211-2@1#840:13:14,transit,S_0022137,gtfs_shape_geometry_primary,1.0,1.0,0.15149281945759593,38.19526695661337,segment_coverage,car_supported,primary
transit:211-2@1#840:13:14,transit,S_0022122,gtfs_shape_geometry_primary,1.0,1.0,0.14626238602426592,38.51541379380001,segment_coverage,car_supported,primary
transit:211-2@1#840:13:14,transit,S_0022136,gtfs_shape_geometry_primary,1.0,1.0,0.07910391310199794,0.6838515382689963,segment_coverage,car_supported,primary
transit:211-2@1#840:13:14,transit,S_0022121,gtfs_shape_geometry_primary,1.0,1.0,0.07138711487088055,0.14892038815114006,segment_coverage,car_supported,primary
transit:211-2@1#840:13:14,transit,S_0022119,gtfs_shape_geometry_primary,1.0,1.0,0.21022198952070817,2.64088272204728,segment_coverage,car_supported,primary
transit:211-2@1#840:13:14,transit,S_0022126,gtfs_shape_geometry_primary,1.0,1.0,0.14299688635359423,0.1811101264338788,segment_coverage,car_supported,primary
transit:211-2@1#840:13:14,transit,S_0022129,gtfs_shape_geometry_primary,0.6803423629014774,0.6803423629014774,0.14766443444991173,0.3683043965601911,segment_coverage,car_supported,primary
transit:375-2@1#809:43:44,transit,S_0016953,gtfs_shape_geometry_primary,0.6448432363244583,0.3507131643801321,0.6448432363244583,18.58533927884568,shape_coverage,car_supported,primary
transit:E703-1@1#840:11:12,transit,S_0041701,gtfs_shape_geometry_primary,0.8616627457177823,0.8616627457177823,0.578797714271397,0.4364386955479773,both,car_supported,primary
transit:E703-1@1#840:11:12,transit,S_0041700,gtfs_shape_geometry_primary,1.0,1.0,0.37034558681281715,0.5774622158776168,segment_coverage,car_supported,primary
transit:T6-2@1#828:25:26,transit,S_0006292,gtfs_shape_geometry_primary,0.5300926267641901,0.5300926267641901,0.34374366517756394,4.11542907428904,segment_coverage,car_supported,primary
transit:T6-2@1#828:25:26,transit,S_0022559,gtfs_shape_geometry_primary,0.7053684146977254,0.7053684146977254,0.4541082925405192,11.363594859924717,segment_coverage,car_supported,primary
transit:3973-1@1#755:81:82,transit,S_0031135,gtfs_shape_geometry_primary,1.0,0.5028539597083197,1.0,24.16956684252837,both,car_supported,primary
transit:3973-1@1#755:81:82,transit,S_0042477,gtfs_shape_geometry_primary,1.0,0.37272223339283056,1.0,29.72292532372542,shape_coverage,car_supported,primary
transit:3973-1@1#755:81:82,transit,S_0042478,gtfs_shape_geometry_primary,1.0,0.39767133956674583,1.0,25.845776758815745,shape_coverage,car_supported,primary
transit:T5-1@1#822:31:32,transit,S_0018670,gtfs_shape_geometry_primary,0.9153944258153905,0.8174076506058485,0.9153944258153905,3.543001325848053,both,car_supported,primary
transit:T10-2@1#838:12:13,transit,S_0017063,gtfs_shape_geometry_primary,0.7523494766097134,0.7523494766097134,0.10232938914286688,27.783285089373152,segment_coverage,car_supported,primary
transit:T10-2@1#838:12:13,transit,S_0017027,gtfs_shape_geometry_primary,1.0,1.0,0.12129191379823738,42.75307047750633,segment_coverage,car_supported,primary
transit:T10-2@1#838:12:13,transit,S_0052666,gtfs_shape_geometry_primary,1.0,1.0,0.07241494786645986,43.94787791855131,segment_coverage,car_supported,primary
transit:3973-1@1#755:82:83,transit,S_0042477,gtfs_shape_geometry_primary,0.5811317002223727,0.5811317002223727,0.16064688212012246,28.833944654112145,segment_coverage,car_supported,primary
transit:E703-1@1#840:12:13,transit,S_0041725,gtfs_shape_geometry_primary,0.9183000238697917,0.9183000238697917,0.6084820495967809,1.2063212934112073,both,car_supported,primary
transit:E703-1@1#840:12:13,transit,S_0041714,gtfs_shape_geometry_primary,1.0,1.0,0.4540794972193793,1.2262798492530322,segment_coverage,car_supported,primary
transit:T5-1@1#822:32:33,transit,S_0017604,gtfs_shape_geometry_primary,1.0,0.8929668991277988,1.0,0.1854220637338102,both,car_supported,primary
transit:T10-2@1#838:13:14,transit,S_0017030,gtfs_shape_geometry_primary,0.5947262827736343,0.5947262827736343,0.21099094464282625,35.25994117904451,segment_coverage,car_supported,primary
transit:T10-2@1#838:13:14,transit,S_0017029,gtfs_shape_geometry_primary,0.5586682296221617,0.5586682296221617,0.47872987233600145,9.613938428197798,segment_coverage,car_supported,primary
transit:T10-2@1#838:13:14,transit,S_0027355,gtfs_shape_geometry_primary,0.8710022899079721,0.8710022899079721,0.30284044579845715,7.281178441925206,segment_coverage,car_supported,primary
transit:T10-2@1#838:13:14,transit,S_0017322,gtfs_shape_geometry_primary,1.0,1.0,0.2037362172310519,1.1041188372104784,segment_coverage,car_supported,primary
transit:T10-2@1#838:13:14,transit,S_0027354,gtfs_shape_geometry_primary,1.0,1.0,0.1522020643056899,1.0570450100602073,segment_coverage,car_supported,primary
transit:T10-2@1#838:13:14,transit,S_0051258,gtfs_shape_geometry_primary,0.6339570328199574,0.6339570328199574,0.21912527487406266,3.6585109746894346,segment_coverage,car_supported,primary
transit:E703-1@1#840:13:14,transit,S_0041730,gtfs_shape_geometry_primary,1.0,1.0,0.4427771673962587,0.19540024290911617,segment_coverage,car_supported,primary
transit:E703-1@1#840:13:14,transit,S_0041728,gtfs_shape_geometry_primary,1.0,1.0,0.2627836853648292,0.6938396388529213,segment_coverage,car_supported,primary
transit:E703-1@1#840:13:14,transit,S_0041724,gtfs_shape_geometry_primary,1.0,1.0,0.4731425785474055,0.991991219145973,segment_coverage,car_supported,primary
transit:T10-2@1#838:14:15,transit,S_0051258,gtfs_shape_geometry_primary,0.7728197472349111,0.7728197472349111,0.2439413350739764,9.896766282540739,segment_coverage,car_supported,primary
transit:T10-2@1#838:14:15,transit,S_0028067,gtfs_shape_geometry_primary,1.0,1.0,0.10237258247074524,15.864079479901235,segment_coverage,car_supported,primary
transit:T5-1@1#822:33:34,transit,S_0009459,gtfs_shape_geometry_primary,1.0,1.0,0.24140706217902216,0.28678675684260213,segment_coverage,car_supported,primary
transit:T5-1@1#822:33:34,transit,S_0017602,gtfs_shape_geometry_primary,1.0,1.0,0.24114119651535068,0.2925047237626899,segment_coverage,car_supported,primary
transit:T10-2@1#838:15:16,transit,S_0043159,gtfs_shape_geometry_primary,0.841117584952755,0.7821470210352319,0.841117584952755,3.566811112909562,both,car_supported,primary
transit:T10-2@1#838:15:16,transit,S_0017444,gtfs_shape_geometry_primary,0.9315507564863189,0.8630667404817439,0.9315507564863189,2.2947875452904896,both,car_supported,primary
transit:T10-2@1#838:15:16,transit,S_0031201,gtfs_shape_geometry_primary,0.5861340361381396,0.5861340361381396,0.2280937336713025,0.1916771733914544,segment_coverage,car_supported,primary
transit:T10-2@1#838:15:16,transit,S_0017443,gtfs_shape_geometry_primary,0.6127515834208599,0.6127515834208599,0.2086923815218109,2.9542544217575255,segment_coverage,car_supported,primary
transit:E703-1@1#840:14:15,transit,S_0041733,gtfs_shape_geometry_primary,1.0,0.22665266906264012,1.0,0.8161480822378593,shape_coverage,car_supported,primary
transit:E703-1@1#840:14:15,transit,S_0041730,gtfs_shape_geometry_primary,1.0,0.23733587117354818,1.0,0.1784852624932114,shape_coverage,car_supported,primary
transit:2672-1@1#732:117:118,transit,S_0040570,gtfs_shape_geometry_primary,1.0,1.0,0.08360542946062945,44.88263212138564,segment_coverage,car_supported,primary
transit:2672-1@1#732:117:118,transit,S_0050903,gtfs_shape_geometry_primary,1.0,1.0,0.07169080872449404,44.72728505351357,segment_coverage,car_supported,primary
transit:T10-2@1#838:16:17,transit,S_0031201,gtfs_shape_geometry_primary,0.6096239579620589,0.6096239579620589,0.26821908327129934,0.17944779014574408,segment_coverage,car_supported,primary
transit:T10-2@1#838:16:17,transit,S_0017443,gtfs_shape_geometry_primary,0.8029756185348297,0.8029756185348297,0.31127925212435087,2.941037890073275,segment_coverage,car_supported,primary
transit:T10-2@1#838:16:17,transit,S_0031202,gtfs_shape_geometry_primary,1.0,1.0,0.21304937834139953,2.103217864435493,segment_coverage,car_supported,primary
transit:T10-2@1#838:16:17,transit,S_0010623,gtfs_shape_geometry_primary,1.0,1.0,0.17792615473099765,0.5870625059603753,segment_coverage,car_supported,primary
transit:T10-2@1#838:16:17,transit,S_0010625,gtfs_shape_geometry_primary,1.0,1.0,0.21033052294835777,2.325572864388789,segment_coverage,car_supported,primary
transit:T10-2@1#838:16:17,transit,S_0017323,gtfs_shape_geometry_primary,1.0,1.0,0.6314538905963129,0.24951757268091512,both,car_supported,primary
transit:T10-2@1#838:16:17,transit,S_0010626,gtfs_shape_geometry_primary,1.0,1.0,0.1791944448062081,3.8381407902040507,segment_coverage,car_supported,primary
transit:T10-2@1#838:16:17,transit,S_0010624,gtfs_shape_geometry_primary,1.0,1.0,0.16080667450599728,1.3205980648345985,segment_coverage,car_supported,primary
transit:T10-2@1#838:16:17,transit,S_0051761,gtfs_shape_geometry_primary,1.0,1.0,0.23981539716105613,3.791043276717488,segment_coverage,car_supported,primary
transit:T10-2@1#838:16:17,transit,S_0017446,gtfs_shape_geometry_primary,1.0,1.0,0.2093665730736523,0.08473997508139064,segment_coverage,car_supported,primary
transit:T10-2@1#838:16:17,transit,S_0010611,gtfs_shape_geometry_primary,1.0,1.0,0.13166789824951655,0.6111919393554217,segment_coverage,car_supported,primary
transit:T10-2@1#838:16:17,transit,S_0010612,gtfs_shape_geometry_primary,0.7032113301202889,0.7032113301202889,0.36722408779619375,2.2690411320288035,segment_coverage,car_supported,primary
transit:T10-2@1#838:16:17,transit,S_0017325,gtfs_shape_geometry_primary,1.0,1.0,0.14723860045852882,6.703874900982967,segment_coverage,car_supported,primary
transit:E703-1@1#840:15:16,transit,S_0041733,gtfs_shape_geometry_primary,1.0,1.0,0.4441042487324027,0.8161480825636289,segment_coverage,car_supported,primary
transit:E703-1@1#840:15:16,transit,S_0041735,gtfs_shape_geometry_primary,1.0,1.0,0.18066860212209007,2.7414051693772308,segment_coverage,car_supported,primary
transit:T10-2@1#838:17:18,transit,S_0017325,gtfs_shape_geometry_primary,1.0,1.0,0.02935106970558252,11.879927326587612,segment_coverage,car_supported,primary
transit:T10-2@1#838:17:18,transit,S_0057619,gtfs_shape_geometry_primary,1.0,1.0,0.1480424614947223,7.220527903582443,segment_coverage,car_supported,primary
transit:T10-2@1#838:17:18,transit,S_0058927,gtfs_shape_geometry_primary,0.6329532531064245,0.6329532531064245,0.07168405481735386,16.618465230577208,segment_coverage,car_supported,primary
transit:T1-1@1#813:58:59,transit,S_0021352,gtfs_shape_geometry_primary,0.8921094940270197,0.8921094940270197,0.6480210783493713,6.569094243390907,both,car_supported,primary
transit:2672-1@1#732:120:121,transit,S_0001694,gtfs_shape_geometry_primary,0.8054020666575437,0.8054020666575437,0.48111571879350784,18.417185533301236,segment_coverage,car_supported,primary
transit:2672-1@1#732:120:121,transit,S_0001693,gtfs_shape_geometry_primary,0.5718195573842013,0.5718195573842013,0.38382516154111695,17.11414125207847,segment_coverage,car_supported,primary
transit:2672-1@1#732:120:121,transit,S_0034694,gtfs_shape_geometry_primary,1.0,1.0,0.28741067156342676,13.738177597898527,segment_coverage,car_supported,primary
transit:2672-1@1#732:120:121,transit,S_0034695,gtfs_shape_geometry_primary,1.0,1.0,0.15920570845629825,40.998504754702566,segment_coverage,car_supported,primary
transit:2672-1@1#732:120:121,transit,S_0034696,gtfs_shape_geometry_primary,1.0,1.0,0.17588760492902908,1.3241466610845833,segment_coverage,car_supported,primary
transit:2672-1@1#732:120:121,transit,S_0001696,gtfs_shape_geometry_primary,1.0,1.0,0.17882611538579696,13.165570343033039,segment_coverage,car_supported,primary
transit:2672-1@1#732:120:121,transit,S_0034704,gtfs_shape_geometry_primary,1.0,1.0,0.16540865330457474,8.05431192476803,segment_coverage,car_supported,primary
transit:2672-1@1#732:120:121,transit,S_0001666,gtfs_shape_geometry_primary,1.0,1.0,0.24169650988637412,1.3621367706582248,segment_coverage,car_supported,primary
transit:2672-1@1#732:120:121,transit,S_0001667,gtfs_shape_geometry_primary,1.0,1.0,0.20268067118746347,14.783356286872376,segment_coverage,car_supported,primary
transit:2672-1@1#732:120:121,transit,S_0051800,gtfs_shape_geometry_primary,1.0,1.0,0.19626944562849102,0.6748652958204246,segment_coverage,car_supported,primary
transit:2672-1@1#732:120:121,transit,S_0034703,gtfs_shape_geometry_primary,1.0,1.0,0.1383882177568398,29.536442155452193,segment_coverage,car_supported,primary
transit:2672-1@1#732:120:121,transit,S_0034706,gtfs_shape_geometry_primary,1.0,1.0,0.17577706389093764,1.0016511046527796,segment_coverage,car_supported,primary
transit:2672-1@1#732:120:121,transit,S_0001665,gtfs_shape_geometry_primary,0.5303337525538953,0.5303337525538953,0.34735109912282297,2.4936581441019854,segment_coverage,car_supported,primary
transit:2672-1@1#732:120:121,transit,S_0000044,gtfs_shape_geometry_primary,0.5140011467823232,0.5140011467823232,0.3412455940307349,2.9760028356292167,segment_coverage,car_supported,primary
transit:T10-2@1#838:19:20,transit,S_0034856,gtfs_shape_geometry_primary,1.0,1.0,0.09880894659799085,1.7162388543846276,segment_coverage,car_supported,primary
transit:T10-2@1#838:19:20,transit,S_0034853,gtfs_shape_geometry_primary,0.8340213542831197,0.8340213542831197,0.0849249918769053,43.504730459522506,segment_coverage,car_supported,primary
transit:T10-2@1#838:19:20,transit,S_0034855,gtfs_shape_geometry_primary,0.5172591796679887,0.5172591796679887,0.06990635966013838,38.91238165661976,segment_coverage,car_supported,primary
transit:T10-2@1#838:19:20,transit,S_0034617,gtfs_shape_geometry_primary,1.0,1.0,0.7480221928163978,0.5156569024168078,both,car_supported,primary
transit:T10-2@1#838:19:20,transit,S_0015025,gtfs_shape_geometry_primary,1.0,1.0,0.24194896780575703,0.10443681844984098,segment_coverage,car_supported,primary
transit:T10-2@1#838:19:20,transit,S_0034613,gtfs_shape_geometry_primary,1.0,1.0,0.14883774858473808,0.6316318672402872,segment_coverage,car_supported,primary
transit:T10-2@1#838:19:20,transit,S_0015022,gtfs_shape_geometry_primary,1.0,1.0,0.165884563930956,0.5990981383070988,segment_coverage,car_supported,primary
transit:T10-2@1#838:19:20,transit,S_0017326,gtfs_shape_geometry_primary,1.0,1.0,0.059996089561702305,0.4443507602568957,segment_coverage,car_supported,primary
transit:2672-1@1#732:121:122,transit,S_0051080,gtfs_shape_geometry_primary,0.6583487487995049,0.6583487487995049,0.15692343621814314,29.107949274080468,segment_coverage,car_supported,primary
transit:2672-1@1#732:121:122,transit,S_0034713,gtfs_shape_geometry_primary,0.5138313806272801,0.5138313806272801,0.06128632560306448,38.43880210561551,segment_coverage,car_supported,primary
transit:2672-1@1#732:121:122,transit,S_0034672,gtfs_shape_geometry_primary,1.0,1.0,0.054335238976559175,32.12831149194257,segment_coverage,car_supported,primary
transit:2672-1@1#732:121:122,transit,S_0001877,gtfs_shape_geometry_primary,0.7801626733961113,0.7801626733961113,0.055964663488414994,43.18082731129101,segment_coverage,car_supported,primary
transit:2672-1@1#732:121:122,transit,S_0058281,gtfs_shape_geometry_primary,0.5165058160381856,0.5165058160381856,0.06241498257170978,13.05765440038084,segment_coverage,car_supported,primary
transit:2672-1@1#732:121:122,transit,S_0036326,gtfs_shape_geometry_primary,0.9497559259123663,0.9497559259123663,0.08544101222397088,20.580349916481424,segment_coverage,car_supported,primary
transit:2672-1@1#732:121:122,transit,S_0034708,gtfs_shape_geometry_primary,0.8370136728603663,0.8370136728603663,0.09471880067046198,27.356640210806006,segment_coverage,car_supported,primary
transit:2672-1@1#732:121:122,transit,S_0034707,gtfs_shape_geometry_primary,1.0,1.0,0.046720825463162495,0.4115559880493578,segment_coverage,car_supported,primary
transit:2672-1@1#732:121:122,transit,S_0001803,gtfs_shape_geometry_primary,1.0,1.0,0.046597760075871186,0.4115394037464597,segment_coverage,car_supported,primary
transit:2672-1@1#732:121:122,transit,S_0036309,gtfs_shape_geometry_primary,1.0,1.0,0.08522909998836208,2.4777869918313797,segment_coverage,car_supported,primary
transit:2672-1@1#732:121:122,transit,S_0036311,gtfs_shape_geometry_primary,0.7001168680487132,0.7001168680487132,0.0961712210861762,0.3467244572731687,segment_coverage,car_supported,primary
transit:T5-1@1#822:37:38,transit,S_0011823,gtfs_shape_geometry_primary,1.0,1.0,0.10711744645822659,2.5529761914671383,segment_coverage,car_supported,primary
transit:T1-1@1#813:60:61,transit,S_0007924,gtfs_shape_geometry_primary,1.0,1.0,0.09587717292634329,31.146390846294494,segment_coverage,car_supported,primary
transit:T1-1@1#813:60:61,transit,S_0021309,gtfs_shape_geometry_primary,0.7864313894479987,0.7864313894479987,0.09638851700573249,21.9400531686707,segment_coverage,car_supported,primary
transit:T1-1@1#813:60:61,transit,S_0049223,gtfs_shape_geometry_primary,1.0,1.0,0.11859992789734468,39.55663913087821,segment_coverage,car_supported,primary
transit:T1-1@1#813:60:61,transit,S_0021312,gtfs_shape_geometry_primary,1.0,1.0,0.11984404054888782,0.6673650212957654,segment_coverage,car_supported,primary
transit:T1-1@1#813:60:61,transit,S_0021306,gtfs_shape_geometry_primary,1.0,1.0,0.16497026200103784,5.251710993997861,segment_coverage,car_supported,primary
transit:T1-1@1#813:60:61,transit,S_0021305,gtfs_shape_geometry_primary,1.0,1.0,0.14779835788043313,5.572598536298813,segment_coverage,car_supported,primary
transit:T1-1@1#813:61:62,transit,S_0021307,gtfs_shape_geometry_primary,1.0,1.0,0.3319830025927258,4.4428396540643575,segment_coverage,car_supported,primary
transit:T1-1@1#813:61:62,transit,S_0017849,gtfs_shape_geometry_primary,1.0,1.0,0.4691748457497805,12.80204683909757,segment_coverage,car_supported,primary
transit:T1-1@1#813:61:62,transit,S_0017848,gtfs_shape_geometry_primary,1.0,1.0,0.2668955502696198,9.69041925243505,segment_coverage,car_supported,primary
transit:T1-1@1#813:61:62,transit,S_0017852,gtfs_shape_geometry_primary,1.0,1.0,0.26932043922777094,0.17210142282505103,segment_coverage,car_supported,primary
transit:T1-1@1#813:61:62,transit,S_0047385,gtfs_shape_geometry_primary,0.5095939195771455,0.5095939195771455,0.1572074127029084,0.5551509358648019,segment_coverage,car_supported,primary
transit:T10-2@1#838:20:21,transit,S_0017327,gtfs_shape_geometry_primary,0.7150373585665903,0.7150373585665903,0.665326754134236,13.64242271153232,both,car_supported,primary
transit:T10-2@1#838:20:21,transit,S_0017326,gtfs_shape_geometry_primary,1.0,1.0,0.1206598835445698,0.4443507602157979,segment_coverage,car_supported,primary
transit:T1-1@1#813:62:63,transit,S_0047385,gtfs_shape_geometry_primary,0.8038514753888414,0.8038514753888414,0.7064269591560434,0.4929752938488008,both,car_supported,primary
transit:T1-1@1#813:62:63,transit,S_0021449,gtfs_shape_geometry_primary,1.0,1.0,0.5791271022594501,1.1580573410310535,both,car_supported,primary
transit:T1-1@1#813:63:64,transit,S_0021448,gtfs_shape_geometry_primary,1.0,1.0,0.7021048921562552,0.7471626663444653,both,car_supported,primary
transit:T1-1@1#813:63:64,transit,S_0013948,gtfs_shape_geometry_primary,0.6963733601238074,0.42982996584142613,0.6963733601238074,0.24748954909829024,shape_coverage,car_supported,primary
transit:T10-2@1#838:22:23,transit,S_0025722,gtfs_shape_geometry_primary,1.0,1.0,0.5268895682800845,2.619516190156908,both,car_supported,primary
transit:T10-2@1#838:22:23,transit,S_0025719,gtfs_shape_geometry_primary,1.0,1.0,0.14282133603051053,2.0253148288421947,segment_coverage,car_supported,primary
transit:T10-2@1#838:22:23,transit,S_0025720,gtfs_shape_geometry_primary,0.7667736751256763,0.7667736751256763,0.2851098295898227,0.6115948134964952,segment_coverage,car_supported,primary
transit:E178-1@1#854:4:5,transit,S_0023065,gtfs_shape_geometry_primary,1.0,1.0,0.16024561721047711,8.302112074390188,segment_coverage,car_supported,primary
transit:E178-1@1#854:4:5,transit,S_0023070,gtfs_shape_geometry_primary,1.0,1.0,0.09563858500853051,3.201720598378799,segment_coverage,car_supported,primary
transit:E178-1@1#854:4:5,transit,S_0023077,gtfs_shape_geometry_primary,1.0,1.0,0.22625534593279567,4.258469668333483,segment_coverage,car_supported,primary
transit:E178-1@1#854:4:5,transit,S_0023078,gtfs_shape_geometry_primary,0.861071246511273,0.861071246511273,0.15185864937785784,30.602891956583964,segment_coverage,car_supported,primary
transit:T10-2@1#838:23:24,transit,S_0025720,gtfs_shape_geometry_primary,0.5335434859861365,0.5335434859861365,0.19328679396819545,0.025462806603556487,segment_coverage,car_supported,primary
transit:T10-2@1#838:23:24,transit,S_0025729,gtfs_shape_geometry_primary,1.0,1.0,0.2285898177217802,2.5630868079957523,segment_coverage,car_supported,primary
transit:T10-2@1#838:23:24,transit,S_0025760,gtfs_shape_geometry_primary,1.0,1.0,0.35161576969921476,16.196531615839092,segment_coverage,car_supported,primary
transit:T12A-1@1#753:106:107,transit,S_0003643,gtfs_shape_geometry_primary,0.7743875580603001,0.7743875580603001,0.08183537067480366,12.399473226471674,segment_coverage,car_supported,primary
transit:T12A-1@1#753:106:107,transit,S_0003639,gtfs_shape_geometry_primary,0.8955729092030071,0.8955729092030071,0.08638198121760052,11.03869746059965,segment_coverage,car_supported,primary
transit:T12A-1@1#753:106:107,transit,S_0057825,gtfs_shape_geometry_primary,0.5944884715456185,0.5944884715456185,0.10112466798017847,16.827574603848916,segment_coverage,car_supported,primary
transit:T12A-1@1#753:106:107,transit,S_0039461,gtfs_shape_geometry_primary,0.7452213746589049,0.7452213746589049,0.09513064841491488,5.767675374201161,segment_coverage,car_supported,primary
transit:T12A-1@1#753:106:107,transit,S_0001757,gtfs_shape_geometry_primary,0.866283092923351,0.866283092923351,0.06643876087325219,4.840006306583945,segment_coverage,car_supported,primary
transit:T12A-1@1#753:106:107,transit,S_0053299,gtfs_shape_geometry_primary,1.0,1.0,0.1089280595035969,9.902288432677068,segment_coverage,car_supported,primary
transit:E703-1@1#840:22:23,transit,S_0057728,gtfs_shape_geometry_primary,0.6297204096402229,0.6297204096402229,0.07511235880810993,21.048221131737307,segment_coverage,car_supported,primary
transit:E703-1@1#840:22:23,transit,S_0018438,gtfs_shape_geometry_primary,1.0,1.0,0.1522304109032793,3.038834386490578,segment_coverage,car_supported,primary
transit:E703-1@1#840:22:23,transit,S_0008238,gtfs_shape_geometry_primary,1.0,1.0,0.3499203673003836,2.2944548736501673,segment_coverage,car_supported,primary
transit:E703-1@1#840:22:23,transit,S_0008239,gtfs_shape_geometry_primary,1.0,1.0,0.23754141540287957,0.18795631253890122,segment_coverage,car_supported,primary
transit:E703-1@1#840:22:23,transit,S_0057185,gtfs_shape_geometry_primary,1.0,1.0,0.08789039172033418,5.758258879914436,segment_coverage,car_supported,primary
transit:E703-1@1#840:22:23,transit,S_0057740,gtfs_shape_geometry_primary,1.0,1.0,0.12423228792405992,5.774789114420869,segment_coverage,car_supported,primary
transit:T12A-1@1#753:108:109,transit,S_0011477,gtfs_shape_geometry_primary,1.0,1.0,0.14035306689593485,0.5109883556098964,segment_coverage,car_supported,primary
transit:T10-2@1#838:26:27,transit,S_0025793,gtfs_shape_geometry_primary,0.994551030289657,0.994551030289657,0.38726345867248796,14.516815547024162,segment_coverage,car_supported,primary
transit:T12A-1@1#753:109:110,transit,S_0011477,gtfs_shape_geometry_primary,0.5484393278754248,0.5484393278754248,0.05198676452845929,0.511541190397395,segment_coverage,car_supported,primary
transit:T12A-1@1#753:109:110,transit,S_0011460,gtfs_shape_geometry_primary,0.8041600463607742,0.8041600463607742,0.33530024110469886,36.43334441597787,segment_coverage,car_supported,primary
transit:T12A-1@1#753:109:110,transit,S_0011441,gtfs_shape_geometry_primary,1.0,1.0,0.49845687845288944,0.624854226297316,segment_coverage,car_supported,primary
transit:T12A-1@1#753:110:111,transit,S_0011415,gtfs_shape_geometry_primary,0.9709453160982531,0.9709453160982531,0.7517471912745732,11.212109395898096,both,car_supported,primary
transit:T10-2@1#838:27:28,transit,S_0025772,gtfs_shape_geometry_primary,1.0,1.0,0.104693217505145,15.923543096668539,segment_coverage,car_supported,primary
transit:T10-2@1#838:27:28,transit,S_0006301,gtfs_shape_geometry_primary,1.0,1.0,0.11305648896609517,12.013590940347555,segment_coverage,car_supported,primary
transit:T10-2@1#838:27:28,transit,S_0028919,gtfs_shape_geometry_primary,0.6556131174122126,0.6556131174122126,0.1347925675561165,16.248740197061863,segment_coverage,car_supported,primary
transit:T10-2@1#838:27:28,transit,S_0006303,gtfs_shape_geometry_primary,1.0,1.0,0.24519210797918314,2.8372371314006983,segment_coverage,car_supported,primary
transit:T10-2@1#838:27:28,transit,S_0020127,gtfs_shape_geometry_primary,1.0,1.0,0.20534083149139248,2.1958389318204183,segment_coverage,car_supported,primary
transit:T10-2@1#838:27:28,transit,S_0048865,gtfs_shape_geometry_primary,1.0,1.0,0.10146406721669592,0.29891018501656674,segment_coverage,car_supported,primary
transit:T10-2@1#838:27:28,transit,S_0006305,gtfs_shape_geometry_primary,1.0,1.0,0.09284411921842013,0.3154815010433225,segment_coverage,car_supported,primary
transit:T10-2@1#838:27:28,transit,S_0006306,gtfs_shape_geometry_primary,1.0,1.0,0.09252595822035004,1.883661484612432,segment_coverage,car_supported,primary
transit:T10-2@1#838:27:28,transit,S_0020128,gtfs_shape_geometry_primary,1.0,1.0,0.06647510998002096,0.4366406112054335,segment_coverage,car_supported,primary
transit:T10-2@1#838:27:28,transit,S_0051758,gtfs_shape_geometry_primary,1.0,1.0,0.1756507928684188,1.9837277268527487,segment_coverage,car_supported,primary
transit:T10-2@1#838:27:28,transit,S_0028880,gtfs_shape_geometry_primary,1.0,1.0,0.203541925422395,0.8824507244425064,segment_coverage,car_supported,primary
transit:T10-2@1#838:27:28,transit,S_0055190,gtfs_shape_geometry_primary,1.0,1.0,0.1108959038207557,0.4346042756573212,segment_coverage,car_supported,primary
transit:T10-2@1#838:27:28,transit,S_0026947,gtfs_shape_geometry_primary,0.7337529406607962,0.7337529406607962,0.034356725439111335,0.4433174278225209,segment_coverage,car_supported,primary
transit:T10-2@1#838:28:29,transit,S_0026947,gtfs_shape_geometry_primary,1.0,1.0,0.18457822257076398,6.032531457446055,segment_coverage,car_supported,primary
transit:T10-2@1#838:28:29,transit,S_0026946,gtfs_shape_geometry_primary,1.0,1.0,0.28138691071344984,8.491228541433259,segment_coverage,car_supported,primary
transit:T10-2@1#838:28:29,transit,S_0028878,gtfs_shape_geometry_primary,1.0,1.0,0.4077626742211137,6.217115566077652,segment_coverage,car_supported,primary
transit:T10-2@1#838:28:29,transit,S_0010690,gtfs_shape_geometry_primary,1.0,1.0,0.27166616572107577,0.7492960316259882,segment_coverage,car_supported,primary
transit:T10-2@1#838:28:29,transit,S_0010701,gtfs_shape_geometry_primary,1.0,1.0,0.24563406389434686,3.817795881120915,segment_coverage,car_supported,primary
transit:T10-2@1#838:28:29,transit,S_0010691,gtfs_shape_geometry_primary,1.0,1.0,0.19846998537566962,5.69246539130063,segment_coverage,car_supported,primary
transit:T10-2@1#838:28:29,transit,S_0010685,gtfs_shape_geometry_primary,1.0,1.0,0.1941242923193055,3.427037721091139,segment_coverage,car_supported,primary
transit:T10-2@1#838:28:29,transit,S_0010702,gtfs_shape_geometry_primary,1.0,1.0,0.1712667862896988,2.9304706701549605,segment_coverage,car_supported,primary
transit:T10-2@1#838:28:29,transit,S_0028872,gtfs_shape_geometry_primary,1.0,1.0,0.23089166233929515,5.03295077830434,segment_coverage,car_supported,primary
transit:T10-2@1#838:28:29,transit,S_0028874,gtfs_shape_geometry_primary,1.0,1.0,0.23857198568429414,2.0279527674062905,segment_coverage,car_supported,primary
transit:T10-2@1#838:28:29,transit,S_0014322,gtfs_shape_geometry_primary,1.0,1.0,0.3166324017881296,0.12017572696809964,segment_coverage,car_supported,primary
transit:T10-2@1#838:28:29,transit,S_0048802,gtfs_shape_geometry_primary,1.0,1.0,0.4378625902200502,0.8408111950352719,segment_coverage,car_supported,primary
transit:T10-2@1#838:28:29,transit,S_0014319,gtfs_shape_geometry_primary,1.0,1.0,0.13596272097126735,0.7585247396766164,segment_coverage,car_supported,primary
transit:T10-2@1#838:28:29,transit,S_0050996,gtfs_shape_geometry_primary,0.8075610168220342,0.8075610168220342,0.31106418407154063,0.48270158076438463,segment_coverage,car_supported,primary
transit:T10-2@1#838:28:29,transit,S_0014320,gtfs_shape_geometry_primary,0.6526214585634759,0.6526214585634759,0.18831574657620428,0.6737416766153075,segment_coverage,car_supported,primary
transit:T3-2@1#834:33:34,transit,S_0031893,gtfs_shape_geometry_primary,0.8450136758674666,0.674257384906059,0.8450136758674666,8.693635155197697,both,car_supported,primary
transit:T3-2@1#834:33:34,transit,S_0028250,gtfs_shape_geometry_primary,0.6356525109059751,0.6356525109059751,0.41880362213528627,0.3940295320747538,segment_coverage,car_supported,primary
transit:T10-2@1#838:29:30,transit,S_0050996,gtfs_shape_geometry_primary,0.5982856208230874,0.5982856208230874,0.1550237115116973,0.5740419717066203,segment_coverage,car_supported,primary
transit:T10-2@1#838:29:30,transit,S_0014320,gtfs_shape_geometry_primary,0.7111463105930488,0.7111463105930488,0.13408882912186484,0.7626618931734441,segment_coverage,car_supported,primary
transit:T10-2@1#838:29:30,transit,S_0048869,gtfs_shape_geometry_primary,1.0,1.0,0.17442457546105328,0.7324467795108802,segment_coverage,car_supported,primary
transit:T10-2@1#838:29:30,transit,S_0036784,gtfs_shape_geometry_primary,1.0,1.0,0.15890376530044206,1.9216371438437108,segment_coverage,car_supported,primary
transit:T10-2@1#838:29:30,transit,S_0020111,gtfs_shape_geometry_primary,1.0,1.0,0.17647125467849026,0.7300054945344954,segment_coverage,car_supported,primary
transit:T10-2@1#838:29:30,transit,S_0006308,gtfs_shape_geometry_primary,1.0,1.0,0.07409905884120101,0.6892194233469837,segment_coverage,car_supported,primary
transit:T10-2@1#838:29:30,transit,S_0006307,gtfs_shape_geometry_primary,1.0,1.0,0.31321083636267383,0.7868947314376555,segment_coverage,car_supported,primary
transit:T10-2@1#838:29:30,transit,S_0020112,gtfs_shape_geometry_primary,1.0,1.0,0.4257251637033658,0.383574277860518,segment_coverage,car_supported,primary
transit:T10-2@1#838:29:30,transit,S_0010705,gtfs_shape_geometry_primary,1.0,1.0,0.21001358686683816,0.7128264604271237,segment_coverage,car_supported,primary
transit:T10-2@1#838:29:30,transit,S_0010698,gtfs_shape_geometry_primary,1.0,1.0,0.17082918929024424,0.08919878748380938,segment_coverage,car_supported,primary
transit:T10-2@1#838:29:30,transit,S_0010697,gtfs_shape_geometry_primary,1.0,1.0,0.1240192918408489,1.9138193898525486,segment_coverage,car_supported,primary
transit:T10-2@1#838:29:30,transit,S_0044915,gtfs_shape_geometry_primary,1.0,1.0,0.38006025309734204,2.8047037009771145,segment_coverage,car_supported,primary
transit:T10-2@1#838:29:30,transit,S_0010703,gtfs_shape_geometry_primary,0.96526047144732,0.96526047144732,0.3973024251518143,2.454529615134277,segment_coverage,car_supported,primary
transit:T10-2@1#838:29:30,transit,S_0012559,gtfs_shape_geometry_primary,1.0,1.0,0.12417053662056765,0.4723373177232446,segment_coverage,car_supported,primary
transit:T3-2@1#834:34:35,transit,S_0028250,gtfs_shape_geometry_primary,0.7814913341617514,0.7814913341617514,0.27160992181364246,0.39402953225170734,segment_coverage,car_supported,primary
transit:T3-2@1#834:34:35,transit,S_0021736,gtfs_shape_geometry_primary,1.0,1.0,0.5517380285711184,0.4761940089990304,both,car_supported,primary
transit:T3-2@1#834:34:35,transit,S_0021734,gtfs_shape_geometry_primary,0.695022063888993,0.695022063888993,0.4680201402188474,0.8821330912426788,segment_coverage,car_supported,primary
transit:T10-2@1#838:30:31,transit,S_0012559,gtfs_shape_geometry_primary,0.8320609880233859,0.8320609880233859,0.09617434106008654,4.627548573874421,segment_coverage,car_supported,primary
transit:T10-2@1#838:30:31,transit,S_0026741,gtfs_shape_geometry_primary,1.0,1.0,0.1416153363263609,5.6656720193898735,segment_coverage,car_supported,primary
transit:T10-2@1#838:30:31,transit,S_0026740,gtfs_shape_geometry_primary,1.0,1.0,0.17812288207340815,6.297324542355355,segment_coverage,car_supported,primary
transit:T10-2@1#838:30:31,transit,S_0010692,gtfs_shape_geometry_primary,1.0,1.0,0.12406909621839296,1.3571668820608238,segment_coverage,car_supported,primary
transit:T10-2@1#838:30:31,transit,S_0010694,gtfs_shape_geometry_primary,1.0,1.0,0.6573335927088556,2.504175415056693,both,car_supported,primary
transit:T3-2@1#834:35:36,transit,S_0021734,gtfs_shape_geometry_primary,0.5157309048990442,0.5157309048990442,0.4957163112911138,0.9932107104679773,segment_coverage,car_supported,primary
transit:T10-2@1#838:31:32,transit,S_0020122,gtfs_shape_geometry_primary,0.6155089368129683,0.6155089368129683,0.16886028633177189,29.12082528784491,segment_coverage,car_supported,primary
transit:T10-2@1#838:31:32,transit,S_0020106,gtfs_shape_geometry_primary,1.0,1.0,0.41722907553181887,2.6427635041253836,segment_coverage,car_supported,primary
transit:T10-2@1#838:31:32,transit,S_0020109,gtfs_shape_geometry_primary,0.6961166721521876,0.6961166721521876,0.5975398145112236,5.588216897423166,both,car_supported,primary
transit:T10-2@1#838:31:32,transit,S_0027006,gtfs_shape_geometry_primary,1.0,1.0,0.25824671843286073,1.5946555136155354,segment_coverage,car_supported,primary
transit:T10-2@1#838:32:33,transit,S_0027007,gtfs_shape_geometry_primary,1.0,1.0,0.3049816120918829,0.5424331717695026,segment_coverage,car_supported,primary
transit:T10-2@1#838:32:33,transit,S_0028816,gtfs_shape_geometry_primary,1.0,1.0,0.4264257225159953,0.4753729852198063,segment_coverage,car_supported,primary
transit:T10-2@1#838:32:33,transit,S_0026999,gtfs_shape_geometry_primary,1.0,1.0,0.2839389836769657,3.2872568069910812,segment_coverage,car_supported,primary
transit:T10-2@1#838:32:33,transit,S_0028820,gtfs_shape_geometry_primary,0.8722546382479558,0.8722546382479558,0.4553286057526509,2.535326792884206,segment_coverage,car_supported,primary
transit:T10-2@1#838:32:33,transit,S_0027001,gtfs_shape_geometry_primary,1.0,1.0,0.1614779938385574,0.5817877930348772,segment_coverage,car_supported,primary
transit:T10-2@1#838:32:33,transit,S_0020105,gtfs_shape_geometry_primary,1.0,1.0,0.15078498489609218,3.4180105594447667,segment_coverage,car_supported,primary
transit:T10-2@1#838:32:33,transit,S_0020103,gtfs_shape_geometry_primary,1.0,1.0,0.17017710611698741,0.16120164322705932,segment_coverage,car_supported,primary
transit:T10-2@1#838:32:33,transit,S_0028817,gtfs_shape_geometry_primary,1.0,1.0,0.22846478567055556,0.5161204484153075,segment_coverage,car_supported,primary
transit:T10-2@1#838:32:33,transit,S_0012557,gtfs_shape_geometry_primary,1.0,1.0,0.29934066981938273,2.9746227292173018,segment_coverage,car_supported,primary
transit:T10-2@1#838:32:33,transit,S_0026986,gtfs_shape_geometry_primary,1.0,1.0,0.10227453189598253,3.238150166695405,segment_coverage,car_supported,primary
transit:T10-2@1#838:32:33,transit,S_0012556,gtfs_shape_geometry_primary,1.0,1.0,0.08469629808606807,3.901461079015675,segment_coverage,car_supported,primary
transit:T10-2@1#838:32:33,transit,S_0026987,gtfs_shape_geometry_primary,0.5398331746528212,0.5398331746528212,0.09019790654653342,5.283768545043785,segment_coverage,car_supported,primary
transit:T3-2@1#834:37:38,transit,S_0028247,gtfs_shape_geometry_primary,0.6534451939908956,0.6534451939908956,0.35726414720200983,27.279292707256182,segment_coverage,car_supported,primary
transit:T10-2@1#838:33:34,transit,S_0015272,gtfs_shape_geometry_primary,0.8616411323920732,0.8616411323920732,0.1421192886201345,2.4419375496984372,segment_coverage,car_supported,primary
transit:T10-2@1#838:33:34,transit,S_0015269,gtfs_shape_geometry_primary,1.0,1.0,0.10682700532644077,0.5469338148025003,segment_coverage,car_supported,primary
transit:T10-2@1#838:33:34,transit,S_0015268,gtfs_shape_geometry_primary,1.0,1.0,0.06716037977320997,0.5005774752624603,segment_coverage,car_supported,primary
transit:T10-2@1#838:33:34,transit,S_0020120,gtfs_shape_geometry_primary,1.0,1.0,0.14172937936952526,15.23175084445893,segment_coverage,car_supported,primary
transit:T10-2@1#838:33:34,transit,S_0010688,gtfs_shape_geometry_primary,1.0,1.0,0.4211641895867466,0.8064934732253732,segment_coverage,car_supported,primary
transit:T10-2@1#838:33:34,transit,S_0020119,gtfs_shape_geometry_primary,1.0,1.0,0.33725866989938036,0.43139424085698863,segment_coverage,car_supported,primary
transit:T10-2@1#838:33:34,transit,S_0026987,gtfs_shape_geometry_primary,0.9432713699368664,0.9432713699368664,0.16182901877372227,2.101984839091301,segment_coverage,car_supported,primary
transit:T10-2@1#838:33:34,transit,S_0015270,gtfs_shape_geometry_primary,1.0,1.0,0.42172249892085,0.6067871901708912,segment_coverage,car_supported,primary
transit:T10-2@1#838:33:34,transit,S_0020118,gtfs_shape_geometry_primary,1.0,1.0,0.4602361822021211,1.4031934676487623,segment_coverage,car_supported,primary
transit:T10-2@1#838:33:34,transit,S_0010687,gtfs_shape_geometry_primary,1.0,1.0,0.10693063336355238,0.6806380093463105,segment_coverage,car_supported,primary
transit:T10-2@1#838:33:34,transit,S_0020114,gtfs_shape_geometry_primary,1.0,1.0,0.09066098531687558,0.6208740684343184,segment_coverage,car_supported,primary
transit:T10-2@1#838:33:34,transit,S_0020117,gtfs_shape_geometry_primary,1.0,1.0,0.10040004302886103,1.7448067528703177,segment_coverage,car_supported,primary
transit:T10-2@1#838:33:34,transit,S_0049072,gtfs_shape_geometry_primary,1.0,1.0,0.15683100393757213,0.4081357264171004,segment_coverage,car_supported,primary
transit:T10-2@1#838:33:34,transit,S_0020100,gtfs_shape_geometry_primary,1.0,1.0,0.12541254114430397,0.30883183477992304,segment_coverage,car_supported,primary
transit:T10-2@1#838:34:35,transit,S_0020100,gtfs_shape_geometry_primary,0.6433761641703754,0.6433761641703754,0.07673761484256547,0.30883183467717856,segment_coverage,car_supported,primary
transit:T10-2@1#838:34:35,transit,S_0050335,gtfs_shape_geometry_primary,1.0,1.0,0.35688732473161366,0.15167917047747892,segment_coverage,car_supported,primary
transit:T10-2@1#838:34:35,transit,S_0028775,gtfs_shape_geometry_primary,1.0,1.0,0.19232840539518753,15.067647298682743,segment_coverage,car_supported,primary
transit:T10-2@1#838:34:35,transit,S_0028770,gtfs_shape_geometry_primary,1.0,1.0,0.19693891904044583,1.3648516262157244,segment_coverage,car_supported,primary
transit:T10-2@1#838:34:35,transit,S_0028769,gtfs_shape_geometry_primary,0.8099589692532689,0.8099589692532689,0.13559207891245179,32.54421845858275,segment_coverage,car_supported,primary
transit:T6-1@1#905:10:11,transit,S_0054377,gtfs_shape_geometry_primary,1.0,1.0,0.3513808590148957,0.5147083423407537,segment_coverage,car_supported,primary
transit:T6-1@1#905:10:11,transit,S_0028773,gtfs_shape_geometry_primary,0.5479911818269894,0.5479911818269894,0.06829893592520077,39.25124828548894,segment_coverage,car_supported,primary
transit:T6-1@1#905:10:11,transit,S_0028664,gtfs_shape_geometry_primary,1.0,1.0,0.2801657263963151,0.8389654889978857,segment_coverage,car_supported,primary
transit:T6-1@1#905:11:12,transit,S_0053741,gtfs_shape_geometry_primary,1.0,1.0,0.2876904527017724,1.1161078265156164,segment_coverage,car_supported,primary
transit:T6-1@1#905:11:12,transit,S_0028085,gtfs_shape_geometry_primary,1.0,1.0,0.28129317298619416,0.5997189699546652,segment_coverage,car_supported,primary
transit:T6-1@1#905:11:12,transit,S_0053733,gtfs_shape_geometry_primary,0.5535629526922383,0.5535629526922383,0.18684666037351405,6.344729840790876,segment_coverage,car_supported,primary
transit:T6-1@1#905:12:13,transit,S_0028553,gtfs_shape_geometry_primary,1.0,1.0,0.07589198399039716,3.4939025280943294,segment_coverage,car_supported,primary
transit:T6-1@1#905:12:13,transit,S_0053733,gtfs_shape_geometry_primary,0.683928608967653,0.683928608967653,0.1463135328270059,1.5333905618790595,segment_coverage,car_supported,primary
transit:T6-1@1#905:12:13,transit,S_0053664,gtfs_shape_geometry_primary,1.0,1.0,0.035628524726760105,3.392307139623796,segment_coverage,car_supported,primary
transit:T6-1@1#905:12:13,transit,S_0028539,gtfs_shape_geometry_primary,1.0,1.0,0.08618400513942631,2.628258161462668,segment_coverage,car_supported,primary
transit:T6-1@1#905:12:13,transit,S_0028548,gtfs_shape_geometry_primary,1.0,1.0,0.08823535934035934,0.501294963581131,segment_coverage,car_supported,primary
transit:T6-1@1#905:12:13,transit,S_0028541,gtfs_shape_geometry_primary,1.0,1.0,0.164489175182578,5.713330931995415,segment_coverage,car_supported,primary
transit:T6-1@1#905:12:13,transit,S_0028550,gtfs_shape_geometry_primary,1.0,1.0,0.17631839834126442,0.7242336372976119,segment_coverage,car_supported,primary
transit:T6-1@1#905:12:13,transit,S_0028554,gtfs_shape_geometry_primary,1.0,1.0,0.17840536134685525,0.7852775610796812,segment_coverage,car_supported,primary
transit:T6-1@1#905:12:13,transit,S_0028551,gtfs_shape_geometry_primary,1.0,1.0,0.17561763133857158,0.2527058095366215,segment_coverage,car_supported,primary
transit:T6-1@1#905:12:13,transit,S_0056606,gtfs_shape_geometry_primary,1.0,1.0,0.23190342246436665,4.312859701841319,segment_coverage,car_supported,primary
transit:T3-2@1#834:47:48,transit,S_0014377,gtfs_shape_geometry_primary,0.7387666289732195,0.7387666289732195,0.2856842622004212,22.123524019832217,segment_coverage,car_supported,primary
transit:T3-2@1#834:47:48,transit,S_0038899,gtfs_shape_geometry_primary,0.6285838721514374,0.6285838721514374,0.13133211070262632,32.94469964793558,segment_coverage,car_supported,primary
transit:T3-2@1#834:47:48,transit,S_0019781,gtfs_shape_geometry_primary,1.0,1.0,0.4168104183567031,2.4169526376638117,segment_coverage,car_supported,primary
transit:T6-1@1#905:13:14,transit,S_0056597,gtfs_shape_geometry_primary,1.0,1.0,0.22230596693711172,14.906149790477173,segment_coverage,car_supported,primary
transit:T3-2@1#834:48:49,transit,S_0051823,gtfs_shape_geometry_primary,1.0,1.0,0.24061533626842363,0.4900620668304043,segment_coverage,car_supported,primary
transit:T3-2@1#834:48:49,transit,S_0030273,gtfs_shape_geometry_primary,1.0,1.0,0.3439158750694483,2.0437865532449138,segment_coverage,car_supported,primary
transit:T3-2@1#834:48:49,transit,S_0051821,gtfs_shape_geometry_primary,1.0,1.0,0.2893084968347399,0.7699802099589448,segment_coverage,car_supported,primary
transit:T3-2@1#834:48:49,transit,S_0021492,gtfs_shape_geometry_primary,1.0,1.0,0.12096742715619795,1.5766549699296206,segment_coverage,car_supported,primary
transit:T3-2@1#834:48:49,transit,S_0019783,gtfs_shape_geometry_primary,1.0,1.0,0.18488904925788308,2.0087359853532405,segment_coverage,car_supported,primary
transit:T3-2@1#834:48:49,transit,S_0011876,gtfs_shape_geometry_primary,1.0,1.0,0.14022795642607835,6.791938958230389,segment_coverage,car_supported,primary
transit:T3-2@1#834:48:49,transit,S_0011866,gtfs_shape_geometry_primary,1.0,1.0,0.21354298757516887,7.811421622460088,segment_coverage,car_supported,primary
transit:T3-2@1#834:48:49,transit,S_0011867,gtfs_shape_geometry_primary,1.0,1.0,0.29838738363946005,14.01486952368326,segment_coverage,car_supported,primary
transit:T3-2@1#834:48:49,transit,S_0057474,gtfs_shape_geometry_primary,0.9783538094912374,0.9783538094912374,0.10418707678270224,23.053718112977123,segment_coverage,car_supported,primary
transit:T3-2@1#834:48:49,transit,S_0058676,gtfs_shape_geometry_primary,1.0,1.0,0.10925821723107512,0.25533983654506187,segment_coverage,car_supported,primary
transit:T3-2@1#834:48:49,transit,S_0057476,gtfs_shape_geometry_primary,1.0,1.0,0.13139792952766258,0.23528641507853365,segment_coverage,car_supported,primary
transit:T3-2@1#834:48:49,transit,S_0057349,gtfs_shape_geometry_primary,1.0,1.0,0.1479261857553877,29.709812311420492,segment_coverage,car_supported,primary
transit:T3-2@1#834:48:49,transit,S_0057350,gtfs_shape_geometry_primary,1.0,1.0,0.13803187940553077,17.458631207436923,segment_coverage,car_supported,primary
transit:T3-2@1#834:48:49,transit,S_0057351,gtfs_shape_geometry_primary,1.0,1.0,0.19638489809057805,0.4528564591063997,segment_coverage,car_supported,primary
transit:T3-2@1#834:49:50,transit,S_0057663,gtfs_shape_geometry_primary,1.0,1.0,0.1501139964026379,1.1285822060806368,segment_coverage,car_supported,primary
transit:T3-2@1#834:49:50,transit,S_0057969,gtfs_shape_geometry_primary,0.7761195007532214,0.7761195007532214,0.272305124526485,3.4795969657302948,segment_coverage,car_supported,primary
transit:T3-2@1#834:49:50,transit,S_0057662,gtfs_shape_geometry_primary,1.0,1.0,0.4270545105401379,2.720357602342304,segment_coverage,car_supported,primary
transit:T3-2@1#834:49:50,transit,S_0057660,gtfs_shape_geometry_primary,1.0,1.0,0.8378670626892512,1.705211759061001,both,car_supported,primary
transit:T3-2@1#834:49:50,transit,S_0057658,gtfs_shape_geometry_primary,0.9366601223968178,0.9366601223968178,0.7849044472626491,2.038855873379532,both,car_supported,primary
transit:T3-2@1#834:49:50,transit,S_0017563,gtfs_shape_geometry_primary,1.0,1.0,0.10766811721947961,28.961180096087347,segment_coverage,car_supported,primary
transit:T3-2@1#834:49:50,transit,S_0021767,gtfs_shape_geometry_primary,0.7147481187401782,0.7147481187401782,0.0447167976446566,6.837656199950658,segment_coverage,car_supported,primary
transit:T3-2@1#834:49:50,transit,S_0057629,gtfs_shape_geometry_primary,1.0,1.0,0.08640370234488022,29.277808458855446,segment_coverage,car_supported,primary
transit:T3-2@1#834:49:50,transit,S_0057967,gtfs_shape_geometry_primary,1.0,1.0,0.056899624255847076,26.288580744713315,segment_coverage,car_supported,primary
transit:T3-2@1#834:49:50,transit,S_0057966,gtfs_shape_geometry_primary,1.0,1.0,0.06579033912753925,3.662621199889216,segment_coverage,car_supported,primary
transit:T3-2@1#834:49:50,transit,S_0057659,gtfs_shape_geometry_primary,1.0,1.0,0.3121795512861515,3.6229156865916963,segment_coverage,car_supported,primary
transit:T3-2@1#834:49:50,transit,S_0045053,gtfs_shape_geometry_primary,1.0,1.0,0.4267920402767281,1.693847786272002,segment_coverage,car_supported,primary
transit:T3-2@1#834:49:50,transit,S_0057661,gtfs_shape_geometry_primary,1.0,1.0,0.13338359900714106,0.5425433596656717,segment_coverage,car_supported,primary
transit:T3-2@1#834:50:51,transit,S_0022066,gtfs_shape_geometry_primary,0.9642585510407636,0.9642585510407636,0.4719791928234728,2.0354945271887317,segment_coverage,car_supported,primary
transit:T3-2@1#834:50:51,transit,S_0022069,gtfs_shape_geometry_primary,0.7724052335540472,0.7724052335540472,0.42934320627239714,5.896753527650944,segment_coverage,car_supported,primary
transit:T3-2@1#834:52:53,transit,S_0042810,gtfs_shape_geometry_primary,0.6633385717664066,0.6633385717664066,0.2583003610435287,26.14653504477961,segment_coverage,car_supported,primary
transit:621-2@1#855:33:34,transit,S_0012277,gtfs_shape_geometry_primary,1.0,1.0,0.12487296497468411,11.41224162315092,segment_coverage,car_supported,primary
transit:621-2@1#855:33:34,transit,S_0042195,gtfs_shape_geometry_primary,1.0,1.0,0.10078109613308586,4.6093814630091146,segment_coverage,car_supported,primary
transit:621-2@1#855:33:34,transit,S_0056598,gtfs_shape_geometry_primary,1.0,1.0,0.13370585568203405,0.31004332791737,segment_coverage,car_supported,primary
transit:621-2@1#855:33:34,transit,S_0056576,gtfs_shape_geometry_primary,1.0,1.0,0.10842121863927599,0.8232440397028284,segment_coverage,car_supported,primary
transit:621-2@1#855:33:34,transit,S_0050639,gtfs_shape_geometry_primary,1.0,1.0,0.10898839793087695,3.7832238811165126,segment_coverage,car_supported,primary
transit:621-2@1#855:33:34,transit,S_0050638,gtfs_shape_geometry_primary,1.0,1.0,0.068973957952767,36.129238946275436,segment_coverage,car_supported,primary
transit:621-2@1#855:33:34,transit,S_0018750,gtfs_shape_geometry_primary,1.0,1.0,0.0783311588866915,33.70681990623965,segment_coverage,car_supported,primary
transit:621-2@1#855:33:34,transit,S_0012860,gtfs_shape_geometry_primary,0.8138486048947439,0.8138486048947439,0.05673133319778129,39.88627224846228,segment_coverage,car_supported,primary
transit:621-2@1#855:33:34,transit,S_0057801,gtfs_shape_geometry_primary,0.8472613784225793,0.8472613784225793,0.12796703701151424,22.584244198014403,segment_coverage,car_supported,primary
transit:T3-2@1#834:53:54,transit,S_0019465,gtfs_shape_geometry_primary,0.5777753180866179,0.5646065658788931,0.5777753180866179,19.300461757916466,both,car_supported,primary
transit:T3-2@1#834:53:54,transit,S_0010022,gtfs_shape_geometry_primary,0.7571187909569123,0.72005169712066,0.7571187909569123,19.564027209305095,both,car_supported,primary
transit:T3-2@1#834:53:54,transit,S_0010108,gtfs_shape_geometry_primary,0.7167070477539773,0.7167070477539773,0.07949566792177763,21.553085695814957,segment_coverage,car_supported,primary
transit:621-2@1#855:35:36,transit,S_0026041,gtfs_shape_geometry_primary,1.0,1.0,0.11104906906695046,3.7367712228812806,segment_coverage,car_supported,primary
transit:621-2@1#855:36:37,transit,S_0026044,gtfs_shape_geometry_primary,0.7668959677100927,0.7668959677100927,0.5573925516097724,5.603929202243201,both,car_supported,primary
transit:621-2@1#855:36:37,transit,S_0026047,gtfs_shape_geometry_primary,0.7995578505812913,0.7995578505812913,0.4562129474965026,2.092213606076186,segment_coverage,car_supported,primary
transit:621-2@1#855:38:39,transit,S_0031674,gtfs_shape_geometry_primary,0.5400359271867877,0.5400359271867877,0.3916607617735052,5.505260410169058,segment_coverage,car_supported,primary
transit:621-2@1#855:38:39,transit,S_0005192,gtfs_shape_geometry_primary,1.0,1.0,0.30622655119873493,4.2513965984833035,segment_coverage,car_supported,primary
transit:621-2@1#855:38:39,transit,S_0005189,gtfs_shape_geometry_primary,1.0,1.0,0.2473653414792094,2.5142072018405415,segment_coverage,car_supported,primary
transit:621-2@1#855:38:39,transit,S_0031665,gtfs_shape_geometry_primary,1.0,1.0,0.25805848776909635,1.7721322010633358,segment_coverage,car_supported,primary
transit:621-2@1#855:38:39,transit,S_0031667,gtfs_shape_geometry_primary,1.0,1.0,0.17229147325182634,1.041156971388638,segment_coverage,car_supported,primary
transit:621-2@1#855:38:39,transit,S_0031670,gtfs_shape_geometry_primary,1.0,1.0,0.31402657666619455,37.198324394229445,segment_coverage,car_supported,primary
transit:621-2@1#855:38:39,transit,S_0031669,gtfs_shape_geometry_primary,1.0,1.0,0.3484731630468819,0.3635927640998773,segment_coverage,car_supported,primary
transit:621-2@1#855:38:39,transit,S_0031671,gtfs_shape_geometry_primary,0.5906778578723206,0.5906778578723206,0.17488078573010993,0.6285566635049236,segment_coverage,car_supported,primary
transit:621-2@1#855:39:40,transit,S_0031671,gtfs_shape_geometry_primary,0.7853404905667477,0.7853404905667477,0.22355717966893368,0.6285566636607598,segment_coverage,car_supported,primary
transit:621-2@1#855:39:40,transit,S_0031673,gtfs_shape_geometry_primary,1.0,1.0,0.30101807684672544,0.6464377400200902,segment_coverage,car_supported,primary
transit:621-2@1#855:39:40,transit,S_0049807,gtfs_shape_geometry_primary,1.0,1.0,0.23473840960914907,0.6355107048004811,segment_coverage,car_supported,primary
transit:621-2@1#855:39:40,transit,S_0049873,gtfs_shape_geometry_primary,1.0,1.0,0.30580871088409206,0.6426955415380746,segment_coverage,car_supported,primary
transit:621-2@1#855:39:40,transit,S_0049888,gtfs_shape_geometry_primary,1.0,1.0,0.28879226391900287,1.7343767089194984,segment_coverage,car_supported,primary
transit:621-2@1#855:41:42,transit,S_0024286,gtfs_shape_geometry_primary,0.7024375204832474,0.7024375204832474,0.3828540055015184,36.17374989457161,segment_coverage,car_supported,primary
transit:621-2@1#855:44:45,transit,S_0056243,gtfs_shape_geometry_primary,1.0,1.0,0.6467276602829364,1.0407235806769926,both,car_supported,primary
transit:621-2@1#855:44:45,transit,S_0044754,gtfs_shape_geometry_primary,0.5199390217645405,0.5199390217645405,0.17375526102264505,7.019619205188853,segment_coverage,car_supported,primary
transit:621-2@1#855:45:46,transit,S_0044754,gtfs_shape_geometry_primary,0.936964928666914,0.936964928666914,0.3523067295761907,9.434575549548327,segment_coverage,car_supported,primary
transit:621-2@1#855:45:46,transit,S_0024289,gtfs_shape_geometry_primary,1.0,1.0,0.5353108401276303,5.339476892508176,both,car_supported,primary
transit:621-2@1#855:50:51,transit,S_0043570,gtfs_shape_geometry_primary,0.6802192094533318,0.6802192094533318,0.3085245848692401,33.3803200452478,segment_coverage,car_supported,primary
transit:621-2@1#855:53:54,transit,S_0049835,gtfs_shape_geometry_primary,0.5068070482408671,0.5068070482408671,0.2874348497489709,0.5266248992043074,segment_coverage,car_supported,primary
transit:621-2@1#855:53:54,transit,S_0054532,gtfs_shape_geometry_primary,1.0,1.0,0.2983800924672862,1.3505184512010828,segment_coverage,car_supported,primary
transit:621-2@1#855:53:54,transit,S_0024001,gtfs_shape_geometry_primary,1.0,1.0,0.24551465545093046,2.273200485811259,segment_coverage,car_supported,primary
transit:621-2@1#855:53:54,transit,S_0049796,gtfs_shape_geometry_primary,1.0,1.0,0.21577367628902125,1.1759642520054996,segment_coverage,car_supported,primary
transit:621-2@1#855:53:54,transit,S_0024000,gtfs_shape_geometry_primary,1.0,1.0,0.22519498544357877,0.19355088441577095,segment_coverage,car_supported,primary
transit:621-2@1#855:53:54,transit,S_0024015,gtfs_shape_geometry_primary,1.0,1.0,0.44447959434684736,1.048822840906297,segment_coverage,car_supported,primary
transit:621-2@1#855:53:54,transit,S_0000936,gtfs_shape_geometry_primary,1.0,1.0,0.4286116970840412,3.660921992956446,segment_coverage,car_supported,primary
transit:621-2@1#855:53:54,transit,S_0024017,gtfs_shape_geometry_primary,1.0,1.0,0.48827288017512577,9.380494288641245,segment_coverage,car_supported,primary
transit:621-2@1#855:53:54,transit,S_0000937,gtfs_shape_geometry_primary,0.9933222310154305,0.9933222310154305,0.534926754742047,15.499200136429835,both,car_supported,primary
transit:621-2@1#855:54:55,transit,S_0023878,gtfs_shape_geometry_primary,1.0,1.0,1.0,0.25179203542181483,both,car_supported,primary
transit:621-2@1#855:54:55,transit,S_0049835,gtfs_shape_geometry_primary,1.0,0.7990891647336152,1.0,0.6609135805952349,both,car_supported,primary
transit:621-2@1#855:54:55,transit,S_0054532,gtfs_shape_geometry_primary,0.549398882685567,0.549398882685567,0.2993240597008105,1.358754064848199,segment_coverage,car_supported,primary
transit:621-2@1#855:55:56,transit,S_0023821,gtfs_shape_geometry_primary,0.641348730997079,0.641348730997079,0.2445012628213451,5.765576300749956,segment_coverage,car_supported,primary
transit:621-2@1#855:55:56,transit,S_0054528,gtfs_shape_geometry_primary,1.0,1.0,0.23724759369220744,40.96435145468459,segment_coverage,car_supported,primary
transit:621-2@1#855:55:56,transit,S_0049836,gtfs_shape_geometry_primary,1.0,1.0,0.3305442709847911,7.519869627173023,segment_coverage,car_supported,primary
transit:621-2@1#855:55:56,transit,S_0023877,gtfs_shape_geometry_primary,1.0,1.0,0.2935225040543471,3.0768569172222016,segment_coverage,car_supported,primary
transit:621-2@1#855:56:57,transit,S_0023874,gtfs_shape_geometry_primary,1.0,1.0,0.13290230793292246,3.130577838619672,segment_coverage,car_supported,primary
transit:621-2@1#855:56:57,transit,S_0054515,gtfs_shape_geometry_primary,0.5592929340574146,0.5592929340574146,0.06626324715033816,17.183123805560598,segment_coverage,car_supported,primary
transit:621-2@1#855:56:57,transit,S_0023848,gtfs_shape_geometry_primary,1.0,1.0,0.1357868343319313,15.941591031976628,segment_coverage,car_supported,primary
transit:621-2@1#855:56:57,transit,S_0023849,gtfs_shape_geometry_primary,1.0,1.0,0.1311897195223,16.545782682606017,segment_coverage,car_supported,primary
transit:621-2@1#855:56:57,transit,S_0054523,gtfs_shape_geometry_primary,0.5853425178326985,0.5853425178326985,0.07431746744571528,16.75980207328658,segment_coverage,car_supported,primary
transit:621-2@1#855:57:58,transit,S_0023806,gtfs_shape_geometry_primary,0.7020910812133626,0.6868561167759923,0.7020910812133626,13.891903117331225,both,car_supported,primary
transit:621-2@1#855:60:61,transit,S_0023805,gtfs_shape_geometry_primary,0.7562134670202856,0.40132671988528323,0.7562134670202856,42.185886948698155,shape_coverage,car_supported,primary
transit:621-2@1#855:61:62,transit,S_0023784,gtfs_shape_geometry_primary,1.0,1.0,0.12047062267439651,30.10980515475604,segment_coverage,car_supported,primary
transit:621-2@1#855:61:62,transit,S_0023783,gtfs_shape_geometry_primary,1.0,1.0,0.1979146064298469,17.882936931125343,segment_coverage,car_supported,primary
transit:621-2@1#855:61:62,transit,S_0023788,gtfs_shape_geometry_primary,1.0,1.0,0.24470635803909263,43.52772596831241,segment_coverage,car_supported,primary
transit:621-2@1#855:61:62,transit,S_0023787,gtfs_shape_geometry_primary,0.6595642977348182,0.6595642977348182,0.17493585609804946,17.033505252979275,segment_coverage,car_supported,primary
transit:621-2@1#855:61:62,transit,S_0023785,gtfs_shape_geometry_primary,1.0,1.0,0.12456224918371298,14.86091544594791,segment_coverage,car_supported,primary
transit:621-2@1#855:61:62,transit,S_0007687,gtfs_shape_geometry_primary,1.0,1.0,0.08782889488352663,7.328355565917235,segment_coverage,car_supported,primary
transit:621-2@1#855:61:62,transit,S_0007688,gtfs_shape_geometry_primary,1.0,1.0,0.12037656541995366,1.290539758198051,segment_coverage,car_supported,primary
transit:621-2@1#855:61:62,transit,S_0016699,gtfs_shape_geometry_primary,1.0,1.0,0.08927676846158969,27.922177799033264,segment_coverage,car_supported,primary
transit:621-2@1#855:61:62,transit,S_0023804,gtfs_shape_geometry_primary,1.0,1.0,0.35651169232573016,0.6191214230012889,segment_coverage,car_supported,primary
transit:3973-1@1#736:38:39,transit,S_0037694,gtfs_shape_geometry_fallback,1.0,1.0,0.618695343500789,1.001617981973908,both,full_analysis_network,fallback
transit:3973-1@1#736:39:40,transit,S_0037686,gtfs_shape_geometry_fallback,1.0,1.0,0.10855924222213224,2.3075626660134105,segment_coverage,full_analysis_network,fallback
transit:3973-1@1#736:40:41,transit,S_0019074,gtfs_shape_geometry_fallback,0.7631705775577781,0.7631705775577781,0.07657104633065046,55.21858503105122,segment_coverage,full_analysis_network,fallback
transit:3973-1@1#736:40:41,transit,S_0029301,gtfs_shape_geometry_fallback,0.7941675136447413,0.7941675136447413,0.040588364654771454,51.43924014080167,segment_coverage,full_analysis_network,fallback
transit:3973-1@1#736:40:41,transit,S_0037686,gtfs_shape_geometry_fallback,1.0,1.0,0.10448598916790983,2.2840740829079778,segment_coverage,full_analysis_network,fallback
transit:T1-1@1#745:28:29,transit,S_0005769,gtfs_shape_geometry_fallback,0.9388434095167252,0.9388434095167252,0.02578333640312706,0.8659447423354294,segment_coverage,full_analysis_network,fallback
transit:282-1@1#745:23:24,transit,S_0040444,gtfs_shape_geometry_fallback,0.7082370316977495,0.7082370316977495,0.2391501302246797,20.927288957217826,segment_coverage,full_analysis_network,fallback
transit:621-1@1#750:23:24,transit,S_0050095,gtfs_shape_geometry_fallback,1.0,1.0,0.3277721466900567,1.9349026084763352,segment_coverage,full_analysis_network,fallback
transit:T12A-2@1#759:11:12,transit,S_0004165,gtfs_shape_geometry_fallback,0.41409981037432775,0.41409981037432775,0.3272695256856698,58.76761444263609,segment_coverage,full_analysis_network,fallback
transit:T1-1@1#745:30:31,transit,S_0036017,gtfs_shape_geometry_fallback,0.918588953025716,0.918588953025716,0.6865004058283819,5.069785636553547,both,full_analysis_network,fallback
transit:T1-1@1#745:30:31,transit,S_0022160,gtfs_shape_geometry_fallback,0.4344592005424995,0.4344592005424995,0.351300535120857,22.80764192348896,both,full_analysis_network,fallback
transit:621-1@1#750:24:25,transit,S_0014158,gtfs_shape_geometry_fallback,1.0,1.0,0.22314437858384045,6.335320599041779,segment_coverage,full_analysis_network,fallback
transit:621-1@1#750:24:25,transit,S_0014157,gtfs_shape_geometry_fallback,1.0,1.0,0.21847461550727548,8.325636597967616,segment_coverage,full_analysis_network,fallback
transit:621-1@1#750:24:25,transit,S_0014155,gtfs_shape_geometry_fallback,1.0,1.0,0.219896211152462,10.798931152937541,segment_coverage,full_analysis_network,fallback
transit:621-1@1#750:24:25,transit,S_0014154,gtfs_shape_geometry_fallback,1.0,1.0,0.2116382398014849,11.28209519222412,segment_coverage,full_analysis_network,fallback
transit:621-1@1#750:24:25,transit,S_0014152,gtfs_shape_geometry_fallback,1.0,1.0,0.16833756370228384,18.26103817622456,segment_coverage,full_analysis_network,fallback
transit:621-1@1#750:24:25,transit,S_0014151,gtfs_shape_geometry_fallback,0.899748193182533,0.899748193182533,0.132586133736845,21.262750823977115,segment_coverage,full_analysis_network,fallback
transit:621-1@1#750:24:25,transit,S_0001483,gtfs_shape_geometry_fallback,0.3727234058059375,0.3727234058059375,0.14992647121164812,38.89830218893718,segment_coverage,full_analysis_network,fallback
transit:621-1@1#750:24:25,transit,S_0050084,gtfs_shape_geometry_fallback,0.37179790353660686,0.37179790353660686,0.11475756110411277,0.0,segment_coverage,full_analysis_network,fallback
transit:2601-1@1#755:17:18,transit,S_0003481,gtfs_shape_geometry_fallback,0.7537497235565221,0.7537497235565221,0.4735824034243639,45.6693359203683,both,full_analysis_network,fallback
transit:5203-1@1#746:23:24,transit,S_0043735,gtfs_shape_geometry_fallback,0.7970612799834866,0.7970612799834866,0.47068010872054616,39.02078481329005,both,full_analysis_network,fallback
transit:5203-1@1#746:23:24,transit,S_0001856,gtfs_shape_geometry_fallback,1.0,1.0,0.09865184752016512,32.18144222432887,segment_coverage,full_analysis_network,fallback
transit:5203-1@1#746:24:25,transit,S_0043733,gtfs_shape_geometry_fallback,0.5071246113405115,0.29354352095369207,0.5071246113405115,52.05330920892659,shape_coverage,full_analysis_network,fallback
transit:5203-1@1#746:24:25,transit,S_0043734,gtfs_shape_geometry_fallback,0.653358209936043,0.5545352914227905,0.653358209936043,39.74144170380245,both,full_analysis_network,fallback
transit:5203-1@1#746:24:25,transit,S_0019764,gtfs_shape_geometry_fallback,0.5266901832334162,0.3503045963792222,0.5266901832334162,49.03412285236158,both,full_analysis_network,fallback
transit:T9-2@1#729:42:43,transit,S_0043733,gtfs_shape_geometry_fallback,0.5116015657725663,0.46375863009837304,0.5116015657725663,0.3841247753061623,both,full_analysis_network,fallback
transit:T9-2@1#729:42:43,transit,S_0043734,gtfs_shape_geometry_fallback,0.5755470053814179,0.5545352914221887,0.5755470053814179,43.37600065710211,both,full_analysis_network,fallback
transit:T9-2@1#729:42:43,transit,S_0019764,gtfs_shape_geometry_fallback,0.4183454324227178,0.3503045963792222,0.4183454324227178,41.40686551302471,both,full_analysis_network,fallback
transit:3973-1@1#736:47:48,transit,S_0033830,gtfs_shape_geometry_fallback,0.6344104981224364,0.6344104981224364,0.15508662468831869,39.95145857543554,segment_coverage,full_analysis_network,fallback
transit:T12A-2@1#759:15:16,transit,S_0051841,gtfs_shape_geometry_fallback,0.3619525672315264,0.1858505350813193,0.3619525672315264,52.75101285624356,shape_coverage,full_analysis_network,fallback
transit:2802-1@1#805:5:6,transit,S_0006966,gtfs_shape_geometry_fallback,0.44768094414325194,0.1224191708755413,0.44768094414325194,41.30587696942655,shape_coverage,full_analysis_network,fallback
transit:2802-1@1#805:5:6,transit,S_0006964,gtfs_shape_geometry_fallback,1.0,1.0,0.51423378508417,0.908443715469609,both,full_analysis_network,fallback
transit:2802-1@1#805:5:6,transit,S_0006965,gtfs_shape_geometry_fallback,1.0,1.0,0.4478779498455261,0.2638359236814871,both,full_analysis_network,fallback
transit:2802-1@1#805:5:6,transit,S_0006961,gtfs_shape_geometry_fallback,1.0,1.0,0.3387085004863433,0.6920722967153488,segment_coverage,full_analysis_network,fallback
transit:2802-1@1#805:5:6,transit,S_0006959,gtfs_shape_geometry_fallback,1.0,1.0,0.33484938030023165,0.06766550897097545,segment_coverage,full_analysis_network,fallback
transit:T6-2@1#753:18:19,transit,S_0021895,gtfs_shape_geometry_fallback,0.5544086770291523,0.5544086770291523,0.27749796988037867,7.056628592188311,segment_coverage,full_analysis_network,fallback
transit:3973-1@1#736:48:49,transit,S_0035537,gtfs_shape_geometry_fallback,0.47034079360709474,0.47034079360709474,0.1604882631245012,56.95944770673535,segment_coverage,full_analysis_network,fallback
transit:3973-1@1#736:48:49,transit,S_0035535,gtfs_shape_geometry_fallback,1.0,1.0,0.17835062430562246,13.86091743849704,segment_coverage,full_analysis_network,fallback
transit:3973-1@1#736:48:49,transit,S_0035530,gtfs_shape_geometry_fallback,1.0,1.0,0.19648865571509544,15.459519965401341,segment_coverage,full_analysis_network,fallback
transit:3973-1@1#736:48:49,transit,S_0035526,gtfs_shape_geometry_fallback,0.5617418204526485,0.5617418204526485,0.21278807803399588,37.35497605643921,segment_coverage,full_analysis_network,fallback
transit:3973-1@1#736:48:49,transit,S_0035527,gtfs_shape_geometry_fallback,0.675799406918338,0.675799406918338,0.02897118499977681,32.42179925561739,segment_coverage,full_analysis_network,fallback
transit:3973-1@1#736:48:49,transit,S_0033834,gtfs_shape_geometry_fallback,0.7679759936007354,0.7679759936007354,0.33206685212317116,14.671917480002776,segment_coverage,full_analysis_network,fallback
transit:3973-1@1#736:48:49,transit,S_0035533,gtfs_shape_geometry_fallback,1.0,1.0,0.1761514814739509,26.080983594457507,segment_coverage,full_analysis_network,fallback
transit:110-1@1#803:8:9,transit,S_0003748,gtfs_shape_geometry_fallback,0.900481666434657,0.900481666434657,0.28151767899857577,57.157858479903155,segment_coverage,full_analysis_network,fallback
transit:110-1@1#803:8:9,transit,S_0052974,gtfs_shape_geometry_fallback,1.0,1.0,0.2141639561952593,53.83055304702333,segment_coverage,full_analysis_network,fallback
transit:110-1@1#803:8:9,transit,S_0003749,gtfs_shape_geometry_fallback,1.0,1.0,0.30723089771629297,53.78810226499962,segment_coverage,full_analysis_network,fallback
transit:110-1@1#803:8:9,transit,S_0052995,gtfs_shape_geometry_fallback,1.0,1.0,0.38984082533996967,22.240468670491495,both,full_analysis_network,fallback
transit:2601-1@1#755:20:21,transit,S_0027399,gtfs_shape_geometry_fallback,0.5572465980314248,0.5572465980314248,0.28312960614867316,11.839569528742288,segment_coverage,full_analysis_network,fallback
transit:2601-1@1#755:20:21,transit,S_0027400,gtfs_shape_geometry_fallback,1.0,1.0,0.4618171622482543,8.708158661989444,both,full_analysis_network,fallback
transit:2601-1@1#755:20:21,transit,S_0027393,gtfs_shape_geometry_fallback,1.0,1.0,0.502252551384206,45.329278435572036,both,full_analysis_network,fallback
transit:2802-1@1#805:6:7,transit,S_0006964,gtfs_shape_geometry_fallback,0.8094917329752302,0.8094917329752302,0.02898931436734923,0.28373272118583515,segment_coverage,full_analysis_network,fallback
transit:2802-1@1#805:6:7,transit,S_0006965,gtfs_shape_geometry_fallback,1.0,1.0,0.1706955278567162,0.2638359241859405,segment_coverage,full_analysis_network,fallback
transit:2802-1@1#805:6:7,transit,S_0006958,gtfs_shape_geometry_fallback,1.0,1.0,0.47220692117555346,25.188412212587018,both,full_analysis_network,fallback
transit:2802-1@1#805:6:7,transit,S_0006961,gtfs_shape_geometry_fallback,0.7460918965289848,0.7460918965289848,0.10368149005035848,0.6920722977986955,segment_coverage,full_analysis_network,fallback
transit:346-1@1#806:5:6,transit,S_0048229,gtfs_shape_geometry_fallback,1.0,1.0,0.9015945750880204,2.715352530185001,both,full_analysis_network,fallback
transit:346-1@1#806:5:6,transit,S_0033342,gtfs_shape_geometry_fallback,1.0,1.0,0.5403210729154908,0.21517365693838997,both,full_analysis_network,fallback
transit:346-1@1#806:5:6,transit,S_0033327,gtfs_shape_geometry_fallback,0.5447761555611507,0.5447761555611507,0.09078057099482194,0.24072869414148101,segment_coverage,full_analysis_network,fallback
transit:286-2@1#720:80:81,transit,S_0037759,gtfs_shape_geometry_fallback,0.4663469695426349,0.4663469695426349,0.37674516578746303,55.39987477598829,both,full_analysis_network,fallback
transit:3973-1@1#736:49:50,transit,S_0035530,gtfs_shape_geometry_fallback,0.3660657947439171,0.3660657947439171,0.09997381327316965,21.124725826501702,segment_coverage,full_analysis_network,fallback
transit:3973-1@1#736:49:50,transit,S_0035527,gtfs_shape_geometry_fallback,0.7990674160457618,0.7990674160457618,0.07999489013424134,36.28685826466979,segment_coverage,full_analysis_network,fallback
transit:110-1@1#803:9:10,transit,S_0015180,gtfs_shape_geometry_fallback,0.616034766013665,0.616034766013665,0.06581391955231386,46.453609060498025,segment_coverage,full_analysis_network,fallback
transit:5203-1@1#746:26:27,transit,S_0042314,gtfs_shape_geometry_fallback,0.5693569880099226,0.5693569880099226,0.4822525426540694,4.130446577158592,both,full_analysis_network,fallback
transit:397-1@1#731:64:65,transit,S_0031279,gtfs_shape_geometry_fallback,1.0,1.0,0.23709228097350848,3.312381939217971,segment_coverage,full_analysis_network,fallback
transit:397-1@1#731:64:65,transit,S_0055970,gtfs_shape_geometry_fallback,1.0,1.0,0.504699949325158,21.229558274703876,both,full_analysis_network,fallback
transit:397-1@1#731:64:65,transit,S_0034629,gtfs_shape_geometry_fallback,0.7466801436439054,0.7466801436439054,0.16835028242046338,49.88021690717521,segment_coverage,full_analysis_network,fallback
transit:621-1@1#750:29:30,transit,S_0055652,gtfs_shape_geometry_fallback,0.369791316382508,0.369791316382508,0.044967301512304644,27.04524478997905,segment_coverage,full_analysis_network,fallback
transit:621-1@1#750:29:30,transit,S_0055653,gtfs_shape_geometry_fallback,0.8440896227557096,0.8440896227557096,0.10693345579303147,59.98914412398331,segment_coverage,full_analysis_network,fallback
transit:621-1@1#750:29:30,transit,S_0055651,gtfs_shape_geometry_fallback,0.8174387083847953,0.8174387083847953,0.2131451526019788,6.703998365196824,segment_coverage,full_analysis_network,fallback
transit:621-1@1#750:29:30,transit,S_0055771,gtfs_shape_geometry_fallback,0.7051126410634636,0.7051126410634636,0.4744671390923362,54.91652743104861,both,full_analysis_network,fallback
transit:621-1@1#750:29:30,transit,S_0026192,gtfs_shape_geometry_fallback,1.0,1.0,0.3178810066062758,8.733788959879746,segment_coverage,full_analysis_network,fallback
transit:621-1@1#750:29:30,transit,S_0026191,gtfs_shape_geometry_fallback,0.8105530587791898,0.8014122547656309,0.8105530587791898,0.8179213471818301,both,full_analysis_network,fallback
transit:756-2@1#730:50:51,transit,S_0032984,gtfs_shape_geometry_fallback,0.587846150033837,0.587846150033837,0.2916100925679034,16.50623343211883,segment_coverage,full_analysis_network,fallback
transit:T6-2@1#753:20:21,transit,S_0021789,gtfs_shape_geometry_fallback,0.37012659953798965,0.37012659953798965,0.25047246926366706,51.48705975001394,segment_coverage,full_analysis_network,fallback
transit:T6-2@1#753:20:21,transit,S_0012363,gtfs_shape_geometry_fallback,0.781557596889076,0.781557596889076,0.14760928074356952,51.68922751483676,segment_coverage,full_analysis_network,fallback
transit:T6-2@1#753:20:21,transit,S_0012364,gtfs_shape_geometry_fallback,0.8047139396947822,0.8047139396947822,0.14763114645730208,51.6915438177039,segment_coverage,full_analysis_network,fallback
transit:T6-2@1#753:20:21,transit,S_0048764,gtfs_shape_geometry_fallback,0.4172462020716912,0.4172462020716912,0.2272403192230219,59.40762780943078,segment_coverage,full_analysis_network,fallback
transit:286-2@1#720:82:83,transit,S_0050689,gtfs_shape_geometry_fallback,0.6303874566923001,0.6303874566923001,0.5843866119086688,37.46318706808422,both,full_analysis_network,fallback
transit:286-2@1#720:82:83,transit,S_0004837,gtfs_shape_geometry_fallback,0.571693439700972,0.571693439700972,0.2506247174903546,30.34075436859799,segment_coverage,full_analysis_network,fallback
transit:286-2@1#720:82:83,transit,S_0004871,gtfs_shape_geometry_fallback,0.5917778605743195,0.5917778605743195,0.2753564194857296,29.924195575861575,segment_coverage,full_analysis_network,fallback
transit:T1-1@1#745:36:37,transit,S_0009421,gtfs_shape_geometry_fallback,1.0,1.0,0.5704719800508666,11.501058518180344,both,full_analysis_network,fallback
transit:T1-1@1#745:36:37,transit,S_0009414,gtfs_shape_geometry_fallback,1.0,1.0,0.6223739181575144,11.764518090014661,both,full_analysis_network,fallback
transit:T1-1@1#745:36:37,transit,S_0009415,gtfs_shape_geometry_fallback,1.0,1.0,0.6659054584476923,3.631440918521843,both,full_analysis_network,fallback
transit:2701-2@1#810:1:2,transit,S_0057761,gtfs_shape_geometry_fallback,0.6290626727170587,0.6290626727170587,0.0746126067236608,59.377207918647684,segment_coverage,full_analysis_network,fallback
transit:2701-2@1#810:1:2,transit,S_0057239,gtfs_shape_geometry_fallback,1.0,1.0,0.10940897414764048,4.75399301602971,segment_coverage,full_analysis_network,fallback
transit:2701-2@1#810:1:2,transit,S_0009939,gtfs_shape_geometry_fallback,1.0,1.0,0.1327109910870458,20.56201359264253,segment_coverage,full_analysis_network,fallback
transit:2701-2@1#810:1:2,transit,S_0031470,gtfs_shape_geometry_fallback,1.0,1.0,0.09869381059577689,8.565399770802856,segment_coverage,full_analysis_network,fallback
transit:2701-2@1#810:1:2,transit,S_0018554,gtfs_shape_geometry_fallback,1.0,1.0,0.048809983040184725,1.595694944390445,segment_coverage,full_analysis_network,fallback
transit:397-1@1#731:66:67,transit,S_0036816,gtfs_shape_geometry_fallback,1.0,1.0,0.10982062122475274,2.88379269755913,segment_coverage,full_analysis_network,fallback
transit:397-1@1#731:66:67,transit,S_0036815,gtfs_shape_geometry_fallback,1.0,1.0,0.1387213824119583,2.3093982350104056,segment_coverage,full_analysis_network,fallback
transit:B55-1@1#711:82:83,transit,S_0016844,gtfs_shape_geometry_fallback,0.5762402347916682,0.5762402347916682,0.225325780694263,51.74309547832624,segment_coverage,full_analysis_network,fallback
transit:B55-1@1#711:82:83,transit,S_0016854,gtfs_shape_geometry_fallback,1.0,1.0,0.6663730004959241,3.5466826943704746,both,full_analysis_network,fallback
transit:T6-2@1#753:21:22,transit,S_0019662,gtfs_shape_geometry_fallback,0.5330401497814371,0.5330401497814371,0.17758429402232578,49.655525202581316,segment_coverage,full_analysis_network,fallback
transit:T2A-1@1#801:15:16,transit,S_0042051,gtfs_shape_geometry_fallback,0.7131472818080505,0.7131472818080505,0.4115005019617427,1.45439613559833,both,full_analysis_network,fallback
transit:T4-2@1#723:49:50,transit,S_0049529,gtfs_shape_geometry_fallback,0.5020043655635552,0.5020043655635552,0.3494040252849764,16.634323066570246,segment_coverage,full_analysis_network,fallback
transit:T4-2@1#723:49:50,transit,S_0034854,gtfs_shape_geometry_fallback,0.36621688693584453,0.36621688693584453,0.14522036218438483,6.965574931472972,segment_coverage,full_analysis_network,fallback
transit:494-2@1#737:35:36,transit,S_0047711,gtfs_shape_geometry_fallback,1.0,1.0,0.3916790854779643,18.24517641462313,both,full_analysis_network,fallback
transit:494-2@1#737:35:36,transit,S_0047720,gtfs_shape_geometry_fallback,1.0,1.0,0.23955968014021817,22.793850086736086,segment_coverage,full_analysis_network,fallback
transit:2601-1@1#755:24:25,transit,S_0054817,gtfs_shape_geometry_fallback,0.4759089505325682,0.4759089505325682,0.20878145703992745,8.916609249322207,segment_coverage,full_analysis_network,fallback
transit:495-1@1#746:25:26,transit,S_0055061,gtfs_shape_geometry_fallback,1.0,1.0,0.15842686141801457,27.38761400555677,segment_coverage,full_analysis_network,fallback
transit:495-1@1#746:25:26,transit,S_0047711,gtfs_shape_geometry_fallback,1.0,1.0,0.2123963694927419,18.248793082417137,segment_coverage,full_analysis_network,fallback
transit:495-1@1#746:25:26,transit,S_0047720,gtfs_shape_geometry_fallback,1.0,1.0,0.13032436376421522,22.793849897525632,segment_coverage,full_analysis_network,fallback
transit:495-1@1#746:25:26,transit,S_0044949,gtfs_shape_geometry_fallback,0.40154074335481477,0.40154074335481477,0.07535109179876394,48.91953097291143,segment_coverage,full_analysis_network,fallback
transit:286-2@1#720:84:85,transit,S_0037933,gtfs_shape_geometry_fallback,0.39067713304467283,0.39067713304467283,0.07326832086753238,12.443376653976976,segment_coverage,full_analysis_network,fallback
transit:T1-1@1#745:38:39,transit,S_0048495,gtfs_shape_geometry_fallback,0.7449301379649054,0.7449301379649054,0.39295211412401043,56.45968127820365,both,full_analysis_network,fallback
transit:T1-1@1#745:38:39,transit,S_0048496,gtfs_shape_geometry_fallback,1.0,1.0,0.3272077736443003,0.027357746687915352,segment_coverage,full_analysis_network,fallback
transit:T1-1@1#745:38:39,transit,S_0048494,gtfs_shape_geometry_fallback,0.42420295351036735,0.42420295351036735,0.24289682550382516,14.047174889752284,segment_coverage,full_analysis_network,fallback
transit:T1-1@1#745:38:39,transit,S_0048497,gtfs_shape_geometry_fallback,0.7829150749191167,0.740987496968706,0.7829150749191167,0.4237448546828766,both,full_analysis_network,fallback
transit:A952-1@1#756:25:26,transit,S_0052312,gtfs_shape_geometry_fallback,1.0,1.0,0.08007221547653151,23.04256658613214,segment_coverage,full_analysis_network,fallback
transit:A952-1@1#756:25:26,transit,S_0052310,gtfs_shape_geometry_fallback,0.48310098996456813,0.48310098996456813,0.09325785974098369,48.06123388420865,segment_coverage,full_analysis_network,fallback
transit:286-2@1#720:85:86,transit,S_0037935,gtfs_shape_geometry_fallback,1.0,1.0,0.1861322912861543,4.074305490028593,segment_coverage,full_analysis_network,fallback
transit:286-2@1#720:85:86,transit,S_0005077,gtfs_shape_geometry_fallback,0.9278727610823387,0.9116801875161286,0.9278727610823387,0.7193738154017524,both,full_analysis_network,fallback
transit:T11-2@1#737:43:44,transit,S_0020947,gtfs_shape_geometry_fallback,0.7695576488898893,0.7695576488898893,0.19553159873439782,1.0276468677225807,segment_coverage,full_analysis_network,fallback
transit:T11-2@1#737:43:44,transit,S_0051215,gtfs_shape_geometry_fallback,0.8417289701396995,0.8417289701396995,0.13965354396920854,36.5579152910349,segment_coverage,full_analysis_network,fallback
transit:T11-2@1#737:43:44,transit,S_0051213,gtfs_shape_geometry_fallback,1.0,1.0,0.21242654856449386,0.2134637439282585,segment_coverage,full_analysis_network,fallback
transit:T11-2@1#737:43:44,transit,S_0051212,gtfs_shape_geometry_fallback,0.844782081863055,0.844782081863055,0.13785418845988154,49.219018877035666,segment_coverage,full_analysis_network,fallback
transit:T11-2@1#737:43:44,transit,S_0051211,gtfs_shape_geometry_fallback,1.0,1.0,0.3175908721738866,0.438833973056191,segment_coverage,full_analysis_network,fallback
transit:T11-2@1#737:43:44,transit,S_0020761,gtfs_shape_geometry_fallback,1.0,1.0,0.26561526965292626,0.9104839932948181,segment_coverage,full_analysis_network,fallback
transit:T11-2@1#737:43:44,transit,S_0026261,gtfs_shape_geometry_fallback,0.8194586138174107,0.8194586138174107,0.18095976882849987,17.353826911799615,segment_coverage,full_analysis_network,fallback
transit:T11-2@1#737:43:44,transit,S_0020929,gtfs_shape_geometry_fallback,1.0,1.0,0.37068569219880804,0.17644424238950762,both,full_analysis_network,fallback
transit:T11-2@1#737:43:44,transit,S_0020927,gtfs_shape_geometry_fallback,1.0,1.0,0.21076690010828678,0.7301131257103037,segment_coverage,full_analysis_network,fallback
transit:T11-2@1#737:43:44,transit,S_0012445,gtfs_shape_geometry_fallback,0.5587006558328913,0.5587006558328913,0.10270254575867746,0.9774549031084945,segment_coverage,full_analysis_network,fallback
transit:T11-2@1#737:43:44,transit,S_0002690,gtfs_shape_geometry_fallback,0.9547810999107927,0.9547810999107927,0.15745818825576682,29.6949539891296,segment_coverage,full_analysis_network,fallback
transit:T11-2@1#737:43:44,transit,S_0011988,gtfs_shape_geometry_fallback,1.0,1.0,0.20494345566034675,0.2532299243676164,segment_coverage,full_analysis_network,fallback
transit:T11-2@1#737:43:44,transit,S_0011989,gtfs_shape_geometry_fallback,0.9013924514050868,0.9013924514050868,0.14102424881603043,49.04494256269108,segment_coverage,full_analysis_network,fallback
transit:T11-2@1#737:43:44,transit,S_0020762,gtfs_shape_geometry_fallback,0.9068889430549362,0.9068889430549362,0.1738288968776574,20.87773181716541,segment_coverage,full_analysis_network,fallback
transit:T11-2@1#737:43:44,transit,S_0020759,gtfs_shape_geometry_fallback,1.0,1.0,0.20596781955350266,1.771975420337526,segment_coverage,full_analysis_network,fallback
transit:B55-1@1#711:84:85,transit,S_0029211,gtfs_shape_geometry_fallback,0.6533587743997498,0.6533587743997498,0.07044270246487326,34.465527946669624,segment_coverage,full_analysis_network,fallback
transit:B55-1@1#711:84:85,transit,S_0016846,gtfs_shape_geometry_fallback,0.49118105180257393,0.49118105180257393,0.12540295751566688,56.97183742962132,segment_coverage,full_analysis_network,fallback
transit:T1-1@1#745:39:40,transit,S_0017245,gtfs_shape_geometry_fallback,0.7385400417926492,0.7385400417926492,0.15679828208707353,0.5248655210652089,segment_coverage,full_analysis_network,fallback
transit:T1-1@1#745:39:40,transit,S_0048275,gtfs_shape_geometry_fallback,1.0,1.0,0.25152994365244047,0.25824532285287205,segment_coverage,full_analysis_network,fallback
transit:T1-1@1#745:39:40,transit,S_0040840,gtfs_shape_geometry_fallback,1.0,1.0,0.19870497445660035,0.24026087667166962,segment_coverage,full_analysis_network,fallback
transit:T1-1@1#745:39:40,transit,S_0056270,gtfs_shape_geometry_fallback,0.8123273547784,0.8123273547784,0.1814870964297919,30.32753717693143,segment_coverage,full_analysis_network,fallback
transit:T1-1@1#745:39:40,transit,S_0017244,gtfs_shape_geometry_fallback,0.9943585827001132,0.9943585827001132,0.1621464636143618,59.839698869956806,segment_coverage,full_analysis_network,fallback
transit:211-1@1#720:66:67,transit,S_0004332,gtfs_shape_geometry_fallback,0.46977456933680467,0.46977456933680467,0.0949771248546373,12.20596657538659,segment_coverage,full_analysis_network,fallback
transit:211-1@1#720:66:67,transit,S_0012597,gtfs_shape_geometry_fallback,1.0,1.0,0.08828258069333995,7.000145181239702,segment_coverage,full_analysis_network,fallback
transit:211-1@1#720:66:67,transit,S_0058339,gtfs_shape_geometry_fallback,1.0,1.0,0.12558386728488757,4.062281892219957,segment_coverage,full_analysis_network,fallback
transit:211-1@1#720:66:67,transit,S_0058337,gtfs_shape_geometry_fallback,0.6763912678666416,0.6763912678666416,0.10809298090628548,18.467258066388887,segment_coverage,full_analysis_network,fallback
transit:211-1@1#720:66:67,transit,S_0012596,gtfs_shape_geometry_fallback,0.49921403773686107,0.49921403773686107,0.15158623880341757,23.250414092367066,segment_coverage,full_analysis_network,fallback
transit:397-1@1#731:69:70,transit,S_0043214,gtfs_shape_geometry_fallback,1.0,1.0,0.08458732645928108,1.6823526543985565,segment_coverage,full_analysis_network,fallback
transit:3973-1@1#736:54:55,transit,S_0020967,gtfs_shape_geometry_fallback,1.0,0.5306877748486519,1.0,3.488371642614055,both,full_analysis_network,fallback
transit:A952-1@1#756:26:27,transit,S_0037762,gtfs_shape_geometry_fallback,1.0,1.0,0.31791233783074074,25.75459118556026,segment_coverage,full_analysis_network,fallback
transit:A952-1@1#756:26:27,transit,S_0052312,gtfs_shape_geometry_fallback,1.0,1.0,0.10631566935609987,23.04256658650887,segment_coverage,full_analysis_network,fallback
transit:2802-1@1#805:12:13,transit,S_0054985,gtfs_shape_geometry_fallback,0.7463320355152312,0.7463320355152312,0.5997898045314339,42.784908501934524,both,full_analysis_network,fallback
transit:704-1@1#756:23:24,transit,S_0029467,gtfs_shape_geometry_fallback,0.6310710788772598,0.6310710788772598,0.16165772552902255,1.6095138852768116,segment_coverage,full_analysis_network,fallback
transit:704-1@1#756:23:24,transit,S_0029218,gtfs_shape_geometry_fallback,1.0,1.0,0.31834433880095814,0.8182986788530968,segment_coverage,full_analysis_network,fallback
transit:704-1@1#756:23:24,transit,S_0029219,gtfs_shape_geometry_fallback,1.0,1.0,0.5018706042890728,2.0374474694265388,both,full_analysis_network,fallback
transit:704-1@1#756:23:24,transit,S_0035750,gtfs_shape_geometry_fallback,1.0,1.0,0.4116375094708446,0.3114687992372751,both,full_analysis_network,fallback
transit:704-1@1#756:23:24,transit,S_0029217,gtfs_shape_geometry_fallback,1.0,1.0,0.8160170855678542,0.9121144371725194,both,full_analysis_network,fallback
transit:704-1@1#756:23:24,transit,S_0029216,gtfs_shape_geometry_fallback,1.0,1.0,0.24873897485618038,1.04402588069523,segment_coverage,full_analysis_network,fallback
transit:286-2@1#720:86:87,transit,S_0005077,gtfs_shape_geometry_fallback,0.48500224728661406,0.198771995150876,0.48500224728661406,3.9758018815598746,shape_coverage,full_analysis_network,fallback
transit:286-2@1#720:86:87,transit,S_0005010,gtfs_shape_geometry_fallback,0.4791983617186734,0.4791983617186734,0.23471792712336498,17.847436092774913,segment_coverage,full_analysis_network,fallback
transit:346-1@1#806:12:13,transit,S_0033446,gtfs_shape_geometry_fallback,0.35035217877518143,0.35035217877518143,0.3382857444262369,46.80502322009686,segment_coverage,full_analysis_network,fallback
transit:346-1@1#806:12:13,transit,S_0033447,gtfs_shape_geometry_fallback,0.43862363808493693,0.43862363808493693,0.33809215612574856,36.441696818753755,segment_coverage,full_analysis_network,fallback
transit:346-1@1#806:12:13,transit,S_0033445,gtfs_shape_geometry_fallback,0.4893067915302873,0.42301894641741217,0.4893067915302873,56.636512366833756,both,full_analysis_network,fallback
transit:T11-2@1#737:44:45,transit,S_0020927,gtfs_shape_geometry_fallback,0.7772902132728501,0.36066138255798075,0.7772902132728501,1.0307545433282854,both,full_analysis_network,fallback
transit:T11-2@1#737:44:45,transit,S_0012445,gtfs_shape_geometry_fallback,1.0,0.8389336678278612,1.0,1.0421194913703147,both,full_analysis_network,fallback
transit:397-1@1#731:70:71,transit,S_0009007,gtfs_shape_geometry_fallback,0.6391381435896188,0.6391381435896188,0.12058127836343306,43.81360466278538,segment_coverage,full_analysis_network,fallback
transit:397-1@1#731:70:71,transit,S_0022128,gtfs_shape_geometry_fallback,1.0,1.0,0.08401717368458578,25.855972673336396,segment_coverage,full_analysis_network,fallback
transit:397-1@1#731:70:71,transit,S_0031169,gtfs_shape_geometry_fallback,0.5411106472196014,0.5411106472196014,0.08821601568644336,47.200103425816835,segment_coverage,full_analysis_network,fallback
transit:397-1@1#731:70:71,transit,S_0022143,gtfs_shape_geometry_fallback,0.5385194327925539,0.5385194327925539,0.2069422460284813,46.70133191176214,segment_coverage,full_analysis_network,fallback
transit:397-1@1#731:70:71,transit,S_0051104,gtfs_shape_geometry_fallback,0.5719490267903639,0.5719490267903639,0.07361485397634064,14.965335387753214,segment_coverage,full_analysis_network,fallback
transit:397-1@1#731:70:71,transit,S_0022127,gtfs_shape_geometry_fallback,0.5052987628428902,0.5052987628428902,0.0684841001752662,46.767095852071705,segment_coverage,full_analysis_network,fallback
transit:B55-1@1#711:85:86,transit,S_0035742,gtfs_shape_geometry_fallback,1.0,1.0,0.22133502623913412,0.4430521149679265,segment_coverage,full_analysis_network,fallback
transit:B55-1@1#711:85:86,transit,S_0035743,gtfs_shape_geometry_fallback,1.0,1.0,0.29170007386396074,0.06889476708067832,segment_coverage,full_analysis_network,fallback
transit:B55-1@1#711:85:86,transit,S_0029216,gtfs_shape_geometry_fallback,1.0,1.0,0.1615406863426881,0.7258538622900801,segment_coverage,full_analysis_network,fallback
transit:B55-1@1#711:85:86,transit,S_0029215,gtfs_shape_geometry_fallback,1.0,1.0,0.41021005769606145,0.34492072214543157,both,full_analysis_network,fallback
transit:B55-1@1#711:85:86,transit,S_0029214,gtfs_shape_geometry_fallback,1.0,1.0,0.430536526791011,0.5991481093581399,both,full_analysis_network,fallback
transit:B55-1@1#711:85:86,transit,S_0029213,gtfs_shape_geometry_fallback,1.0,1.0,0.23401741297235146,0.5762920475663975,segment_coverage,full_analysis_network,fallback
transit:B55-1@1#711:85:86,transit,S_0029211,gtfs_shape_geometry_fallback,1.0,1.0,0.23214717585860004,0.5496853963402231,segment_coverage,full_analysis_network,fallback
transit:T1-1@1#745:40:41,transit,S_0055968,gtfs_shape_geometry_fallback,0.7170297358940207,0.7170297358940207,0.187355791766246,4.811359518003011,segment_coverage,full_analysis_network,fallback
transit:211-1@1#720:67:68,transit,S_0010648,gtfs_shape_geometry_fallback,0.36303790214739834,0.36303790214739834,0.08791680380653816,21.456432299909643,segment_coverage,full_analysis_network,fallback
transit:286-2@1#720:87:88,transit,S_0030369,gtfs_shape_geometry_fallback,0.6312546983063663,0.6312546983063663,0.25248389262137644,17.120243246581254,segment_coverage,full_analysis_network,fallback
transit:5203-1@1#811:3:4,transit,S_0044740,gtfs_shape_geometry_fallback,1.0,1.0,0.3754293177976804,2.601952855280757,both,full_analysis_network,fallback
transit:2601-1@1#755:27:28,transit,S_0014352,gtfs_shape_geometry_fallback,0.8388538549224054,0.8388538549224054,0.341428412248528,38.47720869764511,segment_coverage,full_analysis_network,fallback
transit:397-1@1#731:71:72,transit,S_0009007,gtfs_shape_geometry_fallback,0.5906846917750121,0.5906846917750121,0.37448078277682706,43.69408456747885,both,full_analysis_network,fallback
transit:397-1@1#731:71:72,transit,S_0022128,gtfs_shape_geometry_fallback,0.7731023168032339,0.7731023168032339,0.15960755102766214,25.592377557670318,segment_coverage,full_analysis_network,fallback
transit:397-1@1#731:71:72,transit,S_0031169,gtfs_shape_geometry_fallback,0.6705677169891358,0.6705677169891358,0.44107346725446206,47.080583331011496,both,full_analysis_network,fallback
transit:397-1@1#731:71:72,transit,S_0022127,gtfs_shape_geometry_fallback,0.8058360596467278,0.8058360596467278,0.5030805510811012,46.647575756711575,both,full_analysis_network,fallback
transit:T1-1@1#745:41:42,transit,S_0057856,gtfs_shape_geometry_fallback,0.9224409104466437,0.9224409104466437,0.3077185290825828,47.44035659936753,segment_coverage,full_analysis_network,fallback
transit:3973-1@1#736:56:57,transit,S_0056061,gtfs_shape_geometry_fallback,1.0,1.0,0.2189101070181985,15.277987976180697,segment_coverage,full_analysis_network,fallback
transit:3973-1@1#736:56:57,transit,S_0056059,gtfs_shape_geometry_fallback,1.0,1.0,0.23669741263889466,3.3796989995039155,segment_coverage,full_analysis_network,fallback
transit:2601-1@1#755:28:29,transit,S_0051024,gtfs_shape_geometry_fallback,0.354780205322533,0.354780205322533,0.1613821407454488,27.14586016941702,segment_coverage,full_analysis_network,fallback
transit:2601-1@1#755:28:29,transit,S_0043342,gtfs_shape_geometry_fallback,1.0,1.0,0.32202756109667885,4.910270483506196,segment_coverage,full_analysis_network,fallback
transit:2601-1@1#755:28:29,transit,S_0051023,gtfs_shape_geometry_fallback,1.0,1.0,0.16824790644659737,2.532544991590072,segment_coverage,full_analysis_network,fallback
transit:2601-1@1#755:28:29,transit,S_0043343,gtfs_shape_geometry_fallback,1.0,1.0,0.30196288872704136,4.987123558679002,segment_coverage,full_analysis_network,fallback
transit:2601-1@1#755:28:29,transit,S_0051022,gtfs_shape_geometry_fallback,1.0,1.0,0.17525845986519983,2.548376624084355,segment_coverage,full_analysis_network,fallback
transit:T3-1@1#744:39:40,transit,S_0034668,gtfs_shape_geometry_fallback,1.0,1.0,0.3021879037873882,0.05055738582669278,segment_coverage,full_analysis_network,fallback
transit:T3-1@1#744:39:40,transit,S_0029160,gtfs_shape_geometry_fallback,0.6281562905676162,0.6281562905676162,0.15002862017158797,46.56798471403222,segment_coverage,full_analysis_network,fallback
transit:T3-1@1#744:39:40,transit,S_0029154,gtfs_shape_geometry_fallback,1.0,1.0,0.10962748374140494,1.5116113331500998,segment_coverage,full_analysis_network,fallback
transit:T3-1@1#744:39:40,transit,S_0029152,gtfs_shape_geometry_fallback,1.0,1.0,0.11523243349767891,1.2237867261916904,segment_coverage,full_analysis_network,fallback
transit:T3-1@1#744:39:40,transit,S_0029148,gtfs_shape_geometry_fallback,1.0,1.0,0.19520472136612352,0.9256581062140583,segment_coverage,full_analysis_network,fallback
transit:T3-1@1#744:39:40,transit,S_0029146,gtfs_shape_geometry_fallback,0.9983792213941671,0.9983792213941671,0.09334852271093633,6.161491647716801,segment_coverage,full_analysis_network,fallback
transit:T3-1@1#744:39:40,transit,S_0031892,gtfs_shape_geometry_fallback,0.41880415326182197,0.41880415326182197,0.03727988233868937,1.421046691359905,segment_coverage,full_analysis_network,fallback
transit:T11-2@1#737:46:47,transit,S_0008290,gtfs_shape_geometry_fallback,1.0,1.0,0.0153782397685507,56.9800949468335,segment_coverage,full_analysis_network,fallback
transit:T11-2@1#737:46:47,transit,S_0008282,gtfs_shape_geometry_fallback,1.0,1.0,0.04975819477552691,3.987896962698777,segment_coverage,full_analysis_network,fallback
transit:T11-2@1#737:46:47,transit,S_0008275,gtfs_shape_geometry_fallback,1.0,1.0,0.10824566721494812,49.968635011368015,segment_coverage,full_analysis_network,fallback
transit:T11-2@1#737:46:47,transit,S_0008274,gtfs_shape_geometry_fallback,0.9990180407545804,0.9990180407545804,0.1264070533932484,44.50245794507269,segment_coverage,full_analysis_network,fallback
transit:T11-2@1#737:46:47,transit,S_0008269,gtfs_shape_geometry_fallback,1.0,1.0,0.15966189685309065,1.13305260409129,segment_coverage,full_analysis_network,fallback
transit:T11-2@1#737:46:47,transit,S_0008270,gtfs_shape_geometry_fallback,1.0,1.0,0.15955400829989072,49.47104657047789,segment_coverage,full_analysis_network,fallback
transit:T11-2@1#737:46:47,transit,S_0008265,gtfs_shape_geometry_fallback,1.0,1.0,0.12158111701180171,45.41136529750851,segment_coverage,full_analysis_network,fallback
transit:T11-2@1#737:46:47,transit,S_0057191,gtfs_shape_geometry_fallback,1.0,1.0,0.10386115741540212,13.812989556844308,segment_coverage,full_analysis_network,fallback
transit:T11-2@1#737:46:47,transit,S_0008255,gtfs_shape_geometry_fallback,1.0,1.0,0.27975115781559623,23.295622023267953,segment_coverage,full_analysis_network,fallback
transit:T11-2@1#737:46:47,transit,S_0008254,gtfs_shape_geometry_fallback,0.6354762006916033,0.6354762006916033,0.14630831425821386,8.146061194733903,segment_coverage,full_analysis_network,fallback
transit:T11-2@1#737:46:47,transit,S_0057190,gtfs_shape_geometry_fallback,1.0,1.0,0.037010319876119226,10.702175455675984,segment_coverage,full_analysis_network,fallback
transit:2601-1@1#755:29:30,transit,S_0029164,gtfs_shape_geometry_fallback,0.669460276931256,0.6154451182957518,0.669460276931256,0.8383269101483819,both,full_analysis_network,fallback
transit:621-1@1#750:37:38,transit,S_0044740,gtfs_shape_geometry_fallback,1.0,1.0,0.3754293177976804,2.601952855280757,both,full_analysis_network,fallback
transit:862-1@1#750:24:25,transit,S_0044740,gtfs_shape_geometry_fallback,1.0,1.0,0.31657336175269235,2.601952855280757,segment_coverage,full_analysis_network,fallback
transit:T3-2@1#730:59:60,transit,S_0043697,gtfs_shape_geometry_fallback,1.0,1.0,0.41899180308092376,0.19821253362972868,both,full_analysis_network,fallback
transit:T3-2@1#730:59:60,transit,S_0043698,gtfs_shape_geometry_fallback,1.0,1.0,0.42941542380879,1.431088912694932,both,full_analysis_network,fallback
transit:T3-2@1#730:59:60,transit,S_0044610,gtfs_shape_geometry_fallback,1.0,1.0,0.14291140842705635,0.4061449173042604,segment_coverage,full_analysis_network,fallback
transit:T3-2@1#730:59:60,transit,S_0041619,gtfs_shape_geometry_fallback,0.7648646292224789,0.7648646292224789,0.2536925999689299,0.440072286565794,segment_coverage,full_analysis_network,fallback
transit:T12-2@1#722:80:81,transit,S_0020947,gtfs_shape_geometry_fallback,0.7695576488898893,0.7695576488898893,0.19553159873439782,1.0276468677225807,segment_coverage,full_analysis_network,fallback
transit:T12-2@1#722:80:81,transit,S_0051215,gtfs_shape_geometry_fallback,0.8417289701396995,0.8417289701396995,0.13965354396920854,36.5579152910349,segment_coverage,full_analysis_network,fallback
transit:T12-2@1#722:80:81,transit,S_0051213,gtfs_shape_geometry_fallback,1.0,1.0,0.21242654856449386,0.2134637439282585,segment_coverage,full_analysis_network,fallback
transit:T12-2@1#722:80:81,transit,S_0051212,gtfs_shape_geometry_fallback,0.844782081863055,0.844782081863055,0.13785418845988154,49.219018877035666,segment_coverage,full_analysis_network,fallback
transit:T12-2@1#722:80:81,transit,S_0051211,gtfs_shape_geometry_fallback,1.0,1.0,0.3175908721738866,0.438833973056191,segment_coverage,full_analysis_network,fallback
transit:T12-2@1#722:80:81,transit,S_0020761,gtfs_shape_geometry_fallback,1.0,1.0,0.26561526965292626,0.9104839932948181,segment_coverage,full_analysis_network,fallback
transit:T12-2@1#722:80:81,transit,S_0026261,gtfs_shape_geometry_fallback,0.8194586138174107,0.8194586138174107,0.18095976882849987,17.353826911799615,segment_coverage,full_analysis_network,fallback
transit:T12-2@1#722:80:81,transit,S_0020929,gtfs_shape_geometry_fallback,1.0,1.0,0.37068569219880804,0.17644424238950762,both,full_analysis_network,fallback
transit:T12-2@1#722:80:81,transit,S_0020927,gtfs_shape_geometry_fallback,1.0,1.0,0.21076690010828678,0.7301131257103037,segment_coverage,full_analysis_network,fallback
transit:T12-2@1#722:80:81,transit,S_0012445,gtfs_shape_geometry_fallback,0.5587006558328913,0.5587006558328913,0.10270254575867746,0.9774549031084945,segment_coverage,full_analysis_network,fallback
transit:T12-2@1#722:80:81,transit,S_0002690,gtfs_shape_geometry_fallback,0.9547810999107927,0.9547810999107927,0.15745818825576682,29.6949539891296,segment_coverage,full_analysis_network,fallback
transit:T12-2@1#722:80:81,transit,S_0011988,gtfs_shape_geometry_fallback,1.0,1.0,0.20494345566034675,0.2532299243676164,segment_coverage,full_analysis_network,fallback
transit:T12-2@1#722:80:81,transit,S_0011989,gtfs_shape_geometry_fallback,0.9013924514050868,0.9013924514050868,0.14102424881603043,49.04494256269108,segment_coverage,full_analysis_network,fallback
transit:T12-2@1#722:80:81,transit,S_0020762,gtfs_shape_geometry_fallback,0.9068889430549362,0.9068889430549362,0.1738288968776574,20.87773181716541,segment_coverage,full_analysis_network,fallback
transit:T12-2@1#722:80:81,transit,S_0020759,gtfs_shape_geometry_fallback,1.0,1.0,0.20596781955350266,1.771975420337526,segment_coverage,full_analysis_network,fallback
transit:T1-1@1#745:43:44,transit,S_0011972,gtfs_shape_geometry_fallback,0.8357767815502433,0.8357767815502433,0.7941256656628145,0.3712952392627642,both,full_analysis_network,fallback
transit:T1-1@1#745:43:44,transit,S_0020705,gtfs_shape_geometry_fallback,0.5749247350391786,0.5749247350391786,0.24718833120517505,0.5336219785038452,segment_coverage,full_analysis_network,fallback
transit:2601-1@1#755:30:31,transit,S_0029164,gtfs_shape_geometry_fallback,0.4532043519974373,0.3053920894610516,0.4532043519974373,1.2459252609624514,shape_coverage,full_analysis_network,fallback
transit:2601-1@1#755:30:31,transit,S_0029165,gtfs_shape_geometry_fallback,1.0,1.0,0.1616527977999322,0.40091905241872894,segment_coverage,full_analysis_network,fallback
transit:2601-1@1#755:30:31,transit,S_0029159,gtfs_shape_geometry_fallback,0.7969980808744409,0.7969980808744409,0.6040187361246722,0.08007644172235473,both,full_analysis_network,fallback
transit:T3-2@1#758:23:24,transit,S_0056866,gtfs_shape_geometry_fallback,0.4309434811789756,0.3005479317854579,0.4309434811789756,18.46201088822947,shape_coverage,full_analysis_network,fallback
transit:T3-2@1#758:23:24,transit,S_0058258,gtfs_shape_geometry_fallback,0.8461464821581642,0.8461464821581642,0.4481805424424378,1.344947536414466,both,full_analysis_network,fallback
transit:T3-2@1#758:23:24,transit,S_0058831,gtfs_shape_geometry_fallback,0.5617676252564211,0.5617676252564211,0.49929841690730875,2.04158213750911,both,full_analysis_network,fallback
transit:T3-2@1#758:23:24,transit,S_0045566,gtfs_shape_geometry_fallback,0.5476655657113515,0.5476655657113515,0.4631359559552637,0.11635137073547241,both,full_analysis_network,fallback
transit:2701-2@1#810:9:10,transit,S_0010425,gtfs_shape_geometry_fallback,1.0,1.0,0.13484380838260224,1.6021008115738766,segment_coverage,full_analysis_network,fallback
transit:2701-2@1#810:9:10,transit,S_0001771,gtfs_shape_geometry_fallback,1.0,1.0,0.6362893091249184,1.5788343704585657,both,full_analysis_network,fallback
transit:2701-2@1#810:9:10,transit,S_0001770,gtfs_shape_geometry_fallback,1.0,1.0,0.3861489799867487,1.6367343531554042,both,full_analysis_network,fallback
transit:2701-2@1#810:9:10,transit,S_0010423,gtfs_shape_geometry_fallback,0.38241915249924785,0.36639238965870435,0.38241915249924785,0.15634404522469936,both,full_analysis_network,fallback
transit:3973-1@1#736:59:60,transit,S_0049786,gtfs_shape_geometry_fallback,1.0,1.0,0.10027289264997448,15.638724901267295,segment_coverage,full_analysis_network,fallback
transit:3973-1@1#736:59:60,transit,S_0049789,gtfs_shape_geometry_fallback,0.4281514701007465,0.4281514701007465,0.03320618792604005,20.120109091756234,segment_coverage,full_analysis_network,fallback
transit:T12-2@1#722:81:82,transit,S_0020927,gtfs_shape_geometry_fallback,0.7772902132728501,0.36066138255798075,0.7772902132728501,1.0307545433282854,both,full_analysis_network,fallback
transit:T12-2@1#722:81:82,transit,S_0012445,gtfs_shape_geometry_fallback,1.0,0.8389336678278612,1.0,1.0421194913703147,both,full_analysis_network,fallback
transit:T2A-1@1#801:22:23,transit,S_0019601,gtfs_shape_geometry_fallback,0.9371854486270833,0.9371854486270833,0.8572556956058272,0.9501034876917487,both,full_analysis_network,fallback
transit:T2A-1@1#801:22:23,transit,S_0020098,gtfs_shape_geometry_fallback,1.0,1.0,0.25330968833919,0.26137194993049206,segment_coverage,full_analysis_network,fallback
transit:T2A-1@1#801:22:23,transit,S_0051445,gtfs_shape_geometry_fallback,1.0,1.0,0.2656497654936143,0.25574987371972213,segment_coverage,full_analysis_network,fallback
transit:T1-1@1#745:44:45,transit,S_0020705,gtfs_shape_geometry_fallback,0.5657110727205176,0.5657110727205176,0.21285960619192634,0.11970934682523193,segment_coverage,full_analysis_network,fallback
transit:T1-1@1#745:44:45,transit,S_0020707,gtfs_shape_geometry_fallback,1.0,1.0,0.4212930366082184,0.013940990105623996,both,full_analysis_network,fallback
transit:T1-1@1#745:44:45,transit,S_0021157,gtfs_shape_geometry_fallback,0.3932701571117983,0.3932701571117983,0.20032094601085712,0.6074665907491976,segment_coverage,full_analysis_network,fallback
transit:T3-2@1#730:60:61,transit,S_0041619,gtfs_shape_geometry_fallback,0.545542955618159,0.545542955618159,0.13318160566039225,0.35914992473799146,segment_coverage,full_analysis_network,fallback
transit:T3-2@1#730:60:61,transit,S_0041579,gtfs_shape_geometry_fallback,1.0,1.0,0.2690337894386528,0.01163026087638741,segment_coverage,full_analysis_network,fallback
transit:T3-2@1#730:60:61,transit,S_0041578,gtfs_shape_geometry_fallback,1.0,1.0,0.42130152982682845,0.011360234476981645,both,full_analysis_network,fallback
transit:T3-2@1#730:60:61,transit,S_0041591,gtfs_shape_geometry_fallback,1.0,1.0,0.31868108176159454,0.03929245533856829,segment_coverage,full_analysis_network,fallback
transit:T3-2@1#730:60:61,transit,S_0035440,gtfs_shape_geometry_fallback,0.6366399638261193,0.6366399638261193,0.15615998271583184,0.26829154806323174,segment_coverage,full_analysis_network,fallback
transit:5203-1@1#811:6:7,transit,S_0055749,gtfs_shape_geometry_fallback,0.8510108953555565,0.8510108953555565,0.6667117167380971,32.337518941909565,both,full_analysis_network,fallback
transit:2601-1@1#755:31:32,transit,S_0034668,gtfs_shape_geometry_fallback,1.0,1.0,0.33768241067702187,0.05055738582669278,segment_coverage,full_analysis_network,fallback
transit:2601-1@1#755:31:32,transit,S_0029160,gtfs_shape_geometry_fallback,0.6101095087918161,0.6101095087918161,0.11749100897752097,39.131000986232294,segment_coverage,full_analysis_network,fallback
transit:2601-1@1#755:31:32,transit,S_0044919,gtfs_shape_geometry_fallback,0.746382100279677,0.746382100279677,0.21392279449148974,19.257285216726544,segment_coverage,full_analysis_network,fallback
transit:2701-2@1#810:10:11,transit,S_0021652,gtfs_shape_geometry_fallback,0.49985510945055817,0.49985510945055817,0.2809850583652924,45.30563343091262,segment_coverage,full_analysis_network,fallback
transit:2701-2@1#810:10:11,transit,S_0021643,gtfs_shape_geometry_fallback,1.0,1.0,0.18083733196568036,3.754553037875098,segment_coverage,full_analysis_network,fallback
transit:2701-2@1#810:10:11,transit,S_0021644,gtfs_shape_geometry_fallback,1.0,1.0,0.14972710323047103,28.512077610214405,segment_coverage,full_analysis_network,fallback
transit:2701-2@1#810:10:11,transit,S_0021650,gtfs_shape_geometry_fallback,1.0,1.0,0.43855833424535273,1.2210296940263277,both,full_analysis_network,fallback
transit:2701-2@1#810:10:11,transit,S_0022146,gtfs_shape_geometry_fallback,0.5062576463929495,0.5062576463929495,0.18116477944769868,2.783419262240173,segment_coverage,full_analysis_network,fallback
transit:2701-2@1#810:10:11,transit,S_0021651,gtfs_shape_geometry_fallback,1.0,1.0,0.3521775986505063,7.312315146688476,both,full_analysis_network,fallback
transit:2701-2@1#810:10:11,transit,S_0021640,gtfs_shape_geometry_fallback,0.6581115080848654,0.6581115080848654,0.23249423542353032,5.3606290059572075,segment_coverage,full_analysis_network,fallback
transit:2701-2@1#810:10:11,transit,S_0022145,gtfs_shape_geometry_fallback,1.0,1.0,0.23329899897102963,0.9724958614668395,segment_coverage,full_analysis_network,fallback
transit:2701-2@1#810:10:11,transit,S_0010424,gtfs_shape_geometry_fallback,0.9259948867999597,0.9259948867999597,0.15348397285519103,20.56507091163742,segment_coverage,full_analysis_network,fallback
transit:2701-2@1#810:10:11,transit,S_0010425,gtfs_shape_geometry_fallback,1.0,1.0,0.09056176722914766,1.1264463092133923,segment_coverage,full_analysis_network,fallback
transit:T11-2@1#737:48:49,transit,S_0051210,gtfs_shape_geometry_fallback,0.7091167082478785,0.7091167082478785,0.14365928064163055,56.89524766789381,segment_coverage,full_analysis_network,fallback
transit:3973-1@1#736:60:61,transit,S_0049786,gtfs_shape_geometry_fallback,1.0,1.0,0.2551502340155096,15.638724902595527,segment_coverage,full_analysis_network,fallback
transit:3973-1@1#736:60:61,transit,S_0049789,gtfs_shape_geometry_fallback,1.0,1.0,0.47217474540147547,20.180272563263458,both,full_analysis_network,fallback
transit:3973-1@1#736:60:61,transit,S_0009433,gtfs_shape_geometry_fallback,1.0,1.0,0.6470269503577145,3.7640462356742717,both,full_analysis_network,fallback
transit:3973-1@1#736:60:61,transit,S_0009434,gtfs_shape_geometry_fallback,1.0,1.0,0.7224369320097983,3.764046235673902,both,full_analysis_network,fallback
transit:T2A-1@1#801:23:24,transit,S_0019601,gtfs_shape_geometry_fallback,1.0,0.21777435527186165,1.0,1.299337513248517,shape_coverage,full_analysis_network,fallback
transit:T7-2@1#806:12:13,transit,S_0008136,gtfs_shape_geometry_fallback,1.0,0.7662025407261303,1.0,3.5237369402882948,both,full_analysis_network,fallback
transit:T7-2@1#806:12:13,transit,S_0008139,gtfs_shape_geometry_fallback,1.0,0.9743718912278552,1.0,3.5699725346825844,both,full_analysis_network,fallback
transit:T7-2@1#806:12:13,transit,S_0008141,gtfs_shape_geometry_fallback,0.46530786286497394,0.46530786286497394,0.4010583832661576,1.175173267849317,both,full_analysis_network,fallback
transit:T7-2@1#806:12:13,transit,S_0008131,gtfs_shape_geometry_fallback,1.0,0.5687563692829141,1.0,1.094332023417202,both,full_analysis_network,fallback
transit:T7-2@1#806:12:13,transit,S_0008134,gtfs_shape_geometry_fallback,1.0,0.9592404692590633,1.0,2.036825955515063,both,full_analysis_network,fallback
transit:T3-1@1#744:42:43,transit,S_0058343,gtfs_shape_geometry_fallback,0.4238363691346312,0.4238363691346312,0.29933193704159056,30.707523730821805,segment_coverage,full_analysis_network,fallback
transit:T3-1@1#744:42:43,transit,S_0058287,gtfs_shape_geometry_fallback,0.5060179536363243,0.5060179536363243,0.19891086992226314,6.957175270470344,segment_coverage,full_analysis_network,fallback
transit:T3-1@1#744:42:43,transit,S_0056389,gtfs_shape_geometry_fallback,0.4582719926216538,0.4582719926216538,0.1989616731277132,27.85693210980247,segment_coverage,full_analysis_network,fallback
transit:621-1@1#750:40:41,transit,S_0055749,gtfs_shape_geometry_fallback,0.8510108953555565,0.8510108953555565,0.6667117167380971,32.337518941909565,both,full_analysis_network,fallback
transit:A952-1@1#756:33:34,transit,S_0037757,gtfs_shape_geometry_fallback,0.5787833778373026,0.5787833778373026,0.19800519930187932,35.12528675581998,segment_coverage,full_analysis_network,fallback
transit:A952-1@1#756:33:34,transit,S_0037756,gtfs_shape_geometry_fallback,1.0,1.0,0.23608118027197708,53.0573006892523,segment_coverage,full_analysis_network,fallback
transit:A952-1@1#756:33:34,transit,S_0033124,gtfs_shape_geometry_fallback,1.0,1.0,0.23099195181514337,52.627531201969845,segment_coverage,full_analysis_network,fallback
transit:A952-1@1#756:33:34,transit,S_0033122,gtfs_shape_geometry_fallback,1.0,1.0,0.45010818150281906,18.65602492986892,both,full_analysis_network,fallback
transit:T3-2@1#758:25:26,transit,S_0058830,gtfs_shape_geometry_fallback,0.6820640157115117,0.44695097677548185,0.6820640157115117,0.2363753035292646,both,full_analysis_network,fallback
transit:T3-2@1#758:25:26,transit,S_0057525,gtfs_shape_geometry_fallback,0.5963878896069791,0.3943226047736479,0.5963878896069791,0.22263252572788872,both,full_analysis_network,fallback
transit:T3-2@1#758:25:26,transit,S_0057528,gtfs_shape_geometry_fallback,0.6741683337055252,0.6523207235106396,0.6741683337055252,0.3430690073037681,both,full_analysis_network,fallback
transit:T3-2@1#758:25:26,transit,S_0056865,gtfs_shape_geometry_fallback,0.7663747337633389,0.5579498362247679,0.7663747337633389,0.6668348560485526,both,full_analysis_network,fallback
transit:3973-1@1#736:61:62,transit,S_0009421,gtfs_shape_geometry_fallback,1.0,1.0,0.5704719800508666,11.501058518180344,both,full_analysis_network,fallback
transit:3973-1@1#736:61:62,transit,S_0009414,gtfs_shape_geometry_fallback,1.0,1.0,0.6223739181575144,11.764518090014661,both,full_analysis_network,fallback
transit:3973-1@1#736:61:62,transit,S_0009415,gtfs_shape_geometry_fallback,1.0,1.0,0.6659054584476923,3.631440918521843,both,full_analysis_network,fallback
transit:T12-2@1#722:83:84,transit,S_0008290,gtfs_shape_geometry_fallback,1.0,1.0,0.0153782397685507,56.9800949468335,segment_coverage,full_analysis_network,fallback
transit:T12-2@1#722:83:84,transit,S_0008282,gtfs_shape_geometry_fallback,1.0,1.0,0.04975819477552691,3.987896962698777,segment_coverage,full_analysis_network,fallback
transit:T12-2@1#722:83:84,transit,S_0008275,gtfs_shape_geometry_fallback,1.0,1.0,0.10824566721494812,49.968635011368015,segment_coverage,full_analysis_network,fallback
transit:T12-2@1#722:83:84,transit,S_0008274,gtfs_shape_geometry_fallback,0.9990180407545804,0.9990180407545804,0.1264070533932484,44.50245794507269,segment_coverage,full_analysis_network,fallback
transit:T12-2@1#722:83:84,transit,S_0008269,gtfs_shape_geometry_fallback,1.0,1.0,0.15966189685309065,1.13305260409129,segment_coverage,full_analysis_network,fallback
transit:T12-2@1#722:83:84,transit,S_0008270,gtfs_shape_geometry_fallback,1.0,1.0,0.15955400829989072,49.47104657047789,segment_coverage,full_analysis_network,fallback
transit:T12-2@1#722:83:84,transit,S_0008265,gtfs_shape_geometry_fallback,1.0,1.0,0.12158111701180171,45.41136529750851,segment_coverage,full_analysis_network,fallback
transit:T12-2@1#722:83:84,transit,S_0057191,gtfs_shape_geometry_fallback,1.0,1.0,0.10386115741540212,13.812989556844308,segment_coverage,full_analysis_network,fallback
transit:T12-2@1#722:83:84,transit,S_0008255,gtfs_shape_geometry_fallback,1.0,1.0,0.27975115781559623,23.295622023267953,segment_coverage,full_analysis_network,fallback
transit:T12-2@1#722:83:84,transit,S_0008254,gtfs_shape_geometry_fallback,0.6354762006916033,0.6354762006916033,0.14630831425821386,8.146061194733903,segment_coverage,full_analysis_network,fallback
transit:T12-2@1#722:83:84,transit,S_0057190,gtfs_shape_geometry_fallback,1.0,1.0,0.037010319876119226,10.702175455675984,segment_coverage,full_analysis_network,fallback
transit:T2A-1@1#801:24:25,transit,S_0054589,gtfs_shape_geometry_fallback,0.9430056865814521,0.9430056865814521,0.37437561954801574,0.9023680706228987,both,full_analysis_network,fallback
transit:T2A-1@1#801:24:25,transit,S_0030967,gtfs_shape_geometry_fallback,1.0,1.0,0.3474164766068283,1.0178076122335824,segment_coverage,full_analysis_network,fallback
transit:T2A-1@1#801:24:25,transit,S_0027334,gtfs_shape_geometry_fallback,1.0,1.0,0.19537712712803015,1.108368210370486,segment_coverage,full_analysis_network,fallback
transit:T2A-1@1#801:24:25,transit,S_0019602,gtfs_shape_geometry_fallback,1.0,1.0,0.27992395615805427,0.4221400413116214,segment_coverage,full_analysis_network,fallback
transit:5203-2@1#816:2:3,transit,S_0041269,gtfs_shape_geometry_fallback,0.8914189978899468,0.8914189978899468,0.34026209539161084,2.972902785334483,segment_coverage,full_analysis_network,fallback
transit:5203-2@1#816:2:3,transit,S_0041268,gtfs_shape_geometry_fallback,0.5783263661984587,0.5783263661984587,0.27057229301265096,0.8668470960229655,segment_coverage,full_analysis_network,fallback
transit:T7-2@1#806:13:14,transit,S_0008136,gtfs_shape_geometry_fallback,0.7306068211655837,0.5331852747277387,0.7306068211655837,3.330703180510902,both,full_analysis_network,fallback
transit:T7-2@1#806:13:14,transit,S_0008139,gtfs_shape_geometry_fallback,0.5957730273367712,0.5315823996980945,0.5957730273367712,3.3644326639777162,both,full_analysis_network,fallback
transit:T7-2@1#806:13:14,transit,S_0008131,gtfs_shape_geometry_fallback,0.4369821566775615,0.22391022656065993,0.4369821566775615,1.3442318088160832,shape_coverage,full_analysis_network,fallback
transit:T7-2@1#806:13:14,transit,S_0008134,gtfs_shape_geometry_fallback,0.5748949132236207,0.5202961816837879,0.5748949132236207,1.8274006583087257,both,full_analysis_network,fallback
transit:T7-2@1#806:13:14,transit,S_0008135,gtfs_shape_geometry_fallback,1.0,1.0,0.7025649647142389,36.25158585486618,both,full_analysis_network,fallback
transit:T3-2@1#758:26:27,transit,S_0057528,gtfs_shape_geometry_fallback,0.6093765301068678,0.6093765301068678,0.29206537755186196,0.343069007833698,segment_coverage,full_analysis_network,fallback
transit:T3-2@1#758:26:27,transit,S_0056865,gtfs_shape_geometry_fallback,0.7682343075833122,0.7682343075833122,0.4998127940594631,0.6668348557523416,both,full_analysis_network,fallback
transit:T3-2@1#758:26:27,transit,S_0016551,gtfs_shape_geometry_fallback,0.8215906793240081,0.8215906793240081,0.14159468904639663,9.957998383126288,segment_coverage,full_analysis_network,fallback
transit:T3-2@1#758:26:27,transit,S_0057529,gtfs_shape_geometry_fallback,1.0,1.0,0.27501417870526385,0.540171732174322,segment_coverage,full_analysis_network,fallback
transit:T3-2@1#758:26:27,transit,S_0058336,gtfs_shape_geometry_fallback,1.0,1.0,0.26806088158701885,4.242174903269564,segment_coverage,full_analysis_network,fallback
transit:T3-2@1#758:26:27,transit,S_0057531,gtfs_shape_geometry_fallback,0.6611687585199659,0.44406667453537974,0.6611687585199659,7.356217255474185,both,full_analysis_network,fallback
transit:5203-2@1#816:3:4,transit,S_0041271,gtfs_shape_geometry_fallback,0.9656376102798969,0.7954201578406045,0.9656376102798969,0.39863104946715566,both,full_analysis_network,fallback
transit:5203-2@1#816:3:4,transit,S_0041269,gtfs_shape_geometry_fallback,0.42616413274435666,0.33091702622034136,0.42616413274435666,2.972902785423088,shape_coverage,full_analysis_network,fallback
transit:5203-2@1#816:3:4,transit,S_0041268,gtfs_shape_geometry_fallback,0.40486158687177287,0.09081963790410794,0.40486158687177287,0.8668470959343608,shape_coverage,full_analysis_network,fallback
transit:B02-1@1#730:71:72,transit,S_0002186,gtfs_shape_geometry_fallback,1.0,1.0,0.31010910827196525,4.023151491943338,segment_coverage,full_analysis_network,fallback
transit:3973-1@1#736:63:64,transit,S_0048495,gtfs_shape_geometry_fallback,0.7449301379649054,0.7449301379649054,0.39295211412401043,56.45968127820365,both,full_analysis_network,fallback
transit:3973-1@1#736:63:64,transit,S_0048496,gtfs_shape_geometry_fallback,1.0,1.0,0.3272077736443003,0.027357746687915352,segment_coverage,full_analysis_network,fallback
transit:3973-1@1#736:63:64,transit,S_0048494,gtfs_shape_geometry_fallback,0.42420295351036735,0.42420295351036735,0.24289682550382516,14.047174889752284,segment_coverage,full_analysis_network,fallback
transit:3973-1@1#736:63:64,transit,S_0048497,gtfs_shape_geometry_fallback,0.7829150749191167,0.740987496968706,0.7829150749191167,0.4237448546828766,both,full_analysis_network,fallback
transit:494-2@1#737:45:46,transit,S_0026874,gtfs_shape_geometry_fallback,0.48741992531757417,0.48741992531757417,0.10620592195147718,6.436709503555477,segment_coverage,full_analysis_network,fallback
transit:494-2@1#737:45:46,transit,S_0026898,gtfs_shape_geometry_fallback,0.5140132194674544,0.5140132194674544,0.09383349256988757,1.1530420451541374,segment_coverage,full_analysis_network,fallback
transit:T12-2@1#722:85:86,transit,S_0051210,gtfs_shape_geometry_fallback,0.7091167082478785,0.7091167082478785,0.14365928064163055,56.89524766789381,segment_coverage,full_analysis_network,fallback
transit:2672-1@1#732:68:69,transit,S_0018995,gtfs_shape_geometry_fallback,0.38468228785053105,0.38468228785053105,0.054751772435202406,12.659475998062291,segment_coverage,full_analysis_network,fallback
transit:2672-1@1#732:68:69,transit,S_0000986,gtfs_shape_geometry_fallback,0.6089205007601995,0.6089205007601995,0.04327669563318348,3.5480982429088783,segment_coverage,full_analysis_network,fallback
transit:T11-1@1#735:59:60,transit,S_0055868,gtfs_shape_geometry_fallback,0.7952483036724621,0.7952483036724621,0.4825037800047821,41.94714420456745,both,full_analysis_network,fallback
transit:T11-1@1#735:59:60,transit,S_0054856,gtfs_shape_geometry_fallback,1.0,1.0,0.35683195929247796,3.9800932988793534,both,full_analysis_network,fallback
transit:T11-2@1#737:51:52,transit,S_0021809,gtfs_shape_geometry_fallback,0.4176349261538,0.378766682519153,0.4176349261538,2.5482187127929024,both,full_analysis_network,fallback
transit:211-1@1#720:74:75,transit,S_0047172,gtfs_shape_geometry_fallback,0.6836855252947811,0.6836855252947811,0.08596781151427309,42.813185140146416,segment_coverage,full_analysis_network,fallback
transit:T4-2@1#723:58:59,transit,S_0036687,gtfs_shape_geometry_fallback,0.4121897122023395,0.31958166649642006,0.4121897122023395,19.34744327103509,shape_coverage,full_analysis_network,fallback
transit:T6-2@1#753:30:31,transit,S_0055121,gtfs_shape_geometry_fallback,0.7174794294845686,0.7174794294845686,0.42223401961508694,36.254674293443465,both,full_analysis_network,fallback
transit:T6-2@1#753:30:31,transit,S_0028384,gtfs_shape_geometry_fallback,0.3922809556570376,0.3194533086827603,0.3922809556570376,39.490318428301514,shape_coverage,full_analysis_network,fallback
transit:T6-2@1#753:30:31,transit,S_0020539,gtfs_shape_geometry_fallback,0.41092824780803733,0.41092824780803733,0.17601315499371412,30.60573448120182,segment_coverage,full_analysis_network,fallback
transit:T6-2@1#753:30:31,transit,S_0020536,gtfs_shape_geometry_fallback,0.3731432742399398,0.3731432742399398,0.16239053354741967,30.21828782216327,segment_coverage,full_analysis_network,fallback
transit:T4-1@1#804:20:21,transit,S_0020268,gtfs_shape_geometry_fallback,0.4991852956226024,0.4991852956226024,0.1278640086566713,17.225010109072443,segment_coverage,full_analysis_network,fallback
transit:189-2@1#800:26:27,transit,S_0007497,gtfs_shape_geometry_fallback,0.4421314586706533,0.4421314586706533,0.1216030457984324,43.80968986834522,segment_coverage,full_analysis_network,fallback
transit:189-2@1#800:26:27,transit,S_0039045,gtfs_shape_geometry_fallback,0.7336015367160834,0.7336015367160834,0.1311461605960653,9.341331331546002,segment_coverage,full_analysis_network,fallback
transit:189-2@1#800:26:27,transit,S_0036945,gtfs_shape_geometry_fallback,0.9518405172989972,0.9518405172989972,0.15807263627721144,22.201373102533935,segment_coverage,full_analysis_network,fallback
transit:189-2@1#800:26:27,transit,S_0058777,gtfs_shape_geometry_fallback,1.0,1.0,0.06825409345582913,13.45078643936364,segment_coverage,full_analysis_network,fallback
transit:189-2@1#800:26:27,transit,S_0056945,gtfs_shape_geometry_fallback,1.0,1.0,0.04596016195106141,13.434310940378026,segment_coverage,full_analysis_network,fallback
transit:T10-1@1#803:13:14,transit,S_0048916,gtfs_shape_geometry_fallback,1.0,1.0,0.33722854556173,11.041534072137495,segment_coverage,full_analysis_network,fallback
transit:T3-1@1#744:45:46,transit,S_0058830,gtfs_shape_geometry_fallback,0.7291342220384482,0.7291342220384482,0.3295840723017729,0.1652262844272201,segment_coverage,full_analysis_network,fallback
transit:T3-1@1#744:45:46,transit,S_0057525,gtfs_shape_geometry_fallback,0.6742835396799031,0.6742835396799031,0.3042348505775817,0.62363356494253,segment_coverage,full_analysis_network,fallback
transit:T3-1@1#744:45:46,transit,S_0057528,gtfs_shape_geometry_fallback,1.0,1.0,0.38106090349634997,0.34306900767289505,both,full_analysis_network,fallback
transit:T3-1@1#744:45:46,transit,S_0056865,gtfs_shape_geometry_fallback,1.0,1.0,0.5375101280288601,0.666834855780543,both,full_analysis_network,fallback
transit:T3-1@1#744:45:46,transit,S_0016551,gtfs_shape_geometry_fallback,0.821590679269679,0.821590679269679,0.08803712304324372,9.957998383922245,segment_coverage,full_analysis_network,fallback
transit:T3-1@1#744:45:46,transit,S_0057529,gtfs_shape_geometry_fallback,1.0,1.0,0.1709912797800554,0.540171732876324,segment_coverage,full_analysis_network,fallback
transit:T3-1@1#744:45:46,transit,S_0058336,gtfs_shape_geometry_fallback,1.0,1.0,0.166668036598794,4.2421749032695715,segment_coverage,full_analysis_network,fallback
transit:T3-1@1#744:45:46,transit,S_0057531,gtfs_shape_geometry_fallback,0.44274597263157267,0.44274597263157267,0.40028010733017344,7.356217255284825,both,full_analysis_network,fallback
transit:B02-1@1#730:72:73,transit,S_0051891,gtfs_shape_geometry_fallback,0.6297635524307976,0.6297635524307976,0.12608480744904826,0.36380459307409296,segment_coverage,full_analysis_network,fallback
transit:397-1@1#731:80:81,transit,S_0031000,gtfs_shape_geometry_fallback,0.5358572731617698,0.5358572731617698,0.06415786879259655,37.8480827568296,segment_coverage,full_analysis_network,fallback
transit:397-1@1#731:80:81,transit,S_0018549,gtfs_shape_geometry_fallback,0.6726104339536229,0.6726104339536229,0.06394847032528894,48.54582896740423,segment_coverage,full_analysis_network,fallback
transit:397-1@1#731:80:81,transit,S_0003290,gtfs_shape_geometry_fallback,0.4545809083817134,0.4545809083817134,0.12347465869650481,49.52865702832615,segment_coverage,full_analysis_network,fallback
transit:397-1@1#731:80:81,transit,S_0003273,gtfs_shape_geometry_fallback,0.5405720974040646,0.5405720974040646,0.41998440886042226,46.97949016137706,both,full_analysis_network,fallback
transit:397-1@1#731:80:81,transit,S_0003254,gtfs_shape_geometry_fallback,1.0,1.0,0.534736445276074,54.40043554771144,both,full_analysis_network,fallback
transit:397-1@1#731:80:81,transit,S_0003245,gtfs_shape_geometry_fallback,1.0,1.0,0.379643365944316,42.28801988888307,both,full_analysis_network,fallback
transit:3973-1@1#736:64:65,transit,S_0017245,gtfs_shape_geometry_fallback,0.7385400417926492,0.7385400417926492,0.15679828208707353,0.5248655210652089,segment_coverage,full_analysis_network,fallback
transit:3973-1@1#736:64:65,transit,S_0048275,gtfs_shape_geometry_fallback,1.0,1.0,0.25152994365244047,0.25824532285287205,segment_coverage,full_analysis_network,fallback
transit:3973-1@1#736:64:65,transit,S_0040840,gtfs_shape_geometry_fallback,1.0,1.0,0.19870497445660035,0.24026087667166962,segment_coverage,full_analysis_network,fallback
transit:3973-1@1#736:64:65,transit,S_0056270,gtfs_shape_geometry_fallback,0.8123273547784,0.8123273547784,0.1814870964297919,30.32753717693143,segment_coverage,full_analysis_network,fallback
transit:3973-1@1#736:64:65,transit,S_0017244,gtfs_shape_geometry_fallback,0.9943585827001132,0.9943585827001132,0.1621464636143618,59.839698869956806,segment_coverage,full_analysis_network,fallback
transit:2672-1@1#732:69:70,transit,S_0002413,gtfs_shape_geometry_fallback,0.5177829861626239,0.5177829861626239,0.08405775587865781,52.15242596684419,segment_coverage,full_analysis_network,fallback
transit:2672-1@1#732:69:70,transit,S_0055489,gtfs_shape_geometry_fallback,1.0,1.0,0.18311903940986957,35.21057067672703,segment_coverage,full_analysis_network,fallback
transit:2672-1@1#732:69:70,transit,S_0000986,gtfs_shape_geometry_fallback,1.0,1.0,0.16510487369689258,3.0941592209708944,segment_coverage,full_analysis_network,fallback
transit:2672-1@1#732:69:70,transit,S_0000990,gtfs_shape_geometry_fallback,0.6154904813522211,0.6154904813522211,0.11486933141119317,34.24503190840443,segment_coverage,full_analysis_network,fallback
transit:2672-1@1#732:69:70,transit,S_0000987,gtfs_shape_geometry_fallback,1.0,1.0,0.12167522582776409,20.536834982215296,segment_coverage,full_analysis_network,fallback
transit:2672-1@1#732:69:70,transit,S_0019022,gtfs_shape_geometry_fallback,0.7138333760800385,0.7138333760800385,0.27957165743289647,53.96210636261014,segment_coverage,full_analysis_network,fallback
transit:398-1@1#741:52:53,transit,S_0031279,gtfs_shape_geometry_fallback,1.0,1.0,0.23709228097350848,3.312381939217971,segment_coverage,full_analysis_network,fallback
transit:398-1@1#741:52:53,transit,S_0055970,gtfs_shape_geometry_fallback,1.0,1.0,0.504699949325158,21.229558274703876,both,full_analysis_network,fallback
transit:398-1@1#741:52:53,transit,S_0034629,gtfs_shape_geometry_fallback,0.7466801436439054,0.7466801436439054,0.16835028242046338,49.88021690717521,segment_coverage,full_analysis_network,fallback
transit:T4-1@1#804:21:22,transit,S_0036687,gtfs_shape_geometry_fallback,0.7727601705617029,0.5255667955439788,0.7727601705617029,6.120861686977349,both,full_analysis_network,fallback
transit:T11-2@1#737:52:53,transit,S_0021809,gtfs_shape_geometry_fallback,1.0,0.7362430929474769,1.0,2.5482187136126697,both,full_analysis_network,fallback
transit:189-2@1#800:27:28,transit,S_0047294,gtfs_shape_geometry_fallback,0.7867538707987106,0.7867538707987106,0.24223704692535025,0.31458407366447716,segment_coverage,full_analysis_network,fallback
transit:189-2@1#800:27:28,transit,S_0043080,gtfs_shape_geometry_fallback,1.0,1.0,0.33926932201221716,0.2217751379314592,segment_coverage,full_analysis_network,fallback
transit:189-2@1#800:27:28,transit,S_0043079,gtfs_shape_geometry_fallback,0.9585750369432408,0.9585750369432408,0.5771467353461758,0.08399430334192459,both,full_analysis_network,fallback
transit:B02-1@1#730:73:74,transit,S_0054282,gtfs_shape_geometry_fallback,1.0,1.0,0.2915480194889923,17.206416080128804,segment_coverage,full_analysis_network,fallback
transit:B02-1@1#730:73:74,transit,S_0058813,gtfs_shape_geometry_fallback,1.0,1.0,0.14116675831719463,9.754432424148263,segment_coverage,full_analysis_network,fallback
transit:B02-1@1#730:73:74,transit,S_0051887,gtfs_shape_geometry_fallback,0.8102447231238984,0.8102447231238984,0.15877028909530488,3.075733736608754,segment_coverage,full_analysis_network,fallback
transit:B02-1@1#730:73:74,transit,S_0051886,gtfs_shape_geometry_fallback,1.0,1.0,0.046992966530274544,4.574252892503694,segment_coverage,full_analysis_network,fallback
transit:B02-1@1#730:73:74,transit,S_0047590,gtfs_shape_geometry_fallback,1.0,1.0,0.15929295011864278,15.096255924293416,segment_coverage,full_analysis_network,fallback
transit:B02-1@1#730:73:74,transit,S_0043279,gtfs_shape_geometry_fallback,0.8395057010331067,0.8395057010331067,0.1793664673709583,58.76250440730166,segment_coverage,full_analysis_network,fallback
transit:B02-1@1#730:73:74,transit,S_0054287,gtfs_shape_geometry_fallback,1.0,1.0,0.12968485368105834,12.31073758741357,segment_coverage,full_analysis_network,fallback
transit:B02-1@1#730:73:74,transit,S_0054286,gtfs_shape_geometry_fallback,1.0,1.0,0.15119638840857363,12.96063285013662,segment_coverage,full_analysis_network,fallback
transit:B02-1@1#730:73:74,transit,S_0047593,gtfs_shape_geometry_fallback,1.0,1.0,0.11299822992188585,17.053145237469124,segment_coverage,full_analysis_network,fallback
transit:B02-1@1#730:73:74,transit,S_0054285,gtfs_shape_geometry_fallback,1.0,1.0,0.1545711994693467,14.603561479578104,segment_coverage,full_analysis_network,fallback
transit:B02-1@1#730:73:74,transit,S_0054283,gtfs_shape_geometry_fallback,1.0,1.0,0.15611166259840015,16.186968356319028,segment_coverage,full_analysis_network,fallback
transit:B02-1@1#730:73:74,transit,S_0047591,gtfs_shape_geometry_fallback,0.42790529069273664,0.42790529069273664,0.05713051919869202,52.215776058672944,segment_coverage,full_analysis_network,fallback
transit:B02-1@1#730:73:74,transit,S_0051891,gtfs_shape_geometry_fallback,0.6571536377641881,0.6571536377641881,0.10081814200738966,0.5286321181312985,segment_coverage,full_analysis_network,fallback
transit:5203-1@1#811:10:11,transit,S_0048826,gtfs_shape_geometry_fallback,0.9432409295935121,0.9432409295935121,0.055611804670530694,18.31686556048348,segment_coverage,full_analysis_network,fallback
transit:3973-1@1#736:65:66,transit,S_0055968,gtfs_shape_geometry_fallback,0.7170297358940207,0.7170297358940207,0.187355791766246,4.811359518003011,segment_coverage,full_analysis_network,fallback
transit:289-2@1#725:77:78,transit,S_0050689,gtfs_shape_geometry_fallback,0.6303874566923001,0.6303874566923001,0.5843866119086688,37.46318706808422,both,full_analysis_network,fallback
transit:289-2@1#725:77:78,transit,S_0004837,gtfs_shape_geometry_fallback,0.571693439700972,0.571693439700972,0.2506247174903546,30.34075436859799,segment_coverage,full_analysis_network,fallback
transit:289-2@1#725:77:78,transit,S_0004871,gtfs_shape_geometry_fallback,0.5917778605743195,0.5917778605743195,0.2753564194857296,29.924195575861575,segment_coverage,full_analysis_network,fallback
transit:2672-1@1#732:70:71,transit,S_0045085,gtfs_shape_geometry_fallback,0.5249995651413173,0.5249995651413173,0.05781460770119572,3.321451283370351,segment_coverage,full_analysis_network,fallback
transit:2672-1@1#732:70:71,transit,S_0045096,gtfs_shape_geometry_fallback,1.0,1.0,0.18285253803341958,50.684266281393974,segment_coverage,full_analysis_network,fallback
transit:2672-1@1#732:70:71,transit,S_0045095,gtfs_shape_geometry_fallback,1.0,1.0,0.16360963508035434,50.36758148261424,segment_coverage,full_analysis_network,fallback
transit:2672-1@1#732:70:71,transit,S_0045078,gtfs_shape_geometry_fallback,0.5130801895802558,0.5130801895802558,0.17152130292130296,51.64224700898026,segment_coverage,full_analysis_network,fallback
transit:2672-1@1#732:70:71,transit,S_0045093,gtfs_shape_geometry_fallback,1.0,1.0,0.1421433685828779,35.78414342216317,segment_coverage,full_analysis_network,fallback
transit:2672-1@1#732:70:71,transit,S_0045094,gtfs_shape_geometry_fallback,1.0,1.0,0.17984023546444441,27.500873619126054,segment_coverage,full_analysis_network,fallback
transit:2672-1@1#732:70:71,transit,S_0002411,gtfs_shape_geometry_fallback,1.0,1.0,0.1726148844664491,50.8750433144355,segment_coverage,full_analysis_network,fallback
transit:2672-1@1#732:70:71,transit,S_0002409,gtfs_shape_geometry_fallback,0.8155819523954765,0.8155819523954765,0.19111509813857844,38.60394532927968,segment_coverage,full_analysis_network,fallback
transit:2672-1@1#732:70:71,transit,S_0002408,gtfs_shape_geometry_fallback,0.8166403688203678,0.8166403688203678,0.17056240895340383,52.88763554388481,segment_coverage,full_analysis_network,fallback
transit:268-1@1#730:72:73,transit,S_0006836,gtfs_shape_geometry_fallback,0.35289024923219103,0.35289024923219103,0.20969189308453107,50.410756505262555,segment_coverage,full_analysis_network,fallback
transit:268-1@1#730:72:73,transit,S_0038615,gtfs_shape_geometry_fallback,1.0,1.0,0.12606499185739672,52.812193290508574,segment_coverage,full_analysis_network,fallback
transit:268-1@1#730:72:73,transit,S_0039061,gtfs_shape_geometry_fallback,1.0,1.0,0.12483767406508717,57.82289215313728,segment_coverage,full_analysis_network,fallback
transit:268-1@1#730:72:73,transit,S_0051179,gtfs_shape_geometry_fallback,1.0,1.0,0.19545151932410743,12.500990687379328,segment_coverage,full_analysis_network,fallback
transit:268-1@1#730:72:73,transit,S_0051180,gtfs_shape_geometry_fallback,1.0,1.0,0.1775460600420229,59.70638596294144,segment_coverage,full_analysis_network,fallback
transit:268-1@1#730:72:73,transit,S_0048453,gtfs_shape_geometry_fallback,0.5295034655656604,0.5295034655656604,0.13683170524155452,57.71026321255561,segment_coverage,full_analysis_network,fallback
transit:268-1@1#730:72:73,transit,S_0053021,gtfs_shape_geometry_fallback,0.4609342637481524,0.4609342637481524,0.21666204462655167,56.55732805087554,segment_coverage,full_analysis_network,fallback
transit:T6-1@1#753:30:31,transit,S_0055121,gtfs_shape_geometry_fallback,0.7174794294845686,0.7174794294845686,0.34396694558321295,35.43899437450236,segment_coverage,full_analysis_network,fallback
transit:T6-1@1#753:30:31,transit,S_0028383,gtfs_shape_geometry_fallback,0.4989337828794387,0.4989337828794387,0.1616159306704657,0.51260319786536,segment_coverage,full_analysis_network,fallback
transit:T6-1@1#753:30:31,transit,S_0020536,gtfs_shape_geometry_fallback,0.5710808752963856,0.5710808752963856,0.4059985859971742,27.768353625115324,both,full_analysis_network,fallback
transit:T10-1@1#803:15:16,transit,S_0047711,gtfs_shape_geometry_fallback,1.0,1.0,0.3385457471262994,18.245176414623103,segment_coverage,full_analysis_network,fallback
transit:T10-1@1#803:15:16,transit,S_0047720,gtfs_shape_geometry_fallback,1.0,1.0,0.20706214322300917,22.79385008671315,segment_coverage,full_analysis_network,fallback
transit:T7-2@1#806:16:17,transit,S_0031000,gtfs_shape_geometry_fallback,0.5358572731617698,0.5358572731617698,0.05122802187730645,37.8480827568296,segment_coverage,full_analysis_network,fallback
transit:T7-2@1#806:16:17,transit,S_0018549,gtfs_shape_geometry_fallback,0.6726104339536229,0.6726104339536229,0.05106082384741262,48.54582896740423,segment_coverage,full_analysis_network,fallback
transit:T7-2@1#806:16:17,transit,S_0003290,gtfs_shape_geometry_fallback,0.4545809083817134,0.4545809083817134,0.09859059591654337,49.52865702832615,segment_coverage,full_analysis_network,fallback
transit:T7-2@1#806:16:17,transit,S_0003273,gtfs_shape_geometry_fallback,0.7326479415085104,0.7326479415085104,0.43878612069521045,46.97949016137706,both,full_analysis_network,fallback
transit:T7-2@1#806:16:17,transit,S_0003254,gtfs_shape_geometry_fallback,1.0,1.0,0.6285018188936319,53.88101643401252,both,full_analysis_network,fallback
transit:T7-2@1#806:16:17,transit,S_0003253,gtfs_shape_geometry_fallback,0.7965593687958087,0.7965593687958087,0.47300150750448616,22.468913930039967,both,full_analysis_network,fallback
transit:T7-2@1#806:16:17,transit,S_0003269,gtfs_shape_geometry_fallback,1.0,1.0,0.10351601475532415,30.522003409617582,segment_coverage,full_analysis_network,fallback
transit:T7-2@1#806:16:17,transit,S_0003270,gtfs_shape_geometry_fallback,1.0,1.0,0.06117655844428559,43.75874065066094,segment_coverage,full_analysis_network,fallback
transit:T7-2@1#806:16:17,transit,S_0003223,gtfs_shape_geometry_fallback,0.5550374681578484,0.5550374681578484,0.19940035015875718,40.71470168234342,segment_coverage,full_analysis_network,fallback
transit:189-2@1#800:28:29,transit,S_0045719,gtfs_shape_geometry_fallback,1.0,1.0,0.08343406248640965,0.46580559678056943,segment_coverage,full_analysis_network,fallback
transit:189-2@1#800:28:29,transit,S_0045720,gtfs_shape_geometry_fallback,1.0,1.0,0.8961914281189226,0.40488707640396626,both,full_analysis_network,fallback
transit:189-2@1#800:28:29,transit,S_0047294,gtfs_shape_geometry_fallback,0.44789947777860994,0.44789947777860994,0.21149603358710564,0.31458407403158617,segment_coverage,full_analysis_network,fallback
transit:211-1@1#720:76:77,transit,S_0021652,gtfs_shape_geometry_fallback,0.49985510945055817,0.49985510945055817,0.23863329806448375,45.30563343091262,segment_coverage,full_analysis_network,fallback
transit:211-1@1#720:76:77,transit,S_0021643,gtfs_shape_geometry_fallback,1.0,1.0,0.15358044015297934,3.754553037875098,segment_coverage,full_analysis_network,fallback
transit:211-1@1#720:76:77,transit,S_0021644,gtfs_shape_geometry_fallback,1.0,1.0,0.12715933246200722,28.512077610214405,segment_coverage,full_analysis_network,fallback
transit:211-1@1#720:76:77,transit,S_0021650,gtfs_shape_geometry_fallback,1.0,1.0,0.3724561807788168,1.2210296940263277,both,full_analysis_network,fallback
transit:211-1@1#720:76:77,transit,S_0022146,gtfs_shape_geometry_fallback,0.5062576463929495,0.5062576463929495,0.15385853277837208,2.783419262240173,segment_coverage,full_analysis_network,fallback
transit:211-1@1#720:76:77,transit,S_0021651,gtfs_shape_geometry_fallback,1.0,1.0,0.29909526990272617,7.312315146688476,segment_coverage,full_analysis_network,fallback
transit:211-1@1#720:76:77,transit,S_0021640,gtfs_shape_geometry_fallback,0.6581115080848654,0.6581115080848654,0.19745130400482044,5.3606290059572075,segment_coverage,full_analysis_network,fallback
transit:211-1@1#720:76:77,transit,S_0022145,gtfs_shape_geometry_fallback,1.0,1.0,0.1234665843626953,0.9240336014796924,segment_coverage,full_analysis_network,fallback
transit:211-1@1#720:76:77,transit,S_0010424,gtfs_shape_geometry_fallback,0.7675053546869971,0.7675053546869971,0.0556817596892809,20.676018843627645,segment_coverage,full_analysis_network,fallback
transit:B55-1@1#711:95:96,transit,S_0035498,gtfs_shape_geometry_fallback,1.0,0.41976188957837185,1.0,0.07872375755596295,both,full_analysis_network,fallback
transit:3973-1@1#736:66:67,transit,S_0057856,gtfs_shape_geometry_fallback,0.9224409104466437,0.9224409104466437,0.3077185290825828,47.44035659936753,segment_coverage,full_analysis_network,fallback
transit:T12-2@1#722:88:89,transit,S_0021809,gtfs_shape_geometry_fallback,0.4176349261538,0.378766682519153,0.4176349261538,2.5482187127929024,both,full_analysis_network,fallback
transit:2672-1@1#732:71:72,transit,S_0045085,gtfs_shape_geometry_fallback,1.0,1.0,0.22919631637330903,0.29369238331432257,segment_coverage,full_analysis_network,fallback
transit:5203-1@1#811:11:12,transit,S_0048827,gtfs_shape_geometry_fallback,1.0,1.0,0.6330531076938346,20.475905435860398,both,full_analysis_network,fallback
transit:5203-1@1#811:11:12,transit,S_0048826,gtfs_shape_geometry_fallback,1.0,1.0,0.36963988452102803,20.34980754975828,both,full_analysis_network,fallback
transit:5203-1@1#811:11:12,transit,S_0048825,gtfs_shape_geometry_fallback,1.0,1.0,0.3710738655940032,40.707998686426066,both,full_analysis_network,fallback
transit:T1-1@1#813:11:12,transit,S_0048826,gtfs_shape_geometry_fallback,0.9432409295935121,0.9432409295935121,0.055611804670530694,18.31686556048348,segment_coverage,full_analysis_network,fallback
transit:398-1@1#741:54:55,transit,S_0036816,gtfs_shape_geometry_fallback,1.0,1.0,0.10982062122475274,2.88379269755913,segment_coverage,full_analysis_network,fallback
transit:398-1@1#741:54:55,transit,S_0036815,gtfs_shape_geometry_fallback,1.0,1.0,0.1387213824119583,2.3093982350104056,segment_coverage,full_analysis_network,fallback
transit:3973-1@1#755:38:39,transit,S_0037694,gtfs_shape_geometry_fallback,1.0,1.0,0.618695343500789,1.001617981973908,both,full_analysis_network,fallback
transit:T1-1@1#745:51:52,transit,S_0006705,gtfs_shape_geometry_fallback,0.42293384651813914,0.42293384651813914,0.20751869660833497,40.042083036563696,segment_coverage,full_analysis_network,fallback
transit:T1-1@1#745:51:52,transit,S_0006703,gtfs_shape_geometry_fallback,0.8921427527839353,0.8921427527839353,0.17994889898607114,48.77334063528423,segment_coverage,full_analysis_network,fallback
transit:397-1@1#731:83:84,transit,S_0013233,gtfs_shape_geometry_fallback,1.0,0.1272414506126454,1.0,1.6063587865251279,shape_coverage,full_analysis_network,fallback
transit:397-1@1#731:83:84,transit,S_0014402,gtfs_shape_geometry_fallback,1.0,1.0,1.0,2.343813909285643,both,full_analysis_network,fallback
transit:397-1@1#731:83:84,transit,S_0027479,gtfs_shape_geometry_fallback,0.8208118425290031,0.03933352067152334,0.8208118425290031,1.9551587021138914,shape_coverage,full_analysis_network,fallback
transit:397-1@1#731:83:84,transit,S_0014401,gtfs_shape_geometry_fallback,1.0,1.0,1.0,1.0580533343138256,both,full_analysis_network,fallback
transit:397-1@1#731:83:84,transit,S_0008228,gtfs_shape_geometry_fallback,1.0,1.0,1.0,1.7085935539409434,both,full_analysis_network,fallback
transit:397-1@1#731:83:84,transit,S_0008227,gtfs_shape_geometry_fallback,1.0,1.0,1.0,1.7801190208013935,both,full_analysis_network,fallback
transit:397-1@1#731:83:84,transit,S_0008225,gtfs_shape_geometry_fallback,1.0,0.7825561736379754,1.0,2.0527399030654294,both,full_analysis_network,fallback
transit:189-2@1#800:29:30,transit,S_0051076,gtfs_shape_geometry_fallback,0.8841698340162871,0.8841698340162871,0.3796197087004633,12.517022607110874,both,full_analysis_network,fallback
transit:189-2@1#800:29:30,transit,S_0051078,gtfs_shape_geometry_fallback,0.8576998163073718,0.8576998163073718,0.28662535839379455,6.398021421747799,segment_coverage,full_analysis_network,fallback
transit:189-2@1#800:29:30,transit,S_0045719,gtfs_shape_geometry_fallback,1.0,1.0,0.06441792100300342,0.46580559674039534,segment_coverage,full_analysis_network,fallback
transit:211-1@1#720:77:78,transit,S_0022145,gtfs_shape_geometry_fallback,0.9136959126313345,0.9136959126313345,0.12317662875418742,1.0890652646849617,segment_coverage,full_analysis_network,fallback
transit:211-1@1#720:77:78,transit,S_0010424,gtfs_shape_geometry_fallback,0.9076271163900005,0.9076271163900005,0.12306907610344152,20.431605323868254,segment_coverage,full_analysis_network,fallback
transit:211-1@1#720:77:78,transit,S_0010425,gtfs_shape_geometry_fallback,1.0,1.0,0.15370161977671232,1.34625122308708,segment_coverage,full_analysis_network,fallback
transit:211-1@1#720:77:78,transit,S_0001771,gtfs_shape_geometry_fallback,1.0,1.0,0.3734125317434937,1.5788343703957821,both,full_analysis_network,fallback
transit:211-1@1#720:77:78,transit,S_0001770,gtfs_shape_geometry_fallback,1.0,1.0,0.19202698805679957,1.6367343530926206,segment_coverage,full_analysis_network,fallback
transit:211-1@1#720:77:78,transit,S_0010423,gtfs_shape_geometry_fallback,1.0,1.0,0.6062393759277751,0.16902071148449238,both,full_analysis_network,fallback
transit:T12-2@1#722:89:90,transit,S_0021809,gtfs_shape_geometry_fallback,1.0,0.7362430929474769,1.0,2.5482187136126697,both,full_analysis_network,fallback
transit:T2A-1@1#801:30:31,transit,S_0021809,gtfs_shape_geometry_fallback,0.8982536350563494,0.8982536350563494,0.6122482752695992,2.548218713646378,both,full_analysis_network,fallback
transit:289-2@1#725:79:80,transit,S_0037933,gtfs_shape_geometry_fallback,0.39067713304467283,0.39067713304467283,0.07326832086753238,12.443376653976976,segment_coverage,full_analysis_network,fallback
transit:2672-1@1#732:72:73,transit,S_0027581,gtfs_shape_geometry_fallback,1.0,1.0,0.36420657299210885,7.538907494859984,both,full_analysis_network,fallback
transit:2672-1@1#732:72:73,transit,S_0027583,gtfs_shape_geometry_fallback,0.5409151884604524,0.5409151884604524,0.25296871812006466,53.89795337029662,segment_coverage,full_analysis_network,fallback
transit:268-1@1#730:74:75,transit,S_0055868,gtfs_shape_geometry_fallback,0.7962981282414842,0.7962981282414842,0.508364194782619,41.96876268877452,both,full_analysis_network,fallback
transit:268-1@1#730:74:75,transit,S_0054856,gtfs_shape_geometry_fallback,1.0,1.0,0.37572242870064443,3.968806500965208,both,full_analysis_network,fallback
transit:T1-1@1#813:12:13,transit,S_0048827,gtfs_shape_geometry_fallback,1.0,1.0,0.9815564469999085,20.50518515497265,both,full_analysis_network,fallback
transit:T1-1@1#813:12:13,transit,S_0048826,gtfs_shape_geometry_fallback,1.0,1.0,0.7725746932851254,20.34980754975828,both,full_analysis_network,fallback
transit:T1-1@1#813:12:13,transit,S_0048825,gtfs_shape_geometry_fallback,1.0,1.0,0.7755718197696388,40.707998686426066,both,full_analysis_network,fallback
transit:3973-1@1#755:39:40,transit,S_0037686,gtfs_shape_geometry_fallback,1.0,1.0,0.10855924222213224,2.3075626660134105,segment_coverage,full_analysis_network,fallback
transit:T1-1@1#745:52:53,transit,S_0045847,gtfs_shape_geometry_fallback,1.0,1.0,0.2054109772411165,11.61139707008951,segment_coverage,full_analysis_network,fallback
transit:T1-1@1#745:52:53,transit,S_0045845,gtfs_shape_geometry_fallback,1.0,1.0,0.2899214803918332,13.558395912521409,segment_coverage,full_analysis_network,fallback
transit:T1-1@1#745:52:53,transit,S_0013231,gtfs_shape_geometry_fallback,0.4696047276277767,0.4696047276277767,0.2561821617968701,59.616240585851685,segment_coverage,full_analysis_network,fallback
transit:T1-1@1#745:52:53,transit,S_0045843,gtfs_shape_geometry_fallback,1.0,1.0,0.33042730806447246,11.255591275185857,segment_coverage,full_analysis_network,fallback
transit:T1-1@1#745:52:53,transit,S_0021486,gtfs_shape_geometry_fallback,0.39291606003830687,0.39291606003830687,0.0920439020950129,8.794311971569286,segment_coverage,full_analysis_network,fallback
transit:T1-1@1#745:52:53,transit,S_0051178,gtfs_shape_geometry_fallback,0.40176004977425006,0.40176004977425006,0.16131670229287687,46.75230444102388,segment_coverage,full_analysis_network,fallback
transit:189-2@1#800:30:31,transit,S_0054006,gtfs_shape_geometry_fallback,0.4903392252901341,0.4903392252901341,0.18036432418838635,50.08095181184356,segment_coverage,full_analysis_network,fallback
transit:189-2@1#800:30:31,transit,S_0045727,gtfs_shape_geometry_fallback,1.0,1.0,0.5073041483973939,5.285228281805814,both,full_analysis_network,fallback
transit:189-2@1#800:30:31,transit,S_0045726,gtfs_shape_geometry_fallback,0.8768479605523596,0.8768479605523596,0.6150268552312455,34.8244872878017,both,full_analysis_network,fallback
transit:189-2@1#800:30:31,transit,S_0059559,gtfs_shape_geometry_fallback,1.0,1.0,0.5761850081094647,0.8377414644410521,both,full_analysis_network,fallback
transit:3973-1@1#736:68:69,transit,S_0011972,gtfs_shape_geometry_fallback,0.8357767815502433,0.8357767815502433,0.7941256656628145,0.3712952392627642,both,full_analysis_network,fallback
transit:3973-1@1#736:68:69,transit,S_0020705,gtfs_shape_geometry_fallback,0.5749247350391786,0.5749247350391786,0.24718833120517505,0.5336219785038452,segment_coverage,full_analysis_network,fallback
transit:272-1@1#730:58:59,transit,S_0047172,gtfs_shape_geometry_fallback,0.6836855252947811,0.6836855252947811,0.08596781151427309,42.813185140146416,segment_coverage,full_analysis_network,fallback
transit:T11-2@1#737:55:56,transit,S_0020171,gtfs_shape_geometry_fallback,0.9670619477155422,0.9670619477155422,0.33941738995218257,54.87321654143462,segment_coverage,full_analysis_network,fallback
transit:T11-2@1#737:55:56,transit,S_0019604,gtfs_shape_geometry_fallback,0.6720024363629342,0.6720024363629342,0.2695305076866334,3.871325425216071,segment_coverage,full_analysis_network,fallback
transit:289-2@1#725:80:81,transit,S_0037935,gtfs_shape_geometry_fallback,1.0,1.0,0.1861322912861543,4.074305490028593,segment_coverage,full_analysis_network,fallback
transit:289-2@1#725:80:81,transit,S_0005077,gtfs_shape_geometry_fallback,0.9278727610823387,0.9116801875161286,0.9278727610823387,0.7193738154017524,both,full_analysis_network,fallback
transit:3973-1@1#755:40:41,transit,S_0019074,gtfs_shape_geometry_fallback,0.7631705775577781,0.7631705775577781,0.07657104633065046,55.21858503105122,segment_coverage,full_analysis_network,fallback
transit:3973-1@1#755:40:41,transit,S_0029301,gtfs_shape_geometry_fallback,0.7941675136447413,0.7941675136447413,0.040588364654771454,51.43924014080167,segment_coverage,full_analysis_network,fallback
transit:3973-1@1#755:40:41,transit,S_0037686,gtfs_shape_geometry_fallback,1.0,1.0,0.10448598916790983,2.2840740829079778,segment_coverage,full_analysis_network,fallback
transit:T1-1@1#745:53:54,transit,S_0021228,gtfs_shape_geometry_fallback,0.8905256633513522,0.8905256633513522,0.6776306605219704,0.42600720414583293,both,full_analysis_network,fallback
transit:T1-1@1#745:53:54,transit,S_0021241,gtfs_shape_geometry_fallback,1.0,1.0,0.2628012732978081,0.9186052977327392,segment_coverage,full_analysis_network,fallback
transit:T1-1@1#745:53:54,transit,S_0021486,gtfs_shape_geometry_fallback,1.0,1.0,0.4739678962125665,1.3983855005234176,both,full_analysis_network,fallback
transit:375-1@1#750:37:38,transit,S_0031279,gtfs_shape_geometry_fallback,1.0,1.0,0.23709228097350848,3.312381939217971,segment_coverage,full_analysis_network,fallback
transit:375-1@1#750:37:38,transit,S_0055970,gtfs_shape_geometry_fallback,1.0,1.0,0.504699949325158,21.229558274703876,both,full_analysis_network,fallback
transit:375-1@1#750:37:38,transit,S_0034629,gtfs_shape_geometry_fallback,0.7466801436439054,0.7466801436439054,0.16835028242046338,49.88021690717521,segment_coverage,full_analysis_network,fallback
transit:T11-1@1#735:64:65,transit,S_0040302,gtfs_shape_geometry_fallback,1.0,1.0,0.09832816112601821,1.6601653062538588,segment_coverage,full_analysis_network,fallback
transit:T11-1@1#735:64:65,transit,S_0040349,gtfs_shape_geometry_fallback,1.0,1.0,0.4312603545220683,1.0667274285934099,both,full_analysis_network,fallback
transit:T11-1@1#735:64:65,transit,S_0040347,gtfs_shape_geometry_fallback,0.41024493285177605,0.41024493285177605,0.13307773437307827,3.0200397001693204,segment_coverage,full_analysis_network,fallback
transit:T3-2@1#758:32:33,transit,S_0034668,gtfs_shape_geometry_fallback,1.0,1.0,0.2619609618044187,0.05055738582666791,segment_coverage,full_analysis_network,fallback
transit:T3-2@1#758:32:33,transit,S_0029160,gtfs_shape_geometry_fallback,0.6281562905676162,0.6281562905676162,0.13888505809001847,46.567984714032214,segment_coverage,full_analysis_network,fallback
transit:T3-2@1#758:32:33,transit,S_0029154,gtfs_shape_geometry_fallback,1.0,1.0,0.10148476624176117,1.5116113331500998,segment_coverage,full_analysis_network,fallback
transit:T3-2@1#758:32:33,transit,S_0029152,gtfs_shape_geometry_fallback,1.0,1.0,0.10667340139418366,1.2237867261916904,segment_coverage,full_analysis_network,fallback
transit:T3-2@1#758:32:33,transit,S_0029148,gtfs_shape_geometry_fallback,1.0,1.0,0.18070564826479785,0.9256581062140725,segment_coverage,full_analysis_network,fallback
transit:T3-2@1#758:32:33,transit,S_0029146,gtfs_shape_geometry_fallback,0.9983792213941671,0.9983792213941671,0.08641494525843159,6.161491647716801,segment_coverage,full_analysis_network,fallback
transit:T3-2@1#758:32:33,transit,S_0031892,gtfs_shape_geometry_fallback,0.41880415328331655,0.41880415328331655,0.06954478010601103,2.1497566045893706,segment_coverage,full_analysis_network,fallback
transit:T3-2@1#758:32:33,transit,S_0031893,gtfs_shape_geometry_fallback,0.5000391142386402,0.5000391142386402,0.10577718426791914,7.364287632867089,segment_coverage,full_analysis_network,fallback
transit:375-2@1#821:2:3,transit,S_0057761,gtfs_shape_geometry_fallback,0.6290626727170587,0.6290626727170587,0.0746126067236608,59.377207918647684,segment_coverage,full_analysis_network,fallback
transit:375-2@1#821:2:3,transit,S_0057239,gtfs_shape_geometry_fallback,1.0,1.0,0.10940897414764048,4.75399301602971,segment_coverage,full_analysis_network,fallback
transit:375-2@1#821:2:3,transit,S_0009939,gtfs_shape_geometry_fallback,1.0,1.0,0.1327109910870458,20.56201359264253,segment_coverage,full_analysis_network,fallback
transit:375-2@1#821:2:3,transit,S_0031470,gtfs_shape_geometry_fallback,1.0,1.0,0.09869381059577689,8.565399770802856,segment_coverage,full_analysis_network,fallback
transit:375-2@1#821:2:3,transit,S_0018554,gtfs_shape_geometry_fallback,1.0,1.0,0.048809983040184725,1.595694944390445,segment_coverage,full_analysis_network,fallback
transit:189-2@1#800:31:32,transit,S_0054006,gtfs_shape_geometry_fallback,0.37405401720659726,0.37405401720659726,0.1752299708978382,41.05715153023783,segment_coverage,full_analysis_network,fallback
transit:189-2@1#800:31:32,transit,S_0054007,gtfs_shape_geometry_fallback,0.929410120237021,0.929410120237021,0.9082712687765336,26.46833151199806,both,full_analysis_network,fallback
transit:189-2@1#800:31:32,transit,S_0045723,gtfs_shape_geometry_fallback,1.0,1.0,1.0,2.517661223495736,both,full_analysis_network,fallback
transit:3973-1@1#736:69:70,transit,S_0020705,gtfs_shape_geometry_fallback,0.5657110727205176,0.5657110727205176,0.21285960619192634,0.11970934682523193,segment_coverage,full_analysis_network,fallback
transit:3973-1@1#736:69:70,transit,S_0020707,gtfs_shape_geometry_fallback,1.0,1.0,0.4212930366082184,0.013940990105623996,both,full_analysis_network,fallback
transit:3973-1@1#736:69:70,transit,S_0021157,gtfs_shape_geometry_fallback,0.3932701571117983,0.3932701571117983,0.20032094601085712,0.6074665907491976,segment_coverage,full_analysis_network,fallback
transit:289-2@1#725:81:82,transit,S_0005077,gtfs_shape_geometry_fallback,0.48500224728661406,0.198771995150876,0.48500224728661406,3.9758018815598746,shape_coverage,full_analysis_network,fallback
transit:289-2@1#725:81:82,transit,S_0005010,gtfs_shape_geometry_fallback,0.4791983617186734,0.4791983617186734,0.23471792712336498,17.847436092774913,segment_coverage,full_analysis_network,fallback
transit:T1-1@1#813:14:15,transit,S_0010266,gtfs_shape_geometry_fallback,0.4225724139353524,0.1767858244821054,0.4225724139353524,52.229305057971516,shape_coverage,full_analysis_network,fallback
transit:T1-1@1#745:54:55,transit,S_0021427,gtfs_shape_geometry_fallback,0.39447186462103556,0.39447186462103556,0.1800115603336995,0.6744369862910844,segment_coverage,full_analysis_network,fallback
transit:T1-1@1#745:54:55,transit,S_0010468,gtfs_shape_geometry_fallback,1.0,1.0,0.3854237037328062,0.0537316218049142,both,full_analysis_network,fallback
transit:T1-1@1#745:54:55,transit,S_0011886,gtfs_shape_geometry_fallback,1.0,1.0,0.5212098892631855,0.47791454715290627,both,full_analysis_network,fallback
transit:T1-1@1#745:54:55,transit,S_0055788,gtfs_shape_geometry_fallback,1.0,1.0,0.2758346169535571,8.661604826773228,segment_coverage,full_analysis_network,fallback
transit:T1-1@1#745:54:55,transit,S_0021229,gtfs_shape_geometry_fallback,1.0,1.0,0.1901568812227467,1.0170414815992501,segment_coverage,full_analysis_network,fallback
transit:T1-1@1#745:54:55,transit,S_0021228,gtfs_shape_geometry_fallback,0.40100718499942367,0.40100718499942367,0.16065914179042376,0.3421773153430365,segment_coverage,full_analysis_network,fallback
transit:398-1@1#741:57:58,transit,S_0043214,gtfs_shape_geometry_fallback,1.0,1.0,0.08458732645928108,1.6823526543985565,segment_coverage,full_analysis_network,fallback
transit:T7-2@1#806:19:20,transit,S_0009536,gtfs_shape_geometry_fallback,0.3505493325639795,0.3505493325639795,0.06932593384174388,0.24706116410527557,segment_coverage,full_analysis_network,fallback
transit:T7-2@1#806:19:20,transit,S_0009500,gtfs_shape_geometry_fallback,0.7941688898022848,0.7941688898022848,0.4591011611752182,26.714094822706826,both,full_analysis_network,fallback
transit:T7-2@1#806:19:20,transit,S_0009498,gtfs_shape_geometry_fallback,1.0,1.0,0.3959203139880069,33.10672629966447,both,full_analysis_network,fallback
transit:T7-2@1#806:19:20,transit,S_0009466,gtfs_shape_geometry_fallback,1.0,1.0,0.6421276843764426,15.363274033522458,both,full_analysis_network,fallback
transit:T7-2@1#806:19:20,transit,S_0009501,gtfs_shape_geometry_fallback,1.0,1.0,0.548759283853608,26.053693880247295,both,full_analysis_network,fallback
transit:T7-2@1#806:19:20,transit,S_0009457,gtfs_shape_geometry_fallback,0.9717209649435418,0.9717209649435418,0.17875686661551335,47.66520300309759,segment_coverage,full_analysis_network,fallback
transit:T7-2@1#806:19:20,transit,S_0009463,gtfs_shape_geometry_fallback,0.4307949705430368,0.4307949705430368,0.22165739895542008,11.380590783127559,segment_coverage,full_analysis_network,fallback
transit:T7-2@1#806:19:20,transit,S_0009464,gtfs_shape_geometry_fallback,1.0,1.0,0.20955911817809558,11.038433240836582,segment_coverage,full_analysis_network,fallback
transit:T7-2@1#806:19:20,transit,S_0009456,gtfs_shape_geometry_fallback,0.9522785206858904,0.9522785206858904,0.1806735153191405,4.936405084339754,segment_coverage,full_analysis_network,fallback
transit:T11-1@1#735:65:66,transit,S_0006920,gtfs_shape_geometry_fallback,0.48996510232785934,0.48996510232785934,0.16095848784904082,46.53497117897419,segment_coverage,full_analysis_network,fallback
transit:T11-1@1#735:65:66,transit,S_0006915,gtfs_shape_geometry_fallback,1.0,1.0,0.28253544774824746,24.56424945598539,segment_coverage,full_analysis_network,fallback
transit:T11-1@1#735:65:66,transit,S_0007729,gtfs_shape_geometry_fallback,0.37084084145974894,0.37084084145974894,0.23310110232008774,25.082450652516243,segment_coverage,full_analysis_network,fallback
transit:T11-1@1#735:65:66,transit,S_0006911,gtfs_shape_geometry_fallback,1.0,1.0,0.3539583325680711,24.56427441543015,both,full_analysis_network,fallback
transit:T11-1@1#735:65:66,transit,S_0006906,gtfs_shape_geometry_fallback,1.0,1.0,0.44368258739281524,24.564485090608613,both,full_analysis_network,fallback
transit:T11-1@1#735:65:66,transit,S_0006908,gtfs_shape_geometry_fallback,0.6153502739149389,0.6153502739149389,0.3539635946527825,55.143514387962256,both,full_analysis_network,fallback
transit:T11-1@1#735:65:66,transit,S_0006919,gtfs_shape_geometry_fallback,1.0,1.0,0.16095168690259926,24.562827977885078,segment_coverage,full_analysis_network,fallback
transit:T12-2@1#722:92:93,transit,S_0020171,gtfs_shape_geometry_fallback,0.9670619477155422,0.9670619477155422,0.33941738995218257,54.87321654143462,segment_coverage,full_analysis_network,fallback
transit:T12-2@1#722:92:93,transit,S_0019604,gtfs_shape_geometry_fallback,0.6720024363629342,0.6720024363629342,0.2695305076866334,3.871325425216071,segment_coverage,full_analysis_network,fallback
transit:T2A-1@1#801:33:34,transit,S_0019714,gtfs_shape_geometry_fallback,0.3986296261583665,0.3986296261583665,0.09433272084347458,6.499077242407367,segment_coverage,full_analysis_network,fallback
transit:T2A-1@1#801:33:34,transit,S_0017530,gtfs_shape_geometry_fallback,0.5139459145490987,0.5139459145490987,0.06490069002366747,44.81023158644204,segment_coverage,full_analysis_network,fallback
transit:272-1@1#730:60:61,transit,S_0021652,gtfs_shape_geometry_fallback,0.49985510945055817,0.49985510945055817,0.23863329806448375,45.30563343091262,segment_coverage,full_analysis_network,fallback
transit:272-1@1#730:60:61,transit,S_0021643,gtfs_shape_geometry_fallback,1.0,1.0,0.15358044015297934,3.754553037875098,segment_coverage,full_analysis_network,fallback
transit:272-1@1#730:60:61,transit,S_0021644,gtfs_shape_geometry_fallback,1.0,1.0,0.12715933246200722,28.512077610214405,segment_coverage,full_analysis_network,fallback
transit:272-1@1#730:60:61,transit,S_0021650,gtfs_shape_geometry_fallback,1.0,1.0,0.3724561807788168,1.2210296940263277,both,full_analysis_network,fallback
transit:272-1@1#730:60:61,transit,S_0022146,gtfs_shape_geometry_fallback,0.5062576463929495,0.5062576463929495,0.15385853277837208,2.783419262240173,segment_coverage,full_analysis_network,fallback
transit:272-1@1#730:60:61,transit,S_0021651,gtfs_shape_geometry_fallback,1.0,1.0,0.29909526990272617,7.312315146688476,segment_coverage,full_analysis_network,fallback
transit:272-1@1#730:60:61,transit,S_0021640,gtfs_shape_geometry_fallback,0.6581115080848654,0.6581115080848654,0.19745130400482044,5.3606290059572075,segment_coverage,full_analysis_network,fallback
transit:272-1@1#730:60:61,transit,S_0022145,gtfs_shape_geometry_fallback,1.0,1.0,0.1234665843626953,0.9240336014796924,segment_coverage,full_analysis_network,fallback
transit:272-1@1#730:60:61,transit,S_0010424,gtfs_shape_geometry_fallback,0.7675053546869971,0.7675053546869971,0.0556817596892809,20.676018843627645,segment_coverage,full_analysis_network,fallback
transit:T12A-1@1#819:7:8,transit,S_0035420,gtfs_shape_geometry_fallback,1.0,1.0,0.22433481002971434,0.22330053259608462,segment_coverage,full_analysis_network,fallback
transit:T12A-1@1#819:7:8,transit,S_0035430,gtfs_shape_geometry_fallback,1.0,1.0,0.23059487699805767,0.09862759756165929,segment_coverage,full_analysis_network,fallback
transit:T12A-1@1#819:7:8,transit,S_0035409,gtfs_shape_geometry_fallback,1.0,1.0,0.23527404719990117,0.22115883645781764,segment_coverage,full_analysis_network,fallback
transit:T12A-1@1#819:7:8,transit,S_0035439,gtfs_shape_geometry_fallback,1.0,1.0,0.21370449130065167,0.023154992927175044,segment_coverage,full_analysis_network,fallback
transit:T12A-1@1#819:7:8,transit,S_0035498,gtfs_shape_geometry_fallback,0.6326334980786357,0.6326334980786357,0.12432285325561743,0.07872358020100023,segment_coverage,full_analysis_network,fallback
transit:289-2@1#725:82:83,transit,S_0030369,gtfs_shape_geometry_fallback,0.6312546983063663,0.6312546983063663,0.25248389262137644,17.120243246581254,segment_coverage,full_analysis_network,fallback
transit:268-1@1#730:77:78,transit,S_0052591,gtfs_shape_geometry_fallback,0.43626219941468936,0.43626219941468936,0.17342908862120146,48.84299162671005,segment_coverage,full_analysis_network,fallback
transit:268-1@1#730:77:78,transit,S_0052599,gtfs_shape_geometry_fallback,0.5710618729136662,0.5710618729136662,0.19938311003057596,0.0,segment_coverage,full_analysis_network,fallback
transit:T1-1@1#813:15:16,transit,S_0010262,gtfs_shape_geometry_fallback,0.5245289026332846,0.5245289026332846,0.3826979080920277,56.53355178022038,both,full_analysis_network,fallback
transit:T1-1@1#745:55:56,transit,S_0002707,gtfs_shape_geometry_fallback,1.0,1.0,0.2719949320664835,12.829292479263813,segment_coverage,full_analysis_network,fallback
transit:T1-1@1#745:55:56,transit,S_0032471,gtfs_shape_geometry_fallback,1.0,1.0,0.21106710563849157,1.4574784257755198,segment_coverage,full_analysis_network,fallback
transit:T1-1@1#745:55:56,transit,S_0011845,gtfs_shape_geometry_fallback,1.0,1.0,0.07839109203200786,1.9913130366255736,segment_coverage,full_analysis_network,fallback
transit:T1-1@1#745:55:56,transit,S_0001637,gtfs_shape_geometry_fallback,0.7013251525403347,0.7013251525403347,0.08172071703896883,34.939675063070325,segment_coverage,full_analysis_network,fallback
transit:T1-1@1#745:55:56,transit,S_0011847,gtfs_shape_geometry_fallback,0.671717724498109,0.671717724498109,0.08432025107167994,38.07583317507951,segment_coverage,full_analysis_network,fallback
transit:T1-1@1#745:55:56,transit,S_0030253,gtfs_shape_geometry_fallback,0.6576453949793881,0.6576453949793881,0.12511514848246638,55.91466644849979,segment_coverage,full_analysis_network,fallback
transit:T1-1@1#745:55:56,transit,S_0030254,gtfs_shape_geometry_fallback,1.0,1.0,0.17606654749737835,1.5754896953272919,segment_coverage,full_analysis_network,fallback
transit:T1-1@1#745:55:56,transit,S_0030249,gtfs_shape_geometry_fallback,1.0,1.0,0.15581664692013295,8.137447231984645,segment_coverage,full_analysis_network,fallback
transit:T1-1@1#745:55:56,transit,S_0001638,gtfs_shape_geometry_fallback,1.0,1.0,0.07498808650565694,1.1574706158601096,segment_coverage,full_analysis_network,fallback
transit:T1-1@1#745:55:56,transit,S_0011888,gtfs_shape_geometry_fallback,1.0,1.0,0.14343052769946105,2.8274975094815886,segment_coverage,full_analysis_network,fallback
transit:T1-1@1#745:55:56,transit,S_0021430,gtfs_shape_geometry_fallback,1.0,1.0,0.17041881014626162,0.5504401943941772,segment_coverage,full_analysis_network,fallback
transit:T1-1@1#745:55:56,transit,S_0021432,gtfs_shape_geometry_fallback,1.0,1.0,0.10274993466968191,0.9711666189571773,segment_coverage,full_analysis_network,fallback
transit:T1-1@1#745:55:56,transit,S_0021429,gtfs_shape_geometry_fallback,1.0,1.0,0.12240932501992878,0.8346381250071033,segment_coverage,full_analysis_network,fallback
transit:T1-1@1#745:55:56,transit,S_0021427,gtfs_shape_geometry_fallback,0.8351725313270413,0.8351725313270413,0.2980687343611101,1.1138056410331956,segment_coverage,full_analysis_network,fallback
transit:398-1@1#741:58:59,transit,S_0009007,gtfs_shape_geometry_fallback,0.6391381435896188,0.6391381435896188,0.12058127836343306,43.81360466278538,segment_coverage,full_analysis_network,fallback
transit:398-1@1#741:58:59,transit,S_0022128,gtfs_shape_geometry_fallback,1.0,1.0,0.08401717368458578,25.855972673336396,segment_coverage,full_analysis_network,fallback
transit:398-1@1#741:58:59,transit,S_0031169,gtfs_shape_geometry_fallback,0.5411106472196014,0.5411106472196014,0.08821601568644336,47.200103425816835,segment_coverage,full_analysis_network,fallback
transit:398-1@1#741:58:59,transit,S_0022143,gtfs_shape_geometry_fallback,0.5385194327925539,0.5385194327925539,0.2069422460284813,46.70133191176214,segment_coverage,full_analysis_network,fallback
transit:398-1@1#741:58:59,transit,S_0051104,gtfs_shape_geometry_fallback,0.5719490267903639,0.5719490267903639,0.07361485397634064,14.965335387753214,segment_coverage,full_analysis_network,fallback
transit:398-1@1#741:58:59,transit,S_0022127,gtfs_shape_geometry_fallback,0.5052987628428902,0.5052987628428902,0.0684841001752662,46.767095852071705,segment_coverage,full_analysis_network,fallback
transit:T4-2@1#717:72:73,transit,S_0044740,gtfs_shape_geometry_fallback,0.6104630144351649,0.6104630144351649,0.12859942535284694,2.6019528542138914,segment_coverage,full_analysis_network,fallback
transit:T7-2@1#806:20:21,transit,S_0009587,gtfs_shape_geometry_fallback,0.6248685176829201,0.13834305615502043,0.6248685176829201,31.792255746356545,shape_coverage,full_analysis_network,fallback
transit:T7-2@1#806:20:21,transit,S_0009574,gtfs_shape_geometry_fallback,0.4824303323122022,0.07742311118323657,0.4824303323122022,21.495041831588566,shape_coverage,full_analysis_network,fallback
transit:T7-2@1#806:20:21,transit,S_0009536,gtfs_shape_geometry_fallback,1.0,1.0,1.0,0.18236095708067523,both,full_analysis_network,fallback
transit:T12A-1@1#819:8:9,transit,S_0018209,gtfs_shape_geometry_fallback,1.0,1.0,0.3526383917059851,0.016075510210072252,both,full_analysis_network,fallback
transit:T12A-1@1#819:8:9,transit,S_0035516,gtfs_shape_geometry_fallback,1.0,1.0,0.24721357645372422,0.23431503502516193,segment_coverage,full_analysis_network,fallback
transit:T12A-1@1#819:8:9,transit,S_0035410,gtfs_shape_geometry_fallback,0.8446478697040894,0.8446478697040894,0.1789350354120235,0.2196574247613512,segment_coverage,full_analysis_network,fallback
transit:375-1@1#750:39:40,transit,S_0036816,gtfs_shape_geometry_fallback,1.0,1.0,0.10982062122475274,2.88379269755913,segment_coverage,full_analysis_network,fallback
transit:375-1@1#750:39:40,transit,S_0036815,gtfs_shape_geometry_fallback,1.0,1.0,0.1387213824119583,2.3093982350104056,segment_coverage,full_analysis_network,fallback
transit:272-1@1#730:61:62,transit,S_0022145,gtfs_shape_geometry_fallback,0.9136959126313345,0.9136959126313345,0.12317662875418742,1.0890652646849617,segment_coverage,full_analysis_network,fallback
transit:272-1@1#730:61:62,transit,S_0010424,gtfs_shape_geometry_fallback,0.9076271163900005,0.9076271163900005,0.12306907610344152,20.431605323868254,segment_coverage,full_analysis_network,fallback
transit:272-1@1#730:61:62,transit,S_0010425,gtfs_shape_geometry_fallback,1.0,1.0,0.15370161977671232,1.34625122308708,segment_coverage,full_analysis_network,fallback
transit:272-1@1#730:61:62,transit,S_0001771,gtfs_shape_geometry_fallback,1.0,1.0,0.3734125317434937,1.5788343703957821,both,full_analysis_network,fallback
transit:272-1@1#730:61:62,transit,S_0001770,gtfs_shape_geometry_fallback,1.0,1.0,0.19202698805679957,1.6367343530926206,segment_coverage,full_analysis_network,fallback
transit:272-1@1#730:61:62,transit,S_0010423,gtfs_shape_geometry_fallback,1.0,1.0,0.6062393759277751,0.16902071148449238,both,full_analysis_network,fallback
transit:398-1@1#741:59:60,transit,S_0009007,gtfs_shape_geometry_fallback,0.5906846917750121,0.5906846917750121,0.37448078277682706,43.69408456747885,both,full_analysis_network,fallback
transit:398-1@1#741:59:60,transit,S_0022128,gtfs_shape_geometry_fallback,0.7731023168032339,0.7731023168032339,0.15960755102766214,25.592377557670318,segment_coverage,full_analysis_network,fallback
transit:398-1@1#741:59:60,transit,S_0031169,gtfs_shape_geometry_fallback,0.6705677169891358,0.6705677169891358,0.44107346725446206,47.080583331011496,both,full_analysis_network,fallback
transit:398-1@1#741:59:60,transit,S_0022127,gtfs_shape_geometry_fallback,0.8058360596467278,0.8058360596467278,0.5030805510811012,46.647575756711575,both,full_analysis_network,fallback
transit:T12A-1@1#819:9:10,transit,S_0001250,gtfs_shape_geometry_fallback,1.0,0.5217984466691279,1.0,1.3318613361299754,both,full_analysis_network,fallback
transit:T4-2@1#729:58:59,transit,S_0036687,gtfs_shape_geometry_fallback,0.4121897122023395,0.31958166649642006,0.4121897122023395,19.34744327103509,shape_coverage,full_analysis_network,fallback
transit:268-1@1#730:79:80,transit,S_0004332,gtfs_shape_geometry_fallback,0.4727120966038988,0.4727120966038988,0.09539792072903668,12.205966407053303,segment_coverage,full_analysis_network,fallback
transit:268-1@1#730:79:80,transit,S_0012597,gtfs_shape_geometry_fallback,1.0,1.0,0.08849140867027522,7.000145012906415,segment_coverage,full_analysis_network,fallback
transit:268-1@1#730:79:80,transit,S_0058339,gtfs_shape_geometry_fallback,1.0,1.0,0.1258276142637257,4.118573843319737,segment_coverage,full_analysis_network,fallback
transit:268-1@1#730:79:80,transit,S_0058337,gtfs_shape_geometry_fallback,0.6799462562703458,0.6799462562703458,0.10852676323109686,18.403865381476564,segment_coverage,full_analysis_network,fallback
transit:268-1@1#730:79:80,transit,S_0012596,gtfs_shape_geometry_fallback,0.500798101016614,0.500798101016614,0.15203979052713662,23.188447591769524,segment_coverage,full_analysis_network,fallback
transit:T7-2@1#806:21:22,transit,S_0009534,gtfs_shape_geometry_fallback,0.543763031071214,0.543763031071214,0.2833728683413797,57.4413400010404,segment_coverage,full_analysis_network,fallback
transit:T7-2@1#806:21:22,transit,S_0009536,gtfs_shape_geometry_fallback,1.0,1.0,0.2833289435435238,0.14103199704896952,segment_coverage,full_analysis_network,fallback
transit:T6-1@1#745:44:45,transit,S_0021895,gtfs_shape_geometry_fallback,0.7383212127774845,0.4361394819903402,0.7383212127774845,1.508580651917839,both,full_analysis_network,fallback
transit:T12-2@1#722:95:96,transit,S_0030967,gtfs_shape_geometry_fallback,1.0,1.0,0.5599219856074297,1.0178076121110848,both,full_analysis_network,fallback
transit:T12-2@1#722:95:96,transit,S_0027334,gtfs_shape_geometry_fallback,1.0,1.0,0.3312348217417508,1.1083682103704717,segment_coverage,full_analysis_network,fallback
transit:T12-2@1#722:95:96,transit,S_0019602,gtfs_shape_geometry_fallback,1.0,1.0,0.3777250709981614,0.42214004137740346,both,full_analysis_network,fallback
transit:T12A-1@1#819:10:11,transit,S_0020059,gtfs_shape_geometry_fallback,0.41906314821818075,0.41906314821818075,0.12075285462632372,0.7157522084332868,segment_coverage,full_analysis_network,fallback
transit:T12A-1@1#819:10:11,transit,S_0001250,gtfs_shape_geometry_fallback,0.3816845639826633,0.3816845639826633,0.20461447354562717,0.5207385577033676,segment_coverage,full_analysis_network,fallback
transit:T12A-1@1#819:10:11,transit,S_0059182,gtfs_shape_geometry_fallback,0.8302405162705392,0.8302405162705392,0.16819553022343475,29.329129818195625,segment_coverage,full_analysis_network,fallback
transit:189-2@1#800:35:36,transit,S_0045540,gtfs_shape_geometry_fallback,0.8859143813475282,0.8859143813475282,0.8550225696979309,0.3744370942868045,both,full_analysis_network,fallback
transit:268-1@1#730:80:81,transit,S_0010648,gtfs_shape_geometry_fallback,0.36364116010790526,0.36364116010790526,0.08814054019755926,21.45409094196753,segment_coverage,full_analysis_network,fallback
transit:T7-2@1#806:22:23,transit,S_0031016,gtfs_shape_geometry_fallback,1.0,1.0,0.34964277538035293,42.030361614865996,segment_coverage,full_analysis_network,fallback
transit:T7-2@1#806:22:23,transit,S_0001108,gtfs_shape_geometry_fallback,0.5189939207182811,0.5189939207182811,0.3906413900071966,45.56094719091675,both,full_analysis_network,fallback
transit:T7-2@1#806:22:23,transit,S_0031005,gtfs_shape_geometry_fallback,0.6284147514874756,0.6284147514874756,0.3596445849537018,56.98053448516005,both,full_analysis_network,fallback
transit:T12-2@1#722:96:97,transit,S_0019601,gtfs_shape_geometry_fallback,1.0,1.0,0.5866264897926201,0.9501034877528269,both,full_analysis_network,fallback
transit:T12-2@1#722:96:97,transit,S_0020098,gtfs_shape_geometry_fallback,1.0,1.0,0.1436648243101777,0.2613719503002301,segment_coverage,full_analysis_network,fallback
transit:T12-2@1#722:96:97,transit,S_0051445,gtfs_shape_geometry_fallback,1.0,1.0,0.2541599097466155,0.2557498736723147,segment_coverage,full_analysis_network,fallback
transit:T12-2@1#722:96:97,transit,S_0041048,gtfs_shape_geometry_fallback,0.7992244759153142,0.7992244759153142,0.3380382363816809,0.9068080979271258,segment_coverage,full_analysis_network,fallback
transit:T12A-1@1#819:11:12,transit,S_0001244,gtfs_shape_geometry_fallback,1.0,1.0,0.07734590844148967,21.90699500271225,segment_coverage,full_analysis_network,fallback
transit:T12A-1@1#819:11:12,transit,S_0001238,gtfs_shape_geometry_fallback,0.967399956339106,0.967399956339106,0.07381815718406065,0.5536684437825556,segment_coverage,full_analysis_network,fallback
transit:T12A-1@1#819:11:12,transit,S_0001249,gtfs_shape_geometry_fallback,1.0,1.0,0.14911401208415162,0.56429944957911,segment_coverage,full_analysis_network,fallback
transit:T12A-1@1#819:11:12,transit,S_0054594,gtfs_shape_geometry_fallback,1.0,1.0,0.503156532218487,0.6607568038138254,both,full_analysis_network,fallback
transit:T12A-1@1#819:11:12,transit,S_0001239,gtfs_shape_geometry_fallback,1.0,1.0,0.11032819297323283,0.11479398530518381,segment_coverage,full_analysis_network,fallback
transit:T12A-1@1#819:11:12,transit,S_0054593,gtfs_shape_geometry_fallback,1.0,1.0,0.3250864563871617,0.3708811469493867,segment_coverage,full_analysis_network,fallback
transit:T12A-1@1#753:53:54,transit,S_0017024,gtfs_shape_geometry_fallback,0.3568630798421855,0.3272303770582638,0.3568630798421855,53.33477144154713,shape_coverage,full_analysis_network,fallback
transit:T12A-1@1#753:53:54,transit,S_0033637,gtfs_shape_geometry_fallback,0.36648866142013414,0.36648866142013414,0.2465157991560353,30.077727951326096,segment_coverage,full_analysis_network,fallback
transit:T8-2@1#818:8:9,transit,S_0033830,gtfs_shape_geometry_fallback,0.6344104981224364,0.6344104981224364,0.15508662468831869,39.95145857543554,segment_coverage,full_analysis_network,fallback
transit:T3-2@1#747:51:52,transit,S_0035010,gtfs_shape_geometry_fallback,0.6674774544340524,0.6674774544340524,0.18694133988864478,42.54646039793749,segment_coverage,full_analysis_network,fallback
transit:T3-2@1#747:51:52,transit,S_0042826,gtfs_shape_geometry_fallback,1.0,1.0,0.1599271851810421,47.76770941555312,segment_coverage,full_analysis_network,fallback
transit:T5-1@1#822:5:6,transit,S_0047486,gtfs_shape_geometry_fallback,0.4359770684060568,0.1724379937165743,0.4359770684060568,4.171855599377693,shape_coverage,full_analysis_network,fallback
transit:T5-1@1#822:5:6,transit,S_0047487,gtfs_shape_geometry_fallback,1.0,1.0,0.6029849773474956,4.039888328107622,both,full_analysis_network,fallback
transit:T5-1@1#822:5:6,transit,S_0047483,gtfs_shape_geometry_fallback,1.0,1.0,0.6827734188444571,3.9371370122085523,both,full_analysis_network,fallback
transit:T5-1@1#822:5:6,transit,S_0047552,gtfs_shape_geometry_fallback,1.0,1.0,0.16756333804369117,46.12065534037464,segment_coverage,full_analysis_network,fallback
transit:T5-1@1#822:5:6,transit,S_0047481,gtfs_shape_geometry_fallback,1.0,1.0,0.38854022272085537,3.873714315360189,both,full_analysis_network,fallback
transit:T5-1@1#822:5:6,transit,S_0000835,gtfs_shape_geometry_fallback,1.0,1.0,0.6729507185406463,3.814094600861665,both,full_analysis_network,fallback
transit:T5-1@1#822:5:6,transit,S_0054280,gtfs_shape_geometry_fallback,1.0,1.0,0.3356971809352362,2.700176349728224,segment_coverage,full_analysis_network,fallback
transit:T5-1@1#822:5:6,transit,S_0000837,gtfs_shape_geometry_fallback,1.0,1.0,0.34170444103140934,4.092591351231448,segment_coverage,full_analysis_network,fallback
transit:T5-1@1#822:5:6,transit,S_0047488,gtfs_shape_geometry_fallback,1.0,1.0,0.5535072049955723,3.6901648551379367,both,full_analysis_network,fallback
transit:T5-1@1#822:5:6,transit,S_0047489,gtfs_shape_geometry_fallback,0.38302551858345807,0.13362058485406392,0.38302551858345807,3.6211555603979946,shape_coverage,full_analysis_network,fallback
transit:T5-1@1#822:5:6,transit,S_0000797,gtfs_shape_geometry_fallback,0.7958645393029625,0.7958645393029625,0.02603551820979177,40.53604792063848,segment_coverage,full_analysis_network,fallback
transit:2672-1@1#732:79:80,transit,S_0053239,gtfs_shape_geometry_fallback,0.5342298191596813,0.5342298191596813,0.11591425952019371,59.081543062997994,segment_coverage,full_analysis_network,fallback
transit:2672-1@1#732:79:80,transit,S_0000475,gtfs_shape_geometry_fallback,0.4963200641993358,0.4963200641993358,0.16978888162785116,57.63322997965338,segment_coverage,full_analysis_network,fallback
transit:2672-1@1#732:79:80,transit,S_0053132,gtfs_shape_geometry_fallback,0.484497636222043,0.484497636222043,0.16853035575128483,41.71023561980593,segment_coverage,full_analysis_network,fallback
transit:2672-1@1#732:79:80,transit,S_0043415,gtfs_shape_geometry_fallback,0.5138427287621254,0.5138427287621254,0.17001190083815823,51.60861220311553,segment_coverage,full_analysis_network,fallback
transit:2672-1@1#732:79:80,transit,S_0043414,gtfs_shape_geometry_fallback,1.0,1.0,0.1742259879139381,45.5211198770954,segment_coverage,full_analysis_network,fallback
transit:2672-1@1#732:79:80,transit,S_0000510,gtfs_shape_geometry_fallback,1.0,1.0,0.20166119537319824,48.363065735569435,segment_coverage,full_analysis_network,fallback
transit:2672-1@1#732:79:80,transit,S_0000509,gtfs_shape_geometry_fallback,1.0,1.0,0.2021098264840459,46.81512309483088,segment_coverage,full_analysis_network,fallback
transit:2672-1@1#732:79:80,transit,S_0000519,gtfs_shape_geometry_fallback,0.5862183717101338,0.5862183717101338,0.24451275853466475,42.87204144311215,segment_coverage,full_analysis_network,fallback
transit:2672-1@1#732:79:80,transit,S_0000505,gtfs_shape_geometry_fallback,0.5390188283027887,0.5390188283027887,0.2331275710670714,50.08768920681524,segment_coverage,full_analysis_network,fallback
transit:189-2@1#800:36:37,transit,S_0054053,gtfs_shape_geometry_fallback,0.8068485713141748,0.4151808786939888,0.8068485713141748,5.777692361368551,both,full_analysis_network,fallback
transit:189-2@1#800:36:37,transit,S_0045540,gtfs_shape_geometry_fallback,1.0,0.2840521254695784,1.0,0.5385457011290669,shape_coverage,full_analysis_network,fallback
transit:5203-1@1#811:17:18,transit,S_0013263,gtfs_shape_geometry_fallback,0.5599550007615839,0.5599550007615839,0.019899329722152505,54.067141653894595,segment_coverage,full_analysis_network,fallback
transit:6372-1@1#750:48:49,transit,S_0041120,gtfs_shape_geometry_fallback,0.354951173864129,0.354951173864129,0.08739632718856785,4.277017845220797,segment_coverage,full_analysis_network,fallback
transit:T12-2@1#722:97:98,transit,S_0041048,gtfs_shape_geometry_fallback,0.8864698925175433,0.3591961009793876,0.8864698925175433,8.83221827144682,both,full_analysis_network,fallback
transit:T12-2@1#722:97:98,transit,S_0020096,gtfs_shape_geometry_fallback,0.9213785635679543,0.5066476869839777,0.9213785635679543,26.335171339214966,both,full_analysis_network,fallback
transit:T12-2@1#722:97:98,transit,S_0041046,gtfs_shape_geometry_fallback,0.6804188671980932,0.6804188671980932,0.6060717750022917,8.508954061141694,both,full_analysis_network,fallback
transit:T12A-1@1#819:12:13,transit,S_0019595,gtfs_shape_geometry_fallback,0.7361570369366087,0.7361570369366087,0.34145538162163286,17.958662663037487,segment_coverage,full_analysis_network,fallback
transit:T12A-1@1#819:12:13,transit,S_0019594,gtfs_shape_geometry_fallback,1.0,1.0,0.7294233666355971,1.3628090179891927,both,full_analysis_network,fallback
transit:T12A-1@1#819:12:13,transit,S_0001237,gtfs_shape_geometry_fallback,1.0,1.0,0.29049667393737494,0.5602095424252838,segment_coverage,full_analysis_network,fallback
transit:T12A-1@1#819:12:13,transit,S_0001244,gtfs_shape_geometry_fallback,0.8188519199165545,0.8188519199165545,0.2962732908437673,21.90699500281322,segment_coverage,full_analysis_network,fallback
transit:T12A-1@1#819:12:13,transit,S_0001238,gtfs_shape_geometry_fallback,0.6290445232602979,0.6290445232602979,0.173589045265863,0.5536684433711798,segment_coverage,full_analysis_network,fallback
transit:762-1@1#730:58:59,transit,S_0017648,gtfs_shape_geometry_fallback,0.5720022897503213,0.5720022897503213,0.15974305780490095,27.492946463240628,segment_coverage,full_analysis_network,fallback
transit:762-1@1#730:58:59,transit,S_0006210,gtfs_shape_geometry_fallback,0.43733460879201114,0.43733460879201114,0.12083977650891249,42.43298084909864,segment_coverage,full_analysis_network,fallback
transit:762-1@1#730:58:59,transit,S_0017639,gtfs_shape_geometry_fallback,0.9026878860750763,0.9026878860750763,0.05231515391606611,59.746143379258314,segment_coverage,full_analysis_network,fallback
transit:762-1@1#730:58:59,transit,S_0051532,gtfs_shape_geometry_fallback,1.0,1.0,0.07838626430938861,30.34525751093718,segment_coverage,full_analysis_network,fallback
transit:762-1@1#730:58:59,transit,S_0030970,gtfs_shape_geometry_fallback,1.0,1.0,0.05242934370166855,58.66361208423287,segment_coverage,full_analysis_network,fallback
transit:762-1@1#730:58:59,transit,S_0018399,gtfs_shape_geometry_fallback,1.0,1.0,0.0494437225942993,34.15289472199553,segment_coverage,full_analysis_network,fallback
transit:762-1@1#730:58:59,transit,S_0018401,gtfs_shape_geometry_fallback,1.0,1.0,0.050925982520167334,49.61124497044948,segment_coverage,full_analysis_network,fallback
transit:762-1@1#730:58:59,transit,S_0018400,gtfs_shape_geometry_fallback,0.372347112749075,0.372347112749075,0.027651549494170754,8.973682704341911,segment_coverage,full_analysis_network,fallback
transit:375-1@1#750:42:43,transit,S_0043214,gtfs_shape_geometry_fallback,1.0,1.0,0.08458732645928108,1.6823526543985565,segment_coverage,full_analysis_network,fallback
transit:T7-2@1#806:23:24,transit,S_0028220,gtfs_shape_geometry_fallback,0.36963355404140114,0.36963355404140114,0.2248492638364989,58.24625094506929,segment_coverage,full_analysis_network,fallback
transit:T7-2@1#806:23:24,transit,S_0028221,gtfs_shape_geometry_fallback,0.601659670208054,0.601659670208054,0.07606803439192007,53.24940656022886,segment_coverage,full_analysis_network,fallback
transit:2672-1@1#732:80:81,transit,S_0015162,gtfs_shape_geometry_fallback,0.4968537048995806,0.4968537048995806,0.3311355864003958,10.522687346991887,segment_coverage,full_analysis_network,fallback
transit:2672-1@1#732:80:81,transit,S_0015138,gtfs_shape_geometry_fallback,0.5244863857889739,0.5244863857889739,0.13563452952458394,10.724504056205035,segment_coverage,full_analysis_network,fallback
transit:2672-1@1#732:80:81,transit,S_0053239,gtfs_shape_geometry_fallback,0.5308063539037045,0.5308063539037045,0.060987095606748205,59.081543061421186,segment_coverage,full_analysis_network,fallback
transit:3973-1@1#755:47:48,transit,S_0033830,gtfs_shape_geometry_fallback,0.6344104981224364,0.6344104981224364,0.15508662468831869,39.95145857543554,segment_coverage,full_analysis_network,fallback
transit:T3-2@1#758:38:39,transit,S_0042628,gtfs_shape_geometry_fallback,0.46013962629244953,0.46013962629244953,0.047602072418217276,1.1257451552967126,segment_coverage,full_analysis_network,fallback
transit:T3-2@1#758:38:39,transit,S_0041093,gtfs_shape_geometry_fallback,1.0,0.568724790802851,1.0,0.4057910306669896,both,full_analysis_network,fallback
transit:3973-1@1#736:76:77,transit,S_0006705,gtfs_shape_geometry_fallback,0.42293384651813914,0.42293384651813914,0.20751869660833497,40.042083036563696,segment_coverage,full_analysis_network,fallback
transit:3973-1@1#736:76:77,transit,S_0006703,gtfs_shape_geometry_fallback,0.8921427527839353,0.8921427527839353,0.17994889898607114,48.77334063528423,segment_coverage,full_analysis_network,fallback
transit:375-1@1#750:43:44,transit,S_0009007,gtfs_shape_geometry_fallback,0.6391381435896188,0.6391381435896188,0.12058127836343306,43.81360466278538,segment_coverage,full_analysis_network,fallback
transit:375-1@1#750:43:44,transit,S_0022128,gtfs_shape_geometry_fallback,1.0,1.0,0.08401717368458578,25.855972673336396,segment_coverage,full_analysis_network,fallback
transit:375-1@1#750:43:44,transit,S_0031169,gtfs_shape_geometry_fallback,0.5411106472196014,0.5411106472196014,0.08821601568644336,47.200103425816835,segment_coverage,full_analysis_network,fallback
transit:375-1@1#750:43:44,transit,S_0022143,gtfs_shape_geometry_fallback,0.5385194327925539,0.5385194327925539,0.2069422460284813,46.70133191176214,segment_coverage,full_analysis_network,fallback
transit:375-1@1#750:43:44,transit,S_0051104,gtfs_shape_geometry_fallback,0.5719490267903639,0.5719490267903639,0.07361485397634064,14.965335387753214,segment_coverage,full_analysis_network,fallback
transit:375-1@1#750:43:44,transit,S_0022127,gtfs_shape_geometry_fallback,0.5052987628428902,0.5052987628428902,0.0684841001752662,46.767095852071705,segment_coverage,full_analysis_network,fallback
transit:3973-1@1#755:48:49,transit,S_0035537,gtfs_shape_geometry_fallback,0.47034079360709474,0.47034079360709474,0.1604882631245012,56.95944770673535,segment_coverage,full_analysis_network,fallback
transit:3973-1@1#755:48:49,transit,S_0035535,gtfs_shape_geometry_fallback,1.0,1.0,0.17835062430562246,13.86091743849704,segment_coverage,full_analysis_network,fallback
transit:3973-1@1#755:48:49,transit,S_0035530,gtfs_shape_geometry_fallback,1.0,1.0,0.19648865571509544,15.459519965401341,segment_coverage,full_analysis_network,fallback
transit:3973-1@1#755:48:49,transit,S_0035526,gtfs_shape_geometry_fallback,0.5617418204526485,0.5617418204526485,0.21278807803399588,37.35497605643921,segment_coverage,full_analysis_network,fallback
transit:3973-1@1#755:48:49,transit,S_0035527,gtfs_shape_geometry_fallback,0.675799406918338,0.675799406918338,0.02897118499977681,32.42179925561739,segment_coverage,full_analysis_network,fallback
transit:3973-1@1#755:48:49,transit,S_0033834,gtfs_shape_geometry_fallback,0.7679759936007354,0.7679759936007354,0.33206685212317116,14.671917480002776,segment_coverage,full_analysis_network,fallback
transit:3973-1@1#755:48:49,transit,S_0035533,gtfs_shape_geometry_fallback,1.0,1.0,0.1761514814739509,26.080983594457507,segment_coverage,full_analysis_network,fallback
transit:189-2@1#800:38:39,transit,S_0054049,gtfs_shape_geometry_fallback,0.7499441281740583,0.7499441281740583,0.2589385354315861,1.9998348034686018,segment_coverage,full_analysis_network,fallback
transit:T12A-1@1#753:56:57,transit,S_0035530,gtfs_shape_geometry_fallback,0.6119883975767454,0.6119883975767454,0.1632735741283429,16.74365632705627,segment_coverage,full_analysis_network,fallback
transit:T12A-1@1#753:56:57,transit,S_0035527,gtfs_shape_geometry_fallback,0.7990674160457618,0.7990674160457618,0.10442297603131347,35.152385338306956,segment_coverage,full_analysis_network,fallback
transit:T8-2@1#818:9:10,transit,S_0035537,gtfs_shape_geometry_fallback,0.47034079360709474,0.47034079360709474,0.1604882631245012,56.95944770673535,segment_coverage,full_analysis_network,fallback
transit:T8-2@1#818:9:10,transit,S_0035535,gtfs_shape_geometry_fallback,1.0,1.0,0.17835062430562246,13.86091743849704,segment_coverage,full_analysis_network,fallback
transit:T8-2@1#818:9:10,transit,S_0035530,gtfs_shape_geometry_fallback,1.0,1.0,0.19648865571509544,15.459519965401341,segment_coverage,full_analysis_network,fallback
transit:T8-2@1#818:9:10,transit,S_0035526,gtfs_shape_geometry_fallback,0.5617418204526485,0.5617418204526485,0.21278807803399588,37.35497605643921,segment_coverage,full_analysis_network,fallback
transit:T8-2@1#818:9:10,transit,S_0035527,gtfs_shape_geometry_fallback,0.675799406918338,0.675799406918338,0.02897118499977681,32.42179925561739,segment_coverage,full_analysis_network,fallback
transit:T8-2@1#818:9:10,transit,S_0033834,gtfs_shape_geometry_fallback,0.7679759936007354,0.7679759936007354,0.33206685212317116,14.671917480002776,segment_coverage,full_analysis_network,fallback
transit:T8-2@1#818:9:10,transit,S_0035533,gtfs_shape_geometry_fallback,1.0,1.0,0.1761514814739509,26.080983594457507,segment_coverage,full_analysis_network,fallback
transit:T1-1@1#813:21:22,transit,S_0048353,gtfs_shape_geometry_fallback,0.5242824386020716,0.3382671798444723,0.5242824386020716,54.37918470663985,shape_coverage,full_analysis_network,fallback
transit:T3-2@1#758:39:40,transit,S_0041093,gtfs_shape_geometry_fallback,1.0,0.3919929243332005,1.0,0.4057910308028454,both,full_analysis_network,fallback
transit:3973-1@1#736:77:78,transit,S_0045847,gtfs_shape_geometry_fallback,1.0,1.0,0.2054109772411165,11.61139707008951,segment_coverage,full_analysis_network,fallback
transit:3973-1@1#736:77:78,transit,S_0045845,gtfs_shape_geometry_fallback,1.0,1.0,0.2899214803918332,13.558395912521409,segment_coverage,full_analysis_network,fallback
transit:3973-1@1#736:77:78,transit,S_0013231,gtfs_shape_geometry_fallback,0.4696047276277767,0.4696047276277767,0.2561821617968701,59.616240585851685,segment_coverage,full_analysis_network,fallback
transit:3973-1@1#736:77:78,transit,S_0045843,gtfs_shape_geometry_fallback,1.0,1.0,0.33042730806447246,11.255591275185857,segment_coverage,full_analysis_network,fallback
transit:3973-1@1#736:77:78,transit,S_0021486,gtfs_shape_geometry_fallback,0.39291606003830687,0.39291606003830687,0.0920439020950129,8.794311971569286,segment_coverage,full_analysis_network,fallback
transit:3973-1@1#736:77:78,transit,S_0051178,gtfs_shape_geometry_fallback,0.40176004977425006,0.40176004977425006,0.16131670229287687,46.75230444102388,segment_coverage,full_analysis_network,fallback
transit:3973-1@1#755:49:50,transit,S_0035530,gtfs_shape_geometry_fallback,0.3660657947439171,0.3660657947439171,0.09997381327316965,21.124725826501702,segment_coverage,full_analysis_network,fallback
transit:3973-1@1#755:49:50,transit,S_0035527,gtfs_shape_geometry_fallback,0.7990674160457618,0.7990674160457618,0.07999489013424134,36.28685826466979,segment_coverage,full_analysis_network,fallback
transit:2672-1@1#732:82:83,transit,S_0016135,gtfs_shape_geometry_fallback,1.0,1.0,0.17739942968063213,25.072181389548973,segment_coverage,full_analysis_network,fallback
transit:T6-1@1#753:39:40,transit,S_0019662,gtfs_shape_geometry_fallback,0.53304014978766,0.53304014978766,0.18650379235468356,49.655525202581345,segment_coverage,full_analysis_network,fallback
transit:T12A-1@1#753:57:58,transit,S_0035537,gtfs_shape_geometry_fallback,0.47034079360709474,0.47034079360709474,0.1752668643562079,56.95944770673532,segment_coverage,full_analysis_network,fallback
transit:T12A-1@1#753:57:58,transit,S_0035535,gtfs_shape_geometry_fallback,1.0,1.0,0.19477408546548303,13.86091743849704,segment_coverage,full_analysis_network,fallback
transit:T12A-1@1#753:57:58,transit,S_0035530,gtfs_shape_geometry_fallback,0.9977350271846847,0.9977350271846847,0.14678606760315907,14.639061355628911,segment_coverage,full_analysis_network,fallback
transit:T12A-1@1#753:57:58,transit,S_0035526,gtfs_shape_geometry_fallback,0.5617418204526485,0.5617418204526485,0.23238272060101123,37.28291773268988,segment_coverage,full_analysis_network,fallback
transit:T12A-1@1#753:57:58,transit,S_0033834,gtfs_shape_geometry_fallback,0.7559284963174506,0.7559284963174506,0.3383563580763345,14.671917479867346,segment_coverage,full_analysis_network,fallback
transit:T12A-1@1#753:57:58,transit,S_0035533,gtfs_shape_geometry_fallback,1.0,1.0,0.19237243402459547,26.080983594457535,segment_coverage,full_analysis_network,fallback
transit:189-2@1#800:39:40,transit,S_0054049,gtfs_shape_geometry_fallback,0.49300936616249724,0.49300936616249724,0.12170520902240321,1.9998348039939344,segment_coverage,full_analysis_network,fallback
transit:375-1@1#750:44:45,transit,S_0009007,gtfs_shape_geometry_fallback,0.5906846917750121,0.5906846917750121,0.37448078277682706,43.69408456747885,both,full_analysis_network,fallback
transit:375-1@1#750:44:45,transit,S_0022128,gtfs_shape_geometry_fallback,0.7731023168032339,0.7731023168032339,0.15960755102766214,25.592377557670318,segment_coverage,full_analysis_network,fallback
transit:375-1@1#750:44:45,transit,S_0031169,gtfs_shape_geometry_fallback,0.6705677169891358,0.6705677169891358,0.44107346725446206,47.080583331011496,both,full_analysis_network,fallback
transit:375-1@1#750:44:45,transit,S_0022127,gtfs_shape_geometry_fallback,0.8058360596467278,0.8058360596467278,0.5030805510811012,46.647575756711575,both,full_analysis_network,fallback
transit:3973-1@1#736:78:79,transit,S_0021228,gtfs_shape_geometry_fallback,0.8905256633513522,0.8905256633513522,0.6776306605219704,0.42600720414583293,both,full_analysis_network,fallback
transit:3973-1@1#736:78:79,transit,S_0021241,gtfs_shape_geometry_fallback,1.0,1.0,0.2628012732978081,0.9186052977327392,segment_coverage,full_analysis_network,fallback
transit:3973-1@1#736:78:79,transit,S_0021486,gtfs_shape_geometry_fallback,1.0,1.0,0.4739678962125665,1.3983855005234176,both,full_analysis_network,fallback
transit:6372-1@1#750:51:52,transit,S_0046349,gtfs_shape_geometry_fallback,0.8045401474283882,0.8045401474283882,0.26784728940767405,4.097756692090087,segment_coverage,full_analysis_network,fallback
transit:6372-1@1#750:51:52,transit,S_0018207,gtfs_shape_geometry_fallback,0.5861587305540763,0.5861587305540763,0.13666833758617394,3.509134905396678,segment_coverage,full_analysis_network,fallback
transit:6372-1@1#750:51:52,transit,S_0020039,gtfs_shape_geometry_fallback,0.41949367847051466,0.41949367847051466,0.17834343663534244,46.90485629240102,segment_coverage,full_analysis_network,fallback
transit:6372-1@1#750:51:52,transit,S_0020037,gtfs_shape_geometry_fallback,1.0,1.0,0.10405288566135351,14.916884074056746,segment_coverage,full_analysis_network,fallback
transit:6372-1@1#750:51:52,transit,S_0013481,gtfs_shape_geometry_fallback,0.6001693413672989,0.6001693413672989,0.16703576475326298,21.948224647570242,segment_coverage,full_analysis_network,fallback
transit:T3-2@1#758:40:41,transit,S_0022116,gtfs_shape_geometry_fallback,0.42906856729719217,0.42906856729719217,0.3416958216381319,0.37151233063880795,segment_coverage,full_analysis_network,fallback
transit:2672-1@1#732:83:84,transit,S_0016135,gtfs_shape_geometry_fallback,0.7193816907783854,0.7193816907783854,0.06683865051811286,21.07173560674633,segment_coverage,full_analysis_network,fallback
transit:2672-1@1#732:83:84,transit,S_0059292,gtfs_shape_geometry_fallback,0.8783623982909831,0.8783623982909831,0.17515429683338837,3.6770136874437753,segment_coverage,full_analysis_network,fallback
transit:2672-1@1#732:83:84,transit,S_0016023,gtfs_shape_geometry_fallback,0.9132445543777419,0.9132445543777419,0.23573005993856708,22.902765647615027,segment_coverage,full_analysis_network,fallback
transit:2672-1@1#732:83:84,transit,S_0016040,gtfs_shape_geometry_fallback,1.0,1.0,0.356588805974104,4.604550226096677,both,full_analysis_network,fallback
transit:2672-1@1#732:83:84,transit,S_0016041,gtfs_shape_geometry_fallback,1.0,1.0,0.25425160448764283,36.96217535266163,segment_coverage,full_analysis_network,fallback
transit:2672-1@1#732:83:84,transit,S_0016004,gtfs_shape_geometry_fallback,0.4508466467527811,0.4508466467527811,0.05862754072445349,9.43181943244727,segment_coverage,full_analysis_network,fallback
transit:T12A-1@1#753:58:59,transit,S_0033830,gtfs_shape_geometry_fallback,0.6344104981224364,0.6344104981224364,0.1545938800580761,39.95145857543554,segment_coverage,full_analysis_network,fallback
transit:T12-2@1#722:101:102,transit,S_0001237,gtfs_shape_geometry_fallback,1.0,1.0,0.03336602834439805,0.5602095419754818,segment_coverage,full_analysis_network,fallback
transit:T12-2@1#722:101:102,transit,S_0001244,gtfs_shape_geometry_fallback,1.0,1.0,0.10815470494585147,21.906995002572287,segment_coverage,full_analysis_network,fallback
transit:T12-2@1#722:101:102,transit,S_0001238,gtfs_shape_geometry_fallback,1.0,1.0,0.10484742115638668,0.5536684436121107,segment_coverage,full_analysis_network,fallback
transit:T12-2@1#722:101:102,transit,S_0001249,gtfs_shape_geometry_fallback,1.0,1.0,0.13979510422584465,0.56429944957911,segment_coverage,full_analysis_network,fallback
transit:T12-2@1#722:101:102,transit,S_0054594,gtfs_shape_geometry_fallback,1.0,1.0,0.47171167135977354,0.6607568038138396,both,full_analysis_network,fallback
transit:T12-2@1#722:101:102,transit,S_0001239,gtfs_shape_geometry_fallback,1.0,1.0,0.10791538532124659,0.1147939853665747,segment_coverage,full_analysis_network,fallback
transit:T12-2@1#722:101:102,transit,S_0054593,gtfs_shape_geometry_fallback,1.0,1.0,0.3047701179660593,0.3708811469494009,segment_coverage,full_analysis_network,fallback
transit:189-2@1#800:40:41,transit,S_0006965,gtfs_shape_geometry_fallback,0.674131796793142,0.674131796793142,0.11181556118693085,0.2638359241859476,segment_coverage,full_analysis_network,fallback
transit:189-2@1#800:40:41,transit,S_0006958,gtfs_shape_geometry_fallback,1.0,1.0,0.46442336848502214,25.188412212587025,both,full_analysis_network,fallback
transit:3973-1@1#736:79:80,transit,S_0021427,gtfs_shape_geometry_fallback,0.39447186462103556,0.39447186462103556,0.1800115603336995,0.6744369862910844,segment_coverage,full_analysis_network,fallback
transit:3973-1@1#736:79:80,transit,S_0010468,gtfs_shape_geometry_fallback,1.0,1.0,0.3854237037328062,0.0537316218049142,both,full_analysis_network,fallback
transit:3973-1@1#736:79:80,transit,S_0011886,gtfs_shape_geometry_fallback,1.0,1.0,0.5212098892631855,0.47791454715290627,both,full_analysis_network,fallback
transit:3973-1@1#736:79:80,transit,S_0055788,gtfs_shape_geometry_fallback,1.0,1.0,0.2758346169535571,8.661604826773228,segment_coverage,full_analysis_network,fallback
transit:3973-1@1#736:79:80,transit,S_0021229,gtfs_shape_geometry_fallback,1.0,1.0,0.1901568812227467,1.0170414815992501,segment_coverage,full_analysis_network,fallback
transit:3973-1@1#736:79:80,transit,S_0021228,gtfs_shape_geometry_fallback,0.40100718499942367,0.40100718499942367,0.16065914179042376,0.3421773153430365,segment_coverage,full_analysis_network,fallback
transit:T8-2@1#818:10:11,transit,S_0035530,gtfs_shape_geometry_fallback,0.3660657947439171,0.3660657947439171,0.09997381327316965,21.124725826501702,segment_coverage,full_analysis_network,fallback
transit:T8-2@1#818:10:11,transit,S_0035527,gtfs_shape_geometry_fallback,0.7990674160457618,0.7990674160457618,0.07999489013424134,36.28685826466979,segment_coverage,full_analysis_network,fallback
transit:6372-1@1#750:52:53,transit,S_0046340,gtfs_shape_geometry_fallback,0.7893981594606058,0.6400938382819791,0.7893981594606058,7.912722651811563,both,full_analysis_network,fallback
transit:6372-1@1#750:52:53,transit,S_0046337,gtfs_shape_geometry_fallback,0.5182103937652514,0.5182103937652514,0.3059975236464967,5.7729482148435665,segment_coverage,full_analysis_network,fallback
transit:6372-1@1#750:52:53,transit,S_0018208,gtfs_shape_geometry_fallback,1.0,1.0,0.44753331745336083,0.7005105000250325,both,full_analysis_network,fallback
transit:6372-1@1#750:52:53,transit,S_0046349,gtfs_shape_geometry_fallback,0.5692309031814815,0.5286112709070381,0.5692309031814815,0.9595616269338478,both,full_analysis_network,fallback
transit:6372-1@1#750:52:53,transit,S_0020041,gtfs_shape_geometry_fallback,0.47482768663979213,0.27151873771956325,0.47482768663979213,40.31476382160956,shape_coverage,full_analysis_network,fallback
transit:6372-1@1#750:52:53,transit,S_0020040,gtfs_shape_geometry_fallback,0.4391420590320538,0.27822095596136553,0.4391420590320538,50.641206824996104,shape_coverage,full_analysis_network,fallback
transit:T6-1@1#753:40:41,transit,S_0021789,gtfs_shape_geometry_fallback,0.37012659953798965,0.37012659953798965,0.2727695401201805,51.48705975001394,segment_coverage,full_analysis_network,fallback
transit:T3-2@1#758:41:42,transit,S_0022116,gtfs_shape_geometry_fallback,0.7377279364602326,0.7015216331314204,0.7377279364602326,0.2677936971576713,both,full_analysis_network,fallback
transit:T3-2@1#758:41:42,transit,S_0049528,gtfs_shape_geometry_fallback,1.0,1.0,0.3067350236463874,30.821653180519007,segment_coverage,full_analysis_network,fallback
transit:T3-2@1#758:41:42,transit,S_0049524,gtfs_shape_geometry_fallback,1.0,1.0,0.26250631674875774,1.314788928319274,segment_coverage,full_analysis_network,fallback
transit:T3-2@1#758:41:42,transit,S_0049523,gtfs_shape_geometry_fallback,1.0,1.0,0.2712087991417256,1.8720558763737216,segment_coverage,full_analysis_network,fallback
transit:T3-2@1#758:41:42,transit,S_0043215,gtfs_shape_geometry_fallback,0.9747353257803489,0.9747353257803489,0.39975976336906227,0.08925972159750017,both,full_analysis_network,fallback
transit:621-2@1#807:30:31,transit,S_0044740,gtfs_shape_geometry_fallback,0.7112619289032817,0.7112619289032817,0.3377626604739254,2.601952854410399,segment_coverage,full_analysis_network,fallback
transit:B55-1@1#745:61:62,transit,S_0005587,gtfs_shape_geometry_fallback,0.462241995420897,0.462241995420897,0.1470003271472093,1.1506513936397766,segment_coverage,full_analysis_network,fallback
transit:B55-1@1#745:61:62,transit,S_0005585,gtfs_shape_geometry_fallback,1.0,1.0,0.3496782170752993,53.8300853691519,segment_coverage,full_analysis_network,fallback
transit:B55-1@1#745:61:62,transit,S_0001105,gtfs_shape_geometry_fallback,1.0,1.0,0.33812437225035347,2.1834740139334627,segment_coverage,full_analysis_network,fallback
transit:B55-1@1#745:61:62,transit,S_0001084,gtfs_shape_geometry_fallback,1.0,1.0,0.46889060511667524,5.05785199665408,both,full_analysis_network,fallback
transit:B55-1@1#745:61:62,transit,S_0055694,gtfs_shape_geometry_fallback,1.0,1.0,0.6375340027616023,57.17639424365764,both,full_analysis_network,fallback
transit:B55-1@1#745:61:62,transit,S_0001086,gtfs_shape_geometry_fallback,1.0,1.0,0.5760842650470146,4.774666418986101,both,full_analysis_network,fallback
transit:B55-1@1#745:61:62,transit,S_0029465,gtfs_shape_geometry_fallback,0.48258812036666726,0.48258812036666726,0.34232117172983734,24.134838063152138,segment_coverage,full_analysis_network,fallback
transit:B55-1@1#745:61:62,transit,S_0029468,gtfs_shape_geometry_fallback,1.0,1.0,0.47489229774987674,5.181470181724379,both,full_analysis_network,fallback
transit:B55-1@1#745:61:62,transit,S_0029467,gtfs_shape_geometry_fallback,1.0,1.0,0.5378551909205653,1.3595161395739837,both,full_analysis_network,fallback
transit:B55-1@1#745:61:62,transit,S_0029218,gtfs_shape_geometry_fallback,1.0,1.0,0.3057358227053254,0.5019553989320826,segment_coverage,full_analysis_network,fallback
transit:B55-1@1#745:61:62,transit,S_0029219,gtfs_shape_geometry_fallback,0.960944166313457,0.960944166313457,0.1572149146609379,1.6151261906206287,segment_coverage,full_analysis_network,fallback
transit:3946-1@1#824:8:9,transit,S_0050689,gtfs_shape_geometry_fallback,0.6303874566923001,0.6303874566923001,0.5843866119086688,37.46318706808422,both,full_analysis_network,fallback
transit:3946-1@1#824:8:9,transit,S_0004837,gtfs_shape_geometry_fallback,0.571693439700972,0.571693439700972,0.2506247174903546,30.34075436859799,segment_coverage,full_analysis_network,fallback
transit:3946-1@1#824:8:9,transit,S_0004871,gtfs_shape_geometry_fallback,0.5917778605743195,0.5917778605743195,0.2753564194857296,29.924195575861575,segment_coverage,full_analysis_network,fallback
transit:T12A-1@1#753:59:60,transit,S_0043394,gtfs_shape_geometry_fallback,0.6665537252310642,0.6665537252310642,0.06635679049470679,16.03650065936914,segment_coverage,full_analysis_network,fallback
transit:T12A-1@1#753:59:60,transit,S_0017085,gtfs_shape_geometry_fallback,0.7964050865172818,0.7964050865172818,0.16797100968236267,14.233188933721507,segment_coverage,full_analysis_network,fallback
transit:T5-1@1#822:9:10,transit,S_0059553,gtfs_shape_geometry_fallback,0.9470493541601314,0.008285890955565763,0.9470493541601314,8.21215494310485,shape_coverage,full_analysis_network,fallback
transit:T5-1@1#822:9:10,transit,S_0047524,gtfs_shape_geometry_fallback,0.5849192268856401,0.26531357662016775,0.5849192268856401,6.688706921925622,shape_coverage,full_analysis_network,fallback
transit:T5-1@1#822:9:10,transit,S_0047511,gtfs_shape_geometry_fallback,0.49021338985387247,0.49021338985387247,0.48662856281618444,2.1626463788690984,both,full_analysis_network,fallback
transit:T5-1@1#822:9:10,transit,S_0047525,gtfs_shape_geometry_fallback,1.0,1.0,1.0,13.296145109478054,both,full_analysis_network,fallback
transit:T5-1@1#822:9:10,transit,S_0047521,gtfs_shape_geometry_fallback,1.0,1.0,1.0,21.758053993923482,both,full_analysis_network,fallback
transit:T5-1@1#822:9:10,transit,S_0059175,gtfs_shape_geometry_fallback,0.888003182097306,0.24142150842958351,0.888003182097306,18.509849188088964,shape_coverage,full_analysis_network,fallback
transit:T5-1@1#822:9:10,transit,S_0059312,gtfs_shape_geometry_fallback,0.8655957779188195,0.10425335572677467,0.8655957779188195,10.849414291291744,shape_coverage,full_analysis_network,fallback
transit:189-2@1#800:41:42,transit,S_0006966,gtfs_shape_geometry_fallback,0.4384346274209001,0.12241917087567354,0.4384346274209001,41.30587696942635,shape_coverage,full_analysis_network,fallback
transit:189-2@1#800:41:42,transit,S_0006964,gtfs_shape_geometry_fallback,1.0,1.0,0.49656496587446536,0.9084437144809101,both,full_analysis_network,fallback
transit:189-2@1#800:41:42,transit,S_0006965,gtfs_shape_geometry_fallback,1.0,1.0,0.5118420582601447,0.26383592379145426,both,full_analysis_network,fallback
transit:189-2@1#800:41:42,transit,S_0006958,gtfs_shape_geometry_fallback,0.4189989330523782,0.4189989330523782,0.285346620922688,25.188412212587025,segment_coverage,full_analysis_network,fallback
transit:189-2@1#800:41:42,transit,S_0006961,gtfs_shape_geometry_fallback,1.0,1.0,0.41622327376982415,0.6920722970587718,both,full_analysis_network,fallback
transit:189-2@1#800:41:42,transit,S_0006959,gtfs_shape_geometry_fallback,1.0,1.0,0.2932861796000865,0.06766550897097545,segment_coverage,full_analysis_network,fallback
transit:189-2@1#800:41:42,transit,S_0007693,gtfs_shape_geometry_fallback,0.3848281516599076,0.3848281516599076,0.16691646233648835,0.11793620302390195,segment_coverage,full_analysis_network,fallback
transit:6372-1@1#750:53:54,transit,S_0046599,gtfs_shape_geometry_fallback,0.38951559409451475,0.38951559409451475,0.31621564809934316,50.875598875953244,segment_coverage,full_analysis_network,fallback
transit:6372-1@1#750:53:54,transit,S_0046341,gtfs_shape_geometry_fallback,0.7876694081560707,0.7876694081560707,0.3575608364729187,0.33830586245896654,both,full_analysis_network,fallback
transit:6372-1@1#750:53:54,transit,S_0046340,gtfs_shape_geometry_fallback,0.47813733727487906,0.47813733727487906,0.23528074680595543,3.8608808398200267,segment_coverage,full_analysis_network,fallback
transit:T3-2@1#758:42:43,transit,S_0043215,gtfs_shape_geometry_fallback,0.36272062635883623,0.36272062635883623,0.16898433491264517,0.0892597217267479,segment_coverage,full_analysis_network,fallback
transit:T3-2@1#758:42:43,transit,S_0012620,gtfs_shape_geometry_fallback,0.36946597856636415,0.36946597856636415,0.19331940315399887,35.2302583291453,segment_coverage,full_analysis_network,fallback
transit:T3-2@1#758:42:43,transit,S_0031177,gtfs_shape_geometry_fallback,0.6738322128014034,0.6738322128014034,0.17755466472995776,54.33014303647086,segment_coverage,full_analysis_network,fallback
transit:T6-1@1#753:41:42,transit,S_0021805,gtfs_shape_geometry_fallback,0.6407403469487655,0.38656521892898604,0.6407403469487655,38.93123649313418,both,full_analysis_network,fallback
transit:2672-1@1#732:85:86,transit,S_0000484,gtfs_shape_geometry_fallback,0.37425878055008177,0.37425878055008177,0.2512151591553989,58.57941082288008,segment_coverage,full_analysis_network,fallback
transit:B55-1@1#745:62:63,transit,S_0029218,gtfs_shape_geometry_fallback,1.0,1.0,0.24908604537937562,0.828696117494772,segment_coverage,full_analysis_network,fallback
transit:B55-1@1#745:62:63,transit,S_0029219,gtfs_shape_geometry_fallback,1.0,1.0,0.49155176641960346,2.0956685707296003,both,full_analysis_network,fallback
transit:B55-1@1#745:62:63,transit,S_0035750,gtfs_shape_geometry_fallback,1.0,1.0,0.5447812778632349,0.3014587783907814,both,full_analysis_network,fallback
transit:B55-1@1#745:62:63,transit,S_0029217,gtfs_shape_geometry_fallback,1.0,1.0,0.9292858646951,0.9125090155092863,both,full_analysis_network,fallback
transit:B55-1@1#745:62:63,transit,S_0029216,gtfs_shape_geometry_fallback,0.5802569552628792,0.5802569552628792,0.17951494495631903,1.3218443333187935,segment_coverage,full_analysis_network,fallback
transit:268-1@1#730:87:88,transit,S_0047172,gtfs_shape_geometry_fallback,0.6835209881463005,0.6835209881463005,0.08625232033884749,42.81318540102973,segment_coverage,full_analysis_network,fallback
transit:T12A-1@1#819:18:19,transit,S_0019601,gtfs_shape_geometry_fallback,0.9371854486270833,0.9371854486270833,0.8572556956058272,0.9501034876917487,both,full_analysis_network,fallback
transit:T12A-1@1#819:18:19,transit,S_0020098,gtfs_shape_geometry_fallback,1.0,1.0,0.25330968833919,0.26137194993049206,segment_coverage,full_analysis_network,fallback
transit:T12A-1@1#819:18:19,transit,S_0051445,gtfs_shape_geometry_fallback,1.0,1.0,0.2656497654936143,0.25574987371972213,segment_coverage,full_analysis_network,fallback
transit:286-2@1#740:82:83,transit,S_0050689,gtfs_shape_geometry_fallback,0.6303874566923001,0.6303874566923001,0.5843866119086688,37.46318706808422,both,full_analysis_network,fallback
transit:286-2@1#740:82:83,transit,S_0004837,gtfs_shape_geometry_fallback,0.571693439700972,0.571693439700972,0.2506247174903546,30.34075436859799,segment_coverage,full_analysis_network,fallback
transit:286-2@1#740:82:83,transit,S_0004871,gtfs_shape_geometry_fallback,0.5917778605743195,0.5917778605743195,0.2753564194857296,29.924195575861575,segment_coverage,full_analysis_network,fallback
transit:T1-1@1#813:25:26,transit,S_0035193,gtfs_shape_geometry_fallback,0.49691824163639925,0.49691824163639925,0.2283155417676396,0.2856886222899675,segment_coverage,full_analysis_network,fallback
transit:T1-1@1#813:25:26,transit,S_0035194,gtfs_shape_geometry_fallback,0.35441945502110306,0.35441945502110306,0.2909779383115685,55.27397436836465,segment_coverage,full_analysis_network,fallback
transit:T1-1@1#813:25:26,transit,S_0035195,gtfs_shape_geometry_fallback,1.0,1.0,0.626243565667499,1.270372849992924,both,full_analysis_network,fallback
transit:T1-1@1#813:25:26,transit,S_0035199,gtfs_shape_geometry_fallback,0.48590172115757335,0.48590172115757335,0.28992259468473663,57.395824769108074,segment_coverage,full_analysis_network,fallback
transit:T1-1@1#813:25:26,transit,S_0043800,gtfs_shape_geometry_fallback,0.9788778231694453,0.9788778231694453,0.46097957930201017,0.8397202054708828,both,full_analysis_network,fallback
transit:T5-1@1#822:10:11,transit,S_0047524,gtfs_shape_geometry_fallback,1.0,0.7487135982140952,1.0,6.688706923248425,both,full_analysis_network,fallback
transit:T5-1@1#822:10:11,transit,S_0047511,gtfs_shape_geometry_fallback,1.0,1.0,1.0,2.1626463801919016,both,full_analysis_network,fallback
transit:T5-1@1#822:10:11,transit,S_0047525,gtfs_shape_geometry_fallback,1.0,1.0,1.0,13.296145110800857,both,full_analysis_network,fallback
transit:T5-1@1#822:10:11,transit,S_0047521,gtfs_shape_geometry_fallback,1.0,1.0,1.0,21.758053995246286,both,full_analysis_network,fallback
transit:5203-1@1#811:22:23,transit,S_0001856,gtfs_shape_geometry_fallback,1.0,1.0,0.07705282797732553,42.5282901437642,segment_coverage,full_analysis_network,fallback
transit:T12A-1@1#819:19:20,transit,S_0019601,gtfs_shape_geometry_fallback,1.0,0.21777435527186165,1.0,1.299337513248517,shape_coverage,full_analysis_network,fallback
transit:3946-1@1#824:10:11,transit,S_0037933,gtfs_shape_geometry_fallback,0.39067713304467283,0.39067713304467283,0.07326832086753238,12.443376653976976,segment_coverage,full_analysis_network,fallback
transit:375-1@1#750:47:48,transit,S_0002707,gtfs_shape_geometry_fallback,1.0,1.0,0.33619322695398896,12.829292479263813,segment_coverage,full_analysis_network,fallback
transit:375-1@1#750:47:48,transit,S_0032469,gtfs_shape_geometry_fallback,1.0,1.0,0.11134227518078263,2.387587102177207,segment_coverage,full_analysis_network,fallback
transit:375-1@1#750:47:48,transit,S_0032471,gtfs_shape_geometry_fallback,1.0,1.0,0.3162375823308581,1.4574784257755198,segment_coverage,full_analysis_network,fallback
transit:375-1@1#750:47:48,transit,S_0011845,gtfs_shape_geometry_fallback,1.0,1.0,0.0968935486939368,1.9913130366255736,segment_coverage,full_analysis_network,fallback
transit:375-1@1#750:47:48,transit,S_0001637,gtfs_shape_geometry_fallback,0.7013251525403347,0.7013251525403347,0.10100905690260921,34.939675063070325,segment_coverage,full_analysis_network,fallback
transit:375-1@1#750:47:48,transit,S_0011847,gtfs_shape_geometry_fallback,0.671717724498109,0.671717724498109,0.10422215255992184,38.07583317507951,segment_coverage,full_analysis_network,fallback
transit:375-1@1#750:47:48,transit,S_0030253,gtfs_shape_geometry_fallback,1.0,1.0,0.19746407071162447,33.64096385523294,segment_coverage,full_analysis_network,fallback
transit:375-1@1#750:47:48,transit,S_0030249,gtfs_shape_geometry_fallback,1.0,1.0,0.18779169464623663,8.137447231984645,segment_coverage,full_analysis_network,fallback
transit:375-1@1#750:47:48,transit,S_0011887,gtfs_shape_geometry_fallback,1.0,1.0,0.161028338985492,45.17249157772984,segment_coverage,full_analysis_network,fallback
transit:375-1@1#750:47:48,transit,S_0001638,gtfs_shape_geometry_fallback,1.0,1.0,0.09268734014235051,1.1574706158601096,segment_coverage,full_analysis_network,fallback
transit:375-1@1#750:47:48,transit,S_0011888,gtfs_shape_geometry_fallback,1.0,1.0,0.11781495128516044,35.42235378097993,segment_coverage,full_analysis_network,fallback
transit:375-1@1#750:47:48,transit,S_0021430,gtfs_shape_geometry_fallback,0.3541073796640499,0.3541073796640499,0.0549150705977375,45.89267406463313,segment_coverage,full_analysis_network,fallback
transit:286-2@1#740:84:85,transit,S_0037933,gtfs_shape_geometry_fallback,0.39067713304467283,0.39067713304467283,0.07326832086753238,12.443376653976976,segment_coverage,full_analysis_network,fallback
transit:3973-1@1#755:54:55,transit,S_0020967,gtfs_shape_geometry_fallback,1.0,0.5306877748486519,1.0,3.488371642614055,both,full_analysis_network,fallback
transit:T12A-1@1#819:20:21,transit,S_0054589,gtfs_shape_geometry_fallback,0.9430056865814521,0.9430056865814521,0.37437561954801574,0.9023680706228987,both,full_analysis_network,fallback
transit:T12A-1@1#819:20:21,transit,S_0030967,gtfs_shape_geometry_fallback,1.0,1.0,0.3474164766068283,1.0178076122335824,segment_coverage,full_analysis_network,fallback
transit:T12A-1@1#819:20:21,transit,S_0027334,gtfs_shape_geometry_fallback,1.0,1.0,0.19537712712803015,1.108368210370486,segment_coverage,full_analysis_network,fallback
transit:T12A-1@1#819:20:21,transit,S_0019602,gtfs_shape_geometry_fallback,1.0,1.0,0.27992395615805427,0.4221400413116214,segment_coverage,full_analysis_network,fallback
transit:268-1@1#730:89:90,transit,S_0021652,gtfs_shape_geometry_fallback,0.49957717878318025,0.49957717878318025,0.23866256670654806,45.31828661904427,segment_coverage,full_analysis_network,fallback
transit:268-1@1#730:89:90,transit,S_0021643,gtfs_shape_geometry_fallback,1.0,1.0,0.1539062845632534,3.7637275528591942,segment_coverage,full_analysis_network,fallback
transit:268-1@1#730:89:90,transit,S_0021644,gtfs_shape_geometry_fallback,1.0,1.0,0.12738594776811923,28.503110500134184,segment_coverage,full_analysis_network,fallback
transit:268-1@1#730:89:90,transit,S_0021650,gtfs_shape_geometry_fallback,1.0,1.0,0.37265362096728827,1.2210298790675438,both,full_analysis_network,fallback
transit:268-1@1#730:89:90,transit,S_0022146,gtfs_shape_geometry_fallback,0.5125346476751539,0.5125346476751539,0.15581336221643802,2.770775951824561,segment_coverage,full_analysis_network,fallback
transit:268-1@1#730:89:90,transit,S_0021651,gtfs_shape_geometry_fallback,1.0,1.0,0.2995883509193605,7.312314998432882,segment_coverage,full_analysis_network,fallback
transit:268-1@1#730:89:90,transit,S_0021640,gtfs_shape_geometry_fallback,0.6628834768687731,0.6628834768687731,0.1986649328376166,5.360629190998424,segment_coverage,full_analysis_network,fallback
transit:268-1@1#730:89:90,transit,S_0022145,gtfs_shape_geometry_fallback,1.0,1.0,0.12358692333451654,0.9240337861720036,segment_coverage,full_analysis_network,fallback
transit:268-1@1#730:89:90,transit,S_0010424,gtfs_shape_geometry_fallback,0.7719528485805524,0.7719528485805524,0.055845153724946736,20.676018658935263,segment_coverage,full_analysis_network,fallback
transit:T12-2@1#722:105:106,transit,S_0054579,gtfs_shape_geometry_fallback,0.40895096968340966,0.3646678533004005,0.40895096968340966,36.47760054181954,both,full_analysis_network,fallback
transit:3946-1@1#824:11:12,transit,S_0037935,gtfs_shape_geometry_fallback,1.0,1.0,0.23325555336119105,4.074305490028593,segment_coverage,full_analysis_network,fallback
transit:3946-1@1#824:11:12,transit,S_0005077,gtfs_shape_geometry_fallback,0.9096122499223466,0.7065102990417762,0.9096122499223466,0.7193738154017524,both,full_analysis_network,fallback
transit:5203-1@1#811:23:24,transit,S_0043735,gtfs_shape_geometry_fallback,0.7970612799834866,0.7970612799834866,0.47068010872054616,39.02078481329005,both,full_analysis_network,fallback
transit:5203-1@1#811:23:24,transit,S_0001856,gtfs_shape_geometry_fallback,1.0,1.0,0.09865184752016512,32.18144222432887,segment_coverage,full_analysis_network,fallback
transit:375-1@1#750:48:49,transit,S_0040584,gtfs_shape_geometry_fallback,1.0,1.0,0.4126256409902861,1.5186583905864381,both,full_analysis_network,fallback
transit:T6-1@1#753:43:44,transit,S_0019714,gtfs_shape_geometry_fallback,0.3986296261583665,0.3986296261583665,0.09433272084347458,6.499077242407367,segment_coverage,full_analysis_network,fallback
transit:T6-1@1#753:43:44,transit,S_0017530,gtfs_shape_geometry_fallback,0.5139459145490987,0.5139459145490987,0.06490069002366747,44.81023158644204,segment_coverage,full_analysis_network,fallback
transit:189-2@1#800:44:45,transit,S_0045633,gtfs_shape_geometry_fallback,0.5634195274511004,0.5219845278839064,0.5634195274511004,22.78242986569863,both,full_analysis_network,fallback
transit:286-2@1#740:85:86,transit,S_0037935,gtfs_shape_geometry_fallback,1.0,1.0,0.1861322912861543,4.074305490028593,segment_coverage,full_analysis_network,fallback
transit:286-2@1#740:85:86,transit,S_0005077,gtfs_shape_geometry_fallback,0.9278727610823387,0.9116801875161286,0.9278727610823387,0.7193738154017524,both,full_analysis_network,fallback
transit:T3-2@1#747:59:60,transit,S_0043697,gtfs_shape_geometry_fallback,1.0,1.0,0.41899180308092376,0.19821253362972868,both,full_analysis_network,fallback
transit:T3-2@1#747:59:60,transit,S_0043698,gtfs_shape_geometry_fallback,1.0,1.0,0.42941542380879,1.431088912694932,both,full_analysis_network,fallback
transit:T3-2@1#747:59:60,transit,S_0044610,gtfs_shape_geometry_fallback,1.0,1.0,0.14291140842705635,0.4061449173042604,segment_coverage,full_analysis_network,fallback
transit:T3-2@1#747:59:60,transit,S_0041619,gtfs_shape_geometry_fallback,0.7648646292224789,0.7648646292224789,0.2536925999689299,0.440072286565794,segment_coverage,full_analysis_network,fallback
transit:6372-1@1#750:56:57,transit,S_0013908,gtfs_shape_geometry_fallback,0.6585934738262075,0.6585934738262075,0.11098949016143962,35.245293636381575,segment_coverage,full_analysis_network,fallback
transit:6372-1@1#750:56:57,transit,S_0042089,gtfs_shape_geometry_fallback,1.0,1.0,0.138068446464248,30.813846544915194,segment_coverage,full_analysis_network,fallback
transit:6372-1@1#750:56:57,transit,S_0042088,gtfs_shape_geometry_fallback,1.0,1.0,0.13803793485908916,56.90200715981014,segment_coverage,full_analysis_network,fallback
transit:6372-1@1#750:56:57,transit,S_0042087,gtfs_shape_geometry_fallback,1.0,1.0,0.14960019843274053,30.60614288246427,segment_coverage,full_analysis_network,fallback
transit:6372-1@1#750:56:57,transit,S_0042086,gtfs_shape_geometry_fallback,1.0,1.0,0.15340612387542749,58.70608760871579,segment_coverage,full_analysis_network,fallback
transit:6372-1@1#750:56:57,transit,S_0042085,gtfs_shape_geometry_fallback,1.0,1.0,0.1892323436501114,44.82696176481555,segment_coverage,full_analysis_network,fallback
transit:6372-1@1#750:56:57,transit,S_0030939,gtfs_shape_geometry_fallback,1.0,1.0,0.13282593688237535,31.66158761623815,segment_coverage,full_analysis_network,fallback
transit:6372-1@1#750:56:57,transit,S_0042084,gtfs_shape_geometry_fallback,1.0,1.0,0.21401818553523863,30.626544303116532,segment_coverage,full_analysis_network,fallback
transit:6372-1@1#750:56:57,transit,S_0030938,gtfs_shape_geometry_fallback,1.0,1.0,0.20342730348943275,59.34374657518669,segment_coverage,full_analysis_network,fallback
transit:6372-1@1#750:56:57,transit,S_0041129,gtfs_shape_geometry_fallback,0.5073310907459728,0.5073310907459728,0.24025052328672877,58.9727739822867,segment_coverage,full_analysis_network,fallback
transit:2672-1@1#732:88:89,transit,S_0005506,gtfs_shape_geometry_fallback,0.6190605515752193,0.6190605515752193,0.4082952562699558,40.258412073243534,both,full_analysis_network,fallback
transit:2672-1@1#732:88:89,transit,S_0008746,gtfs_shape_geometry_fallback,0.7072384847979243,0.7072384847979243,0.27373722517249355,43.611895510955634,segment_coverage,full_analysis_network,fallback
transit:268-1@1#730:90:91,transit,S_0022145,gtfs_shape_geometry_fallback,0.9146596726257245,0.9146596726257245,0.12333371185058639,1.0863079493996821,segment_coverage,full_analysis_network,fallback
transit:268-1@1#730:90:91,transit,S_0010424,gtfs_shape_geometry_fallback,0.9087125384893836,0.9087125384893836,0.12321860412956233,20.433919257816683,segment_coverage,full_analysis_network,fallback
transit:268-1@1#730:90:91,transit,S_0010425,gtfs_shape_geometry_fallback,1.0,1.0,0.15385855230498688,1.344824585369821,segment_coverage,full_analysis_network,fallback
transit:268-1@1#730:90:91,transit,S_0001771,gtfs_shape_geometry_fallback,1.0,1.0,0.37374048169210417,1.578834560277187,both,full_analysis_network,fallback
transit:268-1@1#730:90:91,transit,S_0001770,gtfs_shape_geometry_fallback,1.0,1.0,0.19243364552895775,1.636734543334427,segment_coverage,full_analysis_network,fallback
transit:268-1@1#730:90:91,transit,S_0010423,gtfs_shape_geometry_fallback,1.0,1.0,0.6064399069167489,0.16902090528164138,both,full_analysis_network,fallback
transit:4382-2@1#831:2:3,transit,S_0031983,gtfs_shape_geometry_fallback,1.0,1.0,0.1465404506332381,13.555846510275593,segment_coverage,full_analysis_network,fallback
transit:5203-1@1#811:24:25,transit,S_0043733,gtfs_shape_geometry_fallback,0.5071246113405115,0.29354352095369207,0.5071246113405115,52.05330920892659,shape_coverage,full_analysis_network,fallback
transit:5203-1@1#811:24:25,transit,S_0043734,gtfs_shape_geometry_fallback,0.653358209936043,0.5545352914227905,0.653358209936043,39.74144170380245,both,full_analysis_network,fallback
transit:5203-1@1#811:24:25,transit,S_0019764,gtfs_shape_geometry_fallback,0.5266901832334162,0.3503045963792222,0.5266901832334162,49.03412285236158,both,full_analysis_network,fallback
transit:T12A-1@1#753:64:65,transit,S_0019074,gtfs_shape_geometry_fallback,0.4531836882043734,0.4531836882043734,0.016199083807565507,44.925440185994475,segment_coverage,full_analysis_network,fallback
transit:T12A-1@1#753:64:65,transit,S_0037686,gtfs_shape_geometry_fallback,1.0,1.0,0.20230255819265203,2.298916964726658,segment_coverage,full_analysis_network,fallback
transit:286-2@1#740:86:87,transit,S_0005077,gtfs_shape_geometry_fallback,0.48500224728661406,0.198771995150876,0.48500224728661406,3.9758018815598746,shape_coverage,full_analysis_network,fallback
transit:286-2@1#740:86:87,transit,S_0005010,gtfs_shape_geometry_fallback,0.4791983617186734,0.4791983617186734,0.23471792712336498,17.847436092774913,segment_coverage,full_analysis_network,fallback
transit:375-1@1#750:49:50,transit,S_0049087,gtfs_shape_geometry_fallback,1.0,1.0,0.2690552447429493,30.341286807902577,segment_coverage,full_analysis_network,fallback
transit:T1-1@1#813:28:29,transit,S_0005769,gtfs_shape_geometry_fallback,0.9388434095167252,0.9388434095167252,0.02578333640312706,0.8659447423354294,segment_coverage,full_analysis_network,fallback
transit:3973-1@1#755:56:57,transit,S_0056061,gtfs_shape_geometry_fallback,1.0,1.0,0.2189101070181985,15.277987976180697,segment_coverage,full_analysis_network,fallback
transit:3973-1@1#755:56:57,transit,S_0056059,gtfs_shape_geometry_fallback,1.0,1.0,0.23669741263889466,3.3796989995039155,segment_coverage,full_analysis_network,fallback
transit:T3-2@1#747:60:61,transit,S_0041619,gtfs_shape_geometry_fallback,0.545542955618159,0.545542955618159,0.13318160566039225,0.35914992473799146,segment_coverage,full_analysis_network,fallback
transit:T3-2@1#747:60:61,transit,S_0041579,gtfs_shape_geometry_fallback,1.0,1.0,0.2690337894386528,0.01163026087638741,segment_coverage,full_analysis_network,fallback
transit:T3-2@1#747:60:61,transit,S_0041578,gtfs_shape_geometry_fallback,1.0,1.0,0.42130152982682845,0.011360234476981645,both,full_analysis_network,fallback
transit:T3-2@1#747:60:61,transit,S_0041591,gtfs_shape_geometry_fallback,1.0,1.0,0.31868108176159454,0.03929245533856829,segment_coverage,full_analysis_network,fallback
transit:T3-2@1#747:60:61,transit,S_0035440,gtfs_shape_geometry_fallback,0.6366399638261193,0.6366399638261193,0.15615998271583184,0.26829154806323174,segment_coverage,full_analysis_network,fallback
transit:T6-1@1#753:44:45,transit,S_0021895,gtfs_shape_geometry_fallback,0.7383212127774845,0.4361394819903402,0.7383212127774845,1.508580651917839,both,full_analysis_network,fallback
transit:T6-2@1#828:6:7,transit,S_0013880,gtfs_shape_geometry_fallback,1.0,1.0,0.20888908730656225,58.40351863948602,segment_coverage,full_analysis_network,fallback
transit:T6-2@1#828:6:7,transit,S_0001712,gtfs_shape_geometry_fallback,1.0,1.0,0.15944187611856686,27.246877037982628,segment_coverage,full_analysis_network,fallback
transit:T6-2@1#828:6:7,transit,S_0021241,gtfs_shape_geometry_fallback,1.0,1.0,0.1396435474139909,0.9186052977327392,segment_coverage,full_analysis_network,fallback
transit:T6-2@1#828:6:7,transit,S_0021486,gtfs_shape_geometry_fallback,1.0,1.0,0.25185021958575526,1.3983855005234176,segment_coverage,full_analysis_network,fallback
transit:2672-1@1#732:89:90,transit,S_0008746,gtfs_shape_geometry_fallback,0.6577267593801182,0.6577267593801182,0.1698197818737987,43.61189551003088,segment_coverage,full_analysis_network,fallback
transit:621-2@1#807:34:35,transit,S_0023108,gtfs_shape_geometry_fallback,0.3991332838880135,0.2777008266097675,0.3991332838880135,44.0032883358089,shape_coverage,full_analysis_network,fallback
transit:286-2@1#740:87:88,transit,S_0030369,gtfs_shape_geometry_fallback,0.6312546983063663,0.6312546983063663,0.25248389262137644,17.120243246581254,segment_coverage,full_analysis_network,fallback
transit:6372-1@1#750:58:59,transit,S_0043372,gtfs_shape_geometry_fallback,1.0,1.0,0.3538934342473372,3.8808380370384157,both,full_analysis_network,fallback
transit:T12A-1@1#753:66:67,transit,S_0037694,gtfs_shape_geometry_fallback,1.0,1.0,0.7663899326422708,1.001617982062612,both,full_analysis_network,fallback
transit:346-2@1#811:30:31,transit,S_0043214,gtfs_shape_geometry_fallback,1.0,1.0,0.1191161839293057,1.6823526543985565,segment_coverage,full_analysis_network,fallback
transit:T1-1@1#813:30:31,transit,S_0036017,gtfs_shape_geometry_fallback,0.918588953025716,0.918588953025716,0.6865004058283819,5.069785636553547,both,full_analysis_network,fallback
transit:T1-1@1#813:30:31,transit,S_0022160,gtfs_shape_geometry_fallback,0.4344592005424995,0.4344592005424995,0.351300535120857,22.80764192348896,both,full_analysis_network,fallback
transit:T5-1@1#822:14:15,transit,S_0041605,gtfs_shape_geometry_fallback,0.5647510786268791,0.5647510786268791,0.28560301989626496,0.26320597706254034,segment_coverage,full_analysis_network,fallback
transit:T5-1@1#822:14:15,transit,S_0054643,gtfs_shape_geometry_fallback,1.0,1.0,0.6835342430591947,0.23572458678421526,both,full_analysis_network,fallback
transit:T5-1@1#822:14:15,transit,S_0057426,gtfs_shape_geometry_fallback,0.7860335433355885,0.7860335433355885,0.3344105458772644,17.731656736309418,segment_coverage,full_analysis_network,fallback
transit:T5-1@1#822:14:15,transit,S_0057367,gtfs_shape_geometry_fallback,0.6674607524767006,0.6674607524767006,0.3804826142494748,0.23425384563499563,both,full_analysis_network,fallback
transit:T5-1@1#822:14:15,transit,S_0012748,gtfs_shape_geometry_fallback,0.5174839906718852,0.5174839906718852,0.3344105458772644,17.7333285432112,segment_coverage,full_analysis_network,fallback
transit:T5-1@1#822:14:15,transit,S_0012747,gtfs_shape_geometry_fallback,0.4611326639962723,0.4611326639962723,0.3804826142494748,0.23543426407889,both,full_analysis_network,fallback
transit:2672-1@1#732:91:92,transit,S_0008633,gtfs_shape_geometry_fallback,0.5479554926876353,0.5479554926876353,0.1664553924267565,3.569961600979582,segment_coverage,full_analysis_network,fallback
transit:2672-1@1#732:91:92,transit,S_0004120,gtfs_shape_geometry_fallback,0.5287046848761288,0.5287046848761288,0.14743720844909536,49.11370650732596,segment_coverage,full_analysis_network,fallback
transit:2672-1@1#732:91:92,transit,S_0000265,gtfs_shape_geometry_fallback,0.5004936659971444,0.5004936659971444,0.2079496150945841,51.87185697218547,segment_coverage,full_analysis_network,fallback
transit:5203-1@1#811:26:27,transit,S_0042314,gtfs_shape_geometry_fallback,0.5693569880099226,0.5693569880099226,0.4822525426540694,4.130446577158592,both,full_analysis_network,fallback
transit:3973-1@1#755:59:60,transit,S_0049786,gtfs_shape_geometry_fallback,1.0,1.0,0.10027289264997448,15.638724901267295,segment_coverage,full_analysis_network,fallback
transit:3973-1@1#755:59:60,transit,S_0049789,gtfs_shape_geometry_fallback,0.4281514701007465,0.4281514701007465,0.03320618792604005,20.120109091756234,segment_coverage,full_analysis_network,fallback
transit:621-2@1#807:37:38,transit,S_0049853,gtfs_shape_geometry_fallback,1.0,1.0,0.38003806425796915,1.5567610214989784,both,full_analysis_network,fallback
transit:621-2@1#807:37:38,transit,S_0049852,gtfs_shape_geometry_fallback,1.0,1.0,0.3832217649944415,15.005945915376898,both,full_analysis_network,fallback
transit:621-2@1#807:37:38,transit,S_0012513,gtfs_shape_geometry_fallback,1.0,1.0,0.08272162235705886,1.1900197917770754,segment_coverage,full_analysis_network,fallback
transit:621-2@1#807:37:38,transit,S_0031664,gtfs_shape_geometry_fallback,1.0,1.0,0.13040425885875248,28.314813405150353,segment_coverage,full_analysis_network,fallback
transit:621-2@1#807:37:38,transit,S_0031676,gtfs_shape_geometry_fallback,1.0,1.0,0.337543651077686,20.807908602906664,segment_coverage,full_analysis_network,fallback
transit:621-2@1#807:37:38,transit,S_0049843,gtfs_shape_geometry_fallback,1.0,1.0,0.345886137455635,3.8986906139772515,segment_coverage,full_analysis_network,fallback
transit:621-2@1#807:37:38,transit,S_0049842,gtfs_shape_geometry_fallback,1.0,1.0,0.23985879893276615,8.983391881459028,segment_coverage,full_analysis_network,fallback
transit:621-2@1#807:37:38,transit,S_0031674,gtfs_shape_geometry_fallback,0.7189764379562592,0.7189764379562592,0.3390126750720099,5.505260409963114,segment_coverage,full_analysis_network,fallback
transit:621-2@1#807:37:38,transit,S_0046939,gtfs_shape_geometry_fallback,0.4801845569731668,0.4801845569731668,0.32974100928216876,2.7420797365879253,segment_coverage,full_analysis_network,fallback
transit:T5-1@1#822:15:16,transit,S_0018209,gtfs_shape_geometry_fallback,0.9182533818291457,0.9182533818291457,0.26319381922343066,0.016075510210072252,segment_coverage,full_analysis_network,fallback
transit:T5-1@1#822:15:16,transit,S_0035514,gtfs_shape_geometry_fallback,0.8838628515508077,0.8838628515508077,0.17851007355700285,0.18029086422818352,segment_coverage,full_analysis_network,fallback
transit:T5-1@1#822:15:16,transit,S_0035511,gtfs_shape_geometry_fallback,1.0,1.0,0.22068726408730432,0.4832753636415674,segment_coverage,full_analysis_network,fallback
transit:T5-1@1#822:15:16,transit,S_0035507,gtfs_shape_geometry_fallback,1.0,1.0,0.21324229048083054,0.35546138065194555,segment_coverage,full_analysis_network,fallback
transit:T5-1@1#822:15:16,transit,S_0035509,gtfs_shape_geometry_fallback,1.0,1.0,0.2187309093119255,0.17578951757288053,segment_coverage,full_analysis_network,fallback
transit:T5-1@1#822:15:16,transit,S_0041605,gtfs_shape_geometry_fallback,0.7722038625280334,0.7722038625280334,0.1274707080173719,0.26320597731088924,segment_coverage,full_analysis_network,fallback
transit:T12A-1@1#819:26:27,transit,S_0021809,gtfs_shape_geometry_fallback,0.8982536350563494,0.8982536350563494,0.6122482752695992,2.548218713646378,both,full_analysis_network,fallback
transit:6372-1@1#750:60:61,transit,S_0032526,gtfs_shape_geometry_fallback,0.7170077982064074,0.7170077982064074,0.04817343871723761,0.271786756800239,segment_coverage,full_analysis_network,fallback
transit:6372-1@1#750:60:61,transit,S_0032525,gtfs_shape_geometry_fallback,1.0,1.0,0.12938944607960154,0.35728971613161065,segment_coverage,full_analysis_network,fallback
transit:731-1@1#815:30:31,transit,S_0010676,gtfs_shape_geometry_fallback,0.42223815106246754,0.42223815106246754,0.20232286247180808,18.851961780976055,segment_coverage,full_analysis_network,fallback
transit:731-1@1#815:30:31,transit,S_0010677,gtfs_shape_geometry_fallback,1.0,1.0,0.13991258049910807,15.802799332269103,segment_coverage,full_analysis_network,fallback
transit:731-1@1#815:30:31,transit,S_0058065,gtfs_shape_geometry_fallback,0.4979142021742334,0.4979142021742334,0.18341887801795073,12.828642800324104,segment_coverage,full_analysis_network,fallback
transit:B55-1@1#745:69:70,transit,S_0028372,gtfs_shape_geometry_fallback,1.0,1.0,0.4669628503737028,9.47493857298462,both,full_analysis_network,fallback
transit:3973-1@1#755:60:61,transit,S_0049786,gtfs_shape_geometry_fallback,1.0,1.0,0.2551502340155096,15.638724902595527,segment_coverage,full_analysis_network,fallback
transit:3973-1@1#755:60:61,transit,S_0049789,gtfs_shape_geometry_fallback,1.0,1.0,0.47217474540147547,20.180272563263458,both,full_analysis_network,fallback
transit:3973-1@1#755:60:61,transit,S_0009433,gtfs_shape_geometry_fallback,1.0,1.0,0.6470269503577145,3.7640462356742717,both,full_analysis_network,fallback
transit:3973-1@1#755:60:61,transit,S_0009434,gtfs_shape_geometry_fallback,1.0,1.0,0.7224369320097983,3.764046235673902,both,full_analysis_network,fallback
transit:2672-1@1#732:93:94,transit,S_0044202,gtfs_shape_geometry_fallback,1.0,1.0,0.46280847258617097,36.06687277334662,both,full_analysis_network,fallback
transit:2672-1@1#732:93:94,transit,S_0058652,gtfs_shape_geometry_fallback,1.0,1.0,0.4628376278098536,6.415128668211068,both,full_analysis_network,fallback
transit:2672-1@1#732:93:94,transit,S_0044200,gtfs_shape_geometry_fallback,1.0,1.0,0.3516864616754164,52.084498587338516,both,full_analysis_network,fallback
transit:2672-1@1#732:93:94,transit,S_0044199,gtfs_shape_geometry_fallback,1.0,1.0,0.3451656063287185,6.4522070248368095,segment_coverage,full_analysis_network,fallback
transit:731-1@1#815:31:32,transit,S_0030591,gtfs_shape_geometry_fallback,1.0,1.0,0.41629864726664817,15.655097226087179,both,full_analysis_network,fallback
transit:3946-1@1#824:17:18,transit,S_0030360,gtfs_shape_geometry_fallback,0.5414155968989874,0.3173503963087882,0.5414155968989874,58.74884625722623,shape_coverage,full_analysis_network,fallback
transit:6372-1@1#750:61:62,transit,S_0042691,gtfs_shape_geometry_fallback,0.624204068190178,0.624204068190178,0.26918492711556913,59.01464242983255,segment_coverage,full_analysis_network,fallback
transit:6372-1@1#750:61:62,transit,S_0042097,gtfs_shape_geometry_fallback,1.0,1.0,0.35950504155556445,0.23303330378890053,both,full_analysis_network,fallback
transit:6372-1@1#750:61:62,transit,S_0032526,gtfs_shape_geometry_fallback,1.0,1.0,0.29620446363301084,0.1625422659381286,segment_coverage,full_analysis_network,fallback
transit:6372-1@1#750:61:62,transit,S_0032525,gtfs_shape_geometry_fallback,1.0,1.0,0.2177616258723891,0.30189297684743366,segment_coverage,full_analysis_network,fallback
transit:T5-1@1#822:16:17,transit,S_0046340,gtfs_shape_geometry_fallback,0.651861893083579,0.6400938382819791,0.651861893083579,7.912722651811563,both,full_analysis_network,fallback
transit:T5-1@1#822:16:17,transit,S_0046337,gtfs_shape_geometry_fallback,0.5182103937656255,0.5182103937656255,0.2526837979700397,5.772948214779291,segment_coverage,full_analysis_network,fallback
transit:T5-1@1#822:16:17,transit,S_0018208,gtfs_shape_geometry_fallback,1.0,1.0,0.42513072413547265,0.7005104999607425,both,full_analysis_network,fallback
transit:T5-1@1#822:16:17,transit,S_0020041,gtfs_shape_geometry_fallback,0.39209880463501845,0.27151873771956325,0.39209880463501845,40.31476382160956,shape_coverage,full_analysis_network,fallback
transit:T5-1@1#822:16:17,transit,S_0020040,gtfs_shape_geometry_fallback,0.36263065792918475,0.2782209559618597,0.36263065792918475,50.64120682459411,shape_coverage,full_analysis_network,fallback
transit:B55-1@1#745:70:71,transit,S_0028372,gtfs_shape_geometry_fallback,0.37988344836382637,0.37988344836382637,0.17460332114461632,8.906181548134214,segment_coverage,full_analysis_network,fallback
transit:B55-1@1#745:70:71,transit,S_0028373,gtfs_shape_geometry_fallback,0.4710714047439524,0.4710714047439524,0.37076579056332415,52.87034140672304,both,full_analysis_network,fallback
transit:346-2@1#811:33:34,transit,S_0036816,gtfs_shape_geometry_fallback,1.0,1.0,0.10706939005642921,2.883792698245827,segment_coverage,full_analysis_network,fallback
transit:346-2@1#811:33:34,transit,S_0036815,gtfs_shape_geometry_fallback,1.0,1.0,0.12785759130098642,2.309398235427608,segment_coverage,full_analysis_network,fallback
transit:4382-2@1#831:7:8,transit,S_0009536,gtfs_shape_geometry_fallback,0.3505493325639795,0.3505493325639795,0.06932593384174388,0.24706116410527557,segment_coverage,full_analysis_network,fallback
transit:4382-2@1#831:7:8,transit,S_0009500,gtfs_shape_geometry_fallback,0.7941688898022848,0.7941688898022848,0.4591011611752182,26.714094822706826,both,full_analysis_network,fallback
transit:4382-2@1#831:7:8,transit,S_0009498,gtfs_shape_geometry_fallback,1.0,1.0,0.3959203139880069,33.10672629966447,both,full_analysis_network,fallback
transit:4382-2@1#831:7:8,transit,S_0009466,gtfs_shape_geometry_fallback,1.0,1.0,0.6421276843764426,15.363274033522458,both,full_analysis_network,fallback
transit:4382-2@1#831:7:8,transit,S_0009501,gtfs_shape_geometry_fallback,1.0,1.0,0.548759283853608,26.053693880247295,both,full_analysis_network,fallback
transit:4382-2@1#831:7:8,transit,S_0009457,gtfs_shape_geometry_fallback,0.9717209649435418,0.9717209649435418,0.17875686661551335,47.66520300309759,segment_coverage,full_analysis_network,fallback
transit:4382-2@1#831:7:8,transit,S_0009463,gtfs_shape_geometry_fallback,0.4307949705430368,0.4307949705430368,0.22165739895542008,11.380590783127559,segment_coverage,full_analysis_network,fallback
transit:4382-2@1#831:7:8,transit,S_0009464,gtfs_shape_geometry_fallback,1.0,1.0,0.20955911817809558,11.038433240836582,segment_coverage,full_analysis_network,fallback
transit:4382-2@1#831:7:8,transit,S_0009456,gtfs_shape_geometry_fallback,0.9522785206858904,0.9522785206858904,0.1806735153191405,4.936405084339754,segment_coverage,full_analysis_network,fallback
transit:731-1@1#815:32:33,transit,S_0014248,gtfs_shape_geometry_fallback,0.4209652648178084,0.4209652648178084,0.20040991745971581,57.45483765898294,segment_coverage,full_analysis_network,fallback
transit:731-1@1#815:32:33,transit,S_0005194,gtfs_shape_geometry_fallback,1.0,1.0,0.19796586206034394,0.5687039640577609,segment_coverage,full_analysis_network,fallback
transit:731-1@1#815:32:33,transit,S_0044216,gtfs_shape_geometry_fallback,0.5326222729959408,0.5326222729959408,0.23216994919257974,56.77117263748379,segment_coverage,full_analysis_network,fallback
transit:3946-1@1#824:18:19,transit,S_0037686,gtfs_shape_geometry_fallback,1.0,1.0,0.25973095898217835,2.3075626660134105,segment_coverage,full_analysis_network,fallback
transit:621-2@1#807:40:41,transit,S_0055652,gtfs_shape_geometry_fallback,1.0,1.0,0.18214901503876044,27.27107832994001,segment_coverage,full_analysis_network,fallback
transit:621-2@1#807:40:41,transit,S_0055650,gtfs_shape_geometry_fallback,1.0,1.0,0.18196698391117316,59.93359603076472,segment_coverage,full_analysis_network,fallback
transit:621-2@1#807:40:41,transit,S_0055653,gtfs_shape_geometry_fallback,0.846296346422308,0.846296346422308,0.23497240856856308,59.844372576688784,segment_coverage,full_analysis_network,fallback
transit:621-2@1#807:40:41,transit,S_0055651,gtfs_shape_geometry_fallback,1.0,1.0,0.32551316138939385,6.840935277001535,segment_coverage,full_analysis_network,fallback
transit:621-2@1#807:40:41,transit,S_0055771,gtfs_shape_geometry_fallback,0.7051126410663109,0.7051126410663109,0.4330444819310508,54.916527431628964,both,full_analysis_network,fallback
transit:621-2@1#807:40:41,transit,S_0026192,gtfs_shape_geometry_fallback,1.0,1.0,0.2828180890327829,8.733788959759366,segment_coverage,full_analysis_network,fallback
transit:621-2@1#807:40:41,transit,S_0026190,gtfs_shape_geometry_fallback,0.41488147454945773,0.25842511479708086,0.41488147454945773,0.19625878237157224,shape_coverage,full_analysis_network,fallback
transit:621-2@1#807:40:41,transit,S_0026191,gtfs_shape_geometry_fallback,0.8055393104501238,0.8055393104501238,0.6946885109579637,0.8179213474196843,both,full_analysis_network,fallback
transit:T5-1@1#822:17:18,transit,S_0046599,gtfs_shape_geometry_fallback,0.38951559409451475,0.38951559409451475,0.31621564809934316,50.875598875953244,segment_coverage,full_analysis_network,fallback
transit:T5-1@1#822:17:18,transit,S_0046341,gtfs_shape_geometry_fallback,0.7876694081560707,0.7876694081560707,0.3575608364729187,0.33830586245896654,both,full_analysis_network,fallback
transit:T5-1@1#822:17:18,transit,S_0046340,gtfs_shape_geometry_fallback,0.47813733727487906,0.47813733727487906,0.23528074680595543,3.8608808398200267,segment_coverage,full_analysis_network,fallback
transit:T3-2@1#758:51:52,transit,S_0035010,gtfs_shape_geometry_fallback,0.6674774544340524,0.6674774544340524,0.18694133988864478,42.54646039793749,segment_coverage,full_analysis_network,fallback
transit:T3-2@1#758:51:52,transit,S_0042826,gtfs_shape_geometry_fallback,1.0,1.0,0.1599271851810421,47.76770941555312,segment_coverage,full_analysis_network,fallback
transit:T8-2@1#818:18:19,transit,S_0049529,gtfs_shape_geometry_fallback,0.5020043655635552,0.5020043655635552,0.3494040252849764,16.634323066570246,segment_coverage,full_analysis_network,fallback
transit:T8-2@1#818:18:19,transit,S_0034854,gtfs_shape_geometry_fallback,0.36621688693584453,0.36621688693584453,0.14522036218438483,6.965574931472972,segment_coverage,full_analysis_network,fallback
transit:2672-1@1#732:95:96,transit,S_0033259,gtfs_shape_geometry_fallback,1.0,1.0,0.2827675924413042,3.2697939102108933,segment_coverage,full_analysis_network,fallback
transit:2672-1@1#732:95:96,transit,S_0012601,gtfs_shape_geometry_fallback,1.0,1.0,0.21773598157040758,3.2547858105689755,segment_coverage,full_analysis_network,fallback
transit:2672-1@1#732:95:96,transit,S_0042353,gtfs_shape_geometry_fallback,1.0,1.0,0.3176217423126261,59.85732068757886,segment_coverage,full_analysis_network,fallback
transit:2672-1@1#732:95:96,transit,S_0042348,gtfs_shape_geometry_fallback,1.0,1.0,0.19859355899412612,0.15700576659678234,segment_coverage,full_analysis_network,fallback
transit:2672-1@1#732:95:96,transit,S_0037188,gtfs_shape_geometry_fallback,1.0,1.0,0.4248135198540373,1.2468256203029426,both,full_analysis_network,fallback
transit:2672-1@1#732:95:96,transit,S_0042345,gtfs_shape_geometry_fallback,1.0,1.0,0.18447769344479956,0.20175235254200174,segment_coverage,full_analysis_network,fallback
transit:2672-1@1#732:95:96,transit,S_0012602,gtfs_shape_geometry_fallback,1.0,1.0,0.22516140102805046,0.25635275523666223,segment_coverage,full_analysis_network,fallback
transit:2672-1@1#732:95:96,transit,S_0052521,gtfs_shape_geometry_fallback,1.0,1.0,0.3136339500448463,0.07963565583895615,segment_coverage,full_analysis_network,fallback
transit:2672-1@1#732:95:96,transit,S_0044770,gtfs_shape_geometry_fallback,1.0,1.0,0.2431480796432385,0.008770302550615838,segment_coverage,full_analysis_network,fallback
transit:2672-1@1#732:95:96,transit,S_0042354,gtfs_shape_geometry_fallback,1.0,1.0,0.19775377138155842,0.09262796955455599,segment_coverage,full_analysis_network,fallback
transit:2672-1@1#732:95:96,transit,S_0042343,gtfs_shape_geometry_fallback,1.0,1.0,0.18740528964114095,0.20449957011781805,segment_coverage,full_analysis_network,fallback
transit:2672-1@1#732:95:96,transit,S_0037186,gtfs_shape_geometry_fallback,1.0,1.0,0.1503771830184603,0.3534504071107847,segment_coverage,full_analysis_network,fallback
transit:2672-1@1#732:95:96,transit,S_0042339,gtfs_shape_geometry_fallback,1.0,1.0,0.06922860607851343,0.2185584383816348,segment_coverage,full_analysis_network,fallback
transit:2672-1@1#732:95:96,transit,S_0042338,gtfs_shape_geometry_fallback,0.4950759826856349,0.4950759826856349,0.026125865910639867,0.32789365862338116,segment_coverage,full_analysis_network,fallback
transit:2672-1@1#732:95:96,transit,S_0037158,gtfs_shape_geometry_fallback,0.3802072330658702,0.3802072330658702,0.13163030611224324,1.7750051608889095,segment_coverage,full_analysis_network,fallback
transit:T12A-1@1#819:29:30,transit,S_0051210,gtfs_shape_geometry_fallback,0.7048080774262447,0.7048080774262447,0.03872909173935805,56.89524766801473,segment_coverage,full_analysis_network,fallback
transit:T6-2@1#828:11:12,transit,S_0055793,gtfs_shape_geometry_fallback,0.7815208722147846,0.7815208722147846,0.10158738808702068,30.624089727750857,segment_coverage,full_analysis_network,fallback
transit:T6-2@1#828:11:12,transit,S_0002555,gtfs_shape_geometry_fallback,1.0,1.0,0.2481043191903248,19.363365385002936,segment_coverage,full_analysis_network,fallback
transit:4382-2@1#831:8:9,transit,S_0009587,gtfs_shape_geometry_fallback,0.6248685176829201,0.13834305615502043,0.6248685176829201,31.792255746356545,shape_coverage,full_analysis_network,fallback
transit:4382-2@1#831:8:9,transit,S_0009574,gtfs_shape_geometry_fallback,0.4824303323122022,0.07742311118323657,0.4824303323122022,21.495041831588566,shape_coverage,full_analysis_network,fallback
transit:4382-2@1#831:8:9,transit,S_0009536,gtfs_shape_geometry_fallback,1.0,1.0,1.0,0.18236095708067523,both,full_analysis_network,fallback
transit:3946-1@1#824:19:20,transit,S_0019074,gtfs_shape_geometry_fallback,0.7631705775577781,0.7631705775577781,0.07657104633065046,55.21858503105122,segment_coverage,full_analysis_network,fallback
transit:3946-1@1#824:19:20,transit,S_0029301,gtfs_shape_geometry_fallback,0.7941675136447413,0.7941675136447413,0.040588364654771454,51.43924014080167,segment_coverage,full_analysis_network,fallback
transit:3946-1@1#824:19:20,transit,S_0037686,gtfs_shape_geometry_fallback,1.0,1.0,0.10448598916790983,2.2840740829079778,segment_coverage,full_analysis_network,fallback
transit:731-1@1#815:34:35,transit,S_0044232,gtfs_shape_geometry_fallback,0.8453732241150572,0.8453732241150572,0.6593373198358354,8.405793236924893,both,full_analysis_network,fallback
transit:4382-2@1#831:9:10,transit,S_0009534,gtfs_shape_geometry_fallback,0.543763031071214,0.543763031071214,0.2833728683413797,57.4413400010404,segment_coverage,full_analysis_network,fallback
transit:4382-2@1#831:9:10,transit,S_0009536,gtfs_shape_geometry_fallback,1.0,1.0,0.2833289435435238,0.14103199704896952,segment_coverage,full_analysis_network,fallback
transit:T1-1@1#813:36:37,transit,S_0009421,gtfs_shape_geometry_fallback,1.0,1.0,0.5704719800508666,11.501058518180344,both,full_analysis_network,fallback
transit:T1-1@1#813:36:37,transit,S_0009414,gtfs_shape_geometry_fallback,1.0,1.0,0.6223739181575144,11.764518090014661,both,full_analysis_network,fallback
transit:T1-1@1#813:36:37,transit,S_0009415,gtfs_shape_geometry_fallback,1.0,1.0,0.6659054584476923,3.631440918521843,both,full_analysis_network,fallback
transit:T12A-1@1#819:31:32,transit,S_0008397,gtfs_shape_geometry_fallback,1.0,1.0,0.0709781550894728,33.95520673943399,segment_coverage,full_analysis_network,fallback
transit:T12A-1@1#819:31:32,transit,S_0008390,gtfs_shape_geometry_fallback,1.0,1.0,0.08339428800875698,0.5926464782266265,segment_coverage,full_analysis_network,fallback
transit:T12A-1@1#819:31:32,transit,S_0008309,gtfs_shape_geometry_fallback,1.0,1.0,0.09392697526914424,16.059157514062505,segment_coverage,full_analysis_network,fallback
transit:T12A-1@1#819:31:32,transit,S_0008402,gtfs_shape_geometry_fallback,1.0,1.0,0.07718431131079219,10.889516499512837,segment_coverage,full_analysis_network,fallback
transit:T12A-1@1#819:31:32,transit,S_0008401,gtfs_shape_geometry_fallback,1.0,1.0,0.09392020070089178,55.67268321660522,segment_coverage,full_analysis_network,fallback
transit:T12A-1@1#819:31:32,transit,S_0008388,gtfs_shape_geometry_fallback,0.7200694935576795,0.7200694935576795,0.11984723758012163,42.7677429782304,segment_coverage,full_analysis_network,fallback
transit:T12A-1@1#819:31:32,transit,S_0008399,gtfs_shape_geometry_fallback,1.0,1.0,0.10460698848937164,16.507464565024705,segment_coverage,full_analysis_network,fallback
transit:T12A-1@1#819:31:32,transit,S_0008394,gtfs_shape_geometry_fallback,1.0,1.0,0.11112401226637571,16.6993298839365,segment_coverage,full_analysis_network,fallback
transit:T12A-1@1#819:31:32,transit,S_0008387,gtfs_shape_geometry_fallback,1.0,1.0,0.14400420367867683,7.337058716275152,segment_coverage,full_analysis_network,fallback
transit:T12A-1@1#819:31:32,transit,S_0008292,gtfs_shape_geometry_fallback,1.0,1.0,0.1439264765143749,17.694610492133066,segment_coverage,full_analysis_network,fallback
transit:T12A-1@1#819:31:32,transit,S_0008384,gtfs_shape_geometry_fallback,1.0,1.0,0.1142706231901778,3.253753463145415,segment_coverage,full_analysis_network,fallback
transit:T12A-1@1#819:31:32,transit,S_0008291,gtfs_shape_geometry_fallback,1.0,1.0,0.13292014074219216,15.357151049962141,segment_coverage,full_analysis_network,fallback
transit:T12A-1@1#819:31:32,transit,S_0008290,gtfs_shape_geometry_fallback,1.0,1.0,0.097984868061592,56.98009494727639,segment_coverage,full_analysis_network,fallback
transit:T12A-1@1#819:31:32,transit,S_0008282,gtfs_shape_geometry_fallback,1.0,1.0,0.11779103823016761,3.987896963141665,segment_coverage,full_analysis_network,fallback
transit:T12A-1@1#819:31:32,transit,S_0008275,gtfs_shape_geometry_fallback,1.0,1.0,0.12245781329541217,49.9686350114965,segment_coverage,full_analysis_network,fallback
transit:T12A-1@1#819:31:32,transit,S_0008274,gtfs_shape_geometry_fallback,0.9990180407529277,0.9990180407529277,0.1089890378238331,44.50192370156934,segment_coverage,full_analysis_network,fallback
transit:T12A-1@1#819:31:32,transit,S_0008269,gtfs_shape_geometry_fallback,1.0,1.0,0.13045589360085738,1.1277503957755926,segment_coverage,full_analysis_network,fallback
transit:T12A-1@1#819:31:32,transit,S_0008270,gtfs_shape_geometry_fallback,1.0,1.0,0.10277190837514417,49.47104656989845,segment_coverage,full_analysis_network,fallback
transit:T12A-1@1#819:31:32,transit,S_0008265,gtfs_shape_geometry_fallback,1.0,1.0,0.07831281426788848,45.411365297508496,segment_coverage,full_analysis_network,fallback
transit:T12A-1@1#819:31:32,transit,S_0057191,gtfs_shape_geometry_fallback,1.0,1.0,0.06689903605282356,13.812989556785112,segment_coverage,full_analysis_network,fallback
transit:T12A-1@1#819:31:32,transit,S_0008255,gtfs_shape_geometry_fallback,1.0,1.0,0.18019328166811452,23.295622023267967,segment_coverage,full_analysis_network,fallback
transit:T12A-1@1#819:31:32,transit,S_0008254,gtfs_shape_geometry_fallback,0.6354762006916033,0.6354762006916033,0.09424009354373505,8.146061194733889,segment_coverage,full_analysis_network,fallback
transit:T12A-1@1#819:31:32,transit,S_0057190,gtfs_shape_geometry_fallback,1.0,1.0,0.02383908272672359,10.702175455675999,segment_coverage,full_analysis_network,fallback
transit:T12A-1@1#819:31:32,transit,S_0051210,gtfs_shape_geometry_fallback,0.7091167082455998,0.7091167082455998,0.10923379981228715,56.895247667790485,segment_coverage,full_analysis_network,fallback
transit:T12A-1@1#753:74:75,transit,S_0019092,gtfs_shape_geometry_fallback,0.49571142168383286,0.49571142168383286,0.04932721144986138,22.233852432771755,segment_coverage,full_analysis_network,fallback
transit:T12A-1@1#753:74:75,transit,S_0019089,gtfs_shape_geometry_fallback,0.38642407231242876,0.38642407231242876,0.11385839312288644,21.557570413233293,segment_coverage,full_analysis_network,fallback
transit:4382-2@1#831:10:11,transit,S_0031016,gtfs_shape_geometry_fallback,1.0,1.0,0.34964277538035293,42.030361614865996,segment_coverage,full_analysis_network,fallback
transit:4382-2@1#831:10:11,transit,S_0001108,gtfs_shape_geometry_fallback,0.5189939207182811,0.5189939207182811,0.3906413900071966,45.56094719091675,both,full_analysis_network,fallback
transit:4382-2@1#831:10:11,transit,S_0031005,gtfs_shape_geometry_fallback,0.6284147514874756,0.6284147514874756,0.3596445849537018,56.98053448516005,both,full_analysis_network,fallback
transit:2672-1@1#732:98:99,transit,S_0042359,gtfs_shape_geometry_fallback,0.9139791414024113,0.9139791414024113,0.4486070829292563,0.9855210065079518,both,full_analysis_network,fallback
transit:2672-1@1#732:98:99,transit,S_0042358,gtfs_shape_geometry_fallback,0.6158891358280932,0.6158891358280932,0.05017477363592198,0.8734833848733956,segment_coverage,full_analysis_network,fallback
transit:2672-1@1#732:98:99,transit,S_0038675,gtfs_shape_geometry_fallback,0.42452337872100143,0.42452337872100143,0.05029710208840272,20.47653980351467,segment_coverage,full_analysis_network,fallback
transit:T12A-1@1#819:33:34,transit,S_0020927,gtfs_shape_geometry_fallback,1.0,1.0,1.0,1.0307545418340425,both,full_analysis_network,fallback
transit:T12A-1@1#819:33:34,transit,S_0012445,gtfs_shape_geometry_fallback,1.0,0.48236045531684063,1.0,1.0421194898760717,both,full_analysis_network,fallback
transit:T5-1@1#822:20:21,transit,S_0013908,gtfs_shape_geometry_fallback,0.6585934738262075,0.6585934738262075,0.11098949016143962,35.245293636381575,segment_coverage,full_analysis_network,fallback
transit:T5-1@1#822:20:21,transit,S_0042089,gtfs_shape_geometry_fallback,1.0,1.0,0.138068446464248,30.813846544915194,segment_coverage,full_analysis_network,fallback
transit:T5-1@1#822:20:21,transit,S_0042088,gtfs_shape_geometry_fallback,1.0,1.0,0.13803793485908916,56.90200715981014,segment_coverage,full_analysis_network,fallback
transit:T5-1@1#822:20:21,transit,S_0042087,gtfs_shape_geometry_fallback,1.0,1.0,0.14960019843274053,30.60614288246427,segment_coverage,full_analysis_network,fallback
transit:T5-1@1#822:20:21,transit,S_0042086,gtfs_shape_geometry_fallback,1.0,1.0,0.15340612387542749,58.70608760871579,segment_coverage,full_analysis_network,fallback
transit:T5-1@1#822:20:21,transit,S_0042085,gtfs_shape_geometry_fallback,1.0,1.0,0.1892323436501114,44.82696176481555,segment_coverage,full_analysis_network,fallback
transit:T5-1@1#822:20:21,transit,S_0030939,gtfs_shape_geometry_fallback,1.0,1.0,0.13282593688237535,31.66158761623815,segment_coverage,full_analysis_network,fallback
transit:T5-1@1#822:20:21,transit,S_0042084,gtfs_shape_geometry_fallback,1.0,1.0,0.21401818553523863,30.626544303116532,segment_coverage,full_analysis_network,fallback
transit:T5-1@1#822:20:21,transit,S_0030938,gtfs_shape_geometry_fallback,1.0,1.0,0.20342730348943275,59.34374657518669,segment_coverage,full_analysis_network,fallback
transit:T5-1@1#822:20:21,transit,S_0041129,gtfs_shape_geometry_fallback,0.5073310907459728,0.5073310907459728,0.24025052328672877,58.9727739822867,segment_coverage,full_analysis_network,fallback
transit:T1-1@1#813:38:39,transit,S_0048495,gtfs_shape_geometry_fallback,0.7449301379649054,0.7449301379649054,0.39295211412401043,56.45968127820365,both,full_analysis_network,fallback
transit:T1-1@1#813:38:39,transit,S_0048496,gtfs_shape_geometry_fallback,1.0,1.0,0.3272077736443003,0.027357746687915352,segment_coverage,full_analysis_network,fallback
transit:T1-1@1#813:38:39,transit,S_0048494,gtfs_shape_geometry_fallback,0.42420295351036735,0.42420295351036735,0.24289682550382516,14.047174889752284,segment_coverage,full_analysis_network,fallback
transit:T1-1@1#813:38:39,transit,S_0048497,gtfs_shape_geometry_fallback,0.7829150749191167,0.740987496968706,0.7829150749191167,0.4237448546828766,both,full_analysis_network,fallback
transit:4382-2@1#831:11:12,transit,S_0028220,gtfs_shape_geometry_fallback,0.44232518491525796,0.36963355404140114,0.44232518491525796,58.24625094506929,both,full_analysis_network,fallback
transit:4382-2@1#831:11:12,transit,S_0028221,gtfs_shape_geometry_fallback,0.601659670208054,0.601659670208054,0.14964161680783983,53.24940656022886,segment_coverage,full_analysis_network,fallback
transit:T6-1@1#753:52:53,transit,S_0017570,gtfs_shape_geometry_fallback,0.9378852543160712,0.6627431260866622,0.9378852543160712,48.915521637783286,both,full_analysis_network,fallback
transit:T1-1@1#813:39:40,transit,S_0017245,gtfs_shape_geometry_fallback,0.7385400417926492,0.7385400417926492,0.15679828208707353,0.5248655210652089,segment_coverage,full_analysis_network,fallback
transit:T1-1@1#813:39:40,transit,S_0048275,gtfs_shape_geometry_fallback,1.0,1.0,0.25152994365244047,0.25824532285287205,segment_coverage,full_analysis_network,fallback
transit:T1-1@1#813:39:40,transit,S_0040840,gtfs_shape_geometry_fallback,1.0,1.0,0.19870497445660035,0.24026087667166962,segment_coverage,full_analysis_network,fallback
transit:T1-1@1#813:39:40,transit,S_0056270,gtfs_shape_geometry_fallback,0.8123273547784,0.8123273547784,0.1814870964297919,30.32753717693143,segment_coverage,full_analysis_network,fallback
transit:T1-1@1#813:39:40,transit,S_0017244,gtfs_shape_geometry_fallback,0.9943585827001132,0.9943585827001132,0.1621464636143618,59.839698869956806,segment_coverage,full_analysis_network,fallback
transit:2672-1@1#732:100:101,transit,S_0029232,gtfs_shape_geometry_fallback,0.9938616748422551,0.9938616748422551,0.6185324223363321,12.692445274072043,both,full_analysis_network,fallback
transit:2672-1@1#732:100:101,transit,S_0029230,gtfs_shape_geometry_fallback,0.7812711701192719,0.7812711701192719,0.5466220551551495,0.13655840288851095,both,full_analysis_network,fallback
transit:T12A-1@1#753:77:78,transit,S_0005108,gtfs_shape_geometry_fallback,1.0,1.0,0.6321630574252938,3.823485093684411,both,full_analysis_network,fallback
transit:T12A-1@1#753:77:78,transit,S_0029363,gtfs_shape_geometry_fallback,0.6269159727381197,0.6269159727381197,0.3765429481260476,3.9922085827508056,both,full_analysis_network,fallback
transit:T12A-1@1#753:77:78,transit,S_0019093,gtfs_shape_geometry_fallback,0.9276034398804758,0.9276034398804758,0.2586154901381219,9.205739137192694,segment_coverage,full_analysis_network,fallback
transit:T12A-1@1#753:77:78,transit,S_0029365,gtfs_shape_geometry_fallback,0.36156005511917083,0.36156005511917083,0.09974307316377357,7.538880732287652,segment_coverage,full_analysis_network,fallback
transit:T12A-1@1#753:77:78,transit,S_0027912,gtfs_shape_geometry_fallback,0.8695436182378693,0.8695436182378693,0.11273739886265294,46.89129652169618,segment_coverage,full_analysis_network,fallback
transit:T6-2@1#828:15:16,transit,S_0021254,gtfs_shape_geometry_fallback,0.4011310370109524,0.4011310370109524,0.04045323818908676,59.518603510875806,segment_coverage,full_analysis_network,fallback
transit:T12A-1@1#819:35:36,transit,S_0011972,gtfs_shape_geometry_fallback,0.8357767815502433,0.8357767815502433,0.23748916655855667,0.3712952392627642,segment_coverage,full_analysis_network,fallback
transit:T12A-1@1#819:35:36,transit,S_0020705,gtfs_shape_geometry_fallback,1.0,1.0,0.15032664371660812,0.32901595170275755,segment_coverage,full_analysis_network,fallback
transit:T12A-1@1#819:35:36,transit,S_0021156,gtfs_shape_geometry_fallback,0.41256091734022476,0.41256091734022476,0.05405129435878127,41.77458189631223,segment_coverage,full_analysis_network,fallback
transit:T1-1@1#813:40:41,transit,S_0055968,gtfs_shape_geometry_fallback,0.7170297358940207,0.7170297358940207,0.187355791766246,4.811359518003011,segment_coverage,full_analysis_network,fallback
transit:2672-1@1#732:101:102,transit,S_0029230,gtfs_shape_geometry_fallback,0.4535684230185881,0.4535684230185881,0.2440123421232545,2.6416792818751134,segment_coverage,full_analysis_network,fallback
transit:2672-1@1#732:101:102,transit,S_0043119,gtfs_shape_geometry_fallback,1.0,1.0,0.16278572395113527,14.446418865346885,segment_coverage,full_analysis_network,fallback
transit:2672-1@1#732:101:102,transit,S_0038660,gtfs_shape_geometry_fallback,1.0,1.0,0.12686074749881998,4.211724159487815,segment_coverage,full_analysis_network,fallback
transit:2672-1@1#732:101:102,transit,S_0038661,gtfs_shape_geometry_fallback,1.0,1.0,0.4615536080944681,38.63860915541453,both,full_analysis_network,fallback
transit:2672-1@1#732:101:102,transit,S_0038662,gtfs_shape_geometry_fallback,0.5840638698499916,0.5840638698499916,0.11227897382098247,6.808120247104938,segment_coverage,full_analysis_network,fallback
transit:2672-1@1#732:101:102,transit,S_0043122,gtfs_shape_geometry_fallback,0.8958415025689375,0.8958415025689375,0.43259313839698244,12.149490192165459,both,full_analysis_network,fallback
transit:T12A-1@1#819:36:37,transit,S_0020705,gtfs_shape_geometry_fallback,0.5657110727205176,0.5657110727205176,0.17844925480001805,0.11970934682523193,segment_coverage,full_analysis_network,fallback
transit:T12A-1@1#819:36:37,transit,S_0021156,gtfs_shape_geometry_fallback,0.41256091734022476,0.41256091734022476,0.12624367357643615,41.77458189631223,segment_coverage,full_analysis_network,fallback
transit:T5-1@1#822:22:23,transit,S_0043372,gtfs_shape_geometry_fallback,1.0,1.0,0.3538934342473372,3.8808380370384157,both,full_analysis_network,fallback
transit:T1-1@1#813:41:42,transit,S_0057856,gtfs_shape_geometry_fallback,0.9224409104466437,0.9224409104466437,0.3077185290825828,47.44035659936753,segment_coverage,full_analysis_network,fallback
transit:346-2@1#811:41:42,transit,S_0033446,gtfs_shape_geometry_fallback,0.37415949196176757,0.3568234807262462,0.37415949196176757,58.738267358595124,both,full_analysis_network,fallback
transit:346-2@1#811:41:42,transit,S_0033447,gtfs_shape_geometry_fallback,0.43862363808493693,0.43862363808493693,0.37398744521619887,43.412578150053676,both,full_analysis_network,fallback
transit:346-2@1#811:41:42,transit,S_0033445,gtfs_shape_geometry_fallback,0.5083756589568066,0.42301894641741217,0.5083756589568066,56.63651236683373,both,full_analysis_network,fallback
transit:T1-1@1#813:43:44,transit,S_0011972,gtfs_shape_geometry_fallback,0.8357767815502433,0.8357767815502433,0.7941256656628145,0.3712952392627642,both,full_analysis_network,fallback
transit:T1-1@1#813:43:44,transit,S_0020705,gtfs_shape_geometry_fallback,0.5749247350391786,0.5749247350391786,0.24718833120517505,0.5336219785038452,segment_coverage,full_analysis_network,fallback
transit:T5-1@1#822:24:25,transit,S_0032526,gtfs_shape_geometry_fallback,0.7170077982064074,0.7170077982064074,0.04817343871723761,0.271786756800239,segment_coverage,full_analysis_network,fallback
transit:T5-1@1#822:24:25,transit,S_0032525,gtfs_shape_geometry_fallback,1.0,1.0,0.12938944607960154,0.35728971613161065,segment_coverage,full_analysis_network,fallback
transit:T12A-1@1#819:39:40,transit,S_0020706,gtfs_shape_geometry_fallback,0.3615821145897485,0.3615821145897485,0.04231911450796111,0.6374393414336765,segment_coverage,full_analysis_network,fallback
transit:T12A-1@1#819:39:40,transit,S_0021156,gtfs_shape_geometry_fallback,0.41256091734022476,0.41256091734022476,0.05385106220964687,41.77458189639863,segment_coverage,full_analysis_network,fallback
transit:T6-2@1#828:18:19,transit,S_0021895,gtfs_shape_geometry_fallback,0.5544086770291523,0.5544086770291523,0.27749796988037867,7.056628592188311,segment_coverage,full_analysis_network,fallback
transit:5203-2@1#828:14:15,transit,S_0010120,gtfs_shape_geometry_fallback,1.0,1.0,0.3032265979724563,22.746460792435354,segment_coverage,full_analysis_network,fallback
transit:5203-2@1#828:14:15,transit,S_0009810,gtfs_shape_geometry_fallback,0.5283858678340999,0.5283858678340999,0.2930953083664505,58.2427517753887,segment_coverage,full_analysis_network,fallback
transit:5203-2@1#828:14:15,transit,S_0009812,gtfs_shape_geometry_fallback,0.805777757328084,0.805777757328084,0.2220027570551848,45.576237564783376,segment_coverage,full_analysis_network,fallback
transit:5203-2@1#828:14:15,transit,S_0009809,gtfs_shape_geometry_fallback,0.9011017457778363,0.9011017457778363,0.3266175378252614,30.779062597029792,segment_coverage,full_analysis_network,fallback
transit:5203-2@1#828:14:15,transit,S_0009811,gtfs_shape_geometry_fallback,1.0,1.0,0.3897382872986502,43.57820191937466,both,full_analysis_network,fallback
transit:5203-2@1#828:14:15,transit,S_0009792,gtfs_shape_geometry_fallback,1.0,1.0,0.5324289489885012,40.86349875360735,both,full_analysis_network,fallback
transit:5203-2@1#828:14:15,transit,S_0057247,gtfs_shape_geometry_fallback,0.5466569453614162,0.5466569453614162,0.04797588160171446,1.7068568281048169,segment_coverage,full_analysis_network,fallback
transit:5203-2@1#828:14:15,transit,S_0057249,gtfs_shape_geometry_fallback,1.0,1.0,0.10227896091446055,7.474858350734836,segment_coverage,full_analysis_network,fallback
transit:5203-2@1#828:14:15,transit,S_0009800,gtfs_shape_geometry_fallback,1.0,1.0,0.18541610568820374,3.2332516366045017,segment_coverage,full_analysis_network,fallback
transit:5203-2@1#828:14:15,transit,S_0009795,gtfs_shape_geometry_fallback,1.0,1.0,0.23428260140370366,1.1810938412508323,segment_coverage,full_analysis_network,fallback
transit:5203-2@1#828:14:15,transit,S_0010119,gtfs_shape_geometry_fallback,0.5746460618508853,0.5746460618508853,0.053445301990926994,1.7550255399019177,segment_coverage,full_analysis_network,fallback
transit:5203-2@1#828:14:15,transit,S_0009791,gtfs_shape_geometry_fallback,1.0,1.0,0.5372628897190559,3.1838446513396894,both,full_analysis_network,fallback
transit:5203-2@1#828:14:15,transit,S_0009794,gtfs_shape_geometry_fallback,1.0,1.0,0.3866974669827562,4.9064379595019645,both,full_analysis_network,fallback
transit:5203-2@1#828:14:15,transit,S_0009793,gtfs_shape_geometry_fallback,0.9563975937541577,0.9563975937541577,0.31657721665289507,54.23660619913538,segment_coverage,full_analysis_network,fallback
transit:5203-2@1#828:14:15,transit,S_0009797,gtfs_shape_geometry_fallback,0.3547836162818027,0.3547836162818027,0.16905922953226166,19.463756337173365,segment_coverage,full_analysis_network,fallback
transit:375-2@1#809:37:38,transit,S_0033079,gtfs_shape_geometry_fallback,1.0,1.0,0.3059928878868798,14.370629923207616,segment_coverage,full_analysis_network,fallback
transit:375-2@1#809:37:38,transit,S_0001140,gtfs_shape_geometry_fallback,0.6420566805008628,0.6420566805008628,0.26109289121237833,53.724309355866666,segment_coverage,full_analysis_network,fallback
transit:2672-1@1#732:105:106,transit,S_0038629,gtfs_shape_geometry_fallback,0.8691406142804065,0.8691406142804065,0.37324284009005015,8.48401638240425,both,full_analysis_network,fallback
transit:T1-1@1#813:44:45,transit,S_0020705,gtfs_shape_geometry_fallback,0.5657110727205176,0.5657110727205176,0.21285960619192634,0.11970934682523193,segment_coverage,full_analysis_network,fallback
transit:T1-1@1#813:44:45,transit,S_0020707,gtfs_shape_geometry_fallback,1.0,1.0,0.4212930366082184,0.013940990105623996,both,full_analysis_network,fallback
transit:T1-1@1#813:44:45,transit,S_0021157,gtfs_shape_geometry_fallback,0.3932701571117983,0.3932701571117983,0.20032094601085712,0.6074665907491976,segment_coverage,full_analysis_network,fallback
transit:T6-1@1#753:56:57,transit,S_0021228,gtfs_shape_geometry_fallback,0.8905256633513522,0.8905256633513522,0.6776306605219704,0.42600720414583293,both,full_analysis_network,fallback
transit:T6-1@1#753:56:57,transit,S_0021241,gtfs_shape_geometry_fallback,1.0,1.0,0.2628012732978081,0.9186052977327392,segment_coverage,full_analysis_network,fallback
transit:T6-1@1#753:56:57,transit,S_0021486,gtfs_shape_geometry_fallback,1.0,1.0,0.4739678962125665,1.3983855005234176,both,full_analysis_network,fallback
transit:T5-1@1#822:25:26,transit,S_0042691,gtfs_shape_geometry_fallback,0.624204068190178,0.624204068190178,0.26918492711556913,59.01464242983255,segment_coverage,full_analysis_network,fallback
transit:T5-1@1#822:25:26,transit,S_0042097,gtfs_shape_geometry_fallback,1.0,1.0,0.35950504155556445,0.23303330378890053,both,full_analysis_network,fallback
transit:T5-1@1#822:25:26,transit,S_0032526,gtfs_shape_geometry_fallback,1.0,1.0,0.29620446363301084,0.1625422659381286,segment_coverage,full_analysis_network,fallback
transit:T5-1@1#822:25:26,transit,S_0032525,gtfs_shape_geometry_fallback,1.0,1.0,0.2177616258723891,0.30189297684743366,segment_coverage,full_analysis_network,fallback
transit:T6-1@1#753:57:58,transit,S_0021427,gtfs_shape_geometry_fallback,0.39447186462103556,0.39447186462103556,0.1800115603336995,0.6744369862910844,segment_coverage,full_analysis_network,fallback
transit:T6-1@1#753:57:58,transit,S_0010468,gtfs_shape_geometry_fallback,1.0,1.0,0.3854237037328062,0.0537316218049142,both,full_analysis_network,fallback
transit:T6-1@1#753:57:58,transit,S_0011886,gtfs_shape_geometry_fallback,1.0,1.0,0.5212098892631855,0.47791454715290627,both,full_analysis_network,fallback
transit:T6-1@1#753:57:58,transit,S_0055788,gtfs_shape_geometry_fallback,1.0,1.0,0.2758346169535571,8.661604826773228,segment_coverage,full_analysis_network,fallback
transit:T6-1@1#753:57:58,transit,S_0021229,gtfs_shape_geometry_fallback,1.0,1.0,0.1901568812227467,1.0170414815992501,segment_coverage,full_analysis_network,fallback
transit:T6-1@1#753:57:58,transit,S_0021228,gtfs_shape_geometry_fallback,0.40100718499942367,0.40100718499942367,0.16065914179042376,0.3421773153430365,segment_coverage,full_analysis_network,fallback
transit:T10-2@1#838:8:9,transit,S_0033830,gtfs_shape_geometry_fallback,0.6344104981224364,0.6344104981224364,0.15508662468831869,39.95145857543554,segment_coverage,full_analysis_network,fallback
transit:T5-1@1#822:26:27,transit,S_0042691,gtfs_shape_geometry_fallback,0.3941213517394971,0.3941213517394971,0.03853143239650797,59.54004333858131,segment_coverage,full_analysis_network,fallback
transit:T6-2@1#828:20:21,transit,S_0021789,gtfs_shape_geometry_fallback,0.37012659953798965,0.37012659953798965,0.25047246926366706,51.48705975001394,segment_coverage,full_analysis_network,fallback
transit:T6-2@1#828:20:21,transit,S_0012363,gtfs_shape_geometry_fallback,0.781557596889076,0.781557596889076,0.14760928074356952,51.68922751483676,segment_coverage,full_analysis_network,fallback
transit:T6-2@1#828:20:21,transit,S_0012364,gtfs_shape_geometry_fallback,0.8047139396947822,0.8047139396947822,0.14763114645730208,51.6915438177039,segment_coverage,full_analysis_network,fallback
transit:T6-2@1#828:20:21,transit,S_0048764,gtfs_shape_geometry_fallback,0.4172462020716912,0.4172462020716912,0.2272403192230219,59.40762780943078,segment_coverage,full_analysis_network,fallback
transit:T12A-1@1#753:85:86,transit,S_0027962,gtfs_shape_geometry_fallback,0.7221056998054101,0.7221056998054101,0.3222403268273024,58.142494774892526,segment_coverage,full_analysis_network,fallback
transit:T5-1@1#822:27:28,transit,S_0002359,gtfs_shape_geometry_fallback,0.5993488290960145,0.5993488290960145,0.0556350133004176,15.571665516823757,segment_coverage,full_analysis_network,fallback
transit:T5-1@1#822:27:28,transit,S_0002332,gtfs_shape_geometry_fallback,0.824988507717292,0.824988507717292,0.15375956415520334,13.348983680554795,segment_coverage,full_analysis_network,fallback
transit:T5-1@1#822:27:28,transit,S_0002331,gtfs_shape_geometry_fallback,1.0,1.0,0.18509046557335537,13.34321364677584,segment_coverage,full_analysis_network,fallback
transit:T5-1@1#822:27:28,transit,S_0002334,gtfs_shape_geometry_fallback,1.0,1.0,0.23191984485662429,13.432548812227221,segment_coverage,full_analysis_network,fallback
transit:T5-1@1#822:27:28,transit,S_0002330,gtfs_shape_geometry_fallback,1.0,1.0,0.2405326680617203,13.348343859772545,segment_coverage,full_analysis_network,fallback
transit:2672-1@1#732:108:109,transit,S_0040302,gtfs_shape_geometry_fallback,1.0,1.0,0.09348941300511468,1.6601653062538588,segment_coverage,full_analysis_network,fallback
transit:2672-1@1#732:108:109,transit,S_0040349,gtfs_shape_geometry_fallback,1.0,1.0,0.4100379477754453,1.0667274285933956,both,full_analysis_network,fallback
transit:2672-1@1#732:108:109,transit,S_0040347,gtfs_shape_geometry_fallback,0.40155945633506296,0.40155945633506296,0.12273141392141883,2.6825998829834674,segment_coverage,full_analysis_network,fallback
transit:T6-2@1#828:21:22,transit,S_0019662,gtfs_shape_geometry_fallback,0.5330401497814371,0.5330401497814371,0.17758429402232578,49.655525202581316,segment_coverage,full_analysis_network,fallback
transit:T10-2@1#838:9:10,transit,S_0035537,gtfs_shape_geometry_fallback,0.47034079360709474,0.47034079360709474,0.1604882631245012,56.95944770673535,segment_coverage,full_analysis_network,fallback
transit:T10-2@1#838:9:10,transit,S_0035535,gtfs_shape_geometry_fallback,1.0,1.0,0.17835062430562246,13.86091743849704,segment_coverage,full_analysis_network,fallback
transit:T10-2@1#838:9:10,transit,S_0035530,gtfs_shape_geometry_fallback,1.0,1.0,0.19648865571509544,15.459519965401341,segment_coverage,full_analysis_network,fallback
transit:T10-2@1#838:9:10,transit,S_0035526,gtfs_shape_geometry_fallback,0.5617418204526485,0.5617418204526485,0.21278807803399588,37.35497605643921,segment_coverage,full_analysis_network,fallback
transit:T10-2@1#838:9:10,transit,S_0035527,gtfs_shape_geometry_fallback,0.675799406918338,0.675799406918338,0.02897118499977681,32.42179925561739,segment_coverage,full_analysis_network,fallback
transit:T10-2@1#838:9:10,transit,S_0033834,gtfs_shape_geometry_fallback,0.7679759936007354,0.7679759936007354,0.33206685212317116,14.671917480002776,segment_coverage,full_analysis_network,fallback
transit:T10-2@1#838:9:10,transit,S_0035533,gtfs_shape_geometry_fallback,1.0,1.0,0.1761514814739509,26.080983594457507,segment_coverage,full_analysis_network,fallback
transit:T5-1@1#822:28:29,transit,S_0002798,gtfs_shape_geometry_fallback,0.984333600450262,0.984333600450262,0.31249731463650693,0.0,segment_coverage,full_analysis_network,fallback
transit:T5-1@1#822:28:29,transit,S_0002342,gtfs_shape_geometry_fallback,0.9856116016259554,0.9856116016259554,0.22523331063396584,11.600480140797512,segment_coverage,full_analysis_network,fallback
transit:T5-1@1#822:28:29,transit,S_0002353,gtfs_shape_geometry_fallback,1.0,1.0,0.5645223920676047,16.41144860359327,both,full_analysis_network,fallback
transit:T5-1@1#822:28:29,transit,S_0002337,gtfs_shape_geometry_fallback,1.0,1.0,0.5347528392493555,13.839476805413739,both,full_analysis_network,fallback
transit:T5-1@1#822:28:29,transit,S_0002336,gtfs_shape_geometry_fallback,1.0,1.0,0.4664566450863591,14.44557537322752,both,full_analysis_network,fallback
transit:T5-1@1#822:28:29,transit,S_0002359,gtfs_shape_geometry_fallback,0.9299545861088072,0.9299545861088072,0.3988939602383299,14.419626559526833,both,full_analysis_network,fallback
transit:T5-1@1#822:28:29,transit,S_0002341,gtfs_shape_geometry_fallback,1.0,1.0,0.4690824360759034,27.181769266919055,both,full_analysis_network,fallback
transit:T5-1@1#822:28:29,transit,S_0002332,gtfs_shape_geometry_fallback,1.0,1.0,0.41745000074075317,12.196944722835411,both,full_analysis_network,fallback
transit:T5-1@1#822:28:29,transit,S_0002360,gtfs_shape_geometry_fallback,1.0,1.0,0.3991910970553544,9.175214067635068,both,full_analysis_network,fallback
transit:T5-1@1#822:28:29,transit,S_0002331,gtfs_shape_geometry_fallback,0.9467043689941026,0.9467043689941026,0.06561074807413832,12.159853917107487,segment_coverage,full_analysis_network,fallback
transit:T5-1@1#822:28:29,transit,S_0002330,gtfs_shape_geometry_fallback,0.978750373390819,0.978750373390819,0.07825495598539584,12.159853917107487,segment_coverage,full_analysis_network,fallback
transit:T5-1@1#822:28:29,transit,S_0002354,gtfs_shape_geometry_fallback,0.35776390408405473,0.35458769071041807,0.35776390408405473,57.28392118914202,both,full_analysis_network,fallback
transit:470-2@1#824:21:22,transit,S_0021789,gtfs_shape_geometry_fallback,0.37012659953798965,0.37012659953798965,0.25047246926366706,51.48705975001394,segment_coverage,full_analysis_network,fallback
transit:470-2@1#824:21:22,transit,S_0012363,gtfs_shape_geometry_fallback,0.781557596889076,0.781557596889076,0.14760928074356952,51.68922751483676,segment_coverage,full_analysis_network,fallback
transit:470-2@1#824:21:22,transit,S_0012364,gtfs_shape_geometry_fallback,0.8047139396947822,0.8047139396947822,0.14763114645730208,51.6915438177039,segment_coverage,full_analysis_network,fallback
transit:470-2@1#824:21:22,transit,S_0048764,gtfs_shape_geometry_fallback,0.4172462020716912,0.4172462020716912,0.2272403192230219,59.40762780943078,segment_coverage,full_analysis_network,fallback
transit:3973-1@1#755:78:79,transit,S_0021228,gtfs_shape_geometry_fallback,0.8905256633513522,0.8905256633513522,0.6776306605219704,0.42600720414583293,both,full_analysis_network,fallback
transit:3973-1@1#755:78:79,transit,S_0021241,gtfs_shape_geometry_fallback,1.0,1.0,0.2628012732978081,0.9186052977327392,segment_coverage,full_analysis_network,fallback
transit:3973-1@1#755:78:79,transit,S_0021486,gtfs_shape_geometry_fallback,1.0,1.0,0.4739678962125665,1.3983855005234176,both,full_analysis_network,fallback
transit:T10-2@1#838:10:11,transit,S_0035530,gtfs_shape_geometry_fallback,0.3660657947439171,0.3660657947439171,0.09997381327316965,21.124725826501702,segment_coverage,full_analysis_network,fallback
transit:T10-2@1#838:10:11,transit,S_0035527,gtfs_shape_geometry_fallback,0.7990674160457618,0.7990674160457618,0.07999489013424134,36.28685826466979,segment_coverage,full_analysis_network,fallback
transit:T5-1@1#822:29:30,transit,S_0002798,gtfs_shape_geometry_fallback,0.7874074390870871,0.7874074390870871,0.48261954154904596,0.0,both,full_analysis_network,fallback
transit:470-2@1#824:22:23,transit,S_0019662,gtfs_shape_geometry_fallback,0.6208274280229377,0.6208274280229377,0.5911280295892269,31.774692431138234,both,full_analysis_network,fallback
transit:2672-1@1#732:111:112,transit,S_0006836,gtfs_shape_geometry_fallback,0.35316809782369035,0.35316809782369035,0.20935950219990995,50.485087614597184,segment_coverage,full_analysis_network,fallback
transit:2672-1@1#732:111:112,transit,S_0038615,gtfs_shape_geometry_fallback,1.0,1.0,0.12573381844745635,52.8865243998432,segment_coverage,full_analysis_network,fallback
transit:2672-1@1#732:111:112,transit,S_0039061,gtfs_shape_geometry_fallback,1.0,1.0,0.12443978795057584,57.88348624644695,segment_coverage,full_analysis_network,fallback
transit:2672-1@1#732:111:112,transit,S_0051179,gtfs_shape_geometry_fallback,1.0,1.0,0.19481045681988982,12.54807790949765,segment_coverage,full_analysis_network,fallback
transit:2672-1@1#732:111:112,transit,S_0051180,gtfs_shape_geometry_fallback,1.0,1.0,0.17646053243631246,59.76494945758382,segment_coverage,full_analysis_network,fallback
transit:2672-1@1#732:111:112,transit,S_0048453,gtfs_shape_geometry_fallback,0.5181228655559341,0.5181228655559341,0.1352771245976162,57.74025491867054,segment_coverage,full_analysis_network,fallback
transit:2672-1@1#732:111:112,transit,S_0053021,gtfs_shape_geometry_fallback,0.4585403357279477,0.4585403357279477,0.21510038825322061,56.55732783881782,segment_coverage,full_analysis_network,fallback
transit:3973-1@1#755:79:80,transit,S_0021427,gtfs_shape_geometry_fallback,0.39447186462103556,0.39447186462103556,0.1800115603336995,0.6744369862910844,segment_coverage,full_analysis_network,fallback
transit:3973-1@1#755:79:80,transit,S_0010468,gtfs_shape_geometry_fallback,1.0,1.0,0.3854237037328062,0.0537316218049142,both,full_analysis_network,fallback
transit:3973-1@1#755:79:80,transit,S_0011886,gtfs_shape_geometry_fallback,1.0,1.0,0.5212098892631855,0.47791454715290627,both,full_analysis_network,fallback
transit:3973-1@1#755:79:80,transit,S_0055788,gtfs_shape_geometry_fallback,1.0,1.0,0.2758346169535571,8.661604826773228,segment_coverage,full_analysis_network,fallback
transit:3973-1@1#755:79:80,transit,S_0021229,gtfs_shape_geometry_fallback,1.0,1.0,0.1901568812227467,1.0170414815992501,segment_coverage,full_analysis_network,fallback
transit:3973-1@1#755:79:80,transit,S_0021228,gtfs_shape_geometry_fallback,0.40100718499942367,0.40100718499942367,0.16065914179042376,0.3421773153430365,segment_coverage,full_analysis_network,fallback
transit:E703-1@1#840:10:11,transit,S_0008921,gtfs_shape_geometry_fallback,1.0,0.8394224542987523,1.0,1.2128352782204388,both,full_analysis_network,fallback
transit:T1-1@1#813:51:52,transit,S_0006705,gtfs_shape_geometry_fallback,0.42293384651813914,0.42293384651813914,0.20751869660833497,40.042083036563696,segment_coverage,full_analysis_network,fallback
transit:T1-1@1#813:51:52,transit,S_0006703,gtfs_shape_geometry_fallback,0.8921427527839353,0.8921427527839353,0.17994889898607114,48.77334063528423,segment_coverage,full_analysis_network,fallback
transit:2672-1@1#732:113:114,transit,S_0055868,gtfs_shape_geometry_fallback,0.7952483036724621,0.7952483036724621,0.5079608886930276,41.94714420452806,both,full_analysis_network,fallback
transit:2672-1@1#732:113:114,transit,S_0054856,gtfs_shape_geometry_fallback,1.0,1.0,0.3756585682173524,3.9800932988793605,both,full_analysis_network,fallback
transit:T1-1@1#813:52:53,transit,S_0045847,gtfs_shape_geometry_fallback,1.0,1.0,0.2054109772411165,11.61139707008951,segment_coverage,full_analysis_network,fallback
transit:T1-1@1#813:52:53,transit,S_0045845,gtfs_shape_geometry_fallback,1.0,1.0,0.2899214803918332,13.558395912521409,segment_coverage,full_analysis_network,fallback
transit:T1-1@1#813:52:53,transit,S_0013231,gtfs_shape_geometry_fallback,0.4696047276277767,0.4696047276277767,0.2561821617968701,59.616240585851685,segment_coverage,full_analysis_network,fallback
transit:T1-1@1#813:52:53,transit,S_0045843,gtfs_shape_geometry_fallback,1.0,1.0,0.33042730806447246,11.255591275185857,segment_coverage,full_analysis_network,fallback
transit:T1-1@1#813:52:53,transit,S_0021486,gtfs_shape_geometry_fallback,0.39291606003830687,0.39291606003830687,0.0920439020950129,8.794311971569286,segment_coverage,full_analysis_network,fallback
transit:T1-1@1#813:52:53,transit,S_0051178,gtfs_shape_geometry_fallback,0.40176004977425006,0.40176004977425006,0.16131670229287687,46.75230444102388,segment_coverage,full_analysis_network,fallback
transit:T12A-1@1#753:92:93,transit,S_0039962,gtfs_shape_geometry_fallback,0.38948347465561844,0.38948347465561844,0.05708703762520008,9.602615482680989,segment_coverage,full_analysis_network,fallback
transit:T12A-1@1#753:92:93,transit,S_0037650,gtfs_shape_geometry_fallback,0.9322950892028259,0.9322950892028259,0.48023118104820045,38.93041591695254,both,full_analysis_network,fallback
transit:T12A-1@1#753:92:93,transit,S_0037648,gtfs_shape_geometry_fallback,1.0,1.0,0.4272007800931598,14.41020771609604,both,full_analysis_network,fallback
transit:375-2@1#809:44:45,transit,S_0037741,gtfs_shape_geometry_fallback,0.6821294448491476,0.6821294448491476,0.10617810742402159,40.92437758163115,segment_coverage,full_analysis_network,fallback
transit:375-2@1#809:44:45,transit,S_0016954,gtfs_shape_geometry_fallback,0.8021331643493496,0.8021331643493496,0.09672336230383458,47.371801378480825,segment_coverage,full_analysis_network,fallback
transit:375-2@1#809:44:45,transit,S_0015609,gtfs_shape_geometry_fallback,0.8636789321132735,0.8636789321132735,0.12634001744477988,49.37053318294711,segment_coverage,full_analysis_network,fallback
transit:375-2@1#809:44:45,transit,S_0017083,gtfs_shape_geometry_fallback,0.5354275292351431,0.5354275292351431,0.1588993635904106,52.5200285220762,segment_coverage,full_analysis_network,fallback
transit:T1-1@1#813:53:54,transit,S_0021228,gtfs_shape_geometry_fallback,0.8905256633513522,0.8905256633513522,0.6776306605219704,0.42600720414583293,both,full_analysis_network,fallback
transit:T1-1@1#813:53:54,transit,S_0021241,gtfs_shape_geometry_fallback,1.0,1.0,0.2628012732978081,0.9186052977327392,segment_coverage,full_analysis_network,fallback
transit:T1-1@1#813:53:54,transit,S_0021486,gtfs_shape_geometry_fallback,1.0,1.0,0.4739678962125665,1.3983855005234176,both,full_analysis_network,fallback
transit:T12A-1@1#753:93:94,transit,S_0039962,gtfs_shape_geometry_fallback,1.0,1.0,0.1458199261949891,9.960576162895848,segment_coverage,full_analysis_network,fallback
transit:T1-1@1#813:54:55,transit,S_0021427,gtfs_shape_geometry_fallback,0.39447186462103556,0.39447186462103556,0.1800115603336995,0.6744369862910844,segment_coverage,full_analysis_network,fallback
transit:T1-1@1#813:54:55,transit,S_0010468,gtfs_shape_geometry_fallback,1.0,1.0,0.3854237037328062,0.0537316218049142,both,full_analysis_network,fallback
transit:T1-1@1#813:54:55,transit,S_0011886,gtfs_shape_geometry_fallback,1.0,1.0,0.5212098892631855,0.47791454715290627,both,full_analysis_network,fallback
transit:T1-1@1#813:54:55,transit,S_0055788,gtfs_shape_geometry_fallback,1.0,1.0,0.2758346169535571,8.661604826773228,segment_coverage,full_analysis_network,fallback
transit:T1-1@1#813:54:55,transit,S_0021229,gtfs_shape_geometry_fallback,1.0,1.0,0.1901568812227467,1.0170414815992501,segment_coverage,full_analysis_network,fallback
transit:T1-1@1#813:54:55,transit,S_0021228,gtfs_shape_geometry_fallback,0.40100718499942367,0.40100718499942367,0.16065914179042376,0.3421773153430365,segment_coverage,full_analysis_network,fallback
transit:2672-1@1#732:116:117,transit,S_0052591,gtfs_shape_geometry_fallback,0.4369754692271531,0.4369754692271531,0.17347329985981655,48.83785201838733,segment_coverage,full_analysis_network,fallback
transit:2672-1@1#732:116:117,transit,S_0052599,gtfs_shape_geometry_fallback,0.5719079703930762,0.5719079703930762,0.1993974381486933,0.0,segment_coverage,full_analysis_network,fallback
transit:T1-1@1#813:55:56,transit,S_0002707,gtfs_shape_geometry_fallback,1.0,1.0,0.2719949320664835,12.829292479263813,segment_coverage,full_analysis_network,fallback
transit:T1-1@1#813:55:56,transit,S_0032471,gtfs_shape_geometry_fallback,1.0,1.0,0.21106710563849157,1.4574784257755198,segment_coverage,full_analysis_network,fallback
transit:T1-1@1#813:55:56,transit,S_0011845,gtfs_shape_geometry_fallback,1.0,1.0,0.07839109203200786,1.9913130366255736,segment_coverage,full_analysis_network,fallback
transit:T1-1@1#813:55:56,transit,S_0001637,gtfs_shape_geometry_fallback,0.7013251525403347,0.7013251525403347,0.08172071703896883,34.939675063070325,segment_coverage,full_analysis_network,fallback
transit:T1-1@1#813:55:56,transit,S_0011847,gtfs_shape_geometry_fallback,0.671717724498109,0.671717724498109,0.08432025107167994,38.07583317507951,segment_coverage,full_analysis_network,fallback
transit:T1-1@1#813:55:56,transit,S_0030253,gtfs_shape_geometry_fallback,0.6576453949793881,0.6576453949793881,0.12511514848246638,55.91466644849979,segment_coverage,full_analysis_network,fallback
transit:T1-1@1#813:55:56,transit,S_0030254,gtfs_shape_geometry_fallback,1.0,1.0,0.17606654749737835,1.5754896953272919,segment_coverage,full_analysis_network,fallback
transit:T1-1@1#813:55:56,transit,S_0030249,gtfs_shape_geometry_fallback,1.0,1.0,0.15581664692013295,8.137447231984645,segment_coverage,full_analysis_network,fallback
transit:T1-1@1#813:55:56,transit,S_0001638,gtfs_shape_geometry_fallback,1.0,1.0,0.07498808650565694,1.1574706158601096,segment_coverage,full_analysis_network,fallback
transit:T1-1@1#813:55:56,transit,S_0011888,gtfs_shape_geometry_fallback,1.0,1.0,0.14343052769946105,2.8274975094815886,segment_coverage,full_analysis_network,fallback
transit:T1-1@1#813:55:56,transit,S_0021430,gtfs_shape_geometry_fallback,1.0,1.0,0.17041881014626162,0.5504401943941772,segment_coverage,full_analysis_network,fallback
transit:T1-1@1#813:55:56,transit,S_0021432,gtfs_shape_geometry_fallback,1.0,1.0,0.10274993466968191,0.9711666189571773,segment_coverage,full_analysis_network,fallback
transit:T1-1@1#813:55:56,transit,S_0021429,gtfs_shape_geometry_fallback,1.0,1.0,0.12240932501992878,0.8346381250071033,segment_coverage,full_analysis_network,fallback
transit:T1-1@1#813:55:56,transit,S_0021427,gtfs_shape_geometry_fallback,0.8351725313270413,0.8351725313270413,0.2980687343611101,1.1138056410331956,segment_coverage,full_analysis_network,fallback
transit:T5-1@1#822:34:35,transit,S_0009587,gtfs_shape_geometry_fallback,0.6248685176829201,0.13834305615502043,0.6248685176829201,31.792255746356545,shape_coverage,full_analysis_network,fallback
transit:T5-1@1#822:34:35,transit,S_0009574,gtfs_shape_geometry_fallback,0.4824303323122022,0.07742311118323657,0.4824303323122022,21.495041831588566,shape_coverage,full_analysis_network,fallback
transit:T5-1@1#822:34:35,transit,S_0009536,gtfs_shape_geometry_fallback,1.0,1.0,1.0,0.18236095708067523,both,full_analysis_network,fallback
transit:T1-1@1#813:56:57,transit,S_0040584,gtfs_shape_geometry_fallback,1.0,1.0,0.4126256409902861,1.5186583905864381,both,full_analysis_network,fallback
transit:2672-1@1#732:118:119,transit,S_0004332,gtfs_shape_geometry_fallback,0.46977456933680467,0.46977456933680467,0.0949771248546373,12.20596657538659,segment_coverage,full_analysis_network,fallback
transit:2672-1@1#732:118:119,transit,S_0012597,gtfs_shape_geometry_fallback,1.0,1.0,0.08828258069333995,7.000145181239702,segment_coverage,full_analysis_network,fallback
transit:2672-1@1#732:118:119,transit,S_0058339,gtfs_shape_geometry_fallback,1.0,1.0,0.12558386728488757,4.062281892219957,segment_coverage,full_analysis_network,fallback
transit:2672-1@1#732:118:119,transit,S_0058337,gtfs_shape_geometry_fallback,0.6763912678666416,0.6763912678666416,0.10809298090628548,18.467258066388887,segment_coverage,full_analysis_network,fallback
transit:2672-1@1#732:118:119,transit,S_0012596,gtfs_shape_geometry_fallback,0.49921403773686107,0.49921403773686107,0.15158623880341757,23.250414092367066,segment_coverage,full_analysis_network,fallback
transit:T1-1@1#813:57:58,transit,S_0049087,gtfs_shape_geometry_fallback,1.0,1.0,0.2690552447429493,30.341286807902577,segment_coverage,full_analysis_network,fallback
transit:T5-1@1#822:35:36,transit,S_0009534,gtfs_shape_geometry_fallback,0.543763031071214,0.543763031071214,0.2833728683413797,57.4413400010404,segment_coverage,full_analysis_network,fallback
transit:T5-1@1#822:35:36,transit,S_0009536,gtfs_shape_geometry_fallback,1.0,1.0,0.2833289435435238,0.14103199704896952,segment_coverage,full_analysis_network,fallback
transit:2672-1@1#732:119:120,transit,S_0010648,gtfs_shape_geometry_fallback,0.36303790214739834,0.36303790214739834,0.08791680380653816,21.456432299909643,segment_coverage,full_analysis_network,fallback
transit:E703-1@1#840:16:17,transit,S_0046198,gtfs_shape_geometry_fallback,0.689188338887198,0.689188338887198,0.2518862519363057,1.3823931940454628,segment_coverage,full_analysis_network,fallback
transit:E703-1@1#840:16:17,transit,S_0046199,gtfs_shape_geometry_fallback,1.0,1.0,0.15412347929274267,0.21558686034944685,segment_coverage,full_analysis_network,fallback
transit:E703-1@1#840:16:17,transit,S_0046204,gtfs_shape_geometry_fallback,1.0,1.0,0.18593570389037548,0.376428925454789,segment_coverage,full_analysis_network,fallback
transit:E703-1@1#840:16:17,transit,S_0054145,gtfs_shape_geometry_fallback,1.0,1.0,0.2955018688262788,0.8610190895450387,segment_coverage,full_analysis_network,fallback
transit:E703-1@1#840:16:17,transit,S_0032855,gtfs_shape_geometry_fallback,1.0,1.0,0.14973514563870752,1.1318383801222467,segment_coverage,full_analysis_network,fallback
transit:E703-1@1#840:16:17,transit,S_0032849,gtfs_shape_geometry_fallback,1.0,1.0,0.21667145854174824,1.1857893287181724,segment_coverage,full_analysis_network,fallback
transit:E703-1@1#840:16:17,transit,S_0035716,gtfs_shape_geometry_fallback,1.0,1.0,0.21593388200122413,1.0123814876816368,segment_coverage,full_analysis_network,fallback
transit:E703-1@1#840:16:17,transit,S_0035715,gtfs_shape_geometry_fallback,1.0,1.0,0.22917456061481592,0.7860337098594812,segment_coverage,full_analysis_network,fallback
transit:E703-1@1#840:16:17,transit,S_0054147,gtfs_shape_geometry_fallback,1.0,1.0,0.17209907529759338,0.7031956444442358,segment_coverage,full_analysis_network,fallback
transit:E703-1@1#840:16:17,transit,S_0032842,gtfs_shape_geometry_fallback,1.0,1.0,0.19079011528805406,1.190759207867714,segment_coverage,full_analysis_network,fallback
transit:E703-1@1#840:16:17,transit,S_0032843,gtfs_shape_geometry_fallback,1.0,1.0,0.17034005289341778,1.1446524393150952,segment_coverage,full_analysis_network,fallback
transit:E703-1@1#840:16:17,transit,S_0054151,gtfs_shape_geometry_fallback,1.0,1.0,0.14046596688471358,0.6882245701627738,segment_coverage,full_analysis_network,fallback
transit:E703-1@1#840:16:17,transit,S_0043898,gtfs_shape_geometry_fallback,0.3675764746210231,0.3675764746210231,0.05130897442966208,0.6825571618153958,segment_coverage,full_analysis_network,fallback
transit:T5-1@1#822:36:37,transit,S_0031016,gtfs_shape_geometry_fallback,1.0,1.0,0.2795591323648068,41.499427940818094,segment_coverage,full_analysis_network,fallback
transit:T5-1@1#822:36:37,transit,S_0001108,gtfs_shape_geometry_fallback,0.5189939207182811,0.5189939207182811,0.2516115783274599,45.452061774380724,segment_coverage,full_analysis_network,fallback
transit:T5-1@1#822:36:37,transit,S_0031005,gtfs_shape_geometry_fallback,0.6284147514874756,0.6284147514874756,0.5930616993104575,56.98053448516005,both,full_analysis_network,fallback
transit:T10-2@1#838:18:19,transit,S_0049529,gtfs_shape_geometry_fallback,0.5020043655635552,0.5020043655635552,0.3494040252849764,16.634323066570246,segment_coverage,full_analysis_network,fallback
transit:T10-2@1#838:18:19,transit,S_0034854,gtfs_shape_geometry_fallback,0.36621688693584453,0.36621688693584453,0.14522036218438483,6.965574931472972,segment_coverage,full_analysis_network,fallback
transit:T12A-1@1#753:99:100,transit,S_0051841,gtfs_shape_geometry_fallback,0.38506283730910357,0.1858505350813193,0.38506283730910357,52.165386219399124,shape_coverage,full_analysis_network,fallback
transit:E703-1@1#840:17:18,transit,S_0043496,gtfs_shape_geometry_fallback,0.384675505032931,0.3228316449022914,0.384675505032931,0.4917458138957187,shape_coverage,full_analysis_network,fallback
transit:E703-1@1#840:17:18,transit,S_0030218,gtfs_shape_geometry_fallback,1.0,1.0,0.5397854129850579,0.49007436084440315,both,full_analysis_network,fallback
transit:E703-1@1#840:17:18,transit,S_0046198,gtfs_shape_geometry_fallback,0.563875223721055,0.563875223721055,0.389814369978769,1.382393193757622,both,full_analysis_network,fallback
transit:E703-1@1#840:18:19,transit,S_0041819,gtfs_shape_geometry_fallback,0.6091491644045771,0.6091491644045771,0.019555306138251825,0.5021070903611076,segment_coverage,full_analysis_network,fallback
transit:E703-1@1#840:18:19,transit,S_0054161,gtfs_shape_geometry_fallback,1.0,1.0,0.10446867430686547,0.4793059632480663,segment_coverage,full_analysis_network,fallback
transit:E703-1@1#840:18:19,transit,S_0054158,gtfs_shape_geometry_fallback,1.0,1.0,0.17239962908252535,0.5041917995227436,segment_coverage,full_analysis_network,fallback
transit:E703-1@1#840:18:19,transit,S_0054159,gtfs_shape_geometry_fallback,1.0,1.0,0.38282767952743285,0.49532302593759425,both,full_analysis_network,fallback
transit:E703-1@1#840:18:19,transit,S_0054142,gtfs_shape_geometry_fallback,1.0,1.0,0.19983032925827168,0.4862536366676693,segment_coverage,full_analysis_network,fallback
transit:E703-1@1#840:18:19,transit,S_0054141,gtfs_shape_geometry_fallback,1.0,1.0,0.1867364507447022,0.47678149107116496,segment_coverage,full_analysis_network,fallback
transit:E703-1@1#840:18:19,transit,S_0054144,gtfs_shape_geometry_fallback,0.41546807448339457,0.41546807448339457,0.2670277426301442,53.50887109827893,segment_coverage,full_analysis_network,fallback
transit:E703-1@1#840:18:19,transit,S_0043496,gtfs_shape_geometry_fallback,0.8236694663030505,0.8236694663030505,0.4993999260581248,0.49174581402328954,both,full_analysis_network,fallback
transit:E178-1@1#854:2:3,transit,S_0010425,gtfs_shape_geometry_fallback,1.0,1.0,0.13484380838260224,1.6021008115738766,segment_coverage,full_analysis_network,fallback
transit:E178-1@1#854:2:3,transit,S_0001771,gtfs_shape_geometry_fallback,1.0,1.0,0.6362893091249184,1.5788343704585657,both,full_analysis_network,fallback
transit:E178-1@1#854:2:3,transit,S_0001770,gtfs_shape_geometry_fallback,1.0,1.0,0.3861489799867487,1.6367343531554042,both,full_analysis_network,fallback
transit:E178-1@1#854:2:3,transit,S_0010423,gtfs_shape_geometry_fallback,0.38241915249924785,0.36639238965870435,0.38241915249924785,0.15634404522469936,both,full_analysis_network,fallback
transit:T12A-1@1#753:102:103,transit,S_0004165,gtfs_shape_geometry_fallback,0.41368010946984607,0.41368010946984607,0.1360697565007899,43.58914906646292,segment_coverage,full_analysis_network,fallback
transit:E703-1@1#840:19:20,transit,S_0041813,gtfs_shape_geometry_fallback,1.0,1.0,0.16990257456095847,0.054622279138044405,segment_coverage,full_analysis_network,fallback
transit:E703-1@1#840:19:20,transit,S_0052793,gtfs_shape_geometry_fallback,1.0,1.0,0.3182319243306699,0.424904541882384,segment_coverage,full_analysis_network,fallback
transit:E703-1@1#840:19:20,transit,S_0041816,gtfs_shape_geometry_fallback,1.0,1.0,0.518060121357203,0.2042379556417444,both,full_analysis_network,fallback
transit:E703-1@1#840:19:20,transit,S_0041817,gtfs_shape_geometry_fallback,1.0,1.0,0.37250636373338986,1.0427197227628255,both,full_analysis_network,fallback
transit:E703-1@1#840:19:20,transit,S_0041820,gtfs_shape_geometry_fallback,1.0,1.0,0.3060744928120696,1.0485475052454376,segment_coverage,full_analysis_network,fallback
transit:E703-1@1#840:19:20,transit,S_0041819,gtfs_shape_geometry_fallback,1.0,1.0,0.1791990797638793,0.5021070903665219,segment_coverage,full_analysis_network,fallback
transit:E703-1@1#840:19:20,transit,S_0054161,gtfs_shape_geometry_fallback,1.0,1.0,0.13589680462142043,0.47930596339554654,segment_coverage,full_analysis_network,fallback
transit:E178-1@1#854:3:4,transit,S_0021652,gtfs_shape_geometry_fallback,0.49985510945055817,0.49985510945055817,0.2406278125182603,45.30563343091262,segment_coverage,full_analysis_network,fallback
transit:E178-1@1#854:3:4,transit,S_0021643,gtfs_shape_geometry_fallback,1.0,1.0,0.15486407663701982,3.754553037875098,segment_coverage,full_analysis_network,fallback
transit:E178-1@1#854:3:4,transit,S_0021644,gtfs_shape_geometry_fallback,1.0,1.0,0.1282221394071617,28.512077610214405,segment_coverage,full_analysis_network,fallback
transit:E178-1@1#854:3:4,transit,S_0021650,gtfs_shape_geometry_fallback,1.0,1.0,0.3755691966151406,1.2210296940263277,both,full_analysis_network,fallback
transit:E178-1@1#854:3:4,transit,S_0055714,gtfs_shape_geometry_fallback,0.5524829807680445,0.5524829807680445,0.05484437663154426,36.38817511703853,segment_coverage,full_analysis_network,fallback
transit:E178-1@1#854:3:4,transit,S_0050215,gtfs_shape_geometry_fallback,0.9734773219307832,0.9734773219307832,0.09642716495739853,54.59058429641274,segment_coverage,full_analysis_network,fallback
transit:E178-1@1#854:3:4,transit,S_0022146,gtfs_shape_geometry_fallback,0.5062576463929495,0.5062576463929495,0.15514449358079285,2.783419262240173,segment_coverage,full_analysis_network,fallback
transit:E178-1@1#854:3:4,transit,S_0021651,gtfs_shape_geometry_fallback,1.0,1.0,0.30159512991269,7.312315146688476,segment_coverage,full_analysis_network,fallback
transit:E178-1@1#854:3:4,transit,S_0021640,gtfs_shape_geometry_fallback,0.6581115080848654,0.6581115080848654,0.19910161635833037,5.3606290059572075,segment_coverage,full_analysis_network,fallback
transit:E178-1@1#854:3:4,transit,S_0022145,gtfs_shape_geometry_fallback,1.0,1.0,0.19979079354503132,0.9724958614668395,segment_coverage,full_analysis_network,fallback
transit:E178-1@1#854:3:4,transit,S_0010424,gtfs_shape_geometry_fallback,0.9259948867999597,0.9259948867999597,0.13143941837911835,20.56507091163742,segment_coverage,full_analysis_network,fallback
transit:E178-1@1#854:3:4,transit,S_0010425,gtfs_shape_geometry_fallback,1.0,1.0,0.07755458625777734,1.1264463092133923,segment_coverage,full_analysis_network,fallback
transit:E703-1@1#840:20:21,transit,S_0041812,gtfs_shape_geometry_fallback,1.0,1.0,0.3280358479259702,0.02710161437737213,segment_coverage,full_analysis_network,fallback
transit:E703-1@1#840:20:21,transit,S_0041807,gtfs_shape_geometry_fallback,0.7303286652112989,0.7303286652112989,0.4765537238106778,4.66916647597057,both,full_analysis_network,fallback
transit:E703-1@1#840:20:21,transit,S_0052789,gtfs_shape_geometry_fallback,0.9207414256569354,0.9207414256569354,0.8094612319211473,6.113554684443841,both,full_analysis_network,fallback
transit:E703-1@1#840:20:21,transit,S_0041813,gtfs_shape_geometry_fallback,1.0,1.0,0.062457139353183116,0.022356670348102625,segment_coverage,full_analysis_network,fallback
transit:T12A-1@1#753:104:105,transit,S_0058073,gtfs_shape_geometry_fallback,0.5409492819160701,0.5409492819160701,0.0486479104795168,0.5374343573369913,segment_coverage,full_analysis_network,fallback
transit:T12A-1@1#753:104:105,transit,S_0011191,gtfs_shape_geometry_fallback,0.8938700284540928,0.8938700284540928,0.04218449422122748,0.0870875316032027,segment_coverage,full_analysis_network,fallback
transit:T12A-1@1#753:104:105,transit,S_0057470,gtfs_shape_geometry_fallback,0.4143616320182586,0.4143616320182586,0.08260111999960414,5.652938960685219,segment_coverage,full_analysis_network,fallback
transit:T12A-1@1#753:105:106,transit,S_0053299,gtfs_shape_geometry_fallback,0.6283841119873002,0.6283841119873002,0.11113663261984941,11.736680477818169,segment_coverage,full_analysis_network,fallback
transit:T12A-1@1#753:105:106,transit,S_0059016,gtfs_shape_geometry_fallback,0.4760832876242833,0.4760832876242833,0.0999008737991814,1.4482856124957948,segment_coverage,full_analysis_network,fallback
transit:T12A-1@1#753:105:106,transit,S_0058073,gtfs_shape_geometry_fallback,0.7809329394104845,0.7809329394104845,0.11901491434181675,0.8997708285476875,segment_coverage,full_analysis_network,fallback
transit:T12A-1@1#753:105:106,transit,S_0057472,gtfs_shape_geometry_fallback,0.5279572371097444,0.5279572371097444,0.4733405984879613,5.302567727308372,both,full_analysis_network,fallback
transit:E703-1@1#840:21:22,transit,S_0057740,gtfs_shape_geometry_fallback,0.4217242967124069,0.4217242967124069,0.08217088081727213,5.774789114420869,segment_coverage,full_analysis_network,fallback
transit:E703-1@1#840:21:22,transit,S_0046131,gtfs_shape_geometry_fallback,0.7023400840449192,0.7023400840449192,0.2656644544374962,5.150482374073519,segment_coverage,full_analysis_network,fallback
transit:E703-1@1#840:21:22,transit,S_0046125,gtfs_shape_geometry_fallback,1.0,1.0,0.23013577219515993,56.225583383074465,segment_coverage,full_analysis_network,fallback
transit:E703-1@1#840:21:22,transit,S_0057739,gtfs_shape_geometry_fallback,1.0,1.0,0.2656644544374962,4.488254658675572,segment_coverage,full_analysis_network,fallback
transit:E703-1@1#840:21:22,transit,S_0046118,gtfs_shape_geometry_fallback,1.0,1.0,0.40529038947659385,7.546589109601797,both,full_analysis_network,fallback
transit:E703-1@1#840:21:22,transit,S_0046130,gtfs_shape_geometry_fallback,1.0,1.0,0.28630967685157954,24.084917701040453,segment_coverage,full_analysis_network,fallback
transit:E703-1@1#840:21:22,transit,S_0018499,gtfs_shape_geometry_fallback,1.0,1.0,0.33949197943310727,0.46156761157510573,segment_coverage,full_analysis_network,fallback
transit:E703-1@1#840:21:22,transit,S_0018500,gtfs_shape_geometry_fallback,1.0,1.0,0.2718697745861025,27.3201397065298,segment_coverage,full_analysis_network,fallback
transit:E703-1@1#840:21:22,transit,S_0046116,gtfs_shape_geometry_fallback,0.6759475874384928,0.6759475874384928,0.4615561232474041,44.03957042953924,both,full_analysis_network,fallback
transit:E703-1@1#840:21:22,transit,S_0018501,gtfs_shape_geometry_fallback,0.7099645438140841,0.7099645438140841,0.6585146125509416,0.6528747740350127,both,full_analysis_network,fallback
transit:E178-1@1#854:5:6,transit,S_0049947,gtfs_shape_geometry_fallback,0.9253940908945336,0.9253940908945336,0.11918010314737049,38.679387760640424,segment_coverage,full_analysis_network,fallback
transit:E178-1@1#854:5:6,transit,S_0010761,gtfs_shape_geometry_fallback,0.454696290149948,0.454696290149948,0.37227739199442966,32.20281446628516,both,full_analysis_network,fallback
transit:T12A-1@1#753:107:108,transit,S_0003643,gtfs_shape_geometry_fallback,0.5099610320836586,0.5099610320836586,0.21133582554070313,4.329253609376831,segment_coverage,full_analysis_network,fallback
transit:T12A-1@1#753:107:108,transit,S_0003631,gtfs_shape_geometry_fallback,1.0,1.0,0.3378566426158073,4.109065812208531,segment_coverage,full_analysis_network,fallback
transit:T10-2@1#838:25:26,transit,S_0047711,gtfs_shape_geometry_fallback,1.0,1.0,0.3916790854779643,18.24517641462313,both,full_analysis_network,fallback
transit:T10-2@1#838:25:26,transit,S_0047720,gtfs_shape_geometry_fallback,1.0,1.0,0.23955968014021817,22.793850086736086,segment_coverage,full_analysis_network,fallback
transit:E703-1@1#840:24:25,transit,S_0044445,gtfs_shape_geometry_fallback,0.8299425565960861,0.8299425565960861,0.7273814983038702,1.3521916936654463,both,full_analysis_network,fallback
transit:E703-1@1#840:24:25,transit,S_0044446,gtfs_shape_geometry_fallback,0.6887942152422262,0.6887942152422262,0.4428670524398854,1.4193063472869767,both,full_analysis_network,fallback
transit:E703-1@1#840:25:26,transit,S_0044446,gtfs_shape_geometry_fallback,0.6333898797045076,0.6058928764956285,0.6333898797045076,1.4193063481284298,both,full_analysis_network,fallback
transit:E703-1@1#840:25:26,transit,S_0048455,gtfs_shape_geometry_fallback,0.6196164438546277,0.5036712041312438,0.6196164438546277,0.01804776836037547,both,full_analysis_network,fallback
transit:T3-2@1#834:32:33,transit,S_0034668,gtfs_shape_geometry_fallback,1.0,1.0,0.2619609618044187,0.05055738582666791,segment_coverage,full_analysis_network,fallback
transit:T3-2@1#834:32:33,transit,S_0029160,gtfs_shape_geometry_fallback,0.6281562905676162,0.6281562905676162,0.13888505809001847,46.567984714032214,segment_coverage,full_analysis_network,fallback
transit:T3-2@1#834:32:33,transit,S_0029154,gtfs_shape_geometry_fallback,1.0,1.0,0.10148476624176117,1.5116113331500998,segment_coverage,full_analysis_network,fallback
transit:T3-2@1#834:32:33,transit,S_0029152,gtfs_shape_geometry_fallback,1.0,1.0,0.10667340139418366,1.2237867261916904,segment_coverage,full_analysis_network,fallback
transit:T3-2@1#834:32:33,transit,S_0029148,gtfs_shape_geometry_fallback,1.0,1.0,0.18070564826479785,0.9256581062140725,segment_coverage,full_analysis_network,fallback
transit:T3-2@1#834:32:33,transit,S_0029146,gtfs_shape_geometry_fallback,0.9983792213941671,0.9983792213941671,0.08641494525843159,6.161491647716801,segment_coverage,full_analysis_network,fallback
transit:T3-2@1#834:32:33,transit,S_0031892,gtfs_shape_geometry_fallback,0.41880415328331655,0.41880415328331655,0.06954478010601103,2.1497566045893706,segment_coverage,full_analysis_network,fallback
transit:T3-2@1#834:32:33,transit,S_0031893,gtfs_shape_geometry_fallback,0.5000391142386402,0.5000391142386402,0.10577718426791914,7.364287632867089,segment_coverage,full_analysis_network,fallback
transit:E703-1@1#840:26:27,transit,S_0035489,gtfs_shape_geometry_fallback,1.0,1.0,0.4500485387894617,0.47276628136741294,both,full_analysis_network,fallback
transit:E703-1@1#840:26:27,transit,S_0048454,gtfs_shape_geometry_fallback,1.0,1.0,0.3993502615382387,0.023210214386836014,both,full_analysis_network,fallback
transit:E703-1@1#840:26:27,transit,S_0048455,gtfs_shape_geometry_fallback,0.641248616123604,0.641248616123604,0.30674238412445737,0.5462613998884933,segment_coverage,full_analysis_network,fallback
transit:E703-1@1#840:27:28,transit,S_0035494,gtfs_shape_geometry_fallback,0.9520428736784621,0.9520428736784621,0.3887019387716562,0.42877017305553977,both,full_analysis_network,fallback
transit:E703-1@1#840:27:28,transit,S_0035492,gtfs_shape_geometry_fallback,1.0,1.0,0.43899337740740346,0.05388823267291798,both,full_analysis_network,fallback
transit:E703-1@1#840:27:28,transit,S_0035490,gtfs_shape_geometry_fallback,1.0,1.0,0.3581613619402796,0.4400149916371845,both,full_analysis_network,fallback
transit:T3-2@1#834:38:39,transit,S_0042628,gtfs_shape_geometry_fallback,0.46013962629244953,0.46013962629244953,0.047602072418217276,1.1257451552967126,segment_coverage,full_analysis_network,fallback
transit:T3-2@1#834:38:39,transit,S_0041093,gtfs_shape_geometry_fallback,1.0,0.568724790802851,1.0,0.4057910306669896,both,full_analysis_network,fallback
transit:T3-2@1#834:39:40,transit,S_0041093,gtfs_shape_geometry_fallback,1.0,0.3919929243332005,1.0,0.4057910308028454,both,full_analysis_network,fallback
transit:T3-2@1#834:40:41,transit,S_0022116,gtfs_shape_geometry_fallback,0.42906856729719217,0.42906856729719217,0.3416958216381319,0.37151233063880795,segment_coverage,full_analysis_network,fallback
transit:T3-2@1#834:41:42,transit,S_0022116,gtfs_shape_geometry_fallback,0.7377279364602326,0.7015216331314204,0.7377279364602326,0.2677936971576713,both,full_analysis_network,fallback
transit:T3-2@1#834:41:42,transit,S_0049528,gtfs_shape_geometry_fallback,1.0,1.0,0.3067350236463874,30.821653180519007,segment_coverage,full_analysis_network,fallback
transit:T3-2@1#834:41:42,transit,S_0049524,gtfs_shape_geometry_fallback,1.0,1.0,0.26250631674875774,1.314788928319274,segment_coverage,full_analysis_network,fallback
transit:T3-2@1#834:41:42,transit,S_0049523,gtfs_shape_geometry_fallback,1.0,1.0,0.2712087991417256,1.8720558763737216,segment_coverage,full_analysis_network,fallback
transit:T3-2@1#834:41:42,transit,S_0043215,gtfs_shape_geometry_fallback,0.9747353257803489,0.9747353257803489,0.39975976336906227,0.08925972159750017,both,full_analysis_network,fallback
transit:T3-2@1#834:42:43,transit,S_0043215,gtfs_shape_geometry_fallback,0.36272062635883623,0.36272062635883623,0.16898433491264517,0.0892597217267479,segment_coverage,full_analysis_network,fallback
transit:T3-2@1#834:42:43,transit,S_0012620,gtfs_shape_geometry_fallback,0.36946597856636415,0.36946597856636415,0.19331940315399887,35.2302583291453,segment_coverage,full_analysis_network,fallback
transit:T3-2@1#834:42:43,transit,S_0031177,gtfs_shape_geometry_fallback,0.6738322128014034,0.6738322128014034,0.17755466472995776,54.33014303647086,segment_coverage,full_analysis_network,fallback
transit:T3-2@1#834:51:52,transit,S_0035010,gtfs_shape_geometry_fallback,0.6674774544340524,0.6674774544340524,0.18694133988864478,42.54646039793749,segment_coverage,full_analysis_network,fallback
transit:T3-2@1#834:51:52,transit,S_0042826,gtfs_shape_geometry_fallback,1.0,1.0,0.1599271851810421,47.76770941555312,segment_coverage,full_analysis_network,fallback
transit:621-2@1#855:34:35,transit,S_0023108,gtfs_shape_geometry_fallback,0.3991332838880135,0.2777008266097675,0.3991332838880135,44.0032883358089,shape_coverage,full_analysis_network,fallback
transit:621-2@1#855:37:38,transit,S_0049853,gtfs_shape_geometry_fallback,1.0,1.0,0.38003806425796915,1.5567610214989784,both,full_analysis_network,fallback
transit:621-2@1#855:37:38,transit,S_0049852,gtfs_shape_geometry_fallback,1.0,1.0,0.3832217649944415,15.005945915376898,both,full_analysis_network,fallback
transit:621-2@1#855:37:38,transit,S_0012513,gtfs_shape_geometry_fallback,1.0,1.0,0.08272162235705886,1.1900197917770754,segment_coverage,full_analysis_network,fallback
transit:621-2@1#855:37:38,transit,S_0031664,gtfs_shape_geometry_fallback,1.0,1.0,0.13040425885875248,28.314813405150353,segment_coverage,full_analysis_network,fallback
transit:621-2@1#855:37:38,transit,S_0031676,gtfs_shape_geometry_fallback,1.0,1.0,0.337543651077686,20.807908602906664,segment_coverage,full_analysis_network,fallback
transit:621-2@1#855:37:38,transit,S_0049843,gtfs_shape_geometry_fallback,1.0,1.0,0.345886137455635,3.8986906139772515,segment_coverage,full_analysis_network,fallback
transit:621-2@1#855:37:38,transit,S_0049842,gtfs_shape_geometry_fallback,1.0,1.0,0.23985879893276615,8.983391881459028,segment_coverage,full_analysis_network,fallback
transit:621-2@1#855:37:38,transit,S_0031674,gtfs_shape_geometry_fallback,0.7189764379562592,0.7189764379562592,0.3390126750720099,5.505260409963114,segment_coverage,full_analysis_network,fallback
transit:621-2@1#855:37:38,transit,S_0046939,gtfs_shape_geometry_fallback,0.4801845569731668,0.4801845569731668,0.32974100928216876,2.7420797365879253,segment_coverage,full_analysis_network,fallback
transit:621-2@1#855:40:41,transit,S_0055652,gtfs_shape_geometry_fallback,1.0,1.0,0.18214901503876044,27.27107832994001,segment_coverage,full_analysis_network,fallback
transit:621-2@1#855:40:41,transit,S_0055650,gtfs_shape_geometry_fallback,1.0,1.0,0.18196698391117316,59.93359603076472,segment_coverage,full_analysis_network,fallback
transit:621-2@1#855:40:41,transit,S_0055653,gtfs_shape_geometry_fallback,0.846296346422308,0.846296346422308,0.23497240856856308,59.844372576688784,segment_coverage,full_analysis_network,fallback
transit:621-2@1#855:40:41,transit,S_0055651,gtfs_shape_geometry_fallback,1.0,1.0,0.32551316138939385,6.840935277001535,segment_coverage,full_analysis_network,fallback
transit:621-2@1#855:40:41,transit,S_0055771,gtfs_shape_geometry_fallback,0.7051126410663109,0.7051126410663109,0.4330444819310508,54.916527431628964,both,full_analysis_network,fallback
transit:621-2@1#855:40:41,transit,S_0026192,gtfs_shape_geometry_fallback,1.0,1.0,0.2828180890327829,8.733788959759366,segment_coverage,full_analysis_network,fallback
transit:621-2@1#855:40:41,transit,S_0026190,gtfs_shape_geometry_fallback,0.41488147454945773,0.25842511479708086,0.41488147454945773,0.19625878237157224,shape_coverage,full_analysis_network,fallback
transit:621-2@1#855:40:41,transit,S_0026191,gtfs_shape_geometry_fallback,0.8055393104501238,0.8055393104501238,0.6946885109579637,0.8179213474196843,both,full_analysis_network,fallback
transit:621-2@1#855:43:44,transit,S_0024276,gtfs_shape_geometry_fallback,0.5335592072453528,0.5335592072453528,0.15278555730745266,51.9082262513396,segment_coverage,full_analysis_network,fallback
transit:621-2@1#855:43:44,transit,S_0051547,gtfs_shape_geometry_fallback,1.0,1.0,0.3601397752955057,53.32953104054756,both,full_analysis_network,fallback
transit:621-2@1#855:43:44,transit,S_0024275,gtfs_shape_geometry_fallback,1.0,1.0,0.6800647044809226,1.4634152979402018,both,full_analysis_network,fallback
transit:621-2@1#855:43:44,transit,S_0047459,gtfs_shape_geometry_fallback,1.0,1.0,0.31523529586295984,4.084053912852076,segment_coverage,full_analysis_network,fallback
transit:621-2@1#855:46:47,transit,S_0014158,gtfs_shape_geometry_fallback,1.0,1.0,0.24918882707226422,6.33532059906161,segment_coverage,full_analysis_network,fallback
transit:621-2@1#855:46:47,transit,S_0014157,gtfs_shape_geometry_fallback,1.0,1.0,0.22684592477210502,8.325636597989632,segment_coverage,full_analysis_network,fallback
transit:621-2@1#855:46:47,transit,S_0014155,gtfs_shape_geometry_fallback,1.0,1.0,0.09590281367814318,10.818453447699646,segment_coverage,full_analysis_network,fallback
transit:621-2@1#855:46:47,transit,S_0014154,gtfs_shape_geometry_fallback,0.8986418510178263,0.8986418510178263,0.04511288237717756,10.85454116249138,segment_coverage,full_analysis_network,fallback
transit:621-2@1#855:46:47,transit,S_0001483,gtfs_shape_geometry_fallback,0.3727234058059375,0.3727234058059375,0.16742524165462472,38.89830218893718,segment_coverage,full_analysis_network,fallback
transit:621-2@1#855:47:48,transit,S_0014157,gtfs_shape_geometry_fallback,0.4333433742610565,0.4333433742610565,0.025780501289068343,10.838034341998924,segment_coverage,full_analysis_network,fallback
transit:621-2@1#855:47:48,transit,S_0014155,gtfs_shape_geometry_fallback,1.0,1.0,0.2252600193296071,10.789097007937364,segment_coverage,full_analysis_network,fallback
transit:621-2@1#855:47:48,transit,S_0014154,gtfs_shape_geometry_fallback,1.0,1.0,0.2878266095974668,11.306519388792093,segment_coverage,full_analysis_network,fallback
transit:621-2@1#855:47:48,transit,S_0014152,gtfs_shape_geometry_fallback,1.0,1.0,0.2829473970247579,18.26103817622457,segment_coverage,full_analysis_network,fallback
transit:621-2@1#855:47:48,transit,S_0014151,gtfs_shape_geometry_fallback,0.899748193182533,0.899748193182533,0.2228551999764255,21.2627508239771,segment_coverage,full_analysis_network,fallback
transit:621-2@1#855:47:48,transit,S_0050084,gtfs_shape_geometry_fallback,0.3733614351865065,0.3733614351865065,0.2603281634905342,0.0,segment_coverage,full_analysis_network,fallback
transit:621-2@1#855:48:49,transit,S_0050095,gtfs_shape_geometry_fallback,1.0,1.0,0.21110460024892608,1.9349026084763352,segment_coverage,full_analysis_network,fallback
transit:621-2@1#855:51:52,transit,S_0023885,gtfs_shape_geometry_fallback,0.6698443421111184,0.6698443421111184,0.06601854115888808,38.02411213454536,segment_coverage,full_analysis_network,fallback
transit:621-2@1#855:52:53,transit,S_0000937,gtfs_shape_geometry_fallback,0.3700139771907679,0.3700139771907679,0.08446477624860162,36.01167719231904,segment_coverage,full_analysis_network,fallback
transit:621-2@1#855:52:53,transit,S_0042390,gtfs_shape_geometry_fallback,0.5090467931334597,0.5090467931334597,0.02222208235612695,33.17562616213739,segment_coverage,full_analysis_network,fallback
transit:621-2@1#855:58:59,transit,S_0023806,gtfs_shape_geometry_fallback,0.4303663974347675,0.4303663974347675,0.10017040151765147,13.530922117792215,segment_coverage,full_analysis_network,fallback
transit:621-2@1#855:58:59,transit,S_0023991,gtfs_shape_geometry_fallback,1.0,1.0,0.35350551258238166,0.8089083426965402,both,full_analysis_network,fallback
transit:621-2@1#855:58:59,transit,S_0023990,gtfs_shape_geometry_fallback,0.3788405146837178,0.3788405146837178,0.13081791889964084,15.362587246895998,segment_coverage,full_analysis_network,fallback
transit:621-2@1#855:58:59,transit,S_0054536,gtfs_shape_geometry_fallback,1.0,1.0,0.3895352775726558,2.841622775537303,both,full_analysis_network,fallback
